repeat,K,mean,worst,cvar_0.01,cvar_0.05,cvar_0.1
0,1,0.2792105216025807,0.34727988128103027,0.3466699160869916,0.32965657086936806,0.32004060854320115
0,2,0.25614806974569654,0.3211682333876082,0.32071785688696597,0.30353337581746986,0.29441294159841325
0,3,0.23307097232757282,0.29539820277446976,0.2942479846970748,0.2770383331941693,0.2685633358127303
0,4,0.21055706705030425,0.2699957171142639,0.2682884388882501,0.25140106452339783,0.24393117449304436
0,5,0.18981466551761308,0.2463424425028325,0.24423295914367651,0.2285403081532551,0.22144524008847272
0,6,0.17151518200580287,0.22517403482348586,0.22282076882406082,0.20873183285084665,0.20174898261883528
0,7,0.15582605107407016,0.20669972167125977,0.20423544394613824,0.19165376836578296,0.18487952916456898
0,8,0.14260151715666244,0.1907978304202183,0.18835434368796622,0.1772653248652766,0.17084278007613776
0,9,0.13153753430764012,0.17717628399914087,0.17501399274231522,0.16508768906784257,0.15908322625923216
0,10,0.12227805356106206,0.16548475007423075,0.1636216521911819,0.1549867984228326,0.14929806606188595
0,11,0.11447843635499087,0.1553808723003574,0.15427987645394786,0.1463377108561768,0.14096539085861295
0,12,0.10783646375820677,0.1465621763656439,0.14615278351677768,0.13884482024052808,0.13375187180090398
0,13,0.10210260733975254,0.1391724349676919,0.1389745156828096,0.1322656138830812,0.12741288441241277
0,14,0.09707895777698355,0.1332845558561315,0.13255308594901216,0.12652235701642087,0.1217580954427939
0,15,0.09261298723710562,0.12794037643001474,0.12673938121205236,0.12139149287376341,0.11665559399965073
0,16,0.0885896717426027,0.12303570530172722,0.12154067971275913,0.11670066323144986,0.11204871518841705
0,17,0.08492375044887776,0.118494336272602,0.11729459406159982,0.11240263501375158,0.1078530327235443
0,18,0.08155288422037253,0.11426149655830933,0.11333180753803322,0.10840873637000085,0.10396179392924251
0,19,0.07843194308105743,0.11029829292838347,0.10961317763773658,0.10467869462082698,0.10034685603891022
0,20,0.07552839985089278,0.10657720005092966,0.10611121930189403,0.10118529614582523,0.09698765621098773
0,21,0.07281870542360598,0.10307850160232954,0.10280668415419268,0.09790427041661524,0.09384098585494956
0,22,0.0702854939222088,0.09978755192785302,0.09968587897564592,0.09482138430855655,0.09088547172561184
0,23,0.0679154721004125,0.09678447584590516,0.09673860111089334,0.09192549380706068,0.08812217258599819
0,24,0.06569786557598833,0.09412923116675748,0.09395658786066814,0.08920700920788929,0.08554854514929848
1,1,0.28379113567818287,0.3523702623014374,0.34804469133782157,0.33364238146778324,0.32275794448769646
1,2,0.2603562992990051,0.32628959532747126,0.3202688252736809,0.3077043737977216,0.2969206018807217
1,3,0.2368845931625277,0.2994966216523123,0.2959063137797469,0.28138162946464007,0.2714445804538367
1,4,0.2140119704163825,0.273289278617624,0.2718915646497281,0.25583901065493925,0.24702227264691853
1,5,0.192965900897674,0.24996887787387898,0.24955078565054262,0.2324596990035805,0.22486925928574011
1,6,0.17441941488801457,0.23142783431224148,0.2296057153044225,0.2122129830387387,0.20533386608734752
1,7,0.15853216187343017,0.21510764561677223,0.21226228803719557,0.19511059955354454,0.18857415818373519
1,8,0.1451463845490663,0.2009460849819444,0.1973978544206709,0.18065006208330386,0.17436043582738298
1,9,0.13394591664313168,0.18871516141905323,0.18471885300820348,0.16846295774896664,0.16243220319968335
1,10,0.12456462584386699,0.17812151444852667,0.1738735003355769,0.15819335199189596,0.15241026954687548
1,11,0.1166505000355938,0.16887035376137635,0.16451975093281124,0.14940097070170427,0.14387257607802428
1,12,0.10989654833862658,0.16069899092330212,0.15635845438060586,0.14178446440265055,0.13654033681310193
1,13,0.10405064038378925,0.15338968007962248,0.1491441361049457,0.13517190059652542,0.13013778180196822
1,14,0.09891392330588879,0.14677046810647118,0.14268355677291597,0.12940856825283215,0.12444156373940604
1,15,0.09433410310875791,0.14071017673100086,0.13682877514884026,0.12420746852534008,0.11933496357536318
1,16,0.09019715568570856,0.1351112319820356,0.1314685806647614,0.11950164343171535,0.11467180034962861
1,17,0.08641925079769988,0.12990233832588619,0.12652024912063095,0.11524178371480043,0.11040053723485868
1,18,0.08293964559783795,0.1250319296339689,0.12192244719544659,0.11128330834552669,0.10648269333322072
1,19,0.07971476854172371,0.12046272993432758,0.11762950744441758,0.10758565132652194,0.10284645214753059
1,20,0.07671346288727206,0.11616744943983717,0.11360700369202101,0.10412019119000074,0.09945576411711551
1,21,0.0739132587289839,0.11212550247696748,0.10982843809541962,0.10086644808448095,0.0962724627686534
1,22,0.07129751670481271,0.10832058617051513,0.10627282250423309,0.09780921888651509,0.09327678609963383
1,23,0.06885329340703848,0.10473895617260279,0.10292295087336198,0.09493647556515979,0.09048771783198573
1,24,0.06656979675244144,0.10136825237588196,0.09976419055889282,0.09223787857019798,0.08790591391040675
2,1,0.28417412876738224,0.35876299330171973,0.35086277015932965,0.3301008258809782,0.3226511913991451
2,2,0.2607989598759361,0.33323476384794587,0.3238780609571151,0.3042071327943072,0.29654169644820355
2,3,0.23742085127861615,0.30704874554171135,0.29610585949079793,0.2779322235638724,0.2703581938590246
2,4,0.21461554337303657,0.2815332380707399,0.27016455492787356,0.2526153638908124,0.24555270047203762
2,5,0.19360325826341196,0.2580614813847003,0.24723599338502908,0.22977859016786933,0.22311184708340775
2,6,0.17506386258893566,0.23730179827575532,0.22694321507276982,0.20973427175785603,0.20339153886923272
2,7,0.15916612140749412,0.21937815286847184,0.20941745135811723,0.19270886695489678,0.18659737957228456
2,8,0.1457609209134636,0.2040924537208707,0.19447159659728652,0.17848914393296034,0.1724665549501503
2,9,0.13453909505819742,0.1910963982946302,0.1817681331275461,0.16645788685113608,0.1606830989006151
2,10,0.12513944512401448,0.18000474492641882,0.17093085940806227,0.15642527094263675,0.15076776056555313
2,11,0.11721296472783896,0.17045783959790156,0.16160729005029842,0.1479010678156401,0.14232135512067792
2,12,0.11045410885256142,0.16214853700906895,0.15349596456746423,0.14048059572541685,0.13503157603935417
2,13,0.10461101879206124,0.154828166552412,0.14635283520977696,0.13392648242399696,0.12864771359011246
2,14,0.09948426891543136,0.14830207244222116,0.13998710277120296,0.12805421202884149,0.12300858194547999
2,15,0.09492041467155143,0.1424210765025375,0.1342528457795915,0.12280905751262834,0.11796263770998727
2,16,0.09080391924992384,0.13707221600232666,0.12903984369963256,0.1180209687362812,0.11337225197115168
2,17,0.08704925477687799,0.132170298027179,0.1242651836936238,0.11358882715344627,0.10917054885397057
2,18,0.08359394281531912,0.12765083267994842,0.12014444316686894,0.10946081248232942,0.1052662750277515
2,19,0.08039275908722965,0.12346442485050008,0.11639005907384527,0.10560061479998484,0.10161847075475203
2,20,0.07741307307745156,0.11957249093226285,0.11287342433666746,0.1019872993599843,0.09819817995602738
2,21,0.07463119165124685,0.11594408987889021,0.10956749866915354,0.09861598014448966,0.09498461664132489
2,22,0.072029549745429,0.11255364640036342,0.10645166090120793,0.09546984762988024,0.09196227701930773
2,23,0.0695945985011221,0.10937936195287606,0.10350973173781959,0.09256289760043594,0.08911883567618281
2,24,0.06731526026668752,0.10640213870703807,0.10072851961201527,0.0898406247061114,0.08644666841661156
3,1,0.28398747725183593,0.3423140015182409,0.3404220831528499,0.328892620388382,0.32113174879688006
3,2,0.2606425299115557,0.3129121972422997,0.3128131202040327,0.30160802272476517,0.2950422838117658
3,3,0.23721125033488483,0.2871291186679652,0.2850705856008125,0.27430374922300915,0.2691082165090699
3,4,0.21435510397076787,0.26232207190165446,0.25822966311157525,0.2486232110079098,0.24421637097750898
3,5,0.19330545832918264,0.23958928193725373,0.23372882871589742,0.22560943234088535,0.22147231455629823
3,6,0.17473818039317265,0.21960042965370982,0.21348361240405322,0.20549527815166405,0.2016631552297597
3,7,0.15881837762143294,0.20246197667965607,0.19682561651510205,0.1882529160195362,0.18480046625299665
3,8,0.14539460695340214,0.18795198071538402,0.18255990659563634,0.1737683841262245,0.17061515036872038
3,9,0.1341562789799552,0.1756967915260013,0.17041714072215547,0.16176045788186386,0.15868050834008707
3,10,0.12474151424370764,0.16528548373697852,0.16006519859963558,0.1517755412543399,0.1486395387941552
3,11,0.11680115136419747,0.1563342915484975,0.15117411570114278,0.14341227272666537,0.1401514090067349
3,12,0.11002977471526115,0.14851549527907768,0.14344977105880002,0.13617548315262037,0.13283980831697476
3,13,0.10417576050442826,0.14156478215723375,0.1368149664539112,0.1298191150404373,0.12645181211088646
3,14,0.09903992013369707,0.1352775400640053,0.13088646082671757,0.12415351020669281,0.12080223692704022
3,15,0.09446899859131828,0.12950054967212596,0.12548257891314019,0.1191384460468587,0.11576651098200745
3,16,0.09034758232439084,0.1241225522165195,0.12049415860859328,0.11456980314878998,0.11120640448439834
3,17,0.08659019728046094,0.1190653262468622,0.11584207429272678,0.11035990313877544,0.10708048770744774
3,18,0.08313435375205373,0.11427590190789008,0.11147043879237112,0.10646654445360462,0.10327567003909081
3,19,0.07993475914416578,0.10972004901311769,0.10734079147116313,0.1028272285580388,0.09977470136770097
3,20,0.07695866758000436,0.10537696327663029,0.1034273096436703,0.09941292734822345,0.0965057807049569
3,21,0.07418223442443088,0.10123500391460896,0.09971296616944694,0.09620314145435332,0.09346654077916736
3,22,0.07158771782145106,0.09728832886814134,0.09618651766997696,0.09323850077598547,0.09061131313175749
3,23,0.06916137663707182,0.09353429159234952,0.09293452635949076,0.09051030414037901,0.0879271446741762
3,24,0.06689193340162287,0.08997148637479155,0.08993960119762362,0.08794330938472875,0.08541685129883034
4,1,0.27933543656699966,0.3392979162623677,0.329683359086298,0.3191798501510698,0.3138395620359985
4,2,0.25652634312022565,0.30912879973537055,0.3019123751808235,0.2932873888241011,0.28879428818108815
4,3,0.23369344487085933,0.2786106007843224,0.27537660931914404,0.26777655211446555,0.26365726142583046
4,4,0.21138075895555136,0.25002597433998747,0.2499953787609796,0.24341094292055027,0.23956573322095362
4,5,0.19078390746965573,0.22922309926456438,0.227039453851283,0.22118752755299925,0.2176931170179468
4,6,0.1725754218880172,0.21063437235537044,0.2070993836549479,0.20165869590411223,0.1985798284641081
4,7,0.1569311507848396,0.19444121120879512,0.19054053053581826,0.18494679743828651,0.18226742244369726
4,8,0.14371601176119872,0.18057806373090338,0.17668972312254233,0.1710147019256835,0.16843703586555198
4,9,0.1326359618153502,0.16881072869660843,0.16488688224797693,0.15929916060366991,0.15678543238135134
4,10,0.12334309593942365,0.15883700204845444,0.15481688035551516,0.14946564938203105,0.14697750252473238
4,11,0.11549891559043778,0.1503505695965884,0.1461674459714311,0.14124464828587252,0.1386239168035761
4,12,0.10880565845210466,0.1430747445621929,0.13914524399212458,0.1341367300303925,0.1314383654474887
4,13,0.10301699993400021,0.136775654277039,0.13313190232086686,0.12792084553334787,0.12515718310858942
4,14,0.0979373587814993,0.13126355829784211,0.12784098935877564,0.12242760833714258,0.11959713877741411
4,15,0.09341593554956798,0.1263884158165077,0.12312393940330575,0.1174670938645245,0.11463531653190465
4,16,0.08933901644157084,0.12203338462049287,0.1188677124155861,0.11293490433790314,0.110131050204231
4,17,0.08562234300355538,0.11810819277042536,0.11498776838012074,0.10877853799724854,0.1060104541204413
4,18,0.08220433428948609,0.11454325295262183,0.11142164013037324,0.10498277327153369,0.1021992460048912
4,19,0.07904041018255115,0.11128479810457023,0.10812348685167032,0.1014469564051081,0.09866411092714682
4,20,0.07609840638635172,0.10829102450900704,0.10505968529521752,0.09821977437040764,0.09538609138163712
4,21,0.07335496491520882,0.10552910682946978,0.10220536811762225,0.09520796146032014,0.09237623757541899
4,22,0.07079275331351484,0.10297291796324401,0.09954176682560227,0.09238570693390272,0.08955679385239343
4,23,0.06839836978898817,0.10060129767199252,0.09705421226193954,0.08973703323509581,0.08695853093235352
4,24,0.06616080827397401,0.09839674121065536,0.09473066138462176,0.08725014250603377,0.08454136201034648
5,1,0.2802215809140739,0.331903057591881,0.3309076485364375,0.3258195845411691,0.3207821250849574
5,2,0.2572111865110101,0.3072160261151653,0.3071065905861151,0.29916726399294885,0.29429083874734896
5,3,0.2341481438595863,0.2845823835895196,0.28304753526964854,0.27278954824383056,0.26784618145070094
5,4,0.21164889780818122,0.26242436703835725,0.2594041099477098,0.2475171851362159,0.24285145311816633
5,5,0.19092145506841302,0.2416967206239807,0.23745228649592776,0.22482440547345459,0.22024871047703978
5,6,0.1726333870952281,0.2230967577397047,0.21788531497307895,0.20525108274583767,0.2004641069937266
5,7,0.1569505987144643,0.20684384004123865,0.2008944471577406,0.18841900244935988,0.18369821567442327
5,8,0.14372682246011473,0.19284908531848935,0.18635445821067131,0.1742918854309154,0.16949101450078238
5,9,0.1326579882631894,0.1808585979007181,0.17397663586461715,0.16252075853032397,0.15758697249878215
5,10,0.12338837947224389,0.17055673000694246,0.16341609421736528,0.1525503871718523,0.14756706982494272
5,11,0.1155739367742898,0.16163082566069245,0.15433629894723772,0.14401439417743528,0.13905446272870867
5,12,0.10891318214973256,0.15380462852424118,0.14644091347086413,0.13666698903822377,0.13177488373762475
5,13,0.10315742509461093,0.14685054001609052,0.1394847090072929,0.1302721825958293,0.1254089552289412
5,14,0.09810963127016134,0.14058975477311267,0.13345732914776393,0.1245980894294011,0.11979222142630183
5,15,0.09361812580634403,0.13488656771526938,0.12843304950567888,0.11950289199072044,0.11480180900836998
5,16,0.08956866255917068,0.1296406258635366,0.12382740660525648,0.11485014375930169,0.11035693583417801
5,17,0.08587664259366416,0.12477912226238966,0.119562637420104,0.11055969196999915,0.1063120064701053
5,18,0.0824802478270923,0.12024984638709704,0.11558398855145674,0.10657398010491381,0.1025839366604326
5,19,0.07933471935907523,0.1160154089150339,0.11185370994317267,0.10286265486589255,0.09913019674546894
5,20,0.07640775512565867,0.11204866010970513,0.1083461815346656,0.09946910785720108,0.09590128094938545
5,21,0.07367589853928375,0.10832918931661897,0.10504405584030099,0.09631204496622248,0.09286860763811342
5,22,0.07112176269715514,0.10484074767062404,0.10193527084431792,0.09346701058796217,0.09001707481908354
5,23,0.06873194171236081,0.1015694311639467,0.09901079475936972,0.09081109760906725,0.08734341496835549
5,24,0.06649547994065273,0.09850247254512004,0.09626298299121394,0.08830770826601553,0.08484253972261398
6,1,0.28535802513958414,0.3556577419090865,0.34720097409920114,0.3293606973875503,0.3219250783808196
6,2,0.26184120908176284,0.32580290534226053,0.3193743186959361,0.30298349710902894,0.29570922531931665
6,3,0.2382561264134003,0.29507136319335014,0.29101074032769897,0.27670509039636965,0.26938181394273
6,4,0.21526595806697016,0.26549675187395416,0.2635392949941807,0.2511291803460006,0.24443609755353468
6,5,0.19410540458316278,0.23904793932041035,0.23887134659958742,0.22780581233695624,0.2218308087628036
6,6,0.17545010399806948,0.21952707741514116,0.2186616692436279,0.20727484602424973,0.20221353302498318
6,7,0.15946193861695643,0.20259191899978118,0.2014751696875182,0.18994556163624843,0.1853784789648207
6,8,0.1459854286146814,0.1880513449564431,0.1869154212371507,0.17548920659779252,0.1711593296400314
6,9,0.13470649388889164,0.1755754732049577,0.17463647924429618,0.1634040030091481,0.1591742381070802
6,10,0.12526061487923762,0.16480353284017324,0.164246692701833,0.15337911371054513,0.14914494720363947
6,11,0.11729667837340503,0.15540354253962263,0.15537594524781748,0.14486858672976632,0.1406696849157946
6,12,0.11050775412882821,0.14831513118740514,0.14770635727139464,0.13751320256602076,0.13336955391101032
6,13,0.10464094251583589,0.14229442789307445,0.14098048655216636,0.1310629650235372,0.12697690176398507
6,14,0.09949590185407495,0.13705102631972588,0.13499780651585513,0.12532214281028375,0.1213347393689828
6,15,0.09491830024640296,0.13240293515221307,0.1296620617342586,0.12014177081000532,0.11625701503963246
6,16,0.09079172232935111,0.12821229577846122,0.12517228923644483,0.11542479508825063,0.11163837486159003
6,17,0.08702978962998294,0.1243765535760381,0.12103610069131768,0.11113192142989878,0.10740719093926854
6,18,0.08356923490122684,0.12082070768915382,0.1171875089136743,0.107140879294467,0.10348254871869007
6,19,0.08036414092697161,0.11749085331674264,0.11357884431974322,0.10343747239476767,0.0998652165393032
6,20,0.0773813066091727,0.11434895512940452,0.11017607384718653,0.09999300886734548,0.09649330669997949
6,21,0.0745966057166563,0.11136868774883957,0.10695513038082918,0.09676814882015886,0.09332989530740697
6,22,0.07199218018055158,0.10853215998398241,0.1038990643067147,0.0937388807330937,0.09036773439385543
6,23,0.06955431888236822,0.1058273562175917,0.10099584644010307,0.09089244533807508,0.08760164515897574
6,24,0.06727189325074236,0.10324615691614292,0.09823668307658079,0.088223913801152,0.08500072876053938
7,1,0.2811994162543383,0.3422932439712091,0.340912037694361,0.3254160862220332,0.31801187764598177
7,2,0.2579814810638938,0.3155548799483686,0.31371402368291224,0.2993056445967729,0.2927632052325152
7,3,0.23474826875144708,0.28841011875537226,0.2861179944823253,0.27371386081880633,0.2676395138682065
7,4,0.21208957207961596,0.2619680263483314,0.2593366084971053,0.2487922827383108,0.24334360608667654
7,5,0.19122016886208562,0.23790455165737862,0.237774673615557,0.22660050522472125,0.22097192636563906
7,6,0.17281212828281273,0.22253132806521198,0.2193392692800229,0.2071789366525417,0.20118770674011216
7,7,0.15703065302610372,0.2088586181216171,0.20323297087542463,0.19040502811105414,0.18445414623976536
7,8,0.14372687219315164,0.1968299810124004,0.18932520213173532,0.17622316835831225,0.17023626846972287
7,9,0.13259388191934918,0.18625911290092423,0.1773423881471815,0.16419209549831654,0.15819815664004355
7,10,0.12327343353469779,0.17691027691913347,0.16696697434472596,0.1539520388244134,0.14801917001790474
7,11,0.11541933314141588,0.16855069490957153,0.1585496375419914,0.14516067112772055,0.13931097015778268
7,12,0.10872829683838127,0.16097857780860497,0.15160638280592284,0.13752239770590563,0.13181391035270557
7,13,0.10295005794059105,0.1540337458872546,0.14537036546258503,0.13079684666762575,0.12530136396335032
7,14,0.09788616597410034,0.14759755564101473,0.1396822711994707,0.12479631275180614,0.11953571580076938
7,15,0.09338365974531097,0.14158722708006433,0.13442653230998272,0.11937838328770471,0.11438533757210481
7,16,0.08932713430196665,0.13594794566219914,0.12952263502495354,0.11443723393571492,0.10973773189606909
7,17,0.08563097017103177,0.13064476896902127,0.12491649664959872,0.10989532266285822,0.10546902244225742
7,18,0.08223247975673105,0.12565544729060968,0.12057282823484822,0.10569620510640251,0.10152193870289106
7,19,0.07908619429503805,0.12096467485841106,0.11646884352417347,0.10193867691039352,0.09786983195990454
7,20,0.0761592635222571,0.11655991743066951,0.11258937424925547,0.09843640697902731,0.09448675048944609
7,21,0.07342783927523326,0.1124287329063719,0.10892329589634217,0.09519095446137703,0.09133173107234469
7,22,0.07087428805484777,0.108557365694537,0.10546109217691632,0.09223176296303791,0.08841761905825332
7,23,0.06848508492077823,0.1049303254409607,0.1021933552770887,0.0894800135427408,0.0857176075697396
7,24,0.06624926056350686,0.10153064082136726,0.09911001399625091,0.08689876582538152,0.08320565690590322
8,1,0.2829047028894959,0.33390061292836887,0.333708609267426,0.328162560320317,0.32119821771086027
8,2,0.2596785148936931,0.3083855874818175,0.3074177255681063,0.3015981005893309,0.29557312927098367
8,3,0.23640612962560512,0.2827154352939885,0.2811971807669623,0.27509302277784,0.2700784604406482
8,4,0.21370364158506924,0.25779463364165917,0.25572392627713947,0.2500480305250823,0.24562964299135745
8,5,0.1927893902610923,0.23497886873532975,0.23279366528066497,0.22748583633589226,0.22330098085759714
8,6,0.17433652538485903,0.21492649097374755,0.21361668956832047,0.20783153284691597,0.20391808097271485
8,7,0.1585115517878427,0.19775522656297884,0.19710449784451634,0.1911809092565607,0.18725312436799657
8,8,0.14516674950287242,0.1832603688788792,0.18308874810350811,0.17725854109080347,0.17309929828095774
8,9,0.13399609590307066,0.17141267121978462,0.17124827197709613,0.16561649530493833,0.1611568392043898
8,10,0.12464198291430607,0.16160506819973405,0.1612160953045617,0.1557861174498379,0.15118299931090215
8,11,0.1167586270906391,0.15316860258345974,0.15264155544537406,0.14741594579567457,0.14272839633036355
8,12,0.11004291638983699,0.1458170053108435,0.1452194989046019,0.1402001213577317,0.13544184355345698
8,13,0.1042445170606099,0.13931363854257575,0.13869915202213695,0.13388794940023385,0.1290788161666378
8,14,0.09916469318901798,0.1334709174375945,0.13317813231793432,0.12828203176360253,0.12349689696429382
8,15,0.09465002064700688,0.12885696216718015,0.12850085770975583,0.12329569876690309,0.11850670240581085
8,16,0.09058450843137933,0.12521051075138698,0.12421891359695009,0.11879511160404174,0.11398133442626512
8,17,0.08688188754265205,0.12185477001044229,0.12024728358641165,0.11465098281035528,0.109850904911026
8,18,0.08347881502199458,0.11872569470541525,0.1165257993331994,0.11080139996167189,0.10604089270911103
8,19,0.08032921106364543,0.11577932206391431,0.11318572579159553,0.10720142849198344,0.10249232461482634
8,20,0.07739969773586795,0.11298618357958232,0.1101561898475732,0.1038186324893448,0.09918824197517875
8,21,0.0746660085701973,0.11032699520502151,0.1072816592027504,0.10062956740591,0.09611961078495598
8,22,0.07211021353304518,0.10778939588394718,0.10454975685265228,0.09761708092249323,0.0932299580174229
8,23,0.06971861246360103,0.10536552780994937,0.1019515797703944,0.09480069124714399,0.09050588825029489
8,24,0.06748017057888696,0.10305028166712935,0.099480188532688,0.09218778291234649,0.08796606512148562
9,1,0.28212730164209304,0.34133827216958057,0.3390979397996523,0.32999221428908576,0.32383856695290886
9,2,0.25890429332614145,0.3156925306885421,0.31228992605797,0.30329333732899116,0.2973690814811558
9,3,0.23561481839032494,0.28957997156808446,0.2862990981860035,0.27693597013429183,0.2711624191176692
9,4,0.21290452105599175,0.2638291743607326,0.26118278261490463,0.2521768875748053,0.2463200832889579
9,5,0.19199289045355747,0.23984829404156036,0.23836860879029975,0.22982803597820994,0.22383080732285676
9,6,0.17354825119259812,0.21852134702518378,0.21847886414289486,0.21017517054468202,0.2040493697709494
9,7,0.15773214448340517,0.2027542891488569,0.2012953631507648,0.19335990847728848,0.18707471598386452
9,8,0.1443924681003633,0.18937560687728305,0.18736903618511702,0.17915272399476398,0.17278758748908557
9,9,0.1332198808645193,0.17802667206603606,0.17601217923171014,0.16707555108386213,0.1608222733264953
9,10,0.12385478287515216,0.16831489174494707,0.16633802418708543,0.15677812814688724,0.15074388887139709
9,11,0.11595069265675438,0.15987847403862493,0.15798517047280675,0.14797121585614054,0.14219280489268632
9,12,0.10920490026721667,0.15241556001937734,0.15065052138282098,0.14030408621627957,0.13480871150696935
9,13,0.10336832094761278,0.14569113263193417,0.14409521982953288,0.1335381894753343,0.12833208994498915
9,14,0.09824405154920676,0.13953214932847696,0.13813970301838108,0.12748652364810273,0.12256583238653596
9,15,0.09368083592675908,0.13381758908317493,0.13265425428328265,0.1220160325415156,0.11740991655602537
9,16,0.08956496519695165,0.1284671674293043,0.12754853840358127,0.11705340008346947,0.11275803163320541
9,17,0.08581237998417546,0.12343060354290741,0.12276180843012309,0.11247463076593249,0.108516864635484
9,18,0.08236172588833551,0.11867827386008467,0.11825447798864548,0.10822257878940422,0.1046149398713622
9,19,0.0791685816529989,0.11419354767686568,0.11400125145864286,0.10430898857905238,0.10097669748700369
9,20,0.07620082864757449,0.11000470445549146,0.1099857713858932,0.10073042668085992,0.0975900479458919
9,21,0.07343502961678881,0.1064020095079852,0.10619664226136023,0.09744495498315396,0.09441666296396364
9,22,0.07085365834632582,0.10298946885188334,0.10262464912948914,0.0943701448162271,0.09149506785114012
9,23,0.06844302870607014,0.09975826406389973,0.09926097362953835,0.09157018078666682,0.08874963625360947
9,24,0.0661917902765566,0.0967008203556188,0.09609620575208865,0.08896804978021935,0.08619389786600021
10,1,0.28127593228438585,0.36507569026207487,0.3490455610349942,0.32849932141838545,0.3210258245679272
10,2,0.2580318515680836,0.33661464295112464,0.32019044433034477,0.301906410279418,0.2945536185591341
10,3,0.23474895425850853,0.307286152188064,0.2931337070268614,0.2748084930839806,0.26802554228154857
10,4,0.2120510326849208,0.27873477081123144,0.26691178447530156,0.24902127007501823,0.24296946850796752
10,5,0.1911508091758078,0.2525173662161725,0.2429469272124859,0.22605574032653603,0.22021269943712593
10,6,0.1727153503069921,0.22937463099528163,0.22189481054006857,0.20588062561222734,0.2004364346973196
10,7,0.15690656525122543,0.20942621434990852,0.2038337253710687,0.18852925316061292,0.18351273986131225
10,8,0.14357377803017513,0.19242833204779022,0.18850639991445076,0.1740089627427211,0.1693278342088195
10,9,0.13240953290689575,0.17797331945232067,0.17550723839178237,0.16177734264279156,0.15742528382997473
10,10,0.12305592206269306,0.16561919350680557,0.16440426890512203,0.15143193240750685,0.14738336151077197
10,11,0.1151675848559676,0.15495922410522003,0.1548047098624611,0.1426399265820571,0.13880931720607673
10,12,0.10844225128379398,0.14711269876129898,0.1463815592389288,0.13505498561688306,0.13149083606836187
10,13,0.10263065496329754,0.14033677555897842,0.13887763463244218,0.1283933396393943,0.12506345081595474
10,14,0.09753523009875117,0.13414579602342439,0.1320986594461268,0.12255500890763697,0.11936714430815136
10,15,0.09300374029791664,0.12841513643614713,0.12590229065532868,0.11732431482796794,0.11426107988274067
10,16,0.08892133312795729,0.12306030886567074,0.12018668314619457,0.11257086523501056,0.10960463756641084
10,17,0.08520277308617104,0.1180262893052906,0.1148802163719164,0.1083067838563417,0.1053986501718109
10,18,0.08178559944381851,0.11327863172334526,0.1099329540334267,0.10441313287330056,0.10152863946165729
10,19,0.07862442830878016,0.10879643573890149,0.10594219685727947,0.10080246450814263,0.09798220549505808
10,20,0.07568636938774746,0.10456700383909731,0.10225550557721681,0.09744389457073928,0.09470544983376496
10,21,0.07294742810646537,0.10058194165154902,0.09879578431597856,0.09431408687364802,0.09168051378421098
10,22,0.0703897379226931,0.09683444495980528,0.0955539712992466,0.09139461755485545,0.08887015141875114
10,23,0.06799947493963261,0.09331753859706302,0.09252150344252295,0.08867011087022622,0.08625538889716103
10,24,0.06576532614144041,0.09002306331241597,0.08968914245062105,0.08614754770321045,0.08381111906262548
11,1,0.28162975056136874,0.3396630556792116,0.33742799852775085,0.3261215146182995,0.31817837833847606
11,2,0.2584600955589875,0.31157676575112514,0.31000164336733377,0.29957906797521466,0.292970403064727
11,3,0.23523625807702295,0.2827503085709972,0.2818414392125416,0.27302420784342807,0.26762317650201506
11,4,0.21257882642309028,0.254835616843926,0.25454437328882495,0.24791983477826088,0.24303603250817435
11,5,0.19170733981397758,0.22984057445890738,0.22961556445033507,0.22500596567739847,0.220673123938887
11,6,0.17329604030655105,0.20838250495858546,0.20797061683245077,0.20516570932721026,0.2010604413200336
11,7,0.15751247269710347,0.19077395455826027,0.1905464782938469,0.18826186074854473,0.18423028368390024
11,8,0.14420903208975902,0.1768085529474518,0.1766903738554349,0.17387103135333123,0.16994956549198034
11,9,0.133078868752117,0.16526054339099183,0.1648045257584564,0.1616678491085398,0.15800697718962445
11,10,0.12376303859065642,0.15536342392461988,0.1545950007104684,0.15130325634229752,0.14800366213186616
11,11,0.1159143623978845,0.1468156117152517,0.14595032011007933,0.14250737742798755,0.13948893324553602
11,12,0.10922858397154814,0.13935266329091256,0.13854339228330098,0.1349465581133229,0.13212988067429632
11,13,0.10345463210813442,0.13275580057075553,0.13202394867726688,0.12833245976638552,0.12570076761901858
11,14,0.09839347296021032,0.1268505123056366,0.12619832157306396,0.12247707983686547,0.11998347580350448
11,15,0.09389177930605513,0.12150084345693651,0.12091919945961546,0.11730535947917135,0.11483136467072405
11,16,0.08983396705882558,0.11660250211043216,0.11607657433934904,0.11258886171259856,0.11013566196753496
11,17,0.08613438499090574,0.11207629709759376,0.1115894815881493,0.10824602360366824,0.1058647885064721
11,18,0.08273042148717297,0.10786249455675656,0.10739902747688543,0.10421951304318673,0.10192630830287541
11,19,0.07957675584464104,0.10391620948859687,0.1034627484884327,0.1004678899833796,0.09831141503948523
11,20,0.07664072807171296,0.10020374107900559,0.09975016042053889,0.09696159229363595,0.09498704183688453
11,21,0.0738986991392749,0.09669969460643069,0.09623930249974177,0.09380432662214452,0.09190171780603215
11,22,0.0713332468525389,0.09338473397578667,0.09293430869338729,0.09085229578751766,0.08903057819793295
11,23,0.06893104932387291,0.09024383582877377,0.08986148203708114,0.08808406687028636,0.086341919867902
11,24,0.06668132697040459,0.0872649473592863,0.08707935778371698,0.08549407353198354,0.08381852669148382
12,1,0.28253421047443283,0.34390822639639984,0.34364800798575346,0.3269587840744226,0.3199721719563261
12,2,0.2592562539351084,0.32006136377139577,0.31856658178987596,0.30179155522974643,0.29476422717613193
12,3,0.23590160959904571,0.29642019665560115,0.2929340980898518,0.27647065405430704,0.26973163136174855
12,4,0.21312755537981387,0.27308250053379346,0.2678506937123536,0.25210556168786163,0.24563056193982905
12,5,0.19216358471790357,0.25131619913566716,0.2446932321706204,0.2302638450717013,0.22360076824509698
12,6,0.17368322622929086,0.23185553033832562,0.22418363528927604,0.21091648422580125,0.2043150191337011
12,7,0.1578500162854724,0.21492570704432112,0.20649333417228183,0.1941925963840037,0.18768203257499522
12,8,0.14451153279421527,0.20042444647789387,0.1914541173075882,0.17983724237486667,0.1735474414634765
12,9,0.13335662483049038,0.1880753970422639,0.17875190874613694,0.16762570654505632,0.16170728090690828
12,10,0.12402317261641285,0.17753868516764848,0.16814867550436363,0.15734118131966474,0.1517297598390164
12,11,0.11616197534625858,0.16847950749162216,0.1590319584130348,0.14860364029858408,0.14323280447898956
12,12,0.10946766386147332,0.16060295608100594,0.15112425125689855,0.14111569671560775,0.13596868274964594
12,13,0.10368866584468639,0.15366632086951748,0.14431675708698177,0.1345559688486366,0.12961744456276525
12,14,0.09862580582402086,0.14747862386109994,0.13834707018438036,0.12873095775225768,0.12406004170686899
12,15,0.0941257895784141,0.14189411132390706,0.13333528102250738,0.12349104108430745,0.11906547687286842
12,16,0.09007311748337063,0.13680371250724388,0.12878591013352175,0.1187230764268377,0.11452619552862753
12,17,0.08638219930178248,0.13212658312608866,0.12461376175830971,0.11437491124267307,0.11040069072345646
12,18,0.0829904209111026,0.12780270483685024,0.12075642998867675,0.1104160688462265,0.10660650607969853
12,19,0.07985237945807108,0.12378687608100614,0.11716844922929054,0.10676077311971088,0.10306872664207933
12,20,0.07693525236259587,0.12004410190988896,0.11381659490614288,0.10339150936092165,0.09975731230648058
12,21,0.0742151657861068,0.11654623486253146,0.110676236917268,0.10023524976823439,0.09665077429109012
12,22,0.07167440323989976,0.11326965595460353,0.10772859223239711,0.0972730910733802,0.09375072281256262
12,23,0.06929930334616649,0.11019377099777433,0.10495871303956358,0.09460103382433249,0.09103804642838298
12,24,0.06707871593443432,0.10730011000797979,0.10235405847936088,0.09212801186607059,0.08849008278166681
13,1,0.28449581736535573,0.3541484209563036,0.3464364613933873,0.3294203583428111,0.3230493652097422
13,2,0.26106214938146854,0.32362266215189583,0.3181370744470391,0.30277669623903314,0.2972890853206886
13,3,0.23757289215878188,0.29273851119972016,0.2894773889085812,0.2769890521414663,0.27165950012632184
13,4,0.2146844397381834,0.26337047106835815,0.2620829710082906,0.2525329871990857,0.24674860079363628
13,5,0.19362325003715328,0.237778876131384,0.23747312816689,0.23012027309766375,0.22422107405141206
13,6,0.1750599827883471,0.21779545271738787,0.21630130168424147,0.21030728405460533,0.20455514876234998
13,7,0.159154417462156,0.20089890536130667,0.2002097639646661,0.19324889116711885,0.18777834458441484
13,8,0.14575089596022822,0.1868160460774937,0.1866372263935271,0.17877584795746085,0.1736905897951478
13,9,0.13453637803708784,0.17516638828056827,0.17514885795059137,0.16655993569142774,0.16188828270631503
13,10,0.1251479792812487,0.16540407460284462,0.16539787186520238,0.15639995013819877,0.1519607265601834
13,11,0.11723636460669903,0.15723083963160334,0.15705461577844,0.14777493643144218,0.14352248385287253
13,12,0.11049625718336742,0.15027070007430376,0.14983409497544997,0.14039760252853892,0.1362681392033762
13,13,0.10467615261495825,0.14424945317252025,0.14350380940120772,0.13394939956571755,0.12994495588990565
13,14,0.09957679607997673,0.1389537057569365,0.13788119468404192,0.12825261026233306,0.1243428297404372
13,15,0.0950446315806963,0.13422126037290083,0.13282658804198527,0.12312433929239686,0.11930965455873391
13,16,0.09096373218482245,0.12993105310315034,0.12823501967836853,0.11853623667125823,0.11473859297991293
13,17,0.08724795817297863,0.12599406305849586,0.12402844817298585,0.11447058016015625,0.11059219748428502
13,18,0.08383407712370669,0.12234565765273403,0.12014909758693186,0.11076527307057848,0.10675946504571074
13,19,0.08067605247864425,0.11893939113253432,0.11655405361601905,0.10731146303066393,0.10318501765336001
13,20,0.07774046019160048,0.11574209533848284,0.11321104134258879,0.10407702500890544,0.09983883944269505
13,21,0.07500289573230308,0.11273005339032383,0.11009521562907994,0.10103923874421614,0.09673578419129243
13,22,0.07244521029458363,0.10988605579174465,0.10722392482683937,0.09819218969465156,0.09385282123505709
13,23,0.0700534244806956,0.10719716777441829,0.10462902644040223,0.09554363841991512,0.09117353912583535
13,24,0.06781618883990108,0.10465306940237801,0.10219204110587007,0.09305286484706099,0.08868797348228052
14,1,0.2822571122604409,0.35586277762675994,0.3539101338006645,0.33318401065966374,0.3237312090826378
14,2,0.25917864919249317,0.32774720478368186,0.32619595598675544,0.30699758599455795,0.29807142950327503
14,3,0.23603993806949725,0.298748950383976,0.29790704771715637,0.2803945064358838,0.27228620976495177
14,4,0.21345860889554455,0.2707212466856665,0.27044838699096085,0.2545418465978805,0.24778538682719992
14,5,0.1926460084171927,0.24546425897478477,0.24533214408860982,0.23100313932574945,0.22527689450184996
14,6,0.17427196451470428,0.22371577608297508,0.22329342172132632,0.21093922471347099,0.20536886573456964
14,7,0.1585033094491976,0.2050935666536217,0.204446195924829,0.19381043510129575,0.1881797100945315
14,8,0.14519422282370698,0.18938769591806562,0.1885401352711895,0.17923350964104756,0.17357853531929004
14,9,0.1340409301046095,0.1762106321561616,0.17516026202123175,0.16695538003820307,0.16125720120151227
14,10,0.124687984644388,0.1651275480768941,0.16422163548641155,0.15669515861609495,0.15095236943309806
14,11,0.11679163278772603,0.15573004969527895,0.15516343512497555,0.1479365467035327,0.14229329866930146
14,12,0.11005074559701317,0.14766899888585086,0.14737280351024595,0.14036743292869414,0.1348930086313664
14,13,0.10421700960480841,0.14066252715014807,0.1405813030743031,0.1337333677161428,0.12843883879815865
14,14,0.09909377944158507,0.13466722779173385,0.13457930125754008,0.12794999182356723,0.12275783318541186
14,15,0.09452977012165546,0.12942501604732237,0.12920705746486028,0.12284789352443855,0.11764892315941441
14,16,0.09041111755957865,0.1246583639249394,0.1243447967044707,0.11820787117223872,0.11304923611726174
14,17,0.0866535869394765,0.12028177778698379,0.11990353541726316,0.11397871729905192,0.10884265445512872
14,18,0.0831956932311413,0.11623222996025412,0.11585679831693527,0.11010284683141547,0.10496013745571986
14,19,0.07999296401656424,0.11261096333362924,0.11253718338490615,0.10649093336905277,0.10139438414863236
14,20,0.07701332130974523,0.10987219652579616,0.10940669114496912,0.10313959894808407,0.09807201853171583
14,21,0.07423345642270567,0.10724889625927136,0.10644455489090304,0.10005625937803737,0.09498298338668547
14,22,0.07163604442198016,0.10473213891397648,0.10363669883393273,0.09715610127943822,0.09207484747250308
14,23,0.06920765090261019,0.10231767099679057,0.10097347145742738,0.09442558707573345,0.08933503007878815
14,24,0.06693720220826012,0.10000392418639137,0.09844792750096082,0.0918536604878334,0.0867565796175653
15,1,0.28174534516466454,0.3458039415485402,0.3431226662110976,0.32977834155139485,0.3213617375943153
15,2,0.258581646249327,0.31844772066125215,0.3159488309735263,0.30291779464002094,0.2954032780056823
15,3,0.2353800159692365,0.2903219820535792,0.28817972546911186,0.27584247628519043,0.2697591257906823
15,4,0.2127585242199912,0.26311103118753354,0.2614153364279722,0.24982832134396907,0.24501856751745632
15,5,0.19193078836858263,0.23829710438360838,0.2373459640403372,0.2267075010580311,0.22249295835412095
15,6,0.17356486015953315,0.21656086667336924,0.21643831636387018,0.20714092838110143,0.20289557708633432
15,7,0.15782298516396248,0.19897037933375927,0.19848118971981826,0.19059227436260437,0.18616501006011527
15,8,0.1445538238598603,0.1841985333311733,0.1838689828441349,0.17660846041571013,0.1721854708891156
15,9,0.1334484930348941,0.17168005634160305,0.17161395427255605,0.16484648813199884,0.16047385651773322
15,10,0.12414744983582145,0.16154160348511296,0.16129451962513125,0.15494985476268391,0.15060388541415864
15,11,0.11630396528018881,0.15308807303494257,0.15251929069354558,0.14650497595788375,0.14221625096480758
15,12,0.10961492536345592,0.14582385763280206,0.1449548471918114,0.13928835884988638,0.1349841268946208
15,13,0.103830807972802,0.13945875785828907,0.13833166391586071,0.13309534793463407,0.12864083169189924
15,14,0.09875431948302694,0.1337692620773401,0.13243929121043463,0.12760811793147148,0.12299654095539755
15,15,0.09423390292962446,0.1285882294130696,0.12711743003184928,0.1226502289276002,0.11792271420440754
15,16,0.0901556546883665,0.12379413321740498,0.12246672122036326,0.11811136171572875,0.11334580272266229
15,17,0.08643542641622969,0.11930129981719664,0.11832482131817146,0.11391155206764011,0.10913007490555564
15,18,0.08301187044152979,0.11505159072681312,0.1145337061187404,0.10999398580607023,0.10521816957635369
15,19,0.07984065281179985,0.11107428483689424,0.11104090642024579,0.106319009769237,0.1015916697773392
15,20,0.07688980580754923,0.10838934848816895,0.10779912054556069,0.1028593091313292,0.0981961466039302
15,21,0.07413609005267062,0.10593195846893916,0.10504292465285163,0.0996054574981708,0.09507673704937217
15,22,0.0715622093588117,0.10367862849784243,0.10246012894574359,0.09657936417348431,0.09218396747963993
15,23,0.06915472774572407,0.10160983472409901,0.10003889880409537,0.09372448539931416,0.08946409665922676
15,24,0.06690255639281688,0.09970884744761843,0.09776985122616642,0.09103290531759886,0.08690709347999011
16,1,0.28139338002056413,0.35353121103385254,0.3458539719288798,0.32660333467635205,0.3180291492864961
16,2,0.25807449475978184,0.32754113848726485,0.31816567362150733,0.30077037008689433,0.2921504661235482
16,3,0.23469530787215334,0.30083719423407895,0.2914257551778457,0.2750830944602751,0.26651932983552157
16,4,0.21190297907169112,0.274642086543997,0.26675042036936486,0.2500277404869261,0.24194102733173367
16,5,0.19092245060225183,0.2503953994743754,0.24366425315516416,0.22723321130681068,0.2198663098802763
16,6,0.17242526586577603,0.22884119435449016,0.22294716636928832,0.20733700138040043,0.20065937888836696
16,7,0.15657388166367073,0.21015267745739605,0.20484719604000376,0.19028729330218103,0.18411326632189587
16,8,0.14321579679286117,0.19415074404820573,0.1892687925218847,0.17594179507467517,0.17008542842186766
16,9,0.1320406398653079,0.1804834321969452,0.1759358925316987,0.16378494338584376,0.1583192518362928
16,10,0.12268747604821276,0.1687502814228782,0.1645067684188409,0.1534623053256302,0.14839477949015684
16,11,0.11480829488904565,0.15857436060231708,0.1546441061527581,0.14462959503554504,0.1399331598867855
16,12,0.10809868412689565,0.1496351226646301,0.14605009629410812,0.13704685475693884,0.13271207743981378
16,13,0.10230769139320384,0.1416768768720141,0.13847853153213469,0.13066070435605961,0.12646422482920852
16,14,0.09723640923677196,0.13450439852820548,0.131734102883889,0.12504537426147283,0.1209533829377939
16,15,0.09273149548264813,0.12797309379834812,0.12566582278458702,0.1199974098137371,0.11599473012507078
16,16,0.08867714783743481,0.12197790860723887,0.12015862323595242,0.11540193922143786,0.11149292248185713
16,17,0.08498728877495453,0.1164430694273009,0.11512520329129627,0.11117462705710457,0.10740939492679161
16,18,0.08159870106126935,0.11131351828412425,0.11049902090964525,0.10730704656615415,0.10362395313721803
16,19,0.07846532464660752,0.10654824338866978,0.10644678572360601,0.10386887094306281,0.10009304667867422
16,20,0.07555367759480347,0.10357729111816638,0.10300464338511513,0.1006611914517678,0.09681942605531098
16,21,0.0728392659000439,0.10093742306908088,0.10023673724632383,0.09764407029469604,0.09376644050386264
16,22,0.07030382326272953,0.09841761787441122,0.09769005991151768,0.09480058576263647,0.09089785601171964
16,23,0.06793323075255141,0.09601470776743204,0.09526608114446512,0.09211851739292301,0.08820117834131026
16,24,0.0657159865283037,0.09372824243773137,0.09296063806753231,0.08958862312734997,0.08566629429894781
17,1,0.2839299850524782,0.33376454552521734,0.33180024496533356,0.32596461812943006,0.31995788531254465
17,2,0.2607850170769502,0.308581413511608,0.3059937847053208,0.2999056087145294,0.29431627985759046
17,3,0.2375388513250793,0.2831690806539812,0.281227751176644,0.27425889414751575,0.268666879509894
17,4,0.21483892234430182,0.25813119207249163,0.25695879284780665,0.24962411685702596,0.24404880489791933
17,5,0.19390643433268737,0.2348216878336692,0.23443309888158842,0.2272478117757652,0.22179687982068783
17,6,0.17541507269219336,0.21476335540028765,0.21439195091519903,0.20761355003077636,0.20230207582354595
17,7,0.15953405240883542,0.19813237351190352,0.1970446647519014,0.1906564862724956,0.18542592907157357
17,8,0.14611879367408256,0.1840170553609641,0.18226457183197348,0.17618976166322525,0.1711532208610442
17,9,0.13486591732136965,0.17211491271691629,0.16982481615696182,0.16397416176995094,0.15905371509328392
17,10,0.12541994455410807,0.16206605488182022,0.1593846970284548,0.15361275592950868,0.14876698261745405
17,11,0.11743693351305912,0.1535199669845301,0.1504151971207977,0.1447359343797954,0.14002056982739558
17,12,0.11061553935375246,0.14616842628649782,0.14282970923765909,0.13704356414691748,0.1324641205092186
17,13,0.10470724890699053,0.13975667887609525,0.1365075392704977,0.13028824264884906,0.1258333904527075
17,14,0.09951523492768746,0.13408269488320526,0.1308961573962827,0.12427422107903689,0.12001411489393213
17,15,0.09488803282462768,0.12899095224570442,0.12584037717130253,0.11885107884423451,0.11481256788081999
17,16,0.09071158249542684,0.12436443320875237,0.1212254060622913,0.11392694878045995,0.11009438404309477
17,17,0.08690142208636567,0.12011669464538924,0.11696788379684812,0.10948516846196805,0.10575717300433507
17,18,0.08339580093492419,0.11618481702479125,0.11300819966281055,0.10544898352289508,0.10173598584857602
17,19,0.0801499422311837,0.1125234825007699,0.10930420689586519,0.10171107699658666,0.09804541557120111
17,20,0.07713143097721853,0.10910017065969232,0.10582623067128984,0.0982114102455485,0.09460607999708674
17,21,0.07431659950655974,0.10589135543680597,0.10255319050955845,0.09499211701232899,0.0913907475163236
17,22,0.0716877551605154,0.10287955909138732,0.09946965049848454,0.09197908324964299,0.08837267217405252
17,23,0.06923110105762377,0.10005112518170386,0.0965636303333889,0.08914545221214355,0.08554533740552131
17,24,0.06693521959437865,0.09739458962120842,0.09382503627559473,0.08648023615774589,0.08291818916615232
18,1,0.28177791261109236,0.32922776737612647,0.3271144539869392,0.3207264210773878,0.3160472034349587
18,2,0.25891450388614,0.3060607435456376,0.30302622101993487,0.2955764380420779,0.2913961802804915
18,3,0.23606874363835417,0.28295311991173555,0.2789893791672231,0.27081536402747297,0.266746258293001
18,4,0.21374752632473193,0.26028858376890396,0.25549834266248245,0.2469458500236097,0.24306730078298572
18,5,0.19313792876240055,0.23926873593913753,0.23441932108400743,0.22507677977423288,0.22140463816317296
18,6,0.17491153448547134,0.22058767556488737,0.21615406562774975,0.20591971328896003,0.2022333278994523
18,7,0.15924438248672024,0.20443494291114647,0.20016743334764625,0.1893094262356833,0.18567448581130921
18,8,0.14600218507037785,0.19068465564810425,0.18637183590663225,0.17527203664336916,0.1717139901908885
18,9,0.13489220405297753,0.1790491964625228,0.17452362834894486,0.16361631561276616,0.15993609946814408
18,10,0.1255679977469102,0.16918531887914093,0.16432099703049363,0.15382924619744726,0.1499706235627511
18,11,0.11769242205961991,0.1607581975303051,0.1554647596830817,0.1454219223365621,0.14148872844802313
18,12,0.11096882610719268,0.15347313198077198,0.14768974046247352,0.13815427259835614,0.13418823787441314
18,13,0.10515170086026465,0.14708632508708971,0.1407764400078541,0.13174816882922505,0.12780110371668937
18,14,0.10004597811652718,0.14140413965609108,0.13476650548384916,0.1260010001679586,0.12224651844996004
18,15,0.09550109101456858,0.1362770623960282,0.13007661306149448,0.12080356580235456,0.11732582101297376
18,16,0.09140331813558104,0.13159194905982038,0.12574854775459654,0.11613724665499744,0.11285302258522438
18,17,0.08766820384559118,0.12726436744581313,0.12170532761954884,0.11194196154059659,0.10875389639095372
18,18,0.08423383496153206,0.1232318346982623,0.11789371237352679,0.10803462094624863,0.10496247084973642
18,19,0.08105521703492133,0.11944820590856228,0.11427797341420902,0.10450170400346355,0.1014303370451504
18,20,0.07809973663869646,0.11587920915989622,0.1108348061999191,0.10121276742021326,0.09812890733969608
18,21,0.07534359070647031,0.11249900827269346,0.10754929004597334,0.09817640104384948,0.09508559893820133
18,22,0.07276903470709162,0.10928763497580632,0.10441176771900136,0.09534593350451769,0.09226914114828284
18,23,0.07036230662031719,0.10622912827638378,0.1014155162945898,0.09273074365128675,0.08967465396818218
18,24,0.06811210155092935,0.10331023106869117,0.09892261409193726,0.090259383092678,0.087277362579071
19,1,0.28359081985393025,0.3493157441765808,0.3437165358605949,0.32842331381664314,0.3216535279652312
19,2,0.26052870913397647,0.32092262828987833,0.31697973855928047,0.30206216127757074,0.29571603349542297
19,3,0.2373814408411473,0.29168471619323133,0.289728136522973,0.27579202869813235,0.27017546193760733
19,4,0.21478152522340796,0.2635060270965906,0.2631406520303444,0.25065352394679097,0.24556572496864218
19,5,0.19394000116711793,0.23936981773180205,0.23864405710285186,0.22844787097488703,0.22320955508014495
19,6,0.17552608378456092,0.21834881143164875,0.21696934780599683,0.2090032442308088,0.20371636841815227
19,7,0.15970734956364097,0.19996973911552984,0.1982686152328967,0.19228634238913048,0.1871124350977297
19,8,0.14633935400817777,0.1841479456981539,0.18272523729137485,0.17805887027508321,0.17303377415072285
19,9,0.13511998228845634,0.17061699389770796,0.17043411312778312,0.16596891074697112,0.1611882280147782
19,10,0.12569558330606254,0.16090992413954544,0.1601958191195998,0.1556385386457731,0.15117403414287214
19,11,0.1177242377315197,0.15293492125671235,0.15215904794273302,0.14674433074835175,0.14262116996349258
19,12,0.11090661235744874,0.1460238533301765,0.14521343670946077,0.13901466770738183,0.13520560301530052
19,13,0.10499607903144297,0.13992764221353002,0.13912236133001338,0.132223835190936,0.12869359776337214
19,14,0.09979749997874134,0.1344504113325327,0.13369380648895007,0.12613743909077021,0.1228839690039654
19,15,0.09516086364180207,0.12944365940548438,0.1287774391088858,0.12063980906593204,0.11763291948760171
19,16,0.09097330608760118,0.12479842161456736,0.1242590365195547,0.1156252818104756,0.11284707379500236
19,17,0.08715130124574952,0.12043734105088724,0.12005423435018339,0.11118725924794659,0.10846557113600537
19,18,0.08363378472988738,0.11630750657672659,0.11610255069362274,0.10710608721044446,0.10440424611576264
19,19,0.08037643927134351,0.11237434694851525,0.11236207887783742,0.10335180911669195,0.10061621507803395
19,20,0.07734711453013993,0.10899331027030659,0.1088049551675361,0.0998295435011382,0.09711821319642042
19,21,0.074522250399895,0.10580489394687045,0.10541357863067108,0.09655661363742529,0.09396871425148709
19,22,0.07188414504633618,0.10276962933374564,0.10217751273387682,0.09351187121224326,0.09109829911339426
19,23,0.06941891527830471,0.0998783317858534,0.09909098893300297,0.09064500680536139,0.08840729934989099
19,24,0.06711501587695072,0.09712549366597398,0.09615093847838593,0.08806497289136295,0.08587234287130881
20,1,0.2820001071704156,0.3490354595116478,0.3418260331971379,0.3265125202380877,0.3196310612364768
20,2,0.2588926703033981,0.32253320962123266,0.31480492676973215,0.30029672224211257,0.2941481641644028
20,3,0.23571108535410867,0.2960888664733706,0.28738306842067757,0.27454864507042076,0.26891122987956706
20,4,0.21309338290864968,0.2704052906877741,0.26357710063427997,0.2502328213012314,0.24445237586057064
20,5,0.19225159256285132,0.2468182066799349,0.24197846106144769,0.22814378730781235,0.2221224334796858
20,6,0.1738539736237405,0.22602116548974036,0.22272620095335458,0.2088042948820379,0.20262778442635887
20,7,0.1580661803549807,0.20813978724132517,0.20599415124336937,0.19245660096671294,0.18601660890081637
20,8,0.1447414431696125,0.19297506050114752,0.19165616955655612,0.1785211944086232,0.17195401840608465
20,9,0.13357547047242868,0.1801804582621855,0.17943667910216812,0.16671811683937857,0.16015299361476368
20,10,0.12421275046815321,0.16937182592454844,0.16901057680622064,0.15671167843297992,0.15023851108286418
20,11,0.11630976212600183,0.1601870970668929,0.1600615868096988,0.14817281577860625,0.1418633724228055
20,12,0.10956573990146651,0.15231210626181343,0.15231024581769198,0.14081010635792177,0.13470716543203662
20,13,0.10373273601403263,0.14555922238823474,0.14552295537315416,0.1345272912412393,0.12848672406928974
20,14,0.09861438489951187,0.1395208085848161,0.13951096847965233,0.1290292688669002,0.12305310757665196
20,15,0.09405954082652139,0.13418893526765188,0.13412497302726129,0.12413108817219105,0.11820363026357858
20,16,0.08995431048460223,0.12941900522178637,0.12924840886144504,0.11969839592902472,0.11381044072117144
20,17,0.08621425432342024,0.1250885161786385,0.12479103436180572,0.11564089013989179,0.10978716947982188
20,18,0.08277751598961128,0.12111699106560639,0.12068334229146904,0.11189067948189704,0.1060700756260459
20,19,0.07959910597272858,0.11744154332842785,0.11687195899912206,0.10841516447478639,0.10263413722385702
20,20,0.0766463129785214,0.11401314861842457,0.11331595307780706,0.10520955157298506,0.09945378078814365
20,21,0.07389511462276302,0.11079374076958073,0.10998390771366051,0.102225759145644,0.09647264652403298
20,22,0.07132743186579527,0.10775394002195918,0.10685160512556832,0.09940600604191904,0.09367656203047928
20,23,0.0689290777209431,0.10487125269707828,0.1039001933588107,0.09673415064582092,0.09104597198021515
20,24,0.06668826883986373,0.10212861792131459,0.10111473514253572,0.09419808826103657,0.08856848996656702
21,1,0.2864339122303885,0.3519740305944089,0.3473672206255224,0.3340750394457966,0.32742952305644335
21,2,0.26288237587391017,0.3219609262768738,0.3192475946429676,0.30748746251965764,0.3015811894289722
21,3,0.23927404896478854,0.2913824523386366,0.29039770790515484,0.2807909218845793,0.2755987345903439
21,4,0.2162382429176909,0.2632031259867116,0.26265122667876667,0.2554510816187336,0.2503818228534413
21,5,0.19500832993780176,0.2393319346804097,0.23831246851445684,0.23237738773797645,0.2275290443490367
21,6,0.17626467987213043,0.21844221096971211,0.21730643089296428,0.21225442421687574,0.20729560524571106
21,7,0.16017492998850597,0.20060732290041527,0.19941934966772762,0.1950610264967696,0.18996601424822068
21,8,0.1465891068385816,0.18556984187278674,0.18458894339479387,0.18063778553175266,0.17525196752673783
21,9,0.13519774958630967,0.17292649084968098,0.17218805404435295,0.16835910482166652,0.1629228310498359
21,10,0.1256399324730145,0.16224765128515795,0.16173572926746904,0.1579596891901419,0.15250611860971086
21,11,0.11756725949436231,0.15314093307152266,0.15274683591590116,0.14916877180108332,0.14366893167345185
21,12,0.11067485758105926,0.14527670085282507,0.14492402503210805,0.14149417971153164,0.1360306022124289
21,13,0.10471140128912765,0.13839189197370216,0.13802747252521447,0.1347018971330926,0.12939724790811685
21,14,0.09947775348145729,0.13228344188259455,0.1318708005496424,0.12860917396398444,0.12354989721705689
21,15,0.09482047845321105,0.12679796328072623,0.12631263971771173,0.12307767417634655,0.11827556805489006
21,16,0.09062377775029098,0.12182110058221363,0.12124733176374271,0.118005064563296,0.11348999243914704
21,17,0.08680162453308625,0.11726807237626385,0.11685880981252322,0.11331686487775927,0.10910069620851828
21,18,0.08329084882612957,0.11307589843205712,0.11299785514580174,0.10907198608900584,0.10503723713483866
21,19,0.08004539131635666,0.10959517879306013,0.10939624809706108,0.10514559881125854,0.10129939121199227
21,20,0.07703169191950016,0.1064516840477302,0.10602393912724456,0.10159453096453253,0.09780996628263408
21,21,0.07422507912405568,0.1034731229885491,0.10285863710144355,0.09825902364986047,0.09453590284354277
21,22,0.07160700068669204,0.10064829401697867,0.09988322656754237,0.09512330201133812,0.0914613408188589
21,23,0.06916294409239118,0.0979689491663367,0.09708390155355809,0.092175039838343,0.08857376148019291
21,24,0.0668809149750505,0.09542833432766418,0.09444886068265251,0.08945897233755265,0.08586250488268199
22,1,0.28153504762827475,0.3533409634534574,0.3439660198633486,0.32726178785905746,0.3209959757933961
22,2,0.2584315439536436,0.32599363839829104,0.31651125251203205,0.3005797698509519,0.29463899422392775
22,3,0.23525220855305315,0.29762738624824325,0.2882390068811395,0.27398829907671407,0.2679600975670489
22,4,0.21262260851951162,0.2699033934016645,0.2608552349318709,0.2483958961040822,0.24279148311427862
22,5,0.19175943647195065,0.2444031801561109,0.23589057250298007,0.22537043298224013,0.21990146162902596
22,6,0.17333795850877384,0.22193031837230764,0.21433295403029684,0.20511324998805258,0.19984623099986373
22,7,0.15752900102258333,0.20266948716647976,0.1961414526847498,0.18774724171142945,0.18266566989771232
22,8,0.14418873466966306,0.18642215911959986,0.18096421700907644,0.17311703883044388,0.16821303261465895
22,9,0.13301383872305322,0.17280126772225535,0.16834424611825743,0.1608025728777604,0.15615326622606357
22,10,0.12364840875416229,0.16136524916901968,0.15790321435370647,0.15051547022012687,0.14602234807093373
22,11,0.11574782021509188,0.15169485925469534,0.14905688021961622,0.14191161889055157,0.13752472080760086
22,12,0.10900997524640971,0.14342802991415898,0.1414360997191145,0.13452262298889808,0.13031642309003708
22,13,0.10318564360819937,0.13626918322377496,0.13477270008314327,0.12820496670915735,0.12408913458041633
22,14,0.09807735481574968,0.1299853916762096,0.12885625762955696,0.12261751771463536,0.11859038019263113
22,15,0.09353307398187077,0.12439712586203971,0.12352687778355212,0.1176043835458861,0.11374354687251016
22,16,0.08943822832439001,0.11936780985745804,0.11866604568562583,0.11318505259743727,0.10937200109770358
22,17,0.08570788539970545,0.11479418690773607,0.11418761905806427,0.10916995549244468,0.10536160428913514
22,18,0.08227985667182207,0.11059825258165468,0.11002987229768152,0.10544590559600034,0.1016473584629396
22,19,0.07910895856674253,0.10672087630225258,0.10620436791406555,0.10197047479967511,0.09821901060623864
22,20,0.07616240574796042,0.10311694246799924,0.10264379956407342,0.09876191078809507,0.0950296562916507
22,21,0.07341620686050114,0.09975173768285073,0.09929819219133575,0.0957810638565888,0.09204500830833774
22,22,0.0708524047964734,0.09659829920047697,0.09639207714238224,0.09298051980668924,0.08926447470125445
22,23,0.0684570097084449,0.09370668061369763,0.09367107610821887,0.0903595422150735,0.08667017854294475
22,24,0.0662184918471443,0.09136753376638035,0.0911070005110299,0.08789657597172336,0.0842737389799084
23,1,0.2803437354225232,0.34021348627900505,0.3385126300054251,0.32314627124617396,0.31653915756028417
23,2,0.2572035882767293,0.3148210793001526,0.31314494635154155,0.29734446449230656,0.29114896550331243
23,3,0.23409805154169208,0.2885502609527205,0.2871574874262124,0.27236303877682017,0.2658691994315806
23,4,0.21155908742770035,0.26297587416524154,0.2618383383359156,0.2483370265201021,0.2416336575292203
23,5,0.1907877351440298,0.2395160229328921,0.23858079478846053,0.22664877664928315,0.2197299361582276
23,6,0.17245502489210845,0.21886574132286057,0.21838689940042086,0.20778587770482043,0.20064777948972537
23,7,0.15672779084721983,0.20287195296617005,0.202020016450167,0.19168289031538324,0.18442227640329817
23,8,0.1434594872556923,0.1904054552345837,0.18831867921573558,0.17803042438944983,0.17072976687986072
23,9,0.13234560807724302,0.1800963157537065,0.17690086434616784,0.16651060900043121,0.15917566124396582
23,10,0.12303007893686647,0.17150701100761456,0.1673498092060416,0.15677541581214077,0.14945665380444567
23,11,0.11516866067865536,0.16424020686233792,0.15927941183999916,0.14859137849673096,0.14118663926184125
23,12,0.10845992698128018,0.1579666216368425,0.15236268881254758,0.14152804123486112,0.13408131151446112
23,13,0.10265546976855193,0.15243023254730098,0.14633811166243493,0.13534231329410318,0.1279277678663288
23,14,0.09755872984542398,0.14744190849347666,0.14100470311906352,0.1298435398463647,0.12246647808799556
23,15,0.0930186451683494,0.14286833350496225,0.13621258350370868,0.12491604332367023,0.11754662673668707
23,16,0.08892166003762249,0.13861995685282785,0.13185257738931444,0.12049314260185347,0.11310222852215593
23,17,0.08518388450693261,0.13463977117016768,0.12784658851985212,0.11642620198108378,0.10908805350709712
23,18,0.08174417371671622,0.13089365588189222,0.12413940264449005,0.11265189489168508,0.10541003359986718
23,19,0.07855836004889268,0.12736249019925594,0.12069205358589163,0.10912957665346176,0.10198208298526297
23,20,0.07559461585059901,0.12403599500475432,0.11747665370495974,0.10583012491245028,0.09881177495886687
23,21,0.0728298205886268,0.12090815877755362,0.11447250310511861,0.10273235532979237,0.09585697405992688
23,22,0.07024677768076876,0.11797405945834494,0.11166327277682692,0.09982032837030035,0.09308333991010452
23,23,0.06783213149794441,0.1152278738854916,0.10903506461127749,0.09708138075850353,0.09048623701583151
23,24,0.065574852804472,0.11266185499140069,0.1065751672677824,0.09450473514920374,0.08805108015205582
24,1,0.2840407784121907,0.3402001051249942,0.3360130281675454,0.3278373617714971,0.32133368372082927
24,2,0.26075262377472863,0.3124011733092962,0.3091261804716481,0.30167560322539344,0.2952897601902726
24,3,0.23739314238668946,0.28378134529716526,0.2824299805299847,0.2751246178154635,0.2691878928916328
24,4,0.21459846611330322,0.25740177010622545,0.2567319053594354,0.24956038837463906,0.2441419731089946
24,5,0.19358899810137703,0.23530928329067227,0.23304460807333885,0.22624643787434007,0.2214225651727612
24,6,0.17503826251435867,0.2154705703837754,0.2120605618979366,0.20588684020865017,0.20169147600530263
24,7,0.15911341542361965,0.19808933034603185,0.19515879278355042,0.1885572343477942,0.18478753629635797
24,8,0.1456674443149361,0.18307787242662524,0.1812564362044069,0.1740069222629971,0.17038254576814033
24,9,0.13439509886518902,0.17019681545344303,0.16942776117918862,0.1617716052568963,0.15817531740283322
24,10,0.12493960796312736,0.15949646843655535,0.1593239898230598,0.15157217155603053,0.14787732464605746
24,11,0.11695606592692137,0.1515850932280483,0.15061690167331443,0.14288203716912323,0.1392032537220977
24,12,0.11014226366081761,0.14462680102520986,0.14302542016225595,0.13538249333050964,0.13176282055306515
24,13,0.10424878220899304,0.13839344217824323,0.13632247539178843,0.1288863285150672,0.12531391040078468
24,14,0.09907779000698572,0.13271964085772003,0.13033159345634676,0.1232068567308396,0.11958344651495509
24,15,0.09447672322328642,0.12749142461335783,0.12491916709213842,0.1181102463072022,0.11447945118343499
24,16,0.09033036647616274,0.12263399844048573,0.12060702715554462,0.11347600811200054,0.10986223454309703
24,17,0.08655310020223644,0.1181004896485992,0.11664188896706877,0.10927744107811425,0.10565049912343794
24,18,0.08308206760655863,0.11386245417733992,0.11294730118992181,0.1054470109378419,0.10181703090793362
24,19,0.07987148303717528,0.10990238608430203,0.10949170369635834,0.10190822960161623,0.09832665417785043
24,20,0.07688805312483676,0.10629912274317951,0.10625365492889326,0.09861099806892455,0.09507683826404587
24,21,0.0741073818928422,0.10366614543451305,0.1032177740552467,0.09553150906636666,0.09206137571581494
24,22,0.07151120541131804,0.10116889409758281,0.10037192200695162,0.09268602069701642,0.08927106985873887
24,23,0.06908530902585629,0.09879872713912655,0.097705376439411,0.09005299135774156,0.08668357546673669
24,24,0.06681799934151549,0.09654965684832154,0.09520776679355315,0.08758802932797778,0.08429213418877562
25,1,0.2827428807566038,0.3377671534001345,0.3365856673930292,0.3255344492706632,0.3204009019227864
25,2,0.25954011822606204,0.3144597434465317,0.3095126436040265,0.2994400830379049,0.29448423024165404
25,3,0.23634806151912638,0.29094550383293133,0.28432621229661403,0.27341340184041696,0.26855838638524
25,4,0.2137142317224036,0.26775615596044,0.2611447996568803,0.2481977773061493,0.24395871683514853
25,5,0.19284897361782385,0.24610799238580122,0.23941217767726125,0.2257741772429686,0.221611886491288
25,6,0.17442950122730522,0.2266993618711159,0.21986972161110277,0.20608675310230637,0.20196235196935247
25,7,0.1586266809868815,0.20973887833374433,0.20276752370749646,0.1891328696293988,0.18509770895559757
25,8,0.14529598324066303,0.19512751436402204,0.18803737561297504,0.17496905033493196,0.17089172234419364
25,9,0.13413316246205073,0.182605787899614,0.17543812932996217,0.1630435355997451,0.15898059776876747
25,10,0.12478118895731229,0.1718563901377715,0.16465939830082668,0.15292647197362816,0.1489093476418971
25,11,0.11689417429097645,0.16256642047837572,0.1553868833423707,0.144433592885873,0.14035856011204084
25,12,0.11016873097018845,0.15445841702102625,0.14754302755022144,0.13713851862851723,0.13301873104888964
25,13,0.10435442890832287,0.14730121529029233,0.1409618767477929,0.130751007556174,0.12661885962062416
25,14,0.09925278402041979,0.14090969594277886,0.13507999476405042,0.12518445281811702,0.12099665571626242
25,15,0.09471100478511082,0.13513942481872931,0.12975559218893049,0.12017324888488017,0.11599567425585129
25,16,0.09061406194014188,0.12987963595914637,0.12488365504661653,0.11560597731869653,0.11153555590951096
25,17,0.08687688215647352,0.12504630795871857,0.1203880571628731,0.11141001323266617,0.10745564034121138
25,18,0.0834374403645452,0.12057608605378617,0.11621449379169924,0.10764353906468305,0.10366876163850439
25,19,0.08025098558728207,0.11642126880160353,0.11232453641233711,0.10412441567881833,0.1001324620364223
25,20,0.07728537948651812,0.11254582014516445,0.10883174148715938,0.10082115839485355,0.09688013339133675
25,21,0.07451742387897786,0.10892226269140659,0.10563984381284305,0.09772077753126437,0.09385998220381234
25,22,0.07193002632807657,0.10552928355282848,0.10263852608546134,0.09486778905802176,0.0910213142212704
25,23,0.06951005945952843,0.10234989849913378,0.0998139063113164,0.09225820624287717,0.08834616040708845
25,24,0.06724678808053819,0.09937004984897335,0.09715507046700209,0.089795489733912,0.08582566781808185
26,1,0.282257908810705,0.3424002701263391,0.3399996963561477,0.3302926220645077,0.3215904492077983
26,2,0.25875640750714285,0.31774279398531957,0.31387966689947144,0.30519262952260034,0.2960950251143256
26,3,0.23516330415866762,0.29258727616271774,0.2887468530615089,0.27970580309325216,0.2706790222631879
26,4,0.21218887459064953,0.267599752357063,0.26385023451653083,0.254765897178058,0.2464810918619519
26,5,0.19107525493464908,0.24410233191519495,0.24178457703788267,0.2319598652728537,0.2243569569651037
26,6,0.17249470040107387,0.22287223068710918,0.22212766392761663,0.2117705821717057,0.20470460214187983
26,7,0.15660340650287222,0.20600202788606012,0.20508942280470865,0.19435826999681033,0.18771996898959492
26,8,0.14323933983451806,0.19315058336873844,0.19055366924921877,0.17957955456591326,0.17327268997371834
26,9,0.13208197707499672,0.18249164265379972,0.1782340315320744,0.16715985443395515,0.1611809561594894
26,10,0.1227612503796281,0.17363728006567494,0.1677838256580113,0.15675296340275346,0.15098741963057838
26,11,0.11492173146471607,0.1662164689550051,0.15891867647536068,0.14791300422974302,0.1423410540118834
26,12,0.10825341940145766,0.15990772963695335,0.15221873274642278,0.14034269408998062,0.13494916586174957
26,13,0.10250144250492682,0.15444934486128528,0.14641096881125665,0.13386272246399514,0.12856985663527518
26,14,0.09746438746863649,0.14963736787479323,0.14128377196432196,0.12813522030157126,0.12297509685581978
26,15,0.09298754951586058,0.14531813904466392,0.13667771853644967,0.12300199194976269,0.11796860827606481
26,16,0.08895465320420926,0.14137913495731105,0.13247583872804364,0.11834368808341551,0.11345723215781474
26,17,0.0852798089219956,0.1377400653081904,0.1285942982280454,0.11413442067015259,0.1093760582313293
26,18,0.08190044730471847,0.13434502974515247,0.12497428302111636,0.11024976465822882,0.10562619479263255
26,19,0.07877144274366982,0.13115597210799643,0.12157529611420519,0.10669547695951623,0.10218747174593068
26,20,0.07586038912010157,0.12814740194062615,0.11836980835678419,0.1034509035176272,0.09897255800332155
26,21,0.07314389290574493,0.12530224920044045,0.11533910241345084,0.1004563819163822,0.09595563283563854
26,22,0.0706047242911972,0.12260869357155327,0.11247012474115904,0.09764064453434218,0.09311804660891734
26,23,0.06822967482843906,0.12005781832269904,0.10999076707467573,0.09505955662721104,0.0904484735300917
26,24,0.06600798927926063,0.11764195631191635,0.10777932382147104,0.09263894007444048,0.08794095768874845
27,1,0.2794769481259697,0.32868479321926525,0.327128811685017,0.32097482017160217,0.3166592777013437
27,2,0.25645141455600007,0.3029339337525411,0.3006641813524812,0.2949898044384708,0.29101336319137705
27,3,0.23341949474077878,0.2766723450568716,0.2751469585580043,0.2694820677951728,0.26537870821674764
27,4,0.2109472633034163,0.2509561878951417,0.2502351169656709,0.24514548515242135,0.2408199686698317
27,5,0.19023672984701304,0.22887203236117148,0.228110759265024,0.22312792934671144,0.21900152393258657
27,6,0.17195709761284209,0.21100755434217122,0.20967811135781023,0.2042263600738612,0.1999885837602952
27,7,0.1562754075564958,0.19538298475977278,0.19410542112044182,0.18800270024353657,0.18367313918267666
27,8,0.14304646821151767,0.1819026062823148,0.18066317530454754,0.17408134413447945,0.16974732199054846
27,9,0.13196742388451324,0.17032693323879217,0.16911580927680808,0.16229854360862306,0.15806088694979062
27,10,0.12268379406321638,0.1603643469770813,0.15917354250442162,0.1522920327814714,0.14820158953478763
27,11,0.11485273274631791,0.15172659317384135,0.15054908675470186,0.14370799208724272,0.13975827406492086
27,12,0.10817394336580141,0.14415684672439832,0.14298652272427176,0.13640504382019544,0.13245654526866305
27,13,0.10239986795944699,0.13743992894014334,0.1362752184921147,0.13003991179699875,0.12615783141516607
27,14,0.09733452881488183,0.13140264641898697,0.1304760425545071,0.1243658755223566,0.12061256962741096
27,15,0.09282720124920413,0.12590954936999105,0.12518545878090798,0.11924125865941448,0.11562093119614081
27,16,0.08876445347558949,0.12085712500755319,0.12031033487019416,0.11455916352792066,0.11107264305732197
27,17,0.08506234013636042,0.11616792344015653,0.11578217385738407,0.11024666515594425,0.10693014399190906
27,18,0.08165951840360611,0.11178524010772573,0.111551551941512,0.10626556121815423,0.10310886562027355
27,19,0.07851151878619052,0.1076685324311899,0.10758334816962092,0.1026143500618552,0.09957094617086903
27,20,0.07558614691439844,0.10391608171205902,0.1038528159480451,0.0992227425223774,0.09628123502172128
27,21,0.07285988799914488,0.10055578040004276,0.1003424363472058,0.09605497160548566,0.09319895174902637
27,22,0.07031515679624516,0.09740460887149793,0.0970394538420323,0.09307884279942447,0.09029878224251744
27,23,0.06793824143298616,0.09445157282757732,0.09393399022873086,0.09028029211053915,0.08756834880716194
27,24,0.06571780792972985,0.0916863540090237,0.09101764241682517,0.08767134799195014,0.08499768567319832
28,1,0.282515089932227,0.333622133815229,0.3323585810031429,0.32554886964176094,0.31967460596159103
28,2,0.2589168934549502,0.30649250361043323,0.3061933362079851,0.2994247212940329,0.2936741764176983
28,3,0.23528883428664824,0.2802480511162273,0.2797114358407612,0.2731185298642201,0.26756038037106217
28,4,0.21229813889602916,0.25559697110248736,0.25556757640845434,0.2477828812765189,0.24235839441737936
28,5,0.19118242518705703,0.234497953582138,0.23389652235857689,0.22459924899244182,0.219285846104832
28,6,0.17261200463372348,0.21574149340689416,0.21484388526011325,0.20456726008571055,0.19905752484990033
28,7,0.15673872928689117,0.1994761813781907,0.19853487946812431,0.18768137107144353,0.1819252641081267
28,8,0.14339614900843808,0.18559400715099697,0.18477614932886652,0.1735106964611635,0.1676232503378538
28,9,0.13226054650709762,0.17382593491937656,0.1732239464468375,0.16159579375066216,0.1558427783451716
28,10,0.12296005046284182,0.1638446419565713,0.16349414326079204,0.15155392166673556,0.14600180454331668
28,11,0.11513858074428636,0.15532670069318774,0.15522465186560097,0.14301967137730717,0.1376936226323992
28,12,0.10848628928214192,0.14822353681926417,0.148103849686747,0.13574245004741553,0.13060862821852193
28,13,0.10274892405327307,0.14218040927062284,0.14187822854671203,0.12941333580526104,0.1244622357918739
28,14,0.0977258807775023,0.13678992102697188,0.13634926361310662,0.12390106740427771,0.11902936090060082
28,15,0.09326325130634676,0.13190120184571516,0.13136576491879598,0.11898298797575671,0.11418011292566821
28,16,0.08924541441388754,0.12740507370602613,0.12681511376391097,0.11462437264386505,0.1097726371899507
28,17,0.085586922526196,0.12322436099993048,0.122614994524994,0.11060886065101819,0.10575747865725042
28,18,0.08222541342515824,0.11930573584900014,0.11870624352726067,0.10687817207678192,0.1021358180308685
28,19,0.07911574550097203,0.11561312244992214,0.11504694571522864,0.10339172530286529,0.09881932681066749
28,20,0.07622530836292628,0.11212249855889803,0.11160769548288185,0.10015574025068812,0.0957153044323065
28,21,0.07353036409636066,0.10881788202911044,0.10836786483281222,0.09721286860570495,0.09280685099941412
28,22,0.07101325158609227,0.10568829877902478,0.10531271444599902,0.09443954660917345,0.09006820700573696
28,23,0.06866029589756564,0.10272555665911484,0.10243120145432655,0.09182654980212872,0.08751438861950372
28,24,0.06646028571581215,0.09992267913872752,0.0997143619541827,0.08938191372308621,0.08511331776699653
29,1,0.28448965269958565,0.3374024440500448,0.33642143851811035,0.32353131740279845,0.3178135610446803
29,2,0.2611302361639198,0.3097611385389747,0.30937858844384114,0.2981738334897016,0.29263508137784117
29,3,0.23771597026364455,0.284161435966395,0.2822772777937747,0.27324840554788576,0.26744755866061637
29,4,0.21487006996245392,0.2596998371243675,0.25809552919678425,0.24936795966315276,0.24361696863329074
29,5,0.1938199487252804,0.23779147761975913,0.23774139248571566,0.22754131644360281,0.22184947383116263
29,6,0.17524373677279936,0.22085975681119005,0.21977125324211771,0.20836598533248285,0.20286918626753322
29,7,0.1593093775963034,0.2058962537538416,0.20428419561402225,0.1918427188436083,0.18648173644498706
29,8,0.14586834642346588,0.19283538478495352,0.19109423319628596,0.17791260655518007,0.17251086406103766
29,9,0.13461264216439858,0.1814661132790388,0.17988045443054815,0.1662884377877468,0.16079183133176514
29,10,0.12518231288649148,0.17152138036240885,0.17028805268942251,0.15640101783029753,0.15088324342013468
29,11,0.1172293944700626,0.16273528548191704,0.16198602337540283,0.14792404546516028,0.142428709172131
29,12,0.11044903618997594,0.15487326691140033,0.15469331140668854,0.14067979428040933,0.13518819182228886
29,13,0.10458970010028995,0.14862740368746405,0.14818553435804852,0.13431813897457714,0.12885478944756856
29,14,0.09945195289112244,0.14338461159244573,0.14229145891290204,0.12864325481752203,0.12325479173573875
29,15,0.09488208614491837,0.13864252891223763,0.13688505046316507,0.12351100333904068,0.11823966135555981
29,16,0.09076411678283922,0.13429936728208483,0.13187635257557204,0.11881620173396043,0.11370152178499231
29,17,0.08701195311324537,0.13028398238062225,0.12720282233054392,0.11455202321050695,0.1095318222815657
29,18,0.08356248930913983,0.1265474789282345,0.12282181955342261,0.11058235829261409,0.10570353250500956
29,19,0.08036985460771012,0.12305647300566122,0.1187044614648454,0.10695420742398982,0.10214594222595183
29,20,0.07740078961216154,0.11978786790532828,0.11483081745205181,0.10354254182591152,0.09880643985317936
29,21,0.07463101969069565,0.11672494055714575,0.11118631302982535,0.10035322516362595,0.095710577932238
29,22,0.07204246841533596,0.11385452749584837,0.10813026838378223,0.09745482978998601,0.09279508766850954
29,23,0.06962116073915112,0.11116511047776487,0.10537784323553023,0.09472026465138765,0.09004917866960414
29,24,0.06735568472492502,0.10864561881850712,0.10278763707881014,0.09214000756417329,0.08748411287908485
30,1,0.280862591653293,0.33321487152934637,0.3307515528272041,0.32039692079819154,0.31448307824391797
30,2,0.2577755709101803,0.3065796943365895,0.3038176147184637,0.29500402414860627,0.2896014893314978
30,3,0.23465276673047009,0.27941127592479886,0.27618389867952853,0.2694977200481022,0.264881784179681
30,4,0.21207926782153805,0.25295032754478264,0.25102609194298353,0.2453851883574555,0.24084042724908997
30,5,0.1912631974162197,0.22875368839755444,0.22871758285712646,0.22334797579241705,0.2187134462459468
30,6,0.17287722649232126,0.21053670844702904,0.21041707435730506,0.20393093156820324,0.1995197149324545
30,7,0.1570923463843113,0.19492463903413929,0.19480913489347312,0.18763133095578066,0.18299093680458736
30,8,0.14376680792422017,0.1818334992531457,0.18149514238463083,0.17390387170600588,0.1689124764443445
30,9,0.1326001420364448,0.17069754717618027,0.17019300020746048,0.16224234734788878,0.15709807162576817
30,10,0.12323918193530195,0.161151754616953,0.160566485820489,0.15231217721916265,0.1472073907588606
30,11,0.11534147814144456,0.1528551242782991,0.15228857860801948,0.14381740644955754,0.13884321279911382
30,12,0.10860643265671342,0.14551989875559193,0.14507325899165563,0.1364428900993419,0.1316364767438984
30,13,0.10278571595686264,0.13891953333973758,0.13868648974489967,0.1299686280598384,0.1253182043590947
30,14,0.09768230878495335,0.13300580770998977,0.13294548549606822,0.12417003108616569,0.1196949471290154
30,15,0.09314433212979019,0.12812798707289413,0.1277124648825269,0.11901662997201135,0.11462317348497827
30,16,0.0890571999012991,0.12369915545327564,0.12288652794615905,0.11435378601225436,0.10999543311993842
30,17,0.08533588565090369,0.11962695003427704,0.11839555819431062,0.11003782252161809,0.10573447819006916
30,18,0.0819180790970682,0.11584163393377217,0.11418901159730237,0.10605048675618307,0.1018168686622658
30,19,0.07875847193810323,0.11229116074262008,0.1102318951463347,0.10236826853317631,0.09820087994643129
30,20,0.0758241565206998,0.10893717060122499,0.1064999606138456,0.09890848079615838,0.0948129662340443
30,21,0.07309101602327088,0.10575181159687586,0.10313581129933164,0.09565258939883502,0.09163203141162647
30,22,0.07054095524215204,0.10271523507457725,0.10005097874527163,0.09266553577289258,0.0886895565451974
30,23,0.06815982543664179,0.0998136138439677,0.09712424549798737,0.0898582423353092,0.08593794711370502
30,24,0.06593591360580202,0.09703755451130514,0.09434418242880849,0.08727532134484803,0.08335002107188859
31,1,0.2801011222421511,0.3406360477598025,0.3370437482453572,0.32674418098829916,0.32110000219777757
31,2,0.25730440387876435,0.3142440738937725,0.3117070284748518,0.3019122829495646,0.2962002129162858
31,3,0.2344985840810029,0.28794231562146044,0.28669712223870913,0.2769188646669535,0.27120455861587284
31,4,0.2122020436815251,0.26342010881938194,0.2628748445121327,0.2527099637657842,0.24717009342282442
31,5,0.19160420019699415,0.24437632193530634,0.2425130961411185,0.23068883262806109,0.22513710397186398
31,6,0.17338048595975925,0.22727302558739704,0.22435077383871363,0.21135510069483052,0.20572186645994392
31,7,0.15771084898674792,0.21230790137754418,0.20852104270378263,0.19472877532569965,0.18900211914641227
31,8,0.14446347747410873,0.19938962222628837,0.19490430456120417,0.18053484290303767,0.17489642808086175
31,9,0.13334662278868742,0.1882723167193044,0.18322518176111233,0.16856989032875672,0.16298281710006873
31,10,0.1240138542887979,0.1786538503380079,0.173156697624069,0.15842197830659624,0.15289353340115577
31,11,0.11612761214206828,0.17023811137393746,0.16438376208820799,0.1498409029813768,0.14427145752007006
31,12,0.1093908124449003,0.16276732997075388,0.15663455498877232,0.14249779478412214,0.1368227288263798
31,13,0.1035577242070133,0.1560337679160967,0.14969060885324317,0.13601014019744467,0.13034599369664726
31,14,0.09843334690918354,0.1498793586311994,0.14338496219100264,0.13019504897850348,0.12460654465014573
31,15,0.0938674521054162,0.1441894302501628,0.1375948290934647,0.12491529937833352,0.11943159235587905
31,16,0.08974685781409991,0.13888427786195912,0.1322325922057181,0.12007031119860848,0.11478264333988111
31,17,0.0859877616850682,0.13391064272636327,0.12723709795100108,0.11558761489265842,0.11051475129099401
31,18,0.0825289338048671,0.12923409218369963,0.12274274492312151,0.11141553259526615,0.10661206923876454
31,19,0.07932602380346361,0.12483269023671956,0.11883080519123496,0.10753091791188103,0.10296683667063455
31,20,0.07634697363581142,0.1206920299930534,0.1151542878205559,0.1039301304549256,0.09954986368381506
31,21,0.0735684179578698,0.11680154284854788,0.11169720669572442,0.1005478579169897,0.09633989455957472
31,22,0.07097292215496054,0.11315193038425642,0.10844674209175476,0.09738271697382288,0.0933209557009536
31,23,0.068546911670916,0.10973354037412497,0.10539154527755573,0.09442268222824028,0.0904804050583633
31,24,0.06627916327958965,0.10653550467881434,0.10252068358165972,0.09165615064838734,0.08780754033182374
32,1,0.2822297803957296,0.3661347199246958,0.35242795511785596,0.33451962608180785,0.3249200894592427
32,2,0.2591392154422149,0.341672310768776,0.3264610699558924,0.307598891729823,0.2986731324466014
32,3,0.2359766667102528,0.3177477428751043,0.3003339736078552,0.2807071547303219,0.2722541889274268
32,4,0.21335852058674182,0.29414302493243893,0.2748733546639716,0.2549891284226622,0.24693885449141556
32,5,0.19249940668968704,0.27202881734221296,0.252693295559548,0.23142527208920843,0.224065803058166
32,6,0.17407302779752817,0.2521918004054009,0.2336485525651563,0.2109237109415493,0.20417747619915927
32,7,0.15825052707826984,0.23489911652919396,0.21702921071042763,0.19355102459450416,0.18711572556565984
32,8,0.14489011681213676,0.22008090049923043,0.20275286981719348,0.17886947110904455,0.17257753909357623
32,9,0.13369121642413337,0.20748760374714345,0.1905681910740793,0.1664868202613842,0.1603943513928473
32,10,0.12430055482552022,0.19679703669621182,0.18015853667966897,0.15609386979597922,0.15006160326423415
32,11,0.11637558205521877,0.18768118920254326,0.17120667378931348,0.14733834458343797,0.14131343470527397
32,12,0.10961554869426422,0.17984182067739377,0.16342866969875341,0.13980288316666942,0.13391782143110986
32,13,0.1037718751156855,0.1730248055496302,0.15658692122113743,0.133203336285296,0.12759896592213887
32,14,0.09864717885381173,0.16702217190008187,0.15049114283870801,0.12733892891034368,0.12205977649422135
32,15,0.09408912354106108,0.1616681282064736,0.14499349343725515,0.12209580944701234,0.11710219687055039
32,16,0.08998261318832845,0.15683283373197207,0.13998154389402406,0.1174648822935945,0.1126329140190073
32,17,0.08624211060194463,0.15241587527245717,0.1353710456245612,0.11335071694974985,0.10855037412933315
32,18,0.08280484497827896,0.14834033409381545,0.13109940603105708,0.1095445113581538,0.10478169208959294
32,19,0.07962514029139946,0.14454774585755883,0.12712020060687873,0.10603809582513098,0.1013130816444016
32,20,0.07666984307558755,0.14099397429056196,0.12339876262109138,0.10276964394261079,0.09812400339411825
32,21,0.07391472598568781,0.13764590047076572,0.11990876027452872,0.09971783295155087,0.09513831958303408
32,22,0.07134171632984178,0.13447879331244114,0.11662962138624604,0.09687582077728821,0.09237927596614164
32,23,0.06893680509097372,0.131474229130542,0.11354465540480906,0.0942160547955179,0.0897992549599543
32,24,0.06668851026428493,0.1286184461934198,0.11063973046380322,0.09174023063064367,0.08738315805340054
33,1,0.28269456500239004,0.3460636215833415,0.3399266737973963,0.3254772714242066,0.3205883662173315
33,2,0.2594173767808151,0.31942404649612666,0.314061073087214,0.3004661609856139,0.29455226809643953
33,3,0.2360874612483039,0.29222461671267774,0.28767347419953115,0.275192753706521,0.26906452513849555
33,4,0.21332578462694593,0.26552421410930027,0.2618276361994831,0.25045578286342957,0.24480420899190763
33,5,0.1923561621666255,0.2407856339251722,0.23793842600198728,0.22774159790144735,0.22248702990342467
33,6,0.1738571032693769,0.21879373892905943,0.21675298972459184,0.20769380566595413,0.20283525785781276
33,7,0.1579975481617776,0.19975597299693396,0.19845836296179864,0.19036569111323393,0.18598840207563477
33,8,0.14462922347734697,0.1835220306826247,0.18289729580924358,0.17577116065579598,0.1718114884064357
33,9,0.13344359420798851,0.16976095953784012,0.16974053524988458,0.16347567429934026,0.15984558555313721
33,10,0.1240796803514783,0.1591260231053489,0.15908639331756824,0.1530877148734554,0.14975184225328284
33,11,0.11618834775255368,0.1506052236182643,0.1503668486481783,0.1444183478040006,0.14117558021473262
33,12,0.10946371888134449,0.14316109385541673,0.14278632023411142,0.1370439935222638,0.13388211167831643
33,13,0.10365354492995589,0.13646724148609593,0.13609073581570552,0.1306037314950684,0.12756073682017116
33,14,0.09855807160786093,0.13033744571919179,0.13008287486366693,0.12508059463101043,0.12202936456067628
33,15,0.09402366536841927,0.12463748342188832,0.12461448364462734,0.12017729356222295,0.11707390024651002
33,16,0.08993477771731907,0.11987928574959017,0.11957710176315274,0.1158243597779546,0.11260691429462703
33,17,0.08620604976135748,0.1155972641711987,0.11516844658983513,0.11184236170919015,0.10851817039200928
33,18,0.08277533004576836,0.11167427392067769,0.11152784660876106,0.10813425390453904,0.10475253183667692
33,19,0.07959783901321589,0.10820584586587328,0.10813137335480635,0.10468291996643089,0.1012881041802628
33,20,0.07664145851047684,0.10518967850264549,0.1049473308051618,0.10150687720176803,0.09806486716315303
33,21,0.07388302227298356,0.10231982644807103,0.10195394679927688,0.09850920602176029,0.09504256440451726
33,22,0.07130545612803726,0.09958967006714142,0.09913615272115212,0.09576946180792814,0.09221838944072308
33,23,0.0688956227737665,0.09699619017317734,0.09648307707076631,0.09325882148088445,0.08957591959162252
33,24,0.06664274382272613,0.09453779546377011,0.09398614643660064,0.09088496609139189,0.08709975305618592
34,1,0.28293902601008897,0.3366420891853239,0.33408464891479284,0.32609964842687383,0.3199427699074372
34,2,0.25961260836462063,0.3103279907345391,0.30734686283227136,0.2999404056790761,0.2939077913319302
34,3,0.23622553051434927,0.2830620518641307,0.2813828790039109,0.27384550453689077,0.2679051940568024
34,4,0.21340772828021834,0.25681699218811804,0.2563032497958549,0.24856118266003285,0.2431775450120876
34,5,0.1923839166385051,0.2335099420396269,0.2332833037094661,0.2254053531618223,0.22065631189220394
34,6,0.1738311326251581,0.21361416663286678,0.2130270947876366,0.2050663599188433,0.20098702182745182
34,7,0.1579169151281185,0.19632890621347762,0.19568587620610248,0.1878634647365302,0.18426104842136634
34,8,0.1444922333414883,0.18154876829260916,0.18107372548744727,0.17350862234172482,0.17010456434370733
34,9,0.13324870258994279,0.1689940950413363,0.1688401929951949,0.16152618497082613,0.15827381158043322
34,10,0.12382634484770304,0.15885133353441092,0.1585867857743381,0.15169931866963476,0.14835914140737233
34,11,0.11587759978124249,0.15067215007627274,0.1499337478729218,0.1434190344916064,0.13991407966145983
34,12,0.10909839927514589,0.1437875918937435,0.14255085098979015,0.13635074275859496,0.13267832047869327
34,13,0.10323824731377358,0.1379030819132653,0.13616624275307448,0.13025135042781208,0.12637360422315852
34,14,0.09809887292162607,0.13278600023688011,0.13056389179657552,0.1248438103024975,0.12082311785184172
34,15,0.09352772438629088,0.12825689737321336,0.12563984889343704,0.11997953806816027,0.11587441378752661
34,16,0.08940987160043246,0.1241799007082319,0.12145035104282466,0.11554781748276402,0.11138489114093017
34,17,0.08566010507917449,0.12045383575682697,0.11759733315439662,0.11146775684036872,0.10729500402417294
34,18,0.08221599139904358,0.11700460545879407,0.1140149015375138,0.10768120031909978,0.10353332351496325
34,19,0.07903210609989747,0.11377889984671616,0.11065594151080606,0.10417996255645401,0.10005858633233544
34,20,0.07607541125719117,0.1107391106083346,0.10748722991112826,0.10094644290792879,0.09683300103137683
34,21,0.07332164348340585,0.1078592641903934,0.10448562071047383,0.09791304245163034,0.09382440597942929
34,22,0.07075255202252223,0.1051217891940999,0.10163509631731736,0.09506313745367619,0.09100255345581439
34,23,0.06835383397492069,0.10251496067060964,0.09892450356278908,0.09238411151643346,0.08835276896035174
34,24,0.06611363304409591,0.1000308966474783,0.0963458282385357,0.0898657574921024,0.08587236167970089
35,1,0.28160369120303114,0.3526683175281409,0.34398209354129755,0.3264166464524217,0.31851224823009955
35,2,0.258396629250048,0.32570973664658787,0.31692790365715945,0.30004423412106873,0.2926451796615569
35,3,0.23511855253907207,0.2981859341473978,0.28954122768473955,0.27362177385111386,0.2670943487779486
35,4,0.21242305964298214,0.27175327301440333,0.26515227911534056,0.24820814108287265,0.24264285544404607
35,5,0.19152756083565659,0.2478172976273688,0.24273616551905997,0.2254567212975099,0.22039266618118963
35,6,0.17309909590832803,0.226975209739155,0.2229309172152475,0.20622575666153073,0.2009250011503989
35,7,0.15729900097413163,0.20924814946697232,0.20585110258467815,0.18978279719346167,0.18434298588513817
35,8,0.1439753234900473,0.19433686221667498,0.19129983154656072,0.17589465954591643,0.1703749564338384
35,9,0.13281896788975558,0.18180955610035024,0.17893299103145766,0.16414596001527829,0.1586309506112315
35,10,0.12347052851828036,0.1712186117680288,0.16836837095113,0.15418164493777387,0.1486577860669238
35,11,0.11558356633516817,0.16216042410853013,0.1592472162961338,0.1457136944156725,0.14024592692303517
35,12,0.10885523218068945,0.1542981281816975,0.15126192263452448,0.1383697079817625,0.1330439088552755
35,13,0.10303614356527041,0.14736386312257707,0.144163338511414,0.13191148943410344,0.1268062149698988
35,14,0.09792898922100193,0.1411515761243526,0.13775754160608822,0.12615401364267337,0.12127707730093382
35,15,0.0933820493779609,0.13550659112819483,0.13189817105261753,0.12100640848292624,0.11630758240417882
35,16,0.08928114853780211,0.1303150391401338,0.126477620103626,0.11632236441960839,0.11178715426400676
35,17,0.08554180358195548,0.12549446741124795,0.1214186752769001,0.11200850653390008,0.10763385427032582
35,18,0.08210231620105837,0.12098602873820644,0.11666723661696403,0.10800562681201142,0.10378764966237446
35,19,0.07891802763127677,0.11674822538713178,0.1123273187371465,0.10427063715491777,0.10020594577406912
35,20,0.07595670327691177,0.11275201184260389,0.1085291728989063,0.100811204075038,0.096886320197556
35,21,0.07319491476551415,0.1089770166607221,0.1052198097087487,0.0976803268153629,0.09377283391658359
35,22,0.07061526155277145,0.10540865765489768,0.10216911029117781,0.0947631334131768,0.09086236303195844
35,23,0.06820428200908146,0.10203596147621927,0.09929685643748098,0.09201711209000667,0.08813975142827823
35,24,0.06595092360965478,0.09884994062706157,0.09659052964626161,0.08943119214800417,0.08558196867445561
36,1,0.2819463873015278,0.3357955587698962,0.33534894534249426,0.3237621397730412,0.31857373320169413
36,2,0.2587242113972918,0.30932156099684516,0.3091995416127733,0.29759117265040314,0.29285743234246586
36,3,0.23546626292419873,0.2826179312681344,0.2824811345375224,0.2714367953679445,0.2675869629586282
36,4,0.21276803278045123,0.25710026765117694,0.25673047657261516,0.24697417182132778,0.24326251269653082
36,5,0.19184808570330106,0.23391098467074445,0.2333440435784625,0.22475019016073255,0.22117224779100253
36,6,0.17338425949650005,0.21367342479696705,0.2129467098407618,0.2056711751146806,0.20170710133054862
36,7,0.15754692636593653,0.19644940414890028,0.1955936645980047,0.1893285826862156,0.1852073700822307
36,8,0.14419030698989993,0.1819752761519885,0.1810131556055563,0.17537344695855506,0.1713251120966675
36,9,0.1330086760358374,0.16984305197036154,0.16879058739078956,0.16355311330296057,0.15955924036052513
36,10,0.12364376263354551,0.15961805106938098,0.15848700768411422,0.15353180579422163,0.149572370648903
36,11,0.115748842203397,0.15090244704578715,0.14970243962805008,0.14500959026964225,0.14104215107186385
36,12,0.10902006388249952,0.14336162703774558,0.14210158067186907,0.13768448512811376,0.13369843940588524
36,13,0.10320679405098432,0.13672898466889932,0.13541787925608012,0.13131642959210219,0.12729654216460823
36,14,0.09811047762246584,0.13080009606635185,0.12964078525474573,0.12563965468293695,0.12160659797997046
36,15,0.09357827248071306,0.1254227991526951,0.12467774624180941,0.12051042827885035,0.11649490436415637
36,16,0.08949503307493205,0.12048660031653885,0.12013600357345436,0.11582195496585206,0.11190847368168429
36,17,0.08577544683695151,0.11595554860912194,0.11593426354490402,0.11149630400534008,0.1077974158337081
36,18,0.0823570976748875,0.11238205989874034,0.11201460818126435,0.10747735650628129,0.10404032228681084
36,19,0.07919468941157101,0.10902139931955784,0.10833640932296265,0.10372689591228541,0.10057977275724501
36,20,0.07625540518682188,0.10584311887799919,0.10487148360381163,0.10025832293658528,0.0973486976191905
36,21,0.07351527463062263,0.10282634176181371,0.10160030591783964,0.09700903803450575,0.09434808084378918
36,22,0.07095639214986017,0.09995697545511895,0.09850909627867305,0.09400097717915133,0.09152625750227099
36,23,0.06856483509676861,0.0972255187072747,0.09558761860651338,0.0912143898896825,0.08887017054239574
36,24,0.06632914845116178,0.09462535262035177,0.09282755976849885,0.0886010644333518,0.08636921680076345
37,1,0.28336870873624936,0.35378963592628276,0.353441959807667,0.330691037293955,0.32214525048794235
37,2,0.25995717894556253,0.3237631910616634,0.3235471275798875,0.3035452918878959,0.2958027211370127
37,3,0.23644531870786206,0.2928919262647808,0.2928668016740196,0.2762101222443021,0.2695001956254052
37,4,0.2135137869256294,0.26388159307036707,0.26349208256461387,0.25067736618295944,0.2445134534393662
37,5,0.1924032200400859,0.23789042835635663,0.23703149782121746,0.2278439579714075,0.2218563501398779
37,6,0.1737928598461398,0.21556308035673746,0.21442104385803945,0.20823069683180967,0.20228485587926906
37,7,0.1578484308562949,0.19708404840931623,0.19698517577010757,0.19141702686963327,0.18556420139132293
37,8,0.1444172582185572,0.18357095041551183,0.18252986815370684,0.17718500834715528,0.17149234309934724
37,9,0.1331864645617256,0.17189318132737155,0.17037564420687634,0.16518210014182425,0.1596751956277277
37,10,0.12379153763265123,0.16175294637047763,0.16011231879660393,0.1550178741830372,0.14972866913466748
37,11,0.11588076660226398,0.15286147264581437,0.15136162200081926,0.14634202793449508,0.14133490489147413
37,12,0.10914645604324537,0.1449675183632327,0.14394124518736812,0.13885666201188718,0.13411546661124138
37,13,0.10333501784788492,0.13786677430241281,0.1372774397994685,0.1323674824310141,0.1278135998687416
37,14,0.09824559451149774,0.13140065494105893,0.13128020985404767,0.12668656928720584,0.1222270915353866
37,15,0.0937235149044737,0.12647891134047176,0.12614258948123258,0.12158022383756313,0.11722288226525213
37,16,0.08965215952153788,0.12230085490443296,0.12165990597903566,0.11699486809234579,0.11266242033409449
37,17,0.08594502576173081,0.11852121047876121,0.11792624582871113,0.11282053351653468,0.10847304706599821
37,18,0.08253875231014626,0.11506294937425257,0.11450356071845548,0.1089285479719299,0.10460886399275551
37,19,0.07938732208213171,0.11186968690956053,0.11133640341606356,0.10527919359024977,0.10100417120597163
37,20,0.07645740904886641,0.10890039971257234,0.10838422491740075,0.1019096795360693,0.09762278146287993
37,21,0.07372473290806085,0.10612530934423572,0.10561751058555442,0.09873668848268247,0.0944433983548409
37,22,0.07117125995735175,0.10352269564589409,0.1030147693317983,0.0957440975736766,0.09145848328224077
37,23,0.06878309670569879,0.10107644535049728,0.1005602033540433,0.09292190141861292,0.08869798433572995
37,24,0.06654894306983843,0.09877418372706318,0.09824191934044,0.0902616173124153,0.0861052067187101
38,1,0.2847122527949473,0.34035370436661183,0.33459481551355597,0.32589685217868947,0.32253318330017566
38,2,0.26131904656598226,0.30996489855146947,0.30789155023063947,0.30056667315920993,0.29610510082313357
38,3,0.23790247610373952,0.2819519426802475,0.28079393297146604,0.2751044983204651,0.27001965218498214
38,4,0.21505985718012624,0.25835011907003286,0.25748218091320474,0.2503643940758796,0.24522049626121528
38,5,0.19401715662145594,0.23628848373814576,0.23571863641108626,0.22778075874867793,0.22263147957781304
38,6,0.175454271746727,0.21645462684886801,0.2162283567683102,0.20802567789690724,0.20310922557128638
38,7,0.15953988501708202,0.1994108059062163,0.1992315305493165,0.19126732132614532,0.1864121661248671
38,8,0.14612540366622112,0.18527347670065863,0.18462588495687526,0.17712972998528884,0.17243795777305365
38,9,0.13490220402774783,0.17331322570269775,0.17214225414434817,0.16514465844773105,0.16077518553045222
38,10,0.12550929381255885,0.16318880302603267,0.16145265874846626,0.15497042835430663,0.15092741871678644
38,11,0.11759739489138343,0.15456246706047067,0.1529505410230118,0.14630552599899535,0.14255606200130708
38,12,0.11086020503356518,0.14713451644314318,0.14573522951545598,0.1388896458028157,0.1353427162133673
38,13,0.10504471193717674,0.14065562537706783,0.13944913052952945,0.13243892628234208,0.1290425243249021
38,14,0.0999500790507502,0.1349267075342505,0.1338888565451276,0.1268193493197373,0.12348275344113498
38,15,0.09542134243150815,0.1297930034267064,0.12889812332250694,0.12176965223419564,0.11850239200975635
38,16,0.09134147175541385,0.12513630419315236,0.12435937089440476,0.11717894966246918,0.11398255481866167
38,17,0.0876235800408593,0.12086730360657483,0.1201855909313863,0.11304334162845213,0.10988045649328888
38,18,0.08420404316011056,0.1169189270231939,0.11631318092248012,0.10921616218502665,0.1060977565833762
38,19,0.08103675413730059,0.11324087463490873,0.11269605290580652,0.10573861079922556,0.10257513549532601
38,20,0.07808848467708998,0.10979532454055912,0.10930094604979339,0.10249127783434724,0.09930832706490153
38,21,0.07533522572290843,0.1065536261178558,0.10610378344611739,0.09944331616891952,0.09624918014324739
38,22,0.07275935349383848,0.10349378972959816,0.10308688897473757,0.09660069078726959,0.09339383439922995
38,23,0.07034747555774279,0.10059859582966824,0.10023689322485453,0.09396590950026085,0.0907682173755108
38,24,0.06808883140585023,0.09785417841496408,0.09754318381070352,0.09150070886519304,0.08831261607882954
39,1,0.28060238254323167,0.3322776289165582,0.3301376882402742,0.3217173266471721,0.31576753104399835
39,2,0.2573987251167067,0.30651995131172327,0.3032821391754913,0.2958648768330213,0.2906947928646511
39,3,0.23408607824901848,0.2797926271883412,0.27954187406290987,0.2703060131906994,0.26567743426416734
39,4,0.21134345447878877,0.2588914209257831,0.25637946843689857,0.24631976748510107,0.24171587114220056
39,5,0.19040227488879777,0.2397021727691091,0.23495729760258172,0.22443241565170288,0.21989499270583418
39,6,0.1719352287066548,0.22235627192690233,0.21594258696163843,0.20559922984215487,0.2005685874802113
39,7,0.15610664006306144,0.20706446593933692,0.19950035831032836,0.18924037434382618,0.18401597391195249
39,8,0.14276588854391656,0.19376486413309246,0.18603103372846114,0.17529466718706957,0.17010082480705138
39,9,0.13160375768797405,0.1822489163754502,0.1745849137768865,0.16340010915649517,0.1583620907103918
39,10,0.12225986181422774,0.17225287212416124,0.16477461556661782,0.15323722215752011,0.14845783593582995
39,11,0.11438644841883418,0.1635150551606832,0.15630544382835287,0.144533288907657,0.14003045475257508
39,12,0.10767931226010388,0.15580496280943018,0.1489163442364222,0.13704859749765003,0.13280498225972645
39,13,0.10188779693049899,0.1489333356676763,0.1423916817444817,0.13047049519428094,0.12650459639736164
39,14,0.09681344046341427,0.1427514464730798,0.13656127649819744,0.12462748895203654,0.1209477835523745
39,15,0.0923035008174978,0.13714540617914384,0.13129484008047,0.1195635491488622,0.11594899757747687
39,16,0.0882429001391248,0.13202896005483644,0.12649451259872402,0.11507231565340174,0.1113998736301215
39,17,0.08454635930497492,0.12733657796737596,0.12208745310131029,0.11101397590059858,0.1072238587456565
39,18,0.08115147483945168,0.12301761393040866,0.11801935940323598,0.10731111458481475,0.10342531626958218
39,19,0.07801295778827817,0.11903174351077817,0.11424919874643806,0.10387687357484396,0.09993545971385005
39,20,0.07509800370499038,0.11534560999438093,0.11074513490409534,0.10066664601252835,0.09670859285845432
39,21,0.072382662988795,0.11193049558576168,0.10748150998657617,0.09765534611746403,0.09371402245975707
39,22,0.06984905511345635,0.10876080361734636,0.10443669928159686,0.09482425034484518,0.09092512745514922
39,23,0.0674832774125568,0.10581314715334811,0.10159165885086373,0.09215892387539286,0.08833059314126926
39,24,0.06527387785427563,0.1030658653248211,0.09892900400929004,0.0896476887337051,0.08589286715686557
40,1,0.28114434366447055,0.338991979735223,0.33833285729308094,0.32764688269571157,0.3220232121902402
40,2,0.2580468675280917,0.3142824958700491,0.31252242555640597,0.302287131333286,0.2959958760477271
40,3,0.23497192067597703,0.28934868749735276,0.28634390993341996,0.2767016569042529,0.2700926068935323
40,4,0.21245667880649893,0.26481511864292917,0.2623096276496044,0.2522111436961329,0.2458657649017486
40,5,0.19170307017129282,0.24198721027457357,0.24053376227605144,0.23009247300021007,0.2236662085544646
40,6,0.173383001747995,0.2216001186904711,0.22086826742369042,0.2103454663522731,0.20400336051150023
40,7,0.1576650811997514,0.20385891863965974,0.20357723795119118,0.19317110992263414,0.18730119322367927
40,8,0.14440461262165832,0.1886384288868944,0.1886075559289869,0.17859380365501526,0.17316533961339947
40,9,0.13329847370837195,0.17582014674219468,0.175732106201427,0.16623294657040125,0.1612588472551543
40,10,0.12399144372860003,0.16478261502781552,0.16465282271588422,0.1558422247736039,0.15111849427143814
40,11,0.11613971243618686,0.15520098231251397,0.1550659191850663,0.14693666435922298,0.142425932671701
40,12,0.10944197593039703,0.1468287019506835,0.14669636338809752,0.1392337630852591,0.1349802976231757
40,13,0.1036497370121174,0.1394520357373031,0.1393115154576162,0.13253037168904064,0.12848612855509953
40,14,0.0985662067413514,0.13289405418664882,0.13272277759570272,0.12657331892511434,0.12271338557705407
40,15,0.09404000595347899,0.1270123121654169,0.1267814170518915,0.12129555018781794,0.11751449791776984
40,16,0.08995721594124781,0.12169393176213891,0.1213722350232185,0.11653839701785014,0.11277849608014204
40,17,0.08623357118207212,0.11685013870301017,0.1164408993640165,0.11229587979995277,0.10842324242544285
40,18,0.08280756534274042,0.11241121906703547,0.1122690494345068,0.10837330904052773,0.10442579919660784
40,19,0.07963470382664041,0.10854679860363128,0.10843452501579598,0.10472660640140286,0.10072510984749745
40,20,0.07668288061958808,0.10524899189748729,0.10493184572240072,0.10132345688921993,0.09730543033611906
40,21,0.07392875346694736,0.10220016190096179,0.1019969487057947,0.09813974668120005,0.0941384249315807
40,22,0.07135496320126515,0.09937372436690536,0.09926849802662943,0.09515688868030948,0.09120984478287972
40,23,0.06894804868369699,0.0967479127462417,0.09673034178014697,0.09237623753118938,0.08851745362914112
40,24,0.06669692682177764,0.09443241262461602,0.09436836473398671,0.0897946222610215,0.08602785453201926
41,1,0.28124722246341394,0.33212299699212317,0.33191722572227855,0.32593532603030495,0.32133686627437075
41,2,0.2582698974298993,0.30523658621771116,0.3047156437660602,0.3001872950616474,0.2957599336184862
41,3,0.23521968545854002,0.2783683118048055,0.27829069376442617,0.27443829676045545,0.2699509999696138
41,4,0.21271458701532567,0.2533699622662389,0.2530544497173378,0.24941798602749868,0.24510395356159703
41,5,0.19196032245075692,0.2301800663733614,0.22965866275039104,0.22653779565746346,0.2223652446564095
41,6,0.17362419184102224,0.2095302895095847,0.20919248626853088,0.20644021334152102,0.2024314890781458
41,7,0.15787402914584361,0.19160660621007786,0.1914646999772917,0.18915190210137575,0.18538046729232915
41,8,0.1445668770578565,0.17674130579673458,0.17656176216020641,0.17447949144789035,0.1710497593462506
41,9,0.1334025173509735,0.16463623540255828,0.16416977900067922,0.16218110024694352,0.15900409905789048
41,10,0.12402907967026346,0.15437242115384975,0.15363825228448735,0.151853943907781,0.14882057902797535
41,11,0.1161060604371549,0.1456110501419366,0.1448664239366685,0.1430294578431877,0.1402234207870209
41,12,0.1093351186339973,0.13805517608362966,0.13734892554861844,0.13551033438557378,0.1327925517745643
41,13,0.10347024156053344,0.13145918510316773,0.13084643576480603,0.12915159454642186,0.1264200971392711
41,14,0.09831661923751661,0.12562736459481916,0.12555568313261767,0.12362360115757229,0.12087764856566925
41,15,0.09372437388323633,0.12145706353966115,0.12093232445339029,0.11866501593988268,0.11593573641711508
41,16,0.08958066160423347,0.11781693974876148,0.11675022239738274,0.11416072376527238,0.11147339293529128
41,17,0.08580192367342505,0.11448323813045572,0.1129251265160112,0.11005163183913251,0.1073584251804464
41,18,0.08232705224017382,0.11139734159271084,0.10939450592848914,0.10637250473629374,0.10353518171965881
41,19,0.07911170100429064,0.10851704288703154,0.1062451970206731,0.10294473684432948,0.10000261329419469
41,20,0.07612371681469189,0.10581223300129042,0.10344936573447379,0.09973367197083524,0.09672812730105596
41,21,0.07333956455010553,0.10326151874962983,0.10082333125826358,0.09671664400057615,0.09371664677236602
41,22,0.07074158963952307,0.10084961367484216,0.0983472092009849,0.09387684904826435,0.0908798366510417
41,23,0.06831596876701294,0.09856535419747717,0.09600599921440091,0.0912373409905681,0.08820600740916548
41,24,0.0660512180673222,0.09640021555487674,0.09378807885452532,0.08876144526591097,0.08568588570541162
42,1,0.28234712624476005,0.3374391478958537,0.33556113441437185,0.320814784222342,0.3154479365384002
42,2,0.2592454089351405,0.30897040915230095,0.3089360430341622,0.2949407880302105,0.29007520098146217
42,3,0.23611770484638114,0.28373109208597513,0.2818959292619466,0.2699219491522663,0.2650491030340495
42,4,0.21355281781742788,0.25922874216945374,0.257159897777315,0.2459452280396464,0.241073427467494
42,5,0.1927578747674238,0.23681211546322095,0.23441017950574114,0.22394008795487305,0.21924358551837725
42,6,0.17440039076800884,0.21714774047974345,0.2143180199828231,0.20455414166478483,0.20007030742119908
42,7,0.1586449908391766,0.20036405840497173,0.19702735397780072,0.18791638182949622,0.18364581850400546
42,8,0.1453446448749535,0.186267095585121,0.18236072598602973,0.17383773400228572,0.16979875038445572
42,9,0.134195459989101,0.17450723436160637,0.16998391320150208,0.16197686697021088,0.15814527851809998
42,10,0.12484266093314254,0.16469034488102208,0.15969657362850923,0.1522231604914456,0.14835210777255847
42,11,0.11694360413030007,0.15644086614428704,0.15133201826409115,0.14393864045788554,0.1400704038888136
42,12,0.11019841761657545,0.14943076023868185,0.1441155195366813,0.13678645127700334,0.1329823806136028
42,13,0.10435998385078152,0.1433880013415158,0.13809163303180896,0.1305652812929644,0.12682253318117917
42,14,0.09923266395546491,0.13809454128066984,0.13285670279495884,0.12503617595223265,0.1213550198150398
42,15,0.09466592665766854,0.13337980753532352,0.12815855414967015,0.12013198518202688,0.11649752344010726
42,16,0.09054639392980078,0.12911297018341672,0.12388230732222055,0.11573074419606492,0.11216628020805783
42,17,0.08679006777435098,0.12519549906887684,0.11994481629495804,0.11180273660011046,0.10819764202033441
42,18,0.08333548964984624,0.12155460244181704,0.11628675497432062,0.10814999821327528,0.10453774413308133
42,19,0.08013805232326993,0.11813768153712595,0.11286623151316943,0.10473011955899811,0.10112427265640263
42,20,0.07716543273917743,0.11490773709280477,0.10965378251670616,0.10151557825485188,0.09794650501661928
42,21,0.074394014073586,0.11183959610041622,0.10662853904186831,0.09851521691544507,0.09496667217544984
42,22,0.07180613977167423,0.10891682045377987,0.10377535363603316,0.09572199868083338,0.0922033975321418
42,23,0.06938805052855596,0.10612917766634178,0.10108269755089877,0.09312214172797152,0.08961729772733147
42,24,0.06712837523280842,0.10347057974422758,0.09854116410737465,0.09069321816467878,0.08718685568378721
43,1,0.2825659051192913,0.3343761678172344,0.33255006289720723,0.32599060876781716,0.32069971565234917
43,2,0.2594383089485441,0.30633344231140486,0.3054862130444955,0.2996044640185406,0.2948690728708308
43,3,0.23627730594296614,0.27933506989571716,0.2784579740234152,0.27331643669270866,0.2692361017560937
43,4,0.21366139443686064,0.2546887303176959,0.25322045075465716,0.24864862966689652,0.24447546290799985
43,5,0.19280348112563253,0.23205209060969112,0.23100115723295883,0.226415779965942,0.22182392832659326
43,6,0.17437931528581757,0.2121286556619295,0.21158413787350733,0.20703045136505765,0.20199398063829466
43,7,0.15856010373051535,0.19506383463474458,0.19491423048932982,0.1903237591246139,0.18501617609960014
43,8,0.14520261805694795,0.18120809764318946,0.18093768060715093,0.1761338751840406,0.17081844479443326
43,9,0.1340041329527753,0.16967321307366234,0.169130034571657,0.16414503001856806,0.15906433120318186
43,10,0.12460917359404872,0.159837235837046,0.15913118303200724,0.1539910460702779,0.14909981684360032
43,11,0.11667340149142164,0.15138446561614582,0.15059508185219123,0.14537021713556694,0.14061043750345198
43,12,0.10989495113752486,0.1440374865132657,0.14322052647931602,0.13801539708467336,0.1332799965472951
43,13,0.10402486187610563,0.1375682409568859,0.13692443322111858,0.1315685912482217,0.1268632433819215
43,14,0.0988660354107511,0.13179774749423723,0.13148946853109528,0.12583513407882693,0.12118958723889497
43,15,0.09426694413850008,0.12662594793902684,0.1266081746887816,0.12066587153116033,0.11609023493823534
43,16,0.09011366012337815,0.12249903962883082,0.12217268220079443,0.11594912804209483,0.11143558642379887
43,17,0.08632201293568159,0.11871535461249047,0.11810446370325396,0.11161582908659377,0.10714549076830475
43,18,0.08283065798379571,0.11521294133135371,0.11434698944742543,0.10761412839021108,0.10317802171374515
43,19,0.07959529475749658,0.11194688969272029,0.11085963457640456,0.1038812811427825,0.09949083267167445
43,20,0.07658401566848741,0.10888457752519767,0.10761282542144367,0.10038638310339783,0.09607778359527563
43,21,0.07377366030267335,0.10600207217722926,0.10458430885263083,0.09710673670298972,0.09287815997001629
43,22,0.07114702047152847,0.10328146282910514,0.10175639536913793,0.09408159518886593,0.08987962612878844
43,23,0.06869074656621144,0.100708918278158,0.0991140215167275,0.09126828445109891,0.0870746927264708
43,24,0.066393823611896,0.09827329704903945,0.09664348155300383,0.08862171035305014,0.08446602902872583
44,1,0.2813668775208516,0.34394858852935895,0.34321107074841795,0.3333607202561775,0.3244321078778173
44,2,0.25815924767571674,0.3171660647556309,0.31551466460156435,0.30571308583048534,0.29787818574479746
44,3,0.234937327204581,0.29162344263599793,0.2887022462564024,0.2780257072438795,0.2714570138067686
44,4,0.21230652992260474,0.2663200360666028,0.26242917801297755,0.25234200503829224,0.2460998549473831
44,5,0.19147816169317672,0.24260464877274876,0.23809820450333385,0.22884331009691658,0.22311450352855128
44,6,0.17311944226342577,0.22129167943453235,0.2174983750164109,0.20829304920147912,0.20314124755172838
44,7,0.15739110459798833,0.2026512631556899,0.20076382116930636,0.1910483526704983,0.1861920194406147
44,8,0.14414018827405453,0.18660364384974434,0.186307790668581,0.17673954175029405,0.1719373640577309
44,9,0.13305646663241924,0.17491953535054477,0.17441552232532068,0.16489687210986878,0.1599728236886388
44,10,0.12377934022672304,0.16534082755690999,0.16505220619864325,0.15500557515450555,0.14990318680031556
44,11,0.11596124119164976,0.15701046725157541,0.15699498028762193,0.14656752347470023,0.14134807767553698
44,12,0.10929837985823283,0.1502471437071608,0.14996784685591524,0.13934600524409316,0.13399785350957344
44,13,0.1035406856645584,0.14431204009807302,0.14374301927668795,0.13300793832894925,0.12757995199257585
44,14,0.09849041995064749,0.13897590812349592,0.13814120915324887,0.1273575218715409,0.12189819975188228
44,15,0.09399566865574993,0.13408993675253322,0.13302633043911619,0.12226080907482315,0.11679504693269452
44,16,0.08994224990021113,0.12954626830663452,0.12829820028417116,0.11763131430485525,0.1121928921673915
44,17,0.08624581180873253,0.1252695766372653,0.1238851187215203,0.11341809031160006,0.10800129475580647
44,18,0.08284487708075516,0.12120953011450847,0.11973717894448915,0.10950688595373745,0.10412479070446094
44,19,0.07969505640503911,0.11733438670056051,0.11582059785203241,0.10583781496135362,0.10050502827152437
44,20,0.07676440024616586,0.11362571025817714,0.11211308214331289,0.10238269473367749,0.09712869806626687
44,21,0.07402975708118943,0.11007409733973822,0.10860013229545529,0.09912164857985531,0.0939720408096206
44,22,0.07147397978820226,0.10667578233973324,0.10527215671093362,0.09605249535142124,0.0910309685591795
44,23,0.06908382910481987,0.10343000085911569,0.10212227528926376,0.09318604950623384,0.08827869081587103
44,24,0.06684844243366918,0.10033701195579237,0.09914471022055948,0.09047166697774722,0.0856910685727947
45,1,0.28085846005435866,0.3246157592568337,0.3241864411907809,0.3188879047386247,0.315625589781414
45,2,0.2575865971811144,0.2966876207806036,0.2956956036599441,0.29246358600027983,0.2895736019883734
45,3,0.23428475741557547,0.272971585649223,0.272356739034035,0.26682914727602597,0.2637756837713753
45,4,0.2115525171970747,0.25407373921061344,0.2518510069382498,0.24259635412064479,0.239211565319209
45,5,0.19060697017417041,0.23596128736497596,0.2321676761732,0.22097842451046706,0.21730897852822992
45,6,0.1721226570025489,0.21928866083803922,0.21403905820062125,0.20234821338317927,0.19817969576720706
45,7,0.15626720885438694,0.20433612455960648,0.19779346817040294,0.1863047799058658,0.18182327625925035
45,8,0.1428936008662998,0.19112073714015643,0.18347029504477913,0.1726310274014248,0.1679738268058914
45,9,0.13169615246246857,0.17950521562781718,0.17198032312252734,0.16106803213927534,0.1563282812404409
45,10,0.12231735885149049,0.16927833293716715,0.16232291772465884,0.1512985368085103,0.14647485029474677
45,11,0.11441146157804648,0.1602107420566562,0.1538641361094115,0.14293257957010255,0.13812339303361798
45,12,0.10767543068624735,0.1520885680961378,0.1463796711974223,0.13569518604583558,0.13095848878067307
45,13,0.10185914391167553,0.14472965485736994,0.13967592837368836,0.12935522488057924,0.12472235356753252
45,14,0.09676421586221721,0.1379883878736876,0.13359544564197695,0.12372678972876863,0.11922459624445048
45,15,0.09223767605223211,0.13175401267994286,0.12801579772237792,0.11881750212833317,0.11433708783170857
45,16,0.08816402895637154,0.12594580656305965,0.12284531436683283,0.11439783469791967,0.10991729199788883
45,17,0.08445747339266535,0.12050713803884494,0.11801762277997746,0.1104753972272079,0.10585712358695876
45,18,0.08105504144403959,0.11539954196264168,0.11348611724194321,0.10682946480248076,0.10209712038917282
45,19,0.07791088327069205,0.11059738583597745,0.10930380870555381,0.10341656931603857,0.09859751719520889
45,20,0.07499167142124248,0.10608338746065893,0.10539912524925052,0.10020595798052803,0.09535642554051191
45,21,0.07227299622755119,0.1018450675456557,0.1017113790557175,0.09717598367642163,0.09231615764338393
45,22,0.06973659676875847,0.09858158483651919,0.09822685212710142,0.09431128385891396,0.08947976220026323
45,23,0.06736827841064735,0.09571481111022956,0.0952296233659096,0.09160062436395218,0.08682005915398616
45,24,0.06515638672955852,0.09296940696930167,0.09242438405039716,0.08903529480247495,0.08431528815516533
46,1,0.2818140403703479,0.344146412500645,0.3403688593362748,0.326497671137986,0.31857697699036946
46,2,0.25865846118054286,0.3166583051768131,0.3140189659666496,0.30107621369167503,0.2930961134447666
46,3,0.23540919426372145,0.2887715592498287,0.2870902734660976,0.275724620134361,0.2682265501338138
46,4,0.21272155641912782,0.2615509216992144,0.26093238763778737,0.25112396265838244,0.2447699593321314
46,5,0.19181957341408762,0.23750215787299167,0.23698295813232334,0.2288643849097686,0.22337676712036875
46,6,0.173376005978487,0.2176242096410066,0.21594184481293485,0.2096376874380967,0.2045956764189528
46,7,0.15755818307698755,0.20075889962981552,0.1990748392117227,0.19323707306701401,0.1884047158712757
46,8,0.14421940741809788,0.18664606799609873,0.18503703552548093,0.1792775074467851,0.17455255232616435
46,9,0.1330541161508188,0.1748721240299892,0.17319794609688402,0.1674074828951288,0.16276765678071198
46,10,0.12370466045612631,0.16499367658260883,0.16317179136989718,0.1572922005693776,0.1528166739963107
46,11,0.11582496991054779,0.15660535574260076,0.15459542994697714,0.14870279923463953,0.14429498978807298
46,12,0.10911163089535936,0.14936805836201933,0.14715779347617783,0.14140205502643202,0.13693650303099653
46,13,0.10331415188840853,0.14301379853994406,0.14081783556110958,0.134986883319056,0.13047542064684634
46,14,0.09823385926174386,0.13733897616911706,0.1353265716080079,0.12938060991005285,0.12471928577864447
46,15,0.09371761821689813,0.13219328609991293,0.1303674726531865,0.12430036355917036,0.11968420480803377
46,16,0.08964991392364885,0.12746811881675063,0.12583605937386605,0.11964328314338883,0.11513609005981933
46,17,0.08594507470383206,0.12308621550095095,0.12165604387416395,0.11536655012712967,0.1109687711170686
46,18,0.08254040199887674,0.11899318332202163,0.1177725459248661,0.11142240486659764,0.10710940228824228
46,19,0.07939043695688164,0.1151508952521419,0.11414646993831748,0.1077310758041885,0.10355973858854495
46,20,0.07646233975040156,0.11153254234577342,0.11075001687088562,0.1043324589489156,0.1002386921081039
46,21,0.07373225524126331,0.10811902301088377,0.10756319467489234,0.1011575013922946,0.09712230576912548
46,22,0.0711825114912527,0.10489635709531647,0.10457116219825383,0.09817194342754801,0.09424388541106479
46,23,0.06879950432318566,0.10185385528737795,0.10176225089774901,0.09544546645263179,0.09157544040043746
46,24,0.06657214008921464,0.09927023389528378,0.09912653223786275,0.09287878999575591,0.08906670868382481
47,1,0.28373289444356375,0.3341698059865542,0.33209999288698455,0.324315199985507,0.3187417943286042
47,2,0.2604134415801602,0.30556284826251295,0.3049316363715011,0.2990211712657884,0.29328049873642864
47,3,0.23702180945706297,0.2809148964048063,0.2789425998612719,0.27359294529409334,0.2679036951385751
47,4,0.21421394220257323,0.25690970874677144,0.25528558379808614,0.24899552343557557,0.24330802387658323
47,5,0.19321689336861045,0.23486831343509473,0.23339260941762285,0.22661447950705624,0.22094844308210204
47,6,0.17470262841987622,0.2154857066932499,0.21397961977022475,0.20701774724990307,0.20136403635225064
47,7,0.15883350529293813,0.19890370806427948,0.19723329595105846,0.19015132170023974,0.1847135665469974
47,8,0.145456337598573,0.1849275698143798,0.18300762828675526,0.17585551996351065,0.17075409775215122
47,9,0.13425966465821226,0.17319849975005902,0.17113215768175186,0.16385336085162516,0.1590046713696756
47,10,0.1248814105216868,0.16331079707571944,0.16130594288326808,0.1538557887999536,0.14906622599168226
47,11,0.11697266759639946,0.15488006492498657,0.15298178877797172,0.1453812675471828,0.14059703078280741
47,12,0.11022853538233232,0.14757517939130188,0.14584171196684215,0.13819319643376612,0.13332693143330565
47,13,0.10439802736588857,0.1411277161547594,0.1396229841330893,0.13193825475315343,0.12700598921623332
47,14,0.09928261750458243,0.13532943335465047,0.134117290258568,0.12637321860241713,0.12141839941042601
47,15,0.09472967381797552,0.13002452579946577,0.12916436381972918,0.12135142708922672,0.11650948338905871
47,16,0.09062432569692154,0.12510034918513502,0.12464385236906428,0.11678053311208976,0.11207013465977136
47,17,0.08688154043257945,0.12047840689951839,0.12046728813056529,0.11261145735786397,0.10801432896336174
47,18,0.08343916196363203,0.11703557850537832,0.11657095587184799,0.10879901462717752,0.10430451402654459
47,19,0.08025212984504478,0.1138686997824746,0.11290988925402187,0.10522833906460019,0.10084884608315106
47,20,0.07728784422797447,0.11091266533163535,0.10945296818695494,0.1018698651704298,0.09761950630413621
47,21,0.07452254169514794,0.10813534003940722,0.10617899170929027,0.09870303779184249,0.09459344444380163
47,22,0.07193852083589412,0.10551275272502048,0.10307358069287109,0.09571343493888865,0.09174660036047484
47,23,0.06952206398174508,0.10302708427469054,0.1001267767961839,0.09289056234047935,0.0890678829266087
47,24,0.06726192118590722,0.10066508392034729,0.09733122520280765,0.09022620557378828,0.08654903838902195
48,1,0.28254116665299117,0.34702783728149533,0.34374846074359067,0.3306602031205831,0.3235885928002464
48,2,0.25938600057304645,0.3179319300694017,0.31510986338893143,0.304570069901422,0.2975609539535311
48,3,0.23623203031149878,0.28806491208495033,0.28703231003035556,0.2784508701157515,0.271545739916482
48,4,0.21362662411928843,0.26071848829339483,0.260642940192369,0.2534181317592258,0.24663237966405602
48,5,0.19277752405973939,0.23923799055380057,0.23820389501330463,0.23052519686015088,0.22421537004097908
48,6,0.17436014137337172,0.21983703186130477,0.21799138048387934,0.2102265886795834,0.20459054251487716
48,7,0.15854603935146735,0.20269627618920377,0.2002948869268334,0.1928747038115174,0.1879546713735924
48,8,0.1451933828944112,0.18782671186953576,0.18580109321131483,0.17852144501996184,0.17381136318826662
48,9,0.13400159624146626,0.17505095170597734,0.1733555159535186,0.16651813866494544,0.1618034528173683
48,10,0.12461745549100067,0.16410200564877897,0.1626468273375133,0.15625508303748423,0.15158574731040303
48,11,0.1166984575859973,0.15469015737861574,0.1533898934959943,0.14744576325779568,0.14299716163959533
48,12,0.10994387864357559,0.14654186514331613,0.14532151483877898,0.13992185619005443,0.13565016200922947
48,13,0.10410512909028448,0.1394181129353484,0.13821548048183896,0.13329387225305944,0.12922201939205366
48,14,0.09898477426453052,0.1331199645972157,0.1319885038569762,0.1273783842541997,0.12350726411215211
48,15,0.09443038704302531,0.1274872320486839,0.12658979224063657,0.12203415189538136,0.11837799523021464
48,16,0.09032675575976089,0.12239402520509007,0.1216860243922428,0.117212824577142,0.11373987410004187
48,17,0.08658822290657325,0.11774329918734955,0.11718760078292609,0.11286136914153774,0.10948902549925858
48,18,0.0831519154484444,0.11346145656045109,0.11302825929357488,0.10891876548100073,0.1055506488029014
48,19,0.07997209445178026,0.10949346138857524,0.10915954792515414,0.10524434748720898,0.10188382920678807
48,20,0.07701559948164839,0.10579861306391286,0.10554623987676814,0.10180796841081122,0.09846417031146593
48,21,0.07425826189842274,0.10234698598281755,0.10216262580651997,0.09858757562067325,0.0952802555232392
48,22,0.07168213493456399,0.09911648643795679,0.09898957819970611,0.09556647226903148,0.09229808482942214
48,23,0.06927339576540285,0.09609046428756601,0.09601227901532411,0.0927312829656586,0.08950383089411465
48,24,0.06702079417635551,0.09335695239083211,0.09330638569077339,0.09007049929061053,0.08688555886806464
49,1,0.28222477343752467,0.3580253391568131,0.3488210104156334,0.3291086263305324,0.3209597748591633
49,2,0.25907748473246256,0.33045724690763845,0.32207504789288965,0.30321527145614086,0.29500633083808214
49,3,0.23586862107642637,0.3021583195452143,0.2946359335339482,0.2770103986480137,0.2693079204971768
49,4,0.21321925255266627,0.27444109083937684,0.2678164918376705,0.2520624692668765,0.2446286270749008
49,5,0.19234429437687592,0.2488363809571363,0.24307847292543144,0.22923079121730044,0.22231005762559683
49,6,0.17391668214311604,0.22613474247652723,0.2211585621588742,0.20914788571132575,0.20267886467667248
49,7,0.15810513087926079,0.2065196790327792,0.2033823157937002,0.19211479072266574,0.18582054987578828
49,8,0.1447641274814339,0.1898037715786803,0.1890023075534354,0.17785832177804212,0.17160887798741595
49,9,0.13358919725065632,0.17796428442942397,0.176791635531182,0.16593430995301742,0.15961779840009976
49,10,0.12422372225257064,0.16922098376362782,0.16638348324362462,0.15581748201189385,0.14947017759954767
49,11,0.11632263633340027,0.16166389614276871,0.15742578015127356,0.14716740336268963,0.14083801897057996
49,12,0.10958354364776732,0.15502446150522636,0.1504304881462425,0.13972875494284911,0.1334780467114092
49,13,0.10375699320093211,0.1490841414515892,0.1443776550227236,0.13324905845864704,0.1270961776007082
49,14,0.09864534767203896,0.143674468682705,0.13896245536678742,0.12750999299029683,0.12149739525485592
49,15,0.09409645808186844,0.13867138734772472,0.13404144901303494,0.122359494218334,0.11648939607535383
49,16,0.08999569701885189,0.1339874175341888,0.12950973976506308,0.11768281068437443,0.11195217369759383
49,17,0.08625814329452858,0.12956358069559598,0.12529249750490612,0.11339445055352253,0.1078818019934414
49,18,0.0828216874554365,0.1253620324461837,0.12133751754973941,0.10943123643132968,0.10422605111714259
49,19,0.0796412885551641,0.12135978882357351,0.11760905484168648,0.10574663404326234,0.10082861617304736
49,20,0.07668435672511661,0.11754363858740902,0.11408290463981623,0.102306273419567,0.09766460530390164
49,21,0.07392713270968311,0.11390619207974018,0.11074259218267775,0.09908448954813481,0.09471190276278098
49,22,0.07135190820163642,0.11044295468890969,0.10757650337562592,0.0960616944847836,0.09193609131650685
49,23,0.06894493760066868,0.10715028888071032,0.10457579354836057,0.09327309669119206,0.0893228013165818
49,24,0.0666949109467273,0.10402412163539215,0.10173292904264651,0.09072346442314676,0.08686061932934
50,1,0.2809291202951983,0.3336429825517663,0.3329553473080781,0.323373040393505,0.31748502265028317
50,2,0.25796362172617365,0.31121267991068313,0.3091850001236994,0.29788127537754905,0.2926318349787288
50,3,0.2349493525198438,0.2889172251286048,0.28521123317968905,0.272653125039677,0.26825343849790995
50,4,0.21246445855607388,0.26691993892500915,0.26179232798188423,0.2496194788077913,0.2445458750509768
50,5,0.1917142859608637,0.24638723155111203,0.240176924619595,0.22861518315456725,0.2228248566569368
50,6,0.1733736918182477,0.22805033567486788,0.22103612605550985,0.20997392612823948,0.20369826070002026
50,7,0.15761757892061212,0.21215814934758326,0.20601275941944935,0.1939104077692334,0.1875208227964868
50,8,0.14430804614353063,0.1986429992602179,0.1933037230522755,0.18016129362368824,0.1737887139310254
50,9,0.133147821188305,0.18726221446640323,0.1825290439230431,0.16842815427818175,0.1620925931213792
50,10,0.1237862531870975,0.17770055330571966,0.1733876865977359,0.15853631152805198,0.152138976136094
50,11,0.11588287966418231,0.1696359594310104,0.16557688103022855,0.15003432005143882,0.14363293660600457
50,12,0.1091387158582508,0.1627751180132616,0.1588245114953215,0.14280491258741157,0.13626289862619237
50,13,0.10330677090429244,0.15686824644804154,0.15290218261757627,0.13643243912693787,0.12982574143382353
50,14,0.09819113515156941,0.15171170266855794,0.14762698558462634,0.13073494625319393,0.12412403915127715
50,15,0.09364082423812771,0.14714446467976516,0.14285758257670167,0.12559223295511948,0.11905513473351795
50,16,0.08954193542899203,0.14304213542908184,0.13848799961859443,0.1209119054659827,0.11446737814345007
50,17,0.08580992098506393,0.1393104302685358,0.13444095176389476,0.11662267341197459,0.1102634907955576
50,18,0.08238276042522207,0.13587907323702564,0.13066157381062815,0.11263301754299922,0.10636461108936435
50,19,0.07921527203158232,0.13269646399513257,0.12711190987911875,0.10889889455826815,0.10273008444334157
50,20,0.07627454491145683,0.12972519572234192,0.12376625723115196,0.10539423694709375,0.09933097600075262
50,21,0.07353636654453564,0.12693837911971767,0.12060734608621344,0.10210071931464677,0.09614644275794564
50,22,0.0709824908395272,0.1243166825016025,0.11762329539388393,0.0990048990702899,0.09316094449098099
50,23,0.06859859649823573,0.12184599009776842,0.11480527321176066,0.09617256739187402,0.09036216612166291
50,24,0.06637280325778659,0.11951558764565884,0.11214578800108564,0.09357022052219602,0.08773953143662258
51,1,0.2810139609176618,0.3373306774451731,0.3354512809283854,0.3299907323374378,0.3225879731903614
51,2,0.25806568698245697,0.31087460731882954,0.3100573483906278,0.3037050101653568,0.2964686454855707
51,3,0.23506680386479295,0.2844781990118961,0.2842206788699687,0.2772044223620587,0.27021221955098323
51,4,0.21258320490069216,0.2599770522028767,0.2589608423597561,0.2515352106094905,0.24494694892217397
51,5,0.19181883714892933,0.23705836470434064,0.2356601320420751,0.22819448403169793,0.22211713434533809
51,6,0.17345142654642284,0.2164908825077603,0.21504524281798854,0.20788552697769408,0.20212411500196895
51,7,0.15765989517946874,0.1985222963611624,0.1972856317034869,0.19045588027351043,0.18506637874441106
51,8,0.14431019058415864,0.1830664928502719,0.18221099121577483,0.17574421673290724,0.17064543478834335
51,9,0.13310807476963482,0.16985960627554872,0.16948396126133713,0.16334443455745312,0.15858976909689954
51,10,0.12370491842035927,0.15886323249536644,0.15871701124504528,0.15299890006229636,0.14842882181503186
51,11,0.11576135835075423,0.15020961053308446,0.1498472408333203,0.14424130630277485,0.13990622017913396
51,12,0.10897879974882542,0.1427986124438027,0.14248501223814297,0.13682277579491103,0.13263938449007467
51,13,0.10311016398842318,0.13634891680597988,0.13612572124969113,0.13036210391166714,0.12629877833120468
51,14,0.09795917954558261,0.1306414501041277,0.13054843137839273,0.12465520735831681,0.12070372853042104
51,15,0.09337438626649341,0.12565536882234293,0.12558264130610752,0.11954476636924811,0.11575310077252363
51,16,0.08924140780853664,0.1213680494199216,0.1210993299012283,0.1150148602377298,0.11130920823988784
51,17,0.08547530220594143,0.1174916148467631,0.1170023716730804,0.11094500990064718,0.10723722711189047
51,18,0.0820137790773389,0.11394968143771775,0.1132210530830662,0.10720635662112406,0.10347390092018711
51,19,0.07881153012356304,0.11068538263209063,0.10970387038047498,0.10373613299580833,0.09999200674578419
51,20,0.07583565973508714,0.10765654701289837,0.10650314563364525,0.10051433939318613,0.09674747312574841
51,21,0.07306209551948077,0.10483187412215098,0.10391161459891347,0.09751215532517472,0.09370462207451118
51,22,0.07047282835212196,0.10218795160879582,0.10147029652062882,0.09472578127902047,0.09085128481067242
51,23,0.06805383625675789,0.09970696087695549,0.09916450477126167,0.09213521075797303,0.08817051441866591
51,24,0.06579356415292352,0.09737493808538902,0.09698372076388338,0.08970370026451975,0.08565137335785641
52,1,0.281066817410332,0.34396583077233767,0.34215155654799173,0.3244289595412191,0.3180500990573394
52,2,0.25818303314846597,0.3181420780431764,0.3166555202094312,0.2995056174012151,0.29316418658731497
52,3,0.2352326695522872,0.2919017541218001,0.29066429618601786,0.274394264143463,0.2682085144469485
52,4,0.21280128300985965,0.2663867764176926,0.2651460911224379,0.24995757816374375,0.24426022198539105
52,5,0.19209175855971616,0.24297256213687987,0.24211090402152186,0.2279489582129496,0.2222870228067885
52,6,0.1737776937002959,0.22234671885189364,0.22230501180462264,0.20851961310796993,0.2029976594395683
52,7,0.15803544706565312,0.2055842599930001,0.20511652311303136,0.19186273946682278,0.1863225426293964
52,8,0.14473005386901516,0.1911558057383588,0.19042417246622337,0.17768082032941507,0.17209442554690954
52,9,0.13356734467625617,0.17874653670714954,0.17794068301145788,0.1656076023132976,0.16013883869587264
52,10,0.12419924255338399,0.1680533934492001,0.16732027739585228,0.1553872000757445,0.15003310847988943
52,11,0.11628709912079259,0.15876812324865688,0.15822345041866523,0.14660058683242347,0.14145821618650511
52,12,0.10953300367357346,0.15061322895172066,0.15034933905151507,0.1389631074149868,0.13412216074157082
52,13,0.10369043477313625,0.14353776129031484,0.14344718113012744,0.13224080773871139,0.1277127273659076
52,14,0.09856351787017024,0.13781891293674584,0.1373162065369849,0.12629244335003303,0.12202675654820941
52,15,0.09400103111772365,0.13275812531443834,0.13180014364207465,0.12097808695305501,0.11693375894278484
52,16,0.0898886963843834,0.12822290504467712,0.12677989000435996,0.11622222273859868,0.11233488282221209
52,17,0.08614155584235285,0.12411167394368974,0.1221661510038656,0.11186432778192086,0.10811421779412911
52,18,0.08269721811245045,0.12034734061355731,0.1178928374214864,0.10790906932743509,0.10424677387400913
52,19,0.0795102185887265,0.11687193189135778,0.11391148103550858,0.10425949891862796,0.1006825995274387
52,20,0.07654747957140674,0.11364220662700777,0.11018667419199496,0.10085204203346801,0.0973545541426901
52,21,0.0737847487746053,0.11062610998158304,0.10669243472325887,0.09766113194284641,0.0942385332720642
52,22,0.07120386424856406,0.10779992230095406,0.10340936624888838,0.09466739092491408,0.09133212099500951
52,23,0.0687906982816423,0.10514597599638884,0.10032248522807696,0.09185554977195348,0.0886134639113947
52,24,0.06653365074421005,0.10265083904443414,0.09741959951258045,0.0892129414500489,0.08607006666870297
53,1,0.2801258803948995,0.33232400762452685,0.3271554766391461,0.3174881834889562,0.3133194900173778
53,2,0.2569679164063411,0.30545849846382134,0.3005823555193752,0.291836777452413,0.2879805685397661
53,3,0.23381634255056208,0.2781224699286312,0.27546576362585795,0.26666927027391585,0.2631151016516365
53,4,0.21124203124352994,0.25166743067010233,0.2509405035967991,0.243074431259752,0.2390992058861942
53,5,0.19045452733164217,0.22912799937547426,0.2283296751813685,0.22188848766224045,0.21737391228249142
53,6,0.17212622210615827,0.21032040136477778,0.20854491039949818,0.20292934790637945,0.19858496594476782
53,7,0.15642238853400095,0.1940525256635501,0.19259991129887777,0.1867379786280824,0.18239351612479635
53,8,0.1431930405887197,0.18025029391047778,0.178940819449005,0.1730533000150694,0.16861042301152177
53,9,0.13212943151368897,0.16865381426517898,0.16743759386937201,0.1614352139354555,0.1570007750230959
53,10,0.12287134738633865,0.15892711709601,0.1579923904055608,0.1516099290937981,0.147318598253767
53,11,0.11507102956124583,0.1507292209171386,0.14992546976712534,0.1431991323314497,0.1391726808341675
53,12,0.10842434400516666,0.14375266145381235,0.14295338354739473,0.13606468526254006,0.13213181258844808
53,13,0.10268097553449457,0.1377392043443558,0.13684179257330603,0.12977740120055542,0.12595628908463
53,14,0.09764314684552776,0.1324819812053036,0.1314058933327586,0.12417975413202198,0.12046449987628167
53,15,0.09315911961963572,0.12782077129227262,0.12650491066363662,0.11922516410227009,0.11551601462449643
53,16,0.08911505658582981,0.12363458458971557,0.12203442839380117,0.1146884165847083,0.11102002484335201
53,17,0.08542705112792269,0.11983381121575479,0.11791857554990619,0.1105116262897869,0.10689129595180895
53,18,0.08203410113241998,0.11635301784779864,0.11410300801087118,0.1067785902699236,0.10308998924473953
53,19,0.0788922614345731,0.11314480750803393,0.11054902735788384,0.10337218444546477,0.09955914190854429
53,20,0.07596995109054301,0.1101748198626499,0.1072288749885973,0.10018200713216312,0.0962760707135519
53,21,0.07324428615460983,0.10741779416977046,0.10412210155196437,0.09718466529013528,0.09320515459483508
53,22,0.07069827910147483,0.10485455871291108,0.10136982761024804,0.09436278167201197,0.0903124907267063
53,23,0.06831875086912063,0.1024697991775004,0.09889718615180654,0.0917030421686874,0.08758546647183439
53,24,0.06609481929316699,0.10025046719977196,0.09656126111477167,0.08919475432986045,0.08501389771095531
54,1,0.2847871815688391,0.3310226799665507,0.3310040149183143,0.32361957710070016,0.31899060147507047
54,2,0.2614984455698487,0.3061439363812318,0.3057734086345685,0.29838790479136273,0.2939858173076956
54,3,0.23813746463782756,0.2810074360060913,0.2803632056571743,0.27316360773755954,0.26904153631478106
54,4,0.21531621611854249,0.2563666272369669,0.2555261313052213,0.2487320093411963,0.24503683910153767
54,5,0.1942591109021935,0.23354482781885727,0.23259485892890663,0.22616895919147684,0.2230166615296568
54,6,0.1756469454537641,0.21325777545380475,0.21228108476448937,0.20658882553555097,0.2036089154631065
54,7,0.1596532992720764,0.1956843538561146,0.1952804568056506,0.18998701399777623,0.18690541221822365
54,8,0.1461359200198661,0.18137224980523878,0.1810231988382538,0.1759491649945468,0.1727276973047252
54,9,0.13479256302666606,0.16997467705728478,0.1689435845851467,0.1640441999783852,0.16071617829435458
54,10,0.1252681501578569,0.16035107562545467,0.15869214184077246,0.15398105449867222,0.1505267920848093
54,11,0.11721869166583332,0.15216899236721962,0.14992677078892258,0.14537794380991925,0.14182469105093218
54,12,0.11034250936072806,0.14513019713387557,0.14234523731535825,0.1379454100284711,0.13431727522506098
54,13,0.10439054871928556,0.1389838578431898,0.13583762700567625,0.13145101532654174,0.1277844489390866
54,14,0.09916526893981566,0.1335279104950263,0.13042647959061818,0.12569299135573728,0.12205216340541561
54,15,0.09451434552879484,0.1286046997385231,0.12552146524909344,0.12051825292642962,0.1169737473669031
54,16,0.09032274318075412,0.12409445536715266,0.12101083147366395,0.11581509874653832,0.11236744761752311
54,17,0.08650494921929118,0.1199084601504852,0.11681359607989256,0.111529523722245,0.10816253780621606
54,18,0.08299813209075751,0.11598274992596738,0.11287247214557278,0.10760674902424483,0.1043016266447585
54,19,0.07975645030971812,0.11227264243770532,0.10914797812495308,0.10395917910422388,0.10071155545718569
54,20,0.07674648221459007,0.10874812753528071,0.10561366805850728,0.10055169096319432,0.09735747029023213
54,21,0.07394364468341064,0.10539004218359191,0.10231191811027573,0.09735790601923847,0.09421754512686167
54,22,0.07132944290730643,0.10218692403749732,0.09932926100310355,0.09437925836596878,0.09128773520892673
54,23,0.06888940136337991,0.0991324443835617,0.0965931314064209,0.09164795232171079,0.08854538013197563
54,24,0.06661154637512165,0.0962233415258951,0.09399853420294033,0.08907996447435552,0.08597951626123591
55,1,0.278121442768887,0.3440567871253536,0.3399594174458349,0.3270704348223573,0.31833159869539746
55,2,0.2553848777040534,0.3185378455633515,0.3148138919317408,0.3014417256780976,0.2929755652273055
55,3,0.23257698467812302,0.2921254756205255,0.28904869077126105,0.2756919958552707,0.26737195136224096
55,4,0.21028802268877456,0.26647521753800796,0.26389266225859564,0.2507360242766095,0.2428416285422163
55,5,0.18971416449467163,0.24298551368533275,0.24173742767743395,0.22816045166589,0.22058955940711092
55,6,0.17152241108563437,0.2223046283344551,0.22229703374391796,0.20861921671042202,0.20115229711888877
55,7,0.1558859204092701,0.20642575597118967,0.20547358236972324,0.19200640888657175,0.18455872129906972
55,8,0.14266915091532384,0.19280061212604283,0.19109760605590337,0.17780774739162597,0.1705454902406111
55,9,0.1315789182088723,0.18116399955917295,0.17884934171624167,0.16570569339389657,0.158678523618642
55,10,0.12226894427152608,0.1712113633638152,0.1683677349881093,0.15540382360630806,0.14863932389878062
55,11,0.11440268560118794,0.16264301347146282,0.15931285835378145,0.14657013669765181,0.14003906438676056
55,12,0.10768433428713678,0.15519369377981507,0.15139415376575793,0.13889471280617222,0.13267380922111946
55,13,0.10186931688941606,0.14864285282464157,0.1448724444177676,0.13232387385808192,0.1263430124677682
55,14,0.09676349854484,0.14281425552034083,0.13919236053718637,0.12648915161235047,0.12071555920858652
55,15,0.09221718748527687,0.1375706863229923,0.13408290798275524,0.12126278828885569,0.11564135612176332
55,16,0.0881174462851098,0.13280707305535178,0.1294308570102496,0.1165326226096072,0.11100779968675283
55,17,0.08438049295258894,0.12844373071409182,0.12515174551369146,0.11217103045183338,0.10673682693544054
55,18,0.08094496728960583,0.12442045707674743,0.12118330951412064,0.10819093861134829,0.10281043378212473
55,19,0.07776630377724554,0.12069169027411036,0.1174800505324642,0.10449781565077634,0.09916785070056734
55,20,0.07481219641528168,0.11722268547568826,0.11400889132471202,0.10103399498024904,0.09580176509799834
55,21,0.07205903590986412,0.11398656543275654,0.11074577213857671,0.09777909967595451,0.0926797902437304
55,22,0.06948917029816606,0.11096207627225735,0.10767301784892601,0.09471814733243367,0.08977133932750997
55,23,0.06708884508970199,0.10813189432304465,0.10477732041032438,0.09183944736044225,0.08707921438192111
55,24,0.06484669662772619,0.10548135871587905,0.10204820843363203,0.0891330949994654,0.08455023030812614
56,1,0.2816328571337933,0.35002885295811126,0.3444958939495378,0.325827727418787,0.3195200280475478
56,2,0.2585967887728171,0.32467315026194354,0.3171135426786414,0.29963284173708205,0.2933433119728927
56,3,0.23550933895831969,0.29829513722843615,0.2889648641051506,0.27342423698512397,0.2675850034102888
56,4,0.2129557386096075,0.2724959999223303,0.2622854273098488,0.2479996503950249,0.2434240014277312
56,5,0.1921438702914416,0.24869196980424477,0.23907116197846534,0.225567454930305,0.2215014489860018
56,6,0.17374785024489753,0.22758631828408318,0.21851894746600745,0.20643977385628345,0.20213318189435175
56,7,0.15794136649490237,0.20933517899839502,0.2008996944142683,0.18999958774723508,0.18542596594176616
56,8,0.14458556600409447,0.19375958731405588,0.1874140575802175,0.17602250359721947,0.17118044563771373
56,9,0.1333825772949317,0.18051719473608605,0.1759298046277319,0.16415132186283238,0.1591721276293248
56,10,0.12398142902044061,0.1692189638294644,0.16611161451077328,0.1540371155735255,0.1489988475922744
56,11,0.1160414805504676,0.15949548466353372,0.15763805203961717,0.14546276554481652,0.1403741534208182
56,12,0.1092635911712736,0.151027112745346,0.15022951927797457,0.13803551121133886,0.13294680343603035
56,13,0.10340056399938959,0.1437616106820956,0.1436569800342986,0.1316500130020944,0.1264801527615612
56,14,0.09825620548414772,0.13861574885437844,0.13774039652259612,0.12600688955909747,0.12081989649779552
56,15,0.09367917282250554,0.133878257369213,0.13234258416644634,0.1209314842598866,0.11581573440619022
56,16,0.08955515254751044,0.12946450261770026,0.12736167716286156,0.11631117373637254,0.11129470698176172
56,17,0.08579916604621665,0.12531483085057987,0.12272378481985209,0.11206235972667444,0.10718062659973437
56,18,0.08234877742813283,0.12138870876336488,0.11837650053100661,0.10812700735417032,0.10337509138241034
56,19,0.07915843914857876,0.11765971633902877,0.11428345137341643,0.10449651876264214,0.09983331881531009
56,20,0.07619495262716966,0.11411141739820835,0.11041985794021379,0.10110187365750847,0.09654522260124836
56,21,0.07343391552948872,0.11073404202458326,0.10676899104962696,0.09791906771988447,0.093468978274
56,22,0.0708569985731208,0.10752188671866147,0.10331939458523086,0.0949300488317738,0.09058220489387314
56,23,0.06844990093338449,0.10447133736180952,0.10006275385579162,0.09212075221205256,0.08786520132278405
56,24,0.06620085271327122,0.1015794283323761,0.09699230707658417,0.08947965202204942,0.08531335519123742
57,1,0.2805320368300414,0.33898451834926124,0.33876598034740363,0.3312048838767841,0.32382306352441664
57,2,0.2574778911174356,0.31421713808934126,0.3141740383884361,0.3049925289761686,0.2977119733129182
57,3,0.23436992915992808,0.289366380906811,0.28922958281384986,0.2787753675231289,0.27133075932541606
57,4,0.21181582597135226,0.26510787115323176,0.2647960763939783,0.2532503396745146,0.2458379017390973
57,5,0.19102612612457492,0.24270964943772924,0.24223320468961865,0.23003659123003656,0.22311244379336265
57,6,0.17267364678509828,0.22286453720013125,0.222239331739342,0.20957876419585103,0.2032805288248384
57,7,0.15692805763802273,0.20574573266725724,0.20498644542545383,0.19203775861821581,0.18621281678950521
57,8,0.1436452981748025,0.1912008984174519,0.19031829241887413,0.17733254942091237,0.17176419346643312
57,9,0.13252234910016278,0.17891344847317894,0.17791366753569673,0.16491193713985186,0.15957341942937692
57,10,0.12320374765009123,0.1685152942642413,0.1673999987094053,0.15442966289661691,0.14926269899648187
57,11,0.11534522995221078,0.159652837416934,0.15841967338272714,0.14563573613614497,0.14047938332073645
57,12,0.10864491671127258,0.1520180178599667,0.15066120911724754,0.1381169605591021,0.13293398712720073
57,13,0.10285368453739789,0.14535765055643704,0.14386865408326552,0.1316335142665091,0.1264290648444276
57,14,0.0977741207043259,0.13947128999943934,0.13783949924736447,0.12592864839478246,0.12070355428478319
57,15,0.09325425864807668,0.13420414516864707,0.13241761768460436,0.12083191474484442,0.1155839905746735
57,16,0.08917964640607746,0.12943866273476443,0.12748483632389077,0.11622370972767926,0.11098003991112523
57,17,0.085465546647743,0.12508653250695087,0.12295289230398754,0.11204265199669824,0.10687355429283356
57,18,0.0820500450786151,0.12108181143590649,0.11875647848176887,0.10819398930826603,0.10313346927266731
57,19,0.07888830401337528,0.11737532050895841,0.1148475449344343,0.10463505827874982,0.09967234918244809
57,20,0.07594794003684337,0.11393022329066985,0.11119077669851313,0.10134777793850525,0.09645308189112645
57,21,0.073205399173893,0.11071860662899549,0.10776007582289818,0.09828085429467684,0.09348638612396738
57,22,0.07064317397057542,0.10771887263555399,0.10453585998074416,0.09542659799966521,0.09072284149753698
57,23,0.06824771267048156,0.10491377250353603,0.10150300813135318,0.09273871829895204,0.08814580248630173
57,24,0.06600788947769498,0.10228894428035426,0.09864931403687399,0.09020600994554422,0.0857169887875906
58,1,0.2838962660371577,0.34049769699064036,0.3402322376982389,0.3304333286482203,0.3237191622216337
58,2,0.26046520128623724,0.31614380664705105,0.31490599231806937,0.30325656647299837,0.2967297723076427
58,3,0.23695219196957407,0.2913923249740839,0.2890743399467465,0.27579560014929255,0.2699807864030161
58,4,0.2140336559110957,0.2670439808161111,0.26375454552240946,0.25018084421136455,0.24494011148411093
58,5,0.19294215103113074,0.24440245443552994,0.24030651943008025,0.22743856200176812,0.22248454807320805
58,6,0.17434968041230042,0.22418881324220225,0.2194440494964635,0.20745837337850953,0.20295717791630846
58,7,0.15841624751372596,0.20659875048607718,0.2013359744569952,0.1903389988191425,0.186243645906591
58,8,0.14498561724885167,0.19150294686584923,0.18581978953927053,0.17602067132436847,0.1720719921657601
58,9,0.1337435192486397,0.17860728615143234,0.17335130895800555,0.16391984278078428,0.1600951436842869
58,10,0.12432562375977538,0.16756267319734308,0.16289397858837484,0.15378020551972868,0.14998477944979016
58,11,0.11638132577537412,0.1580301613857304,0.15381200072502305,0.1452098976527127,0.1413545886843951
58,12,0.10960448702420228,0.14971242770569726,0.14585433829339606,0.13780564358817574,0.13396057316669677
58,13,0.10374324773367015,0.14236396823042025,0.13880725564071555,0.13129911680133066,0.12756168436170728
58,14,0.09859850644674178,0.13578985589798553,0.13249715327454648,0.12556534981077921,0.12190382258099879
58,15,0.0940173115246057,0.12983942570796153,0.12713843716198586,0.12045777739557943,0.11685800674822752
58,16,0.08988469881544357,0.1243984481302482,0.12255701037476248,0.11588993670950934,0.1122829524555989
58,17,0.08611574010290067,0.11938153523864276,0.11834587057158612,0.11170430570110199,0.108086042616103
58,18,0.08264854845157639,0.11472549422926398,0.11444005636065534,0.1078388229605802,0.10423966430026907
58,19,0.07943845560055936,0.1112013087552007,0.11079256303103142,0.10423071543672913,0.10071409471451072
58,20,0.07645332756261518,0.10841730894647048,0.10736978335501719,0.1008606650418841,0.09745532852608911
58,21,0.07366988593597065,0.10578035647096215,0.10414785445453044,0.09773628122862439,0.09439682073902143
58,22,0.07107087791996111,0.10327579896224279,0.10110976594803926,0.0947960939254994,0.09153583819356342
58,23,0.06864294624343655,0.10089411847418142,0.09824309958465029,0.09203472044100229,0.08887234805536737
58,24,0.06637506985530343,0.09862898285588986,0.09553829319612943,0.08948458058431598,0.0863698427722349
59,1,0.2835927745903442,0.341238334812927,0.33673325531595033,0.326503052401496,0.321470707641713
59,2,0.2601653143041551,0.31814685913124596,0.31241138915943933,0.30115255562907367,0.2952062425775504
59,3,0.23667250879971768,0.29418269079023696,0.2875053823192226,0.2757783585038701,0.2690778935932817
59,4,0.21377862625858332,0.2704183315243137,0.26357973244881466,0.2509992479770917,0.24475133027754134
59,5,0.19270896237532992,0.248144249773897,0.24129895194321316,0.22833522021051214,0.22276587281994104
59,6,0.17413086740456044,0.22808351893511006,0.22136043323227705,0.20853256767324907,0.2033398297635948
59,7,0.15820190205309803,0.21048235950673191,0.2039658856840928,0.19151174306767244,0.18651527352045436
59,8,0.14476558139686632,0.19527526058159975,0.1891904866083039,0.17698619204579752,0.1721535253527891
59,9,0.13350911635203494,0.18222567514687385,0.17677219314776516,0.16462814023456757,0.15997933745711504
59,10,0.12407063414260257,0.17102878526657536,0.16611813870895797,0.15418241276905462,0.14970513041240632
59,11,0.11610227754862523,0.16137535865196964,0.156915340658411,0.14547037284411182,0.14093507887249127
59,12,0.10930047323767658,0.15298485237440676,0.14888476649984606,0.13809862616714155,0.13338580434848885
59,13,0.10341547407524981,0.14561836544492687,0.1417935293120009,0.131597049339742,0.1268203800823602
59,14,0.09824972139560419,0.13908021994109496,0.13545540038114118,0.12580194186151966,0.12098932906853169
59,15,0.09365121811285013,0.13321406651849851,0.1297257355786567,0.12060029106901933,0.11573361172864778
59,16,0.08950540774243246,0.12789697064724995,0.12449441773302251,0.11586567292222585,0.11099725507079253
59,17,0.08572729820918484,0.12303328128825655,0.11967870548053573,0.11151939123984156,0.10665784861374836
59,18,0.082254560580195,0.1185490925884016,0.11521684839925374,0.10748560329149719,0.10264574138332276
59,19,0.07904180776321118,0.11438756826637428,0.11106276333858055,0.10372530607052914,0.09893552196712001
59,20,0.07605601238520665,0.1105051312066497,0.10718178426402618,0.10034458226585388,0.09549058755307269
59,21,0.07327292600151188,0.10686840866556316,0.10359827050496134,0.09719447161222536,0.092286930143965
59,22,0.07067433808190074,0.10345179368296595,0.10066218590932885,0.09423914389431039,0.08928699867604971
59,23,0.06824602200150244,0.10023549333013462,0.09789862544328562,0.09146534296656159,0.08654454413627471
59,24,0.0659762355431239,0.09720396024420266,0.09529590612432182,0.08887543943877199,0.08398052060634997
60,1,0.2812456049538665,0.33749165705587214,0.33686026664015734,0.32783181584130877,0.3202854374488352
60,2,0.25807217447618486,0.31166223397221504,0.31165179414504607,0.302099517810268,0.2948124495411669
60,3,0.23482282369225607,0.2862154927365276,0.28552661307331745,0.276146329950339,0.2692095185039164
60,4,0.21215601500267248,0.26091465132956615,0.2598652279518564,0.2511622992870426,0.24451095273217174
60,5,0.1912905007400587,0.2371646975897105,0.23608621621807224,0.2281061257060201,0.22230507498180074
60,6,0.1728932688346228,0.2157847532938769,0.21493573834536417,0.20786001065822807,0.20271519482085093
60,7,0.157125354957815,0.19706495348283917,0.19661221246018662,0.19064832880605892,0.18580434973883733
60,8,0.1438343513068069,0.18099350017291538,0.18096913578936163,0.1760553594374409,0.17138659949872687
60,9,0.13271056047373642,0.1682002327476378,0.16805659291834835,0.16383311714324786,0.15918235271837786
60,10,0.12339393492486725,0.15760857464017033,0.15748296659868283,0.15346414630466576,0.1488506849083263
60,11,0.11553745817222502,0.1487456122634859,0.14841087943077275,0.144585447856937,0.14011834395904207
60,12,0.1088378201193408,0.14104791938912645,0.1405388312321138,0.13689568378777292,0.13256284443375313
60,13,0.10304530793847917,0.13428287305329858,0.1337419751479456,0.1301481248961597,0.12596023619962798
60,14,0.09796240771459523,0.12826273556874138,0.12785692451795327,0.12414868635204321,0.12011216223935497
60,15,0.09343731415176774,0.12284044168427519,0.12250313468207676,0.1187966282721729,0.11488401334371678
60,16,0.08935586741394749,0.11790327603445575,0.11758169965209762,0.11399771750201608,0.11017790771552358
60,17,0.08563368060102121,0.11336627347103059,0.11302097444034755,0.10964340930459997,0.10589933404098333
60,18,0.08220920804609562,0.10916619117357038,0.10877010980986344,0.10563151188367895,0.10195930133353381
60,19,0.07903797449706394,0.10525636263951557,0.1047935371244962,0.10190071815753252,0.0982997518162809
60,20,0.07608793533082353,0.1016024740644593,0.10123156916784176,0.0984198275229802,0.09488885876855478
60,21,0.07333583783680388,0.09832932676272785,0.09825425562171378,0.0951657084790023,0.0917099521018148
60,22,0.07076442763132276,0.09589415013346017,0.09543081034820494,0.09224369925588277,0.08873647698229259
60,23,0.06836035126624691,0.09354610645524661,0.09274934053423153,0.08952184480337093,0.08597135458576047
60,24,0.06611262488664509,0.09127984976934875,0.09020114885951716,0.08697200550047832,0.08339199663145176
61,1,0.28167873954819533,0.33783294002780856,0.3362004447696463,0.325131179644757,0.3173438852793705
61,2,0.25859807390973655,0.31140980314437633,0.3091859238949063,0.2980679045372678,0.2911145553391766
61,3,0.23550952745425252,0.28412697503517886,0.2814785690034701,0.27114533024900245,0.2652342158472221
61,4,0.21297031188374693,0.2579557361757242,0.25482941086544403,0.2461606116712663,0.24084747815247987
61,5,0.19218483365585334,0.23429345211721686,0.231754747513826,0.22376641825769905,0.21905808699704593
61,6,0.17382674903273887,0.21372172587464155,0.21145224777497212,0.20427073008895036,0.19997520725604806
61,7,0.15806733576362936,0.1962532493009696,0.19405612625230179,0.18767836248260614,0.18364769382173446
61,8,0.14476444051847254,0.18158142275142808,0.17971645053263863,0.17366762807178182,0.16983965414324262
61,9,0.13361697585248236,0.16926787150962685,0.1676490937154033,0.16183597903758637,0.1581627761945102
61,10,0.12427119969136438,0.15885955298530685,0.15745125972513294,0.15181072641378185,0.14828510213570417
61,11,0.11638428740184409,0.1499488416509443,0.1487462780014838,0.14329161713730532,0.13987059753306136
61,12,0.1096555391294825,0.14219642406293803,0.14127967474708417,0.13592959660315954,0.13259596137538235
61,13,0.10383678895626111,0.1353336734569659,0.13470561857334293,0.1294454241200913,0.12621569533363272
61,14,0.09873138558570842,0.1291554884815893,0.12876054532362996,0.12366571776127784,0.12058449451644415
61,15,0.09418794027399563,0.12350980953792451,0.12330889937010192,0.11847309440245679,0.115517583923526
61,16,0.09009240050464683,0.1184500194017849,0.11836846249549912,0.1137161039735373,0.11091262086426486
61,17,0.08636025460869899,0.11417923142104547,0.11391599720392845,0.10931778614134909,0.10668899836792085
61,18,0.08292964873886931,0.11021189793903441,0.10978765468425136,0.10524763878900192,0.10276501870281987
61,19,0.07975565550221841,0.10650308955452698,0.10591681377191928,0.10152607998488634,0.0991262088220152
61,20,0.07680567391153764,0.10302113346379288,0.10227974015858102,0.09808853350430011,0.09572661961750428
61,21,0.07405583341224127,0.09974378913619453,0.09885951596285861,0.09493963552677573,0.0925828566756465
61,22,0.0714882446032937,0.09665524433468514,0.09564329587295012,0.09200943720180692,0.08964125568821898
61,23,0.06908894421622548,0.09374380288029255,0.09262036385347316,0.08924604443811704,0.08687438734623477
61,24,0.06684640024289049,0.09100015066715833,0.08978083745843765,0.08664009410844942,0.08427189437207797
62,1,0.28144130739215734,0.36240443607648504,0.3523906719835324,0.33252859425155046,0.32370660655352956
62,2,0.258260021082136,0.33140934419206497,0.3237488728911719,0.30556715148112296,0.2969697298378017
62,3,0.2349925288775647,0.29971635101041133,0.29442741750550605,0.2783030440205466,0.2700748703610737
62,4,0.21230454932462822,0.26963305187665565,0.2662183426623171,0.25190307614950797,0.24436900782454324
62,5,0.19141723282425901,0.24272712483387987,0.24062851487853898,0.22811086974295933,0.2211134591892973
62,6,0.17300180346042204,0.2195812007543087,0.2183139123246343,0.2072575569135357,0.20115037185492088
62,7,0.15722260593883403,0.2001260746711241,0.19931538933674178,0.1895424501693807,0.18403317276979672
62,8,0.14392906186582174,0.18395155096802462,0.1833288278760456,0.17484919818785616,0.16963583295221243
62,9,0.13281195783935515,0.17052430930186058,0.16990527536431574,0.16247020822631705,0.15757500794185436
62,10,0.12351064592834195,0.15931498075274042,0.15857591871924415,0.1520695255320886,0.1474357360963448
62,11,0.1156767813230798,0.14985788605762962,0.1489165990319885,0.14323949445966877,0.13885978222664824
62,12,0.1090053475558788,0.1417698913786533,0.14086984378497647,0.13560898323953174,0.13149962199838078
62,13,0.10324481639359787,0.1347483810824957,0.13423578276861073,0.1289867026283003,0.12515190670690085
62,14,0.09819592398752906,0.12917145452243517,0.12886600993345423,0.12316909460144665,0.1195378963402525
62,15,0.09370527944209155,0.12512614273030004,0.1240783443654255,0.11793598694768204,0.11453713499535274
62,16,0.08965735049739365,0.12146916757638537,0.11974811678260719,0.11317260355824357,0.11001228114599326
62,17,0.08596661045371785,0.11811022612248873,0.11578162256003094,0.10888121981241343,0.10584398372367787
62,18,0.08257060975591227,0.11498206105284026,0.1121094918038493,0.10494031605958436,0.10199492810422647
62,19,0.07942419952739461,0.1120359529032266,0.10868107503629276,0.10131112863904043,0.0984527404592869
62,20,0.07649488054763927,0.10923768164178888,0.10545983020517188,0.09795429412414638,0.09515029644016812
62,21,0.07375914896303937,0.10656403497591338,0.10241960848043546,0.09483363759982831,0.092059501834552
62,22,0.07119968320302394,0.1039998619344279,0.09954171141054838,0.09195314533517937,0.08916774285791833
62,23,0.0688032234893178,0.10153563831959633,0.09681259538307091,0.08930223456556904,0.0864481551826171
62,24,0.06655901439552397,0.09916550142516778,0.09443919015721125,0.0868108059750858,0.0839080782800197
63,1,0.2841525248884065,0.3501465194005176,0.34872597506905656,0.3322928032905833,0.32318417197162397
63,2,0.2606143089590525,0.3205728964333638,0.31988723766402316,0.3046748854955824,0.29616108890309933
63,3,0.23693503458902662,0.2902943242496516,0.29028476516703794,0.2764811222445528,0.2690189992444234
63,4,0.21386268394627408,0.26264077045029954,0.2619122061921745,0.25000880555874555,0.24328301604795483
63,5,0.19264543781228272,0.2377554089151209,0.23646883305761326,0.22619310273946636,0.21998023624503857
63,6,0.17395603303864987,0.21626223559738086,0.21558144578803112,0.20564891379693623,0.20012016003304015
63,7,0.15795169492208555,0.19815629999006476,0.19765443325912696,0.1880554164678357,0.18313812465105755
63,8,0.1444720761772068,0.18308055086590255,0.18245880735988598,0.1732011279274145,0.16878053589856196
63,9,0.13319872280018566,0.17053603732424885,0.16961434522883997,0.16104147314235923,0.1567328294532661
63,10,0.12376383732030646,0.16001391991669886,0.15870740517597645,0.15086114564947473,0.14656987765473112
63,11,0.11581424394603383,0.1510628972318264,0.14935527175468827,0.1422205948563727,0.13797342527366735
63,12,0.10904197062939185,0.14331396955085415,0.14123358338852304,0.134790553891245,0.13074006009442934
63,13,0.10319380509579722,0.13648152414742484,0.13408200014580388,0.1283181625594041,0.12448370697575743
63,14,0.09806954341798034,0.1303534662688721,0.12775262572140167,0.12261389670730338,0.11896134855074285
63,15,0.09351521401156182,0.12477767035892975,0.12226343915593668,0.11754454150456115,0.11406248760504152
63,16,0.08941481393821402,0.11964839976896516,0.1178918257229121,0.1129751716634901,0.10965070633448934
63,17,0.08568231146627504,0.11489426212877416,0.11387900499343226,0.10882279029011802,0.10561280545517626
63,18,0.08225464751716041,0.11046819585020398,0.11016526318492278,0.10503062331001226,0.1019053936424612
63,19,0.07908593846842607,0.10707717473186848,0.10670833103561134,0.10152917404200693,0.09848506203263308
63,20,0.07614283555837184,0.1044688495087426,0.10347823547469462,0.09826719557078803,0.09530743231057032
63,21,0.07340089928041009,0.10200893303213202,0.10045332259742318,0.09521854318985595,0.0923733312921989
63,22,0.07084182418519902,0.0996772720829904,0.09761726810703103,0.0924116667609342,0.08962145443718891
63,23,0.06845135901377027,0.09745977214213955,0.09495690453126382,0.08984042054112576,0.08703184175091438
63,24,0.06621778787971923,0.09534662286407072,0.09246071474195819,0.08743082712670736,0.08460034386596905
64,1,0.2800961141387336,0.33415868453144026,0.333035982734772,0.3246766720851575,0.31834397403700254
64,2,0.25711939997424776,0.3085955134954208,0.30811836772052614,0.29895618399266766,0.29260453425830674
64,3,0.2341049906767899,0.28305732817485063,0.2827308491523146,0.27351959651407093,0.26712177175014296
64,4,0.21165116021378247,0.259003963265294,0.25801240098062095,0.24911365972289506,0.24310668490670356
64,5,0.19096177506048145,0.2367957090441689,0.23532532539339057,0.22732082779898666,0.22148641976248395
64,6,0.17270377819788074,0.21713180869626958,0.21535528906672152,0.20801339489140455,0.20231706164678376
64,7,0.15704325200887312,0.20017656604181977,0.19857365722909182,0.1915512765274387,0.18585555517548466
64,8,0.14383488203714495,0.18576364370012732,0.18471963486268075,0.17757778027741783,0.1719242018828147
64,9,0.13277601598322422,0.17356130950574822,0.1730441191677439,0.1657701028770208,0.16016993083393022
64,10,0.12351243554945088,0.1631871361288199,0.16317163930777623,0.15577312777456923,0.1502176067633025
64,11,0.11570141394931317,0.1552134021317591,0.1547445947232273,0.14724296147772223,0.14181493968770098
64,12,0.10904251602077387,0.148396283186848,0.147453750277664,0.13992901783254602,0.13458354814817447
64,13,0.10328777120193344,0.14245796383479314,0.14104717268706976,0.13352005038874365,0.12827389920364493
64,14,0.0982405718872753,0.1372045658127481,0.1353277202672739,0.127814607186996,0.12270741788751693
64,15,0.09374944113179903,0.1324878741829042,0.13014556890922066,0.12269535930586284,0.11772836993063758
64,16,0.08970017664647159,0.12819685987628138,0.1253893976017817,0.11804429240895145,0.11318546884328129
64,17,0.08600813767473138,0.12424965775936486,0.12097800894885388,0.11376186121974996,0.10901446873059169
64,18,0.08261143204901109,0.1205866506984683,0.11685310170785815,0.10980516937905394,0.1051470989302576
64,19,0.07946523071859703,0.11716479855660383,0.11324067035740985,0.10611751492948798,0.10153359286025772
64,20,0.07653718621108589,0.113953122107193,0.10989010566699105,0.10265943248969647,0.09817136403247693
64,21,0.0738038303623878,0.11092917302171407,0.10673777818108902,0.09940645734748943,0.09502217077912142
64,22,0.07124779977624023,0.10807631477294094,0.10376663536028106,0.09634887708456305,0.09209614198363776
64,23,0.06885574371759227,0.10538166245644404,0.10111345810981659,0.09350162144816468,0.0893361374594778
64,24,0.06661678733024229,0.10283455963511601,0.09865197692708641,0.09082863087400404,0.08673580863419902
65,1,0.2813341417939776,0.341877341405673,0.3371273989984334,0.3233908964662474,0.3177874494398981
65,2,0.258460143192345,0.3130347265324577,0.308958948903881,0.29745422200828536,0.2924765699753423
65,3,0.23555853151551073,0.283800235817298,0.28022984799951967,0.2719852127578781,0.26724579725186853
65,4,0.21318132345340296,0.25549946714193067,0.2545746704799693,0.24776645565591968,0.24330608982467475
65,5,0.19252656048619513,0.23318369945300552,0.23143647472786905,0.2257076501340284,0.22160623371273652
65,6,0.1742663442125955,0.21453328583868023,0.2113709015995568,0.20633745360340838,0.2024237781780172
65,7,0.1585751161055641,0.19800737562529433,0.19498933109264494,0.18993463284971737,0.18608163284708895
65,8,0.14531624124928288,0.18361622782417666,0.1812224070394098,0.17606595303140188,0.17225039941218973
65,9,0.13419442314187374,0.1711926473979052,0.16969907201277964,0.16458774587397923,0.16059003420584547
65,10,0.12486096710821115,0.16048605368234523,0.15994279157377334,0.15493388623694176,0.15074918958777572
65,11,0.1169770273429539,0.15202000512489847,0.15162322314579638,0.14669122701432208,0.14233023713939377
65,12,0.11024482874810561,0.1457319233162965,0.14444649467600365,0.1395684314339524,0.13508284299753742
65,13,0.10441823946672034,0.14026526856905444,0.13816822151663616,0.13329560480441105,0.12872135002590795
65,14,0.09930195940993017,0.13541210879955043,0.1325942367439808,0.1276889540638916,0.12311432259929785
65,15,0.0947454670549735,0.13101832700334884,0.12799772785140648,0.12260837563243702,0.1180647759029589
65,16,0.09063526041940609,0.12697382083727007,0.12383722001595587,0.11794997303422391,0.11345613249275213
65,17,0.08688719106823427,0.12320304197027634,0.11994860245416125,0.11363849227962856,0.10925502558711904
65,18,0.08343967374401327,0.11965663274641133,0.1162903343471921,0.10962051713004846,0.10537007423571629
65,19,0.08024801527747273,0.1163043558563964,0.11283670371877513,0.10585871490466434,0.10174467909722044
65,20,0.07727984805938667,0.11312926739421866,0.109572774654738,0.10237611034990504,0.0983619324171032
65,21,0.07451154695866291,0.11012300273018891,0.10649031421517696,0.09912653804098108,0.09523613478485746
65,22,0.07192547855129681,0.10728203976338349,0.1035846206510754,0.09607299427827375,0.0922995939980681
65,23,0.06950793619869805,0.10460482681639702,0.1008521646949797,0.09329835175216214,0.08956513270613731
65,24,0.06724763210949516,0.10208968715550557,0.09828895574995222,0.09068532769649087,0.0870077580294453
66,1,0.2826940636258011,0.32969178292211154,0.32833615808821714,0.3234744948987622,0.32025293928142623
66,2,0.25953028802268713,0.3054777715381235,0.303090546152112,0.2980075131439483,0.29391315913616856
66,3,0.23632499202946633,0.28133224523962275,0.2783114847246221,0.272537054679867,0.26784730804219226
66,4,0.21368382792147486,0.25736564292346054,0.2543234568318311,0.24763235349380786,0.24317220535561251
66,5,0.19282152180288803,0.2348231428177621,0.23184471543325091,0.2250633259353474,0.22087997265635298
66,6,0.1744101595445305,0.21450728270238742,0.2116637678575649,0.20556711649574128,0.20124342094828881
66,7,0.15861652748400273,0.19671170238111965,0.1940568395265146,0.1887488154525902,0.18440296282247168
66,8,0.14529354811504308,0.18139494733453107,0.1790469094118252,0.17447613591087952,0.17024293852808184
66,9,0.13413579213837168,0.16833040527461388,0.1663935926840448,0.16241395050898438,0.15833918584809967
66,10,0.12478621214444492,0.1572140662420339,0.15596044544137622,0.1523062075068483,0.14831187390208456
66,11,0.11689970429246371,0.14773306130346844,0.146981664700922,0.1437623781643484,0.139795177547191
66,12,0.11017407395085176,0.1396020474163471,0.13919827706721638,0.1364203742397837,0.1325341648133877
66,13,0.10436017589825636,0.1325775991021285,0.13238927962248642,0.13003117443405954,0.12628413837405109
66,14,0.09926068794083934,0.126459906405999,0.12637436443602884,0.12439594137225411,0.12076614313715614
66,15,0.09472372848730932,0.12125429840286006,0.12117133372738705,0.11936031613351195,0.11582845159608719
66,16,0.09063486191680244,0.11704348068070236,0.11679561869695236,0.11480679064411518,0.11135832010010013
66,17,0.08690927573414166,0.11314153028699869,0.11309263930322018,0.1106572752257339,0.10728792320584786
66,18,0.08348489214409817,0.10983315515124767,0.10966177717598481,0.1068393630488603,0.10357667106863137
66,19,0.08031663950829841,0.1068490861460927,0.10644918781109043,0.10332550320507253,0.10014677093541195
66,20,0.07737185438933107,0.10404141850623963,0.1034157709884538,0.100145230547903,0.09696605642637218
66,21,0.0746266820774047,0.10137323276445079,0.10053359631200857,0.09716417036610295,0.09400601108957893
66,22,0.07206331657539873,0.09881797157052583,0.0977830827579363,0.09436320397777341,0.0912442191264545
66,23,0.06966792834289852,0.09635716206222003,0.09515077846379964,0.0917275910798358,0.08865309331289203
66,24,0.0674291479820281,0.09397857086489456,0.09280791237493324,0.08924545115180067,0.08621399187857712
67,1,0.28202161079990906,0.3612968322958643,0.34916019136814946,0.329435171854747,0.32173652345678716
67,2,0.2588966260824543,0.33263575440738347,0.32218680098639113,0.30258714442967516,0.29543718721314766
67,3,0.23576092416588973,0.3030466405001193,0.29529636499611867,0.2763836114929494,0.2692511814844202
67,4,0.213178419381491,0.27456655748677095,0.26904119305094965,0.25117922004343357,0.24463305443121158
67,5,0.19235316530739346,0.24872326822520255,0.2448373920394482,0.2282883497226536,0.22222919088997303
67,6,0.17395844576866104,0.2261560201538558,0.22336864826043978,0.2081930546232959,0.20251228451283612
67,7,0.1581645027089529,0.2068781062583586,0.2047653099828265,0.19120996834372045,0.1856105854913205
67,8,0.14482794003533825,0.19055622016638898,0.18882744582053057,0.1767905288245752,0.17127433862632374
67,9,0.13364669556683778,0.1767206786834283,0.1752012927468829,0.16466737918246516,0.15929102333555342
67,10,0.1242664102194166,0.1648952531956933,0.16377598392729742,0.15431974875179316,0.14921147756102432
67,11,0.11634392732894704,0.15466151722657392,0.15434365126165345,0.145477920116054,0.14059981034437422
67,12,0.10957840125350903,0.1463656811697034,0.14602319957153564,0.13788064037986864,0.13319253347897284
67,13,0.10372163178985876,0.13950002195828837,0.13859634266075532,0.13129401772927868,0.12677882428107295
67,14,0.09857700641001355,0.1332846390809767,0.1318945450174046,0.1254610811908592,0.12111955718498395
67,15,0.09399323943783534,0.1276063478900344,0.12579129901755542,0.12020278216047664,0.11602633382024456
67,16,0.08985645319116063,0.12237880626077624,0.12019324660218815,0.11539647130965465,0.11139212239215165
67,17,0.08608239342188577,0.11753739515147349,0.11520296954272927,0.11096655562915554,0.10714925085537241
67,18,0.08260955134054351,0.11303418295078632,0.11071142048366985,0.10685870779022195,0.10324214013357838
67,19,0.07939342673502604,0.10883348725113823,0.10681066195104419,0.10306782735701943,0.09963151966670547
67,20,0.07640191083840372,0.10490822688672596,0.10350055401059119,0.09954603436973145,0.09626487685528924
67,21,0.07361166355555425,0.10123708045243185,0.1004061035795894,0.09625277030785848,0.0931130959919969
67,22,0.07100533134179028,0.09780237835324068,0.09750916677412674,0.09318145412920996,0.0901590564851669
67,23,0.06856945777413798,0.09500099254716743,0.09479480522419417,0.09046632236418149,0.08741372415641571
67,24,0.06629295707214222,0.09291883442686533,0.09225015851232671,0.08792461004798068,0.0848412014299715
68,1,0.2844009964925466,0.3394103255458989,0.3390592918037984,0.3314642560071574,0.3222300893105023
68,2,0.2611637577462312,0.3137574066402553,0.31291845696726095,0.3053401035468351,0.296671642066598
68,3,0.23783964305741137,0.2869417021772983,0.2867312653085947,0.2786911505092452,0.2709302386186571
68,4,0.21507503047272508,0.26178170724034466,0.26119550925030743,0.2528758620559969,0.2462899527617856
68,5,0.19409540887033522,0.23921718600954667,0.23772426154919607,0.22964869862002066,0.22368825080208032
68,6,0.17557765305738243,0.21947836531711862,0.21839781610968562,0.20957931474216812,0.20387821833340808
68,7,0.1596909834856482,0.20264688068495135,0.2017489099690411,0.1923903494665591,0.18695834103172698
68,8,0.14628859647683437,0.1884704248579725,0.18756076290231344,0.17787436788757421,0.17264167538653702
68,9,0.13506392284445998,0.1765464882835927,0.17550236713355666,0.16579180948858732,0.16064465806637276
68,10,0.12565811320848413,0.166443820388888,0.1652011028622533,0.1556380907350674,0.15058078066809188
68,11,0.11772408687793959,0.15776925201084285,0.15630735771779497,0.14700101131636337,0.1420524308671694
68,12,0.11095776819045859,0.15019563141699344,0.14852404117231793,0.13955475027935813,0.1347996042652752
68,13,0.10510835740881362,0.14346666496307625,0.14161419572788098,0.13303582248323315,0.12846950292486656
68,14,0.09997715208493257,0.13739022948297208,0.1353970335516087,0.12723937455202175,0.12285606053693507
68,15,0.09541116678425791,0.13182722716231365,0.12973904167369799,0.12211276916003895,0.11787889108240805
68,16,0.09129511697536788,0.12667977151249604,0.1245438884925177,0.11748511495833351,0.11336240750297358
68,17,0.08754356328627784,0.12188048200830742,0.11974298881727476,0.11321105394575522,0.10921451143114766
68,18,0.08409398564478318,0.11738356021794749,0.11528750932502242,0.10923269838322718,0.10537057283233889
68,19,0.08090101695677347,0.11315776219319568,0.11114202599445076,0.10550961271393478,0.10180874213709482
68,20,0.07793180979899807,0.10918112250602324,0.1072797605863829,0.10201371839333595,0.09850511577867165
68,21,0.07516240586422893,0.10543717887737808,0.10367919184167863,0.09872534833260964,0.09542495760296485
68,22,0.07257495018090786,0.10191241550156249,0.10032178728663992,0.09563026642009612,0.09252754285013697
68,23,0.07015559871637801,0.09859464991069689,0.09719059699287037,0.09277944896014527,0.08980100840989444
68,24,0.06789298723250818,0.09547211454175031,0.09426947216735958,0.09010534834977055,0.08723554634266918
69,1,0.28171795495944046,0.3417551208236056,0.3364157855708686,0.3281018241408577,0.32153403631530797
69,2,0.25853667594208896,0.3148071312423237,0.31119812241556544,0.3022253421352389,0.29605479077415864
69,3,0.23529627899365835,0.2878142025664684,0.28601860080281033,0.2764976523999887,0.27055902039457047
69,4,0.2126358389246002,0.2616535771592243,0.2614948640088134,0.25206584366756635,0.2461528816953329
69,5,0.19177417298772112,0.24016007052577767,0.238962154381122,0.22968361029326254,0.22375473144878874
69,6,0.17337901501157776,0.22134391739410295,0.21911232207034814,0.2099306110751869,0.2039868745007667
69,7,0.1576113949547033,0.20503253979570255,0.20207896804571818,0.19297998873866365,0.1871414009396633
69,8,0.14431894946434629,0.19106235428645255,0.18766146346121682,0.17855696570976207,0.17293939045640602
69,9,0.13319216307096077,0.1791190916625637,0.1755008491739432,0.16634859134432084,0.1609481564207884
69,10,0.12387124311336759,0.16884645289541303,0.1651973232254274,0.15598920428770313,0.1508208767738167
69,11,0.11600946893266485,0.15990967926099656,0.1563770682813061,0.14720588103235696,0.14223279703489664
69,12,0.10930385381306092,0.1520250373397549,0.14872221195603713,0.13967246466879796,0.13485428314891237
69,13,0.10350502565988397,0.14496775276860605,0.14197823905792306,0.13316112224433407,0.12838906917986173
69,14,0.09841581685506547,0.13856834898631556,0.13594972355258161,0.12741068005624245,0.12262383069688773
69,15,0.09388475970126792,0.13270388959248688,0.1304912011686034,0.12227292892434416,0.11750543433777916
69,16,0.0897980069184738,0.12728784855025208,0.12549692380222727,0.11757642137544473,0.11286249513326092
69,17,0.08607144184334285,0.12226051609230451,0.1208913022405353,0.11327544686419737,0.10863197725255265
69,18,0.08264373035618723,0.11758078652899626,0.11662076153808017,0.10928323147742247,0.10470374033053327
69,19,0.07947053680211169,0.11321959746639879,0.1126471791647821,0.10554620382403254,0.1010457652500629
69,20,0.07651987607939362,0.10915499366063583,0.10894281699555626,0.10206163940419608,0.09766867689645943
69,21,0.07376847326788831,0.10560446154710013,0.10548655354612384,0.09884932030813677,0.09449912240045327
69,22,0.07119897519643473,0.1026787985258214,0.10226119467032439,0.09583814908459382,0.09154489603994624
69,23,0.06879786429669067,0.09994034697682713,0.09925164820803632,0.09300325828099636,0.08879922634369596
69,24,0.06655394301134838,0.0973781711932083,0.09644376997170655,0.09033472128035294,0.08622015745122638
70,1,0.2819754630422635,0.3299866084502687,0.3290252036651607,0.3199516315719484,0.3154368439110821
70,2,0.2588879673301683,0.30726895673637045,0.3056716241289968,0.2946178629270636,0.29019603175455744
70,3,0.235715810225596,0.2838472577973158,0.2813871206147757,0.2694098294027163,0.2647310710130473
70,4,0.21310384244746466,0.2608643143639876,0.25747902300178876,0.24549098506411798,0.2405848744617
70,5,0.19226602967175618,0.23957739250713037,0.2352613904962182,0.22374587421851952,0.21895999407714611
70,6,0.17387154618309084,0.22064861236556463,0.2154322648702709,0.20493586635432953,0.19977435756461953
70,7,0.15808665491950621,0.2042572664614459,0.19819413166990252,0.18878739392872923,0.18346383491092005
70,8,0.14476490647859078,0.1902795100854888,0.18370347197275189,0.17498912529889132,0.16975493810573716
70,9,0.1336020521914648,0.17843487420864249,0.172063066853974,0.16321116815223521,0.15831350323163165
70,10,0.12424243222104937,0.1683891188501155,0.16216662087412842,0.15314107254205647,0.14859658815731394
70,11,0.11634227006110585,0.159815680104986,0.15368142525369788,0.14460337619744312,0.14024917524024513
70,12,0.10960048779485683,0.15242582687714232,0.14631818658390167,0.1371967211150936,0.13303795308114516
70,13,0.10376879640863086,0.14597903208133892,0.13984029689658678,0.13069815228659745,0.1266823293968738
70,14,0.09865048106718614,0.14028258328946433,0.13406213382557775,0.12502831224173194,0.1210299892765504
70,15,0.09409405975723167,0.13518626004424503,0.12884245765750824,0.11994846761936376,0.11595286760263965
70,16,0.08998533837040446,0.13057536924506666,0.124076330225508,0.11531980252508034,0.11132045105502208
70,17,0.08623963480591805,0.12636378615968427,0.11968726342561768,0.11110456888359488,0.10708322951315923
70,18,0.08279492958611973,0.12248770679982582,0.11562031927710793,0.1072543194514198,0.10320401172700819
70,19,0.07960616706473765,0.11890032969049494,0.11183637040457499,0.10365640381787163,0.09962236892793362
70,20,0.07664067867198311,0.11556746032997658,0.10846785997414098,0.10028233042896531,0.0963154343509299
70,21,0.07387459790473323,0.11246394661727196,0.10547023009904906,0.09711155452721264,0.09322439436971947
70,22,0.0712901101543681,0.1095708357361447,0.10264661080058161,0.09412879860955523,0.0903699650085986
70,23,0.06887338751770183,0.10687315252674903,0.09998352544551924,0.09134692466144508,0.08769169500878575
70,24,0.06661307798969093,0.10435821575051449,0.09747084026086737,0.08878188896947223,0.08519156184045126
71,1,0.2835731791885949,0.35129220214435364,0.3456947534956161,0.3310263182836042,0.32281229013587237
71,2,0.2602802342366956,0.3216504906466864,0.3164834185298114,0.30351993619901096,0.2962407043404321
71,3,0.23690241437860887,0.29252682198410707,0.2883442431228299,0.2760822720663819,0.2696040746390641
71,4,0.21412373379774519,0.26488912066656356,0.2614566124389831,0.25012032283056296,0.24401851970530108
71,5,0.19316682677604086,0.24016092452753887,0.23712460444173253,0.2266748477232944,0.22118604651605236
71,6,0.17469435309954687,0.21892806026527148,0.21598219523641218,0.2060263248424191,0.20134963538871373
71,7,0.15886119907017843,0.2011330000127278,0.19806110996717205,0.18834582349173534,0.18450773752489266
71,8,0.1455094887673158,0.18639016703972575,0.18306267578070795,0.17360929318791024,0.1703338207506771
71,9,0.1343256512519344,0.1741965991903627,0.17055223246302476,0.16157091408575647,0.15841022245835373
71,10,0.12494743336371411,0.16405188666050838,0.16007765870231078,0.15166238107243868,0.14842609771794824
71,11,0.11702695182312041,0.15551531139526284,0.15122992406781804,0.1433104520523108,0.1400000674834374
71,12,0.11026095461225616,0.148224401429256,0.14366591732509967,0.13616472006739888,0.13275587839558772
71,13,0.10440035937731325,0.14189332592320822,0.13711050218916496,0.12993502836059784,0.12650049487490572
71,14,0.09924859562796541,0.13630280371964784,0.1314421294101035,0.12448625636159175,0.12099928900639727
71,15,0.09465493397726227,0.13128780463607306,0.1263887572723156,0.11960480625516656,0.11609380843569357
71,16,0.0905062986474027,0.12672592335866226,0.12176495133465615,0.11517539481273006,0.11164519892877514
71,17,0.08671930816161337,0.12252746853236021,0.11782761731852603,0.11111213576516721,0.10760231891123188
71,18,0.08323328259988787,0.11862743552763891,0.11416699054379104,0.10735185673806288,0.10391009014505548
71,19,0.08000443127583155,0.11497917570764513,0.11074041331603982,0.10391777017772559,0.10048562092072777
71,20,0.07700118833713628,0.11154947113099359,0.10751818135955471,0.1007456990178566,0.09734975739946836
71,21,0.07420056534440995,0.10831472922548316,0.10447975565030576,0.09776779220393524,0.09443360147998135
71,22,0.07158536414232222,0.10525805705045929,0.10161082287368403,0.09498654920965707,0.0917029057573088
71,23,0.06914209968425919,0.10236702726402477,0.09890104135990602,0.09239709935576229,0.08915300913662319
71,24,0.06685950023568855,0.09963199447858537,0.09634234579141893,0.08995567300357639,0.08675582884444871
72,1,0.2826236475290842,0.35278491749234664,0.3396074674060885,0.3219875352786243,0.3162234849963754
72,2,0.2593272858871219,0.32392824506046247,0.3127316371672105,0.2962465589894855,0.2907892699976652
72,3,0.23600598285290253,0.2943220288983161,0.28532965127064325,0.2706579226406654,0.2651710858766653
72,4,0.2132467405755304,0.2654877231341661,0.25863143920193277,0.24597738465281777,0.24075023275143703
72,5,0.1922685610478564,0.239020235584053,0.23410638921893812,0.22331755041024315,0.21861056566092424
72,6,0.1737478898819619,0.21570771780418696,0.21250049942135263,0.20353396326232978,0.19925458467183546
72,7,0.15785336455003574,0.1957042245686627,0.19459928827661865,0.18675418042745276,0.1825490458698506
72,8,0.144438689121039,0.1803030576671872,0.1795454867296759,0.17262320668869854,0.16831075752547905
72,9,0.13319885032973913,0.16919642044705882,0.16749354785007872,0.16068572474976625,0.15633363892769542
72,10,0.12377701209100325,0.15982514350980168,0.15775544021027052,0.15060901588083586,0.14624222752345425
72,11,0.11582807297393108,0.15185009119645013,0.14950754655569864,0.14205939333670559,0.13771539424797918
72,12,0.10904959547490653,0.1449735193544852,0.1424415631283722,0.13472127267336115,0.13043814815999713
72,13,0.10319192874296913,0.13894979457424136,0.13630330309849772,0.128393896410874,0.12415147630498799
72,14,0.09805700057071423,0.13358479645111418,0.13089111500590683,0.1228141033889814,0.11860372922084148
72,15,0.09349198560691331,0.12873006982318627,0.12604930972659203,0.1178201951963371,0.1136743949753231
72,16,0.08938138080156645,0.12427520123596072,0.12166011245636976,0.1133117196476735,0.10929969361791014
72,17,0.085639258086075,0.12014018192119294,0.11763586223203804,0.10928061893313282,0.1053173404642906
72,18,0.08220244573037175,0.11626852942588081,0.11391216673721383,0.10566733524185731,0.10170940265591474
72,19,0.07902485664805949,0.11262142255852639,0.11044220251690315,0.10232476821272433,0.09837677991470939
72,20,0.07607293097138523,0.10917286095677023,0.1071921150759253,0.09919761598551304,0.09526324624179815
72,21,0.073322060453481,0.10590576286445649,0.1041373846381552,0.09625988728488957,0.09237046428807208
72,22,0.0707538374254602,0.10280888763351678,0.10126000495344967,0.09354433431558526,0.08965942569429729
72,23,0.0683539795101087,0.09987447202590147,0.09854633364479601,0.09103077815465557,0.08710529799505272
72,24,0.06611080153298791,0.09709648065403051,0.09598549273375928,0.08865688064471935,0.08469704145578141
73,1,0.28434453547718286,0.3491563945157249,0.3436372741454853,0.3337684453362993,0.32566035569925067
73,2,0.26096111482631446,0.32388855156280694,0.3171973968035468,0.30776700145071934,0.2995953541149291
73,3,0.23753569158877957,0.297622505814797,0.29183831361618395,0.2815515750226454,0.27347666105295376
73,4,0.21467968148637595,0.2717989436245043,0.2671927438270122,0.2560685405797521,0.2483564178606934
73,5,0.19361819310352066,0.24779343054474448,0.24418222649116078,0.23271081246667807,0.22532929877788033
73,6,0.17503158159855417,0.22630448333516676,0.2235122016090843,0.2121649031103367,0.20522847463139643
73,7,0.15909002368457922,0.20750875073519634,0.20538617355433986,0.194579725690894,0.18803053200036207
73,8,0.1456463454837947,0.19126643614405672,0.18969476582822792,0.17981122220859627,0.1734839511823147
73,9,0.13439319512727044,0.17728349452291706,0.17616829653609833,0.16741123458995472,0.1613106100327234
73,10,0.1249706917742406,0.16522001846300186,0.16448230054521046,0.15697151086646777,0.1510761099300384
73,11,0.11703045917040392,0.15475085988576706,0.15431966190150342,0.14810953679792832,0.14243581377723155
73,12,0.1102668598366233,0.1458729672194428,0.1457327535870294,0.14049691742407572,0.13507291239193783
73,13,0.1044273085310574,0.1394644004489232,0.13930133856586624,0.13386622576185847,0.12865395486130754
73,14,0.09931117752085067,0.13374791634878921,0.13374541072726587,0.12800706426574845,0.12297501551088352
73,15,0.09476352593635372,0.12884285332628603,0.12871183820946758,0.1227607165855911,0.11788060329451718
73,16,0.09066719997284647,0.12432229951101087,0.12409046004057527,0.11800276366804394,0.11328166150672647
73,17,0.0869350834950447,0.12010141120608836,0.11990398958926289,0.11368090511849786,0.10910097585138753
73,18,0.08350325664897185,0.11612727982830584,0.11604518958679476,0.1096797719470625,0.10531198197149079
73,19,0.08032528528114674,0.1124059420012212,0.11238620084609667,0.10595246023460551,0.10180924825718637
73,20,0.07736761234405082,0.10900163070765365,0.10890030277975322,0.10246498216786697,0.0985464392396257
73,21,0.07460592245058231,0.10572914584042217,0.10557137869016246,0.09919251846340618,0.09547956298241364
73,22,0.07202232578379433,0.1025765690706861,0.10239044162628168,0.09611654686087577,0.09259213505991412
73,23,0.06960321593650046,0.0995383266200546,0.09935292190709723,0.09336051429652148,0.08988819653869745
73,24,0.06733767638116657,0.09661293079911124,0.09651382323060312,0.0907749481536011,0.08733691183138499
74,1,0.27918143246360755,0.3339602528186037,0.33127233257728783,0.3223646810384967,0.31729172418255097
74,2,0.25607242353922827,0.30432086068694547,0.3029276792796505,0.29514838780799074,0.29073767849810095
74,3,0.23293576708611327,0.27415869246987307,0.2741485710344098,0.2679946410018897,0.26417793249437016
74,4,0.21038159242447727,0.24770822789149285,0.24658479530216643,0.24213358606546861,0.23901254837610675
74,5,0.18962176475416814,0.22369137607786607,0.22237631399894892,0.2189197079650654,0.21627635918784321
74,6,0.17132349391146345,0.20275419694143912,0.20251353195746638,0.19904991707404876,0.19655811306630244
74,7,0.15564920058967555,0.18651564916008276,0.18573778530761867,0.1825314600094189,0.17980166754807186
74,8,0.14244853514608807,0.17355194278069921,0.17210012526311338,0.16887809767464287,0.16566975377407162
74,9,0.1314137527365281,0.16297447194446538,0.161213025830219,0.15744732993622162,0.15392168935250714
74,10,0.12218609554896914,0.15433133036205823,0.1520787629839407,0.1478204905393723,0.1440915945048689
74,11,0.11441903730063155,0.14719824071610318,0.14433496106844015,0.13963539459033739,0.13576114058000766
74,12,0.10780907419640812,0.14121178087320377,0.13766731494213247,0.13258080096095742,0.1286434250018652
74,13,0.1021058256888223,0.136078420723681,0.1321869418414064,0.12640473291515647,0.12245603231510586
74,14,0.0971108505495969,0.13157087836186257,0.12745231349935754,0.1209114909048882,0.11703639139265716
74,15,0.09267133590887841,0.12751909281553833,0.12335150703072166,0.11595375818110307,0.11219531872367239
74,16,0.08867216675071982,0.12379981528003228,0.11961075440133286,0.11142337596115962,0.10782161193150322
74,17,0.08502814089387575,0.12032672571791539,0.11614079047577404,0.10725609664317497,0.10380361185638462
74,18,0.08167708633466317,0.11704181425152041,0.11287971357884692,0.10347865184484137,0.10008174188769348
74,19,0.07857410915738593,0.11390818582975873,0.10978611667675346,0.09995164615306719,0.09663558776732128
74,20,0.07568695010823136,0.11090419521719333,0.10683354610007427,0.09668885616859782,0.09346552694639741
74,21,0.07299232692598222,0.10801873703614909,0.10400609326331949,0.09371443600951271,0.09052026675830269
74,22,0.0704731123936033,0.10524751172339855,0.10129492769354435,0.09093238303326502,0.08779040318958115
74,23,0.06811620386033274,0.10259011454436798,0.09869560796684869,0.0883107435045278,0.08522537604351006
74,24,0.06591095761395083,0.10004782675357873,0.09620604015951008,0.08584079591819042,0.0828283439895562
75,1,0.2810264232048712,0.36128857536375314,0.34847065208187966,0.3275522627714218,0.3200889437217471
75,2,0.25781324576721476,0.33616258267942967,0.32208728857938007,0.30202619090318183,0.29440353292028143
75,3,0.23459515504501408,0.31022006217193376,0.2951810561954225,0.27637027714797274,0.2687046565465194
75,4,0.21194043212871808,0.2846357958273906,0.2698523340242691,0.25150320636969675,0.24392179008353657
75,5,0.19105894546751465,0.26080128744784015,0.24677101815917218,0.22853310993631673,0.22148335758253407
75,6,0.17262711360816207,0.2394651720736252,0.22677436322119765,0.2085757202335738,0.20179183010197513
75,7,0.1568162114814361,0.2208417566476226,0.2092232791669073,0.1914712683105586,0.18490940922827687
75,8,0.14348259005210534,0.2048082401831409,0.19404010093664797,0.1768614476200964,0.1705469896144517
75,9,0.13232326433702368,0.19106729325443453,0.18097489204893136,0.16444869807705956,0.15845071537222583
75,10,0.12298257273301488,0.17926137874085632,0.16971163688972746,0.15388129083101829,0.14827831274115966
75,11,0.11511574163399096,0.16904090697196741,0.15993422375927197,0.14481837044310375,0.13969167408203043
75,12,0.10842000544667345,0.16009749423314465,0.1513602954089569,0.13712694567711858,0.13231018516142587
75,13,0.10264497216113959,0.15217524990721218,0.14375390595781978,0.1305319647122255,0.12593224953413054
75,14,0.09759162845849743,0.14507019699738413,0.1369262271953376,0.12476121918391234,0.12033332943621766
75,15,0.09310616616661305,0.13862430052633182,0.1307305606733255,0.11969831452508921,0.11539378571793332
75,16,0.08907216372564211,0.13271772648823335,0.1250553220547277,0.11514780557728158,0.11092823680656658
75,17,0.08540290430002032,0.127261129740145,0.12013358502973766,0.11101527675532438,0.10690618926697419
75,18,0.08203459412382699,0.12218874157180812,0.11570909803376224,0.10719486912927415,0.10320211044966836
75,19,0.07892070884553191,0.11745250479682953,0.11158376811980335,0.10366313525206708,0.09975746372681273
75,20,0.07602744141077077,0.11301726485605904,0.10790158247253523,0.10035894917470507,0.09658653981706143
75,21,0.07333012246340435,0.10885693065964178,0.10474001063392019,0.09726226607548583,0.09362983366112698
75,22,0.07081045750446556,0.10495149049734162,0.1017688005464154,0.09436726576646849,0.09086628328379197
75,23,0.0684544325629284,0.10128476614771473,0.0989726428546216,0.0916417553555284,0.08826844895646366
75,24,0.06625076025251142,0.09784279386554964,0.09633928436167816,0.08911162353553684,0.08584793272477173
76,1,0.2840282989581183,0.33435586285933283,0.3317737574525734,0.32663148931665287,0.32035402188101364
76,2,0.2607960236424756,0.31067812002283846,0.30657781022320274,0.30024165958817,0.29440120912030776
76,3,0.23751255191257734,0.28672612620240967,0.28163677359932776,0.27348307161850005,0.2684974153964692
76,4,0.21481107070461586,0.26307196224627094,0.2573698101126616,0.24792585760378927,0.2437788863989674
76,5,0.19390762637025058,0.2409785984082314,0.23554113319770478,0.2256357259311242,0.22128216608770565
76,6,0.1754722617858083,0.22118016536569537,0.21632690631210164,0.20635519654495704,0.20172382411284323
76,7,0.15966809450488,0.20390426288492833,0.19982468988292515,0.18981670676294465,0.18503304359084222
76,8,0.14634336204030116,0.1890558717088793,0.18582564615277694,0.17581122490992515,0.1709831460165137
76,9,0.13518814389570746,0.1763687296088012,0.17397900572839453,0.16404299113167503,0.15920735990535484
76,10,0.12584168048384062,0.1655123203513796,0.16390017564231268,0.15406760824396581,0.14929444809703124
76,11,0.11795605393485196,0.15615770121464953,0.1552310734408655,0.14550492339307214,0.1408511685216693
76,12,0.1112271009806835,0.14801108863118426,0.14766672435682543,0.1380655139095035,0.13360099036644954
76,13,0.10540444473736937,0.14109699457349936,0.14096167288021882,0.13166859813036602,0.1272753152073745
76,14,0.1002901450445737,0.13544648258742573,0.13492609421427873,0.1259631221087653,0.12164135968964043
76,15,0.09573219419485111,0.13024049903482285,0.12941766363639348,0.1207896838147128,0.11655586986317815
76,16,0.09161640793682148,0.12538891734736993,0.12433244328293111,0.11604161972196417,0.11190616995562941
76,17,0.08785849784610628,0.12083173377201709,0.11959632510272925,0.11164550175834113,0.10761242252640435
76,18,0.08439708871066359,0.11653063597685517,0.11515762496609669,0.10756364066786066,0.10363191802504239
76,19,0.08118790730092001,0.11246220037032997,0.11098095545274334,0.10376656999909939,0.09994925952373354
76,20,0.0781991142519138,0.10861255354436103,0.1071480598409539,0.10019793334303209,0.0965340144832735
76,21,0.07540764799344855,0.10497329954320753,0.10390457970833626,0.09688977138834404,0.09332618697414571
76,22,0.0727964224960624,0.10153852716708403,0.10082591827534691,0.09380164244582273,0.09031989406542765
76,23,0.07035222736862959,0.09830273514960311,0.0979080045803568,0.09096959716234683,0.087489164887847
76,24,0.06806419792924057,0.0952595319266987,0.09514764091801849,0.08836726530454189,0.08482101488210529
77,1,0.28233214279602875,0.34605406696633667,0.34408683651925,0.33110522097313894,0.3229074664871501
77,2,0.2591385641941982,0.3212506276778787,0.3169089789921618,0.3046179509192398,0.2969008769348688
77,3,0.23591302393875016,0.29593090873803973,0.28946170095355045,0.2777014980655154,0.2705653072486534
77,4,0.21324777026540553,0.27129916674292387,0.26348741009374926,0.25214895354679967,0.24552627790835774
77,5,0.19235754897387825,0.2486874754093068,0.23966024592643093,0.22879564263817728,0.2227764434754435
77,6,0.1739183605311292,0.22874640962368675,0.2192685854635078,0.208622717508759,0.2030217033556109
77,7,0.15809946818269405,0.21158977665983053,0.20310883224780835,0.1914136487018409,0.18602662907400427
77,8,0.144754597159619,0.1970142222654509,0.18937407153758895,0.1768554286596083,0.17162680232021948
77,9,0.1335781348298795,0.18466870334951213,0.1777085887430383,0.16451825608545625,0.15950621533298528
77,10,0.12421232899406473,0.1741664905376757,0.16772870924175962,0.154125608533202,0.14928288122662087
77,11,0.11631116427463907,0.1651473890354997,0.15908479222779817,0.14531222151687884,0.1405367561899069
77,12,0.10957154355914202,0.15730467040394958,0.15148728731995365,0.13768693881784227,0.13301151623260615
77,13,0.10374355472733572,0.15039103182621788,0.14471104148400116,0.1310096244870001,0.1264972952084768
77,14,0.09862930271287257,0.14421404324445752,0.13858857091320692,0.12512702906473142,0.12076002442181348
77,15,0.09407654106028601,0.1386274691013304,0.13299905955851182,0.11990896637213262,0.11561924880422139
77,16,0.0899706643115507,0.13352187031028112,0.1278568353484977,0.11518664349315877,0.11094983396153986
77,17,0.0862268566463013,0.12881606047027183,0.12310114823859836,0.11094973198337725,0.10667731080714782
77,18,0.08278316699767574,0.12444998451906036,0.11868795527902248,0.10704599051225003,0.10276458190951454
77,19,0.0795947415817574,0.12037908523367186,0.11458380928147652,0.10352004466766507,0.09914796097426115
77,20,0.07662918876793795,0.11656999933723011,0.11076163885715093,0.10024271263529232,0.09579966180274906
77,21,0.07386294737987248,0.11299734715421944,0.10719807145931454,0.09717434431218068,0.0927508502808174
77,22,0.07127850147269431,0.10964137444826416,0.10387191504489679,0.09429389295217147,0.08993051655440865
77,23,0.06886229070465308,0.10648623337142316,0.10076343607654567,0.09158494139833542,0.08729096957010322
77,24,0.06660318407641902,0.10351873070491285,0.09785412588216882,0.08903431706472283,0.08480889803377059
78,1,0.2832506077787454,0.340456642238736,0.33782888997458027,0.3299871158337684,0.32259136791285675
78,2,0.2601733261322755,0.3117745156149842,0.3101252771876857,0.30292636487614916,0.2967468227497537
78,3,0.23708468598367538,0.2823603701264662,0.2818113139770912,0.2761112860123639,0.2711720132783371
78,4,0.2145475496340217,0.25490367916066625,0.25466157910470943,0.2508427061295354,0.24636159403586033
78,5,0.1937647067228162,0.23251865554234835,0.2316769531073985,0.2280101366493828,0.22397248226434177
78,6,0.17540880331680994,0.21322197208855515,0.21147964487817988,0.2079791090117043,0.20430230238204833
78,7,0.15965107465679787,0.19667049680535714,0.1953727786100043,0.19098365984000093,0.1875205121175571
78,8,0.1463501868422368,0.1826756672573004,0.18156381749014627,0.17664668649871473,0.17330578381698247
78,9,0.1352063154533884,0.170893690400736,0.16975098573042707,0.1645790417486567,0.1613636685287901
78,10,0.1258669239786151,0.16093809987829172,0.15963290470471753,0.15436139098247595,0.15130223136657264
78,11,0.11798999057880998,0.15244410062731323,0.15090785046462007,0.14564731889824553,0.14278544180329053
78,12,0.11127508121814418,0.14509826871051518,0.14391955309529247,0.1382532112589528,0.13548885588319037
78,13,0.10547378799838011,0.138646784347696,0.13782283098995657,0.13191199712704998,0.12912230255861107
78,14,0.10038883118862518,0.13289239369657863,0.13239656893252066,0.12635988016529942,0.12349290166689993
78,15,0.09586796147007166,0.12768656044556403,0.12749289192671592,0.12144717189367009,0.11845140437449782
78,16,0.09179618223569846,0.12308291768382087,0.12300163038568011,0.11705188164799227,0.11394593723434213
78,17,0.08808807617686792,0.11917008040158641,0.118842886445113,0.11304472808783712,0.10983426713253712
78,18,0.08468100884508352,0.11550265351683345,0.11496025114162496,0.1093586287269049,0.106054416520372
78,19,0.08152944746640119,0.11204090449593687,0.11131495849747482,0.1059758068841948,0.10254848731604319
78,20,0.07860037828555433,0.1087587896888603,0.10788101613674934,0.10282350589535669,0.09930385145435613
78,21,0.07586970152383782,0.10564004781321043,0.10473917979962584,0.09987092768118515,0.09626963935334867
78,22,0.07331945427239982,0.10267497992164573,0.10216347773819713,0.09709756518738813,0.09344933122221045
78,23,0.0709357168945372,0.09985786022354806,0.09972090571443822,0.09448767702567419,0.09082420364726604
78,24,0.06870707622608722,0.09762098725344942,0.09740295531624547,0.09204169359890257,0.08836302144043344
79,1,0.2832566175102332,0.34544017864828486,0.3408501613620639,0.3273036262103599,0.3219947396743981
79,2,0.2601594488470498,0.32121838127365215,0.3161085015931402,0.3017135767444928,0.2965777540718409
79,3,0.23701276376975094,0.29606931774137596,0.2905929894285141,0.27592484949392937,0.2713165384043651
79,4,0.21440758039438257,0.2713231240343703,0.26555061498568067,0.2512630804454302,0.24701186885969534
79,5,0.19355358632467748,0.24833180013548167,0.24233673381922385,0.22908807666227343,0.22462765948809604
79,6,0.17512425889109623,0.22780980169827875,0.22165267286551518,0.20942633943526884,0.20490493830378315
79,7,0.15929069266521098,0.20996250119807108,0.2036769484082385,0.19253425861535106,0.18796429754220398
79,8,0.14591107342854615,0.19467745908325074,0.18826773049589196,0.17810471242390724,0.17365822584432528
79,9,0.13468505735034342,0.18167869945573956,0.17570994482028193,0.16600444713273274,0.16164645857860513
79,10,0.12525994160546217,0.1706326573296279,0.16536266216239445,0.15596582938047668,0.15157201909158127
79,11,0.11729407290310583,0.16120988356483856,0.15651104487293346,0.14745781982424586,0.1430680631989363
79,12,0.11048788070891327,0.1531146141037893,0.1488757100458504,0.1401820537552606,0.13572588833883217
79,13,0.10459416554493128,0.14609485124054866,0.14221926920211223,0.13384362382948367,0.12930505447795854
79,14,0.09941702887119735,0.13994233914072124,0.1363475088726893,0.1282441475560482,0.12368227511131538
79,15,0.09480562575490974,0.13448817165484267,0.13110536413827778,0.12323033156413307,0.11869413259793618
79,16,0.09064627528299002,0.1295970767084364,0.12637102357181082,0.11876387588621959,0.11420325582810013
79,17,0.08685471256590231,0.12516178308515424,0.12204987386274874,0.11467719140018758,0.11009194228451258
79,18,0.08336924852401491,0.12109800170954876,0.11806903499574292,0.1108932006285547,0.10630436358409508
79,19,0.08014506822720588,0.11734013933521925,0.11464774469189522,0.10736509452269957,0.10280689782019206
79,20,0.07714964471877622,0.11383769354165169,0.11143774190184162,0.10407090640522694,0.09954365377338902
79,21,0.0743591427563483,0.11055222759181621,0.1084089296570206,0.10101768231628845,0.09649158871127256
79,22,0.07175565960387655,0.1074548246615129,0.1055426954861899,0.09814214872301746,0.09362508668932149
79,23,0.06932515621853368,0.10452394004002935,0.1028254526274031,0.0954411204509947,0.09093044965309785
79,24,0.06705595033113951,0.1017435919057737,0.10024688900591887,0.09291775956101792,0.08842722493563987
80,1,0.2819731483499922,0.3335850252195741,0.3305748385104612,0.3226913647669459,0.31868136116009305
80,2,0.2586227445225948,0.308530032484467,0.3040821782299862,0.2955699015494674,0.2921636904217422
80,3,0.23520430363890335,0.2826858708962996,0.27809294709058596,0.26932018940399993,0.2657108945454421
80,4,0.21237359572696568,0.25765195284082243,0.25354325923030563,0.24496798215412677,0.24098172596151907
80,5,0.1913611550484559,0.23478032725925088,0.23141965802657688,0.22333783784614986,0.2188054102425919
80,6,0.172841249211477,0.21468038766397632,0.21209982637901398,0.2043829441062739,0.1992699226614119
80,7,0.15697709693307962,0.19741322034689449,0.19539512826095035,0.18799848588975318,0.18259131016010427
80,8,0.14361537425664375,0.1827202276659444,0.18125728251869122,0.17398500823010782,0.1685010161530392
80,9,0.132443750302659,0.17020340195013142,0.16953688207945566,0.16205497458136248,0.15669562391045383
80,10,0.12309878117023629,0.15960817136590807,0.15952593944410523,0.1518684637573378,0.14685899482810696
80,11,0.11522990303818488,0.151680203277177,0.15087247996232583,0.1430963914479671,0.13852316989680954
80,12,0.10853043767359667,0.14480154080368315,0.14349906760185327,0.1354708881700218,0.13134523457103997
80,13,0.10274762923018671,0.1387394163460878,0.13731458556229637,0.12898926740233135,0.1250920573076461
80,14,0.09768129191275907,0.13331161673877093,0.1318251699159197,0.123228562337929,0.11953080258771623
80,15,0.09317732056712966,0.12837993024369646,0.12688272856182958,0.11810720353579773,0.11450731747057119
80,16,0.08911961282612406,0.12384212796054897,0.12237415225233166,0.11352220260858059,0.10991449250097525
80,17,0.08542217903370453,0.11962421407454724,0.11821441942860451,0.10938738573961941,0.10570612258199323
80,18,0.0820221933437029,0.1156736634227549,0.11434046969978363,0.10559939299875569,0.1018492484627818
80,19,0.07887420487482291,0.11195383694045138,0.11070608135420788,0.1021001815635253,0.09830292273243275
80,20,0.07594547662249405,0.10843952137991605,0.1072777318154539,0.09881278624951197,0.09501253222471726
80,21,0.07321232017601575,0.1051134469343771,0.1040313168256959,0.0957130115525288,0.09196317533644818
80,22,0.07065726957000018,0.10196361806288126,0.1009495788281783,0.09278897159178454,0.08910000522753393
80,23,0.06826694602020901,0.09898130681558634,0.09802010541117885,0.09004225810230732,0.08645346603785943
80,24,0.06603048525477638,0.09615958234774649,0.09523378221810906,0.08756423745635945,0.08398424607735791
81,1,0.2862573410507449,0.34997809431305993,0.3489961623338507,0.3307706560709886,0.3230220744417981
81,2,0.2628300596592361,0.3233179399873005,0.32198005740427726,0.3042350468984664,0.2974177054298299
81,3,0.23931125563965894,0.2957287974870083,0.29431242217130926,0.2781711174891103,0.2715748266031185
81,4,0.2163634613486029,0.2689222208805969,0.2677320493704725,0.25342193599920976,0.2468596478172273
81,5,0.195221445031124,0.2443279214039286,0.24364694924959776,0.23094766269450256,0.22450085271389603
81,6,0.17656310759486785,0.2226964707090824,0.22265238432476148,0.21099689745264844,0.2049500784874571
81,7,0.16055485241027953,0.20567646442054002,0.2047713678411635,0.1937522225278403,0.18826250572676467
81,8,0.14704623436091413,0.1915405093317825,0.18970975788271033,0.1791854121768783,0.17424955512448018
81,9,0.13572751232176963,0.17981082555757874,0.17734371676420585,0.16695149384098348,0.1623838667310652
81,10,0.1262375108335838,0.17001390575539896,0.1680683259647059,0.15679819922116184,0.152290267634939
81,11,0.1182275808402547,0.16173616352176404,0.1601292376622599,0.14814959555436502,0.14365927873521184
81,12,0.11139258782166936,0.15464139465269236,0.1532355859139216,0.14083122644248808,0.13621965635191707
81,13,0.1054809475888426,0.14846821458170947,0.14715469173540846,0.13440043225937845,0.12979788169515621
81,14,0.100293286943921,0.14301904025007908,0.14170795813089382,0.12867120220012557,0.1241338560096346
81,15,0.09567597767610811,0.13814693866827985,0.13676262377384907,0.12353828171313186,0.11909959404560506
81,16,0.09151308920906466,0.13374334252482864,0.13222254974013564,0.11886379979162628,0.11453896942062561
81,17,0.08771853415489154,0.12972778959821898,0.12801958205841635,0.1146003538173983,0.1104012612004163
81,18,0.08422915951424681,0.12603991469760192,0.12410611484752933,0.11065986388572495,0.10661021592967954
81,19,0.08099900228440575,0.12263350123088332,0.12044900826669323,0.10703333847940284,0.10309595106874136
81,20,0.07799467675073153,0.11947223964955808,0.11702479965215969,0.10365099706415,0.0998042856851237
81,21,0.07519176024043711,0.11652680943624558,0.11381606417988134,0.10047631249340891,0.09672833749291561
81,22,0.07257201842052434,0.11377293163159344,0.11080876253653686,0.09756809489837097,0.09385207148174135
81,23,0.07012131889462751,0.11119009525281096,0.10799041835854571,0.0948751443855531,0.09116843797107482
81,24,0.06782810153649127,0.1087607251077373,0.10534897821879065,0.09238857234771045,0.08863993550587829
82,1,0.2808879896405894,0.34381822081210195,0.3436327664386213,0.3267106955711001,0.31811713513515566
82,2,0.257869931627447,0.3188513782006556,0.31650329802619903,0.30060020383089525,0.2927516426337728
82,3,0.23485684971023615,0.29338552818660835,0.2888461586267552,0.2742794279833186,0.2675788696151715
82,4,0.21239280711807504,0.26823828560505886,0.2628935988862947,0.2489771862919547,0.24323531099949486
82,5,0.1916793487914395,0.24476797705348596,0.23937578565164622,0.22626885303342217,0.22085018826438682
82,6,0.17338999892585613,0.22374380265953298,0.21838168864750962,0.2064418083305272,0.20143730469458015
82,7,0.1576965847417818,0.2054022743732949,0.20012517807360652,0.18944384043813617,0.18478431618525062
82,8,0.14445776935940938,0.18964255903015526,0.18448345202017616,0.1750151723834581,0.1706829501252318
82,9,0.13337318013211916,0.17618618357756977,0.17201160739374205,0.16289953573587312,0.15883768753162314
82,10,0.1240894942217494,0.1646890901746655,0.16199782634344767,0.15269905934975342,0.14891270573519505
82,11,0.11626398503611057,0.1548093848201546,0.15339470624355533,0.1440032104894688,0.1404550772151517
82,12,0.10959578147995706,0.14624118372911227,0.14589986239655667,0.13663337452139449,0.13321065819464323
82,13,0.10383635544528262,0.13980215677826938,0.13926449815572695,0.13019293252651015,0.12693120308271702
82,14,0.09878858638775771,0.13452867357155143,0.13329302429557177,0.12452637792418267,0.1213555397293696
82,15,0.09430058915670216,0.12960678746631835,0.12783714049040973,0.11940893993532153,0.11633352600212325
82,16,0.09025785737219842,0.1249472241662263,0.12278798767362382,0.11481380430563756,0.11175319405530064
82,17,0.08657552265222748,0.12049374710980651,0.11806821120680135,0.11059186355573922,0.1075505475075174
82,18,0.08319150768779629,0.11621491154108379,0.1136247497957681,0.10665295545605821,0.10368698846825586
82,19,0.08006081107820422,0.11209689141742055,0.10942262960105868,0.10295821177244217,0.10007649299976382
82,20,0.07715090443361854,0.10813744886193774,0.10543979249954237,0.09950430220520246,0.09671184552229176
82,21,0.07443811742643519,0.10434101276471011,0.10166288848405904,0.09633789886410714,0.0935564285412256
82,22,0.07190485792169912,0.10071480283448889,0.0980839358072755,0.09334847950343643,0.09058794119191613
82,23,0.06953752011281228,0.09726593103932898,0.09483813635077964,0.09052813733932488,0.08779536140693436
82,24,0.06732495192019067,0.09399940916901015,0.09212544592865127,0.08787037510654386,0.08516958806641202
83,1,0.28055745724221964,0.33948521808872806,0.3365057550655868,0.32481976381786565,0.31837653251665243
83,2,0.2574325877538032,0.3086512252569313,0.30653739769815724,0.29787587743033006,0.2919755839574512
83,3,0.23427840102560032,0.27883703944290605,0.2779085935815144,0.27080045599467045,0.26575630052526267
83,4,0.21168871228843986,0.25503621395351816,0.253422704838366,0.24539422562993035,0.24081258038782308
83,5,0.19087180464391046,0.23274657608716012,0.23170769781137954,0.22289415037412902,0.21840737608308988
83,6,0.17249779389938819,0.21275744413730777,0.21192701803591996,0.2033738560979303,0.19890585568897506
83,7,0.15673318045347182,0.19533603244483536,0.19440334943248913,0.1867721022469661,0.18228610976464266
83,8,0.14343161800629173,0.1804121380428376,0.17975350734940432,0.17276335739141047,0.16831054530551748
83,9,0.13228909157436025,0.16773702590971548,0.16767724735983647,0.16094605830033268,0.1565532114967299
83,10,0.12295019671679754,0.1580444403353688,0.15751736861830107,0.1509594840413345,0.14674729076201498
83,11,0.11507136572441999,0.14998247527941322,0.1489142153154709,0.14240270971232388,0.13847937015545891
83,12,0.10835167019446493,0.14309527989656834,0.14155124295988003,0.1349980822286882,0.13141064417271914
83,13,0.10254291779332514,0.13711105579429417,0.13516562528805115,0.12851225037790784,0.12524889547627452
83,14,0.09744844769983524,0.1318185248194942,0.1295471156869924,0.12277866445665322,0.11979277075782693
83,15,0.0929167981009313,0.127058249111569,0.12453167645738746,0.11774147500094237,0.11489319154624252
83,16,0.08883376707859376,0.12271285612381594,0.11999353804052869,0.11319966464591502,0.11043753994787975
83,17,0.0851146389507418,0.11869785579377584,0.11583749166048012,0.10901962352946667,0.10634339506886481
83,18,0.08169733390693086,0.114953693179211,0.11199215683075582,0.10518026850902851,0.10255458759126009
83,19,0.07853670623314195,0.11143917129218411,0.1084044172424833,0.10161540114234735,0.09902815323636552
83,20,0.075599964412914,0.10812616245441237,0.10503496663982385,0.09831864994073354,0.09572954858591384
83,21,0.07286308479681297,0.1049954549721705,0.10185481163873429,0.09521974602912157,0.09264676187498776
83,22,0.07030806352340396,0.1020335737544874,0.0988425606473985,0.09230112403880275,0.08976236286027135
83,23,0.06792085762737436,0.09923042692060968,0.09598234317074596,0.08957507576368422,0.08709055302460925
83,24,0.06568988453736548,0.09657764638056193,0.09326222916559194,0.08702303071468331,0.0846040313994585
84,1,0.28233140382159155,0.34477367338249487,0.34068981315871993,0.329615410666401,0.32351334998812653
84,2,0.25901439263433074,0.31856235884636563,0.3148830237445143,0.30369901834873986,0.2976339756802723
84,3,0.2356706006265594,0.2916321714141544,0.2885070128101903,0.27753587905128635,0.27160286485155677
84,4,0.21290556783918446,0.26552228173859965,0.26285140271598073,0.25240258388318143,0.24708340938292178
84,5,0.19194012788874468,0.24164752945772683,0.23931119060038591,0.22992920198363231,0.22487340940918932
84,6,0.17344861135074108,0.2206682557414535,0.21856670894459657,0.210684764081187,0.20531743730924287
84,7,0.15759653085824044,0.202680725309752,0.20073547400700195,0.19414942890478462,0.18844832354523047
84,8,0.14423397953598316,0.18745387419972104,0.18698686414262114,0.180150276483529,0.17423865724893775
84,9,0.1330523187352156,0.17606558646048226,0.1753375259543422,0.16834838521965628,0.16220045895365803
84,10,0.12369137434911538,0.16698549555100722,0.16536192508255693,0.1583195327990834,0.1520482729537128
84,11,0.11580311917519452,0.1590616660269648,0.15676228624294367,0.14972860462530185,0.14351871579700443
84,12,0.10908264937035698,0.15208248987856582,0.14927256545264253,0.14228203543830156,0.1362018639025817
84,13,0.1032783281394925,0.14586011140935884,0.14266946520186208,0.13573799711120516,0.12980779859777908
84,14,0.09819058618518862,0.14023728703049287,0.1367730978332681,0.1299053613191145,0.12412221856294195
84,15,0.09366558523849289,0.13508797861983207,0.13144266739061197,0.1246375359197669,0.1190116393407411
84,16,0.0895872723687479,0.1303146976442245,0.1269116019543769,0.1198466303318159,0.11437907073041331
84,17,0.08586959374698583,0.12584445859525517,0.12270145962674457,0.1154437840923936,0.11013145485105831
84,18,0.08244962096713732,0.12162437983625979,0.11874247209182541,0.11134962129365551,0.10618415920029858
84,19,0.0792818122254197,0.11761745936211826,0.1149923452380318,0.10754477866516285,0.10253799398075317
84,20,0.07633338096194935,0.11379876387295051,0.11142219208823402,0.10399480978990432,0.09912869409418659
84,21,0.07358064498819211,0.11015211970370248,0.10801303156395874,0.10065727196424568,0.09592486167479715
84,22,0.07100620368658808,0.10666732408344565,0.10475286284039086,0.09751656478368416,0.09291098761171146
84,23,0.06859679829467495,0.10333786635301428,0.101634274489577,0.09456049148425634,0.09009364794752632
84,24,0.06634172935086377,0.1001591377977773,0.0986525460351859,0.09177872839703705,0.08745793824999606
85,1,0.28024895983228254,0.35225813564629427,0.3466774625726694,0.3312524332652028,0.3229480088701175
85,2,0.2571252805432965,0.32441400938569465,0.31757914292934686,0.30389362503874057,0.29602464663975764
85,3,0.23399795351419123,0.2955086032455613,0.29101954144011394,0.2767063230187302,0.2689071254309029
85,4,0.2114337462861212,0.2673965783200598,0.265145110113025,0.25067506628726344,0.24356189117492405
85,5,0.19063952370169965,0.241636566514044,0.24137809293352014,0.2269286904651701,0.22067909833491006
85,6,0.1722862120317092,0.22190671188392608,0.22044073907225847,0.20695266650542904,0.20079324225052853
85,7,0.15654088371548294,0.20541679532769713,0.20248276779908048,0.19012452715522848,0.18400199908604414
85,8,0.14325768486013943,0.19148260287421992,0.1873076777804792,0.17603915051464178,0.1698749943610576
85,9,0.1321327972834215,0.17977342991638823,0.1755697041952078,0.16417277333208546,0.15815977427626066
85,10,0.1228106755002131,0.1699082293740269,0.1659489290082536,0.15419751012779184,0.14837932652503155
85,11,0.1149473938432452,0.16152215237669615,0.15781009313363492,0.1457863960638866,0.140070211913137
85,12,0.10824159939651139,0.1542981892668776,0.150834014138085,0.13855429898894508,0.13290550210734234
85,13,0.10244472918380762,0.14797687147466065,0.14475690794598284,0.1322037207502139,0.12663494270402553
85,14,0.09735988166816101,0.14235426467510903,0.13936987825729097,0.1265551282034979,0.12110878567932426
85,15,0.09283551936624783,0.1372748230898445,0.13451262220049415,0.12155383087862659,0.11613935382686431
85,16,0.08875753295922205,0.13262275818510671,0.13006522480980492,0.1169808910420089,0.1116224514938102
85,17,0.08504144835308289,0.12831370286207222,0.1259400041441066,0.1127565482231387,0.10747858488539416
85,18,0.08162554267288477,0.1242873986596924,0.12207425226249342,0.10882406166146272,0.10368556572837577
85,19,0.07846510124357972,0.12050159971662122,0.11842413196635697,0.10517202676599698,0.10016697524361347
85,20,0.07552779439141073,0.11692714621595801,0.11495971434712386,0.10179359581019218,0.09688332704090538
85,21,0.07279005023281299,0.11354406987983762,0.11166103239953314,0.0986137711746871,0.09380020845323248
85,22,0.07023427159157586,0.11033857498712363,0.10851499681348907,0.09561758507896548,0.09093586067123313
85,23,0.06784675040565498,0.10730074862526034,0.10551302631256458,0.09279366851853577,0.08825731272824314
85,24,0.06561615018579921,0.10442287313284226,0.10264926387184227,0.09013269582584639,0.08573896780394766
86,1,0.2840821707747767,0.3482467174436189,0.34753908418766466,0.33223704366360546,0.32503634907420237
86,2,0.26077378245105065,0.31880906704480316,0.31870301429601366,0.30550979233065545,0.2988518804060262
86,3,0.2373720617043481,0.2901335987595963,0.28916807374032355,0.27873636876894253,0.2725415177501621
86,4,0.214546418730969,0.26239794732839206,0.26065574434949335,0.25304319456713376,0.24773990564467935
86,5,0.19352752153560537,0.237134424757151,0.2357087822835053,0.22954279083377105,0.2251473215344813
86,6,0.1749891448041487,0.21505345526777406,0.21457663962013124,0.20914786272024322,0.20527440413407053
86,7,0.15909539350698104,0.19628124846248335,0.19626263452149717,0.19169922681007245,0.18822772234096466
86,8,0.14569458161540638,0.18143503301939462,0.18101550574337708,0.1770072238856914,0.1738120458208376
86,9,0.1344764034832995,0.1697714877231319,0.1687089271768908,0.16484673190203916,0.16164576033964898
86,10,0.1250796373149104,0.15983286765306198,0.15827815247922855,0.15458176148934497,0.15135719196357875
86,11,0.1171559691199156,0.1512484780691714,0.14930452512432568,0.14580283226622684,0.1425662383224371
86,12,0.11040084805837282,0.14371358740067497,0.1414762077075648,0.13822761614415852,0.13500551473260733
86,13,0.10456340223081907,0.13699208963955123,0.13515558551890325,0.13159710959988366,0.12841488244981306
86,14,0.09944499972245492,0.13090906769439453,0.12962847673921393,0.1257218496846066,0.12261961835884735
86,15,0.09489270872668432,0.12533963328754677,0.12459496282284294,0.12048291801549518,0.11743301396048791
86,16,0.09079120402068559,0.12019738683796422,0.11995976006895823,0.11570332091126963,0.1127504671864679
86,17,0.0870548922290388,0.11589373887958476,0.11565888288217091,0.11133437962817552,0.10848851086376063
86,18,0.08362100367242674,0.11232056227086007,0.11165061466677592,0.10732582201909373,0.10454481142504764
86,19,0.0804438627585053,0.1089753724611715,0.1079081590505794,0.10358946930034567,0.10090248954486283
86,20,0.07749029695259263,0.105841983575993,0.10461450971492858,0.10009536344541489,0.09755094773610637
86,21,0.07473604468901646,0.10291041113033583,0.10150989125896134,0.09685330479849255,0.0944199507428704
86,22,0.0721629985881991,0.1001733199143316,0.09858193161457568,0.09382361336126341,0.0915089761622498
86,23,0.06975713015727296,0.09762361599528402,0.09582324125397468,0.09107801999474385,0.08877693713814575
86,24,0.06750696397628947,0.09525302215506037,0.0932268116282704,0.08851234518575828,0.08621094015501204
87,1,0.2847950988087636,0.3461791066832691,0.3394119572183744,0.3263989823052305,0.3207918266181899
87,2,0.26131218827576463,0.320830510464976,0.3139397104960956,0.2999876035479006,0.29458492230894584
87,3,0.2378072592381828,0.2956911630770157,0.28867380222251493,0.2743315352637598,0.26859155743352864
87,4,0.21492252817682223,0.2711260630281983,0.2639859403131565,0.24987469836040394,0.2438511752643134
87,5,0.19388208645697375,0.24842598519807593,0.24120056575947096,0.22730923030299793,0.2214954904456401
87,6,0.17535329712689263,0.22832150479293375,0.22102449233116783,0.20749690188334932,0.2019201617465043
87,7,0.15949075707151272,0.2109953163241294,0.2044290711452765,0.1906342621166523,0.1852197131524181
87,8,0.14613328086322735,0.19629575095182503,0.19034161975416503,0.17633797569595422,0.1711685107347697
87,9,0.1349630022134272,0.18390372483699727,0.1782571387352968,0.16434827359213539,0.15941576434647953
87,10,0.12561330989194106,0.17344480297777923,0.16788304636799212,0.15434492590165963,0.14957186510927437
87,11,0.11773229982267397,0.16455551836597168,0.15892103795089452,0.14585911542743507,0.1411891150464003
87,12,0.11101319540743607,0.156915608802889,0.15110009231714797,0.13851156591811042,0.13398624821113309
87,13,0.10520391420537717,0.15025868256795902,0.14419019142156309,0.13205999218269254,0.1277176073927318
87,14,0.10010537783774216,0.14437125855637353,0.13800459223312328,0.1263122786280304,0.12216908064643017
87,15,0.09556479113982375,0.1390866166273713,0.13239632082249267,0.1211675687038311,0.1171787783414435
87,16,0.0914674067635008,0.1342770583986793,0.1272523618830027,0.11651467249433503,0.11262713120427337
87,17,0.08772852612120698,0.12984634037023576,0.12279710105281942,0.1122942879244315,0.10849252092467579
87,18,0.08428647407725222,0.12572299831491326,0.11905871772476857,0.10840742581419183,0.10468420648436019
87,19,0.08109675765975333,0.12185475058413217,0.11551612864358841,0.10477420432779565,0.10112573064332828
87,20,0.07812737257185506,0.11820392836361113,0.11214325932436046,0.10139154901377874,0.09778740168667785
87,21,0.07535512399102756,0.11474379388581565,0.10892393156768194,0.09830345976459644,0.09467866657280057
87,22,0.07276280406429234,0.11145559399667546,0.10584858675446458,0.0953939151972848,0.0917704016521837
87,23,0.07033707645465986,0.10832621392436867,0.10291169326480827,0.09265082491254512,0.0890736224246958
87,24,0.06806693722786587,0.10534632297003274,0.10010976451989508,0.09006419958032166,0.0865479287337957
88,1,0.28120003760611484,0.3521320850298928,0.34254103817535886,0.3294560178116176,0.32365959932805977
88,2,0.25819742479886726,0.3217912271220881,0.31473074672456175,0.3032455329221171,0.2972323961600197
88,3,0.23516526498199342,0.2909877905383548,0.28786900680026484,0.27701487055350593,0.2709339655259908
88,4,0.21269496598748092,0.26204487149530353,0.26179201435031785,0.2515474833670076,0.24561249626052808
88,5,0.19198769640698415,0.24067743581491333,0.23874565145686888,0.22850785390695066,0.22289291374308653
88,6,0.17370874035846565,0.22140476995750272,0.22032794671805206,0.20836321509108835,0.20338582236922664
88,7,0.15802273740557843,0.2044889218959127,0.20417232930240406,0.19138925728885864,0.18667011491292865
88,8,0.14478322502348773,0.19058256336603882,0.19022513195272978,0.17750092446644047,0.1726362604340556
88,9,0.13368688845110652,0.17922587856500963,0.1782654830945806,0.16598308179878563,0.1608455001308115
88,10,0.12437937577721915,0.16951128472467444,0.1680035444180403,0.1562665864373961,0.15092055931042403
88,11,0.1165183292959688,0.16115549763945572,0.15914335146223987,0.14800753328765687,0.14250918025297662
88,12,0.10980412929560705,0.1538993631296667,0.15141683932495453,0.14090345074580307,0.13529913975268615
88,13,0.10398998385660477,0.14752203578645498,0.14459781842627412,0.13470432041173905,0.12907196838275967
88,14,0.09888072149502843,0.14184382872539228,0.13850407605175796,0.12921195597468277,0.12359205653395353
88,15,0.09432644122097537,0.13672320201464103,0.13299349855879933,0.12427398098969814,0.11867801142841139
88,16,0.09021453974867753,0.13205128996681617,0.12819811174566664,0.11977600796206408,0.11424185408136744
88,17,0.08646189358909206,0.12774584941783726,0.12435896983043367,0.11564586459421813,0.11016447938884151
88,18,0.08300796089429596,0.12374555913640409,0.1207868363584471,0.11183937964962887,0.10638656597731526
88,19,0.07980903406232408,0.12000506082552528,0.1174400062376809,0.10827471320344177,0.1028654044266332
88,20,0.07683362007610874,0.1164908491743539,0.11428910719324321,0.1049220347657808,0.0995702994765572
88,21,0.0740588222146215,0.11317798138589016,0.11131361442337444,0.10176058798601031,0.09647896644161484
88,22,0.07146756868278605,0.11004751777441943,0.10849907742005886,0.09877570921744837,0.09357477436774703
88,23,0.06904653950123389,0.10708458604238122,0.10583496457479614,0.09598705127257554,0.09084468994033285
88,24,0.06678466117272254,0.10427696200649275,0.10331303666152351,0.09335561455955743,0.08828870157152767
89,1,0.2813587072148135,0.3500760628537595,0.34528693711801417,0.3275465206970202,0.3181835005121868
89,2,0.25833460729326235,0.3207804469924451,0.31947777563030977,0.30216779877692446,0.2931169490075848
89,3,0.23528577523116354,0.29570101785714176,0.2932216320966913,0.27689031981256684,0.26819265714394647
89,4,0.21276085461528807,0.27316458954265815,0.2673945068901787,0.25230482542777766,0.24438624848543852
89,5,0.19196622963669557,0.2517185331106802,0.2441803417924627,0.22964983409020506,0.2224848235300704
89,6,0.17358136632761897,0.2321443065690248,0.22598641682223153,0.21003354067660945,0.2031074620004834
89,7,0.1577842612535822,0.2147672469457131,0.20986497452931666,0.1931063301755152,0.18654746919436002
89,8,0.14443868053687384,0.19959885840164338,0.19583187847376096,0.1786987150181798,0.17252485350725633
89,9,0.13324778274549748,0.18646651956007143,0.18372429565055287,0.1665751085248096,0.16074024421278854
89,10,0.12386039979533837,0.1751116983885843,0.17329369281115412,0.15632520127943192,0.15076081957861032
89,11,0.11593498321445762,0.16525624638993902,0.16426978781588825,0.14758144382673688,0.14223079275169082
89,12,0.10917121958587934,0.15664041764434894,0.15639825078133415,0.14011835707702788,0.13485683418531003
89,13,0.10332077553942617,0.1498770621969211,0.14945864860129426,0.1337458875342737,0.12845923591916183
89,14,0.09818653006664174,0.14426756742094565,0.14326981006701406,0.12817473166448448,0.12278253715787871
89,15,0.09361650304128809,0.13918627617606782,0.1376882746412221,0.12321974727048879,0.1176735367939383
89,16,0.08949605412009666,0.13452505705735135,0.132603543008065,0.11871503528243718,0.11303555662528886
89,17,0.08574016928080684,0.13020357415723194,0.12793228375369375,0.1145787593724831,0.10884239170649415
89,18,0.08228662478105989,0.12616381187722348,0.12361261481278704,0.11075135908032159,0.10503903240404759
89,19,0.0790902741798065,0.12236504922179409,0.1195989691745949,0.10718997997609436,0.10151327373989934
89,20,0.07611844381494656,0.11877948020940449,0.11585772782876366,0.10386390374637577,0.09821374867159251
89,21,0.07334731535005717,0.11538851495244917,0.11236364314440336,0.10075090150441748,0.09516199339027966
89,22,0.07075914407316035,0.11217972882938387,0.10909700592261029,0.09783439577297555,0.09230162258729616
89,23,0.06834016645434918,0.10914440817489357,0.10604148334590258,0.0951013134030972,0.08964359558787252
89,24,0.06607906817467085,0.10627564213544,0.1031825477848479,0.09254052114556657,0.08716174381271283
90,1,0.28442604965224977,0.35443535718802543,0.3498109887366181,0.3336478112428066,0.32520351422170446
90,2,0.26099890927627456,0.32424737160174577,0.32254259183734113,0.3076502473282138,0.29943385826577373
90,3,0.23753340603282713,0.29604840025248347,0.294956846864467,0.2811649186149454,0.2734900944250636
90,4,0.21463741577513093,0.2716113840550878,0.26872335290466864,0.2556374747658668,0.24851988272761832
90,5,0.19354165952831068,0.2488368844689511,0.24534631867926157,0.2326165622205809,0.22569339063759758
90,6,0.17492970265394173,0.2284498228774303,0.224605494229581,0.21223283867774292,0.2059422193219822
90,7,0.15897285527116486,0.21064959452731177,0.20666408145503098,0.19469273733618064,0.18909417584233118
90,8,0.14552380200514548,0.19530786998318747,0.1913489751714515,0.1800524518698398,0.17485828795379404
90,9,0.1342742239648054,0.18212951391322926,0.1783220750957239,0.1679125724904649,0.16287186448369853
90,10,0.12486291394494414,0.17076444211816108,0.1671970281508067,0.15781152072169216,0.15280357760512892
90,11,0.11694015315983798,0.16087423536835935,0.1576065498621524,0.14925188293095565,0.14423192981954286
90,12,0.11019911849786473,0.15216424426907008,0.14923349533996058,0.14198541634972078,0.13685398527993484
90,13,0.10438624604162122,0.14439373690487053,0.14191501112549842,0.135617497263595,0.13046459279991612
90,14,0.09930011925021415,0.13737417509451386,0.13578301844691,0.12995306323224148,0.12483468612654254
90,15,0.09478515342175241,0.13096221121167909,0.13027663550252933,0.12484374444029038,0.11979451185683059
90,16,0.09072364583768472,0.12549459676850294,0.1252728745541531,0.12017909744281914,0.11523047534759892
90,17,0.0870279826899803,0.12179649699428047,0.12067963165032371,0.11587828788159767,0.11111726234995319
90,18,0.083633765813266,0.11841651360774436,0.11642836351457957,0.11188288871116059,0.10735289810455113
90,19,0.08049408405696354,0.1152941986584195,0.11248116394663384,0.10815176844265602,0.10385306900437048
90,20,0.0775749002948114,0.11238430637372793,0.10969550522817424,0.10471247524122625,0.1005833130126361
90,21,0.0748514233606641,0.10965323003093946,0.10709840984161163,0.10148700553602016,0.09751815744893305
90,22,0.07230530797050004,0.10707622365528191,0.10466338044414221,0.0984571475536555,0.09463843618713759
90,23,0.06992253328430653,0.10463521632697376,0.1023704570732772,0.09560824772813029,0.09192926763329302
90,24,0.06769183069115733,0.102317077296454,0.10020444713801534,0.09292784539463066,0.08937856459239676
91,1,0.2815055997535591,0.3265632251924677,0.32628171743474477,0.32273466832675607,0.31920847968432897
91,2,0.2583464554290994,0.3001820224124073,0.29956469719201984,0.29638765782195237,0.2927252761197267
91,3,0.2351622584039583,0.2733236395376649,0.27324710655657936,0.2698843218486794,0.26666052026720155
91,4,0.21256317748788725,0.24950199267774603,0.2482998593387448,0.2449358284014198,0.2415338217676554
91,5,0.19176064425272274,0.22853605256116646,0.22792733066006882,0.22214549029769767,0.21887360280711307
91,6,0.1734201842500319,0.2115268453911164,0.20951354980982534,0.20204907041438996,0.19901026312673725
91,7,0.15770192909516184,0.19632978887445166,0.19330320736315565,0.18500925555153497,0.18197278254748955
91,8,0.14445336691068947,0.18300219194144798,0.17927808663229206,0.17080688690253581,0.1677900252512315
91,9,0.13336527616122854,0.17143795191525354,0.16725136383596617,0.1588607891321049,0.1559119969943386
91,10,0.1240783349686167,0.16144650773440986,0.15696148659659942,0.14890357726291778,0.1459676386570508
91,11,0.11624633546231287,0.15280671541005456,0.14813244471158227,0.14054148434483052,0.1375942533867161
91,12,0.10956679371933115,0.1453006159373226,0.14050745828340877,0.1334293207821306,0.1304325401367848
91,13,0.10379080657907873,0.13873126374558206,0.13386398607529665,0.12724891091581972,0.12425255820157717
91,14,0.09872162343699437,0.13292977117843233,0.12801740763878006,0.12180365414002006,0.11880634434723784
91,15,0.09420812621755523,0.12775609263885204,0.12319455076825628,0.11701892042669818,0.11396518990577473
91,16,0.09013673959577083,0.12309668228658868,0.11908717825319237,0.11271805160197128,0.10961461549153866
91,17,0.08642353845085013,0.11886090833210458,0.11535285422608269,0.10879873626905996,0.10569796055930832
91,18,0.08300730508283799,0.11497723777870558,0.11192361376494525,0.10519807594345945,0.10213462376529821
91,19,0.07984375743187555,0.1113896747900284,0.10874852755704537,0.10185078766841908,0.09882437067266159
91,20,0.07690091858170707,0.10805464069262535,0.10578992914740734,0.09877762269371375,0.09574741521659864
91,21,0.07415549668967479,0.10493833350653484,0.10302025032942996,0.09593681324756784,0.09288301545390147
91,22,0.07159011750333383,0.10201453701274463,0.10041940771576144,0.09326029518677018,0.09018751406782113
91,23,0.06919125776999341,0.09926282507422082,0.09797267296123335,0.0908014584147637,0.0876474321178494
91,24,0.06694774610013036,0.09666710399092607,0.09566896428711658,0.08850792211908057,0.08525247782073553
92,1,0.27824970246438396,0.3386607576521994,0.3370749906338505,0.3203535635803251,0.31342654823307287
92,2,0.255337154540931,0.3126651908604491,0.3104242251832985,0.2947556210665189,0.28758648349932425
92,3,0.23239886662154938,0.28641153549209564,0.2834554427399455,0.2688584705705507,0.2619312733880131
92,4,0.20999854021922304,0.2610941545031631,0.2575042451669606,0.24373768885647898,0.237561428281654
92,5,0.1893388628735483,0.23806392349299318,0.23396453729304512,0.22100271236286964,0.21542831354251218
92,6,0.17109319074788945,0.21793610033427227,0.21345917082598703,0.20126156088217143,0.19622541538211677
92,7,0.15543504677525025,0.20076661963451883,0.19633532157587535,0.18458105945923214,0.17981681052718
92,8,0.1422253580451145,0.18629647471581987,0.18245330991225672,0.17064079947025634,0.16591861996162696
92,9,0.13116568826527214,0.17413228565417213,0.17080490436333137,0.15903626294084144,0.15421639289981992
92,10,0.12190412402419247,0.16386050744721783,0.16101334961988475,0.14919690064678298,0.1444690181501314
92,11,0.11409886870134855,0.15510736400449596,0.15272118825890024,0.14080687865761363,0.1361677278751868
92,12,0.10744961169089805,0.14756197169555932,0.14562002122318857,0.13362907221685158,0.1290288174029697
92,13,0.10170812870149497,0.14097853400712115,0.13945866212317132,0.12733802667544664,0.12285655034009993
92,14,0.09667743799240647,0.13516869797997785,0.1340399259982546,0.12179689851672433,0.11742242515241832
92,15,0.09220569292334872,0.12999060430082945,0.12921262739632083,0.11682422589792144,0.11255906149298796
92,16,0.08817836683818385,0.12533797508494224,0.12486245263159218,0.11232008379256828,0.10816226739210691
92,17,0.08451053735325377,0.12113068374463407,0.12090348503628326,0.10829234294474763,0.10419733013684236
92,18,0.08114005442160495,0.11730723682371455,0.11727107992063301,0.10467260608416593,0.10053616391598257
92,19,0.07802183477994828,0.11401333609213984,0.11391622229278059,0.10130441288588525,0.09713566752899112
92,20,0.07512326617606697,0.11097581049319996,0.1108012378325498,0.09815625694914147,0.09395760356006502
92,21,0.07242059853043888,0.10809689646528067,0.10789662848730613,0.09520526223817029,0.09097889520188673
92,22,0.06989616972595587,0.10535868371710974,0.10517878845691592,0.09243440893817562,0.08821797532996888
92,23,0.06753631903820906,0.10274869837956305,0.10262837987765755,0.08983046498783999,0.08564447413584503
92,24,0.06532985935475646,0.10025827508267474,0.10022918620288376,0.0873864434954981,0.0832245374148313
93,1,0.2826728294903876,0.34916212985590656,0.3489943117484751,0.32901618678960365,0.3205171721893966
93,2,0.25952644872168557,0.32041599621439365,0.3191337202661295,0.30268936926745404,0.29475218963493366
93,3,0.23631457413131243,0.29101323091002645,0.28842720683060863,0.27591282499622993,0.2689379023872835
93,4,0.21362751394149135,0.26239208878786174,0.2607855714271533,0.2498827418856691,0.24386558458840835
93,5,0.19268399547006246,0.2382904977602066,0.23721366101453742,0.22688052589560326,0.22085938334636784
93,6,0.1741667886014637,0.21952954329946295,0.2170533614133447,0.206709553422864,0.20058190278772567
93,7,0.15825426838808151,0.2031074388830994,0.2002645310739244,0.18935414440565382,0.18338388797699107
93,8,0.14480935771387213,0.1889242446867882,0.18579769156253767,0.17462937685581584,0.16893264942414096
93,9,0.13353388705029423,0.17671535304677705,0.17338228101987518,0.1622216324160564,0.15676052354799885
93,10,0.1240752596380305,0.1661570762876463,0.16269037515263562,0.1517431184495402,0.14657933944120377
93,11,0.11609053310011581,0.1569327284688501,0.1534019882714907,0.14278675199676374,0.13800445924124788
93,12,0.10927805526844032,0.14876643475971113,0.14523770809744718,0.13511746919043666,0.13066328261165033
93,13,0.10338820387169732,0.1414350329981156,0.1379696743324843,0.128426819199212,0.12425000007512613
93,14,0.09822261793264396,0.13476735094437564,0.1314203956060384,0.12249979197904844,0.11856492250589867
93,15,0.09362813211249481,0.12863740120647044,0.12569328998148294,0.11725446527937919,0.1134600756922541
93,16,0.08948898419655656,0.1229554641531464,0.12084199024071839,0.11253895155809768,0.10887665699910061
93,17,0.08571911015682804,0.1176591991012152,0.11634554277152447,0.1082191851719229,0.10468297442243898
93,18,0.08225531586294127,0.11270579614138371,0.11214868354322792,0.10419833205349815,0.10081521036597059
93,19,0.07905157141859707,0.10836004639102179,0.10821279701991775,0.10044020847176927,0.09720112097223342
93,20,0.07607441378717024,0.1053053621035451,0.10451112473322817,0.09696234603264091,0.09380981686504142
93,21,0.07329933600194671,0.10240722108180836,0.10102500212035954,0.09375162809025624,0.0906348800984232
93,22,0.07070801079090913,0.09965368025618568,0.09774098877360911,0.09074962417596794,0.08767378849350924
93,23,0.06828620108742,0.09703839874972084,0.09464874980129089,0.08795050507593008,0.0848863391658072
93,24,0.06602222780110473,0.0945583826380382,0.09173955400533852,0.08531188133164117,0.08227028186560263
94,1,0.2831191525058084,0.33999809054496477,0.33850039719921693,0.3239221953623076,0.3180258658671497
94,2,0.25997802090436883,0.31434360170788556,0.3121484019166201,0.29760390402860726,0.2919435781654987
94,3,0.23679584615396784,0.28867638765821185,0.28554449089212486,0.2714405278404223,0.26594731022271906
94,4,0.21417478201686413,0.2640057711239258,0.2601655787368926,0.24673816206613383,0.24105254500997306
94,5,0.19332323116062006,0.24166033026214784,0.23726745753476572,0.22448183333905045,0.21876115739755203
94,6,0.17491091504310843,0.2222530144621368,0.21739595381344243,0.2051728672398155,0.19932322113508608
94,7,0.15910483841834386,0.20583100624451467,0.20060223305586605,0.1885851853478749,0.1828510729703496
94,8,0.14575957581077004,0.19212146209315528,0.18660459310245417,0.17464118656975328,0.16907371406839275
94,9,0.13457204351761576,0.18071284101838214,0.17497611247644299,0.16296326018723845,0.15748095041124235
94,10,0.12518758377136457,0.1711700904185302,0.1652655404197042,0.15308676238417046,0.14767831129852277
94,11,0.1172631332715596,0.16309634402746603,0.15706210175134588,0.1446596751293461,0.13937363552145307
94,12,0.11049805346658646,0.1561581036851456,0.1500217196948699,0.13737839355811068,0.1322759789739766
94,13,0.10464429492557155,0.15008940370328,0.14387098654278402,0.1309958619201321,0.1260964964593561
94,14,0.09950526708466838,0.1446858237855423,0.13840040918711022,0.12531875236351242,0.120615296902856
94,15,0.09492956862242133,0.1397947395985888,0.1334537603340983,0.12024719877867374,0.11568551854046705
94,16,0.09080309297000168,0.13530507361718458,0.12891705192005143,0.11566333590495466,0.11122462834771762
94,17,0.08704128033997616,0.13113797008953065,0.12470867006114847,0.11144926617816786,0.10712618567466137
94,18,0.08358227598912667,0.12723886198605006,0.12077116295100601,0.10754391284592427,0.10335539250028339
94,19,0.08038122267620824,0.12357095787098765,0.11706467819992161,0.1038985131407854,0.09986309363384624
94,20,0.077405663511138,0.12011000790312654,0.11356184929054136,0.10048357150696305,0.0965940218709075
94,21,0.07463193003763022,0.11684016832950539,0.11024388140638339,0.09730913676234342,0.09354084648520813
94,22,0.07204236371871212,0.11375079669384436,0.10709760238003141,0.09438120326817956,0.09069079381963356
94,23,0.06962322554510149,0.11083403747712456,0.10411328234293565,0.09163110665088721,0.08802996720268498
94,24,0.06736316681438427,0.10808308288450297,0.10128306544708013,0.0890835158372777,0.08552885533303892
95,1,0.2813994849779883,0.34805268257252053,0.34322852249215713,0.3268564611582887,0.3193549024234726
95,2,0.25833062722914024,0.3210684262455141,0.3169649457502656,0.30048264389679663,0.29363152352650324
95,3,0.23521225986893923,0.29327904844268005,0.28973083983914677,0.2746688830755869,0.26812658516450794
95,4,0.21263126329551899,0.26621953216722216,0.2630281549051326,0.25023434513829873,0.2437015198327112
95,5,0.1918016372244694,0.24136060754697444,0.23831003633796896,0.22774765798958158,0.22155126930093455
95,6,0.17340184495787064,0.21941516824233756,0.21631161777318295,0.2078506626059471,0.2020814756418105
95,7,0.15760667725652855,0.20051760411286793,0.19840407196435597,0.19057151990364862,0.18518976402197443
95,8,0.14427608357699434,0.18445996023371722,0.18366022780153216,0.17579159963857433,0.1708685397869878
95,9,0.13310967489584072,0.1712065532483076,0.1710401296101599,0.16338767431265275,0.15883448900713565
95,10,0.12375339924855769,0.16111040772847215,0.16022964774304246,0.1530005111906897,0.14868504332599658
95,11,0.11586349056433769,0.15233295032247604,0.15091636198420708,0.14421140596488927,0.1400354748802332
95,12,0.10913793162942369,0.1446478237182139,0.14319639867370904,0.13680141834210932,0.13258977114624262
95,13,0.10332703789515163,0.13785721285168281,0.13657785812190465,0.1304084060128023,0.12610175774655588
95,14,0.09823257167002172,0.1317965423717605,0.13067095042988264,0.12491434415738974,0.12037455149239287
95,15,0.09370160053368838,0.12633320905826304,0.12533879159102457,0.12001755906056108,0.11527902838029025
95,16,0.08961866300656798,0.12136266201441223,0.12047477611114536,0.11558755114401151,0.1107096302913669
95,17,0.08589804541230288,0.11680370914398466,0.11601133423936312,0.11153338112278552,0.10656895761969772
95,18,0.08247694881207752,0.11259398117814576,0.11241028434116705,0.10778687004292986,0.10276132242313676
95,19,0.0793097837037953,0.10943749901819255,0.10906171466706223,0.10429744556020201,0.09924952047606819
95,20,0.0763635722916483,0.10681570914202343,0.10592958056552783,0.10107152425745336,0.09597206224412007
95,21,0.0736143331717662,0.1043357516656011,0.10298742120968761,0.09804362022024411,0.09290212971586405
95,22,0.0710442949232701,0.10197971548074858,0.10021573375054128,0.09518759847818195,0.09004503133671318
95,23,0.06863979140257133,0.09973498504930489,0.09759991444828799,0.09252027277046254,0.08737776087297852
95,24,0.06638971061352787,0.0975925298357308,0.095128659916125,0.09001091566711636,0.0848944604595312
96,1,0.2824688471870978,0.3536409290014573,0.34759089343494964,0.3312089523319061,0.3250326800035376
96,2,0.2592337497051884,0.3229204170660008,0.3205414166639756,0.30448823892335714,0.29863927651177613
96,3,0.23594573474668779,0.2938975503761715,0.2927413094323368,0.277646642910527,0.2720051927281526
96,4,0.2132304262087127,0.26981823053845916,0.26581983755572103,0.25205486383212994,0.24652355219726077
96,5,0.19230494010746768,0.24721383648969542,0.24121279564606668,0.22874745569411034,0.2235988206543733
96,6,0.17384239571832116,0.2267999084923516,0.22043237101820717,0.2085982985407128,0.20342054258645592
96,7,0.15800947777442273,0.20880877894360822,0.20245792471523832,0.19137261682780474,0.1861758735725683
96,8,0.1446580933303637,0.19316263913178833,0.1870451073335727,0.1767838462023648,0.17189354491355216
96,9,0.13348147608871347,0.17961748532291044,0.1738775238509354,0.16451133473939314,0.15994289641943085
96,10,0.12412113373117858,0.16786619937523567,0.16259141555720358,0.1542384387620751,0.14986038980097074
96,11,0.11623043964262696,0.15760165943960658,0.152838715036766,0.14558953406386016,0.14134030409111956
96,12,0.10950561665729816,0.14854888450629605,0.1444021613878418,0.13823697685775777,0.13400657587417536
96,13,0.10369591944911231,0.1404771608188251,0.13723224131164208,0.1318037941747566,0.12765586804422183
96,14,0.0986024693496207,0.13320098702466965,0.13077102201924368,0.12609155180569315,0.12205913377087055
96,15,0.09407193974118137,0.1265756595846081,0.12489215173260669,0.12094791256895727,0.1170784247466364
96,16,0.08998862414495169,0.12049085934667952,0.11982525818986466,0.11631495558296343,0.11257525459609455
96,17,0.08626666274349974,0.11543113022252408,0.11514755442400253,0.11206566642271369,0.1084833622243188
96,18,0.08284318555551191,0.1119601322122549,0.11141964585152438,0.10815548594774249,0.10468348001533298
96,19,0.0796725964690854,0.10870219403676304,0.10831810257972312,0.10449331360883915,0.10113944766219925
96,20,0.07672196987988436,0.10562626629891467,0.1053818177743044,0.10108103696456186,0.09788298516140347
96,21,0.07396743038252153,0.10271085928688803,0.10259383127894693,0.09787443216884961,0.09482150182545375
96,22,0.07139135987658549,0.09994591227224736,0.09994351948316267,0.09488266279185889,0.09193281656000736
96,23,0.06898028407529586,0.09754159011723829,0.09742413531694961,0.09211256963962955,0.08920619084242863
96,24,0.06672331023421578,0.09526195865032777,0.09503096103026389,0.0895622884459127,0.0866332625314484
97,1,0.28314871524085766,0.345420259866169,0.3384292211946629,0.3244238499467423,0.3185769642985671
97,2,0.2601295468089953,0.3175926474351227,0.3118364497768199,0.2979921595715706,0.2926754176751026
97,3,0.23709356415768149,0.289735506443257,0.2849623237665728,0.2718557356648398,0.2666707721872217
97,4,0.21458142367295657,0.2628972947920341,0.25887189767635155,0.2467359047387851,0.24195287718296482
97,5,0.19379346257417246,0.2385239768434645,0.23500390968019907,0.2241844505789387,0.2193717085960148
97,6,0.17540804486028527,0.2172992212788738,0.21408323631337173,0.20457366353458895,0.19970109150885862
97,7,0.15960401379589698,0.19928971767739656,0.1962414462450906,0.18769921782371907,0.1829595386157632
97,8,0.14624703478999332,0.18421693804367634,0.18125857348277713,0.17348995599289357,0.16888784914408578
97,9,0.13504270205722183,0.17165527813057024,0.1688814379779261,0.161629440180034,0.15707896048121
97,10,0.1256421684725149,0.16115498842257803,0.15866956740693883,0.15159133967082752,0.14716098242918946
97,11,0.11770565044691071,0.1523064140951561,0.1499667445527238,0.14302447754374237,0.13871793185459252
97,12,0.11093388841476941,0.1447649935186937,0.1424487325308908,0.13565009378225246,0.13146737395488195
97,13,0.10507892678886782,0.1382541789542306,0.13585885422201893,0.12925974927765574,0.12515344866959968
97,14,0.0999434734184917,0.13255813941403788,0.13000075997907573,0.12361771089898257,0.11963591934893814
97,15,0.09537498496539215,0.12751110122809817,0.12483506892185467,0.11858136385936695,0.1147061150872779
97,16,0.09125801844690265,0.12298672853819037,0.1203327399121348,0.11402347510111506,0.11024474137443656
97,17,0.08750665033383682,0.11888893771089032,0.11624544450049737,0.10988664219930555,0.1061781019197193
97,18,0.08405774727225511,0.1151445073359163,0.11249856818540174,0.10605677193869496,0.10246379972609147
97,19,0.08086533348025254,0.11169737709751681,0.10903551615852125,0.10249025688463609,0.09903471312685404
97,20,0.07789604193021561,0.10850435559234567,0.10581335258620123,0.09920108197008112,0.09586931187193112
97,21,0.0751255305598277,0.10553192650654836,0.1027994983390384,0.09613786456131415,0.09291464791297184
97,22,0.07253571515458349,0.10275387425232774,0.09996921885711627,0.09325857031925522,0.09013997124932513
97,23,0.07011267551409098,0.10014950389071803,0.09730368453746893,0.09058709202528452,0.08753063406529248
97,24,0.06784510932590565,0.0977022863345195,0.09478844399255071,0.08809359467810143,0.0850749834261332
98,1,0.2807404901209778,0.3452065082499965,0.33886625046526264,0.3279374840539374,0.320828995518537
98,2,0.2573700556087442,0.3196222575190158,0.31186994677119684,0.30071768401535126,0.2932251279394876
98,3,0.23395474702710087,0.2936670410122733,0.28539783192397994,0.27296755096838554,0.26592488431533035
98,4,0.21114127864747118,0.268574064326037,0.2596858700298488,0.24654486430105066,0.24080297129951803
98,5,0.1901566922443468,0.2456931675182361,0.23608137631067877,0.2225128324462934,0.2180071611747818
98,6,0.17167267824022964,0.22564915343258268,0.21528415678597207,0.20215675623811652,0.19801472700173017
98,7,0.1558496757668896,0.20850880881955158,0.19741455716239892,0.18507041249479297,0.18105862706940437
98,8,0.14253195800390223,0.19401738969945348,0.18229756546512682,0.1706427334042943,0.16688800736913495
98,9,0.13140538338687427,0.18177813170205692,0.17067670294829035,0.1585828355915214,0.15521839440499713
98,10,0.12210517257910677,0.17136874959501291,0.1608045527693147,0.14855378008999573,0.14540891243096352
98,11,0.11427976187306785,0.16240463442266045,0.15234871946802542,0.14032666302629357,0.13704739464366963
98,12,0.10762172799665955,0.15456508105745165,0.1450183184453694,0.13336530304541244,0.12989736238503652
98,13,0.10187778779200944,0.1475978959112752,0.13857436250695998,0.1274341208556889,0.12377835087627209
98,14,0.09684742701147321,0.14131326417578127,0.13282894093715802,0.12217157633749876,0.11841932000709461
98,15,0.09237639381960061,0.13557339997528944,0.12763915995000558,0.11743421938050536,0.1136861010560728
98,16,0.0883485982592099,0.13028144158771637,0.12289929162427236,0.11311506418108017,0.10941856084965655
98,17,0.08467819279630515,0.12537122136517187,0.11853291578784235,0.10913612423993291,0.10548631416979459
98,18,0.0813025896181505,0.12079854778620247,0.11448586345574442,0.10550433869656675,0.10185082370744647
98,19,0.07817663705759247,0.11653413924007322,0.11072024448152236,0.10212810409313107,0.09847984247728522
98,20,0.07526792618401497,0.11255811888166306,0.10720958215852218,0.09899370144176689,0.0953205189947224
98,21,0.0725530980941347,0.10885588800386897,0.10393496507957171,0.09609596019464617,0.09236572639702181
98,22,0.0700149966401709,0.10541517254887856,0.10088209096022414,0.09338429841509324,0.089587220304055
98,23,0.06764051876790877,0.10222404600318646,0.09809298611612528,0.09082754280248499,0.08697462514492851
98,24,0.06541903385430946,0.09926975066315841,0.09555945446160492,0.08841812785423067,0.08452084705118978
99,1,0.2807174455949369,0.3374019856206888,0.3343018859612623,0.3236263245634913,0.3168515643234971
99,2,0.2576924608224818,0.310688164780741,0.3084029998250133,0.2984443175014858,0.2915660406756734
99,3,0.23463848200722734,0.28335593064143055,0.2816917720860929,0.272978203371824,0.2664698852584136
99,4,0.2121115541862128,0.25665181495070144,0.2555427433204435,0.24794320300926734,0.24230168056190293
99,5,0.19131727979436117,0.23204060317185005,0.23139179135231586,0.2251719876268899,0.22007464939210722
99,6,0.1729339654835511,0.21071668643921,0.21049221293349513,0.20516303115411158,0.20027930218026765
99,7,0.15713875703773802,0.1932337890057551,0.19236416028668024,0.18798654277798724,0.1832646434006457
99,8,0.1437952890578077,0.17801809913206867,0.17693064571365386,0.17322063893495715,0.1689301137591071
99,9,0.13260719416223052,0.1648854565174902,0.16401257000376546,0.16063899262464307,0.15679950373845514
99,10,0.12322402191515679,0.15356733998511546,0.15349176606174914,0.15000694371915096,0.14644918755055397
99,11,0.11530487914121224,0.14508495644774813,0.144431254051529,0.14095761126448073,0.13761158798933973
99,12,0.10854987693027791,0.13787455082176828,0.13738256807545107,0.1331287752402103,0.1300417895205859
99,13,0.10271082486795474,0.13155717266864778,0.13122929525893803,0.1262910103750019,0.12353772792986821
99,14,0.09759048806290484,0.125950082351287,0.12577211602831892,0.12024665385018758,0.11775847944114985
99,15,0.0930365776727697,0.12091132502754817,0.12086456129943174,0.11499457148369525,0.11261019198662033
99,16,0.08893402192971735,0.11645912630679486,0.11639619570580009,0.11032454468379058,0.10791957693289159
99,17,0.08519731882109519,0.1124353872259489,0.11228559814425279,0.10609851289260719,0.10363273674954657
99,18,0.08176375277128836,0.10868763407475743,0.10847391248722116,0.10226771217947186,0.0997611010917133
99,19,0.07858771930811104,0.10517494353660803,0.10491929622434587,0.09869345450400366,0.09620434981268265
99,20,0.07563614470172714,0.10186959582854008,0.10159232404527693,0.09543630670173606,0.09287626226683443
99,21,0.07288488213490131,0.09875315404955406,0.09847228532867983,0.09244151625218976,0.08982058456289795
99,22,0.07031593612760272,0.09581334197236333,0.09554427352919984,0.08971713641641178,0.08695515255382902
99,23,0.06791537115790201,0.09304161632666783,0.09279695950794403,0.08715370814121073,0.08427774800230368
99,24,0.06567177726352577,0.09043133886638896,0.09022094801082853,0.08474177450068485,0.08177926059915269
