i,K,obj_val
0.0,1.0,0.26728581952687236
0.0,2.0,0.24541270394720702
0.0,3.0,0.2237645695342337
0.0,4.0,0.20240513616471492
0.0,5.0,0.18244782533744294
0.0,6.0,0.1646219574886166
0.0,7.0,0.14918657663111748
0.0,8.0,0.13608967071175201
0.0,9.0,0.1251064462044044
0.0,10.0,0.11593763447390812
0.0,11.0,0.10827293957283238
0.0,12.0,0.10182606437241429
0.0,13.0,0.09634992737504464
0.0,14.0,0.09164008447564884
0.0,15.0,0.08753211684208992
0.0,16.0,0.08389650648235894
0.0,17.0,0.08063290331506637
0.0,18.0,0.07766469111329818
0.0,19.0,0.07493420865690922
0.0,20.0,0.0723987054137705
0.0,21.0,0.07002698739371174
0.0,22.0,0.06779666492011019
0.0,23.0,0.06569190849997916
0.0,24.0,0.06370162952204403
1.0,1.0,0.25456697852030036
1.0,2.0,0.23296737364189518
1.0,3.0,0.2114343096341464
1.0,4.0,0.19028341839448493
1.0,5.0,0.17065267617238827
1.0,6.0,0.1532179381254657
1.0,7.0,0.13818891868521954
1.0,8.0,0.12547419902884338
1.0,9.0,0.11481929945708597
1.0,10.0,0.10590644057642207
1.0,11.0,0.09841761267001031
1.0,12.0,0.09206770189287578
1.0,13.0,0.08661730502022624
1.0,14.0,0.08187380963484542
1.0,15.0,0.07768674233241674
1.0,16.0,0.07394099365936885
1.0,17.0,0.07054983681033289
1.0,18.0,0.0674486247925245
1.0,19.0,0.06458948173484957
1.0,20.0,0.061937017913206716
1.0,21.0,0.05946497052466787
1.0,22.0,0.057153627837021104
1.0,23.0,0.054987890480810486
1.0,24.0,0.05295583754890021
2.0,1.0,0.26412747885496995
2.0,2.0,0.24111548525715504
2.0,3.0,0.21748226605816046
2.0,4.0,0.1944618065069888
2.0,5.0,0.17337504311120433
2.0,6.0,0.15490489669793128
2.0,7.0,0.1392110402072167
2.0,8.0,0.12612349697594744
2.0,9.0,0.11530414262077959
2.0,10.0,0.10636102424172222
2.0,11.0,0.09891673674131124
2.0,12.0,0.09264173109056373
2.0,13.0,0.08726531055108722
2.0,14.0,0.08257442972574291
2.0,15.0,0.07840688246931748
2.0,16.0,0.07464263839592411
2.0,17.0,0.07119524086122486
2.0,18.0,0.06800410883726521
2.0,19.0,0.06502801877206127
2.0,20.0,0.06223976995630781
2.0,21.0,0.05962192300103253
2.0,22.0,0.057163466751892544
2.0,23.0,0.054857270835313054
2.0,24.0,0.05269819635084816
3.0,1.0,0.2830146406364777
3.0,2.0,0.2604188894429397
3.0,3.0,0.2377393056655126
3.0,4.0,0.2154348530826251
3.0,5.0,0.19469430745577948
3.0,6.0,0.1762057844283531
3.0,7.0,0.16017601305570667
3.0,8.0,0.146506199641471
3.0,9.0,0.13493564962097232
3.0,10.0,0.12514321696631686
3.0,11.0,0.11680988911749712
3.0,12.0,0.10965082923596514
3.0,13.0,0.10342732856087439
3.0,14.0,0.09794745265225441
3.0,15.0,0.09306129526407991
3.0,16.0,0.08865428603128833
3.0,17.0,0.08464033297906526
3.0,18.0,0.08095560094781235
3.0,19.0,0.07755320514207753
3.0,20.0,0.07439884636623723
3.0,21.0,0.07146730715142097
3.0,22.0,0.06873969343406933
3.0,23.0,0.06620130528727425
3.0,24.0,0.06384003217321316
4.0,1.0,0.26955680874145016
4.0,2.0,0.2462218244454888
4.0,3.0,0.2228117666634416
4.0,4.0,0.20014280485051084
4.0,5.0,0.1794663178578958
4.0,6.0,0.16142301608937648
4.0,7.0,0.14613909091182586
4.0,8.0,0.13342866522250846
4.0,9.0,0.12295246084536526
4.0,10.0,0.11432583440171867
4.0,11.0,0.10718178740696849
4.0,12.0,0.10120069004242993
4.0,13.0,0.09611932815830421
4.0,14.0,0.09172898060939322
4.0,15.0,0.08786869371985173
4.0,16.0,0.08441716807268135
4.0,17.0,0.0812849161422795
4.0,18.0,0.07840735784310127
4.0,19.0,0.07573901620305151
4.0,20.0,0.07324874879073673
4.0,21.0,0.07091587149323314
4.0,22.0,0.06872702436724387
4.0,23.0,0.06667365303169093
4.0,24.0,0.06475001117915019
5.0,1.0,0.3460599508929529
5.0,2.0,0.3211682333876082
5.0,3.0,0.29539820277446976
5.0,4.0,0.2699957171142639
5.0,5.0,0.2463424425028325
5.0,6.0,0.22517403482348586
5.0,7.0,0.20669972167125977
5.0,8.0,0.1907978304202183
5.0,9.0,0.17717628399914087
5.0,10.0,0.16548475007423075
5.0,11.0,0.1553808723003574
5.0,12.0,0.1465621763656439
5.0,13.0,0.13877659639792728
5.0,14.0,0.13182161604189285
5.0,15.0,0.12553838599409
5.0,16.0,0.11980435142202561
5.0,17.0,0.1145261055465755
5.0,18.0,0.10963315071480434
5.0,19.0,0.1050727185061911
5.0,20.0,0.1008055653468154
5.0,21.0,0.09680258343665382
5.0,22.0,0.09304206698482986
5.0,23.0,0.08950750467114332
5.0,24.0,0.08618580635448736
6.0,1.0,0.2610154595206514
6.0,2.0,0.23915607587088455
6.0,3.0,0.21807409850903509
6.0,4.0,0.19739768212505165
6.0,5.0,0.17814957544969012
6.0,6.0,0.16101396504501686
6.0,7.0,0.14621141487647232
6.0,8.0,0.13366159939589356
6.0,9.0,0.1231226195086178
6.0,10.0,0.11428799888629027
6.0,11.0,0.10684858662510588
6.0,12.0,0.10052604609168736
6.0,13.0,0.09508648050649737
6.0,14.0,0.09034223946103354
6.0,15.0,0.08614775170455008
6.0,16.0,0.08239298816547358
6.0,17.0,0.07899651429401577
6.0,18.0,0.07589906574087801
6.0,19.0,0.07305801050558075
6.0,20.0,0.07044277278452332
6.0,21.0,0.06803116463887626
6.0,22.0,0.065806524289935
6.0,23.0,0.06375555064318944
6.0,24.0,0.06186672935811999
7.0,1.0,0.2649620941973678
7.0,2.0,0.24029620967612708
7.0,3.0,0.21528714967529616
7.0,4.0,0.1909863669064656
7.0,5.0,0.16876691866579924
7.0,6.0,0.14934213528679186
7.0,7.0,0.13286353588380878
7.0,8.0,0.11914003578784421
7.0,9.0,0.10781266865090777
7.0,10.0,0.09847305506542348
7.0,11.0,0.09073182827873022
7.0,12.0,0.08425034039874985
7.0,13.0,0.0787498373913687
7.0,14.0,0.07400892873527437
7.0,15.0,0.06985612563691135
7.0,16.0,0.06616111378377398
7.0,17.0,0.06282647995841101
7.0,18.0,0.059780541692440625
7.0,19.0,0.05697140359257097
7.0,20.0,0.054362140011687266
7.0,21.0,0.05192693253943986
7.0,22.0,0.049647989628440525
7.0,23.0,0.047513101527113855
7.0,24.0,0.04551371555859224
8.0,1.0,0.28574401354242146
8.0,2.0,0.2614015055025722
8.0,3.0,0.23629240295780884
8.0,4.0,0.21172517189112966
8.0,5.0,0.18908048959323764
8.0,6.0,0.16908325384800227
8.0,7.0,0.15192650757906706
8.0,8.0,0.13746950361444304
8.0,9.0,0.12540020692540282
8.0,10.0,0.11534860607113767
8.0,11.0,0.10695349099428364
8.0,12.0,0.09989452228913742
8.0,13.0,0.0939027369733299
8.0,14.0,0.08875961697311002
8.0,15.0,0.08429114317990549
8.0,16.0,0.08036038933522288
8.0,17.0,0.0768603822698421
8.0,18.0,0.07370792144391547
8.0,19.0,0.07083851978936767
8.0,20.0,0.06820238412345736
8.0,21.0,0.06576126273456534
8.0,22.0,0.06348597350522706
8.0,23.0,0.06135444647249516
8.0,24.0,0.05935014810048023
9.0,1.0,0.2513785271448025
9.0,2.0,0.23109927566545602
9.0,3.0,0.21146057190362477
9.0,4.0,0.19227150563699347
9.0,5.0,0.17451355366494864
9.0,6.0,0.15879605834770316
9.0,7.0,0.1452891665053458
9.0,8.0,0.13388303232629162
9.0,9.0,0.12432103256546251
9.0,10.0,0.11629387433185917
9.0,11.0,0.1094988083526991
9.0,12.0,0.10367042742584093
9.0,13.0,0.09859198676727371
9.0,14.0,0.0940953770529599
9.0,15.0,0.09005551742529122
9.0,16.0,0.08638267620347584
9.0,17.0,0.08301461267431703
9.0,18.0,0.07990944071629702
9.0,19.0,0.0770395648409371
9.0,20.0,0.07438676096226149
9.0,21.0,0.0719383474559801
9.0,22.0,0.06968434220505898
9.0,23.0,0.0676154854374984
9.0,24.0,0.06572200365399022
10.0,1.0,0.2982926792362096
10.0,2.0,0.27262360458929413
10.0,3.0,0.24659964050086353
10.0,4.0,0.22160080311351243
10.0,5.0,0.1990306053990042
10.0,6.0,0.17953168100266204
10.0,7.0,0.16316266250020878
10.0,8.0,0.1496448993612301
10.0,9.0,0.1385506188091708
10.0,10.0,0.12942462893373158
10.0,11.0,0.12184988567715388
10.0,12.0,0.11547445768755532
10.0,13.0,0.11001624591314285
10.0,14.0,0.10525693563367894
10.0,15.0,0.10103194495910045
10.0,16.0,0.09721984535500361
10.0,17.0,0.0937327864560914
10.0,18.0,0.09050843343636716
10.0,19.0,0.08750344070367766
10.0,20.0,0.08468828876767553
10.0,21.0,0.08204325593228623
10.0,22.0,0.07955530502936492
10.0,23.0,0.07721569839674958
10.0,24.0,0.07501819281287408
11.0,1.0,0.24559521465676687
11.0,2.0,0.22535164974198774
11.0,3.0,0.20574922238039584
11.0,4.0,0.18646222941753343
11.0,5.0,0.16843307344903935
11.0,6.0,0.15230777538939555
11.0,7.0,0.13830772202423963
11.0,8.0,0.12637564799544238
11.0,9.0,0.11630293090590699
11.0,10.0,0.10781806692361512
11.0,11.0,0.1006433896745002
11.0,12.0,0.09452609525149691
11.0,13.0,0.08925120670982356
11.0,14.0,0.08464376895382197
11.0,15.0,0.08056560549792496
11.0,16.0,0.0769099162228098
11.0,17.0,0.0735954828086508
11.0,18.0,0.07056131080771816
11.0,19.0,0.0677620203523559
11.0,20.0,0.06516404038290996
11.0,21.0,0.06274254828158954
11.0,22.0,0.060479057256896784
11.0,23.0,0.058359548417380835
11.0,24.0,0.056373052728960094
12.0,1.0,0.2837575150991258
12.0,2.0,0.2623141428580955
12.0,3.0,0.24097006166861584
12.0,4.0,0.21984454362913658
12.0,5.0,0.20005313553587623
12.0,6.0,0.18231814192905704
12.0,7.0,0.166901337137345
12.0,8.0,0.15375655630954033
12.0,9.0,0.14266412687248214
12.0,10.0,0.1333295819835471
12.0,11.0,0.12544816780686852
12.0,12.0,0.1187404371742729
12.0,13.0,0.11296750840288394
12.0,14.0,0.1079341768307287
12.0,15.0,0.1034858167828962
12.0,16.0,0.09950272948840067
12.0,17.0,0.09589392535421509
12.0,18.0,0.09259129185216369
12.0,19.0,0.08954451857862472
12.0,20.0,0.08671685630937176
12.0,21.0,0.08408165420444957
12.0,22.0,0.08161957271301801
12.0,23.0,0.07931636538834946
12.0,24.0,0.07716113645640071
13.0,1.0,0.27983476365906845
13.0,2.0,0.25621670554094944
13.0,3.0,0.23214666630549707
13.0,4.0,0.20878560962744686
13.0,5.0,0.18746066416548107
13.0,6.0,0.16884274441283292
13.0,7.0,0.1530679740043408
13.0,8.0,0.1399420064558291
13.0,9.0,0.12910665728883297
13.0,10.0,0.12015574922729744
13.0,11.0,0.11270303448141838
13.0,12.0,0.10641422124055494
13.0,13.0,0.10101658505183075
13.0,14.0,0.09629663304501374
13.0,15.0,0.09209251093583931
13.0,16.0,0.08828488333181117
13.0,17.0,0.0847881177765541
13.0,18.0,0.08154252387295685
13.0,19.0,0.07850784461858507
13.0,20.0,0.07565794448049917
13.0,21.0,0.07297654650798785
13.0,22.0,0.07045385699226608
13.0,23.0,0.06808393556144915
13.0,24.0,0.06586269703711672
14.0,1.0,0.26313542445244176
14.0,2.0,0.24210002063695013
14.0,3.0,0.22089515113714941
14.0,4.0,0.19988069881010728
14.0,5.0,0.18019374494945645
14.0,6.0,0.16254115058825674
14.0,7.0,0.14717654593813562
14.0,8.0,0.13405066843639246
14.0,9.0,0.12294353623107224
14.0,10.0,0.1135630159667842
14.0,11.0,0.1056089911710838
14.0,12.0,0.0988083819340776
14.0,13.0,0.09292985761327627
14.0,14.0,0.0877864889447662
14.0,15.0,0.08323224735162615
14.0,16.0,0.07915597215886405
14.0,17.0,0.07547477543407516
14.0,18.0,0.0721278331233503
14.0,19.0,0.0690709449356498
14.0,20.0,0.06627196229992688
14.0,21.0,0.06370705974751295
14.0,22.0,0.061357781714277304
14.0,23.0,0.059208788118831734
14.0,24.0,0.05724622360241882
15.0,1.0,0.3042539956150796
15.0,2.0,0.27745824624315596
15.0,3.0,0.24980538049529122
15.0,4.0,0.22314964372595059
15.0,5.0,0.19895376261452102
15.0,6.0,0.17787082637996465
15.0,7.0,0.15996798368826176
15.0,8.0,0.14497301828738784
15.0,9.0,0.13246423841135274
15.0,10.0,0.12199249490849984
15.0,11.0,0.11314596486427708
15.0,12.0,0.10557642059609879
15.0,13.0,0.09900367345111155
15.0,14.0,0.093209576592864
15.0,15.0,0.08802819648299887
15.0,16.0,0.08333552243809017
15.0,17.0,0.07904018838463317
15.0,18.0,0.0750756843589937
15.0,19.0,0.07139406498146178
15.0,20.0,0.06796097473099044
15.0,21.0,0.06475176307931291
15.0,22.0,0.061748478344106295
15.0,23.0,0.05893756671359973
15.0,24.0,0.056308142246387805
16.0,1.0,0.3091836115138755
16.0,2.0,0.2833959455797934
16.0,3.0,0.2572955734685467
16.0,4.0,0.23249619558396478
16.0,5.0,0.2103549366897543
16.0,6.0,0.1914107230624772
16.0,7.0,0.17562063913844422
16.0,8.0,0.16262482319651428
16.0,9.0,0.151940685496242
16.0,10.0,0.14308283269193356
16.0,11.0,0.13562355515322821
16.0,12.0,0.12921445788817454
16.0,13.0,0.12358672885796468
16.0,14.0,0.11854165177974951
16.0,15.0,0.11393791492187377
16.0,16.0,0.1096789419750342
16.0,17.0,0.10570159547285102
16.0,18.0,0.10196666557715056
16.0,19.0,0.09845114559046042
16.0,20.0,0.09514214709426277
16.0,21.0,0.09203227263509445
16.0,22.0,0.0891162656194614
16.0,23.0,0.0863887621326026
16.0,24.0,0.08384296862907831
17.0,1.0,0.26595190384904865
17.0,2.0,0.24450700643658604
17.0,3.0,0.22326819798321187
17.0,4.0,0.20225423804732676
17.0,5.0,0.18254540129065108
17.0,6.0,0.16484811649121864
17.0,7.0,0.14941926585949536
17.0,8.0,0.1362181628836238
17.0,9.0,0.12503785552687055
17.0,10.0,0.11559955472045655
17.0,11.0,0.10761372795772786
17.0,12.0,0.10081362429062177
17.0,13.0,0.09496958506859768
17.0,14.0,0.08989196928952767
17.0,15.0,0.08542832693157068
17.0,16.0,0.08145826504120854
17.0,17.0,0.07788786243411464
17.0,18.0,0.07464450272552145
17.0,19.0,0.07167244532105763
17.0,20.0,0.06892917617390168
17.0,21.0,0.06638245793676609
17.0,22.0,0.06400796004197398
17.0,23.0,0.06178735106933356
17.0,24.0,0.0597067550141058
18.0,1.0,0.30034607785243356
18.0,2.0,0.2780183601041684
18.0,3.0,0.25481201845247164
18.0,4.0,0.23202227325836194
18.0,5.0,0.2109101383630274
18.0,6.0,0.19213177673266885
18.0,7.0,0.17586234951149876
18.0,8.0,0.16197270725925267
18.0,9.0,0.15017873460131964
18.0,10.0,0.14014722515340478
18.0,11.0,0.13155844904135644
18.0,12.0,0.12413567908063444
18.0,13.0,0.11765383428488368
18.0,14.0,0.11193692421529022
18.0,15.0,0.10685062460195288
18.0,16.0,0.10229359218886092
18.0,17.0,0.09818932244739265
18.0,18.0,0.094479293937127
18.0,19.0,0.0911175764390208
18.0,20.0,0.08806680671617173
18.0,21.0,0.08529532477231444
18.0,22.0,0.08277523659665464
18.0,23.0,0.0804811825900058
18.0,24.0,0.07838962048301079
19.0,1.0,0.2552057115243215
19.0,2.0,0.23264242052786926
19.0,3.0,0.21017427876128314
19.0,4.0,0.18827513227749254
19.0,5.0,0.16814218371801998
19.0,6.0,0.15044953524206972
19.0,7.0,0.1353644345255725
19.0,8.0,0.12273827139819415
19.0,9.0,0.11226173187231053
19.0,10.0,0.10357197264794377
19.0,11.0,0.09631718864846905
19.0,12.0,0.09018852834972585
19.0,13.0,0.08493095443798915
19.0,14.0,0.08034252433843858
19.0,15.0,0.07626833639737424
19.0,16.0,0.07259270732719914
19.0,17.0,0.06923137814525043
19.0,18.0,0.06612452389972323
19.0,19.0,0.06323080926192043
19.0,20.0,0.060522482867751526
19.0,21.0,0.05798140595022805
19.0,22.0,0.055595888142407957
19.0,23.0,0.053358212765333535
19.0,24.0,0.051262753011464435
20.0,1.0,0.24306043010391737
20.0,2.0,0.2224808643527872
20.0,3.0,0.20225496880370608
20.0,4.0,0.1823465342054974
20.0,5.0,0.1637937467997787
20.0,6.0,0.14726511277235144
20.0,7.0,0.13298337890192263
20.0,8.0,0.12087745027792207
20.0,9.0,0.11071445751278669
20.0,10.0,0.10219524803070279
20.0,11.0,0.09501619479099366
20.0,12.0,0.08890290129651712
20.0,13.0,0.08362420641129398
20.0,14.0,0.07899443321551142
20.0,15.0,0.07486963579748335
20.0,16.0,0.07114139343815462
20.0,17.0,0.06773009292479737
20.0,18.0,0.06457863781098466
20.0,19.0,0.06164696276416287
20.0,20.0,0.05890744577840984
20.0,21.0,0.05634118170507946
20.0,22.0,0.05393503263092203
20.0,23.0,0.051679360745847114
20.0,24.0,0.049566353769047056
21.0,1.0,0.2522470413384693
21.0,2.0,0.2299414349057819
21.0,3.0,0.20766224379134435
21.0,4.0,0.18604040002916677
21.0,5.0,0.16624740893589068
21.0,6.0,0.14890053745181575
21.0,7.0,0.13413118856558237
21.0,8.0,0.12177528731797305
21.0,9.0,0.11152220086338449
21.0,10.0,0.10301603306853735
21.0,11.0,0.09591517986091663
21.0,12.0,0.0899208837881269
21.0,13.0,0.08478638436256797
21.0,14.0,0.0803156602870217
21.0,15.0,0.07635750708535316
21.0,16.0,0.0727981523285588
21.0,17.0,0.06955398498106002
21.0,18.0,0.06656505584324729
21.0,19.0,0.06378953601912762
21.0,20.0,0.061199107318476054
21.0,21.0,0.05877518124911507
21.0,22.0,0.05650583159048467
21.0,23.0,0.05438334078814844
21.0,24.0,0.05240228214536763
22.0,1.0,0.2739220985306851
22.0,2.0,0.24750357081095847
22.0,3.0,0.22110118129335266
22.0,4.0,0.19570958834274427
22.0,5.0,0.1727715829047518
22.0,6.0,0.1530028161058511
22.0,7.0,0.13650057402450877
22.0,8.0,0.12299898925862757
22.0,9.0,0.11206508294381667
22.0,10.0,0.10322652853542458
22.0,11.0,0.0960427141876754
22.0,12.0,0.09013590897659263
22.0,13.0,0.08519872345343704
22.0,14.0,0.0809896552997908
22.0,15.0,0.07732386464968927
22.0,16.0,0.07406294516669698
22.0,17.0,0.07110541067880732
22.0,18.0,0.06837851900450614
22.0,19.0,0.0658315250756139
22.0,20.0,0.06343023285018562
22.0,21.0,0.061152645437803965
22.0,22.0,0.05898551224515647
22.0,23.0,0.05692159881659575
22.0,24.0,0.054957539310029724
23.0,1.0,0.29722789546936085
23.0,2.0,0.27155663587775253
23.0,3.0,0.24546641674439917
23.0,4.0,0.22021399024372318
23.0,5.0,0.19721919446581737
23.0,6.0,0.1771766410332738
23.0,7.0,0.1601955812634005
23.0,8.0,0.14603685369837732
23.0,9.0,0.1342992088269655
23.0,10.0,0.1245436005616738
23.0,11.0,0.11636277405081696
23.0,12.0,0.10941149942933326
23.0,13.0,0.10341312464313906
23.0,14.0,0.09815413647160443
23.0,15.0,0.0934739717507771
23.0,16.0,0.0892539865217411
23.0,17.0,0.08540741266105512
23.0,18.0,0.08187098025025885
23.0,19.0,0.07859830481089397
23.0,20.0,0.07555487783130244
23.0,21.0,0.07271440311679989
23.0,22.0,0.07005620559302095
23.0,23.0,0.06756345930557711
23.0,24.0,0.06522201588426557
24.0,1.0,0.27671072903371624
24.0,2.0,0.25366672040140864
24.0,3.0,0.23013403286944195
24.0,4.0,0.20742069817367964
24.0,5.0,0.18679746135838549
24.0,6.0,0.16886986541645305
24.0,7.0,0.15373296206256098
24.0,8.0,0.1411761931730574
24.0,9.0,0.13084424504566983
24.0,10.0,0.12234459706358408
24.0,11.0,0.11530794324672322
24.0,12.0,0.10941519314506593
24.0,13.0,0.10440456379400337
24.0,14.0,0.1000685640043672
24.0,15.0,0.09624683243372245
24.0,16.0,0.09281800330990941
24.0,17.0,0.08969206587975803
24.0,18.0,0.08680374972959493
24.0,19.0,0.08410700961899381
24.0,20.0,0.08157049173255215
24.0,21.0,0.07917381050705657
24.0,22.0,0.0769044781200593
24.0,23.0,0.07475536679078293
24.0,24.0,0.0727226254996225
25.0,1.0,0.3190407069790596
25.0,2.0,0.2936118133364858
25.0,3.0,0.2677206914152551
25.0,4.0,0.24273128160372306
25.0,5.0,0.22002744274727057
25.0,6.0,0.20024850866049806
25.0,7.0,0.18346213627134925
25.0,8.0,0.16940223283388797
25.0,9.0,0.1576543800435196
25.0,10.0,0.14777758479122263
25.0,11.0,0.13937034767347758
25.0,12.0,0.1320977447708385
25.0,13.0,0.125695736568298
25.0,14.0,0.11996434091670186
25.0,15.0,0.11475666431925327
25.0,16.0,0.1099674571534012
25.0,17.0,0.10552284442728196
25.0,18.0,0.1013717955042153
25.0,19.0,0.09747936540193056
25.0,20.0,0.09382151523482493
25.0,21.0,0.0903812506011997
25.0,22.0,0.08714582127227202
25.0,23.0,0.08410475907086781
25.0,24.0,0.08124857050907
26.0,1.0,0.27090922785683585
26.0,2.0,0.24579871536329984
26.0,3.0,0.22103919926099663
26.0,4.0,0.1971357376634777
26.0,5.0,0.17539488031344735
26.0,6.0,0.15651824393855868
26.0,7.0,0.14063290910056714
26.0,8.0,0.12752621472917436
26.0,9.0,0.1168260605007822
26.0,10.0,0.10811730410814513
26.0,11.0,0.1010074383593697
26.0,12.0,0.09515622718909106
26.0,13.0,0.0902834818801817
26.0,14.0,0.0861656886655987
26.0,15.0,0.08262814176370209
26.0,16.0,0.07953613236195561
26.0,17.0,0.0767868140587129
26.0,18.0,0.07430231659104919
26.0,19.0,0.07202417336153188
26.0,20.0,0.06990891796254434
26.0,21.0,0.06792464181143759
26.0,22.0,0.06604830839379716
26.0,23.0,0.06426364870710455
26.0,24.0,0.06255949802645178
27.0,1.0,0.2815195603156099
27.0,2.0,0.26261373568450513
27.0,3.0,0.24386046324793703
27.0,4.0,0.2249300762592651
27.0,5.0,0.20672516818665848
27.0,6.0,0.18991685951101245
27.0,7.0,0.1748138547958148
27.0,8.0,0.16146666498710122
27.0,9.0,0.1497675276679708
27.0,10.0,0.13952872341905997
27.0,11.0,0.13053829064868977
27.0,12.0,0.12259389606689097
27.0,13.0,0.11551954203039555
27.0,14.0,0.1091709316889305
27.0,15.0,0.10343434728311235
27.0,16.0,0.09822238985229204
27.0,17.0,0.09346863274176814
27.0,18.0,0.08912233746552317
27.0,19.0,0.0851438145691289
27.0,20.0,0.08150067653006626
27.0,21.0,0.07816503406987335
27.0,22.0,0.07511157316934003
27.0,23.0,0.07231638527352313
27.0,24.0,0.06975639135616318
28.0,1.0,0.27674286673429643
28.0,2.0,0.25367688857597176
28.0,3.0,0.2302889704391477
28.0,4.0,0.207715000162132
28.0,5.0,0.18719152810204148
28.0,6.0,0.16930059850117174
28.0,7.0,0.15411424178967448
28.0,8.0,0.1414062996980684
28.0,9.0,0.13081557883854994
28.0,10.0,0.12195341844308094
28.0,11.0,0.11446317207238904
28.0,12.0,0.10804561748560226
28.0,13.0,0.10246403057706144
28.0,14.0,0.09753893476727793
28.0,15.0,0.09313866550341143
28.0,16.0,0.08916907748386566
28.0,17.0,0.08556399966048645
28.0,18.0,0.08227709399692257
28.0,19.0,0.07927529085684182
28.0,20.0,0.07653374498792431
28.0,21.0,0.07403215596278062
28.0,22.0,0.07175225809269031
28.0,23.0,0.0696762738845314
28.0,24.0,0.06778612737046852
29.0,1.0,0.264606628815268
29.0,2.0,0.24192964302573813
29.0,3.0,0.22013433272185598
29.0,4.0,0.19872871757727126
29.0,5.0,0.17877737531141066
29.0,6.0,0.1610305506143229
29.0,7.0,0.14575701135857003
29.0,8.0,0.13290392105696022
29.0,9.0,0.12223891103083181
29.0,10.0,0.11345013849291793
29.0,11.0,0.10621183873437715
29.0,12.0,0.10022153050388341
29.0,13.0,0.09521692113966632
29.0,14.0,0.09098038522180993
29.0,15.0,0.08733686905136143
29.0,16.0,0.0841488925198666
29.0,17.0,0.0813106891366058
29.0,18.0,0.07874249499636546
29.0,19.0,0.07638541424905562
29.0,20.0,0.07419698743085121
29.0,21.0,0.07214744895540262
29.0,22.0,0.070216605529446
29.0,23.0,0.06839125488719086
29.0,24.0,0.0666630704132126
30.0,1.0,0.2933012151851514
30.0,2.0,0.2685746723829613
30.0,3.0,0.24355785286096987
30.0,4.0,0.21955075506466104
30.0,5.0,0.19784123274161264
30.0,6.0,0.1789885583773928
30.0,7.0,0.16301439031400633
30.0,8.0,0.14963928689181843
30.0,9.0,0.13845864704800348
30.0,10.0,0.12905405430699668
30.0,11.0,0.1210513500600966
30.0,12.0,0.11414272655218088
30.0,13.0,0.10808840087934657
30.0,14.0,0.10270863354127957
30.0,15.0,0.09787241067524638
30.0,16.0,0.0934860456890878
30.0,17.0,0.08948314575004479
30.0,18.0,0.08581642373880255
30.0,19.0,0.08245136524648788
30.0,20.0,0.07936155313211535
30.0,21.0,0.07652537784952879
30.0,22.0,0.07392385158231418
30.0,23.0,0.07153926441769809
30.0,24.0,0.06935445489691733
31.0,1.0,0.2429704477224245
31.0,2.0,0.22338854341416214
31.0,3.0,0.20414081506968118
31.0,4.0,0.184954473207804
31.0,5.0,0.16679729017820605
31.0,6.0,0.15035426990878092
31.0,7.0,0.1359100865405653
31.0,8.0,0.12346924079869415
31.0,9.0,0.11286861418146199
31.0,10.0,0.10386493224390908
31.0,11.0,0.09619587830218851
31.0,12.0,0.08961635466431844
31.0,13.0,0.08391565384857713
31.0,14.0,0.0789222769677339
31.0,15.0,0.07450187429923305
31.0,16.0,0.0705520054335006
31.0,17.0,0.0669959243298392
31.0,18.0,0.06377656960534828
31.0,19.0,0.060851312354028964
31.0,20.0,0.058187657985481145
31.0,21.0,0.05575990997624286
31.0,22.0,0.053546710719519
31.0,23.0,0.05152933411102245
31.0,24.0,0.049690591206735024
32.0,1.0,0.27676305532653456
32.0,2.0,0.2536720792258028
32.0,3.0,0.2306667572231442
32.0,4.0,0.2081136602685292
32.0,5.0,0.18719715744801005
32.0,6.0,0.16860451048553718
32.0,7.0,0.15252958992167412
32.0,8.0,0.1388597117150062
32.0,9.0,0.12732453206772718
32.0,10.0,0.11759758697075787
32.0,11.0,0.10935741783416233
32.0,12.0,0.10231797666896844
32.0,13.0,0.09623924808918408
32.0,14.0,0.09092703243985759
32.0,15.0,0.08622779728515226
32.0,16.0,0.08202196277819321
32.0,17.0,0.07821729870180585
32.0,18.0,0.07474313145446129
32.0,19.0,0.07154554778915753
32.0,20.0,0.06858354472822245
32.0,21.0,0.06582598530477066
32.0,22.0,0.06324920343734367
32.0,23.0,0.06083511748824208
32.0,24.0,0.05856973951903113
33.0,1.0,0.25708087865532847
33.0,2.0,0.2359666895839725
33.0,3.0,0.21506867054360407
33.0,4.0,0.19441408589392828
33.0,5.0,0.1750729033819003
33.0,6.0,0.1577311004090972
33.0,7.0,0.1426341047131915
33.0,8.0,0.1297368109175534
33.0,9.0,0.1188311133726157
33.0,10.0,0.10963850243260143
33.0,11.0,0.10187022911382998
33.0,12.0,0.09526041317409106
33.0,13.0,0.08958027960081172
33.0,14.0,0.08464117762847168
33.0,15.0,0.0802918897951968
33.0,16.0,0.07641361005268532
33.0,17.0,0.07291441826285394
33.0,18.0,0.06972410984700134
33.0,19.0,0.0667896980523553
33.0,20.0,0.0640716355768553
33.0,21.0,0.06154068781880445
33.0,22.0,0.05917535847657901
33.0,23.0,0.05695977563432719
33.0,24.0,0.05488196774619708
34.0,1.0,0.2778179231589576
34.0,2.0,0.2531307912615726
34.0,3.0,0.22874508671394128
34.0,4.0,0.20497802944925964
34.0,5.0,0.1831049395851192
34.0,6.0,0.16385961501858887
34.0,7.0,0.14742209999121997
34.0,8.0,0.13363178702047568
34.0,9.0,0.12215888368255307
34.0,10.0,0.11261965304948801
34.0,11.0,0.1046444164549255
34.0,12.0,0.09791023265852966
34.0,13.0,0.09215113515546897
34.0,14.0,0.08715628848268125
34.0,15.0,0.08276281915949457
34.0,16.0,0.0788471236534985
34.0,17.0,0.07531652800414462
34.0,18.0,0.07210206925147328
34.0,19.0,0.06915259522016548
34.0,20.0,0.06643011060651893
34.0,21.0,0.06390619133258246
34.0,22.0,0.06155926494602332
34.0,23.0,0.05937256914664307
34.0,24.0,0.05733263066858629
35.0,1.0,0.2961194777582449
35.0,2.0,0.2713868025577537
35.0,3.0,0.24640764549869534
35.0,4.0,0.2218775725162516
35.0,5.0,0.1991510254675389
35.0,6.0,0.1790070326995831
35.0,7.0,0.16167619459974472
35.0,8.0,0.14704026764952818
35.0,9.0,0.13479763663416663
35.0,10.0,0.1245794671866979
35.0,11.0,0.11602045390610713
35.0,12.0,0.1087944528394916
35.0,13.0,0.10262738102810262
35.0,14.0,0.0972975496391755
35.0,15.0,0.09263015220428619
35.0,16.0,0.08848975766638581
35.0,17.0,0.08477275839178247
35.0,18.0,0.08140062198742207
35.0,19.0,0.0783142166019827
35.0,20.0,0.07546920304662172
35.0,21.0,0.07283237270285817
35.0,22.0,0.07037877663348494
35.0,23.0,0.06808949499279296
35.0,24.0,0.06594991470485947
36.0,1.0,0.262527876619728
36.0,2.0,0.24118646620271555
36.0,3.0,0.21994125526192349
36.0,4.0,0.1990972602775095
36.0,5.0,0.17975050477238264
36.0,6.0,0.16253267494316653
36.0,7.0,0.14762303047353187
36.0,8.0,0.1349161075458633
36.0,9.0,0.12415807173059074
36.0,10.0,0.11504272989535658
36.0,11.0,0.10727032459835995
36.0,12.0,0.10057694856797855
36.0,13.0,0.09474462922194282
36.0,14.0,0.08960063797365309
36.0,15.0,0.08501183438980026
36.0,16.0,0.08087743948247933
36.0,17.0,0.07712197276931643
36.0,18.0,0.07368909759403203
36.0,19.0,0.07053658843581195
36.0,20.0,0.06763237937350525
36.0,21.0,0.06495155033273492
36.0,22.0,0.06247408255940268
36.0,23.0,0.06018322511610463
36.0,24.0,0.05806433787830406
37.0,1.0,0.295779438305442
37.0,2.0,0.27206718402829927
37.0,3.0,0.24850888662614629
37.0,4.0,0.22556308156839222
37.0,5.0,0.20450118268530754
37.0,6.0,0.18603616254302874
37.0,7.0,0.17034193613199772
37.0,8.0,0.15725384624758448
37.0,9.0,0.146434175917737
37.0,10.0,0.13748859162181948
37.0,11.0,0.13003678833531662
37.0,12.0,0.12374723749081018
37.0,13.0,0.11834853599227624
37.0,14.0,0.11362784291277256
37.0,15.0,0.10942343933546633
37.0,16.0,0.10561547947145444
37.0,17.0,0.10211699935445856
37.0,18.0,0.09886607204564835
37.0,19.0,0.09581937052675588
37.0,20.0,0.09294709358867703
37.0,21.0,0.09022907839047717
37.0,22.0,0.08765188163754484
37.0,23.0,0.08520661484798442
37.0,24.0,0.0828873451021076
38.0,1.0,0.2789689018027447
38.0,2.0,0.2558039185785528
38.0,3.0,0.23214707193061085
38.0,4.0,0.20908520039610978
38.0,5.0,0.18792705032169776
38.0,6.0,0.16935397028537397
38.0,7.0,0.15352027218800762
38.0,8.0,0.1402506746624712
38.0,9.0,0.12920424963189503
38.0,10.0,0.11998993223015658
38.0,11.0,0.11223507574769437
38.0,12.0,0.10561808400596051
38.0,13.0,0.09987827841564978
38.0,14.0,0.09481349573735248
38.0,15.0,0.09027222604461899
38.0,16.0,0.08614413108834262
38.0,17.0,0.08235085662207692
38.0,18.0,0.07883795551180167
38.0,19.0,0.0755681741305736
38.0,20.0,0.07251609117628899
38.0,21.0,0.06966398845447513
38.0,22.0,0.06699879428786754
38.0,23.0,0.06450993026546137
38.0,24.0,0.06218789324922802
39.0,1.0,0.2831182193015912
39.0,2.0,0.2606713013328511
39.0,3.0,0.23736578854655777
39.0,4.0,0.21456330678631524
39.0,5.0,0.19354399808894812
39.0,6.0,0.17496564960744082
39.0,7.0,0.1589929867652593
39.0,8.0,0.14547852540343553
39.0,9.0,0.13411525155899556
39.0,10.0,0.12454498132460984
39.0,11.0,0.11642296302839289
39.0,12.0,0.10944921555116321
39.0,13.0,0.10337872548583216
39.0,14.0,0.09802004320363827
39.0,15.0,0.09322849665771116
39.0,16.0,0.08889760481579045
39.0,17.0,0.0849505490502217
39.0,18.0,0.08133255569769737
39.0,19.0,0.07800450392154734
39.0,20.0,0.07493780482996115
39.0,21.0,0.07211047430939538
39.0,22.0,0.06950426948434413
39.0,23.0,0.06710273789877697
39.0,24.0,0.06489002119404602
40.0,1.0,0.23340519588462172
40.0,2.0,0.21540938234825607
40.0,3.0,0.19769844185381102
40.0,4.0,0.18001191673019346
40.0,5.0,0.16322741684009595
40.0,6.0,0.1479865709083229
40.0,7.0,0.13457476284807063
40.0,8.0,0.12302447846146375
40.0,9.0,0.11321217544812073
40.0,10.0,0.10493337747490661
40.0,11.0,0.09795631804693367
40.0,12.0,0.0920552537879879
40.0,13.0,0.08702783916799511
40.0,14.0,0.08270189126581445
40.0,15.0,0.07893596220504523
40.0,16.0,0.07561676171039955
40.0,17.0,0.07265529188804815
40.0,18.0,0.06998272846194242
40.0,19.0,0.06754656314763974
40.0,20.0,0.06530721978010656
40.0,21.0,0.06323519336671174
40.0,22.0,0.06130868133482176
40.0,23.0,0.059511644577568135
40.0,24.0,0.05783223060312498
41.0,1.0,0.27466461391324126
41.0,2.0,0.2511255142312042
41.0,3.0,0.2276757690912673
41.0,4.0,0.20496593101218397
41.0,5.0,0.18423967843073158
41.0,6.0,0.1661417172828032
41.0,7.0,0.1507878121833927
41.0,8.0,0.13797590492917894
41.0,9.0,0.12735142678691114
41.0,10.0,0.11851872324113816
41.0,11.0,0.11110548085835709
41.0,12.0,0.10479241126817401
41.0,13.0,0.09932137354984771
41.0,14.0,0.09449215407656497
41.0,15.0,0.09015439808473225
41.0,16.0,0.08619827535247282
41.0,17.0,0.08254561009866102
41.0,18.0,0.0791421688851156
41.0,19.0,0.0759512776288579
41.0,20.0,0.07294870391026381
41.0,21.0,0.07011865366112424
41.0,22.0,0.06745071361662547
41.0,23.0,0.06493758157385965
41.0,24.0,0.06257344548800853
42.0,1.0,0.30211538143102545
42.0,2.0,0.2798280074847055
42.0,3.0,0.257638830974561
42.0,4.0,0.2359224201472553
42.0,5.0,0.21580555851770292
42.0,6.0,0.19792053040128574
42.0,7.0,0.18242698332861143
42.0,8.0,0.16919604706169258
42.0,9.0,0.1579542507241906
42.0,10.0,0.14838069482701874
42.0,11.0,0.1401646837524367
42.0,12.0,0.13303370501377884
42.0,13.0,0.1267625703937529
42.0,14.0,0.12117236401226764
42.0,15.0,0.11612481828157448
42.0,16.0,0.11151528314191375
42.0,17.0,0.10726585445609602
42.0,18.0,0.10331931368331662
42.0,19.0,0.09963405995922578
42.0,20.0,0.09617999882792169
42.0,21.0,0.09293526953668454
42.0,22.0,0.0898836764885724
42.0,23.0,0.08701270295776156
42.0,24.0,0.08431200701084776
43.0,1.0,0.3297983894150541
43.0,2.0,0.303621919003612
43.0,3.0,0.2770162818295373
43.0,4.0,0.25117813834687897
43.0,5.0,0.2274957297498111
43.0,6.0,0.20663890391339987
43.0,7.0,0.18871684688085996
43.0,8.0,0.17351244023955212
43.0,9.0,0.1606604838009352
43.0,10.0,0.14976343357666408
43.0,11.0,0.14045403389422093
43.0,12.0,0.13242103417106507
43.0,13.0,0.12541350659724623
43.0,14.0,0.11923488658924161
43.0,15.0,0.1137333903771057
43.0,16.0,0.10879224354475428
43.0,17.0,0.1043212007179897
43.0,18.0,0.10024978658907022
43.0,19.0,0.09652218756939637
43.0,20.0,0.09309352447723421
43.0,21.0,0.08992719085532555
43.0,22.0,0.08699296619912203
43.0,23.0,0.0842656654070956
43.0,24.0,0.08172414368141909
44.0,1.0,0.3216105316016238
44.0,2.0,0.2956096370555079
44.0,3.0,0.2693520808118759
44.0,4.0,0.2438049916223046
44.0,5.0,0.220386554745944
44.0,6.0,0.19982654626759996
44.0,7.0,0.18226772471291955
44.0,8.0,0.16749728146201395
44.0,9.0,0.15513126788950313
44.0,10.0,0.14473963996366448
44.0,11.0,0.13591806336690918
44.0,12.0,0.12832065552992725
44.0,13.0,0.12166877182904182
44.0,14.0,0.11574731349584286
44.0,15.0,0.11039574080850842
44.0,16.0,0.10549770884663787
44.0,17.0,0.1009712009240665
44.0,18.0,0.09675990835652745
44.0,19.0,0.09282604650579726
44.0,20.0,0.0891445524941469
44.0,21.0,0.08569852360481825
44.0,22.0,0.08247573975775555
44.0,23.0,0.07946612300300768
44.0,24.0,0.07666000016280264
45.0,1.0,0.2647980858745991
45.0,2.0,0.24153011305133687
45.0,3.0,0.21804889028740815
45.0,4.0,0.19523823964966747
45.0,5.0,0.1743954981427937
45.0,6.0,0.15620359409943146
45.0,7.0,0.1408084559774962
45.0,8.0,0.12802240473967935
45.0,9.0,0.11749121006176477
45.0,10.0,0.10881084552749232
45.0,11.0,0.1015968477865129
45.0,12.0,0.09551747302322577
45.0,13.0,0.09030384650085826
45.0,14.0,0.08574765892527059
45.0,15.0,0.08169326642435909
45.0,16.0,0.078028067089975
45.0,17.0,0.07467309168197639
45.0,18.0,0.0715746449872498
45.0,19.0,0.06869726754831407
45.0,20.0,0.06601802300861975
45.0,21.0,0.06352200758835924
45.0,22.0,0.061198942358264896
45.0,23.0,0.059040703055013743
45.0,24.0,0.05703964599218847
46.0,1.0,0.27497172540432285
46.0,2.0,0.24993102056891286
46.0,3.0,0.2245146984392284
46.0,4.0,0.19987751081192734
46.0,5.0,0.17743696920117874
46.0,6.0,0.15791803931038595
46.0,7.0,0.14146593764586302
46.0,8.0,0.1278717012430955
46.0,9.0,0.11675400885936821
46.0,10.0,0.10768299778807122
46.0,11.0,0.10025131678246663
46.0,12.0,0.09410651013624849
46.0,13.0,0.0889598307822092
46.0,14.0,0.08458292212332225
46.0,15.0,0.0807994891246332
46.0,16.0,0.07747579742220889
46.0,17.0,0.0745117902709625
46.0,18.0,0.07183348631575198
46.0,19.0,0.0693867666810501
46.0,20.0,0.06713242335652714
46.0,21.0,0.06504226622591625
46.0,22.0,0.06309608610626771
46.0,23.0,0.061279300162593586
46.0,24.0,0.05958114164642109
47.0,1.0,0.28220237192803965
47.0,2.0,0.2620049386880565
47.0,3.0,0.24146797635013661
47.0,4.0,0.22140038795360295
47.0,5.0,0.2029002799970176
47.0,6.0,0.18653496657623664
47.0,7.0,0.17242077843915743
47.0,8.0,0.16039413564284144
47.0,9.0,0.15015312036778994
47.0,10.0,0.1413573356475784
47.0,11.0,0.13368732163476704
47.0,12.0,0.12687278014079612
47.0,13.0,0.12070079810846618
47.0,14.0,0.11501310436851137
47.0,15.0,0.10969831544025332
47.0,16.0,0.10468260979812011
47.0,17.0,0.09992060625841381
47.0,18.0,0.09538725056307573
47.0,19.0,0.09107099838605665
47.0,20.0,0.08696833368063134
47.0,21.0,0.0830795531292014
47.0,22.0,0.07940570498902111
47.0,23.0,0.07594655230047154
47.0,24.0,0.07269941681597375
48.0,1.0,0.287734766371605
48.0,2.0,0.26291551245364675
48.0,3.0,0.23826738477917023
48.0,4.0,0.2145583380475475
48.0,5.0,0.1930345256584998
48.0,6.0,0.17428385759692497
48.0,7.0,0.15835650073899568
48.0,8.0,0.1450015293914341
48.0,9.0,0.13383846432240717
48.0,10.0,0.12446483489346957
48.0,11.0,0.11651369639996004
48.0,12.0,0.10967708102272147
48.0,13.0,0.10370975887701453
48.0,14.0,0.09842343920799049
48.0,15.0,0.09367741133286503
48.0,16.0,0.08936872435879659
48.0,17.0,0.08542328861914336
48.0,18.0,0.08178837840956996
48.0,19.0,0.07842658645737552
48.0,20.0,0.07531110069772826
48.0,21.0,0.07242211467566076
48.0,22.0,0.06974417724783752
48.0,23.0,0.06726430286621796
48.0,24.0,0.06497068607955367
49.0,1.0,0.30283792171969603
49.0,2.0,0.280210931047288
49.0,3.0,0.2572659878833423
49.0,4.0,0.23454537847650972
49.0,5.0,0.21324183182360615
49.0,6.0,0.19405378274284094
49.0,7.0,0.17721363379001318
49.0,8.0,0.1626574736407961
49.0,9.0,0.15016335574973325
49.0,10.0,0.13944857506866806
49.0,11.0,0.13022898036355748
49.0,12.0,0.12224872209438001
49.0,13.0,0.11529085852777929
49.0,14.0,0.10917748085680298
49.0,15.0,0.1037651291526063
49.0,16.0,0.09893880647485584
49.0,17.0,0.09460623149601408
49.0,18.0,0.09069298362637215
49.0,19.0,0.08713867147205509
49.0,20.0,0.0838940138475299
49.0,21.0,0.08091863911318689
49.0,22.0,0.07817940651489
49.0,23.0,0.07564908700128867
49.0,24.0,0.07330528518538873
50.0,1.0,0.3132661965240211
50.0,2.0,0.2880657779067639
50.0,3.0,0.2626682929936761
50.0,4.0,0.23780505406072425
50.0,5.0,0.2148399009665565
50.0,6.0,0.19452426745123844
50.0,7.0,0.17704905373075971
50.0,8.0,0.16225698055739898
50.0,9.0,0.1498154906590992
50.0,10.0,0.13933620329096966
50.0,11.0,0.1304455902402414
50.0,12.0,0.1228186549715932
50.0,13.0,0.11618921092843223
50.0,14.0,0.11034763480590984
50.0,15.0,0.1051331525625562
50.0,16.0,0.10042462009027212
50.0,17.0,0.09613174238590808
50.0,18.0,0.0921875204766098
50.0,19.0,0.08854211925952146
50.0,20.0,0.08515807414218166
50.0,21.0,0.082006648710128
50.0,22.0,0.07906513318977423
50.0,23.0,0.07631488807076867
50.0,24.0,0.07373996547827297
51.0,1.0,0.28920397649443774
51.0,2.0,0.26341881520807087
51.0,3.0,0.2375204670879412
51.0,4.0,0.21257770283041863
51.0,5.0,0.1899475403720077
51.0,6.0,0.17027513458016177
51.0,7.0,0.15364082830544426
51.0,8.0,0.13980129640744923
51.0,9.0,0.12836794061762094
51.0,10.0,0.11892087663237158
51.0,11.0,0.11107071318834763
51.0,12.0,0.1044844969676719
51.0,13.0,0.09889090670242498
51.0,14.0,0.09407535985206009
51.0,15.0,0.08987134698574314
51.0,16.0,0.0861512388070231
51.0,17.0,0.08281798829264611
51.0,18.0,0.07979819192094215
51.0,19.0,0.07703652367607475
51.0,20.0,0.07449137469995062
51.0,21.0,0.07213148194088329
51.0,22.0,0.06993333763273227
51.0,23.0,0.06787920155290558
51.0,24.0,0.06595557292044182
52.0,1.0,0.2861124324181279
52.0,2.0,0.26317849097323887
52.0,3.0,0.23985845069364087
52.0,4.0,0.21693721393012966
52.0,5.0,0.195660194341799
52.0,6.0,0.17672301061711376
52.0,7.0,0.1603333953434541
52.0,8.0,0.14639159185841605
52.0,9.0,0.13463579145952898
52.0,10.0,0.12474390120870055
52.0,11.0,0.11639524199113904
52.0,12.0,0.10930161493720542
52.0,13.0,0.10321874368549822
52.0,14.0,0.09794692261256399
52.0,15.0,0.09332663689591575
52.0,16.0,0.08923243388736518
52.0,17.0,0.08556669801481626
52.0,18.0,0.08225404282072324
52.0,19.0,0.07923654309004813
52.0,20.0,0.07646980004701326
52.0,21.0,0.07391974301415671
52.0,22.0,0.07156005116820968
52.0,23.0,0.06937008981492887
52.0,24.0,0.06733327605469541
53.0,1.0,0.28368594261371316
53.0,2.0,0.25930994801089324
53.0,3.0,0.23418247253476304
53.0,4.0,0.2095569688863727
53.0,5.0,0.18679893848012608
53.0,6.0,0.16662851930875594
53.0,7.0,0.14924244572955936
53.0,8.0,0.13451203298957282
53.0,9.0,0.12214166166414941
53.0,10.0,0.11177766695763036
53.0,11.0,0.10307217015757758
53.0,12.0,0.09571392532418271
53.0,13.0,0.0894389040708769
53.0,14.0,0.08403018241951177
53.0,15.0,0.07931309263659703
53.0,16.0,0.07514889455313628
53.0,17.0,0.07142852820581513
53.0,18.0,0.0680670695074384
53.0,19.0,0.0649990398253521
53.0,20.0,0.06217451419532827
53.0,21.0,0.05955590439189978
53.0,22.0,0.057115289493550214
53.0,23.0,0.05483218868420009
53.0,24.0,0.05269169894562109
54.0,1.0,0.27658754421996057
54.0,2.0,0.2557920267103331
54.0,3.0,0.2349562678967702
54.0,4.0,0.21426770411221674
54.0,5.0,0.19482535977826176
54.0,6.0,0.17732970766448797
54.0,7.0,0.16204399358173976
54.0,8.0,0.14893674804083384
54.0,9.0,0.13780744511598403
54.0,10.0,0.1283809535069544
54.0,11.0,0.12036971429967891
54.0,12.0,0.11350817632256743
54.0,13.0,0.10756773523956936
54.0,14.0,0.10236004421925293
54.0,15.0,0.09773439437482029
54.0,16.0,0.09357267168872035
54.0,17.0,0.0897837870664226
54.0,18.0,0.08629846787863277
54.0,19.0,0.08306473653982832
54.0,20.0,0.08004412215260787
54.0,21.0,0.07720853469627792
54.0,22.0,0.0745376998267473
54.0,23.0,0.07201705967090649
54.0,24.0,0.06963606530462024
55.0,1.0,0.2524556031669134
55.0,2.0,0.23099170257194157
55.0,3.0,0.21005304860359036
55.0,4.0,0.1897797286981071
55.0,5.0,0.17126671829901868
55.0,6.0,0.1551334167628
55.0,7.0,0.14151353281385304
55.0,8.0,0.13023874469301622
55.0,9.0,0.120988352862059
55.0,10.0,0.11339384800916896
55.0,11.0,0.10710282893157952
55.0,12.0,0.10181075802181627
55.0,13.0,0.09727136562922312
55.0,14.0,0.09329501580861316
55.0,15.0,0.08974142318551276
55.0,16.0,0.08651050138300259
55.0,17.0,0.08353332173208544
55.0,18.0,0.08076408181626887
55.0,19.0,0.07817339790759381
55.0,20.0,0.07574294329115389
55.0,21.0,0.07346132216387152
55.0,22.0,0.07132101804435403
55.0,23.0,0.0693162442095579
55.0,24.0,0.06744153004133341
56.0,1.0,0.31539375068816233
56.0,2.0,0.2908316617096224
56.0,3.0,0.2666130858439825
56.0,4.0,0.2428360192360446
56.0,5.0,0.22070885365661846
56.0,6.0,0.2009571755920675
56.0,7.0,0.18378259478032566
56.0,8.0,0.16906368040430247
56.0,9.0,0.15651708848880658
56.0,10.0,0.1458053753705874
56.0,11.0,0.13660093274631185
56.0,12.0,0.12861693412006564
56.0,13.0,0.12161716894718755
56.0,14.0,0.11541447177642994
56.0,15.0,0.10986412523298494
56.0,16.0,0.10485583400772291
56.0,17.0,0.10030603893676909
56.0,18.0,0.09615129384125587
56.0,19.0,0.09234288872987478
56.0,20.0,0.088842654644531
56.0,21.0,0.08561979012928161
56.0,22.0,0.08264852851382976
56.0,23.0,0.07990647697093495
56.0,24.0,0.07737348136853223
57.0,1.0,0.3006302933795427
57.0,2.0,0.2773027971023937
57.0,3.0,0.2530631127597186
57.0,4.0,0.22925956990402097
57.0,5.0,0.20722532739658134
57.0,6.0,0.18765939211758742
57.0,7.0,0.17074934661771285
57.0,8.0,0.15635789570507258
57.0,9.0,0.14418061058173787
57.0,10.0,0.13385823301801536
57.0,11.0,0.12504366628961006
57.0,12.0,0.11743420692938611
57.0,13.0,0.11078169308289026
57.0,14.0,0.1048907137436933
57.0,15.0,0.09961151430371118
57.0,16.0,0.09483137712222411
57.0,17.0,0.09046636708269129
57.0,18.0,0.08645422796264418
57.0,19.0,0.0827486294533899
57.0,20.0,0.07931468590014651
57.0,21.0,0.0761255584243718
57.0,22.0,0.07315992987458658
57.0,23.0,0.0704001605458997
57.0,24.0,0.06783096638071023
58.0,1.0,0.2717439356635456
58.0,2.0,0.24654452452939915
58.0,3.0,0.22163243748213976
58.0,4.0,0.19740177592442507
58.0,5.0,0.17516807045631408
58.0,6.0,0.15568013297321984
58.0,7.0,0.1391190319002041
58.0,8.0,0.12531839572463307
58.0,9.0,0.11393896554591473
58.0,10.0,0.10458507375295253
58.0,11.0,0.09687322210009816
58.0,12.0,0.09046525138069769
58.0,13.0,0.08507921088129064
58.0,14.0,0.08048828042378572
58.0,15.0,0.07651439138073293
58.0,16.0,0.07302023178213737
58.0,17.0,0.0699014279326565
58.0,18.0,0.06707963581127077
58.0,19.0,0.0644967412159844
58.0,20.0,0.06211012642633809
58.0,21.0,0.059888870309625614
58.0,22.0,0.057810729257317256
58.0,23.0,0.055859757254683756
58.0,24.0,0.05402444475974541
59.0,1.0,0.30664937089606903
59.0,2.0,0.28251819046520665
59.0,3.0,0.2585405891297664
59.0,4.0,0.23527711213354016
59.0,5.0,0.21397794260867806
59.0,6.0,0.195303779729653
59.0,7.0,0.17937494481295294
59.0,8.0,0.1659899102584789
59.0,9.0,0.1547948843355977
59.0,10.0,0.1453960301260315
59.0,11.0,0.13742378038586286
59.0,12.0,0.13056218066621952
59.0,13.0,0.12455661419064454
59.0,14.0,0.11921022827796832
59.0,15.0,0.11437560564685353
59.0,16.0,0.1099452696768127
59.0,17.0,0.10584273762882149
59.0,18.0,0.10201479221238127
59.0,19.0,0.09842512066635331
59.0,20.0,0.09504924073828544
59.0,21.0,0.09187055183369577
59.0,22.0,0.08887733730095984
59.0,23.0,0.08606055843100949
59.0,24.0,0.08341230181974577
60.0,1.0,0.26406342875127004
60.0,2.0,0.24132723220834823
60.0,3.0,0.218149000482652
60.0,4.0,0.19562886100834642
60.0,5.0,0.17503981163594418
60.0,6.0,0.15703687512575437
60.0,7.0,0.1417687942574728
60.0,8.0,0.12906947166251082
60.0,9.0,0.11861282586139799
60.0,10.0,0.11002069141678056
60.0,11.0,0.1029269693174587
60.0,12.0,0.09700898385768375
60.0,13.0,0.09199820876273923
60.0,14.0,0.08767978821370309
60.0,15.0,0.08388688855348198
60.0,16.0,0.08049327542943024
60.0,17.0,0.07740581791449697
60.0,18.0,0.07455765739769471
60.0,19.0,0.07190228099815676
60.0,20.0,0.06940850912109553
60.0,21.0,0.06705631916594995
60.0,22.0,0.06483340918599756
60.0,23.0,0.06273241588893652
60.0,24.0,0.060748719169965604
61.0,1.0,0.30480496208401753
61.0,2.0,0.28118232215325645
61.0,3.0,0.25739546191590756
61.0,4.0,0.2340391825282464
61.0,5.0,0.2123777212998051
61.0,6.0,0.1931336886003855
61.0,7.0,0.17652212337064216
61.0,8.0,0.16243528202843882
61.0,9.0,0.1505936672043695
61.0,10.0,0.1406532828073348
61.0,11.0,0.13227200867068623
61.0,12.0,0.12514368128056513
61.0,13.0,0.11901084867561018
61.0,14.0,0.11366549191037895
61.0,15.0,0.10894401927864444
61.0,16.0,0.10472022811963427
61.0,17.0,0.10089814313914769
61.0,18.0,0.09740557892441754
61.0,19.0,0.09418870588764416
61.0,20.0,0.09120762400120652
61.0,21.0,0.08843283411485647
61.0,22.0,0.08584246325518585
61.0,23.0,0.08342010438842129
61.0,24.0,0.08115314987680544
62.0,1.0,0.2905953208655234
62.0,2.0,0.2691896885639623
62.0,3.0,0.24765070043686765
62.0,4.0,0.2262395823246277
62.0,5.0,0.2061086596548115
62.0,6.0,0.1879878452613366
62.0,7.0,0.17215365401484617
62.0,8.0,0.15857422009039274
62.0,9.0,0.14703914227692633
62.0,10.0,0.13725903923843563
62.0,11.0,0.12893194292633686
62.0,12.0,0.12178041483143309
62.0,13.0,0.11556768058158629
62.0,14.0,0.1101010103861857
62.0,15.0,0.10522847610969216
62.0,16.0,0.10083296590520663
62.0,17.0,0.09682562594217814
62.0,18.0,0.09313979100828484
62.0,19.0,0.08972581917154565
62.0,20.0,0.08654690090289907
62.0,21.0,0.08357575047969545
62.0,22.0,0.08079202906489719
62.0,23.0,0.07818034622755177
62.0,24.0,0.0757287102729659
63.0,1.0,0.2779657420918912
63.0,2.0,0.2568126315302218
63.0,3.0,0.23556938523369964
63.0,4.0,0.21484161413664116
63.0,5.0,0.19573634007008028
63.0,6.0,0.17883551454200042
63.0,7.0,0.16426321698408974
63.0,8.0,0.1518623542001184
63.0,9.0,0.14133627720402692
63.0,10.0,0.132347687694375
63.0,11.0,0.12457778685888915
63.0,12.0,0.11775469913608416
63.0,13.0,0.11166202275773157
63.0,14.0,0.10613639423522891
63.0,15.0,0.10105999267916449
63.0,16.0,0.09635143011538522
63.0,17.0,0.09195681819806589
63.0,18.0,0.08784183512964794
63.0,19.0,0.08398510424746342
63.0,20.0,0.08037294360233144
63.0,21.0,0.07699542663457204
63.0,22.0,0.07384363506945246
63.0,23.0,0.07090795057859334
63.0,24.0,0.06817720789456472
64.0,1.0,0.2887917847084278
64.0,2.0,0.26607911054889677
64.0,3.0,0.24261749044608216
64.0,4.0,0.2194994145407828
64.0,5.0,0.19800490599277576
64.0,6.0,0.1788294777943351
64.0,7.0,0.16217780577850666
64.0,8.0,0.14793950300741482
64.0,9.0,0.1358380905615178
64.0,10.0,0.12553823972844635
64.0,11.0,0.11671094665274662
64.0,12.0,0.10906588674234213
64.0,13.0,0.10236261340735658
64.0,14.0,0.09641012167477564
64.0,15.0,0.09106106769280992
64.0,16.0,0.08620425045553382
64.0,17.0,0.08175717256456516
64.0,18.0,0.07765945078268688
64.0,19.0,0.07386729778871648
64.0,20.0,0.07034904224039878
64.0,21.0,0.06708156013617322
64.0,22.0,0.06404747476044331
64.0,23.0,0.061232998872749966
64.0,24.0,0.05862631692011233
65.0,1.0,0.24356483877530427
65.0,2.0,0.22206847553886383
65.0,3.0,0.2009711700269975
65.0,4.0,0.1806039161341616
65.0,5.0,0.16205609782586727
65.0,6.0,0.14591155218962
65.0,7.0,0.13227506929618876
65.0,8.0,0.12096499482828305
65.0,9.0,0.11166250778308096
65.0,10.0,0.10401079777033595
65.0,11.0,0.09767259063110134
65.0,12.0,0.0923569196935356
65.0,13.0,0.0878266358148923
65.0,14.0,0.08389571432638565
65.0,15.0,0.0804221957506771
65.0,16.0,0.0773000128757445
65.0,17.0,0.07445128315050303
65.0,18.0,0.07181969290770507
65.0,19.0,0.0693651100608142
65.0,20.0,0.06705933651030704
65.0,21.0,0.06488282635582415
65.0,22.0,0.06282218084587787
65.0,23.0,0.06086824810241448
65.0,24.0,0.059014685377695275
66.0,1.0,0.2962485308370466
66.0,2.0,0.27309900736851556
66.0,3.0,0.24930611800090174
66.0,4.0,0.2256964047407214
66.0,5.0,0.20356422384777584
66.0,6.0,0.1836677778946006
66.0,7.0,0.16627568920862762
66.0,8.0,0.15133320362177854
66.0,9.0,0.13860520941984594
66.0,10.0,0.12778194162628476
66.0,11.0,0.11854607940206136
66.0,12.0,0.11060840248807235
66.0,13.0,0.10372232135810894
66.0,14.0,0.09768619824445263
66.0,15.0,0.09233959566417954
66.0,16.0,0.08755712764866092
66.0,17.0,0.08324188628863582
66.0,18.0,0.07931938232471508
66.0,19.0,0.07573236369916542
66.0,20.0,0.07243658060259645
66.0,21.0,0.0693974283533147
66.0,22.0,0.06658734696922325
66.0,23.0,0.06398384654088757
66.0,24.0,0.06156803734296007
67.0,1.0,0.29693851383873504
67.0,2.0,0.2684702088508092
67.0,3.0,0.2399526586945704
67.0,4.0,0.2126781142894823
67.0,5.0,0.18811856458622472
67.0,6.0,0.1669188499417254
67.0,7.0,0.14909772611034033
67.0,8.0,0.13433365418415272
67.0,9.0,0.12216691213882552
67.0,10.0,0.1121219665405202
67.0,11.0,0.10376942091103869
67.0,12.0,0.09674898740782634
67.0,13.0,0.09077124741049714
67.0,14.0,0.08560989446270023
67.0,15.0,0.08109097069235094
67.0,16.0,0.07708222681172022
67.0,17.0,0.07348384917124046
67.0,18.0,0.07022086293739699
67.0,19.0,0.06723711325711845
67.0,20.0,0.06449058378910433
67.0,21.0,0.06194979087222113
67.0,22.0,0.05959101942505424
67.0,23.0,0.057396209081830796
67.0,24.0,0.05535134102073458
68.0,1.0,0.2732623148489335
68.0,2.0,0.2509422615110766
68.0,3.0,0.2287436063767624
68.0,4.0,0.2070091403674998
68.0,5.0,0.18688599335067974
68.0,6.0,0.16903628883084848
68.0,7.0,0.1536402429862596
68.0,8.0,0.14057817567084474
68.0,9.0,0.12957651345928306
68.0,10.0,0.12030810234966394
68.0,11.0,0.11245294999668881
68.0,12.0,0.10572855154098565
68.0,13.0,0.09990043264364634
68.0,14.0,0.0947817277682893
68.0,15.0,0.09022768043268514
68.0,16.0,0.0861284596452922
68.0,17.0,0.08240201851665085
68.0,18.0,0.07898774693690497
68.0,19.0,0.07584115568819966
68.0,20.0,0.07292958300385771
68.0,21.0,0.07022881246229185
68.0,22.0,0.06772046158621658
68.0,23.0,0.06539000469918094
68.0,24.0,0.06322531107566132
69.0,1.0,0.26186759640224044
69.0,2.0,0.241000173186535
69.0,3.0,0.22067760419543087
69.0,4.0,0.20050170200328715
69.0,5.0,0.18146705646650796
69.0,6.0,0.1643049607640802
69.0,7.0,0.14931334313030148
69.0,8.0,0.13648878133754078
69.0,9.0,0.12565217272909873
69.0,10.0,0.11654106190949531
69.0,11.0,0.10887231528084507
69.0,12.0,0.10237896863144852
69.0,13.0,0.09682779257209873
69.0,14.0,0.09202465904254686
69.0,15.0,0.08781325371585053
69.0,16.0,0.08407073953026972
69.0,17.0,0.08070243625213397
69.0,18.0,0.0776365700258621
69.0,19.0,0.07481955552048153
69.0,20.0,0.07221195752324328
69.0,21.0,0.06978512618786381
69.0,22.0,0.06751843747510877
69.0,23.0,0.06539705408724472
69.0,24.0,0.06341012759472509
70.0,1.0,0.2650885471140477
70.0,2.0,0.24416312374751956
70.0,3.0,0.223704480047109
70.0,4.0,0.20366973553212867
70.0,5.0,0.1850933971237749
70.0,6.0,0.1686263728122905
70.0,7.0,0.15446346140891423
70.0,8.0,0.1425062821242443
70.0,9.0,0.13250060704989378
70.0,10.0,0.12413250974346587
70.0,11.0,0.11708905928913824
70.0,12.0,0.1110905135994141
70.0,13.0,0.10590297092345277
70.0,14.0,0.10133960446511556
70.0,15.0,0.09725623438702144
70.0,16.0,0.09354471884649249
70.0,17.0,0.09012602722599192
70.0,18.0,0.08694386925569472
70.0,19.0,0.08395920899460049
70.0,20.0,0.08114571953703817
70.0,21.0,0.07848611270348024
70.0,22.0,0.075969235097498
70.0,23.0,0.07358781675218265
70.0,24.0,0.07133676904638994
71.0,1.0,0.22455783600180945
71.0,2.0,0.20707635983888645
71.0,3.0,0.19072547995824662
71.0,4.0,0.17435547102135324
71.0,5.0,0.15862011608401239
71.0,6.0,0.14413290878506685
71.0,7.0,0.13118997091661289
71.0,8.0,0.11984811423265729
71.0,9.0,0.1100154703784662
71.0,10.0,0.10152041579852955
71.0,11.0,0.09416244600245466
71.0,12.0,0.08774536120819049
71.0,13.0,0.0820951794322442
71.0,14.0,0.07706712627180018
71.0,15.0,0.07254593987146518
71.0,16.0,0.06844269335678133
71.0,17.0,0.06469022945211755
71.0,18.0,0.061238431717677344
71.0,19.0,0.05804996348200103
71.0,20.0,0.055096734719569995
71.0,21.0,0.052357141323319645
71.0,22.0,0.04981400712395623
71.0,23.0,0.04745310953543502
71.0,24.0,0.04526215945470907
72.0,1.0,0.3150580476868804
72.0,2.0,0.2933049202711885
72.0,3.0,0.27177863337637176
72.0,4.0,0.25045559506516757
72.0,5.0,0.2304371529478871
72.0,6.0,0.21243618279656554
72.0,7.0,0.19669936231197357
72.0,8.0,0.18316483041123663
72.0,9.0,0.17160088353183897
72.0,10.0,0.16170699588174994
72.0,11.0,0.1531788806075383
72.0,12.0,0.1457433906679115
72.0,13.0,0.1391724349676919
72.0,14.0,0.1332845558561315
72.0,15.0,0.12794037643001474
72.0,16.0,0.12303570530172722
72.0,17.0,0.118494336272602
72.0,18.0,0.11426149655830933
72.0,19.0,0.11029829292838347
72.0,20.0,0.10657720005092966
72.0,21.0,0.10307850160232954
72.0,22.0,0.09978755192785302
72.0,23.0,0.09669272637588153
72.0,24.0,0.09378394455457881
73.0,1.0,0.25254952624641863
73.0,2.0,0.23399431075570615
73.0,3.0,0.21538685727873763
73.0,4.0,0.19689619889373672
73.0,5.0,0.17948898907516014
73.0,6.0,0.16377205140724255
73.0,7.0,0.14996877820850646
73.0,8.0,0.1380447076176221
73.0,9.0,0.12781787903807773
73.0,10.0,0.1190429466804151
73.0,11.0,0.11146716886792879
73.0,12.0,0.10486161855893339
73.0,13.0,0.09903455572753883
73.0,14.0,0.093833834441087
73.0,15.0,0.08914349062953986
73.0,16.0,0.08487781049879267
73.0,17.0,0.0809747798085883
73.0,18.0,0.07738991077138296
73.0,19.0,0.07409091332655593
73.0,20.0,0.07105338427170732
73.0,21.0,0.06825752964993037
73.0,22.0,0.06568584960116186
73.0,23.0,0.06332166583097815
73.0,24.0,0.06114834340557895
74.0,1.0,0.2886221429101278
74.0,2.0,0.26503206145830305
74.0,3.0,0.24119067901172492
74.0,4.0,0.21810419033708395
74.0,5.0,0.19700272244104133
74.0,6.0,0.1784727249091047
74.0,7.0,0.16259200105791444
74.0,8.0,0.1491441611517953
74.0,9.0,0.13778039098092693
74.0,10.0,0.12812474540616375
74.0,11.0,0.11983197575175952
74.0,12.0,0.11261200598225357
74.0,13.0,0.10623466440749568
74.0,14.0,0.10052454848415265
74.0,15.0,0.0953520275124925
74.0,16.0,0.09062357438433533
74.0,17.0,0.08627290542620497
74.0,18.0,0.0822534813841852
74.0,19.0,0.07853246902161132
74.0,20.0,0.07508606370705351
74.0,21.0,0.07189599970472638
74.0,22.0,0.0689470577673853
74.0,23.0,0.06622538564576957
74.0,24.0,0.06371746174050286
75.0,1.0,0.2790448262191746
75.0,2.0,0.25879412674302105
75.0,3.0,0.23893550061231716
75.0,4.0,0.21929728845513669
75.0,5.0,0.20086887466113507
75.0,6.0,0.18428870175213957
75.0,7.0,0.16977226737763523
75.0,8.0,0.157255664032811
75.0,9.0,0.1465207552250472
75.0,10.0,0.13728775944386218
75.0,11.0,0.12927585106750517
75.0,12.0,0.12223610977950167
75.0,13.0,0.11596468832022527
75.0,14.0,0.11030396021252625
75.0,15.0,0.10513744965736133
75.0,16.0,0.10038225483577395
75.0,17.0,0.0959810861375795
75.0,18.0,0.09189500584042959
75.0,19.0,0.08809734145149106
75.0,20.0,0.0845689025716635
75.0,21.0,0.08129444990863038
75.0,22.0,0.07826027470141633
75.0,23.0,0.07545270668811876
75.0,24.0,0.07285735680280508
76.0,1.0,0.29066923129008737
76.0,2.0,0.2670972597293725
76.0,3.0,0.24317878923132707
76.0,4.0,0.2199136316224602
76.0,5.0,0.19859380797392895
76.0,6.0,0.17988135794814392
76.0,7.0,0.16391278831995254
76.0,8.0,0.15050223363007426
76.0,9.0,0.13930472042678993
76.0,10.0,0.12992905221164885
76.0,11.0,0.12200410146769125
76.0,12.0,0.11521001029076805
76.0,13.0,0.10928731906879519
76.0,14.0,0.10403429304362133
76.0,15.0,0.09929908174049495
76.0,16.0,0.09497043273642247
76.0,17.0,0.09096878838498162
76.0,18.0,0.08723851564874119
76.0,19.0,0.08374146718317738
76.0,20.0,0.0804518211530375
76.0,21.0,0.07735205353628694
76.0,22.0,0.07442987654145705
76.0,23.0,0.07167598587824936
76.0,24.0,0.0690824765843458
77.0,1.0,0.2915836482151595
77.0,2.0,0.26674987343428513
77.0,3.0,0.24146256934806365
77.0,4.0,0.21692576614733167
77.0,5.0,0.1945178333970976
77.0,6.0,0.17492180063798884
77.0,7.0,0.1582605830229517
77.0,8.0,0.1443168788314778
77.0,9.0,0.13270997515639849
77.0,10.0,0.1230164821272674
77.0,11.0,0.114839486669163
77.0,12.0,0.1078399103947289
77.0,13.0,0.10174475713172415
77.0,14.0,0.09634333146145407
77.0,15.0,0.09147835465311271
77.0,16.0,0.0870357680449928
77.0,17.0,0.08293505395453926
77.0,18.0,0.07912081605046772
77.0,19.0,0.07555581173555603
77.0,20.0,0.07221537890458857
77.0,21.0,0.06908310251089383
77.0,22.0,0.06614754178556498
77.0,23.0,0.06339984494937301
77.0,24.0,0.06083209479745849
78.0,1.0,0.32496363921857996
78.0,2.0,0.29771788665887355
78.0,3.0,0.2694843283859966
78.0,4.0,0.24196808787114182
78.0,5.0,0.21673122718368681
78.0,6.0,0.19454555701045517
78.0,7.0,0.17556728337131255
78.0,8.0,0.15958032177880638
78.0,9.0,0.14619213132240416
78.0,10.0,0.13496473553184263
78.0,11.0,0.125487396524393
78.0,12.0,0.11740809225771565
78.0,13.0,0.11044077269308528
78.0,14.0,0.10436059600759484
78.0,15.0,0.09899447077715301
78.0,16.0,0.09421074615937358
78.0,17.0,0.08990979345039052
78.0,18.0,0.08601609515854314
78.0,19.0,0.08247191324867714
78.0,20.0,0.07923238058417992
78.0,21.0,0.07626179000484035
78.0,22.0,0.07353085636437312
78.0,23.0,0.07101475322137768
78.0,24.0,0.06869175679880729
79.0,1.0,0.29592135077539305
79.0,2.0,0.26924092655965426
79.0,3.0,0.24226754641323658
79.0,4.0,0.21615197820913293
79.0,5.0,0.1923544388805252
79.0,6.0,0.1716052804645198
79.0,7.0,0.15403431309777985
79.0,8.0,0.13941539272881923
79.0,9.0,0.12735478355332283
79.0,10.0,0.11741481018957536
79.0,11.0,0.10918273525162822
79.0,12.0,0.10230119718758293
79.0,13.0,0.09647597616214601
79.0,14.0,0.09147242198175562
79.0,15.0,0.08710733971983456
79.0,16.0,0.08323989182313088
79.0,17.0,0.07976313621514078
79.0,18.0,0.07659678344193968
79.0,19.0,0.07368125540911483
79.0,20.0,0.07097291698010108
79.0,21.0,0.06844028531771465
79.0,22.0,0.06606102231815239
79.0,23.0,0.06381954282783828
79.0,24.0,0.061705106031398366
80.0,1.0,0.2716165613614458
80.0,2.0,0.24950246239354007
80.0,3.0,0.2278879159080905
80.0,4.0,0.20654875361673247
80.0,5.0,0.18655936386458988
80.0,6.0,0.16865321361379465
80.0,7.0,0.1530979211360317
80.0,8.0,0.13985110213348956
80.0,9.0,0.12869708996043056
80.0,10.0,0.11934400919844762
80.0,11.0,0.11148700968549469
80.0,12.0,0.10484358348878225
80.0,13.0,0.09916913160559793
80.0,14.0,0.09426065161022201
80.0,15.0,0.08995431224298761
80.0,16.0,0.08612047884255408
80.0,17.0,0.08265813018666124
80.0,18.0,0.07948959466797362
80.0,19.0,0.07655596716162327
80.0,20.0,0.07381327868124382
80.0,21.0,0.07122935863407204
80.0,22.0,0.06878128073540823
80.0,23.0,0.06645327706362603
80.0,24.0,0.06423501793629921
81.0,1.0,0.27117061630130534
81.0,2.0,0.2456402945184063
81.0,3.0,0.2204506421315594
81.0,4.0,0.196449209154631
81.0,5.0,0.174910193919125
81.0,6.0,0.1563880026725959
81.0,7.0,0.1408691387596966
81.0,8.0,0.1280338840251226
81.0,9.0,0.11744287789664737
81.0,10.0,0.10865061288045147
81.0,11.0,0.10126293108698692
81.0,12.0,0.09495768015966877
81.0,13.0,0.08948492063265673
81.0,14.0,0.08465778450722178
81.0,15.0,0.08034035016767471
81.0,16.0,0.0764357205924942
81.0,17.0,0.07287566260933537
81.0,18.0,0.06961221372200815
81.0,19.0,0.06661120922526914
81.0,20.0,0.06384748934759837
81.0,21.0,0.06130148484014053
81.0,22.0,0.05895688325235304
81.0,23.0,0.05679911242650515
81.0,24.0,0.05481442317565527
82.0,1.0,0.27117174361854524
82.0,2.0,0.2484541691295291
82.0,3.0,0.22578205613411578
82.0,4.0,0.20364122499874715
82.0,5.0,0.18322080657836531
82.0,6.0,0.16518361251607017
82.0,7.0,0.14969453580522474
82.0,8.0,0.13661018080652493
82.0,9.0,0.1256314515050283
82.0,10.0,0.11640854158354036
82.0,11.0,0.10860363048568056
82.0,12.0,0.1019213647847464
82.0,13.0,0.09611872778523345
82.0,14.0,0.09100369508534517
82.0,15.0,0.08642884455278937
82.0,16.0,0.08228342789685872
82.0,17.0,0.07848565584064154
82.0,18.0,0.07497593268223302
82.0,19.0,0.07171124464361062
82.0,20.0,0.06866065833516527
82.0,21.0,0.06580179039995898
82.0,22.0,0.06311809005582059
82.0,23.0,0.0605967898136196
82.0,24.0,0.05822740315839714
83.0,1.0,0.25846283078214516
83.0,2.0,0.23583395311192157
83.0,3.0,0.2132736015126046
83.0,4.0,0.1914514905558956
83.0,5.0,0.17156371197437986
83.0,6.0,0.15422273367224032
83.0,7.0,0.13953453807915012
83.0,8.0,0.12730173462445094
83.0,9.0,0.117182146874999
83.0,10.0,0.10879559598761696
83.0,11.0,0.10178549907550494
83.0,12.0,0.0958471450370545
83.0,13.0,0.09073527613704763
83.0,14.0,0.08626073047957833
83.0,15.0,0.08228236639486763
83.0,16.0,0.07869773546839354
83.0,17.0,0.07543420923075861
83.0,18.0,0.07244126651169558
83.0,19.0,0.06968413500872606
83.0,20.0,0.06713874240681089
83.0,21.0,0.06478783808380373
83.0,22.0,0.06261812101517655
83.0,23.0,0.06061821280191371
83.0,24.0,0.0587773269240035
84.0,1.0,0.26275812079267086
84.0,2.0,0.24074535296159377
84.0,3.0,0.21943343472332683
84.0,4.0,0.19870547139027062
84.0,5.0,0.17964417432929025
84.0,6.0,0.16290238634312115
84.0,7.0,0.14864560323427567
84.0,8.0,0.13673387460426728
84.0,9.0,0.12687173307149613
84.0,10.0,0.11871176420640628
84.0,11.0,0.11191780359153874
84.0,12.0,0.10619636589432085
84.0,13.0,0.10130701403120901
84.0,14.0,0.09706095689061583
84.0,15.0,0.09331425499421586
84.0,16.0,0.08995939386196622
84.0,17.0,0.08691716568786623
84.0,18.0,0.0841296967597257
84.0,19.0,0.08155484936102841
84.0,20.0,0.07916192144785716
84.0,21.0,0.07692843678943784
84.0,22.0,0.07483778480438341
84.0,23.0,0.07287748731419086
84.0,24.0,0.07103791146747374
85.0,1.0,0.25117943197190806
85.0,2.0,0.229767425506607
85.0,3.0,0.20813893806576733
85.0,4.0,0.18710049815499125
85.0,5.0,0.16783500454260453
85.0,6.0,0.15097298786297386
85.0,7.0,0.13666012680077994
85.0,8.0,0.12473937522641887
85.0,9.0,0.11489973581432633
85.0,10.0,0.10678068170916605
85.0,11.0,0.10003499940012556
85.0,12.0,0.09435954441586158
85.0,13.0,0.08950534570871221
85.0,14.0,0.08527638997066117
85.0,15.0,0.08152324310292097
85.0,16.0,0.07813502398173794
85.0,17.0,0.07503149618664956
85.0,18.0,0.07215603281890065
85.0,19.0,0.06946968451884705
85.0,20.0,0.06694633679412826
85.0,21.0,0.06456884715635869
85.0,22.0,0.062326028266436295
85.0,23.0,0.060210348775004696
85.0,24.0,0.05821623811974169
86.0,1.0,0.26884620199424897
86.0,2.0,0.24587945586389792
86.0,3.0,0.22334597843366893
86.0,4.0,0.20128870172853713
86.0,5.0,0.1808574563378807
86.0,6.0,0.16275657403811883
86.0,7.0,0.14718981146202176
86.0,8.0,0.1340450236658149
86.0,9.0,0.12304580892134592
86.0,10.0,0.1138556312212779
86.0,11.0,0.10614171560104757
86.0,12.0,0.09960763158083491
86.0,13.0,0.09400513845732666
86.0,14.0,0.08913437830852117
86.0,15.0,0.08483861032007767
86.0,16.0,0.0809971026271934
86.0,17.0,0.07751803502124899
86.0,18.0,0.07433222113875054
86.0,19.0,0.07138789941749474
86.0,20.0,0.06864657022177678
86.0,21.0,0.06607974186330473
86.0,22.0,0.06366641503067005
86.0,23.0,0.06139114196855755
86.0,24.0,0.059242521451261965
87.0,1.0,0.23222199856015407
87.0,2.0,0.21112438742745115
87.0,3.0,0.1915530448756232
87.0,4.0,0.17226665688161202
87.0,5.0,0.15407172693015253
87.0,6.0,0.13770392975775553
87.0,7.0,0.12347968308188523
87.0,8.0,0.1114076181147663
87.0,9.0,0.1013184866911786
87.0,10.0,0.09295628036045545
87.0,11.0,0.08603974734240644
87.0,12.0,0.08029981896512955
87.0,13.0,0.07549838436068201
87.0,14.0,0.07143480241335926
87.0,15.0,0.06794553643068751
87.0,16.0,0.06490053086592312
87.0,17.0,0.062198432461565256
87.0,18.0,0.059761737233894774
87.0,19.0,0.057532343119111706
87.0,20.0,0.055467668306202256
87.0,21.0,0.05353734290697071
87.0,22.0,0.051720420204866446
87.0,23.0,0.05000303796787087
87.0,24.0,0.0483764652592677
88.0,1.0,0.25654564590461587
88.0,2.0,0.23589121573951194
88.0,3.0,0.21649377779558282
88.0,4.0,0.19745083878492986
88.0,5.0,0.17958926689638366
88.0,6.0,0.16356642735033367
88.0,7.0,0.1496167634050964
88.0,8.0,0.1376870063653689
88.0,9.0,0.12756905866120066
88.0,10.0,0.11898974517005267
88.0,11.0,0.11166847392253837
88.0,12.0,0.1053498411120023
88.0,13.0,0.09981801446853783
88.0,14.0,0.09489978196307608
88.0,15.0,0.09046158897953543
88.0,16.0,0.08640396090500807
88.0,17.0,0.08265521173808782
88.0,18.0,0.07916538759676356
88.0,19.0,0.0759008586210922
88.0,20.0,0.0728397001173729
88.0,21.0,0.06996787767547397
88.0,22.0,0.06727619820445813
88.0,23.0,0.06475796834368641
88.0,24.0,0.06240729271614209
89.0,1.0,0.23632043296986688
89.0,2.0,0.21493986359320377
89.0,3.0,0.19324110297798147
89.0,4.0,0.17227135777841057
89.0,5.0,0.15322426185446303
89.0,6.0,0.13669824966523686
89.0,7.0,0.12280851170745538
89.0,8.0,0.11137380763785593
89.0,9.0,0.10206584816745451
89.0,10.0,0.09451215356116083
89.0,11.0,0.08835636008252457
89.0,12.0,0.08328696514849687
89.0,13.0,0.07904642797864853
89.0,14.0,0.0754297840635273
89.0,15.0,0.07227859137727188
89.0,16.0,0.06947343886421475
89.0,17.0,0.06692659739512408
89.0,18.0,0.06457546100630035
89.0,19.0,0.06237695047233688
89.0,20.0,0.06030283726823471
89.0,21.0,0.0583358709780632
89.0,22.0,0.05646658594351667
89.0,23.0,0.05469068390336751
89.0,24.0,0.05300691734992535
90.0,1.0,0.2801554953364355
90.0,2.0,0.2586433701448158
90.0,3.0,0.23683126717420522
90.0,4.0,0.21542206856624613
90.0,5.0,0.19559799685435036
90.0,6.0,0.17801516269692003
90.0,7.0,0.16285544183774436
90.0,8.0,0.14999777253797342
90.0,9.0,0.13916233687827717
90.0,10.0,0.13001462305353878
90.0,11.0,0.12222943747623366
90.0,12.0,0.11552284868645729
90.0,13.0,0.10966292886174178
90.0,14.0,0.10446860267125374
90.0,15.0,0.09980297607139993
90.0,16.0,0.09556491357056646
90.0,17.0,0.09168082684683831
90.0,18.0,0.0880975437349853
90.0,19.0,0.08477652433185628
90.0,20.0,0.08168938871799886
90.0,21.0,0.0788145886717661
90.0,22.0,0.0761350148271322
90.0,23.0,0.07363633558190064
90.0,24.0,0.0713058893377368
91.0,1.0,0.2578953466838753
91.0,2.0,0.23362086183322123
91.0,3.0,0.2092166524662457
91.0,4.0,0.1856524062998191
91.0,5.0,0.1642870662597382
91.0,6.0,0.14581336960786634
91.0,7.0,0.13035418485963257
91.0,8.0,0.11768417835540435
91.0,9.0,0.1074092449729715
91.0,10.0,0.09908986533975389
91.0,11.0,0.09231277527626264
91.0,12.0,0.08672391077543629
91.0,13.0,0.08203719196374998
91.0,14.0,0.07803055879356902
91.0,15.0,0.0745365873960413
91.0,16.0,0.0714317815253604
91.0,17.0,0.06862654492037684
91.0,18.0,0.06605664706390235
91.0,19.0,0.06367637281848848
91.0,20.0,0.061453250549940885
91.0,21.0,0.05936413097623677
91.0,22.0,0.057392354664699385
91.0,23.0,0.05552575511998398
91.0,24.0,0.05375527423989557
92.0,1.0,0.31279904785096324
92.0,2.0,0.28524805373875217
92.0,3.0,0.2580870355597961
92.0,4.0,0.23177458809107687
92.0,5.0,0.20766741667342847
92.0,6.0,0.1864815253491972
92.0,7.0,0.16834379830693574
92.0,8.0,0.1530448532242492
92.0,9.0,0.14022259525924602
92.0,10.0,0.12947590738772263
92.0,11.0,0.12042660513974285
92.0,12.0,0.11274636435791419
92.0,13.0,0.10616322943470463
92.0,14.0,0.10045808376284865
92.0,15.0,0.09545724563067459
92.0,16.0,0.09102435782190266
92.0,17.0,0.08705296651450722
92.0,18.0,0.0834602560005015
92.0,19.0,0.08018197043921549
92.0,20.0,0.07716837939918852
92.0,21.0,0.07438109617767191
92.0,22.0,0.07179056601284123
92.0,23.0,0.06937407026780124
92.0,24.0,0.06711412610210438
93.0,1.0,0.3080493353929916
93.0,2.0,0.28283449462121557
93.0,3.0,0.2573408548874586
93.0,4.0,0.2323963880932303
93.0,5.0,0.2093832809331395
93.0,6.0,0.1890562069876173
93.0,7.0,0.17161473055028367
93.0,8.0,0.1569113662239113
93.0,9.0,0.14462083590717065
93.0,10.0,0.1343580406231724
93.0,11.0,0.12574825262944675
93.0,12.0,0.11846103416632
93.0,13.0,0.11222126878647706
93.0,14.0,0.10680793854258527
93.0,15.0,0.10204751339946447
93.0,16.0,0.09780579088979582
93.0,17.0,0.09398005516591121
93.0,18.0,0.09049229906937975
93.0,19.0,0.08728367375880061
93.0,20.0,0.08431006799426718
93.0,21.0,0.08153862648795854
93.0,22.0,0.07894500823704984
93.0,23.0,0.07651121409610886
93.0,24.0,0.07422385270642809
94.0,1.0,0.2506434735113928
94.0,2.0,0.23158451024765248
94.0,3.0,0.21232993810654466
94.0,4.0,0.1933458382983408
94.0,5.0,0.17565826046741762
94.0,6.0,0.1598636887161733
94.0,7.0,0.14615680687141902
94.0,8.0,0.1344686686188996
94.0,9.0,0.12458412485852116
94.0,10.0,0.11622921914046047
94.0,11.0,0.10912744821446169
94.0,12.0,0.10302997534075065
94.0,13.0,0.09772782881900266
94.0,14.0,0.09305340877574536
94.0,15.0,0.0888765682069092
94.0,16.0,0.08509854848881898
94.0,17.0,0.08164559411639516
94.0,18.0,0.0784631430439734
94.0,19.0,0.07551094736539171
94.0,20.0,0.07275918572735884
94.0,21.0,0.07018548381347939
94.0,22.0,0.06777269887630788
94.0,23.0,0.06550731070834781
94.0,24.0,0.0633782726215052
95.0,1.0,0.28139892942120937
95.0,2.0,0.25982253107653563
95.0,3.0,0.2375323717180794
95.0,4.0,0.21568222439169826
95.0,5.0,0.19550228678727904
95.0,6.0,0.17764702150604667
95.0,7.0,0.16230165227764493
95.0,8.0,0.14934856761193183
95.0,9.0,0.13850974152503498
95.0,10.0,0.12944971437481662
95.0,11.0,0.12183831858167288
95.0,12.0,0.1153820994105173
95.0,13.0,0.10983554989100752
95.0,14.0,0.10500118070587133
95.0,15.0,0.10072439513611159
95.0,16.0,0.09688661155687811
95.0,17.0,0.09339838209204315
95.0,18.0,0.0901932557722504
95.0,19.0,0.0872226023579562
95.0,20.0,0.08445136327540165
95.0,21.0,0.08185460331249911
95.0,22.0,0.07941472341716116
95.0,23.0,0.07711921600857696
95.0,24.0,0.07495887466087386
96.0,1.0,0.2511356185982232
96.0,2.0,0.22978246954935688
96.0,3.0,0.20886040372235726
96.0,4.0,0.18837246889587467
96.0,5.0,0.16941719564567337
96.0,6.0,0.1526934559559685
96.0,7.0,0.13842438570224486
96.0,8.0,0.12652009984282975
96.0,9.0,0.11671944711471877
96.0,10.0,0.10869205686261013
96.0,11.0,0.10210395705623437
96.0,12.0,0.09665311587431613
96.0,13.0,0.09208406446354356
96.0,14.0,0.088190128071989
96.0,15.0,0.08480939429273732
96.0,16.0,0.08181817674119901
96.0,17.0,0.07912401602364899
96.0,18.0,0.0766591938219246
96.0,19.0,0.0743751375949877
96.0,20.0,0.07223778553798621
96.0,21.0,0.07022383925571773
96.0,22.0,0.06831777867945432
96.0,23.0,0.06650950645220072
96.0,24.0,0.06479250317093127
97.0,1.0,0.26414457063516966
97.0,2.0,0.24247853494705662
97.0,3.0,0.22145897707795859
97.0,4.0,0.20097392064176228
97.0,5.0,0.18208430682130744
97.0,6.0,0.1654478360412771
97.0,7.0,0.15124146546777006
97.0,8.0,0.13933659521034192
97.0,9.0,0.12944614056753972
97.0,10.0,0.12122630537688356
97.0,11.0,0.11433985286731135
97.0,12.0,0.10848895427416144
97.0,13.0,0.10342747041608152
97.0,14.0,0.09896137941910721
97.0,15.0,0.0949434210703547
97.0,16.0,0.09126558111631633
97.0,17.0,0.08785132991547728
97.0,18.0,0.0846485005002815
97.0,19.0,0.08162313283671307
97.0,20.0,0.0787543373041073
97.0,21.0,0.07603011357969802
97.0,22.0,0.07344402405934197
97.0,23.0,0.07099261985640642
97.0,24.0,0.06867352834280571
98.0,1.0,0.2582760167064222
98.0,2.0,0.23734833854629822
98.0,3.0,0.21683084035539207
98.0,4.0,0.19667197738670622
98.0,5.0,0.17792469081483264
98.0,6.0,0.16125935899056498
98.0,7.0,0.14689587626738482
98.0,8.0,0.13475919592532382
98.0,9.0,0.12461187646122002
98.0,10.0,0.11614960948373826
98.0,11.0,0.1090629651816567
98.0,12.0,0.10307107384856262
98.0,13.0,0.09793572120904298
98.0,14.0,0.09346379233990765
98.0,15.0,0.08950378342907206
98.0,16.0,0.08593989847479666
98.0,17.0,0.08268564492991165
98.0,18.0,0.0796778438487436
98.0,19.0,0.07687141090412902
98.0,20.0,0.07423498007620738
98.0,21.0,0.07174731413990898
98.0,22.0,0.06939440191289775
98.0,23.0,0.06716713881300179
98.0,24.0,0.06505950068871053
99.0,1.0,0.2929834386286356
99.0,2.0,0.26678714162854505
99.0,3.0,0.2401744041379022
99.0,4.0,0.21453834197393246
99.0,5.0,0.19130933159366703
99.0,6.0,0.17115208099179852
99.0,7.0,0.15414151097575884
99.0,8.0,0.1400111826174838
99.0,9.0,0.12834266730388438
99.0,10.0,0.11868808689651356
99.0,11.0,0.11063624065124772
99.0,12.0,0.10383985687171388
99.0,13.0,0.09802036752454701
99.0,14.0,0.09296176246507598
99.0,15.0,0.0885003768021112
99.0,16.0,0.08451416606774348
99.0,17.0,0.08091305908461949
99.0,18.0,0.07763092952573053
99.0,19.0,0.07461921928632137
99.0,20.0,0.07184203084798746
99.0,21.0,0.06927243717056303
99.0,22.0,0.06688975838920658
99.0,23.0,0.06467758465972417
99.0,24.0,0.0626223639003593
100.0,1.0,0.2888524268381636
100.0,2.0,0.2613818318883283
100.0,3.0,0.23333114627536755
100.0,4.0,0.2065241744787511
100.0,5.0,0.18243095864187792
100.0,6.0,0.16167477960087978
100.0,7.0,0.1442776226298732
100.0,8.0,0.12992437201377088
100.0,9.0,0.11815838013243252
100.0,10.0,0.10850343526924394
100.0,11.0,0.10052657824131522
100.0,12.0,0.09386233264727195
100.0,13.0,0.08821571157029945
100.0,14.0,0.08335544304121245
100.0,15.0,0.07910384708417806
100.0,16.0,0.07532652467906037
100.0,17.0,0.07192317069953702
100.0,18.0,0.06881988736946132
100.0,19.0,0.0659629536824568
100.0,20.0,0.06331385064373146
100.0,21.0,0.060845312695196774
100.0,22.0,0.05853819933264687
100.0,23.0,0.056379021596628
100.0,24.0,0.05435799899147614
101.0,1.0,0.29811134673969275
101.0,2.0,0.2742266560394094
101.0,3.0,0.250710348809809
101.0,4.0,0.22782026298434627
101.0,5.0,0.20677321849518931
101.0,6.0,0.1882689743750463
101.0,7.0,0.17247159570054643
101.0,8.0,0.15921614742114437
101.0,9.0,0.14817479616277046
101.0,10.0,0.13896833649481755
101.0,11.0,0.1312322759630648
101.0,12.0,0.12464886159739724
101.0,13.0,0.11895734482100073
101.0,14.0,0.11395243312489362
101.0,15.0,0.1094774414062431
101.0,16.0,0.10541582000442296
101.0,17.0,0.10168288000522435
101.0,18.0,0.09821847444667059
101.0,19.0,0.09498084775015092
101.0,20.0,0.09194161621873814
101.0,21.0,0.08908174977645111
101.0,22.0,0.08638840817879312
101.0,23.0,0.08385249930926536
101.0,24.0,0.08146684974949969
102.0,1.0,0.28652573582770036
102.0,2.0,0.26302749358987043
102.0,3.0,0.24035057537783963
102.0,4.0,0.21811624072316363
102.0,5.0,0.1974171289805254
102.0,6.0,0.17897198059084132
102.0,7.0,0.16300809607679093
102.0,8.0,0.14943989690084583
102.0,9.0,0.13801750720306608
102.0,10.0,0.12842720867417626
102.0,11.0,0.1203531521178122
102.0,12.0,0.11350923877051641
102.0,13.0,0.10765125173874032
102.0,14.0,0.10257795745180628
102.0,15.0,0.09812710704992136
102.0,16.0,0.09416974533214537
102.0,17.0,0.09060450980846999
102.0,18.0,0.08735259076510074
102.0,19.0,0.08435350106302805
102.0,20.0,0.08156157614021262
102.0,21.0,0.07894305577726188
102.0,22.0,0.07647360688330332
102.0,23.0,0.0741361837323786
102.0,24.0,0.07191916376166166
103.0,1.0,0.2699438374286164
103.0,2.0,0.24783410613575818
103.0,3.0,0.2258936295701895
103.0,4.0,0.2043777875354495
103.0,5.0,0.18443685160256973
103.0,6.0,0.16675603986956872
103.0,7.0,0.15154222034762826
103.0,8.0,0.13869532771853876
103.0,9.0,0.12795055292618418
103.0,10.0,0.11897984619093221
103.0,11.0,0.11145575614345649
103.0,12.0,0.10508485108524579
103.0,13.0,0.0996205623140421
103.0,14.0,0.09486415979434726
103.0,15.0,0.09065995550234324
103.0,16.0,0.08688840433489953
103.0,17.0,0.08345905121384956
103.0,18.0,0.08030421452733538
103.0,19.0,0.07737370795111631
103.0,20.0,0.07463060611415823
103.0,21.0,0.07204792952001571
103.0,22.0,0.06960608346357533
103.0,23.0,0.06729088963423102
103.0,24.0,0.0650920726050137
104.0,1.0,0.3007176688368206
104.0,2.0,0.2760264279801309
104.0,3.0,0.2506806394821721
104.0,4.0,0.2261628546373124
104.0,5.0,0.2038765804343362
104.0,6.0,0.1845008805509834
104.0,7.0,0.16814963500933505
104.0,8.0,0.1545940361388679
104.0,9.0,0.14344162971608893
104.0,10.0,0.13425803730060726
104.0,11.0,0.1266361691307169
104.0,12.0,0.12022728499420432
104.0,13.0,0.1147488969489927
104.0,14.0,0.10998073797603752
104.0,15.0,0.10575577982471857
104.0,16.0,0.1019500967651818
104.0,17.0,0.09847338208929579
104.0,18.0,0.09526082011795134
104.0,19.0,0.09226646084991263
104.0,20.0,0.08945799445080488
104.0,21.0,0.08681273034475584
104.0,22.0,0.08431456833379247
104.0,23.0,0.08195176413896793
104.0,24.0,0.0797153182207605
105.0,1.0,0.2899838501924372
105.0,2.0,0.268094563822979
105.0,3.0,0.24595015061586625
105.0,4.0,0.22398590129360743
105.0,5.0,0.20339191668738685
105.0,6.0,0.1848949854557819
105.0,7.0,0.1687506883363871
105.0,8.0,0.1549011281871708
105.0,9.0,0.1431132559045122
105.0,10.0,0.13308212526278632
105.0,11.0,0.12449757882595494
105.0,12.0,0.11707999295976415
105.0,13.0,0.110594562694072
105.0,14.0,0.10485294862857533
105.0,15.0,0.0997086310675501
105.0,16.0,0.09504987874527557
105.0,17.0,0.09079245707081737
105.0,18.0,0.08687307985725437
105.0,19.0,0.08324397238413608
105.0,20.0,0.07986858468411742
105.0,21.0,0.0767183429537707
105.0,22.0,0.07377027198879108
105.0,23.0,0.07100531445408045
105.0,24.0,0.06840718714907643
106.0,1.0,0.2648194055907148
106.0,2.0,0.24503476694331977
106.0,3.0,0.2260328502562584
106.0,4.0,0.20730623768151873
106.0,5.0,0.18978405694896844
106.0,6.0,0.17412858241101725
106.0,7.0,0.16057833280597444
106.0,8.0,0.14908189415090894
106.0,9.0,0.13942330699230127
106.0,10.0,0.1313151677391789
106.0,11.0,0.12446149053888411
106.0,12.0,0.1185936500657292
106.0,13.0,0.113486212637184
106.0,14.0,0.10896010295817787
106.0,15.0,0.10487896878642855
106.0,16.0,0.10114259292491251
106.0,17.0,0.09767958356893075
106.0,18.0,0.09444049603327875
106.0,19.0,0.09139189603044301
106.0,20.0,0.08851151972055038
106.0,21.0,0.08578450240538682
106.0,22.0,0.08320056101652012
106.0,23.0,0.08075198166219938
106.0,24.0,0.07843225800620324
107.0,1.0,0.2720710419785883
107.0,2.0,0.2518739020412884
107.0,3.0,0.23108751510750153
107.0,4.0,0.2105644358421883
107.0,5.0,0.1914124118991642
107.0,6.0,0.17423990371760284
107.0,7.0,0.15923398968748942
107.0,8.0,0.14630965968798798
107.0,9.0,0.1352359392046938
107.0,10.0,0.12572793928007092
107.0,11.0,0.11750405721522156
107.0,12.0,0.11031532666552474
107.0,13.0,0.10395626790180362
107.0,14.0,0.09826514991449387
107.0,15.0,0.09311908285645576
107.0,16.0,0.08842718601040667
107.0,17.0,0.08412357492866607
107.0,18.0,0.08016099935940113
107.0,19.0,0.0765054576905616
107.0,20.0,0.07313185453871118
107.0,21.0,0.07002064620275372
107.0,22.0,0.06715536722876536
107.0,23.0,0.06452091330607712
107.0,24.0,0.06210245259439223
108.0,1.0,0.27326193843022495
108.0,2.0,0.24967906557345426
108.0,3.0,0.22689291561763475
108.0,4.0,0.2048279767138681
108.0,5.0,0.1846072375708565
108.0,6.0,0.166884836531129
108.0,7.0,0.15179199435150031
108.0,8.0,0.13914560369220697
108.0,9.0,0.12861265256801657
108.0,10.0,0.1198170948189824
108.0,11.0,0.11240215927161473
108.0,12.0,0.10606002317350899
108.0,13.0,0.10054070700465206
108.0,14.0,0.09564974144742028
108.0,15.0,0.0912408658943884
108.0,16.0,0.08720728521199
108.0,17.0,0.08347322374468286
108.0,18.0,0.07998649756510479
108.0,19.0,0.07671230487983
108.0,20.0,0.07362819607064891
108.0,21.0,0.07072009341872926
108.0,22.0,0.06797920947424912
108.0,23.0,0.06539972185964321
108.0,24.0,0.06297708064863161
109.0,1.0,0.283480553585348
109.0,2.0,0.25920355939354167
109.0,3.0,0.2347458786019882
109.0,4.0,0.21096106210170323
109.0,5.0,0.18920403820252818
109.0,6.0,0.1702050228421162
109.0,7.0,0.15413021472839317
109.0,8.0,0.14079666088438408
109.0,9.0,0.12984685349541747
109.0,10.0,0.1208687907845209
109.0,11.0,0.11346690457724812
109.0,12.0,0.10729604613155935
109.0,13.0,0.10207219475552742
109.0,14.0,0.09757068034506677
109.0,15.0,0.09361886395408375
109.0,16.0,0.09008715660183159
109.0,17.0,0.08688028547563426
109.0,18.0,0.08392960071489458
109.0,19.0,0.08118664372610712
109.0,20.0,0.0786179337909203
109.0,21.0,0.07620082658760602
109.0,22.0,0.07392027340968932
109.0,23.0,0.07176631968343766
109.0,24.0,0.06973220395483881
110.0,1.0,0.30598001982971246
110.0,2.0,0.27759100726368924
110.0,3.0,0.24847085734307983
110.0,4.0,0.220842804635829
110.0,5.0,0.19620744286780373
110.0,6.0,0.1751452016746612
110.0,7.0,0.15760899155849623
110.0,8.0,0.14321128544787648
110.0,9.0,0.13143451493427893
110.0,10.0,0.12175825814329988
110.0,11.0,0.11372157355251122
110.0,12.0,0.10694450501302999
110.0,13.0,0.1011279001766805
110.0,14.0,0.09604368259045365
110.0,15.0,0.09152221151180406
110.0,16.0,0.08743990653547079
110.0,17.0,0.08370841255975059
110.0,18.0,0.08026563776077977
110.0,19.0,0.0770685808743597
110.0,20.0,0.07408771348679255
110.0,21.0,0.07130265562862831
110.0,22.0,0.06869890582013438
110.0,23.0,0.06626542470518187
110.0,24.0,0.06399290885808678
111.0,1.0,0.25455735355350845
111.0,2.0,0.2344814461744919
111.0,3.0,0.21458430241225318
111.0,4.0,0.1947251281964411
111.0,5.0,0.17591078766509077
111.0,6.0,0.15884927120304776
111.0,7.0,0.1438363076146978
111.0,8.0,0.13088111094234506
111.0,9.0,0.11982330227582322
111.0,10.0,0.11042162077366013
111.0,11.0,0.10241460836097155
111.0,12.0,0.09555598535926696
111.0,13.0,0.08963117205444121
111.0,14.0,0.0844619803748679
111.0,15.0,0.07990495105784684
111.0,16.0,0.07584688842563159
111.0,17.0,0.07219961229567257
111.0,18.0,0.06889493594434948
111.0,19.0,0.0658802879515189
111.0,20.0,0.06311508330210414
111.0,21.0,0.06056780277668006
111.0,22.0,0.058213684600829374
111.0,23.0,0.056032923099005205
111.0,24.0,0.054009279748605976
112.0,1.0,0.2652097721405269
112.0,2.0,0.24511377214300603
112.0,3.0,0.22510971103680702
112.0,4.0,0.20547691024561585
112.0,5.0,0.1872635695189563
112.0,6.0,0.17110217097237632
112.0,7.0,0.1571826443358307
112.0,8.0,0.14540925172730898
112.0,9.0,0.13553292540242565
112.0,10.0,0.1272456787539357
112.0,11.0,0.12024040138355477
112.0,12.0,0.11424256952543202
112.0,13.0,0.10902277348881942
112.0,14.0,0.10439805890020029
112.0,15.0,0.10022770626193298
112.0,16.0,0.09640683814888804
112.0,17.0,0.09285966204092574
112.0,18.0,0.08953319561523684
112.0,19.0,0.08639179653112819
112.0,20.0,0.08341255969629244
112.0,21.0,0.08058153351237404
112.0,22.0,0.07789067056628282
112.0,23.0,0.07533542645162819
112.0,24.0,0.07291293036164773
113.0,1.0,0.3060217509923199
113.0,2.0,0.2836348420916005
113.0,3.0,0.26156439899408734
113.0,4.0,0.23981432552575557
113.0,5.0,0.2195154899805394
113.0,6.0,0.20138175111115683
113.0,7.0,0.1856459621633009
113.0,8.0,0.17222899155005353
113.0,9.0,0.1608834919479509
113.0,10.0,0.15129614013426132
113.0,11.0,0.14315213750907177
113.0,12.0,0.13616906221347527
113.0,13.0,0.13010985947086098
113.0,14.0,0.12478381990237344
113.0,15.0,0.12004176898647104
113.0,16.0,0.11576919399119487
113.0,17.0,0.11187926240672982
113.0,18.0,0.10830660650328502
113.0,19.0,0.10500215885145711
113.0,20.0,0.10192903305340126
113.0,21.0,0.0990593204439418
113.0,22.0,0.09637163719183486
113.0,23.0,0.0938492621278065
113.0,24.0,0.09147872952393729
114.0,1.0,0.2674590537853017
114.0,2.0,0.24562366761841253
114.0,3.0,0.22353523577129092
114.0,4.0,0.20197078288383524
114.0,5.0,0.18210663775600733
114.0,6.0,0.16456155909821396
114.0,7.0,0.14947502146790992
114.0,8.0,0.1366898734333169
114.0,9.0,0.12590073669388124
114.0,10.0,0.11675786213261208
114.0,11.0,0.10892897285267028
114.0,12.0,0.10212887575084006
114.0,13.0,0.09612843810646576
114.0,14.0,0.09075227521315027
114.0,15.0,0.08587130210277027
114.0,16.0,0.08139369128145091
114.0,17.0,0.07725605441271571
114.0,18.0,0.07341566086924928
114.0,19.0,0.06984397101747225
114.0,20.0,0.06652150040483601
114.0,21.0,0.0634339157281833
114.0,22.0,0.06056922028494649
114.0,23.0,0.05791587485335564
114.0,24.0,0.0554616990723496
115.0,1.0,0.2673999958640041
115.0,2.0,0.24298756588785586
115.0,3.0,0.21867799466671772
115.0,4.0,0.19496810041427626
115.0,5.0,0.1731432094052736
115.0,6.0,0.15391759205038724
115.0,7.0,0.13746859403507822
115.0,8.0,0.12364393550096042
115.0,9.0,0.11212634858068066
115.0,10.0,0.10254540270340878
115.0,11.0,0.09454329548369494
115.0,12.0,0.08780623707178059
115.0,13.0,0.08207423345368675
115.0,14.0,0.07713936625648432
115.0,15.0,0.0728390560680276
115.0,16.0,0.06904792230194223
115.0,17.0,0.06567000176599908
115.0,18.0,0.06263203791432614
115.0,19.0,0.05987801388790498
115.0,20.0,0.057364855090061506
115.0,21.0,0.05505913290061404
115.0,22.0,0.05293458147301561
115.0,23.0,0.05097025255754167
115.0,24.0,0.04914915815434456
116.0,1.0,0.2963475213281617
116.0,2.0,0.27207025260688195
116.0,3.0,0.24775295648557044
116.0,4.0,0.22411998320250143
116.0,5.0,0.20243552291982375
116.0,6.0,0.18335171534605976
116.0,7.0,0.16699652365070466
116.0,8.0,0.15318737102701818
116.0,9.0,0.14159407341082697
116.0,10.0,0.1318462888013035
116.0,11.0,0.12359428631373742
116.0,12.0,0.11653627653325621
116.0,13.0,0.11042554745909233
116.0,14.0,0.10506725532349698
116.0,15.0,0.10031095344222035
116.0,16.0,0.09604214229092889
116.0,17.0,0.09217439238125491
116.0,18.0,0.08864263665641187
116.0,19.0,0.08539774930928457
116.0,20.0,0.08240231146671845
116.0,21.0,0.0796273842131035
116.0,22.0,0.07705009592277662
116.0,23.0,0.07465186703433241
116.0,24.0,0.07241712260211275
117.0,1.0,0.26447299860355866
117.0,2.0,0.24225818704388577
117.0,3.0,0.22079549012847663
117.0,4.0,0.19971105189996366
117.0,5.0,0.18006625217426245
117.0,6.0,0.1625911005073191
117.0,7.0,0.14753204993630817
117.0,8.0,0.13481425815390577
117.0,9.0,0.12418793322502222
117.0,10.0,0.11533168754099063
117.0,11.0,0.10791898343368303
117.0,12.0,0.10165437641349853
117.0,13.0,0.09628851210296682
117.0,14.0,0.09162045861523346
117.0,15.0,0.08749364260887924
117.0,16.0,0.08378924418658593
117.0,17.0,0.0804191326838892
117.0,18.0,0.07731932360019947
117.0,19.0,0.074444325109395
117.0,20.0,0.07176243626409437
117.0,21.0,0.0692519255040929
117.0,22.0,0.0668979749662579
117.0,23.0,0.06469027587135065
117.0,24.0,0.06262117664100267
118.0,1.0,0.26851989791090464
118.0,2.0,0.24611434962994855
118.0,3.0,0.2238129078880668
118.0,4.0,0.2019726042636969
118.0,5.0,0.18178964908903722
118.0,6.0,0.16396887213260336
118.0,7.0,0.14871383259651882
118.0,8.0,0.13590667917411964
118.0,9.0,0.12525941818546815
118.0,10.0,0.11642162914385334
118.0,11.0,0.10904738970904126
118.0,12.0,0.10282965322154186
118.0,13.0,0.09751296064588738
118.0,14.0,0.0928938493136835
118.0,15.0,0.0888153486350381
118.0,16.0,0.08515933522395586
118.0,17.0,0.08183873007462544
118.0,18.0,0.07879045066204488
118.0,19.0,0.07596944749395557
118.0,20.0,0.0733438612181394
118.0,21.0,0.07089120321269665
118.0,22.0,0.06859541349090525
118.0,23.0,0.06644464275361811
118.0,24.0,0.06442961811105169
119.0,1.0,0.2787208814683391
119.0,2.0,0.2599602203370734
119.0,3.0,0.24130082230067706
119.0,4.0,0.2229312549206598
119.0,5.0,0.20583413799048011
119.0,6.0,0.19060110057466023
119.0,7.0,0.17741950212965368
119.0,8.0,0.1662101130875005
119.0,9.0,0.15674571176839935
119.0,10.0,0.14873984864232764
119.0,11.0,0.1419049612492766
119.0,12.0,0.13598423019504352
119.0,13.0,0.13076485520415482
119.0,14.0,0.1260800401750986
119.0,15.0,0.12180503034947038
119.0,16.0,0.11785057874728389
119.0,17.0,0.11415576038639624
119.0,18.0,0.11068112351336895
119.0,19.0,0.10740263116884818
119.0,20.0,0.10430656131561966
119.0,21.0,0.1013853931486074
119.0,22.0,0.09863464174506342
119.0,23.0,0.0960505714202089
119.0,24.0,0.09362869787139438
120.0,1.0,0.23133729746561943
120.0,2.0,0.21066705083363163
120.0,3.0,0.18988647603940617
120.0,4.0,0.1697750820005467
120.0,5.0,0.1514831706809368
120.0,6.0,0.13561484614810654
120.0,7.0,0.12230360272013757
120.0,8.0,0.11138696071678184
120.0,9.0,0.102550003044736
120.0,10.0,0.09542732520236158
120.0,11.0,0.08966506992967899
120.0,12.0,0.0849519731197993
120.0,13.0,0.08103030528404376
120.0,14.0,0.07769558947494282
120.0,15.0,0.07479099869319511
120.0,16.0,0.0721998595944493
120.0,17.0,0.06983803391952542
120.0,18.0,0.06764697431814182
120.0,19.0,0.06558773012908087
120.0,20.0,0.06363592707355198
120.0,21.0,0.061777641058453125
120.0,22.0,0.060006057423232784
120.0,23.0,0.05831881166732317
120.0,24.0,0.05671592358667288
121.0,1.0,0.27520631470748164
121.0,2.0,0.24816574466718982
121.0,3.0,0.22071435019898344
121.0,4.0,0.1944730880266205
121.0,5.0,0.17094966187266564
121.0,6.0,0.15081670945769293
121.0,7.0,0.13411588303164612
121.0,8.0,0.12052753069180899
121.0,9.0,0.10957510476608956
121.0,10.0,0.10075594376703434
121.0,11.0,0.09361082991366232
121.0,12.0,0.08775206282916787
121.0,13.0,0.082867935183704
121.0,14.0,0.07871594907643398
121.0,15.0,0.07511194846818042
121.0,16.0,0.07191880472504153
121.0,17.0,0.0690362297356949
121.0,18.0,0.06639221888145275
121.0,19.0,0.06393612707498647
121.0,20.0,0.06163318315640587
121.0,21.0,0.05946019581838663
121.0,22.0,0.05740221610083418
121.0,23.0,0.05544995685292492
121.0,24.0,0.05359780961157823
122.0,1.0,0.3127134309203084
122.0,2.0,0.28624439980653865
122.0,3.0,0.25914575026199665
122.0,4.0,0.23294892327992134
122.0,5.0,0.20911325630639643
122.0,6.0,0.18832400447738973
122.0,7.0,0.17067645878207294
122.0,8.0,0.155918924983665
122.0,9.0,0.14364144854011957
122.0,10.0,0.13339963823253237
122.0,11.0,0.12478232064360345
122.0,12.0,0.11744012994879832
122.0,13.0,0.1110913314060214
122.0,14.0,0.10551645438429202
122.0,15.0,0.1005486384934009
122.0,16.0,0.0960632875220816
122.0,17.0,0.09196864473790223
122.0,18.0,0.088197845884326
122.0,19.0,0.08470249947902458
122.0,20.0,0.08144763475911698
122.0,21.0,0.07840779636041795
122.0,22.0,0.07556407001587911
122.0,23.0,0.07290185341339245
122.0,24.0,0.07040922090882601
123.0,1.0,0.29287731755111923
123.0,2.0,0.26719864119808845
123.0,3.0,0.24216512927958786
123.0,4.0,0.21789329750075867
123.0,5.0,0.19560477281427932
123.0,6.0,0.17599607889119664
123.0,7.0,0.1592062314207037
123.0,8.0,0.14504758492477446
123.0,9.0,0.13318071895272685
123.0,10.0,0.12322340114218114
123.0,11.0,0.11481203123740844
123.0,12.0,0.10763012832288829
123.0,13.0,0.1014165989616996
123.0,14.0,0.09596344795498749
123.0,15.0,0.09110901599576568
123.0,16.0,0.0867300410821509
123.0,17.0,0.0827340913908303
123.0,18.0,0.07905295935147275
123.0,19.0,0.07563713850779333
123.0,20.0,0.07245130546267917
123.0,21.0,0.06947066442199187
123.0,22.0,0.0666780081247709
123.0,23.0,0.06406136888753353
123.0,24.0,0.061612159110242565
124.0,1.0,0.27579458113218974
124.0,2.0,0.2499514980632847
124.0,3.0,0.22414354406424009
124.0,4.0,0.19966681760006627
124.0,5.0,0.17788486846003937
124.0,6.0,0.15937408021844474
124.0,7.0,0.14411957554940408
124.0,8.0,0.1317814075520996
124.0,9.0,0.12188702563338205
124.0,10.0,0.11395032584614706
124.0,11.0,0.10753315347363346
124.0,12.0,0.10226888012723306
124.0,13.0,0.0978648881466514
124.0,14.0,0.09409527617099134
124.0,15.0,0.09079021526383496
124.0,16.0,0.08782512493642541
124.0,17.0,0.08511098221261981
124.0,18.0,0.08258613903722334
124.0,19.0,0.08020960600844468
124.0,20.0,0.07795561067538476
124.0,21.0,0.07580921442122968
124.0,22.0,0.07376279911686734
124.0,23.0,0.07181327660888748
124.0,24.0,0.0699599135867438
125.0,1.0,0.2600503760396064
125.0,2.0,0.24072258292722098
125.0,3.0,0.22156851464098204
125.0,4.0,0.20248040530938427
125.0,5.0,0.18443181131530706
125.0,6.0,0.1680988674707669
125.0,7.0,0.1537633259389114
125.0,8.0,0.14143350873985389
125.0,9.0,0.1309540712444906
125.0,10.0,0.12208967213213329
125.0,11.0,0.11458291958066685
125.0,12.0,0.10818893777007049
125.0,13.0,0.10269235240644142
125.0,14.0,0.09791301635812394
125.0,15.0,0.09370542787018421
125.0,16.0,0.08995510417272135
125.0,17.0,0.08657382697369875
125.0,18.0,0.0834947818523536
125.0,19.0,0.08066807978631935
125.0,20.0,0.07805685462326212
125.0,21.0,0.0756339796940464
125.0,22.0,0.07337937678428025
125.0,23.0,0.07127786291678467
125.0,24.0,0.06931747280907574
126.0,1.0,0.2954690749630431
126.0,2.0,0.2725848830418438
126.0,3.0,0.25010612963434076
126.0,4.0,0.22785896432954258
126.0,5.0,0.20695076490241673
126.0,6.0,0.1881288375891579
126.0,7.0,0.17166121000791837
126.0,8.0,0.15750196611021364
126.0,9.0,0.14543378339818194
126.0,10.0,0.13516702268965622
126.0,11.0,0.12640277386492962
126.0,12.0,0.11886703896154219
126.0,13.0,0.11232499890635186
126.0,14.0,0.1065836096539883
126.0,15.0,0.10148839626243569
126.0,16.0,0.09691797600892729
126.0,17.0,0.09277817515142903
126.0,18.0,0.08899659414674352
126.0,19.0,0.08551792945323158
126.0,20.0,0.08230009340746844
126.0,21.0,0.07931106062127499
126.0,22.0,0.07652633423100016
126.0,23.0,0.07392692630330341
126.0,24.0,0.07149776172933262
127.0,1.0,0.25743594555009336
127.0,2.0,0.23811492599016698
127.0,3.0,0.2186516256862046
127.0,4.0,0.19923262343952436
127.0,5.0,0.18088804029647226
127.0,6.0,0.16428523801717415
127.0,7.0,0.14969223287480182
127.0,8.0,0.13710099535090187
127.0,9.0,0.12633970135510392
127.0,10.0,0.11716052780053182
127.0,11.0,0.10929950038222414
127.0,12.0,0.10251088968380162
127.0,13.0,0.09658292177514333
127.0,14.0,0.09134185098999659
127.0,15.0,0.08664980028819541
127.0,16.0,0.08239987726902193
127.0,17.0,0.07851057779075549
127.0,18.0,0.0749204935680054
127.0,19.0,0.071583745347646
127.0,20.0,0.06846623986158523
127.0,21.0,0.06554269275779445
127.0,22.0,0.06279429980817836
127.0,23.0,0.060206929644343765
127.0,24.0,0.05776972593541435
128.0,1.0,0.2995541460820903
128.0,2.0,0.27652002787598984
128.0,3.0,0.25380960118915785
128.0,4.0,0.23144523531812486
128.0,5.0,0.21056923657032514
128.0,6.0,0.19188821672950904
128.0,7.0,0.17562118965406406
128.0,8.0,0.16167788197615676
128.0,9.0,0.14980545741110488
128.0,10.0,0.1396901140782458
128.0,11.0,0.1310196888979194
128.0,12.0,0.12351572745027303
128.0,13.0,0.11694533557246548
128.0,14.0,0.11112165277429223
128.0,15.0,0.10589894840577282
128.0,16.0,0.10116583853283231
128.0,17.0,0.09683842052750749
128.0,18.0,0.0928541194099293
128.0,19.0,0.0891665069856428
128.0,20.0,0.08574109925626464
128.0,21.0,0.08255203173026546
128.0,22.0,0.0795794809745056
128.0,23.0,0.07680770305871129
128.0,24.0,0.07422357453084497
129.0,1.0,0.2824286614385864
129.0,2.0,0.25847949483086347
129.0,3.0,0.23493382616349656
129.0,4.0,0.21204788613463793
129.0,5.0,0.19101568963421567
129.0,6.0,0.17250703199094142
129.0,7.0,0.1566706537769707
129.0,8.0,0.14334173145575269
129.0,9.0,0.13220223183356894
129.0,10.0,0.12288650907338022
129.0,11.0,0.11504301734064032
129.0,12.0,0.10836391527055023
129.0,13.0,0.10259450769436113
129.0,14.0,0.0975318798646404
129.0,15.0,0.09301872969737784
129.0,16.0,0.08893574290994671
129.0,17.0,0.08519414916686052
129.0,18.0,0.0817291337430468
129.0,19.0,0.0784942877065416
129.0,20.0,0.07545705590467255
129.0,21.0,0.07259505853003712
129.0,22.0,0.06989314654149714
129.0,23.0,0.06734106512217569
129.0,24.0,0.06493162280455217
130.0,1.0,0.26814042741249455
130.0,2.0,0.24679271560113764
130.0,3.0,0.22570059828572098
130.0,4.0,0.20506301274982514
130.0,5.0,0.1859486935422635
130.0,6.0,0.16898087281758906
130.0,7.0,0.1543260247365753
130.0,8.0,0.141867198718232
130.0,9.0,0.13134259233948603
130.0,10.0,0.12244047337139691
130.0,11.0,0.11485678323698978
130.0,12.0,0.10832400790066127
130.0,13.0,0.10262129341121212
130.0,14.0,0.09757410464250582
130.0,15.0,0.09304897070561041
130.0,16.0,0.08894652110971729
130.0,17.0,0.08519445667102477
130.0,18.0,0.08174119147471626
130.0,19.0,0.07855042468501461
130.0,20.0,0.0755966733349755
130.0,21.0,0.07286170217637411
130.0,22.0,0.07033175570393879
130.0,23.0,0.06799549312111353
130.0,24.0,0.0658425304027544
131.0,1.0,0.2608030138603082
131.0,2.0,0.24124732704969487
131.0,3.0,0.22291348166029107
131.0,4.0,0.20465974550937088
131.0,5.0,0.18724426217611806
131.0,6.0,0.17136390049681904
131.0,7.0,0.15734711636157805
131.0,8.0,0.1452473454445407
131.0,9.0,0.1349508884052354
131.0,10.0,0.1262557085881877
131.0,11.0,0.11892725022610917
131.0,12.0,0.11273382007238253
131.0,13.0,0.10746534674114472
131.0,14.0,0.10294083592996872
131.0,15.0,0.09900925990448156
131.0,16.0,0.09554720067430966
131.0,17.0,0.09245525303577773
131.0,18.0,0.08965425892028694
131.0,19.0,0.08708186462582135
131.0,20.0,0.0846895672410628
131.0,21.0,0.08244025167899904
131.0,22.0,0.08030614835666888
131.0,23.0,0.07826712174460748
131.0,24.0,0.076309206750789
132.0,1.0,0.30183043635147655
132.0,2.0,0.2763312221934999
132.0,3.0,0.25022875880774365
132.0,4.0,0.2251665791815709
132.0,5.0,0.2024963205099764
132.0,6.0,0.1828022243071344
132.0,7.0,0.16612005210588043
132.0,8.0,0.1521753106600075
132.0,9.0,0.14056103330056702
132.0,10.0,0.130849859908242
132.0,11.0,0.12265257226023124
132.0,12.0,0.11564121063106653
132.0,13.0,0.10955238562927638
132.0,14.0,0.10418124611987856
132.0,15.0,0.09937209593040447
132.0,16.0,0.09500867985758377
132.0,17.0,0.09100544682731937
132.0,18.0,0.08730020815019374
132.0,19.0,0.08384819242490921
132.0,20.0,0.0806173332580889
132.0,21.0,0.07758458420722136
132.0,22.0,0.07473306862793089
132.0,23.0,0.07204990501490277
132.0,24.0,0.06952458344162415
133.0,1.0,0.27798863112594546
133.0,2.0,0.25523329533434297
133.0,3.0,0.23215464660533403
133.0,4.0,0.20965376811714403
133.0,5.0,0.1889686906950916
133.0,6.0,0.17074474900981018
133.0,7.0,0.15512592728636343
133.0,8.0,0.14194719101389558
133.0,9.0,0.13088934871824914
133.0,10.0,0.12158647864579647
133.0,11.0,0.1136894097274756
133.0,12.0,0.10689602121806752
133.0,13.0,0.10096060744304353
133.0,14.0,0.09569195139845155
133.0,15.0,0.09094632496547284
133.0,16.0,0.08661891159029111
133.0,17.0,0.08263539270817494
133.0,18.0,0.07894444457087951
133.0,19.0,0.07551138366208027
133.0,20.0,0.07231296658135472
133.0,21.0,0.06933326051339977
133.0,22.0,0.06656047595674813
133.0,23.0,0.06398465278631255
133.0,24.0,0.06159609383566389
134.0,1.0,0.27325723184982315
134.0,2.0,0.25303487935656727
134.0,3.0,0.2329382303116368
134.0,4.0,0.21313979209458667
134.0,5.0,0.19467966425142696
134.0,6.0,0.17817683364976805
134.0,7.0,0.1638145998010369
134.0,8.0,0.1514952639987709
134.0,9.0,0.140971625009696
134.0,10.0,0.13194264788054744
134.0,11.0,0.12411372022049638
134.0,12.0,0.11722764510105588
134.0,13.0,0.1110756912944656
134.0,14.0,0.10549710895166192
134.0,15.0,0.10037305381863254
134.0,16.0,0.09561855102449873
134.0,17.0,0.09117447626189851
134.0,18.0,0.0870004963357422
134.0,19.0,0.08306931174430093
134.0,20.0,0.07936221878779487
134.0,21.0,0.07586584759274734
134.0,22.0,0.07256986818031474
134.0,23.0,0.06946544868687504
134.0,24.0,0.06654427232870208
135.0,1.0,0.26711327896996623
135.0,2.0,0.24442801799844321
135.0,3.0,0.2222185590570503
135.0,4.0,0.20069110631685894
135.0,5.0,0.18101523291389565
135.0,6.0,0.16385117354961248
135.0,7.0,0.1493344234793405
135.0,8.0,0.13727594315175534
135.0,9.0,0.127326733869636
135.0,10.0,0.11909122647625126
135.0,11.0,0.11219532883710936
135.0,12.0,0.1063193257381192
135.0,13.0,0.10120781508455179
135.0,14.0,0.09666691106906672
135.0,15.0,0.09255560986436079
135.0,16.0,0.0887753417113909
135.0,17.0,0.08525979834696179
135.0,18.0,0.08196598537028893
135.0,19.0,0.07886683589706961
135.0,20.0,0.07594541303383423
135.0,21.0,0.07319058167925957
135.0,22.0,0.07059396454997724
135.0,23.0,0.06814797172926201
135.0,24.0,0.06584468771481328
136.0,1.0,0.3011210260462044
136.0,2.0,0.27613610430228774
136.0,3.0,0.25109853059580045
136.0,4.0,0.22663542771940323
136.0,5.0,0.20410120140401813
136.0,6.0,0.18425122441970246
136.0,7.0,0.16727468030570572
136.0,8.0,0.15300851450711558
136.0,9.0,0.14111277270545372
136.0,10.0,0.13119154197949276
136.0,11.0,0.12286435204297588
136.0,12.0,0.11579994986939932
136.0,13.0,0.1097263351697488
136.0,14.0,0.10442822289060685
136.0,15.0,0.09973916869231489
136.0,16.0,0.09553238504308328
136.0,17.0,0.09171217946303958
136.0,18.0,0.08820674679352145
136.0,19.0,0.08496243122705885
136.0,20.0,0.08193929708435596
136.0,21.0,0.07910775379439403
136.0,22.0,0.07644597916633397
136.0,23.0,0.07393792498272159
136.0,24.0,0.0715717423381845
137.0,1.0,0.2604834193998921
137.0,2.0,0.2388617779246393
137.0,3.0,0.21621193937573152
137.0,4.0,0.19393939472599747
137.0,5.0,0.1732857286908474
137.0,6.0,0.15491097194402143
137.0,7.0,0.13901732507561082
137.0,8.0,0.12550904645550093
137.0,9.0,0.1141304723007317
137.0,10.0,0.10456574310843408
137.0,11.0,0.09649970587120271
137.0,12.0,0.08964894140609814
137.0,13.0,0.08377357280395248
137.0,14.0,0.07867835352099672
137.0,15.0,0.07420861136596968
137.0,16.0,0.07024425718310806
137.0,17.0,0.06669350786881934
137.0,18.0,0.06348707038226387
137.0,19.0,0.060573062429947366
137.0,20.0,0.057912725093229256
137.0,21.0,0.055476892802957645
137.0,22.0,0.053243156385826274
137.0,23.0,0.05119364837573476
137.0,24.0,0.04931337935739155
138.0,1.0,0.26345814349997476
138.0,2.0,0.23867609839998472
138.0,3.0,0.2136214681901195
138.0,4.0,0.18939004633680234
138.0,5.0,0.16735867582322406
138.0,6.0,0.14822178340565567
138.0,7.0,0.13211193337939509
138.0,8.0,0.11882088999217266
138.0,9.0,0.10797482381005102
138.0,10.0,0.09915303455948632
138.0,11.0,0.09195596711754822
138.0,12.0,0.08603630272597146
138.0,13.0,0.08110761327094479
138.0,14.0,0.07694146160565929
138.0,15.0,0.07335969753658245
138.0,16.0,0.07022559068461237
138.0,17.0,0.06743550881377164
138.0,18.0,0.06491178594484565
138.0,19.0,0.06259689559717507
138.0,20.0,0.06044881249996292
138.0,21.0,0.05843736651861542
138.0,22.0,0.056541385336614014
138.0,23.0,0.05474644606548035
138.0,24.0,0.05304309000059115
139.0,1.0,0.2558988994525325
139.0,2.0,0.23358786224644912
139.0,3.0,0.2116834291810865
139.0,4.0,0.19038270850551647
139.0,5.0,0.1708308429315396
139.0,6.0,0.15368808903115505
139.0,7.0,0.1391168518384599
139.0,8.0,0.12696753439551822
139.0,9.0,0.11693025863349676
139.0,10.0,0.10864082971066608
139.0,11.0,0.10174580248909082
139.0,12.0,0.09593533139515825
139.0,13.0,0.09095468209628044
139.0,14.0,0.08660371102864639
139.0,15.0,0.08273065208579028
139.0,16.0,0.07922393032038144
139.0,17.0,0.07600392908012504
139.0,18.0,0.07301557170292372
139.0,19.0,0.07022200927167266
139.0,20.0,0.06759943183020178
139.0,21.0,0.065132907613552
139.0,22.0,0.0628131228404391
139.0,23.0,0.06063389813687592
139.0,24.0,0.058590372414451364
140.0,1.0,0.29043655302537014
140.0,2.0,0.26557031860661556
140.0,3.0,0.24024605282258887
140.0,4.0,0.21542522673355347
140.0,5.0,0.1924842819415365
140.0,6.0,0.17217498213371651
140.0,7.0,0.1546988103105108
140.0,8.0,0.13991439308336961
140.0,9.0,0.12750509272220656
140.0,10.0,0.11709482662479509
140.0,11.0,0.10831689155626306
140.0,12.0,0.10084741247051499
140.0,13.0,0.09441651003648416
140.0,14.0,0.08880749958631423
140.0,15.0,0.08385073883773908
140.0,16.0,0.0794158084552769
140.0,17.0,0.07540382824657227
140.0,18.0,0.07174065238060218
140.0,19.0,0.06837114958690627
140.0,20.0,0.06525453185112129
140.0,21.0,0.062360605648664136
140.0,22.0,0.059666802751173975
140.0,23.0,0.057155860320006024
140.0,24.0,0.05481404104379167
141.0,1.0,0.2883874809918906
141.0,2.0,0.26663836943970276
141.0,3.0,0.24446321549252478
141.0,4.0,0.22252726500922645
141.0,5.0,0.2020391340372634
141.0,6.0,0.18371351082720852
141.0,7.0,0.16779739588224088
141.0,8.0,0.15422844152292922
141.0,9.0,0.1427715656858531
141.0,10.0,0.1331201895592359
141.0,11.0,0.12496102764456105
141.0,12.0,0.11800882130134768
141.0,13.0,0.11202065772815448
141.0,14.0,0.10679841065054
141.0,15.0,0.10218523953196665
141.0,16.0,0.09805970639279846
141.0,17.0,0.09432940788540631
141.0,18.0,0.09092501623861884
141.0,19.0,0.08779507541179674
141.0,20.0,0.08490162798150172
141.0,21.0,0.08221663008485483
141.0,22.0,0.07971907092357652
141.0,23.0,0.07739270749655244
141.0,24.0,0.07522433206703463
142.0,1.0,0.26295904478340276
142.0,2.0,0.24063738645756932
142.0,3.0,0.21803768051462363
142.0,4.0,0.19600066838339975
142.0,5.0,0.17576325285074978
142.0,6.0,0.15798976419714722
142.0,7.0,0.1428460160857955
142.0,8.0,0.13018435151631214
142.0,9.0,0.11969534531680531
142.0,10.0,0.11101489140797277
142.0,11.0,0.10378895421631273
142.0,12.0,0.09770567931701546
142.0,13.0,0.09250651858755876
142.0,14.0,0.08798580029477931
142.0,15.0,0.08398494254999062
142.0,16.0,0.08038485353665992
142.0,17.0,0.07709831068581957
142.0,18.0,0.07406309653183007
142.0,19.0,0.07123613745749147
142.0,20.0,0.06858864142337251
142.0,21.0,0.06610213181168734
142.0,22.0,0.06376525059735727
142.0,23.0,0.0615712133224946
142.0,24.0,0.059515818769609985
143.0,1.0,0.2714713749608837
143.0,2.0,0.24860859591405352
143.0,3.0,0.2258678682949278
143.0,4.0,0.20354584148313584
143.0,5.0,0.1828544524982881
143.0,6.0,0.1645313688368725
143.0,7.0,0.14880475061280266
143.0,8.0,0.13557389207169776
143.0,9.0,0.12456137471270315
143.0,10.0,0.11542085517241676
143.0,11.0,0.10780484007739474
143.0,12.0,0.10140044620211189
143.0,13.0,0.09594357362987868
143.0,14.0,0.09122064604760308
143.0,15.0,0.08706424491686429
143.0,16.0,0.08334639122626938
143.0,17.0,0.07997144622360289
143.0,18.0,0.07686953625047657
143.0,19.0,0.0739908327206342
143.0,20.0,0.07130073904583092
143.0,21.0,0.0687759183907258
143.0,22.0,0.06640105968308366
143.0,23.0,0.06416627977358638
143.0,24.0,0.06206507342686354
144.0,1.0,0.29236857376270553
144.0,2.0,0.2696404489818143
144.0,3.0,0.2465488318833697
144.0,4.0,0.22394432598306405
144.0,5.0,0.20306317848310965
144.0,6.0,0.18456617598147515
144.0,7.0,0.1686201057878127
144.0,8.0,0.15508519995156092
144.0,9.0,0.1436667110980713
144.0,10.0,0.1340203511897429
144.0,11.0,0.12581469016373079
144.0,12.0,0.11876089504500939
144.0,13.0,0.11262185456889054
144.0,14.0,0.10721026565088823
144.0,15.0,0.10238189341649892
144.0,16.0,0.09802750581881783
144.0,17.0,0.09406521074037791
144.0,18.0,0.0904338971113314
144.0,19.0,0.08708794139662371
144.0,20.0,0.08399308622426074
144.0,21.0,0.08112330071578525
144.0,22.0,0.07845841661407169
144.0,23.0,0.07598235738581341
144.0,24.0,0.07368181473602395
145.0,1.0,0.2718999833643508
145.0,2.0,0.25080769637238626
145.0,3.0,0.2295596806345402
145.0,4.0,0.2085447177900061
145.0,5.0,0.18887697158014166
145.0,6.0,0.17123034189792063
145.0,7.0,0.1558360204623177
145.0,8.0,0.14263712467666123
145.0,9.0,0.13141813130870256
145.0,10.0,0.12189822182857907
145.0,11.0,0.11379038409621783
145.0,12.0,0.10683278893183978
145.0,13.0,0.10080149852843318
145.0,14.0,0.09551246084539639
145.0,15.0,0.09081827641368262
145.0,16.0,0.08660297940968281
145.0,17.0,0.08277651832189559
145.0,18.0,0.07926969232195014
145.0,19.0,0.0760298029047336
145.0,20.0,0.07301704276270721
145.0,21.0,0.07020154702465914
145.0,22.0,0.06756100520668296
145.0,23.0,0.06507873647708984
145.0,24.0,0.06274214607799244
146.0,1.0,0.3089834484949709
146.0,2.0,0.2857035387933305
146.0,3.0,0.2616033553829888
146.0,4.0,0.23818639112775614
146.0,5.0,0.21673580165204281
146.0,6.0,0.19785734241983233
146.0,7.0,0.18164635877194657
146.0,8.0,0.16789080334652617
146.0,9.0,0.1562364103308902
146.0,10.0,0.14629866612104386
146.0,11.0,0.13772531330797289
146.0,12.0,0.13022295464077788
146.0,13.0,0.12356192309836994
146.0,14.0,0.11757007748907239
146.0,15.0,0.11212224273536625
146.0,16.0,0.10712901500773853
146.0,17.0,0.10252673279871094
146.0,18.0,0.09826930921628363
146.0,19.0,0.09432203260079641
146.0,20.0,0.09065715549306508
146.0,21.0,0.08725097100887591
146.0,22.0,0.0840820436305133
146.0,23.0,0.08113027636439163
146.0,24.0,0.07837653568310593
147.0,1.0,0.24039679592536578
147.0,2.0,0.22038480602794652
147.0,3.0,0.2004081908413365
147.0,4.0,0.1810019806218594
147.0,5.0,0.16324450199495943
147.0,6.0,0.14771329543665873
147.0,7.0,0.13452456862595485
147.0,8.0,0.1235066780330345
147.0,9.0,0.1143445613025586
147.0,10.0,0.10668208813305163
147.0,11.0,0.1001839111326619
147.0,12.0,0.09456538968129191
147.0,13.0,0.08960161078305356
147.0,14.0,0.08512475408305525
147.0,15.0,0.0810160396081569
147.0,16.0,0.07719592510547668
147.0,17.0,0.07361448321073832
147.0,18.0,0.07024285834461208
147.0,19.0,0.06706614249805215
147.0,20.0,0.06407772320605531
147.0,21.0,0.06127501908355981
147.0,22.0,0.05865645499215205
147.0,23.0,0.05621950133147541
147.0,24.0,0.05395959122042798
148.0,1.0,0.34727988128103027
148.0,2.0,0.32026748038632374
148.0,3.0,0.29309776661967984
148.0,4.0,0.2665811606622363
148.0,5.0,0.24212347578452054
148.0,6.0,0.22046750282463579
148.0,7.0,0.2017711662210167
148.0,8.0,0.18584760998847188
148.0,9.0,0.17234669375600886
148.0,10.0,0.16087243060891443
148.0,11.0,0.15104894436536453
148.0,12.0,0.14255018043975348
148.0,13.0,0.13510792308490932
148.0,14.0,0.12850881768382783
148.0,15.0,0.12258691695196716
148.0,16.0,0.11721519374612122
148.0,17.0,0.11229759324423888
148.0,18.0,0.10776219546511301
148.0,19.0,0.10355557976021101
148.0,20.0,0.09963828500610661
148.0,21.0,0.09598119936070165
148.0,22.0,0.09256271385562936
148.0,23.0,0.08936649581415601
148.0,24.0,0.08637976365748656
149.0,1.0,0.2894265095827536
149.0,2.0,0.265701070779646
149.0,3.0,0.24162851720878878
149.0,4.0,0.2182092384269755
149.0,5.0,0.19673368478257822
149.0,6.0,0.17786535638727954
149.0,7.0,0.1617477308452909
149.0,8.0,0.14820818739915545
149.0,9.0,0.1369183430111581
149.0,10.0,0.127502968463477
149.0,11.0,0.11960316018136544
149.0,12.0,0.11290588862150944
149.0,13.0,0.10715280552764486
149.0,14.0,0.10213814922999356
149.0,15.0,0.09770195479435448
149.0,16.0,0.09372198394096118
149.0,17.0,0.09010602385766361
149.0,18.0,0.0867852143446026
149.0,19.0,0.08370855895331478
149.0,20.0,0.08083854567218482
149.0,21.0,0.07814771592492878
149.0,22.0,0.07561600412022332
149.0,23.0,0.0732286849982097
149.0,24.0,0.07097479287243638
150.0,1.0,0.2771828327994149
150.0,2.0,0.25274201435837185
150.0,3.0,0.2288284203299208
150.0,4.0,0.2056663401587664
150.0,5.0,0.18447287743656565
150.0,6.0,0.1659248273958085
150.0,7.0,0.15015443340824608
150.0,8.0,0.1369700952469704
150.0,9.0,0.12602655094959986
150.0,10.0,0.11693521371631366
150.0,11.0,0.10932751341620828
150.0,12.0,0.10288436707493298
150.0,13.0,0.09734464401256754
150.0,14.0,0.0925025768983257
150.0,15.0,0.0882004380947985
150.0,16.0,0.08431995099184664
150.0,17.0,0.08077409991437712
150.0,18.0,0.07749999718884959
150.0,19.0,0.07445296251287664
150.0,20.0,0.0716017458118306
150.0,21.0,0.0689247437736158
150.0,22.0,0.06640704657721647
150.0,23.0,0.06403816575581722
150.0,24.0,0.06181031738938547
151.0,1.0,0.2867973414577131
151.0,2.0,0.26320868787842033
151.0,3.0,0.2391729755220808
151.0,4.0,0.2158885014152264
151.0,5.0,0.194668053914661
151.0,6.0,0.1761611432728978
151.0,7.0,0.16048080765175718
151.0,8.0,0.14741571483241114
151.0,9.0,0.13659921759905289
151.0,10.0,0.1276241264683455
151.0,11.0,0.12010843468350693
151.0,12.0,0.1137251152086122
151.0,13.0,0.10820991064983496
151.0,14.0,0.10335769421487476
151.0,15.0,0.09901404071709966
151.0,16.0,0.09506563274018923
151.0,17.0,0.09143122957940977
151.0,18.0,0.08805387182042554
151.0,19.0,0.08489446604919235
151.0,20.0,0.08192666022529624
151.0,21.0,0.07913283782321148
151.0,22.0,0.07650104777146569
151.0,23.0,0.07402270519652884
151.0,24.0,0.07169092393217533
152.0,1.0,0.2526198715723418
152.0,2.0,0.2299411213851663
152.0,3.0,0.20771792725867744
152.0,4.0,0.18618035730958854
152.0,5.0,0.1664494808244411
152.0,6.0,0.14915951099589297
152.0,7.0,0.13445261362103328
152.0,8.0,0.12217594931690651
152.0,9.0,0.11203213358745884
152.0,10.0,0.10367711842327504
152.0,11.0,0.09677742948785795
152.0,12.0,0.09103790232235992
152.0,13.0,0.08621088970625429
152.0,14.0,0.08209553385315765
152.0,15.0,0.07853261199816752
152.0,16.0,0.07539800763167159
152.0,17.0,0.07259629094479214
152.0,18.0,0.07005501517896379
152.0,19.0,0.0677198943841344
152.0,20.0,0.06555082992905792
152.0,21.0,0.0635186792414762
152.0,22.0,0.06160264505659452
152.0,23.0,0.05978817306366396
152.0,24.0,0.058065263762703545
153.0,1.0,0.2661111211357064
153.0,2.0,0.24134674951515928
153.0,3.0,0.21599774913841646
153.0,4.0,0.191423036491281
153.0,5.0,0.1690486148884141
153.0,6.0,0.14959762132339555
153.0,7.0,0.13322460286083837
153.0,8.0,0.11973461234751037
153.0,9.0,0.10875978569880457
153.0,10.0,0.09987979341038539
153.0,11.0,0.09269114112153781
153.0,12.0,0.08683934010621802
153.0,13.0,0.08202859016132813
153.0,14.0,0.07801985467533662
153.0,15.0,0.07462402312695726
153.0,16.0,0.07169375851314846
153.0,17.0,0.06911571843177988
153.0,18.0,0.06680379275319409
153.0,19.0,0.06469348378027479
153.0,20.0,0.06273733103918777
153.0,21.0,0.060901209569797
153.0,22.0,0.05916132801270302
153.0,23.0,0.057501778814124105
153.0,24.0,0.05591252645940714
154.0,1.0,0.2663985006141512
154.0,2.0,0.23857181943149602
154.0,3.0,0.21067346003283882
154.0,4.0,0.1842219113264693
154.0,5.0,0.16073195599178153
154.0,6.0,0.14084368989077917
154.0,7.0,0.12454240674298417
154.0,8.0,0.11145363104602346
154.0,9.0,0.10105856998897161
154.0,10.0,0.09282647732942245
154.0,11.0,0.08628161301059539
154.0,12.0,0.08102771756813376
154.0,13.0,0.0767493571877293
154.0,14.0,0.07320288325807472
154.0,15.0,0.07020410340133765
154.0,16.0,0.06761608836857524
154.0,17.0,0.06533849127970498
154.0,18.0,0.06329873888823256
154.0,19.0,0.06144500796531516
154.0,20.0,0.059740739464337334
154.0,21.0,0.058160413649343656
154.0,22.0,0.05668633270033424
154.0,23.0,0.055306196916860895
154.0,24.0,0.05401130103304269
155.0,1.0,0.2785668907476669
155.0,2.0,0.2550008087437477
155.0,3.0,0.23112332496006238
155.0,4.0,0.20771225842766128
155.0,5.0,0.18603677075289948
155.0,6.0,0.1667938501663398
155.0,7.0,0.15017602640144806
155.0,8.0,0.13606323692213879
155.0,9.0,0.12417571125728011
155.0,10.0,0.11417897464403931
155.0,11.0,0.10574583518870023
155.0,12.0,0.09858614613249311
155.0,13.0,0.09245641726707449
155.0,14.0,0.08715876250903837
155.0,15.0,0.08253525236731724
155.0,16.0,0.07846101986738074
155.0,17.0,0.07483771647821996
155.0,18.0,0.0715879258664463
155.0,19.0,0.06865064520412678
155.0,20.0,0.06597772651123424
155.0,21.0,0.06353110046934346
155.0,22.0,0.06128060511313865
155.0,23.0,0.05920227009438056
155.0,24.0,0.05727694269572903
156.0,1.0,0.3002161657516908
156.0,2.0,0.27477823274790275
156.0,3.0,0.24945029921807177
156.0,4.0,0.22520943153098155
156.0,5.0,0.20334937695172622
156.0,6.0,0.1844447206159902
156.0,7.0,0.16851340349736316
156.0,8.0,0.1552656893837691
156.0,9.0,0.14428423494517345
156.0,10.0,0.1351357291032677
156.0,11.0,0.12742867134684716
156.0,12.0,0.12083549681142741
156.0,13.0,0.11509489553438146
156.0,14.0,0.11000503687862462
156.0,15.0,0.10541378389522837
156.0,16.0,0.10120887428852227
156.0,17.0,0.09730926799904693
156.0,18.0,0.09365796296686757
156.0,19.0,0.09021618487363975
156.0,20.0,0.08695872268431065
156.0,21.0,0.08387017243169603
156.0,22.0,0.08094189366860727
156.0,23.0,0.07816953874266269
156.0,24.0,0.07555106590744098
157.0,1.0,0.28401746589608645
157.0,2.0,0.257935041997964
157.0,3.0,0.2317671179752644
157.0,4.0,0.20690890775651494
157.0,5.0,0.18473183950332184
157.0,6.0,0.16580203497726853
157.0,7.0,0.15009439909887662
157.0,8.0,0.137257922967142
157.0,9.0,0.12681062297477913
157.0,10.0,0.11826142157537534
157.0,11.0,0.11117312641889637
157.0,12.0,0.10518619265790702
157.0,13.0,0.10002043685513085
157.0,14.0,0.0954663568054262
157.0,15.0,0.09137279482958899
157.0,16.0,0.08763436596659419
157.0,17.0,0.08418015279049051
157.0,18.0,0.08096417312622817
157.0,19.0,0.07795766172464308
157.0,20.0,0.07514301717330235
157.0,21.0,0.07250920592613114
157.0,22.0,0.0700484105704815
157.0,23.0,0.06775372289649689
157.0,24.0,0.06561769847680027
158.0,1.0,0.2804833167056228
158.0,2.0,0.2566525026540775
158.0,3.0,0.23241549404574835
158.0,4.0,0.2086591575097026
158.0,5.0,0.18670677435382188
158.0,6.0,0.16728435394804048
158.0,7.0,0.15059702227148758
158.0,8.0,0.13652029134842492
158.0,9.0,0.12475770891332483
158.0,10.0,0.1149520569332112
158.0,11.0,0.106752164585946
158.0,12.0,0.09984577988060567
158.0,13.0,0.09397089245082207
158.0,14.0,0.08891537449505321
158.0,15.0,0.08451133338440026
158.0,16.0,0.08062778250386232
158.0,17.0,0.0771634263890536
158.0,18.0,0.07404031799454486
158.0,19.0,0.07119860462171501
158.0,20.0,0.0685923235571923
158.0,21.0,0.06618610576169243
158.0,22.0,0.06395262018585879
158.0,23.0,0.061870601634665845
158.0,24.0,0.05992333010176165
159.0,1.0,0.27161651695047584
159.0,2.0,0.25005249158035925
159.0,3.0,0.22864939831372683
159.0,4.0,0.20757709692812504
159.0,5.0,0.18792904925498638
159.0,6.0,0.17037444092209164
159.0,7.0,0.15512149188754792
159.0,8.0,0.1420836828246203
159.0,9.0,0.1310178256229102
159.0,10.0,0.1216210974525333
159.0,11.0,0.11359169443032358
159.0,12.0,0.10666039712890524
159.0,13.0,0.10060250473223475
159.0,14.0,0.09523850664449912
159.0,15.0,0.09042931740862054
159.0,16.0,0.08606954764137187
159.0,17.0,0.08208063607002697
159.0,18.0,0.07840467384653221
159.0,19.0,0.0749992117871317
159.0,20.0,0.07183307319726884
159.0,21.0,0.06888307688066841
159.0,22.0,0.06613153413010447
159.0,23.0,0.06356438004743165
159.0,24.0,0.0611698125603678
160.0,1.0,0.30185992647006965
160.0,2.0,0.2793989542441621
160.0,3.0,0.2578652992702287
160.0,4.0,0.2369644223263876
160.0,5.0,0.21769630802633488
160.0,6.0,0.20066037776047946
160.0,7.0,0.18598727185032488
160.0,8.0,0.17352872878763642
160.0,9.0,0.16300300962095188
160.0,10.0,0.15408755138380364
160.0,11.0,0.1464728722197261
160.0,12.0,0.13988852257308293
160.0,13.0,0.13411132589053704
160.0,14.0,0.12896406732917448
160.0,15.0,0.12430993114881417
160.0,16.0,0.12004565412379103
160.0,17.0,0.11609485185059765
160.0,18.0,0.11240211851775711
160.0,19.0,0.10892806234708968
160.0,20.0,0.1056452385528584
160.0,21.0,0.10253486670605583
160.0,22.0,0.09958420602343881
160.0,23.0,0.09678447584590516
160.0,24.0,0.09412923116675748
161.0,1.0,0.2782752888753611
161.0,2.0,0.25728820307615696
161.0,3.0,0.23624748123710848
161.0,4.0,0.215681308790878
161.0,5.0,0.19672829167407868
161.0,6.0,0.1800270600626545
161.0,7.0,0.1657460385995384
161.0,8.0,0.1537535833987102
161.0,9.0,0.1437606189726417
161.0,10.0,0.13542333516380517
161.0,11.0,0.12840688991374077
161.0,12.0,0.12241782221480924
161.0,13.0,0.11721561769928773
161.0,14.0,0.11261239824920888
161.0,15.0,0.10846688613477606
161.0,16.0,0.10467630082796642
161.0,17.0,0.1011681299598931
161.0,18.0,0.097892684289684
161.0,19.0,0.0948167823766583
161.0,20.0,0.09191862581761323
161.0,21.0,0.08918379413854521
161.0,22.0,0.0866022347449279
161.0,23.0,0.08416610666334656
161.0,24.0,0.08186833622030565
162.0,1.0,0.2613733864861842
162.0,2.0,0.23738985865659873
162.0,3.0,0.2130610385475024
162.0,4.0,0.18979777703271478
162.0,5.0,0.1689231075726953
162.0,6.0,0.15102356487462248
162.0,7.0,0.13613053224759797
162.0,8.0,0.12395166514170386
162.0,9.0,0.11405197121248323
162.0,10.0,0.10597296545603418
162.0,11.0,0.09929759649939579
162.0,12.0,0.09367730245930717
162.0,13.0,0.08883687994255413
162.0,14.0,0.08456833781489698
162.0,15.0,0.08072043463749884
162.0,16.0,0.07718742350866259
162.0,17.0,0.07389861974150275
162.0,18.0,0.07080938435116746
162.0,19.0,0.06789362536365318
162.0,20.0,0.06513771710360655
162.0,21.0,0.062535679220936
162.0,22.0,0.06008546060325154
162.0,23.0,0.05778619502732035
162.0,24.0,0.055636314116394636
163.0,1.0,0.2540994530371491
163.0,2.0,0.23588819009638484
163.0,3.0,0.2187857741761549
163.0,4.0,0.20158421028364631
163.0,5.0,0.18495546535931373
163.0,6.0,0.16954658506619513
163.0,7.0,0.1556869007633213
163.0,8.0,0.14346311971174852
163.0,9.0,0.1328083840035365
163.0,10.0,0.12356986461369046
163.0,11.0,0.11555897928898556
163.0,12.0,0.10858465098156594
163.0,13.0,0.10247192698589042
163.0,14.0,0.09707014658259638
163.0,15.0,0.09225467245152813
163.0,16.0,0.08792515464149869
163.0,17.0,0.08400223393875428
163.0,18.0,0.08042379371353642
163.0,19.0,0.07714134992304983
163.0,20.0,0.07411685951835151
163.0,21.0,0.07132005376502948
163.0,22.0,0.06872630943680363
163.0,23.0,0.06631502223557523
163.0,24.0,0.06406842267311347
164.0,1.0,0.2941568553207942
164.0,2.0,0.27009001010815187
164.0,3.0,0.24558907281674947
164.0,4.0,0.22170508728679283
164.0,5.0,0.19976147452872084
164.0,6.0,0.18044659083812875
164.0,7.0,0.16391863698025405
164.0,8.0,0.15001112497609054
164.0,9.0,0.13839624190716504
164.0,10.0,0.12869647134626128
164.0,11.0,0.12054957574544578
164.0,12.0,0.1136391096605493
164.0,13.0,0.1077036316415364
164.0,14.0,0.10253472704239602
164.0,15.0,0.09797022020330937
164.0,16.0,0.09388606955912804
164.0,17.0,0.09018861705908732
164.0,18.0,0.08680784954330578
164.0,19.0,0.08369182199572345
164.0,20.0,0.08080216804977375
164.0,21.0,0.07811054444832166
164.0,22.0,0.07559584629406108
164.0,23.0,0.07324204818663899
164.0,24.0,0.07103655243952706
165.0,1.0,0.2690244311029163
165.0,2.0,0.24393992642955076
165.0,3.0,0.21828673754434635
165.0,4.0,0.19369263273650894
165.0,5.0,0.17153777253188657
165.0,6.0,0.15243576011973192
165.0,7.0,0.13643571202687865
165.0,8.0,0.12325920118772093
165.0,9.0,0.11248357001864251
165.0,10.0,0.10366098995299333
165.0,11.0,0.09638240349524962
165.0,12.0,0.09030365201300905
165.0,13.0,0.08514981024992652
165.0,14.0,0.08070892839571653
165.0,15.0,0.07682180741375344
165.0,16.0,0.0733712444505008
165.0,17.0,0.07027228826596038
165.0,18.0,0.06746403432899878
165.0,19.0,0.06490300519157782
165.0,20.0,0.0625579620859475
165.0,21.0,0.060405935046066284
165.0,22.0,0.05842926239485857
165.0,23.0,0.05661345552198399
165.0,24.0,0.05494573243402362
166.0,1.0,0.30616765212590547
166.0,2.0,0.28081330939310856
166.0,3.0,0.2551454934027614
166.0,4.0,0.23078134003031497
166.0,5.0,0.2090352254812866
166.0,6.0,0.19041726408824117
166.0,7.0,0.1748715077268534
166.0,8.0,0.16203450440614348
166.0,9.0,0.15142464661304667
166.0,10.0,0.14255954447945224
166.0,11.0,0.13501569187312384
166.0,12.0,0.1284501175926135
166.0,13.0,0.12260085342394539
166.0,14.0,0.1172775007393696
166.0,15.0,0.1123483554633406
166.0,16.0,0.10772734400890543
166.0,17.0,0.10336219410609138
166.0,18.0,0.09922433815057874
166.0,19.0,0.09530062955324092
166.0,20.0,0.09158678955707916
166.0,21.0,0.08808244786702596
166.0,22.0,0.08478762144926238
166.0,23.0,0.08170046062964964
166.0,24.0,0.07881607203750451
167.0,1.0,0.2787370395630284
167.0,2.0,0.25567210395671425
167.0,3.0,0.2326340698857662
167.0,4.0,0.20995303841765647
167.0,5.0,0.18884518342272957
167.0,6.0,0.17004217652789635
167.0,7.0,0.15377610380846343
167.0,8.0,0.13995733520218398
167.0,9.0,0.128323357300298
167.0,10.0,0.11854468536998994
167.0,11.0,0.11029096169969685
167.0,12.0,0.10326526537310352
167.0,13.0,0.09721723892917564
167.0,14.0,0.09194420250885463
167.0,15.0,0.08728651877579321
167.0,16.0,0.0831208819856358
167.0,17.0,0.07935342766304546
167.0,18.0,0.07591350374048275
167.0,19.0,0.0727483807925314
167.0,20.0,0.06981891004006177
167.0,21.0,0.06709602946092139
167.0,22.0,0.06455799028450945
167.0,23.0,0.062188183257530144
167.0,24.0,0.05997346260245015
168.0,1.0,0.2725604178317448
168.0,2.0,0.25183975028953703
168.0,3.0,0.23076871607656813
168.0,4.0,0.2098427902911365
168.0,5.0,0.1901943363810899
168.0,6.0,0.1725181085213165
168.0,7.0,0.15706065044575518
168.0,8.0,0.14376874565706277
168.0,9.0,0.13242074490078953
168.0,10.0,0.12272513829119003
168.0,11.0,0.11438491371680376
168.0,12.0,0.10713258141561605
168.0,13.0,0.10074455513410185
168.0,14.0,0.09504318487311708
168.0,15.0,0.08989249124409598
168.0,16.0,0.08519136553374401
168.0,17.0,0.08086631324678506
168.0,18.0,0.07686475856835406
168.0,19.0,0.07314932572439947
168.0,20.0,0.06969319842798083
168.0,21.0,0.06647650668379662
168.0,22.0,0.06348362492932069
168.0,23.0,0.06070124391443754
168.0,24.0,0.058117078148243406
169.0,1.0,0.28594019373113966
169.0,2.0,0.26100922418556094
169.0,3.0,0.2360266372413107
169.0,4.0,0.21195575356652732
169.0,5.0,0.19013010902834873
169.0,6.0,0.17120118573457951
169.0,7.0,0.15525203822446135
169.0,8.0,0.14203482912536083
169.0,9.0,0.13115146802371522
169.0,10.0,0.12217093601866821
169.0,11.0,0.11469418962427927
169.0,12.0,0.108382194304918
169.0,13.0,0.10296207846244806
169.0,14.0,0.09822234504013191
169.0,15.0,0.09400377102135368
169.0,16.0,0.09018947858691731
169.0,17.0,0.08669575358557144
169.0,18.0,0.08346416737495885
169.0,19.0,0.08045507318999931
169.0,20.0,0.07764235151340551
169.0,21.0,0.07500922395453782
169.0,22.0,0.07254496225172372
169.0,23.0,0.07024234751226946
169.0,24.0,0.06809576519778052
170.0,1.0,0.27151597205516576
170.0,2.0,0.2498614513304772
170.0,3.0,0.22765674487566
170.0,4.0,0.20604883913042565
170.0,5.0,0.18622363716390394
170.0,6.0,0.1687728416820829
170.0,7.0,0.1538219834426714
170.0,8.0,0.14121149420559487
170.0,9.0,0.13064118892515986
170.0,10.0,0.12176920972881483
170.0,11.0,0.11426933834952696
170.0,12.0,0.10785777542531927
170.0,13.0,0.10230111545252518
170.0,14.0,0.09741441137419288
170.0,15.0,0.09305494113209573
170.0,16.0,0.08911477625000797
170.0,17.0,0.08551365515277198
170.0,18.0,0.08219276184390023
170.0,19.0,0.07910955073164483
170.0,20.0,0.07623355244124086
170.0,21.0,0.07354302396937523
170.0,22.0,0.07102229987264269
170.0,23.0,0.06865972092642242
170.0,24.0,0.06644604283098232
171.0,1.0,0.2850757068465378
171.0,2.0,0.26049029610287
171.0,3.0,0.23603860741031835
171.0,4.0,0.21215701681159216
171.0,5.0,0.1900937679207308
171.0,6.0,0.1705460211520743
171.0,7.0,0.1536827067231854
171.0,8.0,0.1393545281252384
171.0,9.0,0.12725644972495176
171.0,10.0,0.11703495739344416
171.0,11.0,0.1083501930880057
171.0,12.0,0.10090512357814829
171.0,13.0,0.09445423838800121
171.0,14.0,0.08880149764322698
171.0,15.0,0.08379371165238048
171.0,16.0,0.07931274344147038
171.0,17.0,0.07526814693761641
171.0,18.0,0.07159086047069929
171.0,19.0,0.06822807875072523
171.0,20.0,0.06513920847480048
171.0,21.0,0.06229273755306031
171.0,22.0,0.05966383984865031
171.0,23.0,0.05723255700085289
171.0,24.0,0.054982427181573645
172.0,1.0,0.2473482510942957
172.0,2.0,0.22576074259368362
172.0,3.0,0.20416860594994746
172.0,4.0,0.18315305003878535
172.0,5.0,0.1638965806918533
172.0,6.0,0.14706123564233192
172.0,7.0,0.13281758536069527
172.0,8.0,0.1210248712060421
172.0,9.0,0.11137970597650954
172.0,10.0,0.10352126678103157
172.0,11.0,0.09709598923566454
172.0,12.0,0.09179045907569788
172.0,13.0,0.08734340481296776
172.0,14.0,0.08354593953170403
172.0,15.0,0.08023621025740196
172.0,16.0,0.07729204603414963
172.0,17.0,0.07462346112227347
172.0,18.0,0.07216584531409304
172.0,19.0,0.0698741253987386
172.0,20.0,0.06771791642555397
172.0,21.0,0.06567757082358056
172.0,22.0,0.06374100185885279
172.0,23.0,0.061901162853643554
172.0,24.0,0.06015408204921935
173.0,1.0,0.3051820769303094
173.0,2.0,0.28012262116163245
173.0,3.0,0.2547237718154479
173.0,4.0,0.22984444375563448
173.0,5.0,0.20685719943310496
173.0,6.0,0.18651563402218027
173.0,7.0,0.1690222994984524
173.0,8.0,0.15423608355314697
173.0,9.0,0.1418392663085273
173.0,10.0,0.1314533108317297
173.0,11.0,0.12270804794731774
173.0,12.0,0.11527558363078175
173.0,13.0,0.10888187281836828
173.0,14.0,0.10330622554855359
173.0,15.0,0.09837536757835227
173.0,16.0,0.09395576335899661
173.0,17.0,0.08994602981675207
173.0,18.0,0.08627020407131678
173.0,19.0,0.08287208210351563
173.0,20.0,0.07971059409725642
173.0,21.0,0.07675608539919945
173.0,22.0,0.07398735042321028
173.0,23.0,0.07138927825202826
173.0,24.0,0.06895099189387818
174.0,1.0,0.26988957156926663
174.0,2.0,0.24485691269040644
174.0,3.0,0.21933030420644029
174.0,4.0,0.19432254898591955
174.0,5.0,0.1712372471211276
174.0,6.0,0.15084114460281073
174.0,7.0,0.1333474877261135
174.0,8.0,0.11862184614505239
174.0,9.0,0.10634954552606984
174.0,10.0,0.09615233097916726
174.0,11.0,0.08765798256046309
174.0,12.0,0.08053445834637663
174.0,13.0,0.07450175639645679
174.0,14.0,0.0693318307547105
174.0,15.0,0.06484315475273533
174.0,16.0,0.06089357962767067
174.0,17.0,0.057373257532330024
174.0,18.0,0.05419834458605488
174.0,19.0,0.05130566896994032
174.0,20.0,0.04864831402452069
174.0,21.0,0.04619198478103764
174.0,22.0,0.04391201751099427
174.0,23.0,0.04179091255332251
174.0,24.0,0.039816299207628914
175.0,1.0,0.3334375913736498
175.0,2.0,0.30164610468243447
175.0,3.0,0.2691760323787946
175.0,4.0,0.23842751110282465
175.0,5.0,0.21110021396859077
175.0,6.0,0.18784633784702418
175.0,7.0,0.1686056458653322
175.0,8.0,0.15293905045358572
175.0,9.0,0.1402666321840618
175.0,10.0,0.13000792417124338
175.0,11.0,0.12164860046949802
175.0,12.0,0.11476217469716724
175.0,13.0,0.1090086105187085
175.0,14.0,0.1041232922533539
175.0,15.0,0.09990345693872729
175.0,16.0,0.09619533670286604
175.0,17.0,0.09288320632298921
175.0,18.0,0.08988054694524009
175.0,19.0,0.08712312351426052
175.0,20.0,0.08456364060851343
175.0,21.0,0.08216763567487204
175.0,22.0,0.079910313734699
175.0,23.0,0.07777408735283906
175.0,24.0,0.07574664385888571
176.0,1.0,0.2778163174923036
176.0,2.0,0.25690998318633784
176.0,3.0,0.2362847712024652
176.0,4.0,0.21570832174318252
176.0,5.0,0.1962016492713692
176.0,6.0,0.17848041855370364
176.0,7.0,0.162835652028986
176.0,8.0,0.149267214841832
176.0,9.0,0.13760587734482285
176.0,10.0,0.12760454697213516
176.0,11.0,0.11899987082583316
176.0,12.0,0.11154749363865027
176.0,13.0,0.10503781453576069
176.0,14.0,0.09929958581775097
176.0,15.0,0.09419708400530633
176.0,16.0,0.08962458766053685
176.0,17.0,0.08550029259958233
176.0,18.0,0.08176072403548953
176.0,19.0,0.0783560682757303
176.0,20.0,0.07524650226588644
176.0,21.0,0.07239943288603792
176.0,22.0,0.06978749270695236
176.0,23.0,0.06738712773294589
176.0,24.0,0.06517762771845023
177.0,1.0,0.29381649383184355
177.0,2.0,0.27072919169391735
177.0,3.0,0.24730612782571215
177.0,4.0,0.22453369973834675
177.0,5.0,0.2036676686221584
177.0,6.0,0.1853382030327414
177.0,7.0,0.1696581943698472
177.0,8.0,0.15642705188287592
177.0,9.0,0.14529349752431459
177.0,10.0,0.13586714814601342
177.0,11.0,0.1277832970462096
177.0,12.0,0.12073286286594165
177.0,13.0,0.1144706021850182
177.0,14.0,0.10881169493841214
177.0,15.0,0.10362314501118597
177.0,16.0,0.09881360220523322
177.0,17.0,0.0943234172643917
177.0,18.0,0.09011574175735376
177.0,19.0,0.08616898098404313
177.0,20.0,0.08247067573396205
177.0,21.0,0.0790127858350656
177.0,22.0,0.07578829584971186
177.0,23.0,0.07278902352317596
177.0,24.0,0.07000447281489564
178.0,1.0,0.26334391087271497
178.0,2.0,0.24220427700332064
178.0,3.0,0.2210085045245766
178.0,4.0,0.2000421038261222
178.0,5.0,0.1804492584282656
178.0,6.0,0.16294363320737432
178.0,7.0,0.14777457621774787
178.0,8.0,0.13487956167803222
178.0,9.0,0.12402055473814522
178.0,10.0,0.11488677681124498
178.0,11.0,0.10716199137344296
178.0,12.0,0.10056117865315034
178.0,13.0,0.09484562685106995
178.0,14.0,0.08982509966992669
178.0,15.0,0.08535339614596249
178.0,16.0,0.08132123683830128
178.0,17.0,0.07764865551304162
178.0,18.0,0.07427796893013522
178.0,19.0,0.07116776636510197
178.0,20.0,0.06828802899983849
178.0,21.0,0.06561632983786664
178.0,22.0,0.0631349971365327
178.0,23.0,0.060829101910392924
178.0,24.0,0.05868512764494399
179.0,1.0,0.3439232195566878
179.0,2.0,0.31755410168304177
179.0,3.0,0.2907462285057302
179.0,4.0,0.26464532818646214
179.0,5.0,0.24066963139079253
179.0,6.0,0.21952734475857769
179.0,7.0,0.2013456381788076
179.0,8.0,0.1859108569557141
179.0,9.0,0.17285170148548953
179.0,10.0,0.16175855430813305
179.0,11.0,0.1522493749902983
179.0,12.0,0.14399815599468788
179.0,13.0,0.13674133025543347
179.0,14.0,0.13027323731005055
179.0,15.0,0.12443731998722249
179.0,16.0,0.11911653581386025
179.0,17.0,0.11422455197685846
179.0,18.0,0.10969827259649642
179.0,19.0,0.10549176108562433
179.0,20.0,0.1015714219125998
179.0,21.0,0.09791224930949574
179.0,22.0,0.09449495584192788
179.0,23.0,0.09130382065590983
179.0,24.0,0.088325126588057
180.0,1.0,0.28673211019635314
180.0,2.0,0.2649017394117783
180.0,3.0,0.24275357606845682
180.0,4.0,0.22141145465074674
180.0,5.0,0.20208078886089065
180.0,6.0,0.1853349173152215
180.0,7.0,0.1712460873649373
180.0,8.0,0.15958586427203048
180.0,9.0,0.14998538171949094
180.0,10.0,0.14204425230223228
180.0,11.0,0.1353924892832884
180.0,12.0,0.12971804142403343
180.0,13.0,0.12477330506592776
180.0,14.0,0.12037071093669
180.0,15.0,0.11637371628875637
180.0,16.0,0.11268667887317951
180.0,17.0,0.1092452963685997
180.0,18.0,0.10600829393517663
180.0,19.0,0.10295053601077864
180.0,20.0,0.10005751029773702
180.0,21.0,0.0973210479865877
180.0,22.0,0.09473612740695442
180.0,23.0,0.09229861606923123
180.0,24.0,0.09000381672226787
181.0,1.0,0.23044979733059334
181.0,2.0,0.2099571803429386
181.0,3.0,0.19059366913085118
181.0,4.0,0.17150349716478996
181.0,5.0,0.1535707733105139
181.0,6.0,0.13749331645116447
181.0,7.0,0.12355479912649925
181.0,8.0,0.11175036844298314
181.0,9.0,0.10190815714422707
181.0,10.0,0.09377626729095967
181.0,11.0,0.08708161662030556
181.0,12.0,0.08156476472132856
181.0,13.0,0.07699668676993204
181.0,14.0,0.07318407114531045
181.0,15.0,0.06996835876149082
181.0,16.0,0.06722193614178584
181.0,17.0,0.06484343736631026
181.0,18.0,0.06275314505029356
181.0,19.0,0.0608889123559031
181.0,20.0,0.05920272361522211
181.0,21.0,0.05765786442517634
181.0,22.0,0.05622661342506813
181.0,23.0,0.05488835565278011
181.0,24.0,0.05362802740129585
182.0,1.0,0.2693591720690431
182.0,2.0,0.24274204051266107
182.0,3.0,0.2157680954301383
182.0,4.0,0.18994663629784359
182.0,5.0,0.16670771150877234
182.0,6.0,0.14668036654215888
182.0,7.0,0.12989946171074646
182.0,8.0,0.11606528190832177
182.0,9.0,0.1047349805091467
182.0,10.0,0.09544302698733825
182.0,11.0,0.08776454616331292
182.0,12.0,0.08134070190461012
182.0,13.0,0.07588274131249556
182.0,14.0,0.07116589166377851
182.0,15.0,0.06701952692557278
182.0,16.0,0.0633168399661419
182.0,17.0,0.05996543312631797
182.0,18.0,0.056899299568239026
182.0,19.0,0.05407223025180374
182.0,20.0,0.05145250597913825
182.0,21.0,0.04901868508143237
182.0,22.0,0.04675630358622179
182.0,23.0,0.04465533046531722
182.0,24.0,0.04270824914974042
183.0,1.0,0.2569876864330686
183.0,2.0,0.23413528369211645
183.0,3.0,0.21152734867074624
183.0,4.0,0.1897415733890883
183.0,5.0,0.16999457068253682
183.0,6.0,0.15292484708789672
183.0,7.0,0.1386532281878397
183.0,8.0,0.12698548786875624
183.0,9.0,0.11757138302695619
183.0,10.0,0.11001302714650157
183.0,11.0,0.10392894640795697
183.0,12.0,0.09898497999394212
183.0,13.0,0.09490425701900618
183.0,14.0,0.09146587664540656
183.0,15.0,0.08849850636120038
183.0,16.0,0.08587239556900783
183.0,17.0,0.08349154005295739
183.0,18.0,0.08128672430922879
183.0,19.0,0.07920964464283581
183.0,20.0,0.07722807103571411
183.0,21.0,0.07532191041637504
183.0,22.0,0.07348001372848112
183.0,23.0,0.07169758366458934
183.0,24.0,0.06997406779415799
184.0,1.0,0.3027072427350037
184.0,2.0,0.27871095378728905
184.0,3.0,0.2544098473443126
184.0,4.0,0.23043404899103612
184.0,5.0,0.20807948859311984
184.0,6.0,0.18810090186625913
184.0,7.0,0.17074481797943988
184.0,8.0,0.15593256037127404
184.0,9.0,0.14341033057510436
184.0,10.0,0.13285540299083518
184.0,11.0,0.12394141246911852
184.0,12.0,0.11637181365106006
184.0,13.0,0.10989269746912247
184.0,14.0,0.10429416329003363
184.0,15.0,0.09940632886386433
184.0,16.0,0.09509345773081715
184.0,17.0,0.09124795654569803
184.0,18.0,0.08778499110854851
184.0,19.0,0.08463794415916978
184.0,20.0,0.08175469299677388
184.0,21.0,0.07909459196400212
184.0,22.0,0.07662602746728661
184.0,23.0,0.07432442876231168
184.0,24.0,0.072170643515061
185.0,1.0,0.29111568021345763
185.0,2.0,0.26934129843044435
185.0,3.0,0.24826839534654443
185.0,4.0,0.22748013729063926
185.0,5.0,0.2079976047992979
185.0,6.0,0.19053272918064024
185.0,7.0,0.1753383238672927
185.0,8.0,0.16236047816609572
185.0,9.0,0.15137584109986657
185.0,10.0,0.1420894310713246
185.0,11.0,0.13419830372188413
185.0,12.0,0.12742683813695316
185.0,13.0,0.12154178893610251
185.0,14.0,0.1163550900728601
185.0,15.0,0.1117203296841186
185.0,16.0,0.10752659603339854
185.0,17.0,0.10369173722273622
185.0,18.0,0.10015603222359559
185.0,19.0,0.09687668081250544
185.0,20.0,0.09382321694486334
185.0,21.0,0.09097381010188899
185.0,22.0,0.08831236444410345
185.0,23.0,0.08582631161822746
185.0,24.0,0.08350499583645732
186.0,1.0,0.31493375212647823
186.0,2.0,0.28980760163919095
186.0,3.0,0.26412828526158805
186.0,4.0,0.23875571726622716
186.0,5.0,0.2150789901798865
186.0,6.0,0.19388915127701475
186.0,7.0,0.1754394664685692
186.0,8.0,0.15963810701201483
186.0,9.0,0.14620875972526434
186.0,10.0,0.13480525733940538
186.0,11.0,0.12508156152241692
186.0,12.0,0.11672701722900039
186.0,13.0,0.10947925283835233
186.0,14.0,0.10312479405509237
186.0,15.0,0.09749399609439838
186.0,16.0,0.09245405301505841
186.0,17.0,0.08790197119415713
186.0,18.0,0.08375831242923973
186.0,19.0,0.07996194762311251
186.0,20.0,0.0764657984139572
186.0,21.0,0.07323344163086079
186.0,22.0,0.07023642829848994
186.0,23.0,0.06745218038961906
186.0,24.0,0.06486235170251989
187.0,1.0,0.3000173436539323
187.0,2.0,0.27760262449833606
187.0,3.0,0.25537330154356463
187.0,4.0,0.2333653008709826
187.0,5.0,0.212729473365981
187.0,6.0,0.19421018418771221
187.0,7.0,0.17807601914909912
187.0,8.0,0.1642792071262251
187.0,9.0,0.15259440844657582
187.0,10.0,0.14272022923554342
187.0,11.0,0.13434525713714232
187.0,12.0,0.12718427347323844
187.0,13.0,0.12099359695979359
187.0,14.0,0.11557401410262316
187.0,15.0,0.11076740147274736
187.0,16.0,0.106450794375301
187.0,17.0,0.10252994597039275
187.0,18.0,0.09893335684194468
187.0,19.0,0.095607157312147
187.0,20.0,0.09251091618298021
187.0,21.0,0.08961430525337291
187.0,22.0,0.08689449294450005
187.0,23.0,0.08433412977417162
187.0,24.0,0.08191979989090617
188.0,1.0,0.29818573426829553
188.0,2.0,0.27452203542791176
188.0,3.0,0.25058766022616186
188.0,4.0,0.22710995391640607
188.0,5.0,0.2053863025433975
188.0,6.0,0.18614517759537927
188.0,7.0,0.16959267772620443
188.0,8.0,0.15560349724361808
188.0,9.0,0.14387852241501928
188.0,10.0,0.13405632658382946
188.0,11.0,0.12578120669187495
188.0,12.0,0.11873737937197718
188.0,13.0,0.11266121709745294
188.0,14.0,0.10734130976562709
188.0,15.0,0.10261285071530515
188.0,16.0,0.09835009256527263
188.0,17.0,0.09445877994778953
188.0,18.0,0.09086938798398989
188.0,19.0,0.08753142224958735
188.0,20.0,0.08440876221499996
188.0,21.0,0.0814759207197717
188.0,22.0,0.07871506648462598
188.0,23.0,0.07611366947417944
188.0,24.0,0.07366265539628833
189.0,1.0,0.28598914761099664
189.0,2.0,0.2634584364904696
189.0,3.0,0.24117614463929327
189.0,4.0,0.21911511881869
189.0,5.0,0.19840444607635088
189.0,6.0,0.17977923510135468
189.0,7.0,0.16349694547382543
189.0,8.0,0.1495008235169316
189.0,9.0,0.1375613592947998
189.0,10.0,0.12737772391212532
189.0,11.0,0.11864295823164345
189.0,12.0,0.11107923229138239
189.0,13.0,0.10445230118795162
189.0,14.0,0.09857368657701243
189.0,15.0,0.09329670413486213
189.0,16.0,0.08851006546180495
189.0,17.0,0.08413105575964425
189.0,18.0,0.08009922642248019
189.0,19.0,0.07637095656081899
189.0,20.0,0.07291494585614672
189.0,21.0,0.0697085737184317
189.0,22.0,0.0667350174319084
189.0,23.0,0.06398101980568727
189.0,24.0,0.061435210154822395
190.0,1.0,0.2503177256315757
190.0,2.0,0.23134387807832396
190.0,3.0,0.2134206392408743
190.0,4.0,0.1957055626132685
190.0,5.0,0.17900052752783469
190.0,6.0,0.16392617043814484
190.0,7.0,0.15072229302333162
190.0,8.0,0.1393659051814295
190.0,9.0,0.1296835703293252
190.0,10.0,0.12143349476945464
190.0,11.0,0.11436159493602888
190.0,12.0,0.10823437635127808
190.0,13.0,0.10285405757562638
190.0,14.0,0.09806224632505534
190.0,15.0,0.09373731224272419
190.0,16.0,0.08978892170601344
190.0,17.0,0.0861517864921667
190.0,18.0,0.08277970575465404
190.0,19.0,0.07964038679353524
190.0,20.0,0.07671119852032271
190.0,21.0,0.07397584227290804
190.0,22.0,0.07142184838567939
190.0,23.0,0.06903878015991732
190.0,24.0,0.06681702397603445
191.0,1.0,0.29125090991593694
191.0,2.0,0.26622945003676346
191.0,3.0,0.2410946214146043
191.0,4.0,0.21678625272548235
191.0,5.0,0.1946634459844644
191.0,6.0,0.1754145367933717
191.0,7.0,0.1591638158361604
191.0,8.0,0.1456959017884561
191.0,9.0,0.13463149561588333
191.0,10.0,0.1255458129887898
191.0,11.0,0.11803663619174493
191.0,12.0,0.11175565527645975
191.0,13.0,0.10641736723902889
191.0,14.0,0.10179630526016326
191.0,15.0,0.09771931126492311
191.0,16.0,0.09405649225820822
191.0,17.0,0.09071258462514958
191.0,18.0,0.0876193951897738
191.0,19.0,0.08472946478175791
191.0,20.0,0.08201087242315841
191.0,21.0,0.07944302181994245
191.0,22.0,0.07701324645203278
191.0,23.0,0.07471409305472054
191.0,24.0,0.07254117445385411
192.0,1.0,0.25126662594726545
192.0,2.0,0.22836276080648543
192.0,3.0,0.20597651342579004
192.0,4.0,0.18400763110016755
192.0,5.0,0.1635982948320957
192.0,6.0,0.14548604322604758
192.0,7.0,0.12991517657570023
192.0,8.0,0.1168103107403809
192.0,9.0,0.10592277158983415
192.0,10.0,0.0969329335005597
192.0,11.0,0.08951487694255006
192.0,12.0,0.08337094556734043
192.0,13.0,0.07824583347864084
192.0,14.0,0.07392883356638158
192.0,15.0,0.07025027709733728
192.0,16.0,0.06707575346710049
192.0,17.0,0.06429998979632395
192.0,18.0,0.06184124271449587
192.0,19.0,0.059636500136003634
192.0,20.0,0.05763752054991811
192.0,21.0,0.055807623047290256
192.0,22.0,0.054119106486981206
192.0,23.0,0.052551178499312845
192.0,24.0,0.05108829216969707
193.0,1.0,0.293923903974009
193.0,2.0,0.27084344559536455
193.0,3.0,0.24850934878572786
193.0,4.0,0.22665028702963066
193.0,5.0,0.20636517223640852
193.0,6.0,0.18837164368754275
193.0,7.0,0.17287398841775367
193.0,8.0,0.15974855723315287
193.0,9.0,0.14870446128012724
193.0,10.0,0.13939247887017606
193.0,11.0,0.13147180919158577
193.0,12.0,0.12464416507395962
193.0,13.0,0.11866582588396177
193.0,14.0,0.11334709057261486
193.0,15.0,0.10854574997957209
193.0,16.0,0.10415851296465609
193.0,17.0,0.10011243392365834
193.0,18.0,0.09635725895696659
193.0,19.0,0.09285900279099832
193.0,20.0,0.08959477602049323
193.0,21.0,0.08654875770669376
193.0,22.0,0.08370916679547838
193.0,23.0,0.08106608149450747
193.0,24.0,0.07860996556586056
194.0,1.0,0.2723882636100924
194.0,2.0,0.2478749346394441
194.0,3.0,0.2233070801253778
194.0,4.0,0.19968863046307095
194.0,5.0,0.17828977992839462
194.0,6.0,0.15969766580789724
194.0,7.0,0.14396473837520568
194.0,8.0,0.13083942718059222
194.0,9.0,0.11993642008637972
194.0,10.0,0.11084546597854361
194.0,11.0,0.10319020688232233
194.0,12.0,0.09665277105907272
194.0,13.0,0.09097850338201269
194.0,14.0,0.0859709190016209
194.0,15.0,0.08148285491681695
194.0,16.0,0.07740692774575064
194.0,17.0,0.07366670885331716
194.0,18.0,0.07020912945334962
194.0,19.0,0.06699819878705388
194.0,20.0,0.06400993900877855
194.0,21.0,0.061228383641710515
194.0,22.0,0.05864248392094973
194.0,23.0,0.05624378434448679
194.0,24.0,0.05402474893571596
195.0,1.0,0.3115006163247591
195.0,2.0,0.2854722291511742
195.0,3.0,0.2596415464842229
195.0,4.0,0.23468965545743828
195.0,5.0,0.21198327263895747
195.0,6.0,0.19222304004782045
195.0,7.0,0.17551535245798097
195.0,8.0,0.16161661994245483
195.0,9.0,0.15012102695968146
195.0,10.0,0.14058340636955555
195.0,11.0,0.1325883929001118
195.0,12.0,0.1257812012008042
195.0,13.0,0.11987524803769664
195.0,14.0,0.11464797290994369
195.0,15.0,0.10993184491248123
195.0,16.0,0.10560427851380597
195.0,17.0,0.10157817425763335
195.0,18.0,0.09779371585770394
195.0,19.0,0.09421153197746482
195.0,20.0,0.09080711346110529
195.0,21.0,0.08756631180886407
195.0,22.0,0.08448174854159293
195.0,23.0,0.08154999430780832
195.0,24.0,0.07876940940243785
196.0,1.0,0.2758495066642767
196.0,2.0,0.25302557599841463
196.0,3.0,0.23076597049065845
196.0,4.0,0.2089559841180958
196.0,5.0,0.18870647633758764
196.0,6.0,0.1707258825524159
196.0,7.0,0.15522302453170073
196.0,8.0,0.14208907939621646
196.0,9.0,0.13105086441171937
196.0,10.0,0.12177507551272643
196.0,11.0,0.11393235572855576
196.0,12.0,0.10723021838662067
196.0,13.0,0.10142512197924752
196.0,14.0,0.09632270317042857
196.0,15.0,0.09177238824115652
196.0,16.0,0.0876600454763185
196.0,17.0,0.08390057632922443
196.0,18.0,0.08043129488064443
196.0,19.0,0.07720638278590919
196.0,20.0,0.07419243131785686
196.0,21.0,0.07136496149398458
196.0,22.0,0.06870577142628553
196.0,23.0,0.06620095634144851
196.0,24.0,0.06383946054492429
197.0,1.0,0.2769007972740065
197.0,2.0,0.2544133314771817
197.0,3.0,0.2320986587122055
197.0,4.0,0.21026569856142954
197.0,5.0,0.1900460119998786
197.0,6.0,0.17207603614094166
197.0,7.0,0.15651199407329972
197.0,8.0,0.14321691862028094
197.0,9.0,0.13190826814438603
197.0,10.0,0.12225840214985803
197.0,11.0,0.11395431345278553
197.0,12.0,0.10672625030443841
197.0,13.0,0.10035629934266108
197.0,14.0,0.09467602628851338
197.0,15.0,0.08955922930920726
197.0,16.0,0.08491329963299135
197.0,17.0,0.08067096926655862
197.0,18.0,0.07678321682100045
197.0,19.0,0.07321356128796899
197.0,20.0,0.06993370669650964
197.0,21.0,0.06692038237948603
197.0,22.0,0.06415318135843565
197.0,23.0,0.06161319405114199
197.0,24.0,0.059282246576198155
198.0,1.0,0.24775844735045582
198.0,2.0,0.2295338219145151
198.0,3.0,0.21169033280754873
198.0,4.0,0.19421128115666858
198.0,5.0,0.17799154806047074
198.0,6.0,0.16358232239268744
198.0,7.0,0.15114698449952946
198.0,8.0,0.14059928209048705
198.0,9.0,0.1317181930939228
198.0,10.0,0.12423029329776769
198.0,11.0,0.11786294620147414
198.0,12.0,0.11237324280839633
198.0,13.0,0.10755987411118323
198.0,14.0,0.10326467565167013
198.0,15.0,0.09936875705526071
198.0,16.0,0.09578630092586937
198.0,17.0,0.09245777546731954
198.0,18.0,0.08934346689834993
198.0,19.0,0.08641776408916707
198.0,20.0,0.08366437719524994
198.0,21.0,0.08107254152529958
198.0,22.0,0.0786341844865775
198.0,23.0,0.07634198420109162
198.0,24.0,0.07418821000185899
199.0,1.0,0.29037972291085595
199.0,2.0,0.268558790389297
199.0,3.0,0.24670213905620664
199.0,4.0,0.22488248136557865
199.0,5.0,0.20422458811508687
199.0,6.0,0.1854874272909665
199.0,7.0,0.1689756144589803
199.0,8.0,0.15468417249734945
199.0,9.0,0.14242930239515533
199.0,10.0,0.1319454803539436
199.0,11.0,0.12294997450587913
199.0,12.0,0.11517928536451238
199.0,13.0,0.10840547161184527
199.0,14.0,0.10244025773480586
199.0,15.0,0.09713277010608068
199.0,16.0,0.09236455131950566
199.0,17.0,0.08804386308970585
199.0,18.0,0.0841002568669329
199.0,19.0,0.08047981212945343
199.0,20.0,0.07714114729580834
199.0,21.0,0.07405217442788192
199.0,22.0,0.07118751926823164
199.0,23.0,0.06852651812369731
199.0,24.0,0.06605170838194424
