iteration,training_loss,validation_loss,iter_time,raw_grad_norm,lr,t0,t1,t2,t3,t4,t5
0,0.07549069182170581,0.02667857762615417,0.07989070803159848,,,1.2500000000000002,1.2500000000000002,1.2500000000000002,1.2500000000000002,1.2500000000000002,1.2500000000000002
1,0.0749474566592872,0.02667850906430361,0.044038457970600575,0.05016651810681516,9.999999999992654e-07,1.250002236606094,1.250002236605627,1.2500022366049754,1.2500022366039247,1.2500022366018613,1.2500022365957364
2,0.0777895374803463,0.026664728317225904,0.04255150002427399,0.051331668665663015,0.0002009799999999999,1.250451919966277,1.2504519159558796,1.2504519363921627,1.2504519620485266,1.2504519843468698,1.2504520016149565
3,0.07695613790860385,0.026637262698302494,0.0017338329926133156,0.05143338673665496,0.0004009599999999988,1.2513496656436374,1.2513492316474402,1.2513490999511987,1.2513490839802475,1.2513491087693682,1.251349145801935
4,0.08065625898559182,0.026596086583526416,0.0016068749828264117,0.05368042015407351,0.0006009399999999995,1.252697904366816,1.2526969938350851,1.2526965665063954,1.2526964666522657,1.2526965096728895,1.2526966087130478
5,0.07552096806741637,0.02654137357859659,0.0016044169897213578,0.0504742340122957,0.0008009199999999984,1.2544925846762518,1.2544921299773253,1.2544918516577803,1.2544918449501588,1.254491960225585,1.2544921099333786
6,0.07770933982578168,0.026473164138769514,0.0015370419714599848,0.05210373230226593,0.001000899999999999,1.2567384842830092,1.256737631514086,1.2567372190622437,1.2567370862132015,1.2567370938808504,1.2567371472823567
7,0.07267721944865638,0.026391815706489952,0.0016067500109784305,0.04990872947637356,0.0012008799999999997,1.2594319111896717,1.2594275675638087,1.2594256428032733,1.2594243341108162,1.25942334942319,1.2594225335961853
8,0.07724589231239697,0.026297123115322608,0.0015941670280881226,0.05228403943034739,0.0014008600000000003,1.2625802868130833,1.2625733571508286,1.2625700651323633,1.2625675945713244,1.262565562187,1.2625637743991458
9,0.07658412065640222,0.02618931610448621,0.0016265410231426358,0.051827735176806874,0.0016008399999999992,1.266183979269747,1.2661745468395371,1.266169529134086,1.2661656299787991,1.2661623453674649,1.2661594102110376
10,0.07185339544288376,0.026068972583879805,0.0017669580411165953,0.04996340974932622,0.0018008199999999981,1.2702392258431083,1.270220389576585,1.2702112505028675,1.2702045998469635,1.2701990656189146,1.2701940915208
11,0.07517296112659698,0.025936043098437354,0.001523874991107732,0.050335753462168176,0.0020007999999999988,1.2747473748224363,1.2747211667057563,1.2747068092071838,1.2746967033576262,1.2746886384956184,1.2746816048899474
12,0.07758246915861391,0.02579042766394035,0.0015855830279178917,0.05224154272689634,0.0022007799999999994,1.2797213881350973,1.2796889851503368,1.279669326108425,1.2796554203287827,1.2796444575576416,1.2796350270751347
13,0.07682608786638763,0.02563271839913311,0.0015598330064676702,0.049773882959155254,0.002400759999999999,1.2851484338433234,1.2851108916480567,1.2850882176761174,1.2850721967947996,1.2850597071857888,1.2850491170993057
14,0.07389867190834078,0.025463504451789045,0.001754708995576948,0.04895890521736087,0.00260074,1.2910277530033036,1.2909821584336836,1.290954551131211,1.2909351694279505,1.2909204165503414,1.290908290155011
15,0.0784939368405832,0.025282307436240818,0.001560125034302473,0.052316051424535825,0.0028007199999999996,1.2973879248538078,1.2973312989554642,1.2972971137438263,1.297273370302443,1.2972557506286038,1.2972417081374763
16,0.07404161908620119,0.02509006808569336,0.0016549589927308261,0.04958106840116073,0.0030007000000000002,1.3042102482630689,1.3041380647424818,1.3040961204157784,1.3040671562836035,1.3040458886690016,1.304029201740689
17,0.07834281483234147,0.02488659827403678,0.0016138750361278653,0.05160533911820611,0.00320068,1.311518310657396,1.3114196655503523,1.311369620848878,1.3113363107385003,1.311312596343821,1.3112945293206135
18,0.07891189743803702,0.024672099692396456,0.0016443339991383255,0.051842079294459706,0.0034006600000000007,1.3193156574951423,1.3191877584504093,1.319128485574744,1.319090080250902,1.3190634323410968,1.319043696125738
19,0.07920114346919634,0.024447077024817302,0.0016292909858748317,0.05117702449301809,0.0036006399999999996,1.3275989765240082,1.3274401724887746,1.32737009673766,1.3273261762864812,1.3272969733443265,1.327276408363847
20,0.07584945486041005,0.024212195924712476,0.0015898750280030072,0.05027384459240979,0.0038006199999999993,1.336363674545166,1.336168181704138,1.3360874790140087,1.3360374485463222,1.3360047888024158,1.3359823681553686
21,0.07098162576836523,0.02396887691404555,0.001588249986525625,0.048213312312548315,0.0040006,1.345594490161419,1.3453453183377844,1.3452437134910664,1.3451803823619604,1.3451389549823134,1.3451105564802124
22,0.07071159104676424,0.023717360599667933,0.0016043340438045561,0.04775182339016267,0.004200579999999999,1.3552894335262184,1.354974440049945,1.3548470030495683,1.3547660394751817,1.3547121006493843,1.3546744981926542
23,0.0686793733439419,0.0234585641763588,0.0015557080041617155,0.04653087894610228,0.0044005599999999995,1.3654408778495668,1.365038778708347,1.3648769388663062,1.3647726474234785,1.364701884430214,1.3646515540622683
24,0.07398825254783195,0.023191510719660115,0.0015983330085873604,0.049078838820867776,0.004600539999999999,1.376090423289741,1.3755900540822408,1.37539001673208,1.375260286666568,1.3751712643433676,1.3751071185583057
25,0.07372140119520725,0.022916867267580045,0.0015982080367393792,0.0483851496734567,0.00480052,1.3872339086298344,1.3866225730565154,1.3863793754385283,1.3862212582438642,1.3861123613763,1.386033600991537
26,0.07098735997514558,0.022635677385464084,0.0017836250481195748,0.04731410228371453,0.0050005,1.3988645094922285,1.3981163188374544,1.3978214027766418,1.3976293487300506,1.3974963987498517,1.3973996262679267
27,0.06419765461496445,0.022349926480802605,0.0015514160040766,0.044107623987163655,0.0052004799999999995,1.4109354609408495,1.4100173062144437,1.4096540356632976,1.4094160709256605,1.4092495546658323,1.40912675110794
28,0.07098308164931828,0.02205838103763886,0.001710625016130507,0.047080965790252664,0.00540046,1.423514174541368,1.422386689278138,1.4219428474859392,1.421651260752799,1.4214457438195858,1.4212927936972108
29,0.06740944103836936,0.021762245196040753,0.0016661250265315175,0.04546945194402177,0.00560044,1.436576746709293,1.4352035583804024,1.4346594861701694,1.4343001452429591,1.434044903669866,1.4338534367501226
30,0.07030051166734852,0.02146106257109281,0.0015772090409882367,0.04623196240046898,0.00580042,1.4501457149692976,1.4484960544694734,1.4478412054173064,1.447407328784226,1.4470978297568222,1.446864743940252
31,0.07462646848218761,0.02115393510831908,0.0016069579869508743,0.0478791835841698,0.0060003999999999995,1.4642591709631283,1.4623218431693894,1.4615520428635207,1.461041615536518,1.460677390213292,1.4604031227367633
32,0.06603339595095714,0.020843871479668978,0.0016534170135855675,0.04373693246273227,0.00620038,1.4788375022263514,1.4765779808878852,1.4756785787429905,1.4750806946282418,1.4746533966544235,1.4743313729474599
33,0.07158579637865739,0.020529482180395468,0.0017229999648407102,0.0465323183231392,0.00640036,1.4939603628549332,1.4913395740908983,1.4903012198485166,1.4896103162316123,1.489116558330923,1.488744726334753
34,0.06627733521796822,0.020213204919323893,0.0016433330019935966,0.04335792646241775,0.00660034,1.50956292838898,1.5065224530655723,1.5053244723388528,1.504528142696427,1.503959529683736,1.5035318506892714
35,0.06782817734800517,0.019894632190753145,0.0015849159681238234,0.044509058453536074,0.00680032,1.5256894616180374,1.5221678231486897,1.5207856619490252,1.5198697159894665,1.5192169206251858,1.518726699275022
36,0.06929079563066824,0.019573676062103012,0.001557083975058049,0.04426224812430967,0.007000299999999999,1.5423394965812183,1.5382868604038114,1.5367092249020313,1.5356684873606874,1.5349293158031867,1.5343759437684497
37,0.06340476382781424,0.019252378522019487,0.001554165966808796,0.04203614241189558,0.00720028,1.5594664167973893,1.554814825410688,1.553015601942478,1.5518310042140306,1.5509906326389749,1.5503620022920712
38,0.06468890471720455,0.01893058021652262,0.0015673749730922282,0.04181815920745277,0.0074002600000000005,1.5770728314658606,1.5717704038928073,1.5697291186864377,1.568387318211382,1.5674364573617985,1.5667257573903308
39,0.060913810414401776,0.018610132716745685,0.0015069590299390256,0.039475712647401275,0.007600239999999999,1.5951081378202026,1.5890644788617798,1.5867589600611083,1.585246821595667,1.584176673580316,1.5833775025475574
40,0.05910731479227922,0.018290799609775747,0.0016727909678593278,0.04043977427492255,0.00780022,1.6136236861232809,1.606752603026131,1.6041399849663875,1.602424946368573,1.60120924009415,1.6002994581816548
41,0.06233351240613758,0.01797216282891193,0.0016619170201011002,0.04015731750652802,0.0080002,1.6326165158256554,1.6248616324723695,1.6219083572222583,1.619967577201057,1.6185904072834634,1.6175584577772428
42,0.06341084935113943,0.017654207162656706,0.0017914169584400952,0.04073261942708875,0.00820018,1.6521341539475292,1.6433983627490893,1.640070468787605,1.6378831347413885,1.6363304840264548,1.6351664251912104
43,0.0637097987244881,0.0173369807740768,0.0015801659901626408,0.04006488077494466,0.00840016,1.672160400836153,1.6623643754690105,1.6586409201352055,1.656194714653911,1.654459208406643,1.6531585158193787
44,0.06695798564377158,0.0170196325552612,0.0015972090186551213,0.04173542491284789,0.00860014,1.6927828993915075,1.6818214866976129,1.6776809990079575,1.6749662154351663,1.6730435635954781,1.6716048059547763
45,0.06334271032702027,0.016703390319625453,0.0016777500277385116,0.04035369425707347,0.00880012,1.71395959240096,1.70172842649617,1.6971395957867408,1.6941378894720096,1.6920161618717837,1.6904309743451438
46,0.06512977231940627,0.01638816186046864,0.0016460409970022738,0.040323313081514184,0.0090001,1.7357028357410524,1.7221027196130918,1.7170374097458778,1.7137349545523703,1.711407568668604,1.7096732477698673
47,0.05580738304419217,0.01607774131915939,0.0015750830061733723,0.035993333909960346,0.009200080000000001,1.7578532707123937,1.7427326038707125,1.737138552596306,1.7335022506630866,1.730945814632304,1.7290446075760613
48,0.06263630265530665,0.015768493885195252,0.0015439589624293149,0.04005834504965449,0.00940006,1.7806070449726532,1.7638625021103473,1.757696846175104,1.7537008239440472,1.750898023136878,1.7488170022682208
49,0.05920871112370305,0.015462389163422277,0.0015793340280652046,0.0380227634521884,0.00960004,1.8038977620683525,1.785370405147768,1.7785827099709364,1.7741966042783524,1.7711271025691186,1.768851362455497
50,0.06051357450011468,0.015159577157904242,0.0015805420116521418,0.03708629892226436,0.00980002,1.8276950457422516,1.8072329746620643,1.7997916713657682,1.7949980240477497,1.7916514734712379,1.7891745089246374
51,0.062089419293737416,0.014859221480861218,0.0017109999898821115,0.03794637043936859,0.01,1.8520618003457976,1.8295195678889244,1.8213891019998873,1.816173924979116,1.812545584155412,1.8098668950200774
52,0.054734490721003504,0.014569992744715727,0.0015801670379005373,0.03412518117943631,0.009999878165711622,1.876332302178577,1.8515988508030365,1.8427418957343769,1.837083821861002,1.8331591804499046,1.830267918882055
53,0.058615110022819696,0.014289685734013229,0.00151629198808223,0.03596552588007865,0.009999512668784518,1.9006299521508891,1.873594926331764,1.8639797313921134,1.8578611723605636,1.8536296214179104,1.8505188365716236
54,0.05308609447711561,0.014019545963783244,0.0015727910213172436,0.03308403872958688,0.00999890352703249,1.924810925927984,1.895397672949874,1.8849855450397037,1.878380011883406,1.8738218879944586,1.8704757886612773
55,0.0579300249415073,0.013757508851527524,0.0015220829518511891,0.03482468416025822,0.009998050770144252,1.9490042922929363,1.917096937486423,1.9058760224888032,1.8987770052953394,1.8938891395548094,1.8903060648380452
56,0.061269068896993864,0.01350195390599875,0.0015722920070402324,0.03606330287472521,0.00999695443968197,1.9732870813024381,1.9388035622503204,1.9267622841553715,1.919169125598139,1.9139549686572972,1.9101396852743682
57,0.058196946808211004,0.013253831015910093,0.0015870420029386878,0.034397402699940925,0.009995614589079242,1.997581429177158,1.9604293611876804,1.9475473636077478,1.9394483133266194,1.9339019816586622,1.9298517058482705
58,0.056616822026364526,0.013013228306502086,0.0016496669850312173,0.03390152915442752,0.0099940312836385,2.0218861230945397,1.981934197738662,1.9681871115497733,1.9595715972211916,1.9536880072665688,1.9494002042817988
59,0.05249820640257135,0.012781265501955715,0.0016152500174939632,0.03142486549146855,0.009992204600527814,2.0460796087225797,2.003188552177678,1.9885516291548415,1.979406936126402,1.9731785132121245,1.9686481509619322
60,0.056190870446453094,0.012555751494302072,0.0015718750073574483,0.03382611689414621,0.009990134628777144,2.070325470085013,2.024374177845497,2.0088133066924856,1.9991218370215775,1.9925374462055463,1.9877563898252406
61,0.0556105421010537,0.012336768373808557,0.001569415966514498,0.0324747868598758,0.00998782146927399,2.0945509355852376,2.0454443958263666,2.028948103396816,2.0187016234894224,2.011756556968245,2.0067218925806105
62,0.05171812552851518,0.012125159529463019,0.001577791990712285,0.03222940760245006,0.009985265234758489,2.1187913127084665,2.066315047165004,2.048822882117462,2.037987837886183,2.030659923573496,2.0253555034153803
63,0.053954653895883053,0.011919888519284843,0.0015775420470163226,0.03108317529887058,0.009982466049817897,2.1429637928833944,2.087032612193991,2.068533382069481,2.057105346571824,2.0493943953807525,2.0438218056486517
64,0.052406789902623256,0.011720780390698604,0.0015987080405466259,0.030642852279102347,0.009979424050880543,2.1670620673276995,2.107605171843755,2.0880787659285467,2.0760457654377937,2.067943345676955,2.0620958544350554
65,0.05539879948516235,0.011526887031108579,0.0017793329898267984,0.03152083491625426,0.009976139386209164,2.191171065201645,2.128073753086723,2.1075182182226717,2.0948838003906856,2.0863940220950314,2.08027528538162
66,0.05005429893345286,0.011339359899408432,0.001571958011481911,0.029146459473083527,0.009972612215893682,2.21515420687546,2.1483369627453386,2.126721670576055,2.1134670602077303,2.1045772380548513,2.0981778803231297
67,0.05062197035169374,0.011158016415594491,0.0015723749529570341,0.02860214347127909,0.009968842711843402,2.2390101184007234,2.168359393671363,2.145671760296068,2.131788812341881,2.1224932609877163,2.1158088707731153
68,0.053428328482541934,0.010981668683664764,0.0017574999947100878,0.02965544187216772,0.009964831057778631,2.262832570455036,2.188237828595985,2.1644690737069507,2.149956454343052,2.1402569360289347,2.1332901041814867
69,0.05268222222014538,0.010810050183249587,0.0015719170332886279,0.029975724339440034,0.009960577449221733,2.28667119442085,2.2079806128608923,2.1831129944630914,2.167965887330526,2.157861696242935,2.150613208665231
70,0.04969929718463968,0.010643683233272175,0.0016047920216806233,0.027964298808142957,0.009956082093487582,2.310398973032471,2.227513018891928,2.201534834234433,2.1857501997259856,2.1752417639547246,2.1677131436198938
71,0.05063621092320552,0.010482122845804792,0.001611499988939613,0.02798293392913537,0.009951345209673482,2.334044702427213,2.2468495632256276,2.219760499376129,2.2033411124532476,2.1924323966223915,2.1846277330473938
72,0.05082051664495083,0.010324930298446403,0.0015203329967334867,0.02807076005125379,0.009946367028648461,2.357633903470094,2.266034981798829,2.2378263051128786,2.220770313269559,2.2094617684739246,2.2013820368676913
73,0.04777978087139645,0.010172722567885173,0.0016019580070860684,0.02630421701834376,0.009941147793042041,2.3810645112334936,2.2849846866765184,2.2556414941491516,2.2379409920447166,2.2262290215494898,2.217872653192772
74,0.048970792456731055,0.010024584145901237,0.0014982920256443322,0.027608031839494666,0.009935687757232404,2.4044594139110447,2.303801821969526,2.273297370143116,2.2549345541221393,2.24280600127544,2.2341623376148236
75,0.05101030917208721,0.009880330764589823,0.0016459999606013298,0.026423713301994608,0.00992998718733399,2.4277443876020905,2.3224461428103402,2.290797162241632,2.2717876710038754,2.259257620324569,2.250340728523088
76,0.04760838480317959,0.009740501589479717,0.0015505829942412674,0.025060716792869704,0.009924046361184534,2.4508465023483628,2.340861417753826,2.30806280256408,2.2884040722212204,2.2754701923505674,2.2662777249830306
77,0.04424473378407325,0.009605411127112468,0.0015088329673744738,0.024368512269753933,0.009917865568331524,2.473757008672839,2.3589940962404436,2.3250261923509963,2.3046986925947475,2.29134527439318,2.2818642903914914
78,0.04861242593253813,0.009473690599956832,0.0015903330058790743,0.02634158718787875,0.009911445110018081,2.496655953461614,2.376977689915251,2.341831359032871,2.320831084388134,2.307054764108397,2.29728164932749
79,0.04761117309762147,0.009345584955299108,0.0015810420154593885,0.024460444001903003,0.009904785299168283,2.519403532207064,2.3947674333363382,2.358447292457994,2.33678132739871,2.322588141756121,2.312527879882436
80,0.05303830467889871,0.00921988504782313,0.001570958993397653,0.025820029487847704,0.00989788646037192,2.5421211969816992,2.4124887381496043,2.3750271730257775,2.352721025833733,2.3381310542679636,2.32779939098453
81,0.04784883134272392,0.009097280258035039,0.0016406250069849193,0.024719507005515604,0.00989074892986866,2.5647481200553908,2.430076518395357,2.3914704556509654,2.368519424185645,2.353528068721184,2.3429204608039518
82,0.04616542321057804,0.008978115202560186,0.0015546249924227595,0.024184764109321907,0.009883373055531672,2.587280301741383,2.447458318782028,2.4076945075746754,2.384088598524243,2.368687695725242,2.3577969445991656
83,0.045633616400255275,0.0088622297644283,0.0015890830545686185,0.02331647008423463,0.009875759196850664,2.609661975213703,2.46463535823547,2.4237218109239076,2.3994595534360945,2.3836466912548584,2.372469344546628
84,0.046018186679526986,0.00874941015599581,0.0015571669791825116,0.023588237767892567,0.009867907724914365,2.631951635888201,2.481603978234833,2.439548836117122,2.414633320167374,2.3984108685894876,2.386948300898624
85,0.04251248851295525,0.008640215619246173,0.0016121669905260205,0.02150040329039214,0.009859819022392443,2.6539950624619015,2.4982964628992077,2.455103228827553,2.42952461624215,2.4128818234708707,2.401123134838176
86,0.04593187069203715,0.008533465618486072,0.0016218749806284904,0.023170721218163187,0.009851493483516844,2.675955378099139,2.5148650154627123,2.4705414043299085,2.44430106726061,2.427237465658596,2.4151811318446677
87,0.04821925779789256,0.008428682297506195,0.0017855410114862025,0.02425699079340152,0.00984293151406259,2.697952100603915,2.531343180792633,2.485904019855971,2.4590113433071763,2.4415332348782957,2.429183337206055
88,0.044308587384481374,0.008326782530726842,0.0014820839860476553,0.021214967526914957,0.009834133531327996,2.7197354887768728,2.547586980991575,2.501068725877496,2.473533091826705,2.4556452866809932,2.443004268617928
89,0.04627129878899669,0.008227412391115739,0.0015618749894201756,0.021535442086794553,0.009825099964114322,2.741363163878383,2.563644998278937,2.5160673837940273,2.487900036105735,2.4696110617832128,2.456685498799294
90,0.04641225045301896,0.008130188681337643,0.0015133750275708735,0.021513766175803375,0.009815831252704892,2.7628485190981746,2.5795753009904807,2.530962212621432,2.5021785867887103,2.4834993195759143,2.4702969778880117
91,0.0446667146880293,0.008035343003244022,0.0017597079859115183,0.02145747008855165,0.009806327848843626,2.784231191581463,2.5953146387231523,2.5456769875849337,2.516284326567313,2.4972212280933714,2.483747334869619
92,0.044966977914289996,0.007942891111222447,0.0015668330015614629,0.02036140631765933,0.009796590215713018,2.8054300158886742,2.6108413071087333,2.5602111629323963,2.5302293343322018,2.5107980735465074,2.4970657547668296
93,0.04703233024459789,0.007851930711926131,0.0016427499940618873,0.022384280447944077,0.00978661882791157,2.826646193252711,2.6263103542750073,2.5747050991097344,2.5441411292119183,2.5243439934180216,2.5103534180456077
94,0.04682383104981294,0.007762784059952567,0.0016203330014832318,0.021051876924430658,0.009776414171430657,2.847774352722843,2.6416385540203553,2.589094660845398,2.5579731252327877,2.537827639401908,2.523593446634211
95,0.04305868235912377,0.0076761217450832964,0.0017607499612495303,0.018905118119139065,0.009765976743630838,2.868639213868857,2.6567407086886683,2.6032755790660587,2.5716058202647,2.5511184868589303,2.5366456332384697
96,0.04280531725797673,0.007591835512244086,0.0015457499539479613,0.01914309198735458,0.00975530705321762,2.889306757730527,2.671614089970387,2.6172363814954442,2.5850226856739704,2.564195258537852,2.5494844490162154
97,0.04704362250447406,0.007508998201286534,0.0016207500011660159,0.020004520403681,0.00974440562021666,2.9098620675864337,2.686400795380431,2.631156147127069,2.598419997225601,2.577266360551155,2.5623276634008927
98,0.04154864481030582,0.007428243556668915,0.0015292500029318035,0.019059214179985462,0.009733272975948424,2.9302605086646376,2.70098212387031,2.6448941883841686,2.6116378760020216,2.590155370726371,2.5749845133059006
99,0.043620232390833326,0.007349686151681836,0.0014780830242671072,0.017885725967967538,0.009721909663002288,2.950415063109711,2.7153209570129198,2.6584208690697055,2.624663047610062,2.602862126045665,2.587465804662821
100,0.04461762649062683,0.007272765664140838,0.00153104099445045,0.019582071322469665,0.009710316235210091,2.970524238598708,2.7295067272040816,2.671797765858614,2.637547707147451,2.615435024845767,2.599818060914005
101,0.043237814448797755,0.0071973549453157575,0.0017013750039041042,0.019781517951856425,0.009698493257619149,2.9906255893500706,2.7435387149324915,2.6850461524108034,2.650307377522994,2.6278817446076657,2.6120417986768976
102,0.04033548598463058,0.007124258608721105,0.0016840839525684714,0.01584596118547835,0.009686441306464712,3.010334177231996,2.7573064053589467,2.6980732474126436,2.6628559266932936,2.640121093150208,2.6240586679474385
103,0.041271226633967255,0.0070530535808987155,0.0015345829888246953,0.016965414532695962,0.009674160969141874,3.0298118765448114,2.7708594295820053,2.7109110312801503,2.6752277049094633,2.6521913451365915,2.635911932878343
104,0.04269652412460193,0.00698369202491669,0.0014871250023134053,0.016697040586636146,0.009661652844176954,3.0490697915541745,2.7841642827413575,2.7235513672042115,2.687422792687507,2.66409882310595,2.6476137526829335
105,0.04353764752100984,0.006915656674568649,0.0015787499723955989,0.017377908819060907,0.009648917541198314,3.0681901677730226,2.7973368487043055,2.736100805072901,2.699544025061732,2.6759422705293745,2.6592575463064114
106,0.03984414084471216,0.006849391600840467,0.0015003749867901206,0.016330277471734458,0.009635955680906654,3.0871024877419373,2.8103000197940675,2.748454203375531,2.7114726881163675,2.6875932894458976,2.670707961702175
107,0.04610746537889526,0.006783819377773446,0.001536541967652738,0.01864666130307623,0.009622767895044761,3.1060518813222946,2.82323031899227,2.7608123484117826,2.723425584866686,2.6992820899622774,2.682205440160668
108,0.04283764791780427,0.00671953468079625,0.0015366250299848616,0.016707064772327834,0.009609354826366708,3.124851798501267,2.8360326757730885,2.773065908224322,2.7352902196902424,2.7108929437610993,2.693631883450687
109,0.04186744369317136,0.00665687850813143,0.001545458973851055,0.015509326026709482,0.009595717128606544,3.1434178749059223,2.848578672683989,2.7851440153386706,2.7470029256417234,2.722360783048023,2.7049177997662595
110,0.04267102231760311,0.006595612547828188,0.0015211250283755362,0.015540161886319386,0.009581855466446418,3.1617774381631145,2.860913409276931,2.797089152883268,2.758611933971663,2.733741107512643,2.716124374404887
111,0.04201913785739432,0.006535780866060392,0.0015783330309204757,0.015326102749309097,0.009567770515484183,3.179941222295503,2.873022949888517,2.8088763412708633,2.770088541967549,2.7449987096601562,2.727210568469981
112,0.03971996864033814,0.006477282659799995,0.001570209045894444,0.015596019696175441,0.009553462962200483,3.197959736896515,2.884975073133093,2.8205165560823446,2.7814163507609715,2.7561037506772625,2.738140408928305
113,0.0436059071269041,0.006419674958141717,0.0016084590461105108,0.01633392164957389,0.009538933503925276,3.2159206665999536,2.8968676019950275,2.832082910520575,2.792684568853878,2.7671629304377365,2.74903675517893
114,0.0422589609179748,0.006363151576085155,0.001534750044811517,0.015091127673324687,0.009524182848803865,3.2337062952826443,2.9086335287787866,2.843557823857351,2.8038852936790555,2.778170660320157,2.759893488187962
115,0.04105200416525743,0.006307624078614044,0.0015095419948920608,0.01623226344179815,0.009509211715762368,3.2514776895896222,2.9202678257615853,2.8549218907605107,2.814973605404047,2.7890605769596073,2.7706254153452567
116,0.04198987105512809,0.0062532785187667415,0.0016211670008488,0.014888642608629196,0.009494020834472686,3.2690990647250393,2.9317233363333606,2.866146412460398,2.8259397016640135,2.799835455390451,2.781244688099814
117,0.04392377338640518,0.006199748203051497,0.0015440829447470605,0.014757198362294716,0.009478610945316945,3.286548612295777,2.943132887105491,2.8773525060099474,2.8368999562690207,2.810616669717699,2.7918816452965696
118,0.04162234411444157,0.0061472158434009916,0.0015385000151582062,0.014716126737503433,0.009462982799351401,3.3038641587495965,2.9544199101633417,2.8884628668489905,2.8477737809330694,2.8213168538384474,2.8024421535177555
119,0.04282263720608359,0.006095378941651869,0.001660624984651804,0.016142821578465524,0.009447137158269843,3.3212268462134675,2.9656319214406035,2.899495005274198,2.8585785165698376,2.831953634767216,2.81294184053313
120,0.0409260971439275,0.006044497144644476,0.0015660420176573098,0.014590734857087364,0.009431074794366457,3.338463324872531,2.976737939776134,2.9104314895094174,2.869292206135316,2.8425015037493147,2.8233541608868413
121,0.04147474824751912,0.005994700594981721,0.0015992500120773911,0.014082578881828922,0.009414796490498206,3.3555503109676366,2.987647686409356,2.921218799694118,2.8798812155871767,2.8529395860191205,2.8336638615249194
122,0.041625257016122824,0.005945921312529879,0.0015212080324999988,0.013925268463713185,0.009398303040046649,3.372490598025491,2.9983662151218544,2.931875533280788,2.890365679987858,2.863284407996688,2.843885260777178
123,0.04343029815632361,0.005897645399585796,0.0014997079852037132,0.015331321939470609,0.009381595246879296,3.389446614753015,3.0090405103544753,2.942508622541371,2.9008429720196562,2.8736359017492705,2.854123797880014
124,0.03969169334810847,0.00585028380135145,0.0015773329650983214,0.014043938254881965,0.009364673925310414,3.4062889185849743,3.01958019504752,2.9530358240692554,2.9112175712878154,2.883883194021288,2.8642552909031025
125,0.04215893990625842,0.0058035417169342955,0.0016897500026971102,0.014252696840932376,0.009347539900061343,3.4230366340916083,3.03010960223357,2.963538368689353,2.921572780232827,2.894115829583124,2.874376557779125
126,0.03974637847691271,0.005758033831362146,0.0016238749958574772,0.011530644525096372,0.009330194006220302,3.4393981401464324,3.040501089442287,2.9739125966513207,2.9318033228164895,2.904224364405518,2.8843731928213487
127,0.037801998254492555,0.005713576192328519,0.001548499974887818,0.012869325898077828,0.009312637089201685,3.4555906368383096,3.0507245156156095,2.9841301231676223,2.941877428566175,2.914173597243642,2.8942065020484082
128,0.03863510616155774,0.005670493212178752,0.0015953330439515412,0.010945929482960054,0.009294870004704857,3.471413455644572,3.0607292568550677,2.9941325018528553,2.951744713434701,2.923919374703596,2.9038384091046043
129,0.042771266740188996,0.005627968260353642,0.0016599999507889152,0.013444295010950591,0.009276893618672453,3.4871918730125073,3.070609819787073,3.0040806704902048,2.9615892690245222,2.933663072401228,2.913478590253622
130,0.041874298756637555,0.005585964291869879,0.0015968340449035168,0.013555981437081142,0.009258708807248167,3.50295320456413,3.0803461879567404,3.0139769888961396,2.9714168319417116,2.9434097421791954,2.92313337982902
131,0.04029442118298226,0.0055451240968334755,0.001523040991742164,0.011698562057817555,0.009240316456734052,3.518521547155392,3.0896890363800122,3.023628860448447,2.981055820147772,2.953006486698682,2.9326530986257864
132,0.04139183654293596,0.005505229827116504,0.0015514579718001187,0.010686930556086237,0.009221717463547325,3.5337613018188296,3.098864015783625,3.0331783876805267,2.9906215964832246,2.962552118985951,2.9421341312862923
133,0.03929574860547508,0.005466089843563135,0.0015364580322057009,0.011973164316230281,0.009202912734176675,3.548874284617878,3.107856851365295,3.042630726797408,3.0001062031920083,2.972017623559378,2.951531785960699
134,0.038321749625670906,0.0054282240313348945,0.0015479580033570528,0.008863015033784975,0.009183903185138079,3.5635010810430026,3.116612343051695,3.051902597586797,3.0094382903435095,2.9813467316690296,2.960801807443858
135,0.04099091746792021,0.005391035755922962,0.0014936249935999513,0.01108103725164397,0.009164689742930143,3.5779486988581923,3.125270675003904,3.061112509606093,3.018710808032918,2.990619262047541,2.970021125952326
136,0.03880119971637356,0.005354847868325352,0.0015977079747244716,0.009531931384324515,0.009145273343988932,3.592060701409938,3.133754104013528,3.070168152319811,3.027850620219947,2.999775906127092,2.9791354981191227
137,0.041067347712980186,0.005319171550999431,0.0015776659711264074,0.011250351576743742,0.009125654934642336,3.6060715476006258,3.1421661935652256,3.0791840336891148,3.0369586877274415,3.0089013030874985,2.9882183873818984
138,0.039287408714976026,0.005284352214353314,0.0014772089780308306,0.009730512717963477,0.009105835471063953,3.6198250198994417,3.150388176783514,3.088072320451972,3.045962545902484,3.0179307495566414,2.997207482159272
139,0.04174344781857692,0.005249870346486431,0.001512249989900738,0.010962459268352404,0.009085815919226475,3.633466022510534,3.1586401153520254,3.0969733067266145,3.0549915297033863,3.0269984241010244,3.0062449156941033
140,0.04027527445029671,0.005215840547320517,0.0015034169773571193,0.011295961599121674,0.009065597254854615,3.64707383069231,3.1668109257747195,3.105831805692279,3.063976638122519,3.0360120140876665,3.0152186684142914
141,0.04120574812745437,0.005181924118619516,0.0015188330435194075,0.012881507797023847,0.00904518046337755,3.6608421037601846,3.175000798913067,3.1147000204566755,3.072959821255704,3.0450171030855144,3.0241805672073943
142,0.03860167697960174,0.005148614227232302,0.0015260420041158795,0.011402156533207615,0.009024566539880893,3.674598068797179,3.1830747539847803,3.1234336252949495,3.081799580314212,3.053869221091726,3.0329802670924515
143,0.03912371541003841,0.005115923770434489,0.0015532919787801802,0.01063249527868539,0.009003756489058193,3.688251924957892,3.1910000969632653,3.1320530248961767,3.0905349152882744,3.0626282166060057,3.041693128367837
144,0.04155936304659546,0.005083655207502356,0.001546958985272795,0.010227860808419857,0.00898275132516197,3.701748688371604,3.1988386620286495,3.1406609772631167,3.0992917827030837,3.071428119335371,3.0504610805269468
145,0.03992266562913515,0.005052164745805991,0.00154337496496737,0.008741296468303537,0.008961552071954277,3.7149406770745927,3.2064469032903453,3.149163607833896,3.1079819662445964,3.080187922173963,3.0592025864244663
146,0.038583874455029435,0.005021576948269512,0.0014567920006811619,0.008215068056742885,0.008940159762656805,3.727785854750774,3.213917363630059,3.1575200246380972,3.116529416771263,3.0888035728091245,3.0678002842045626
147,0.0418196461310957,0.004991170252818496,0.0015036669792607427,0.010904020358478202,0.008918575439900538,3.7406404153767494,3.221409264495056,3.1658950344868138,3.1251032794608684,3.0974460774667514,3.076425264582474
148,0.03930801321272684,0.004961448950816262,0.0015003750449977815,0.009129945273358753,0.008896800155674905,3.7533098848696196,3.2287342077463497,3.1741576408377004,3.13356781491401,3.105973809236478,3.084930598761451
149,0.04157423728096005,0.004931765248130034,0.0014845830155536532,0.01138799612251844,0.008874834971276547,3.766075076154078,3.2360933580570324,3.1824439077640747,3.142077855463726,3.1145654734171697,3.0935142800470263
150,0.037374123907428926,0.00490305506147649,0.0014683750341646373,0.00716700306408507,0.008852680957257558,3.778423053955828,3.243219460137173,3.1905557469206998,3.150442037244992,3.1230283068747666,3.1019793022053785
151,0.03899579341747381,0.004874665184770335,0.0016855000285431743,0.009985677966821812,0.00883033919337333,3.7907420510157093,3.2502732446935263,3.198624529227622,3.1587811644021637,3.1314741351557838,3.110432242676448
152,0.038667509219469744,0.00484684204333734,0.0015458330162800848,0.00858452842797023,0.008807810768529916,3.802862020279355,3.2572053608634652,3.2066143814055463,3.167051522881162,3.1398602519713097,3.1188322127059385
153,0.04032772997123346,0.004819689096373534,0.0015779170207679272,0.007115899632075995,0.008785096780730956,3.814591573883995,3.2640781765289195,3.2145561418803,3.1752800124405387,3.1482138216597964,3.127209555952272
154,0.03796846873640855,0.004793275040190141,0.0016907500103116035,0.007618274698886673,0.008762198337024175,3.8260768634755737,3.2707246668112977,3.222350797056824,3.183376788944189,3.1564435542358513,3.1354662238911377
155,0.04008532185236531,0.004767344698995243,0.0017205000040121377,0.009226149640932019,0.00873911655344741,3.83755443501561,3.277197629178285,3.2299853571939883,3.191321035233513,3.1645522807403728,3.143618178779816
156,0.039937551062559945,0.00474208833577497,0.0015978330047801137,0.00698204321403745,0.008715852554974233,3.848717551657417,3.2835547024404885,3.237509480257395,3.1991731980649316,3.1725802525938978,3.1516927646760804
157,0.037901950821388725,0.004717502357650161,0.0015318330260924995,0.007112983244515533,0.008692407475459107,3.8596323646824335,3.2897134035973292,3.244902503339748,3.2069126273121844,3.1805028564578013,3.159664725419628
158,0.03806023437797997,0.004693471272945651,0.001508207991719246,0.007459344317398579,0.00866878245758213,3.8703570102254954,3.2957955522326166,3.2521849611104363,3.2145396338836285,3.188309285714632,3.167518285216422
159,0.03904713142574179,0.004669935308049999,0.0016538329655304551,0.007293205602917194,0.008644978652793346,3.880892888417139,3.301762514563379,3.2593871811415744,3.2220936266992046,3.196051933919184,3.175312441985559
160,0.03817535505996248,0.004647020685343532,0.0014793750015087426,0.006137907846389913,0.00862099722125662,3.891114661398826,3.307525088304498,3.2665078124573,3.229594908802694,3.203750754771993,3.1830653995455402
161,0.041839627654789546,0.004624252689484728,0.0015348750166594982,0.007970487729503194,0.008596839331793086,3.901275182024902,3.313247513277544,3.2736561845077548,3.2371521981361377,3.211521725808599,3.1908977197052253
162,0.03671680039260066,0.004602028813196523,0.0015082499594427645,0.006562077719836057,0.0085725061618242,3.911205430502957,3.318899039907793,3.2807165458610146,3.244611937588165,3.2191844747784857,3.198615944529307
163,0.039967072446065954,0.004580258928340567,0.0015447500045411289,0.006947465948153857,0.008547998897314337,3.920997614109728,3.324377512498866,3.2876778490771725,3.2519800775321936,3.2267879548234326,3.206289627975414
164,0.04122793059275768,0.004558580959253142,0.0015326670254580677,0.00747177793092385,0.008523318732712993,3.930658691234797,3.3300711536739613,3.2947298755456833,3.2594112489083624,3.2344403338018592,3.214009134961629
165,0.040190689984691344,0.004537155933069321,0.0017114579677581787,0.007132390061371489,0.008498466870896572,3.9401923272824066,3.3358168167275437,3.3017702224797416,3.2668350709369802,3.242086683594257,3.2217261867866465
166,0.039619048934706,0.004515956282809994,0.0015086669591255486,0.0073123391520141445,0.008473444523109757,3.94964658954675,3.3415473494929016,3.3088166759947524,3.2742610422162426,3.2497297122013404,3.229435910964278
167,0.03979251318875748,0.004495242088369755,0.0015536249848082662,0.006059607564095565,0.008448252908906481,3.9588779768839135,3.3471700289626725,3.315778351484307,3.281616342040366,3.2573086829260847,3.2370841283743297
168,0.03579106906624007,0.0044752105827157605,0.0015124999918043613,0.005643180135102573,0.00842289325609048,3.9678822700405925,3.352563182231887,3.322544927799472,3.2887935734395266,3.264711061065888,3.244552335052585
169,0.03887157611035248,0.004455360331252391,0.0015310000162571669,0.007805567172425949,0.008397366800655453,3.976957593278393,3.357832135232759,3.329233762601643,3.295922281896817,3.2720799214714797,3.2519952424597456
170,0.03735791960198592,0.004436146132403858,0.0015461249859072268,0.00587201232102505,0.008371674786724825,3.9858652828587458,3.362820930990124,3.3357093725217077,3.3028574053443176,3.2792776491019002,3.2592783763633686
171,0.04111321585266832,0.00441701062573236,0.0015488750068470836,0.007225913352915946,0.008345818466491113,3.994761149092378,3.3677763122180924,3.34222478396808,3.3098456513660937,3.286533223946676,3.266619465247576
172,0.039136229694724085,0.004398359949047439,0.0015305830165743828,0.005012127690779616,0.008319799100154882,4.003336943298854,3.372722463286481,3.3486902713720808,3.3167787363197148,3.293728933926272,3.273898440478998
173,0.03855843687572409,0.00437982904287973,0.001601708005182445,0.00789365796351181,0.008293617955863345,4.012041132670487,3.377601105663248,3.3550883070640483,3.3236498338664657,3.300859253397893,3.2811085563389386
174,0.03730381077255334,0.0043616546939347,0.0015577919548377395,0.0067488202663970815,0.008267276309648533,4.020729490488273,3.382223461425738,3.361355862493028,3.3304161904779437,3.3079072393661777,3.2882467566623577
175,0.04220720391323468,0.004343544874002551,0.0015265419497154653,0.007126182546116203,0.008240775445365122,4.0294192454457045,3.386857236313774,3.367629366905816,3.337205988601171,3.31500360005314,3.295452886239214
176,0.03897733929833663,0.00432612179152122,0.0015150830149650574,0.004146405953703227,0.008214116654627854,4.037745279864434,3.391238998749567,3.373742152567191,3.3438448901427638,3.3219903066185723,3.3025748352582225
177,0.03734964886975917,0.004309206080514368,0.0014913749764673412,0.0051714515202774805,0.008187301236748575,4.04588192222119,3.395435459957795,3.3797079902685523,3.350354068847279,3.328850738806005,3.309574781869196
178,0.03936890153818792,0.004292467255397042,0.0017256250139325857,0.006053302062450926,0.008160330498672923,4.053940259058862,3.399601339426758,3.385680764677856,3.3568686363910363,3.3357153236272903,3.3165783601986014
179,0.039922434476117534,0.004276141369898702,0.001539791002869606,0.005188188514316707,0.00813320575491662,4.061843163399797,3.403500078111214,3.3915317003356984,3.363311110308271,3.342543103112581,3.3235624742164878
180,0.038878143843001214,0.0042600397262053166,0.0015450420323759317,0.00606455637242807,0.008105928327501413,4.06971061043243,3.4073186763562613,3.397303960731014,3.3696977280860265,3.3493284116371633,3.3305148135382563
181,0.0382579904263777,0.004244180207635312,0.00149200001033023,0.005521751795764405,0.008078499545890629,4.077441521613979,3.411239965397841,3.403052868957243,3.376036159920092,3.3560471560356118,3.3373931146087092
182,0.03806659781116284,0.004228691806654005,0.0015291669988073409,0.005358195225817894,0.008050920746924387,4.085065899137247,3.4150449421533877,3.408686738797774,3.3822545985211794,3.3626478836457956,3.344154133999611
183,0.04083222342574764,0.00421356600698602,0.0015257499762810767,0.004891394475685458,0.008023193274754443,4.092539442301474,3.418616080638525,3.41420293107164,3.3884132562647067,3.3692291411204183,3.350919513203948
184,0.03809354829588044,0.004198675709432877,0.0014607500052079558,0.005426427548534031,0.007995318480778672,4.099922035868538,3.4222174899909934,3.4196824328957334,3.3945090667923026,3.3757309450688044,3.357596493694742
185,0.037885247681411695,0.004184151169814493,0.0015158330206759274,0.004853497860110946,0.007967297723575205,4.10717747480938,3.4255425273900917,3.4250399876444257,3.400532969512345,3.382196662636603,3.3642563720454994
186,0.037058082612406146,0.00417015808842204,0.0015770409954711795,0.003954651882753105,0.00793913236883622,4.114203157083236,3.428595193103746,3.4302349584262255,3.4064141235556322,3.3885381512249313,3.370803153728584
187,0.03842697775641521,0.004156717948204066,0.001480374950915575,0.0037811686325155804,0.007910823789301368,4.1210018653708405,3.4312974861664456,3.4352445716464866,3.4121332553448878,3.3947643824436975,3.3772558284987038
188,0.03906459546364082,0.0041433321048323065,0.0014945410075597465,0.005758014258482584,0.007882373364690881,4.127839215744214,3.433954550773745,3.4402616739135237,3.4178636597270993,3.40099128899469,3.3837021697400633
189,0.03841727104211038,0.004130009072710621,0.0015369169996120036,0.005184591786736385,0.007853782481638316,4.134608812251725,3.4367223095850785,3.4453358399495038,3.423630838876256,3.4072307907517896,3.3901472308084077
190,0.039206247664648246,0.00411658922684119,0.0015678749768994749,0.006355926958753715,0.007825052533622976,4.141470754943034,3.4396614711017697,3.4504851031773365,3.429437016748931,3.4134845460681578,3.396596898659369
191,0.03985846922624225,0.004103114610170392,0.0014948329771868885,0.006346136279078487,0.007796184920902,4.14841827380165,3.4427460489506756,3.455667774963233,3.4352523599868667,3.4197401136742376,3.4030487978236152
192,0.03754185902686429,0.00409007083722896,0.001597750000655651,0.0034987348936005905,0.007767181050442099,4.155085928456218,3.445690494766947,3.4607718136207866,3.4410000969574774,3.4259334368729553,3.409439182098951
193,0.03698077894075913,0.004077398766189723,0.0015377090312540531,0.004937351651389711,0.007738042335851005,4.161718489768568,3.4483761828831963,3.4656684116140806,3.4465634794750146,3.4319874291139842,3.4157101020757543
194,0.03898213318898733,0.004064926906851068,0.0014607919729314744,0.004762142446972915,0.007708770197308559,4.168271278517791,3.451054714557851,3.4705034764213054,3.4520591651325616,3.4379886277301757,3.421942429269351
195,0.037227927647643815,0.004053022219170412,0.0015247910050675273,0.00298880644529765,0.007679366061497494,4.174538836280148,3.453506677111937,3.475139555391405,3.457377456467733,3.4438262277883447,3.428017918921717
196,0.039731496906702704,0.004040918194530571,0.001542332989629358,0.006153702162290522,0.007649831361533909,4.180918429264544,3.4561362580120845,3.479908829922128,3.4628111343755705,3.449756972740204,3.434176918894099
197,0.038201639601818264,0.004029201774712908,0.0015816250233910978,0.00284165431537088,0.0076201675368974126,4.186949272930336,3.458803952126418,3.4846465216548177,3.4682019963754893,3.4556339611145748,3.440279139559168
198,0.03899255657025946,0.004018031958521697,0.001654874999076128,0.001977716093509328,0.007590376033360965,4.1925816139766585,3.4613093848043213,3.4892732143040326,3.4734889985847746,3.461415607753663,3.446289971608696
199,0.03828001031515285,0.0040073527918007236,0.00152749998960644,0.002749084792953101,0.007560458302920422,4.197985146545442,3.463645177242215,3.493727389754663,3.478582988440862,3.4670166537353184,3.452128047052073
200,0.03776793459543616,0.003996846266923505,0.0015044159954413772,0.00357612696511019,0.007530415803723761,4.203266407446792,3.465944435076916,3.4981804077356045,3.4836796310495037,3.4726103277682996,3.457949782177428
201,0.037912435296654,0.003986569121090585,0.001576000009663403,0.0031196209814613714,0.00750025,4.208378361898256,3.4681642222746887,3.5026158081638044,3.488765026974653,3.478195405589906,3.463761877142411
202,0.04133357389710531,0.003976358083633803,0.0015171249979175627,0.0060589539038196066,0.007469962361987863,4.2137548015452735,3.470089541540799,3.5068779220515873,3.493687655026861,3.483681907279652,3.4695121248057177
203,0.03960408373302616,0.0039660587493902544,0.0016130420262925327,0.0051567165741721824,0.007439554365864094,4.219230893307893,3.471942616598787,3.5111716714457883,3.498696460994861,3.489271914318427,3.4753731821718046
204,0.0391552025756704,0.003955838144935688,0.0015121669857762754,0.003739598598471833,0.007409027493671525,4.224580419426003,3.473877296103792,3.5155358481826817,3.503765521679571,3.4949023573449116,3.4812644744301733
205,0.038587416921492174,0.003945846411487902,0.0016770830261521041,0.003400681256257512,0.007378383233246842,4.229798617118861,3.475760693278094,3.5198480453429943,3.5087874951226086,3.500479289979819,3.4870983536647326
206,0.03957900371379605,0.003936064760427805,0.0016261249547824264,0.0031114880956779733,0.007347623078148061,4.234854794389244,3.477559229229187,3.5241433753198366,3.513808281514248,3.506060503651853,3.4929387874963864
207,0.03834292791955995,0.003926341828422883,0.0015692500164732337,0.003774439849810479,0.007316748527581749,4.239823656574344,3.4794995219780787,3.528485932100646,3.5188583036846586,3.5116502696730705,3.4987782551906976
208,0.04006402085053771,0.00391666933690361,0.0015137919690459967,0.004667873510194676,0.007285761086329943,4.244872621561883,3.4813488307867693,3.5327776706307548,3.5238685862544403,3.5172160412477176,3.50460485154071
209,0.03912397766297271,0.003906755972696656,0.0015576250152662396,0.005917084629370535,0.007254662264676809,4.250126887067609,3.4833498574587383,3.537190607474792,3.528984258042341,3.52285745073062,3.5104878583233043
210,0.03874229173652763,0.0038967593234190277,0.001515874988399446,0.005098097241561233,0.007223453578335045,4.255451973141796,3.4855093524432306,3.5416745829331004,3.534146626252888,3.528523584536457,3.516384147880794
211,0.03916619235247072,0.0038870827732296847,0.0015920830192044377,0.002537279898458779,0.007192136548371993,4.260521933781743,3.487556757167809,3.546089440328065,3.5392699476803138,3.534175056359694,3.5222846053495287
212,0.039929546057772436,0.0038775172200010036,0.0015592920244671404,0.003440262958533788,0.00716071270113551,4.265457021233614,3.489671358873227,3.5505379557900723,3.5444252068300535,3.5398585267643186,3.528220400952843
213,0.03669406777814171,0.00386833541723748,0.001493832969572395,0.002664000515251151,0.007129183568179581,4.270213175209599,3.49161186925434,3.554836313657464,3.5494306850926716,3.545401536685819,3.534020185420016
214,0.03645719796777306,0.0038595002589940602,0.0015184590010903776,0.002166778658111419,0.007097550686189664,4.274624664060938,3.4937195096293703,3.559126472760824,3.5543659480818715,3.5508368750771244,3.539694332517296
215,0.03818246713650695,0.003851158408467006,0.00147762504639104,0.0018563300348546088,0.007065815596907797,4.278806850679314,3.4955879423037755,3.5632343750266253,3.5590739340723894,3.55605823628844,3.5451523214672838
216,0.039086575201418464,0.003843031786030193,0.001573749992530793,0.0037890958159565134,0.007033979847057464,4.283037455594604,3.497175270403352,3.5671710321549512,3.5636224270978967,3.561164369283414,3.5505146963114482
217,0.041822456255260224,0.0038345610817231536,0.001560000004246831,0.00547732080163208,0.007002044988268195,4.28747391324856,3.4989851846003655,3.571296772074283,3.568359337407922,3.5664486615812274,3.5560524010682983
218,0.0384382133685796,0.003826509212432383,0.0016129579744301736,0.0017167756624579624,0.00697001257699996,4.291649197350093,3.500605773144749,3.5752801111866157,3.572957169475025,3.571610775096213,3.5614854789529016
219,0.03660642502172932,0.003818824498589948,0.0014974999940022826,0.002181750291938873,0.006937884174467288,4.2956597033605,3.502039302086089,3.579112961151241,3.577399582866632,3.5766111469272444,3.5667511906978824
220,0.036092245283171356,0.0038115329146542866,0.0015312080504372716,0.0014847924901676525,0.006905661346563195,4.299233576528777,3.5035619780061107,3.5829341987499914,3.5818089557342163,3.581551367746142,3.571942055982284
221,0.03996103866162341,0.003804438917198319,0.0015787919983267784,0.001972784022762045,0.006873345663782852,4.3026441394364525,3.505014728442792,3.586738951386903,3.586206031320216,3.586477103215638,3.577119260484277
222,0.03883872350799453,0.003797236678408863,0.0014944999711588025,0.0043311134101064325,0.006840938701147048,4.306227048389205,3.506496961772684,3.59055976641745,3.590621482854186,3.59140977790081,3.582295846715017
223,0.03753379998309178,0.0037904412149556066,0.0015733749605715275,0.001979974126049061,0.006808442038125421,4.309686287974126,3.5077928748001233,3.5941746549474356,3.5947729276116163,3.5960709726361095,3.5871993909607784
224,0.04209627918611272,0.003783594199906754,0.0015920840087346733,0.005076288935311008,0.006775857258559482,4.31342792445679,3.5089819853293953,3.597656266046174,3.598766495394181,3.6006372450287802,3.5920406384906443
225,0.039381695897992,0.003776829383235794,0.0016565000405535102,0.002608809314498822,0.006743185950585416,4.316863598214462,3.5105607577021054,3.6012914473404423,3.6028749827300546,3.6052752791127722,3.596931343788475
226,0.03722125920051661,0.003770313055983528,0.0015657500480301678,0.0021266949567279804,0.0067104297065566825,4.320194627925014,3.512049771516444,3.6048176359261235,3.6068684889206644,3.609773036653686,3.601681862830614
227,0.039877032442365117,0.003763924485286231,0.001559249998535961,0.0028208647691597586,0.006677590122966401,4.323523184901596,3.5133943217307806,3.608255384667063,3.6107921220799097,3.614219612563164,3.606395265780368
228,0.03556176269376671,0.0037579907672026236,0.0015811659977771342,0.0008523592042984914,0.006644668800369547,4.326587161928749,3.514519172116691,3.611492792441528,3.6145149859475243,3.6184749606375783,3.6109244704173786
229,0.03620779475438567,0.003752467212324166,0.0015692500164732337,0.0017109683483388933,0.006611667343304942,4.329519505788177,3.51532531006165,3.6145268381461633,3.617974370037595,3.622494568443724,3.615199101976111
230,0.03683711257009802,0.003746915814353721,0.0014757500030100346,0.003309187168037686,0.00657858736021704,4.3325478116410485,3.516133011860145,3.617534472118955,3.621421471388837,3.6264904229478643,3.6194473039795554
231,0.038150704922114344,0.0037413250440302293,0.0017664580373093486,0.002342026055274404,0.0065454304633775495,4.335420716216335,3.5172022759332573,3.620696345343177,3.625027140816152,3.6306210660223703,3.6238192314905633
232,0.037589764660652426,0.0037359242657726724,0.0015848330222070217,0.0012893354622146493,0.006512198268806849,4.3380553663010915,3.518302658677566,3.6238782349835543,3.6286572591260513,3.6347599732524207,3.6281904935876312
233,0.038022627573240875,0.003730865988575145,0.001604875025805086,0.001542434491685623,0.006478892396195212,4.340563377382898,3.519069485852392,3.6268627405866973,3.6321078028510683,3.6387445942678345,3.6324237116676565
234,0.03990581458156348,0.0037262843642469606,0.0015206660027615726,0.0019985400983590757,0.006445514468823885,4.342890265345015,3.51930049519021,3.6295550762713438,3.6352874601137675,3.642539476158623,3.636501403109504
235,0.038609542352507284,0.0037218481354642226,0.0016481669736094773,0.001367602785986706,0.006412066113485961,4.345112389838117,3.519420888498945,3.6321875334389415,3.6384414896553827,3.6463260131075055,3.6405816369474153
236,0.036381342761902795,0.0037175245099836892,0.0015388329629786313,0.0013410559842051881,0.006378548960407088,4.347238670297813,3.5195059706943734,3.63478709048195,3.641584613017557,3.650102773763015,3.6446573787265972
237,0.036683955175340156,0.003713154623011889,0.001553499954752624,0.0019002595248186537,0.006344964643166021,4.349234103715461,3.5198637867909137,3.6375512718571454,3.644870753440001,3.65398422169775,3.6488186931550532
238,0.038849022783655734,0.0037085733728479636,0.0016379589796997607,0.003436713709966794,0.006311314798615003,4.3514063513196755,3.52039329581979,3.6403972594442546,3.6482398981256408,3.657939035142193,3.6530503478096596
239,0.03947350610061228,0.003703820014996649,0.001725457957945764,0.002834753859400671,0.006277601066799985,4.353602532772858,3.521197250817478,3.6434162468368743,3.651768161033346,3.6620262205195155,3.657399644876204
240,0.03594780438724137,0.0036991761571885944,0.001590458967257291,0.0026785313768543,0.006243825090880691,4.355892835318492,3.521897588605365,3.646282543514245,3.655128551791944,3.665940506157867,3.6615753731228415
241,0.03853888687624619,0.0036943238605345635,0.0016832079854793847,0.004127775800902955,0.006209988517050537,4.358428551840794,3.5226015887252156,3.6491957481974437,3.6585601966038905,3.6699242590488512,3.6658204622895254
242,0.03939941672951647,0.0036893303087038413,0.0015990419778972864,0.0037486307659170097,0.0061760929944563985,4.361129850811546,3.5233935681150683,3.6521557551633284,3.662028644712397,3.6739298865241823,3.67008304191293
243,0.037437066065166225,0.003684629600120759,0.0015490420046262443,0.000903959738814779,0.006142140175118224,4.363632380183618,3.5240727080078607,3.654994349860052,3.665360260249124,3.677816366265176,3.6742367175247117
244,0.03828477198907087,0.003679883289436753,0.0015600420301780105,0.0025939435922988216,0.006108131713848528,4.366143931425924,3.5248674018469686,3.6578805088132733,3.6687472734914053,3.681751673803576,3.678443490902409
245,0.03606077286612915,0.003675499150547908,0.0015714580076746643,0.0006584884885053114,0.006074069268171734,4.368412924571252,3.5254901096549838,3.6606253967721845,3.671968459751762,3.6855226024002183,3.6824880424370825
246,0.03976724705833927,0.0036710679724648895,0.001495625008828938,0.0020526456915548573,0.0060399544982433885,4.370590367700408,3.526282349062625,3.66350471782867,3.6753377097752598,3.689430030506225,3.6866639660390628
247,0.040117038551061496,0.0036665749356016414,0.0016280830022878945,0.002598635971172379,0.006005789066769251,4.372815285793272,3.5271161166722163,3.666432652171046,3.6787641389078085,3.6934008316984257,3.6909100869624694
248,0.03799643811693901,0.0036621185536403326,0.0015639999764971435,0.0026811116509044123,0.00597157463892425,4.375115078360914,3.527874391641006,3.669299012992211,3.6821273713643228,3.697299675153441,3.6950809245276357
249,0.03609754791216242,0.003658067536983332,0.0015794169739820063,0.002120916509266165,0.005937312882271331,4.376952145592469,3.5286458387544486,3.6721211103162497,3.6854445893966146,3.701138208138475,3.6991842593764064
250,0.03554103210511117,0.003654238578303669,0.001680999994277954,0.0012929632614892127,0.005903005466680175,4.378729503661784,3.5292247821537934,3.6747769503164402,3.6886067855190916,3.704820479477223,3.703136069685284
251,0.03973098427893873,0.0036505133276267623,0.0015713329776190221,0.0022925283154926744,0.00586865406424582,4.380574104849491,3.5295886744625355,3.6772963847858517,3.691626570916359,3.7083936228071313,3.706990424244585
252,0.039539664137351604,0.0036467495698048915,0.0017570830532349646,0.0024774569284570706,0.005834260349207154,4.382498414335024,3.5299804613037855,3.6798139684576845,3.6946401036344056,3.7119547398402974,3.710829886956839
253,0.03869869097435161,0.0036430244496151614,0.0016082919901236892,0.0016723409613299183,0.005799825997865329,4.384383563819783,3.5303508184648793,3.6823588182567235,3.697684233807727,3.7155332812183066,3.7146794962433387
254,0.03803246745541755,0.0036391858264256615,0.0016104999813251197,0.002749067483545032,0.005765352688502049,4.3863489623632805,3.53086987604416,3.684991195351655,3.7008027898564526,3.7191643614805945,3.7185698941792253
255,0.03862757504516212,0.0036352666488840067,0.0014791670255362988,0.0023996141879505236,0.005730842101297777,4.38831512258842,3.5315730183561427,3.6877341830767723,3.704026098900991,3.722882542566392,3.722537151537736
256,0.035935668636564874,0.003631748713457326,0.0017320000333711505,0.000419566215508596,0.005696295918249847,4.390112350148681,3.5321380952743624,3.690220311666813,3.706928063722624,3.7262292159152786,3.726112946011486
257,0.03721297283835244,0.003628366393263236,0.0015765420394018292,0.0010249601453339895,0.005661715823090485,4.39179189123379,3.5326207306483615,3.6926958842405924,3.7098175191828076,3.729552056204703,3.729655839085475
258,0.0390081059295685,0.0036250591268811175,0.001680667046457529,0.0022173101886982546,0.00562710350120474,4.393527663932428,3.532882712412139,3.695060654401857,3.7126164216611865,3.7328071546879884,3.7331463449827225
259,0.0369740462685507,0.0036219172600285687,0.001603832992259413,0.0023446593876985207,0.005592460639548352,4.395325941618643,3.532901792363221,3.697272646927811,3.715160984856681,3.735834167342342,3.7363688968368867
260,0.03800170097229771,0.0036188967944290984,0.0015199590125121176,0.001400168888561524,0.005557788926565523,4.397090136312921,3.5329044696088383,3.69937631986389,3.717571025485643,3.7387389264539967,3.739476152673755
261,0.037442010800609826,0.003615883512194937,0.0015305830165743828,0.0018496942815198144,0.005523090052106634,4.398634099602194,3.5331778555764237,3.7016665459483824,3.7201772530896435,3.741815157291121,3.7427440076601943
262,0.03646407441162757,0.0036131650796928628,0.0015464999596588314,0.0009023794711682418,0.005488365707345868,4.399966443166938,3.5332698291272426,3.703801962799088,3.7226414815787927,3.744759688857996,3.745892832079569
263,0.038918682262717115,0.003610357236184865,0.001620124967303127,0.0018542303293702523,0.0054536175846988015,4.40131076942152,3.533500649944465,3.7060340531801605,3.7252183056619916,3.7478125712104196,3.7491525492730995
264,0.035332385583618585,0.0036075938496255354,0.0014882080140523612,0.0013891393424675465,0.0054188473777399115,4.402648574137482,3.5337263961616516,3.708242164627676,3.727768329437207,3.7508211887872,3.7523571238845896
265,0.038369044975366244,0.0036048660038414185,0.001599124982021749,0.0019449203524259224,0.005384056781120031,4.404046226619514,3.5338063459442375,3.710355960084769,3.7302464386589946,3.753788005403388,3.7555373314783718
266,0.039019229179820786,0.0036021495048401144,0.001610749983228743,0.0019111498767226673,0.005349247490483755,4.405497608639065,3.5338357061325096,3.712429332393767,3.7326813278493605,3.756709603753694,3.758668605436298
267,0.03899585533321143,0.0035993849015997746,0.0017528749885968864,0.002588029827271564,0.005314421202386803,4.407066841033866,3.5337501240688782,3.714491005815243,3.7351007125378546,3.759628444975373,3.761802029910527
268,0.03651581791082469,0.0035967568867227295,0.0015592079726047814,0.001503958937601266,0.005279579614213322,4.408589901798999,3.533466357470972,3.716449225748102,3.7374274614129543,3.7624700053394653,3.764859383082314
269,0.038171232313352815,0.0035942130384941508,0.0016070419806055725,0.0013861080994987162,0.005244724424093169,4.40990199501089,3.5333867529372465,3.7184942915809738,3.7398381876976154,3.7653795042013565,3.7679798958348187
270,0.038204071958345236,0.003591879568839923,0.001569167012348771,0.0009534731375247816,0.005209857330819133,4.411052031002657,3.5331481544217214,3.7204546034235855,3.742153898067284,3.7682096061672743,3.771026782480893
271,0.037567040124614294,0.0035896170314113195,0.001592291984707117,0.0014175787835759921,0.005174980033764154,4.412212779531757,3.532822382420179,3.722372152538345,3.7443807907600313,3.770937024913334,3.7739520138069906
272,0.042207651777372956,0.0035871698714780914,0.0016667500021867454,0.002331387941816626,0.005140094232798483,4.413431542342754,3.5327399952666365,3.7244570943559094,3.7467973457700388,3.77385509705756,3.7770759897574004
273,0.036697848180976954,0.0035848331888968933,0.0015485829790122807,0.0009019063179600189,0.0051052016282068435,4.414580511362192,3.532572375750685,3.7264685852882997,3.7491613284371046,3.7767271975718946,3.7801638312181636
274,0.040256834891700094,0.003582318772248109,0.001532207999844104,0.002624702120280431,0.005070303920605558,4.415847160207277,3.5325824480592884,3.728597500844413,3.751657151785144,3.7797266323368066,3.783380907281963
275,0.03470878615782298,0.0035802571955592982,0.001506083004642278,0.0021122524326433008,0.0050354028108596585,4.416901252185046,3.532188917149087,3.7304000520317335,3.753776970535387,3.78234616361809,3.7861913442363386
276,0.03981127187400362,0.0035778159997017856,0.0015239579952321947,0.004285980309519129,0.0050005,4.41824431666145,3.5321443863696373,3.732417416130596,3.7561116730688875,3.785163653623822,3.7892006604218755
277,0.03902614573273792,0.003575441118648226,0.0015919169527478516,0.0012650671448684238,0.004965597189140341,4.419551893811931,3.5320194678228347,3.734398131012202,3.758421354606183,3.7879573910555377,3.7921969175341284
278,0.03884179420198113,0.003573488767606166,0.0015067910426296294,0.0027759431334088637,0.004930696079394444,4.420795104924615,3.531381436765705,3.7359700902285162,3.760204636526649,3.790243089698908,3.7946464459712335
279,0.03962886551642,0.0035715241610384664,0.0015024170279502869,0.0011331623370774981,0.004895798371793159,4.421959738396408,3.530916671641626,3.737608948859783,3.7620839394698926,3.7926153902804343,3.797195218199211
280,0.041600613674083256,0.0035696474855898093,0.001560083997901529,0.0006569243822915404,0.004860905767201518,4.423022521059609,3.5304541984312032,3.7392294743113537,3.7639439980269693,3.794978640733693,3.7997508183409696
281,0.0383313852231581,0.0035676463123984815,0.0014955420047044754,0.0021505949354246284,0.0048260199662358465,4.424167799102946,3.5301365858741147,3.740936512602141,3.7659010078007498,3.797425467311078,3.8023891239886143
282,0.038789712524794795,0.003565696721439313,0.0015435419627465308,0.0012351439250429647,0.004791142669180866,4.425149671441953,3.5299658836301457,3.742736409222674,3.7679617207869387,3.799968186663723,3.8051269007320894
283,0.037342833905336145,0.0035637184394789936,0.0014982499997131526,0.0017288165209585152,0.004756275575906832,4.426190413723921,3.5298162789207352,3.7445406520638587,3.770015900540056,3.802486082844696,3.80783032806527
284,0.0381111561407767,0.0035618506930441157,0.0015212500002235174,0.001239631571005683,0.004721420385786677,4.427212614751882,3.529523899175791,3.7462442618142764,3.771941058651386,3.8048841672632956,3.810398702997705
285,0.03794199450273827,0.003560040556839188,0.00148808304220438,0.0011805583293965924,0.004686578797613198,4.4280857510257015,3.5293622126342505,3.7480355453622067,3.7739518920865693,3.8073469767310995,3.813024346566733
286,0.03936200699955794,0.003558113216765075,0.0015627910033799708,0.002059643429364628,0.0046517525095162455,4.42899623548243,3.5294344820465913,3.7499582335088357,3.776092265178661,3.809919847342884,3.815758271842459
287,0.03760901368812889,0.0035563591094582817,0.0015965839847922325,0.0009307631788911712,0.0046169432188799715,4.429796144394672,3.5293398921481836,3.751787554012563,3.778128871888306,3.8123806585131734,3.8183738446701665
288,0.03941640084517822,0.0035544409508484233,0.0015454580425284803,0.0024078165103916475,0.00458215262226009,4.4306794565190915,3.5294759180700193,3.753772274219314,3.7803278824025206,3.8149859256036627,3.821127910531802
289,0.04099715179686945,0.003552377959260805,0.0015524589689448476,0.0025502115632386386,0.004547382415301199,4.431676136517484,3.529774681976092,3.7558567341045435,3.7826275465722055,3.8176851031954624,3.8239754411890137
290,0.0363516457376863,0.0035503060142388645,0.0016403329791501164,0.002394498652785961,0.004512634292654133,4.432798238845018,3.529980645045204,3.757829568367575,3.7848186411673574,3.8202749129902625,3.8267208183812693
291,0.03992065385201718,0.0035480959418820843,0.0015919579891487956,0.00290828113893064,0.0044779099478933675,4.434059402737162,3.5303027247994048,3.759866110384909,3.787073953614171,3.8229263403469154,3.8295314572716306
292,0.037322543357824964,0.003545887228669752,0.0014756250311620533,0.001959278831518087,0.004443211073434475,4.435365584684271,3.5305866846793243,3.761872378266259,3.7893023744953727,3.8255459284888444,3.832308369233722
293,0.0355223979822604,0.0035437228839057494,0.0015706670237705112,0.0012670085383834227,0.004408539360451648,4.436620741399955,3.5308788619314404,3.7638912650466554,3.7915502932943665,3.8281714701980585,3.835086272105101
294,0.03863658996846501,0.0035416903791062816,0.0015055419644340873,0.002692272893791027,0.0043738964987952616,4.437947528096499,3.5308295211707974,3.765650232318185,3.793508825461758,3.8305605209992564,3.837646434892239
295,0.03735668216606341,0.003539831925646283,0.0015063330065459013,0.0009676791849416551,0.004339284176909517,4.439067905024143,3.530769655594026,3.767390506225076,3.795449094258534,3.8329196284180695,3.840176667372572
296,0.03586778417464377,0.003538082833679719,0.0014896250213496387,0.000731255760810473,0.004304704081750153,4.440096474680334,3.5306401960300002,3.7690726592842205,3.7973442603797856,3.8352328663789645,3.84266656061919
297,0.04002973497849166,0.003536139549454684,0.0015310830203816295,0.003084247110160587,0.004270157898702224,4.441230402801843,3.5308073484773206,3.770942634644831,3.7994322075238673,3.837720777837236,3.845324796526148
298,0.038669392100528444,0.003534230662166337,0.001586458005476743,0.0013543808516569358,0.004235647311497952,4.442349376443103,3.531011488388968,3.772797621757811,3.8014884415020562,3.84016473880075,3.8479296172650854
299,0.036529352298896776,0.003532429296257661,0.0017201249720528722,0.0013837890785257077,0.004201174002134672,4.443419964877285,3.5310009516043235,3.7745589075091273,3.8034709698412112,3.8425478396796096,3.850484833752421
300,0.0376364346122256,0.0035307716416202914,0.0015230000135488808,0.0006459725005659052,0.004166739650792848,4.444372818104398,3.530915163447441,3.776252455793056,3.8053724878545636,3.8448427079453644,3.8529479829915
301,0.0390794538398076,0.003529193083784241,0.0015384579892270267,0.0006873241845171944,0.004132345935754183,4.445260693833437,3.5308232371275903,3.7778994968836908,3.8072266553571548,3.847090046507159,3.8553673143117626
302,0.0402370541427052,0.003527433876774418,0.0017322080093435943,0.0030356769524365174,0.004097994533319826,4.446291708369223,3.5309103587885837,3.779688683635366,3.809230946614888,3.84946871986918,3.8579074855850464
303,0.036469908386237475,0.003525815385221013,0.0015484580071642995,0.0006551510010885658,0.0040636871177286695,4.447231591057167,3.5309102333023397,3.781403924012848,3.8111276663804454,3.8517119446369525,3.860282507379927
304,0.035764054197616336,0.003524247062557773,0.0015706249978393316,0.0011277025649166596,0.00402942536107575,4.448157502538507,3.530855325023289,3.783058364601926,3.81297278136472,3.853903200811202,3.862609090025001
305,0.03616732420472418,0.0035228108280068024,0.0014997089747339487,0.001635494716888265,0.0039952109332307495,4.448872679449506,3.5308954692678087,3.784755059966519,3.8148705629328465,3.85613715898603,3.864977662169158
306,0.03750873431964698,0.003521558341437437,0.001662875001784414,0.0008385862903241837,0.003961045501756612,4.44951718029615,3.5307874962799435,3.7862746038341646,3.8165147196550184,3.8581147994758536,3.8670551935306485
307,0.036590218806597435,0.0035202673229869992,0.0015399580006487668,0.0013389141180789555,0.003926930731828268,4.450163032950937,3.5307702532202017,3.787862718711563,3.8182443464640063,3.8601715897429356,3.8692147674625006
308,0.03887151663928077,0.0035189796701166555,0.001585707999765873,0.0012930580455387682,0.0038928682861514748,4.450836749092972,3.530697329477411,3.7894201823115385,3.819947216844357,3.862209280200641,3.8713642505716117
309,0.0368558119350294,0.003518241369662534,0.001477458979934454,0.0060347380729951945,0.0038588598248817775,4.451449483104477,3.5297091870614494,3.790260860086177,3.820680201844111,3.863280896033133,3.8724099124696325
310,0.034892958366248776,0.0035175513027891356,0.0017443749820813537,0.0011123392499046622,0.0038249070055436027,4.452075945404772,3.5287189821283667,3.7910047881691784,3.821281791554959,3.864199757406404,3.8732891814852994
311,0.04156060393498173,0.003516722161958268,0.0015480410074815154,0.0018461022700295127,0.003791011482949462,4.452692939635678,3.52801569588432,3.7919761882975913,3.822161142567125,3.865395916180929,3.8744677151093736
312,0.03781986583355444,0.0035158904162920085,0.0016005000215955079,0.0011259778180946717,0.003757174909119309,4.453312129826261,3.527281989958173,3.7929606524954065,3.8230621353549443,3.866601399991988,3.8756519339957065
313,0.03714807140383736,0.0035148745146302155,0.0014758339966647327,0.0025846305916614,0.0037233989332000153,4.454051894854085,3.526751759086638,3.7941030728513594,3.8241549315260897,3.867984098410968,3.8770210634460773
314,0.03815543876212417,0.003513902883241643,0.001514500007033348,0.0013167208853349227,0.003689685201384996,4.4547871900527145,3.5261222155949477,3.7951820054055205,3.8251757668743105,3.869298140041609,3.878328121985956
315,0.03834550175362196,0.0035131345156358845,0.0015293749747797847,0.003627585731655686,0.0036560353568339784,4.455549690456696,3.5250400647058986,3.7958956420115237,3.8257721711799975,3.870185917923033,3.879187836096297
316,0.03650587483493185,0.0035123264566211897,0.001559249998535961,0.000993530332281841,0.0036224510395929128,4.456265753734755,3.5241276226383684,3.796716800973349,3.8265108321608503,3.8712120108945065,3.880198840285174
317,0.03716332748919135,0.0035115958784189545,0.0016696659731678665,0.00159089160910918,0.0035889338865140396,4.456794992991725,3.5233704947723026,3.7976227047783016,3.827362796000271,3.8723450356817817,3.8813297684573067
318,0.04016813203629033,0.0035106367507950513,0.0015087500214576721,0.0034207521920002443,0.003555485531176114,4.457534349911176,3.5227817017582344,3.7986306388885596,3.8283578016442643,3.873630136975672,3.8826345297734637
319,0.03645834218631956,0.003509710773385667,0.001473959011491388,0.0006434229747761556,0.0035221076038047896,4.458216876008999,3.522235410532155,3.799658787833661,3.829373284458371,3.8749228121421893,3.883946084850321
320,0.03981807377247037,0.0035086091205409065,0.001529957982711494,0.0029728319410838584,0.003488801731193153,4.459046906276083,3.521846772450919,3.800793218716178,3.830522225560531,3.8763517537597436,3.885409012360018
321,0.037544269021705316,0.003507623917478578,0.00160529202548787,0.0007149979192374923,0.003455569536622451,4.45974871614832,3.5214447018932353,3.801890222030926,3.8316272639410904,3.877733279911483,3.886821108609417
322,0.04016920610066348,0.0035066415100331446,0.0015391660272143781,0.0009980072030195102,0.003422412639782963,4.460416983004458,3.5211597559864978,3.8030232260636656,3.832770580862611,3.879137753402677,3.8882615964594396
323,0.0381637694416826,0.0035055435581331524,0.0015252919984050095,0.002318434983423509,0.0033893326566950604,4.461178274699644,3.5209528508616907,3.804234365063171,3.83402577384836,3.880657387278756,3.8898289478397627
324,0.037471702467889605,0.0035044187886616412,0.0015707500278949738,0.0013631248689646486,0.003356331199630453,4.4619294985146185,3.520833251491122,3.8055063716193955,3.835357654487055,3.8822546052799702,3.8914813619067505
325,0.03766957605945508,0.003503401408517914,0.001531874993816018,0.0008343104657545331,0.003323409877033601,4.462561951094945,3.520655309166961,3.8067307250734,3.8366643641796845,3.883835811555549,3.893130110180605
326,0.04121873351714972,0.0035023438133347444,0.001579166972078383,0.0015982438878562003,0.0032905702934433196,4.4632329946538185,3.5205474846121945,3.8079735263182335,3.8379952943594344,3.8854419830278815,3.8948117985657795
327,0.03854496599331691,0.003501321243425013,0.0015173329738900065,0.0007467263916144109,0.0032578140494145848,4.4638624508820435,3.5204373653486765,3.8092051749579934,3.8393262603954743,3.8870520807048154,3.896509962740848
328,0.039726136873579926,0.003500223503410729,0.0017232910031452775,0.0020674678075769722,0.0032251427414405186,4.464563874382629,3.5203079850418524,3.81048096460715,3.8407309010181763,3.8887505999301193,3.898308914685818
329,0.037730243866764684,0.0034992457568238143,0.0015175000298768282,0.0014202363117826438,0.003192557961874579,4.465101591164916,3.52015678287551,3.811767765682893,3.8421578347689116,3.890469443887698,3.9001322853848093
330,0.03721863584113931,0.0034983703424592274,0.0016424580244347453,0.0017436734108775013,0.0031600612988529537,4.465622887215646,3.5197837014639464,3.8129062238114644,3.8434064577164033,3.8920118312629923,3.9017625382802468
331,0.03670542016190157,0.0034976286984144986,0.0016003330238163471,0.0025041020868562386,0.003127654336217149,4.466144123260098,3.519121414643723,3.8138015076232477,3.8443720909101877,3.8932688404943194,3.903084524172256
332,0.03793436210842108,0.0034969163914279357,0.0016420420142821968,0.0011375258812664191,0.003095338653436806,4.466567392543798,3.5185887861627108,3.8147709722882635,3.8454308590489177,3.894615825648507,3.9045038229519493
333,0.03995410495441154,0.0034961125425176727,0.0015884169843047857,0.003063287954281957,0.003063115825532712,4.467139453316463,3.517912838789083,3.815722434480674,3.846468865169451,3.8959611402247116,3.90593136063954
334,0.03896051563810207,0.0034953317840134197,0.0015702079981565475,0.0014459567005351626,0.00303098742300004,4.4676092393340365,3.5174176251007427,3.816784716386501,3.847615122873134,3.897403968880098,3.9074533647067535
335,0.04004011748938137,0.0034945278904771216,0.0016586250276304781,0.0012420193268912645,0.0029989550117318032,4.468085532566103,3.517049917241072,3.81788814755253,3.8487866164931153,3.898870144742029,3.908994879638873
336,0.03620992258416596,0.0034938198174185617,0.001621584000531584,0.0012247200474982591,0.0029670201529425366,4.468437266156197,3.516755901600554,3.818993974084922,3.849951463711438,3.9003006199472177,3.9104887025649857
337,0.03764088362308704,0.00349317353881008,0.0016922919894568622,0.0006098029628195074,0.0029351844030922032,4.46873404808106,3.5164449167305536,3.820064117563684,3.851065576616782,3.9016822629545254,3.9119302470072066
338,0.0393121655471591,0.003492440344144934,0.001549874956253916,0.002357533153130833,0.0029034493138103373,4.4691505780041,3.5160845384272994,3.8211330856552648,3.852196305497534,3.9030872316379064,3.91340428343235
339,0.03809474946832726,0.003491744227797277,0.0015390419866889715,0.0013543466675923473,0.0028718164318204194,4.469473005889402,3.5158419315740987,3.8222668568788327,3.8534066672095886,3.9045644958205736,3.914952524619327
340,0.037443982003772185,0.0034910552793227167,0.0016547089908272028,0.001080583238309322,0.0028402872988644886,4.469825512745081,3.515571162821142,3.8233264652075447,3.8545480306542355,3.9059797535483205,3.916449295003413
341,0.03699781496869647,0.003490444226248761,0.001623708987608552,0.0012978506516754743,0.002808863451628009,4.47006601817153,3.5153514649311672,3.8243910865767177,3.8557053079795987,3.9074059189971186,3.9179615189646873
342,0.03885413502852855,0.003489798750072423,0.0016279579722322524,0.0014320967161766238,0.0027775464216649565,4.470313007492984,3.51526552940037,3.82553227500294,3.8569352736815348,3.9088893568803305,3.9195256046729843
343,0.0387095952482984,0.003489063478345679,0.0015251659788191319,0.002133590186336351,0.0027463377353231923,4.470632173443459,3.515312602732851,3.8267608481308253,3.858260755271278,3.9104607572909913,3.92117813824845
344,0.03803828997949627,0.003488328751598371,0.0015574589488096535,0.0010625083066704603,0.00271523891367006,4.470976120802433,3.5153570160853547,3.8279539386518278,3.859546507004926,3.9119905928877987,3.9227899010911575
345,0.03789197504471287,0.0034875660599966046,0.0015863329754211009,0.0019790009984730367,0.002684251472418251,4.471396030186793,3.5152949957372233,3.829103336420723,3.860774529971195,3.913477010185659,3.9243629335125894
346,0.03792750312347296,0.003486875216424049,0.0015712500317022204,0.0006414207807271482,0.0026533769218519384,4.471768361289416,3.5151685255112533,3.8301768969487022,3.861916362256835,3.9148771240701956,3.9258487016144787
347,0.03757085857227578,0.003486223528772869,0.0015433329972438514,0.0011232782588597257,0.0026226167667531583,4.47214509105326,3.5149508050661344,3.8311694372922145,3.8629653510449797,3.916170357365765,3.927216509848842
348,0.0396172415788004,0.003485629373986856,0.0016435839934274554,0.0006457360576149012,0.0025919725063284762,4.4724579201965105,3.514742235875606,3.832142660683542,3.8639924161854804,3.9174352089927984,3.9285519840264485
349,0.041407104004445285,0.003484989719322116,0.0015875420067459345,0.0016719872178786283,0.0025614456341359064,4.472827210785355,3.514612863489897,3.833131073415513,3.865026047050715,3.9186969300066083,3.929880828462002
350,0.03913513053210811,0.0034843432196872796,0.0015714169712737203,0.001360426008890237,0.0025310376380121382,4.473166566627285,3.514596118373253,3.8341892276313017,3.8661389716253627,3.920034083140294,3.9312883700019685
351,0.041858109405821665,0.003483733384296304,0.0016523340018466115,0.004115418406706275,0.0025007500000000012,4.473628210607507,3.514221188940043,3.8349979088383432,3.86690691353356,3.9210570089173467,3.9323328358524257
352,0.04006964123441062,0.003483103606749494,0.0015656670439057052,0.0018311872163826435,0.0024705841962762423,4.47413947795108,3.5138005863448813,3.8357671275044947,3.8676356509401852,3.9220415601310004,3.933341300716772
353,0.038375307491752386,0.003482512641511066,0.001664582989178598,0.0008783743896990095,0.002440541697079578,4.474612304372287,3.5133385585505934,3.8364994290601384,3.8683471200860153,3.9230109249384113,3.9343438073437818
354,0.03947526587623099,0.0034818743838998982,0.00156074995175004,0.001728045630739951,0.0024106239666390364,4.475095590608337,3.5130231525723987,3.8373279583310698,3.869164766881679,3.924075370384007,3.93544471257335
355,0.037558335258049046,0.0034812408767276406,0.0015359999961219728,0.0012783459451764555,0.00238083246310259,4.475594579814698,3.5126956711802317,3.8381140515355114,3.869951155217098,3.9250895700803503,3.9364909711505103
356,0.03735045015043614,0.0034806240195725062,0.0015414999797940254,0.0009622836756761121,0.0023511686384660928,4.476085546807933,3.5123720505304328,3.8388910022743583,3.8707128393085695,3.9260599723824767,3.9374801379382802
357,0.03720855257128627,0.003480061259176068,0.0016519579803571105,0.0009712513228883665,0.0023216339385025075,4.476538352448478,3.5119823005898088,3.839608848701568,3.8714101708571373,3.9269607098771537,3.9383931434521893
358,0.03555409192607974,0.003479612242683702,0.0014911670004948974,0.001738387267507947,0.0022922298026914426,4.476854220588132,3.5115518135420394,3.840294481033529,3.8720791252842837,3.927830624837134,3.9392787902029767
359,0.03787828273891643,0.00347910350794466,0.001468790986109525,0.0017160802835920728,0.0022629576641489953,4.477204222329742,3.5112336120312286,3.841061318433032,3.872846369891567,3.9287968422896133,3.940266935907835
360,0.038034488546202526,0.0034787459661659976,0.0016065830131992698,0.0031811726659471914,0.0022338189495579018,4.47749207055332,3.51063146960382,3.8416183043626173,3.8733164229265213,3.929453703815011,3.940887812360468
361,0.0372246720454523,0.003478426926893211,0.001570874999742955,0.0005546386293793329,0.002204815079098002,4.477728689056738,3.5100695651464204,3.8421679943517986,3.873784690335708,3.930095266990481,3.94149597879377
362,0.036297613007783336,0.0034781153932131777,0.0015399580006487668,0.0006930525906287794,0.002175947466377023,4.477929260830353,3.509562230774273,3.8427498174787114,3.8743098419631377,3.930797098871111,3.942178322739622
363,0.03940719481855054,0.003477721512565893,0.0015744160045869648,0.0019255070647863195,0.002147217518361684,4.478196907665639,3.5091279723271582,3.843400415449367,3.8749352222137565,3.9316041307708227,3.9429819775659274
364,0.037892966226388596,0.003477244138969456,0.0015504169859923422,0.0027815438787833864,0.0021186266353091193,4.478580574339909,3.5087235756120165,3.8440472449510947,3.8755560374539098,3.932393653749839,3.943766700356037
365,0.037119074680090486,0.0034768339587919984,0.0015287920250557363,0.0023078394108108965,0.002090176210698632,4.478964148006671,3.5081546075398067,3.844556263319649,3.8759868993440465,3.9329700161741186,3.944301603000302
366,0.03740244821294319,0.003476429987985828,0.0015702499658800662,0.0008176502261727803,0.002061867631163781,4.47931525192858,3.507699408538632,3.8450941752963104,3.8764604717318076,3.9335859991655395,3.944888087968923
367,0.03982270666044361,0.0034760098627456843,0.001546334009617567,0.0012167868815096336,0.002033702276424795,4.4796856054197365,3.5072835338344954,3.8456362319081996,3.8769329626100415,3.934198316658283,3.9454758592734387
368,0.037417158397253195,0.0034756181875560204,0.001734499994199723,0.0006492758911139826,0.0020056815192213283,4.480022861410903,3.506863573447148,3.8461708587066727,3.8773982788081365,3.9347967876510843,3.946041487639632
369,0.03947857972815978,0.003475298130619846,0.0015760830137878656,0.0015281028635431638,0.001977806725245557,4.480267287780209,3.506394396209313,3.8466906322736576,3.877852363752519,3.935404187932752,3.946631620247937
370,0.038326000023223776,0.0034750524370211807,0.0015296670026145875,0.002968013940095851,0.0019500792530756125,4.480359377482128,3.506079684650923,3.8473020642181224,3.878412711538627,3.9361147452497685,3.9473337405070965
371,0.039190593809680464,0.0034747710941072274,0.0015565839712508023,0.0013445999013874462,0.0019225004541093714,4.480498779210469,3.5057600154961532,3.847906751885307,3.8789781691055465,3.93683646533292,3.948055937970807
372,0.0393683853805572,0.003474429437877545,0.0014981250278651714,0.001766302400233049,0.0018950716724985875,4.480692879949552,3.5055160925756033,3.8485612782264407,3.879604271486224,3.9376158525880096,3.94883979334745
373,0.03538911091229844,0.0034741388993176185,0.001673041027970612,0.0014908018050589199,0.0018677942450833797,4.480807880135336,3.505349532595963,3.849232230928391,3.880249931245648,3.9384068033989528,3.949636113180018
374,0.040043223528309135,0.0034738075708679174,0.0015199999907054007,0.001428026416114335,0.0018406695013270778,4.480967448625725,3.5052095422416625,3.8499204460805663,3.880920075999755,3.9392276227571417,3.9504717123267605
375,0.040365446179604664,0.0034734637394755775,0.0015333750052377582,0.0011040231135101503,0.0018136987632514257,4.4811376362825825,3.505036563271222,3.8506202270515226,3.8816155642595707,3.940081101264644,3.9513479762094517
376,0.03799902378540191,0.0034730908142425986,0.0015474579995498061,0.0014701014842994587,0.0017868833453721464,4.481329360338605,3.504949173406684,3.8513522113234333,3.8823517001748296,3.940969664349416,3.9522632043996815
377,0.03878101052344676,0.003472715358784358,0.0015162500203587115,0.0015674278874479323,0.001760224554634879,4.481496533509119,3.504965039908177,3.852140927402535,3.883152172394556,3.9419191234062714,3.9532422686300666
378,0.03775166362309517,0.0034722990085923815,0.0017008750000968575,0.0018137925263266143,0.0017337236903514676,4.481712637124579,3.505011317525584,3.852954537776207,3.8839750836028597,3.9428820474086823,3.9542297324700053
379,0.039097000271458654,0.0034718868463478746,0.0016408750088885427,0.0010313929472108166,0.001707382044136658,4.4819299444618945,3.5050109472670967,3.853757700755538,3.8847923599001617,3.943846860629109,3.955222865457077
380,0.03726751990221746,0.0034715166281709285,0.0015612079878337681,0.0010254152764978231,0.001681200899845118,4.482093303848778,3.5050249313647472,3.854557502095012,3.8856107376930384,3.944808377012079,3.956213060325341
381,0.03870383621681663,0.0034711793687681506,0.001548541011288762,0.0012976370298616899,0.00165518153350889,4.482211552555521,3.5051020286298824,3.8553653644155412,3.8864319031592736,3.9457622778182158,3.957191506775688
382,0.03779093624886474,0.0034709160680067327,0.001545167004223913,0.002622268287943899,0.0016293252132751743,4.482325449460641,3.504972924074432,3.8559804742742094,3.887042074860148,3.9464806227528704,3.957923735282293
383,0.03457195630601494,0.003470736854121456,0.0016068749828264117,0.002158926414968456,0.0016036331993445477,4.482339638267856,3.5048243271887882,3.8565591927361447,3.887621196656993,3.947170605151505,3.958633041209814
384,0.03748591644881701,0.0034705858847835494,0.0015475829713977873,0.0009021564339453575,0.0015781067439095222,4.482321192965481,3.504689992274458,3.857129290177574,3.8881845206767327,3.947845510455463,3.9593231380556495
385,0.037257439043221784,0.003470349057480296,0.001462999964132905,0.00251966128324406,0.0015527470910935187,4.4823931582001855,3.504615535586439,3.8577530979117336,3.888815104762777,3.948588654697249,3.960086241159727
386,0.03932281445453113,0.003470102390973599,0.001571916975080967,0.002174735238758988,0.0015275554768902442,4.4825181783323815,3.5044329797631715,3.858299238818088,3.8893466499806415,3.949243394216787,3.9607495454209602
387,0.03787227777161638,0.003469895868117297,0.0015692499582655728,0.001711724805972882,0.0015025331291034288,4.482574323277791,3.5043063065260873,3.8588754564349745,3.8899144721132695,3.949934504443026,3.9614541515996042
388,0.036113912957516106,0.003469674836113456,0.001575583009980619,0.0009317666806394121,0.0014776812672870094,4.482649729094407,3.50418636173587,3.8594537422339603,3.890487535117632,3.9506277905268523,3.9621631803962893
389,0.03985717551005411,0.0034695068307508416,0.0016343750176019967,0.002104601935012444,0.001453001102685663,4.482725736936608,3.503940415326467,3.859903180155105,3.890873025319979,3.9511184380302797,3.962633730342001
390,0.03964323682784106,0.0034693225967925585,0.0015453749801963568,0.0010155254644990252,0.0014284938381758005,4.482802722441831,3.5037496986908216,3.8603910601749116,3.891314280989677,3.9516664629258775,3.9631697989206334
391,0.03769581684743525,0.003469109677525039,0.0015697079943493009,0.0016444262719539442,0.0014041606682069128,4.482922472392031,3.503527146554898,3.8608594662707407,3.891750366334217,3.952217309728103,3.9637177865961357
392,0.03696549881047184,0.0034689433221787524,0.0015364999999292195,0.0012364732551764601,0.001380002778743382,4.483015906212276,3.5032499409219957,3.86125897877403,3.892093663591518,3.952661712958281,3.9641395851353893
393,0.038640426053832805,0.0034687375252252127,0.0015507079660892487,0.0016885641925518963,0.001356021347206654,4.483154617341448,3.5030191315637356,3.861669154906748,3.892455972770061,3.9531247430023733,3.964586185470419
394,0.03744059509522631,0.0034685300183570256,0.001496042008511722,0.0008653297506033605,0.001332217542417869,4.483280865199389,3.5028354111703877,3.8621076694565457,3.8928590333757884,3.953626369545436,3.9650769359321387
395,0.0387982912115361,0.0034683131214523232,0.0015685000107623637,0.0010180313335849528,0.0013085925245408944,4.483403133176442,3.502695347281332,3.862578993423513,3.893308568228835,3.9541747804509026,3.9656207992231196
396,0.038737797791238864,0.0034681052539616,0.001476041041314602,0.000657432697287567,0.0012851474450257668,4.483527948399003,3.502552231755456,3.8630330690019643,3.893719654274165,3.954672979206228,3.9660921390080417
397,0.04073169892617973,0.0034678646984501915,0.001584624988026917,0.0016262240292560916,0.0012618834465525906,4.483680094221369,3.5024517905168135,3.8635206614722404,3.894175244634894,3.955219517779736,3.966622412871978
398,0.037783253171938376,0.0034676423654863096,0.0015242090448737144,0.0010332309443732432,0.0012388016629758254,4.483800604993224,3.5023968986545633,3.86402070643172,3.894649902511685,3.9557829859370544,3.967174921975555
399,0.03682633609579391,0.0034674031320320346,0.0014636669657193124,0.0012636860935972283,0.0012159032192690445,4.483939967804936,3.5023558299378266,3.86452731588223,3.8951391024348694,3.956360203384072,3.9677457786840984
400,0.03753113201332358,0.003467150662560566,0.0015312089817598462,0.0012271952813577255,0.0011931892314700856,4.484090166493064,3.5023269834749735,3.8650499245097065,3.895653036570849,3.9569603327613616,3.9683433347121735
401,0.03749599582393491,0.0034668950582417476,0.0017183340387418866,0.0017296663734509827,0.0011706608066266702,4.484229027427112,3.502375958439702,3.865614758299013,3.8962106730010926,3.9575955504805953,3.9689727828376684
402,0.03715076247941087,0.0034666416836204345,0.0015386249870061874,0.0008951878922940304,0.0011483190427424423,4.484372655297029,3.502424197592996,3.8661638842681025,3.896750191587696,3.958208873283203,3.96957999457114
403,0.03822869486963572,0.003466395841417585,0.0015488340286538005,0.0008754663762909157,0.0011261650287234543,4.484509386638192,3.5024908599151234,3.866708290978829,3.8972845945003267,3.958810037541423,3.9701735471317634
404,0.036797282460365614,0.0034661480623585502,0.0017427090206183493,0.0030549611287834944,0.0011041998443250959,4.484699745333896,3.5024474855136223,3.8671419146466,3.8976790298435673,3.959265454947831,3.97060033359604
405,0.0366463791432394,0.0034659313153316738,0.0016361660091206431,0.0015126157696797875,0.0010824245600994634,4.484878799649112,3.502329409381787,3.867511935765434,3.8979910033295266,3.959632751554078,3.970922116047615
406,0.03690316003130887,0.0034657370740894112,0.001503166975453496,0.0007862408788209635,0.0010608402373431939,4.4850363395579596,3.5021837750615936,3.867855632502314,3.8982796148832404,3.959978873714415,3.9712300586073277
407,0.03856260929521766,0.003465571227520529,0.0016279579722322524,0.0008853076526811446,0.0010394479280457247,4.485155055680253,3.5020422109799623,3.8681898052780967,3.8985705278057656,3.960332541091953,3.97155641265019
408,0.037961432895629046,0.003465384960387627,0.0016434580320492387,0.0015478377563810336,0.0010182486748380314,4.485285383778602,3.5019546198803577,3.868560182284876,3.8989065156968725,3.960730528891328,3.9719327313262704
409,0.03720693938503768,0.003465183413129322,0.0015172080020420253,0.001366777209502007,0.0009972435109418076,4.4854305349562065,3.5018651312964515,3.8689392473842172,3.899262848157509,3.96115216566366,3.972340239254158
410,0.03777351569087307,0.003464975675300006,0.0015838750405237079,0.0014606563670179246,0.0009764334601191078,4.485570212222976,3.5018305579129043,3.869351915878471,3.8996570202483873,3.9616118627277346,3.9727907080700517
411,0.037824964660017855,0.0034647803846751275,0.001535374962259084,0.0008865425656336814,0.0009558195366224508,4.4856884565525705,3.5018131736554445,3.869772467207302,3.900067078628173,3.9620883832684792,3.973263121614805
412,0.03737778954304393,0.00346459116329253,0.0015930000226944685,0.0010762178776482897,0.000935402745145387,4.485794900124841,3.5018313022253547,3.8701997751968538,3.9004882640135974,3.9625748216325105,3.973747924798702
413,0.038086452256311056,0.003464456919373604,0.0015782080008648336,0.003048636439656496,0.0009151840807735252,4.485820153459789,3.5018854236669994,3.8706429517036547,3.9009317978337257,3.963083602359214,3.9742589627300084
414,0.03901209095529898,0.003464346215795807,0.0014966250164434314,0.002838253181598103,0.0008951645289360467,4.485861945416694,3.501815189359964,3.870978457622605,3.9012359628799955,3.9634470096684997,3.9746035289377
415,0.03821407142355027,0.0034642284538922807,0.0015836249804124236,0.0009922147433747918,0.0008753450653576633,4.4859044082918516,3.5017653687801493,3.871333051057758,3.901567880249942,3.963840174836981,3.9749836697904173
416,0.03870302828149749,0.0034641460880933906,0.0015561249456368387,0.002193890845511683,0.0008557266560110695,4.48592291003695,3.501631825943692,3.8716245218793897,3.901832787039962,3.9641702970552197,3.9753010091822154
417,0.038382376452216246,0.003464038177742976,0.0014939999673515558,0.0016200595723659837,0.0008363102570698579,4.485966214537495,3.5015417874231627,3.8719363626972116,3.902126743978992,3.9645284305786594,3.975651405391205
418,0.03958746860250366,0.0034639043472609716,0.0014728340320289135,0.0019181091685713857,0.0008170968148619213,4.486031295166688,3.5015020598143254,3.8722821633172924,3.902459114649977,3.9649247457689727,3.9760422330774268
419,0.03836677397099341,0.0034637558225300664,0.001529207977000624,0.0024197636604972915,0.0007980872658233266,4.486131179786575,3.50140738557422,3.8725872919257016,3.902745472727458,3.965282147146799,3.976398438010774
420,0.038911325571319315,0.0034636113881930026,0.0017086669686250389,0.0006708496490572144,0.0007792825364526756,4.486226001717325,3.501317277938396,3.8728870377403646,3.903032869398096,3.96564001160022,3.976759205917367
421,0.03608674720039552,0.0034634911645313755,0.0015801659901626408,0.0009489789213886591,0.0007606835432659496,4.486300313331404,3.5012045161991083,3.873156676396773,3.9032864801703275,3.965958528277113,3.977078040162735
422,0.03871885009115137,0.0034633474440991154,0.0015097500290721655,0.0019221315053907194,0.0007422911927518332,4.486396370346412,3.501127961753215,3.873451039063556,3.903571350698595,3.9663067101675735,3.9774286494789983
423,0.03810098537142553,0.0034632173807395633,0.001520249992609024,0.001196358221629247,0.0007241063813275485,4.486483720402758,3.501015818829252,3.873718775615819,3.903829152265804,3.9666280441746333,3.9777541367479494
424,0.038646875539825376,0.0034630995484343802,0.0014965840382501483,0.0011657549523250144,0.0007061299952951432,4.4865676562926655,3.500876166212571,3.8739535317769755,3.9040471584642416,3.966908157259856,3.9780350827386366
425,0.03777621021896791,0.003462957151502254,0.001741458021569997,0.002174541249947545,0.0006883629107983164,4.486679541995082,3.500763218613653,3.8742000497658955,3.9042816402575973,3.9672028662241354,3.9783325460669023
426,0.03867363318539774,0.003462827484046713,0.00152283301576972,0.0019472341497341963,0.0006708059937796987,4.486793006652835,3.5006028089838526,3.8744025349295033,3.90446001576163,3.967435621866595,3.9785608269765973
427,0.038419394984740056,0.0034627079798259957,0.0015532500110566616,0.0010248126373646638,0.0006534600999386576,4.48689802661459,3.5004288736507534,3.874592380820023,3.9046232526980704,3.9676509528040746,3.978770086977928
428,0.039306156353469617,0.003462615874711821,0.0015065419720485806,0.0019639606457419185,0.0006363260746895873,4.486986171144473,3.500213421720634,3.8747452792469264,3.9047213408581576,3.9677968497177583,3.978884581441743
429,0.03936352656911954,0.0034625279201437975,0.0015402919962070882,0.001169403287279451,0.0006194047531207041,4.487056862996478,3.50003853021207,3.874927503700809,3.9048560146204427,3.9679786592910533,3.9790402545241736
430,0.037429809365801106,0.003462453029668108,0.0015401249984279275,0.0009728163869338896,0.0006026969599533516,4.487107159460936,3.49989506979008,3.875116732667776,3.9049990637038183,3.9681649375767587,3.9792010497125205
431,0.03792816622925513,0.00346237515412314,0.0017169580096378922,0.0013052391345697244,0.0005862035095017946,4.487152966375137,3.499797142278684,3.8753248671774085,3.9051682269930046,3.9683758123941097,3.979391244244705
432,0.03875881847278598,0.003462278056276568,0.0015282080275937915,0.0028235235642696498,0.0005699252056335431,4.487233939126221,3.499676081344886,3.875510123647861,3.9053089852279768,3.9685559069421754,3.9795476181177363
433,0.036034114261601906,0.0034621962684690637,0.0015485420008189976,0.0013608309254622606,0.000553862841730158,4.487301711262572,3.4995302912341923,3.8756697296982106,3.905430142615691,3.968715939006441,3.9796867792693535
434,0.03844724156626125,0.003462088787059128,0.0015899999998509884,0.002534952013307134,0.0005380172006485993,4.487396856844235,3.499402406190785,3.8758433736591007,3.9055747079252505,3.968901702526856,3.9798573239483677
435,0.04041596612957136,0.003461976356003136,0.0015560000319965184,0.0012689987980646909,0.0005223890546830563,4.487491990064922,3.499298906008809,3.8760316011246374,3.9057401855219553,3.969109288980064,3.9800544402372684
436,0.03556550648922038,0.003461888520031173,0.0015775409992784262,0.001192807395214021,0.0005069791655273144,4.487561561293793,3.4991895420591024,3.8762027276082045,3.905881439850061,3.969290061104796,3.9802181488686057
437,0.03973682305044868,0.00346180892368007,0.0015015410026535392,0.0007481490327943317,0.0004917882842376341,4.487617730022215,3.4990978762006852,3.8763766157707327,3.9060301059911535,3.9694778047351553,3.980393637806625
438,0.0391281293226097,0.0034617460348771185,0.0015692919841967523,0.0020142094020012017,0.00047681715119613513,4.487645876456052,3.4990391894475255,3.8765637083022044,3.9061962827432524,3.9696811209538954,3.98058757357108
439,0.03849105216795972,0.0034616880406539217,0.001543707970995456,0.0010750421283468733,0.0004620664960747236,4.487679696157386,3.4989695475411167,3.8767243292259503,3.9063220716814504,3.969838781665189,3.9807268585707036
440,0.04142253888193599,0.003461610128443013,0.001536124967969954,0.0027565116311786203,0.0004475370377995175,4.487740648879902,3.4988835775393454,3.8768842556637533,3.9064485429846014,3.9699976325176363,3.9808667476429616
441,0.0355628208707407,0.003461539334403172,0.0015690420405007899,0.0013806774910781114,0.0004332294845158176,4.487797317368053,3.498777040188715,3.8770266772526516,3.9065598862898216,3.970142009235392,3.9809940252611473
442,0.03757287086431015,0.0034614780230670396,0.0014715839643031359,0.0005520316446640419,0.000419144533553583,4.487848483201316,3.498672498893257,3.8771496587966534,3.9066512419905814,3.9702572416417854,3.981090279467152
443,0.03780114328351973,0.00346142784686609,0.001659250003285706,0.0011504979158332529,0.00040528287139345574,4.48788224526003,3.498587597735491,3.8772752847975975,3.9067496514329862,3.9703804991530993,3.9811989163405324
444,0.039725970530495064,0.0034613780069603023,0.0015698749921284616,0.0007890077915416136,0.00039164517363329224,4.487912370989664,3.498519879833419,3.8774068470314553,3.9068575140671538,3.970514362981875,3.9813217624822523
445,0.03745925012780251,0.0034613289982341365,0.0016555420006625354,0.0012391588913429077,0.0003782321049552411,4.487943297809819,3.4984379136768173,3.8775286251147776,3.9069605922528154,3.970645949074546,3.981446233945893
446,0.036651896427591306,0.0034612899947194134,0.0015702919918112457,0.0017230052599259789,0.0003650443190933469,4.487957446222063,3.498384063920126,3.877658339948657,3.9070741018955704,3.970785735999403,3.9815803521298894
447,0.03829134450763936,0.003461240909521666,0.001508207991719246,0.0015714832811317995,0.0003520824588016869,4.487983300415073,3.498342888796158,3.877791195678555,3.907193960924999,3.9709312957148617,3.981722340387804
448,0.040181427902784346,0.0034611850640115195,0.0017072089831344783,0.0019967735818941608,0.00033934715582304695,4.4880229565348095,3.4982906699957557,3.8779123024101922,3.907299592664396,3.971060609966382,3.9818455329362505
449,0.03758067920831781,0.0034611426162450714,0.0015784999704919755,0.0014330684714756708,0.0003268390308581253,4.488045845086691,3.4982346774273076,3.878027070366262,3.9074026467865006,3.9711873355158303,3.9819681562121434
450,0.04001910507352288,0.003461096660922617,0.0015398749965243042,0.0010333649411622902,0.0003145586935352887,4.488070745401147,3.498183073419775,3.878145842432653,3.907515599214148,3.9713253786221014,3.9821048791838067
451,0.0396924595555459,0.0034610488104109822,0.001565791026223451,0.0018940888787377325,0.00030250674238085137,4.488106276548379,3.4981226209485485,3.8782458043642922,3.9076023231994426,3.9714334096140744,3.982205640162472
452,0.03777690379080853,0.0034609986911139394,0.0016632499755360186,0.0013296394300870988,0.0002906837647899102,4.488147081957732,3.4980628578333794,3.878340573956638,3.9076825757391958,3.971532319693827,3.982295381006435
453,0.039659975081568724,0.003460957181197169,0.0015393340145237744,0.0018010692255585633,0.0002790903369977137,4.4881718497409295,3.498019906877578,3.878445967094083,3.9077771902211995,3.9716460426192786,3.9824026389572382
454,0.03682990398249469,0.003460917792588183,0.0015979589661583304,0.0025477670129433767,0.0002677270240515765,4.488203722619852,3.497952578746786,3.8785277632461783,3.907838161563781,3.971726321816706,3.9824683430206473
455,0.039917353684822604,0.003460874518065002,0.0015500410227105021,0.0014891743016170174,0.0002565943797833396,4.488235369689928,3.4979033573793488,3.878622717470336,3.9079172087887164,3.971824665041319,3.9825552648291893
456,0.0379679839240582,0.003460833416481065,0.0016091249999590218,0.0007814455446871633,0.00024569294678238046,4.488265268714784,3.497853343735005,3.8787127607080776,3.907992388886421,3.971919797066013,3.982640582185486
457,0.04002481686505125,0.003460792563965084,0.0017200830043293536,0.001497684283539128,0.00023502325636916188,4.488297587470219,3.497795678981324,3.878795470402377,3.9080582415902048,3.9720057918612666,3.9827166790012036
458,0.038463181387961204,0.0034607412711192696,0.001664249983150512,0.003246729676589095,0.00022458582856934304,4.488345603650905,3.497735308853091,3.878873047682714,3.908120269389809,3.972085502502226,3.9827864808326834
459,0.03743217220272216,0.003460692902484314,0.0015272909658960998,0.002514583195406432,0.0002143811720884298,4.488395293858503,3.497658913290269,3.878931414858427,3.9081639709206333,3.9721489644282912,3.9828431301510534
460,0.037854495676109094,0.0034606517007547332,0.0015884159947745502,0.0012050385911075857,0.00020440978428698246,4.488435014665556,3.497581990568384,3.878988184545377,3.9082094059179915,3.9722149707461343,3.9829046792675746
461,0.038831726470182494,0.003460610656871953,0.0017157919937744737,0.0010313128151280167,0.00019467215115637467,4.488473792384419,3.497514403942296,3.8790461696248437,3.9082575189329867,3.9722823181144387,3.982968652461604
462,0.03693989628452823,0.0034605752129587167,0.0015743330004625022,0.000799139923017564,0.0001851687472951083,4.48850706224406,3.4974483479031035,3.8790979707017845,3.9082995219478565,3.9723421535819528,3.983024480997976
463,0.03738368280542622,0.0034605491812811176,0.0015132090193219483,0.0020293240055836996,0.00017590003588567962,4.488531757631153,3.497373654856585,3.8791376495253003,3.908329431244774,3.9723880495371287,3.9830659767228345
464,0.03838779197249938,0.0034605250071453025,0.0016766670159995556,0.0013725450070513614,0.00016686646867200534,4.488550993872562,3.497317666763787,3.8791849759509454,3.9083689213333193,3.972442286404359,3.983116734530952
465,0.038293077676362676,0.0034605015709030474,0.0016249169711954892,0.0009816049580161227,0.00015806848593740948,4.4885671604240995,3.4972715949867488,3.8792372633845145,3.908415379443873,3.9725030034789612,3.983175175602626
466,0.03750860226519302,0.003460477501105874,0.001601708005182445,0.0010195035664718787,0.00014950651648315563,4.488585119046193,3.497231858267659,3.879286080491588,3.9084588182841773,3.9725596568998154,3.983229956603176
467,0.037781028565716954,0.0034604525539430188,0.0015794160426594317,0.0015056214812428283,0.00014118097760755784,4.488605740904389,3.4971923437499584,3.879331111289548,3.90849779959161,3.972610338648903,3.98327793058469
468,0.03788965950617001,0.003460431029029609,0.0015778339584358037,0.0012000110832695798,0.00013309227508563512,4.488624689343466,3.497150414666828,3.879367868883137,3.908527275324544,3.9726506651917854,3.983314526670232
469,0.03777613586666161,0.0034604081429572384,0.0014842079835943878,0.0013847375739365077,0.00012524080314933647,4.488644023937422,3.497118829731513,3.8794080791684897,3.908561542033465,3.9726950009364437,3.983355808724378
470,0.040623445006612406,0.003460387780173489,0.0015387499588541687,0.0008103040539139184,0.00011762694446832748,4.4886594867730745,3.497089532165155,3.8794476102973823,3.9085976346201585,3.9727419332197025,3.9834014632293164
471,0.0356583972235287,0.0034603713817509493,0.0017333330470137298,0.0005971888252499321,0.00011025107013133847,4.488670957064314,3.497063204982697,3.879483204320211,3.9086297434197133,3.972783326944689,3.983441272266087
472,0.03883485805895712,0.003460356497984552,0.0015624170191586018,0.000692010375706475,0.00010311353962807993,4.488680432967122,3.4970421901082647,3.8795191078007623,3.908661544735814,3.972823473829874,3.983479520507163
473,0.03928789516937863,0.003460342163041392,0.0015497499844059348,0.0008721785242171498,9.621470083171694e-05,4.488688850917989,3.4970262060139126,3.8795555900458254,3.908694470394828,3.9728641535058427,3.983518612500096
474,0.036459088471241345,0.003460332311392617,0.0015264579560607672,0.0011771778853553732,8.955488998192129e-05,4.488693598799272,3.4970089476489212,3.8795866109056543,3.9087199885139396,3.9728955945874325,3.983546215927028
475,0.040304038557316874,0.0034603206210751854,0.0015494159888476133,0.0014583048825990825,8.31344316684771e-05,4.488699875045104,3.4969963841065526,3.879619451438999,3.9087486918197016,3.9729302062802185,3.9835780473883866
476,0.04013642773048409,0.0034603065292401042,0.0015347080188803375,0.002102872621888245,7.695363881546601e-05,4.488708853368164,3.496989554950053,3.8796531232815545,3.9087790730521466,3.9729662318020997,3.9836120619000526
477,0.03724923808751084,0.003460294905609859,0.001553207985125482,0.0015768293444029463,7.101281266601034e-05,4.488714322221732,3.4969871658406597,3.8796864991640545,3.908810209000869,3.973002752879004,3.983647235616101
478,0.03773961485630012,0.0034602860161483057,0.0016215420328080654,0.0012730676950395432,6.531224276759696e-05,4.488717329019097,3.49698167636642,3.879715811631833,3.9088376436685737,3.973035454478203,3.983679091850078
479,0.03853450684360866,0.0034602755833705806,0.0015197910252027214,0.0019149528949317688,5.985220695795936e-05,4.4887223421745395,3.4969798619626564,3.879744837760486,3.908865386432872,3.9730680806253678,3.9837112508571324
480,0.03822461261483173,0.003460266139705745,0.0016810840461403131,0.0013366834228661227,5.463297135153983e-05,4.48872599687748,3.4969805373778073,3.8797735398057878,3.908893390728389,3.9731006138075693,3.983743594898473
481,0.03944044019041074,0.0034602572897352484,0.0015105000347830355,0.0010102170224054725,4.9654790326519536e-05,4.488730125568655,3.4969794204401197,3.8797982009681244,3.9089174000803744,3.973128848289251,3.9837718323552527
482,0.03883674419734233,0.0034602491984240683,0.0015548749943263829,0.0021232724896225823,4.491790651241681e-05,4.488735138662782,3.4969741382918436,3.8798177426435125,3.9089352580417005,3.9731504638624884,3.9837927029316664
483,0.03875001060633298,0.003460242116427583,0.0017085410072468221,0.0007090783047809364,4.042255077826842e-05,4.488739469583978,3.496968601595082,3.8798348495039483,3.9089510988242524,3.973169805576449,3.9838116494026563
484,0.03683325066359574,0.0034602365368562567,0.0015523750334978104,0.0013015652841175905,3.616894222136855e-05,4.488741935711609,3.496964445568463,3.8798511938609717,3.908966615877452,3.9731884676138858,3.9838301015640307
485,0.039482480896297516,0.0034602318220694588,0.001550292014144361,0.0006667014672806048,3.215728815659845e-05,4.488743833222843,3.4969602539290667,3.8798654713802105,3.908980312032737,3.973205091025722,3.983846702684885
486,0.03746529327829917,0.0034602280320024568,0.001544916012790054,0.00047763829902859557,2.8387784106317687e-05,4.4887451175831625,3.4969568192290623,3.8798777875113006,3.908992048041765,3.97321930172538,3.9838608433906986
487,0.03728698031968231,0.0034602244901455735,0.0014686670037917793,0.001090350407409682,2.4860613790834994e-05,4.488746302023709,3.4969550352375163,3.8798892419244178,3.909003055480156,3.973232476070627,3.983874040231965
488,0.039437817187195835,0.0034602210648434447,0.0015446670004166663,0.002684843311033001,2.157594911945631e-05,4.488748391574414,3.4969512089678743,3.879897750985112,3.909010618971547,3.973241972933902,3.983883186372269
489,0.039526430631398504,0.003460217786067994,0.0015416250098496675,0.0017510294704443593,1.85339501821029e-05,4.488750896900348,3.4969474779078555,3.879904467163355,3.9090162624465288,3.973249124823034,3.983889925379626
490,0.036249673823357094,0.0034602155218934083,0.0016408339724875987,0.0024063142720180423,1.5734765241512226e-05,4.488752982634949,3.4969426629817337,3.8799085721345157,3.909018868601571,3.9732528450403928,3.983892941147917
491,0.03626933837143581,0.0034602139068635814,0.0015978750307112932,0.0009411728173455935,1.317853072600837e-05,4.488754274128151,3.496938688764546,3.8799121019237632,3.9090213163762,3.9732563149042575,3.9838959551340927
492,0.03636028940618659,0.003460212727844187,0.001612874970305711,0.0017790235318199204,1.0865371222856342e-05,4.488754922513852,3.4969364604267175,3.8799156068566423,3.9090240125007067,3.9732598089890767,3.983899118056128
493,0.037332831182793916,0.003460211614284753,0.001488416048232466,0.0011517328773996474,8.79539947218588e-06,4.488755664475855,3.496934630850174,3.879918466242476,3.9090262074781448,3.973262599816437,3.983901602903994
494,0.039574783468809854,0.003460210558354091,0.001704416994471103,0.001287332108961473,6.9687163615008415e-06,4.488756388300561,3.4969334665834566,3.879920985259095,3.909028267067174,3.973265140567492,3.9839039491017716
495,0.03848614659225008,0.0034602099199988016,0.0015287920250557363,0.0015144229430051873,5.385410920757513e-06,4.4887566685979134,3.496932680631508,3.879923021606361,3.909029997914059,3.973267248870473,3.983905936408286
496,0.03798468178319612,0.0034602092506841337,0.0015690420405007899,0.0021955613326101573,4.045560318030737e-06,4.488757050391469,3.496932387157374,3.879924792321531,3.9090315697042985,3.973269098954119,3.983907707347564
497,0.03838959822214284,0.0034602087163043546,0.00166712497593835,0.001163402673142113,2.9492298557484155e-06,4.488757357473442,3.4969322749288416,3.8799261625952313,3.9090328208485023,3.973270570108391,3.983909143087763
498,0.03734609483389331,0.003460208362831093,0.001592917018570006,0.0006005462811280147,2.096472967509925e-06,4.488757542886395,3.4969321636358632,3.8799271220333615,3.9090337073156545,3.9732716138755446,3.9839101648267303
499,0.036788511403362104,0.003460208139268441,0.001582083001267165,0.0006177713705800847,1.4873312154834578e-06,4.488757665397238,3.4969320403784643,3.8799277303377337,3.909034257720338,3.9732722476616584,3.983910772097918
500,0.03710344125926277,0.003460208006726952,0.0015717500355094671,0.0012119753662021358,1.121834288378963e-06,4.488757710590545,3.496931941863793,3.879928185328437,3.909034668571144,3.9732727224527102,3.983911225748256
