iteration,training_loss,validation_loss,iter_time,raw_grad_norm,lr,t0,t1,t2,t3,t4,t5,t6,t7,t8,t9,t10,t11,t12,t13,beta0,beta1,beta2,beta3,beta4,beta5,beta6,beta7,beta8,beta9,beta10,beta11,beta12,beta13
0,0.012979165635325163,0.0009836790048251937,7.178838680963963,,,1.2426494076450263,1.2426494076450263,1.2426494076450263,1.2426494076450263,1.2426494076450263,1.2426494076450263,1.2426494076450263,1.2426494076450263,1.2426494076450263,1.2426494076450263,1.2426494076450263,1.2426494076450263,1.2426494076450263,1.2426494076450263,0.0,0.2817535251253208,0.43404278278030195,0.5310638054044796,0.5987785940560387,0.6489233261224009,0.6876458540105603,0.7184998534591345,0.7436910466053832,0.7646647176173081,0.7824092432280134,0.7976243809601434,0.8108199838000862,0.8223766390185734
1,0.013313681105721394,0.000983671769529918,15.271591570228338,0.01654185729625599,9.999999999999159e-07,1.2426516371444047,1.2426516371433871,1.242651637141682,1.2426516371389038,1.2426516371340555,1.2426516371278584,1.2426516371208927,1.2426516371019962,1.24265163710246,1.242651637099373,1.2426516368057237,1.2426516371209841,1.2426516371330574,1.2426516371310583,1.0000062115587969e-06,0.2817545251304939,0.4340437827850204,0.5310648054084227,0.5987795940586371,0.648924326123137,0.6876468540092603,0.7185008534545326,0.7436920465990451,0.7646657176107475,0.7824102432042286,0.7976253809348552,0.8108209837934583,0.8223766390185734
2,0.01304071742556382,0.0009835282645230432,10.619788935407996,0.016214570616683334,2.097999999999987e-05,1.2426984051285443,1.2426983901314141,1.242698366127552,1.242698349760052,1.2426983520341135,1.2426983243424856,1.2426982813407654,1.242698307819759,1.2426982615181896,1.2426978181580546,1.2426441638990264,1.2426977652084397,1.242697843039344,1.2426982846632528,2.1975365040639954e-05,0.2817754932417666,0.43406474145242857,0.5310857564548543,0.59880054341609,0.6489452685593856,0.6876677779050904,0.7185217600495877,0.743712947570343,0.7646865749079548,0.782431075538957,0.7976463429819464,0.8108418170940308,0.8223766390185734
3,0.013506480844005358,0.00098324192326158,7.0540357432328165,0.016497780449731336,4.095999999999993e-05,1.2427897530721943,1.2427897198520175,1.2427896601431123,1.2427896263065334,1.2427896554549505,1.2427895842145582,1.2427894375253743,1.2427892943480172,1.242788962887513,1.2427880931875426,1.2426780707984542,1.2427872225737704,1.2427879215765647,1.2427893915473391,6.294417352516156e-05,0.28181645244707004,0.43410568543449224,0.5311266873928302,0.5988414736484594,0.6489861853252481,0.6877086464455077,0.7185625146469674,0.7437535279014945,0.7647269924285444,0.7824716263867775,0.7976865522787671,0.8108821815428787,0.8223766390185734
4,0.013896235118058198,0.0009828105014394932,6.137493952177465,0.016697523008305,6.0939999999999996e-05,1.2429256015355659,1.2429256921361398,1.2429256817249286,1.2429257006200878,1.242925816564628,1.2429256818605077,1.2429256246369573,1.2429254092053164,1.2429248104455817,1.2429231230115272,1.242757568651213,1.2429218394874826,1.2429230331702792,1.2429253189792973,0.00012388202028137458,0.2818774427684339,0.4341666977642153,0.5311877236831981,0.5989025466124673,0.6490472635516172,0.6877697235382544,0.7186235127173753,0.7438142921848693,0.7647876025535395,0.7825317491641458,0.7977465451662078,0.8109427940999117,0.8223766390185734
5,0.013282320972923704,0.000982237876619462,7.260545595083386,0.016472713540408763,8.091999999999984e-05,1.243106073190437,1.2431061588046146,1.2431062181974615,1.2431062960530999,1.2431065060871964,1.243106219854686,1.2431061679303483,1.2431060163631047,1.2431028010775922,1.243102643287177,1.2428774243497724,1.2431000448454559,1.2431020563239026,1.243105747594771,0.0002048196066013992,0.2819583835446434,0.43424766633703493,0.5312687135630256,0.5989835649796086,0.6491282402091564,0.6878506153482854,0.7187042580868838,0.7438942465667725,0.7648674070782748,0.7826123296294887,0.7978246041123048,0.8110228102399439,0.8223766390185734
6,0.012917771431136461,0.000981536285381892,7.22735760640353,0.01619832452851759,0.0001008999999999999,1.243331069100346,1.2433311546573658,1.2433311915855203,1.243331102782129,1.2433311718852598,1.2433299323058231,1.2433287673407374,1.2433293966092716,1.24332145786074,1.2433212764042183,1.243015245016393,1.2433126345008683,1.2433164268398513,1.243328891405694,0.00030572427724193666,0.28205928984928136,0.43434856081385187,0.5313695276475702,0.5990842777286322,0.6492286026885392,0.6879503086817048,0.7188033875256586,0.7439918638766795,0.7649641555514727,0.7827096446767209,0.7979198123983964,0.8111189051284153,0.8223766390185734
7,0.013173950319738597,0.000980697142487683,7.383274544030428,0.01661650882414654,0.00012087999999999997,1.2436008991742618,1.2436008533223637,1.2436008158227434,1.2436005027445631,1.2436003940802502,1.243597768044704,1.2435950852904518,1.2435971972027968,1.2435828031658265,1.2435810893925687,1.2431833509259707,1.2435619890233591,1.2435731199582942,1.2435957636277688,0.0004267310943080429,0.2821802465745598,0.4344694995713489,0.5314903731547235,0.5992050152032504,0.6493488812184856,0.6880697062587735,0.7189221815996664,0.744108812211494,0.7650798086604841,0.7828269227073158,0.7980351562247123,0.8112343782375294,0.8223766390185734
8,0.012924588471838848,0.000979726240403804,6.947756233159453,0.016259440381048477,0.00014085999999999992,1.2439151412545295,1.2439149293326015,1.243914877209466,1.2439143894670008,1.2439141342814317,1.2439099812254055,1.2439053109309464,1.2439073240495906,1.2438859016981936,1.243882410900356,1.2433622187095785,1.2438486937569062,1.2438747579498108,1.243907016745861,0.0005676432653245858,0.28232110275924793,0.43461036455703717,0.5316311657369239,0.5993457171488484,0.6494891073291279,0.688208917792257,0.7190603136669406,0.744244421760081,0.7652136421235014,0.7829616202748779,0.7981688425964482,0.811369464685111,0.8223766390185734
9,0.011430691265379666,0.0009786239668620321,7.288558188825846,0.015357002525977376,0.00016083999999999998,1.2442733412389342,1.244272459134793,1.2442714152972072,1.2442694211848364,1.2442669671870532,1.2442601812596052,1.2442541639485514,1.2442556635066693,1.2442321125597389,1.2442302207223364,1.2435748270885894,1.2441872554800435,1.2442238713114189,1.244263575013265,0.0007281590315332234,0.28248126548315877,0.43477005101442784,0.5317901516070571,0.59950365371029,0.6496455783245831,0.6883640542866205,0.7192145623443296,0.7443983020830368,0.7653680159725382,0.7831158616215383,0.7983231321327042,0.8115258019338862,0.8223766390185734
10,0.012303193411380371,0.0009773957215632456,7.96202756697312,0.01601009081072829,0.00018081999999999983,1.244676070416008,1.2446741649202786,1.2446717853268066,1.2446678883526339,1.2446624368319343,1.2446536919127211,1.2446465448513622,1.2446403657612604,1.2446215826330804,1.2446259299188809,1.2437707507727345,1.244578078521562,1.2446230563084388,1.2446659323601144,0.0009085722599588062,0.28266115036745776,0.4349492835256849,0.5319684900415322,0.5996805980283889,0.6498210323832195,0.6885384274215858,0.7193871193207143,0.744571024817868,0.765542753977228,0.7832842513322116,0.7984933082057306,0.8117036963929863,0.8223766390185734
11,0.012907862018582465,0.000976023235548577,6.475008056964725,0.016098236066599318,0.0002007999999999999,1.2451232091644637,1.2451204800546611,1.2451168146005553,1.2451109556347382,1.24510256190787,1.2450911087280958,1.2450833284835967,1.2450722427471983,1.245053590905218,1.2450635515367523,1.2440560056325782,1.2450073145371205,1.2450640475006454,1.2451126557454673,0.0011088485935649187,0.28286099781143575,0.4351484878300578,0.5321667625033406,0.5998774511556343,0.6500161248306104,0.6887322547502125,0.7195795357364749,0.7447630538633859,0.7657363112719031,0.7834763858505004,0.7986848854099127,0.8119010578835077,0.8223766390185734
12,0.013177954309818073,0.0009745240869753791,7.610639961902052,0.016514338899096696,0.00022077999999999996,1.2456155353829363,1.2456118033129517,1.24560677877444,1.2455990164871227,1.2455877466083012,1.2455739554971177,1.2455656269935285,1.2455479737371853,1.245533734380486,1.2455454035683806,1.2442847994163078,1.2454848423269462,1.2455510802685292,1.245605900393662,0.0013293783593129316,0.2830810292248557,0.4353678849660613,0.532385294575058,0.6000946641048253,0.650231803401101,0.6889469282397507,0.7197927776177655,0.744976668321689,0.7659513915754488,0.7836861983680008,0.798898802642641,0.8121196339157786,0.8223766390185734
13,0.013601498301046453,0.0009728874383071513,7.505187676753849,0.016685631345273164,0.0002407599999999999,1.2461528946181795,1.246148254060988,1.246142456358021,1.246133600370258,1.2461202629510484,1.2461058951237671,1.246097279117104,1.2460702851564096,1.2460635348770859,1.2460785626910031,1.2444982248164116,1.2460140691493289,1.2460878220322662,1.2461467798472634,0.0015700668688293385,0.2833213185053596,0.4356078003584675,0.5326247171794586,0.6003331965735416,0.650469559058904,0.6891842923597336,0.7200286508139647,0.7452129838728352,0.7661892639701566,0.7839151015544991,0.7991328871679176,0.8123597851891861,0.8223766390185734
14,0.014093060205283281,0.000971105759014454,7.210410323925316,0.01682830668058195,0.00026074,1.2467351627447427,1.2467304139338384,1.2467247220562987,1.2467158237496787,1.2467019729651465,1.246688044882143,1.246679165759412,1.2466452808649504,1.246642002885528,1.246657529044725,1.2447688054058532,1.24658048498675,1.246664968575013,1.246732566273348,0.001830919232128829,0.28358220405534346,0.43586873464664133,0.5328856619142397,0.6005939554879508,0.6507302280915644,0.6894448803762488,0.7202881726929061,0.7454720780900244,0.7664482018996778,0.7841669628432407,0.7993868584548028,0.8126177291886076,0.8223766390185734
15,0.012326742410684275,0.0009692250865268613,7.1830833540298045,0.015827112572561943,0.00028071999999999993,1.2473610549509788,1.2473567797550735,1.2473510409096356,1.2473412699346689,1.2473253190128446,1.2473096714669802,1.2472976780487315,1.2472518461043565,1.2472557113179812,1.2472721410875536,1.2449978543101308,1.2471874474351403,1.247283262465725,1.2473617066980778,0.002111261644510111,0.2838628074881138,0.4361492370251728,0.5331657700261515,0.6008731490419588,0.651008248159461,0.6897213808424038,0.7205615834556119,0.7457446972439871,0.766721576165707,0.7844278348798607,0.7996573986637477,0.8128942497157554,0.8223766390185734
16,0.012718929738908483,0.0009672078176148118,7.125796006061137,0.0157638518092884,0.0003007,1.248030428707966,1.2480267456217438,1.2480203766666251,1.2480093121895237,1.2479910650401083,1.2479738067542618,1.24796097835796,1.2479074184710934,1.2479183879298883,1.2479336478348255,1.2452734431819377,1.2478434867703627,1.2479525416688724,1.2480345658801681,0.0024109505905792286,0.28416278191975947,0.43644883738346274,0.533464761907595,0.6011710734558277,0.6513049195388133,0.6900171022270288,0.7208556820117311,0.7460394763544967,0.7670176786203894,0.7847140169458294,0.7999529716782082,0.8131941033281782,0.8223766390185734
17,0.014093847722804621,0.0009650651545534368,7.373411477543414,0.016973653189470646,0.00032068000000000005,1.2487460391313958,1.248743485251368,1.2487371515545045,1.2487255908560277,1.248706248062301,1.2486880612830302,1.248673611188203,1.2486142121283135,1.2486304701645217,1.2486398430583683,1.2455317148456873,1.2485377967753672,1.2486553307255666,1.2487495497314527,0.0027313442134055464,0.2844837933984736,0.4367697920918031,0.5337854799192637,0.6014912596426789,0.6516243723948357,0.690335631103437,0.7211726737163927,0.746356434431614,0.7673341923733836,0.7850185861559569,0.8002678418177108,0.8135093978422321,0.8223766390185734
18,0.012233901629861358,0.0009628392680450071,6.361148977186531,0.015351513518327224,0.00034066,1.2495050668566603,1.249501983111833,1.2494950220150345,1.2494825334536859,1.2494628128523568,1.249442353883897,1.2494229577848306,1.249364264533741,1.2493753747662941,1.2493704740861256,1.2458220634367538,1.249228366193463,1.249351209801858,1.2494940805793968,0.0030709279723006504,0.2848233643754343,0.43710901042593964,0.5341241547941377,0.6018293910833994,0.6519613326924956,0.6906701215184443,0.7215049898516309,0.7466856841445461,0.7676587252375021,0.7853348095628452,0.8005908778048384,0.8138235272415061,0.8223766390185734
19,0.014170373950208719,0.0009604685533365127,8.090091041754931,0.017125817628757506,0.00036063999999999996,1.2503109138383943,1.2503078223708306,1.2503009698258727,1.2502883556855107,1.2502687491864894,1.250248217472753,1.2502256908768894,1.2501631174452303,1.2501763602369418,1.2501602281442612,1.2461313800515563,1.2499883485816958,1.2501060235990307,1.2502900691172265,0.003431455349935768,0.28518417530961354,0.43746975956652145,0.5344847183361574,0.6021897117454885,0.6523212464584736,0.6910286700607589,0.7218614430672718,0.7470401909412693,0.768009790395246,0.7856738273724777,0.8009369247055742,0.814163348692149,0.8223766390185734
20,0.014108073339836243,0.0009579581257055658,7.989412907976657,0.01725367996326694,0.0003806199999999999,1.2511634923100519,1.2511617390269445,1.2511558770694544,1.251143580433518,1.2511237635867467,1.2511038468987612,1.2510794041044606,1.2510045908992995,1.251025636799603,1.2510027968035682,1.2464791708689071,1.2508100767875963,1.250926927222361,1.2511391945538846,0.0038129111292555975,0.28556656844344813,0.4378524384328072,0.5348674836998172,0.6025723042837333,0.652703702525959,0.6914104214115213,0.7222403485187547,0.7474172539089449,0.7683846439735201,0.7860354251510757,0.8013060045545842,0.8145314962318091,0.8223766390185734
21,0.012983625097840922,0.0009553490180951261,7.708412976004183,0.016203208401464924,0.0004006,1.2520610690385756,1.2520599093112224,1.252054189594858,1.252041378401482,1.2520207946772006,1.2520002879158574,1.2519732821450555,1.2518876696690568,1.2519129702955474,1.2518811546579378,1.2468214900708294,1.2516547614773215,1.2517887217694967,1.2520341406228979,0.004214323080953134,0.2859686584445858,0.43825449212284817,0.5352692854877561,0.6029736424237905,0.6531044146159033,0.6918098628390964,0.7226367409184059,0.7478110266529943,0.7687753847740098,0.7864151824948435,0.8016939535909253,0.8149178268680509,0.8223766390185734
22,0.013382677879714547,0.0009526077605934393,6.929297571070492,0.01676021559343827,0.00042057999999999993,1.2530045816561162,1.2530046936332613,1.2529994615488118,1.2529859981172844,1.25296381530239,1.2529415453304058,1.252912229352617,1.2528161819098,1.2528445827542272,1.2528062751327322,1.2472654796326306,1.2525542905139724,1.2527009095571298,1.2529786976682058,0.004636221704439631,0.2863916077307503,0.43867751333507055,0.535692016365295,0.6033956202611533,0.6535251994945129,0.6922290464022998,0.7230529988626667,0.7482250632360314,0.7691875576433935,0.7868203650075749,0.802104708982894,0.8153271151805617,0.8223766390185734
23,0.013420559887571655,0.0009497558334885641,7.547328924760222,0.016376627515855672,0.0004405599999999999,1.2539924250590524,1.2539942629823684,1.253989862511452,1.253976223781102,1.2539531905372423,1.2539293072927384,1.253898265594814,1.2537902659311304,1.2538202023040441,1.2537733958341253,1.2477210957336615,1.2534862383166594,1.2536691577498713,1.2539708615360472,0.005077828140095356,0.28683457846502636,0.4391207145154548,0.5361351427157064,0.6038383128364934,0.653966934986314,0.6926694116770957,0.723490186016629,0.7486590850417877,0.7696185257330621,0.7872457485147021,0.8025367420402667,0.8157594033931748,0.8223766390185734
24,0.013342915880120574,0.0009467852762344052,8.223960825242102,0.016518083655912397,0.00046053999999999995,1.255025757069349,1.255028307766067,1.2550246916206484,1.2550112947034862,1.2549875385840406,1.2549647051733814,1.2549352643699105,1.2548104990149307,1.2548510180132355,1.2547983559643026,1.2481446558698155,1.254484536533094,1.2546948197117869,1.2550143661933733,0.005539578255142517,0.287297405797482,0.4395837928438538,0.5365984323002411,0.6043014906246421,0.6544301911880073,0.6931330908394648,0.723951464665454,0.749119066842086,0.7700769421068597,0.787694833564437,0.8029948690728479,0.8162177504942226,0.8223766390185734
25,0.013411937623146186,0.0009437104388281003,7.507078019436449,0.015900216901574563,0.0004805199999999999,1.2561022751054038,1.2561051195404649,1.2561016098595186,1.2560880998369965,1.2560646884174436,1.2560430501331832,1.256017179469581,1.2558886540906058,1.2559372425453512,1.255863496275159,1.2485832692298142,1.2555079599937333,1.255754193636532,1.2560958558242659,0.006020372213386988,0.2877792055830063,0.4400655765189808,0.5370802860030496,0.6047835630545046,0.6549126588204311,0.6936164608735964,0.7244350300449254,0.7496028866842772,0.7705567478758506,0.7881711219150515,0.8034800475788764,0.8166929853680492,0.8223766390185734
26,0.01301425180235558,0.0009405270085417199,7.292964663822204,0.01656155273135188,0.0005005,1.2572254074014038,1.2572277828864789,1.257223723214207,1.2572088521263356,1.257182396198692,1.2571621348739133,1.257138535574599,1.256994359325913,1.25705923321353,1.2569903793256072,1.249127839912814,1.2566187943006977,1.2568760288117247,1.257230718450238,0.006521765583815864,0.28828135058219245,0.4405673076173168,0.53758148596975,0.605283584409522,0.6554120891741604,0.6941161651803003,0.724932880031182,0.7501017656694574,0.771057999097865,0.7886598593992673,0.8039769899829883,0.8171931035163799,0.8223766390185734
27,0.012504545882295534,0.0009372935775314169,7.048782788217068,0.01588857785418714,0.00052048,1.258392814577481,1.2583942333077278,1.2583882144145855,1.258370259355333,1.2583397881920428,1.258316057668889,1.258289560583635,1.2581384930474244,1.2582080722445474,1.2581297670112903,1.249691892829312,1.257720137322707,1.2579934334386575,1.2583899293151934,0.007042650122379012,0.28880288499248963,0.44108779816544796,0.5381005987428393,0.6058007480985892,0.6559267778456513,0.6946280273165459,0.7254416928588517,0.7506090829133497,0.7715637688732676,0.7891590928917294,0.8044837755610704,0.8176940668518601,0.8223766390185734
28,0.013987539100318244,0.0009339745055194935,6.535398248583078,0.01695218953580084,0.00054046,1.2596081449993113,1.2596092505163377,1.259602512565044,1.2595826812317286,1.2595505981841513,1.2595213652746444,1.2594874008369197,1.259342042134136,1.2593975740174077,1.259295721200832,1.2503023337723387,1.2588053748199148,1.25910623017184,1.2595806009965314,0.007584912175917988,0.2893463878879916,0.4416308534560761,0.5386428240225146,0.6063419531869488,0.6564654934579301,0.6951620975480735,0.7259728507597887,0.7511345505860126,0.7720812496338068,0.7896785844234847,0.8050056479068175,0.8181971388777863,0.8223766390185734
29,0.012712251033498325,0.0009305742949812453,7.142024990171194,0.015871404375793135,0.00056044,1.260866541201835,1.2608664454597072,1.2608582225935892,1.2608358497432404,1.2608006186025151,1.2607679998087868,1.2607284852912732,1.260573695274782,1.2606269540292285,1.260516837206157,1.2509194469217964,1.2599581835978466,1.2602795408579672,1.2608205048025387,0.008146059918601806,0.2899084928230741,0.4421920704756791,0.5392028481856272,0.6069002897951778,0.6570214280433647,0.69571426113438,0.7265201175457091,0.7516763735559034,0.7726184490077599,0.7902098273778044,0.8055396369627237,0.818724332511195,0.8223766390185734
30,0.013549230297223883,0.000927080359158804,7.271130228880793,0.016419688662654985,0.0005804199999999999,1.2621692964281013,1.2621690137726334,1.26216015098677,1.2621368615837758,1.262101142601231,1.2620682203371734,1.262025280820633,1.261863614373651,1.2619147499540613,1.2617857083503219,1.251450145998392,1.2611494150859428,1.2615024568331783,1.262111203702505,0.008726910178261566,0.29049103963431755,0.4427742254124953,0.539784715641399,0.6074818943256,0.6576024869871039,0.6962932884130042,0.7270959168968271,0.7522471412683529,0.7731822103550744,0.7907656437374435,0.806101670553546,0.8192742983909327,0.8223766390185734
31,0.01242116523516972,0.000923529882523177,8.33167241094634,0.016145374863115736,0.0006004,1.263518006964586,1.2635158295149291,1.2635046101391563,1.26347827924356,1.2634385353108044,1.263402185393232,1.2633542042876547,1.263171722374419,1.2632307430478007,1.2630863599638193,1.2520062695100238,1.2623831910044054,1.2627823508970009,1.2634486063707493,0.00932795080399501,0.29109310019116424,0.4433750301878638,0.5403841555776928,0.6080793743689792,0.6581973568928141,0.6968844641183763,0.7276802977805166,0.7528265100205879,0.7737566892183106,0.791329574111532,0.8066746724529484,0.8198463671720759,0.8223766390185734
32,0.012491312862350588,0.0009199175228631145,8.6326774940826,0.016120397049011567,0.00062038,1.2649130867634284,1.2649059146951855,1.2648897661425273,1.2648578500097314,1.2648098313052318,1.2647713172073618,1.264721033636163,1.2644986285607964,1.264588803386153,1.2644462829006577,1.2524985003171287,1.2636958925206512,1.2641345601660174,1.2648406402091357,0.009949232255021239,0.2917141002004125,0.4439935580887054,0.5410001067575461,0.6086915040968035,0.6588060068905679,0.6974902207096186,0.7282770754584044,0.7534214833441044,0.7743528215573078,0.7919024259401297,0.8072665014511442,0.8204481258101248,0.8223766390185734
33,0.01183525310833659,0.0009162707806843962,6.426269869785756,0.015333492588028366,0.00064036,1.2663505385321951,1.266336103199426,1.266311125955311,1.2662693499666422,1.2662085910580925,1.266164750951731,1.2661106709387075,1.2658444174891084,1.2659759360529228,1.265829852308517,1.2530536455586243,1.2650478780031897,1.2655086393999393,1.2662736814432352,0.010588791834034859,0.292352397325209,0.4446275264021978,0.5416293997523292,0.609314527502507,0.6594229863673697,0.6981022593029484,0.728877837485017,0.7540220266176678,0.774956011994944,0.7924814977467468,0.8078653790098411,0.8210588156680777,0.8223766390185734
34,0.01302802204518599,0.000912537761653093,7.261234913952649,0.016238398488862757,0.00066034,1.2678339996248138,1.2678114021812332,1.267777478981834,1.2677261162641829,1.2676525856027634,1.2676063242830835,1.2675520254114383,1.2672438526866439,1.267423502411562,1.267277623696356,1.2536026262869882,1.2664675095601716,1.2669304701574546,1.2677631660679178,0.01124847168111666,0.2930107432087178,0.44528142332757875,0.542278701687872,0.6099575482471741,0.6600605820349282,0.6987363036018991,0.7295023027788833,0.7546482575036642,0.7755860357037346,0.7930825513043382,0.8084859396899986,0.8216917050480175,0.8223766390185734
35,0.013074252292304451,0.000908695239278668,6.174316327087581,0.016145965485035347,0.0006803200000000001,1.2693631018972666,1.26933115932763,1.2692874706941193,1.2692262419228435,1.269139145415008,1.269091090165738,1.2690419503339687,1.2687081341595727,1.2689358774068222,1.2687939156309678,1.2542631064313732,1.2679583782145922,1.2683982857256269,1.2693043930136882,0.011928172797751749,0.2936888466502492,0.4459547095983391,0.5429472741265999,0.6106195838146059,0.6607170724742875,0.6993904953364279,0.7301516919747946,0.7553047331488736,0.7762498317689284,0.793724744467278,0.8091453933020241,0.8223503893867274,0.8223766390185734
36,0.012336841819621792,0.0009048318363254051,6.173010000027716,0.015664253008069607,0.0007003,1.270936751506371,1.2708937407145806,1.2708379359948818,1.2707640620219716,1.2706611477960836,1.2706041915743935,1.2705549602730084,1.270210750952828,1.270473146444634,1.2703177198039384,1.2549909391386034,1.2694395989392357,1.2698613298468295,1.2708664171615207,0.012627132084389764,0.29438570013328497,0.4466455827198799,0.5436319402215731,0.611296074906942,0.6613847523017307,0.7000515990838049,0.7308072522397399,0.755966184550031,0.7769155439332525,0.7943779956345669,0.8098149271481231,0.8230087454190078,0.8223766390185734
37,0.011535100115986232,0.0009009063851737011,7.754669394344091,0.015348422808463134,0.00072028,1.2725520729862416,1.272496674169033,1.2724256481051628,1.2723347121676343,1.2722079571106037,1.2721363569266746,1.272092472148031,1.2717363312636145,1.272043090266889,1.2718880191357107,1.2558305770142162,1.271013276556465,1.2713925745776737,1.2724769703145944,0.013344004788231343,0.2951000234878728,0.4473523638042824,0.5443305577828034,0.6119832151981801,0.6620592165195872,0.7007187277427469,0.7314701227060286,0.7566417065635197,0.7776045421337046,0.7950554111895947,0.810510869099429,0.8236981358774529,0.8223766390185734
38,0.011871053028590109,0.000896945802876972,7.419676774181426,0.015569848280796232,0.00074026,1.274211282600641,1.2741422651573395,1.2740538762853102,1.273942308850458,1.273785722844531,1.2736939182169613,1.2736547723232645,1.273280303132024,1.2736440408112988,1.2734886938921457,1.2566899021509075,1.2726323284605678,1.272981394519041,1.2741315362097219,0.014079836593213508,0.29583296882748916,0.44807655300814175,0.5450448440688866,0.6126832478086518,0.6627430454173614,0.7013928397931213,0.7321378042213224,0.75732539984581,0.778306443416455,0.7957485853894685,0.8112305856210222,0.8244137539999578,0.8223766390185734
39,0.011773306200298213,0.0008929399906366797,7.013196141924709,0.015528878482516675,0.00076024,1.2759145402767884,1.2758294553904108,1.275722314809128,1.2755878521875048,1.2753967045958081,1.2752797380889966,1.2752450412398755,1.274852557576097,1.2752743549427181,1.2751247054750918,1.257648838087877,1.2743010498217804,1.274619688497377,1.2758268748762942,0.014834739349581221,0.29658423161362213,0.44881821208721795,0.5457754414318023,0.6133974468665004,0.6634379370928671,0.7020756782323065,0.7328132665943587,0.7580189924388144,0.7790224965527276,0.7964607011665432,0.8119689106269005,0.8251514386809666,0.8223766390185734
40,0.010789010407779364,0.0008889202706284338,6.7129460838623345,0.014759024382418724,0.0007802200000000001,1.277657865372277,1.2775531201015233,1.2774211429642877,1.27725591598574,1.2770180360498808,1.2768677779661932,1.2768399187106643,1.276429713734035,1.2769339684601042,1.2768012637442563,1.2586352655152024,1.2760422461114174,1.2763102439978025,1.2775682810786033,0.015606640815262971,0.29735089744331095,0.44957229734553267,0.54651474955923,0.6141147330637237,0.6641295947858614,0.7027520779173513,0.7334820261248216,0.7587163294009506,0.7797543907327836,0.797188835007286,0.8127328344129908,0.8259149430540501,0.8223766390185734
41,0.012481005509624589,0.0008848375627356757,7.802983385976404,0.015896484853432195,0.0008002,1.2794479299559214,1.2793220798088472,1.2791639423645285,1.2789672124630054,1.2786794529212187,1.278503872919646,1.2784902492329797,1.278026541795976,1.278654461804164,1.2785643434321907,1.2595922607495749,1.2779062817675717,1.2780836040580144,1.2793737684855464,0.01639888097832014,0.2981376306400618,0.4503457405556537,0.5472729931592016,0.614849761535757,0.6648401884294861,0.7034511738011545,0.7341705579419013,0.7594386317912896,0.7805198602804638,0.7979301546277037,0.8135127029925585,0.8267108339706605,0.8223766390185734
42,0.01191890887963298,0.0008807658004814905,7.307409271132201,0.015175182805908766,0.00082018,1.2812792241324769,1.2811317817560086,1.280947588922556,1.2807186154128016,1.2803820651682216,1.2801758074286353,1.280169111118974,1.2796658830338976,1.2803885246670403,1.2803289681555272,1.2605671053800858,1.2797198022136638,1.279840156042997,1.2812066650053873,0.017208993567815377,0.2989426173016773,0.45113737404793275,0.5480490075045453,0.6156025068353453,0.6655667667945208,0.7041620512605913,0.734868802969302,0.7601630539339248,0.7812799093629548,0.7986752684733789,0.8142913787085092,0.8274991792197869,0.8223766390185734
43,0.012159487090147636,0.0008766746499331915,6.806024481076747,0.015349784957636028,0.00084016,1.2831552580201053,1.282983926575161,1.2827710552756137,1.2825077065823627,1.2821222095631157,1.2818838419524905,1.2818833477098321,1.2813555145607132,1.2821562839898268,1.2821276823619876,1.2616420715522467,1.2815165558097061,1.2816021158854407,1.283074192074355,0.01803832799062373,0.299766288562995,0.45194644207179513,0.5488412019984713,0.6163704869854281,0.6663070941493244,0.7048845966581145,0.7355787539803081,0.760896086716506,0.7820455440969042,0.799437477801386,0.8150787178214609,0.8282882986715001,0.8223766390185734
44,0.011992131534211366,0.0008725959410539423,8.288402095902711,0.015563609746313418,0.00086014,1.285077186795525,1.284879237172299,1.2846361349070694,1.2843368433182805,1.2838977650148615,1.2836331163416945,1.2836417082467997,1.2830408304707988,1.2839705383958553,1.2839921528391836,1.2623513390443872,1.283418148171456,1.2834622622622673,1.284998016121132,0.018887374237637772,0.3006089238121049,0.45277348626803715,0.5496504591941073,0.6171535649676557,0.6670626733762632,0.7056244070126226,0.7362989052098472,0.7616428783781005,0.7828332341888324,0.8001843425434432,0.815884182245082,0.8291150065505011,0.8223766390185734
45,0.014098988230898652,0.0008684215003372102,8.245253543835133,0.01706029478219541,0.00088012,1.2870538023235527,1.2868338313674517,1.2865649470994844,1.2862342453171416,1.2857470710294172,1.2854586468157378,1.2854780940315937,1.2848201478867471,1.2858560486715283,1.2859174992714666,1.2631559746334895,1.2853613779422728,1.2853646363131244,1.2869835066677149,0.01976089211072107,0.30147906192683066,0.4536302134838738,0.5504918759277858,0.617971926146423,0.6678562916752931,0.7064038318956614,0.7370624721141524,0.7624296006756707,0.7836546797084041,0.8009766943828635,0.8167285654015366,0.8299648716399352,0.8223766390185734
46,0.013566509856318866,0.00086422103701825,7.802793384063989,0.016253165779870377,0.0009001,1.2890802758738436,1.2888370107745764,1.2885441233876789,1.2881856662607116,1.2876577160292617,1.2873531590773424,1.2873857697322888,1.286680631023313,1.28781954919028,1.2878989687738656,1.2638328720926684,1.2873112147260048,1.287300941763659,1.2890183115355651,0.020655942735378522,0.30237119491656117,0.4545097136004564,0.5513575567901191,0.6188174058584174,0.6686809075738177,0.7072169101469756,0.7378617333615479,0.7632495762243807,0.7845007571382486,0.8017925363867029,0.8175999037919006,0.8308279699600319,0.8223766390185734
47,0.011840221617842485,0.0008600527690408662,6.659045428037643,0.015121309487640667,0.0009200800000000001,1.2911490993173707,1.2908803224553052,1.290559677208935,1.290168461378914,1.2895952764509433,1.2892658591424244,1.2893077702324451,1.2885797946809299,1.2898117975708252,1.2898875628154953,1.2644969471780365,1.2892341702623245,1.289225171363014,1.2910750222096603,0.021568765565409275,0.30328058056012025,0.45540442963351335,0.5522357838012545,0.6196723793959461,0.6695101143603263,0.7080292891284848,0.7386603734725611,0.7640704877592652,0.7853465427592307,0.802621235053012,0.818489718245649,0.8316932810126024,0.8223766390185734
48,0.012434250831969076,0.0008558487551838262,7.115553352050483,0.015910431621270572,0.0009400599999999999,1.2932679712616522,1.292969277699523,1.2926193307908938,1.2921943170067671,1.2915738619480421,1.2912182060904127,1.291275597923748,1.2905394797311662,1.2918488692145458,1.2919360064099292,1.2652808319889934,1.2912007926273958,1.291196468528303,1.293188544908008,0.02250307419446557,0.3042103052252786,0.45631873838092823,0.5531329869326157,0.6205451983052936,0.6703554509164936,0.7088576677105561,0.7394782670942138,0.7649118199450623,0.7862159594260564,0.8034836073177657,0.8194083827596007,0.8325805414734966,0.8223766390185734
49,0.012893954702425187,0.0008516416510714935,7.40933547494933,0.01610905782108694,0.00096004,1.2954349856891991,1.2951081998751577,1.2947305591415017,1.2942727746292575,1.2936057244002133,1.2932221631872873,1.2932934885927558,1.2925380643114377,1.29391640828228,1.2940186625886974,1.266018548460118,1.293185306498604,1.293229794283059,1.295357871230731,0.02345850371199728,0.30516285649077224,0.4572566301864878,0.5540544576043438,0.6214428724737794,0.6712254536183659,0.7097097417874436,0.7403167107139732,0.7657684315019169,0.7870982082571624,0.8043577992805195,0.8203453589832279,0.8334927354702253,0.8223766390185734
50,0.012014756764083211,0.00084742048140492,7.285029474180192,0.015671817306572546,0.00098002,1.2976500456055104,1.2972903345332936,1.2968797479652654,1.2963845540663694,1.29566384953569,1.2952585044027107,1.2953571702622924,1.2945693386565824,1.296043865662522,1.2961921211525655,1.2667229680647274,1.2952885119549753,1.295347030890914,1.2975934957349715,0.024434235079708985,0.3061340897090983,0.45821076963580787,0.5549900108007557,0.6223515145508081,0.6721057366883258,0.7105761008686837,0.7411715670107479,0.7666497495267897,0.7880166189611189,0.8052570649835816,0.8213098637930945,0.8344399575075576,0.8223766390185734
51,0.011918177574898043,0.0008432133274714824,7.169556424021721,0.01560780456412331,0.001,1.299911913174947,1.2995152714962641,1.299068949556104,1.2985334547097749,1.2977525496787616,1.2973205652187287,1.2974504210991606,1.296637104487872,1.2982277969037552,1.298408259337966,1.2672951814839064,1.297467630206468,1.2975198521682336,1.2998786666518232,0.025430153434217825,0.3071244478971075,0.4591827066857729,0.5559420197652465,0.6232740255005925,0.6729965607354053,0.7114518066297001,0.7420379577425295,0.7675523795495393,0.7889626740304672,0.8061843908446621,0.8223197270260784,0.8354185148171664,0.8223766390185734
52,0.011832071418784285,0.0008390541225845867,7.133722030092031,0.015332345575914197,0.0009999878275373446,1.3021717524816085,1.3017362233114833,1.3012517354642668,1.3006733778226667,1.2998267426500976,1.2993705384155798,1.299543272553093,1.2987119495167556,1.300432744957386,1.300656437283013,1.2680624409613552,1.2997205245386265,1.2997289837419193,1.3021767150728203,0.02642423425877296,0.3081125895284729,0.4601511307628289,0.5568892860546177,0.624189547156352,0.6738791950127864,0.7123219539737065,0.7429036699120768,0.7684631272920674,0.7899246597109866,0.8071329601909857,0.8233452835705987,0.8364117701980108,0.8223766390185734
53,0.011966140723085775,0.0008349913055748466,6.811753730289638,0.01536550390884737,0.0009999513107426476,1.3044311383770393,1.3039528045638498,1.3034295861559075,1.3028092142063028,1.3019003191473106,1.3014194328295232,1.3016355406872944,1.300806575386146,1.30264456666967,1.3028745549136027,1.268919252071387,1.301935333834516,1.3019043842924942,1.3044522622537746,0.027417600679369672,0.3090991200918819,0.46111786201149113,0.5578353295308934,0.6251052956421567,0.6747629051865034,0.7131930592409227,0.74377340684317,0.7693773343680316,0.7908816221854991,0.8080884783570644,0.8243680634549302,0.8373909055285272,0.8223766390185734
54,0.012694139377300313,0.0008310429294407625,6.6067454647272825,0.015622422646327048,0.0009998904513956854,1.3066926905768939,1.3061712987902887,1.3056095339494354,1.3049467906009562,1.3039798048383517,1.3034693000834179,1.3037192885442992,1.302917329091959,1.3048333350435675,1.3050548443786079,1.2698791884816245,1.3040254907160607,1.3040165219539077,1.3066980695415003,0.028411507814254958,0.31008680509386277,0.4620857016218741,0.5587820004329718,0.6260221847755736,0.6756462827498209,0.7140585754386469,0.7446354720437368,0.7702733751942588,0.7918098477134021,0.8090350038587236,0.8253685065954158,0.838341005701809,0.8223766390185734
55,0.010921574897486293,0.0008272375580375711,6.868271636776626,0.014534540508930839,0.000999805252462657,1.308945925347728,1.3083797135994546,1.3077759508754054,1.3070650623193514,1.3060313677564555,1.305482742599879,1.3057644188278026,1.3049829182832389,1.3069980927568614,1.3072007886474388,1.2706952092643686,1.3061030011102344,1.306107162966318,1.3089247450995267,0.02940067104841821,0.3110693104640194,0.4630463228498723,0.5597184622688505,0.6269243971161986,0.6765091808912694,0.7148990304471381,0.7454683800135125,0.7711457940951296,0.7927192385662971,0.8099572476618808,0.8263605145324929,0.8392820326131937,0.8223766390185734
56,0.012141851051049344,0.0008234928412454965,7.895819179248065,0.015908578874602706,0.0009996957180960385,1.311207214704985,1.3105928803455746,1.3099448885675686,1.3091841531566375,1.3080821750878895,1.3074932666176768,1.3078107471465577,1.307044825762202,1.3091542941546377,1.3093318358796389,1.2716896177907495,1.3081691047450636,1.3082129653579233,1.3111538984597972,0.030392865276680208,0.3120542256580173,0.4640085112861335,0.5606557743125353,0.6278266567518733,0.6773707600782136,0.7157379426659649,0.7462987978575024,0.7720142921099826,0.7936236580887308,0.8108898184843287,0.8273586703707515,0.8402289714708706,0.8223766390185734
57,0.011436362904951826,0.0008198401283622731,6.872386640869081,0.014841041790096206,0.0009995618536343797,1.3134630996464185,1.31280111322755,1.3121056090102488,1.3112898145642562,1.3101126880820833,1.3094744091936208,1.3098278374798482,1.3090810095866423,1.3112853030968221,1.3114297700268673,1.2727829539247604,1.310204799594655,1.3103266653239112,1.3133788033181237,0.03138190394077568,0.3130364601645385,0.4649662168005423,0.5615859578526646,0.6287180243654809,0.6782158325817849,0.7165559686060864,0.7471060603363427,0.7728619426856126,0.7945104033535486,0.8118196992117841,0.8283558998659237,0.8411792718633141,0.8223766390185734
58,0.011772570197410069,0.000816274426595122,8.591851665172726,0.015306638972034537,0.0009994036656020464,1.3157195916709534,1.3150066447845246,1.3142620931017535,1.3133897938455352,1.3121324102987015,1.3114497560914138,1.311848494172205,1.3110912626318223,1.3134212979794433,1.3135669985652356,1.2737339143278805,1.3122905111662957,1.3124885238627992,1.3156284424796638,0.032370618195397216,0.31401749802712214,0.46592184071078735,0.5625133520365484,0.6296047963279534,0.6790562128775308,0.7173725311606145,0.7479096904245777,0.7737100651783824,0.7954067999880071,0.8127464878475326,0.8293557368340831,0.8421457129649738,0.8223766390185734
59,0.011500081383204718,0.0008128067975378437,7.448783159721643,0.01494342550355795,0.0009992211617088995,1.3179723914733443,1.3172085400400733,1.3164133959590225,1.3154819091994063,1.314138617941894,1.3134137630094929,1.3138547798994316,1.3130679273928514,1.3155640204335282,1.3157124188581268,1.2745767181631242,1.3144287730580313,1.3146305038979935,1.3178851284100705,0.03335696279519674,0.3149966053026891,0.4668743566863184,0.5634360054123877,0.6304838943800369,0.6798869524425034,0.7181778301427578,0.7486974503206973,0.7745494503723128,0.7963026426282769,0.813652731808313,0.8303518351232536,0.8431061306306765,0.8223766390185734
60,0.010213672649089477,0.0008093921532979547,8.024671250022948,0.014595217290579622,0.0009990143508499217,1.3202236820187983,1.3194011498752556,1.318546923967748,1.3175438114310656,1.3160922378288644,1.3153199847325676,1.315813728338938,1.314966666149987,1.3176860603258285,1.3179055012067091,1.2756676148784025,1.3167160810689942,1.3167941653443738,1.3201393490447528,0.03434132826406768,0.31597034406365,0.46781696905754167,0.5643423913616397,0.631335786951236,0.6806798151770032,0.7189417264848985,0.7494385423197911,0.7753560610195435,0.79718861921882,0.8145160187279256,0.8313001218512649,0.8440642964915183,0.8223766390185734
61,0.01134226818918559,0.0008060545106461996,7.7185380649752915,0.01530674268623581,0.0009987832431047822,1.3224790577197887,1.3215940866529174,1.3206778711467324,1.3195998996926765,1.3180332203464225,1.3172100240671396,1.3177591966253224,1.3168549310179134,1.3198195298272026,1.3200950369016182,1.2766738364266665,1.3190322422740037,1.3189589008293674,1.3224000226293837,0.03532678941099364,0.3169442614118096,0.4687583753987789,0.5652460299386232,0.6321820675396019,0.6814637285116096,0.7196952419126319,0.7501702092155641,0.776162982116917,0.7980811208555626,0.8153869305739672,0.8322682606723742,0.8450287756226595,0.8223766390185734
62,0.011928532895079887,0.0008027962409971618,7.781506437808275,0.015513421353700861,0.0009985278497373468,1.3247379369077814,1.3237922966424753,1.3228137081232108,1.32165919703038,1.3199741846395645,1.3190994273604617,1.3196990124750978,1.3187230575134712,1.3219375346270612,1.3222856355381432,1.2776273612452425,1.3213418086789346,1.3211088343264954,1.3246734363159565,0.036313679517822994,0.317920993549311,0.4697023508492462,0.5661515107789991,0.6330286396285204,0.6822461084713665,0.7204442674775052,0.7508916697133032,0.7769570962384095,0.7989647181125493,0.8162418224830306,0.8332262058599367,0.8459873364802875,0.8223766390185734
63,0.011615158925286471,0.0007995713856892504,7.610558717045933,0.0152265783112503,0.0009982481831951274,1.3269955933770816,1.325990997223106,1.324950750984336,1.3237198873024218,1.3219137497457816,1.3209922159586314,1.3216519914241478,1.320576625428989,1.3240587101510015,1.3245069436278276,1.278798204224397,1.3236970351948092,1.3232907598440717,1.3269617138627374,0.037299520584901956,0.31889806126073356,0.4706467492676149,0.5670574702593297,0.633874760846431,0.6830280983913707,0.7211958195233512,0.7516132550590108,0.7777512566923179,0.7998527211912901,0.8171038106512791,0.8341798819665595,0.846956638935984,0.8223766390185734
64,0.011246026169121511,0.0007964169610412976,6.97469695424661,0.01485491908919765,0.0009979442571086772,1.329250346729094,1.3281855643018807,1.327081229311903,1.3257716946294953,1.323841187657503,1.3228705681136999,1.3235983586188087,1.3224283226279465,1.3261842528901386,1.3267211384880886,1.2799725616403579,1.3260463049016888,1.3255019902972665,1.3292478383689539,0.03828325635428855,0.31987292478758733,0.471587585690358,0.5679583899705242,0.6347137144509186,0.683800112879472,0.7219372210097207,0.7523259677872761,0.7785421525968156,0.8007398721519244,0.8179740721119583,0.8351410568351758,0.8479352452264212,0.8223766390185734
65,0.011628827183579748,0.0007933546594734915,6.771597226150334,0.015326206434317065,0.0009976160862909245,1.3315096102829356,1.3303819107838992,1.3292119796297908,1.3278224412160526,1.3257693531148154,1.3247425433302789,1.3255299048232385,1.3242920862044325,1.3282972083546984,1.3288891828906175,1.2811167194296642,1.3283115660229465,1.3276581799685256,1.3315110295646082,0.03926850338295187,0.32084898676414597,0.4725289662744666,0.5688590196433904,0.6355521339430423,0.6845689649838179,0.7226697800518077,0.7530289088274957,0.7793199104941504,0.8016064011786693,0.8188357128546488,0.8360952282547458,0.8488924933203024,0.8223766390185734
66,0.010566858437903955,0.000790360649909351,7.775548041332513,0.014565882371072297,0.0009972636867364526,1.3337656788155117,1.3325685949160844,1.3313289385443732,1.3298552515431337,1.3276711127780783,1.326590786390957,1.3274467433183905,1.32611985502715,1.3303971491086386,1.3310924748931068,1.2822771266879056,1.3306025613619128,1.329834668056697,1.3337759492063053,0.040251238034231404,0.32182023114739955,0.47346339023631484,0.56975047766978,0.6363774332073964,0.6853218272324908,0.7233872794805786,0.7537143089627514,0.7800836760548517,0.8024683967774632,0.8196821133324216,0.8370280119272494,0.8498518329761585,0.8223766390185734
67,0.010523154068720598,0.000787432022406482,7.764027239754796,0.014628415295154046,0.000996887075620718,1.3360195730202715,1.3347487300974,1.3334337531462077,1.3318708292312147,1.3295466452361866,1.3284114037722192,1.3293465544749,1.3279109540205374,1.3325021006891875,1.3332836518360527,1.283404925134509,1.3329494345027442,1.3320295211031308,1.336042839222744,0.04123194837967065,0.32278791562321313,0.4743915965451074,0.5706331062045668,0.6371897720719656,0.6860580104542,0.7240892699645372,0.7543835716093649,0.7808443543682966,0.8033364688258336,0.8205335127675749,0.8379809213109353,0.8508226185206222,0.8223766390185734
68,0.013178276829268096,0.0007845409640600451,8.757318350020796,0.016191777957873604,0.0009964862712992153,1.3382833465069408,1.336942995666238,1.3355588819430873,1.3339134956600445,1.3314594959532953,1.3302729197831025,1.3312817859828396,1.3297463246718286,1.3346065796808013,1.3354832287866552,1.2847325855604084,1.3352278406555171,1.3342149917411907,1.338329170514201,0.0422173098972551,0.3237634209542309,0.47533048168381686,0.5715295643022219,0.638020388804339,0.6868160144807961,0.7248123054222736,0.7550719021382367,0.7816089653217124,0.8041991880803775,0.8214005421701921,0.838935170545689,0.8517885928214451,0.8223766390185734
69,0.009630236520459828,0.0007817194416589069,7.594296507071704,0.013590031732041223,0.0009960612933065818,1.3405345515870803,1.3391165628723511,1.3376548551987475,1.3359184104052124,1.3333263226285608,1.3320783165944647,1.3331696494662155,1.331566304653425,1.3366921353494718,1.337639322341345,1.2861758699153327,1.3374644032482697,1.336397943513553,1.3405817066642385,0.04319549294263225,0.3247282796987695,0.4762545295468159,0.5724064777419664,0.6388258783449366,0.6875412578512415,0.7254988740978039,0.7557277684620408,0.7823513692283202,0.8050433483291797,0.8222704721181244,0.8398927378982151,0.8527525359771637,0.8223766390185734
70,0.012369749801227363,0.0007789475720866958,8.055040129926056,0.015799753090047695,0.000995612162355645,1.342792460823797,1.3413009036155712,1.3397662362632787,1.337944529742031,1.335222549060163,1.3339172911429442,1.335086125812552,1.3334194770747625,1.338792931935877,1.339791807908487,1.2877226671822175,1.3396920640630579,1.338566375446985,1.342838318672973,0.04417666475290768,0.32569902345155727,0.47718658648314205,0.5732940356156431,0.6396456769153006,0.6882841254876059,0.7262030167199663,0.7564005784171179,0.783104701870926,0.8058903254653149,0.8231472482735046,0.8408529784206347,0.8537109767743637,0.8223766390185734
71,0.010935215839111273,0.0007762751282901117,7.249439164996147,0.015092765239173729,0.0009951389003364144,1.3450546639790724,1.343484036858807,1.3418727100228327,1.339962033464659,1.3371031692246764,1.335742606384446,1.3369822448666202,1.3351937297715555,1.340871747203512,1.341934106262032,1.288915926571521,1.3419327230504121,1.3407413655061622,1.34510446669127,0.04515899280909237,0.32666922332628945,0.47811628595930855,0.5741771734659717,0.6404575025099223,0.6890164908847588,0.7268940218016693,0.7570466112812297,0.7838333972556256,0.806720614402463,0.8239699369461909,0.8417925455643885,0.8546660691077661,0.8223766390185734
72,0.012032600571867428,0.0007736746578332978,6.53667068015784,0.015382035287786356,0.0009946415303150127,1.34732077292417,1.3456710112224801,1.3439836832544751,1.3419855334337636,1.3389933085881496,1.3375759968158187,1.3388828812324798,1.3370098105652932,1.3429605933925566,1.3440750691877965,1.2900687970526816,1.344116669625779,1.3428780074009217,1.3473668275925497,0.046142949317238925,0.3276419597403733,0.4790489233227115,0.5750638977115664,0.641274164541177,0.6897536137412539,0.727587232356337,0.7576987780347909,0.7845659734117366,0.8075508478548122,0.8248086500090114,0.8427474723313778,0.8556157097698646,0.8223766390185734
73,0.010791908023206724,0.000771163210823177,6.477309134788811,0.01405688549596805,0.0009941200765325531,1.3495773486184643,1.3478471276339083,1.3460800854321664,1.34398811721969,1.3408573190382602,1.3393735550954218,1.340740013546923,1.3388071885255945,1.345038192928115,1.3461680926578357,1.2910885244913881,1.3462460358609878,1.3449352808728225,1.3496010550716888,0.047121667854358375,0.32860926596730594,0.4799740045881796,0.5759396179852797,0.6420757135586501,0.6904693587768691,0.7282515871263615,0.7583196477892719,0.785272605925378,0.8083542776759971,0.8256199661551131,0.8436906505004017,0.8565345144295973,0.8223766390185734
74,0.011173909620967403,0.000768722632751552,7.1363227386027575,0.015032652472608526,0.0009935745644039575,1.351836924370607,1.350024281449243,1.3481747499830827,1.3459857604291567,1.3427122804897715,1.34115919467219,1.3425800104616594,1.3405674684599713,1.347091875982849,1.3482416692293124,1.2919516166043048,1.3483397234474475,1.3469896571794242,1.3518357821926497,0.048101188750306334,0.329577203152826,0.48089846597387126,0.5768130616068949,0.642872496944751,0.6911770452178784,0.7289037311536806,0.7589201984196318,0.7859571146594625,0.8091382225528964,0.8264034019027834,0.8446184926831102,0.8574469162680938,0.8223766390185734
75,0.011850389608031595,0.0007663612481979689,6.717295112088323,0.015266819431189753,0.0009930050205167172,1.3540983103361783,1.3522060208910536,1.3502762853905501,1.347991474931367,1.3445784565123309,1.3429594021917233,1.3444249491340725,1.3422969617640044,1.3491153077575653,1.3503023701140482,1.2926176864738175,1.350364931434109,1.3490541095413098,1.3540881208295885,0.049081459650940726,0.3305481018738264,0.48182701635038194,0.5776913209073838,0.6436751745090745,0.691891868293899,0.7295605899651816,0.7595135814108287,0.7866208547519457,0.8098970098360537,0.827142695202903,0.8455083426461617,0.8583472707311988,0.8223766390185734
76,0.010548111130293969,0.000764037066217765,6.727297628764063,0.014660552788424396,0.000992411472629598,1.356358547775543,1.354384509554622,1.3523691084807354,1.3499815433041698,1.3464186176142126,1.3447251856700624,1.346237736078376,1.343991625726126,1.3511281804862239,1.3523454279388576,1.2932498800748338,1.3524092418100626,1.3511528858257276,1.3563253184907447,0.05006031264476161,0.331516903017856,0.48275077370925323,0.5785612196639749,0.6444639736554885,0.6925856628257088,0.7301919240286511,0.7600785523396297,0.7872660739842281,0.8106464409345766,0.8278704038371094,0.846406486516074,0.8592583862211448,0.8223766390185734
77,0.01178611490197329,0.0007617590086651383,6.812491165008396,0.015391422517166195,0.0009917939496712864,1.3586236437942336,1.3565700320145833,1.3544717542874953,1.3519828672564103,1.3482748319112066,1.346496743200125,1.3480387459774406,1.3456952061067804,1.3531102706975504,1.3543266238855114,1.2939935245791596,1.3543643455149716,1.3531629757861197,1.358531471382662,0.05104127322439485,0.33248976623439924,0.4836797237517711,0.5794367141953715,0.645259276356263,0.6932828588099037,0.7308170442070441,0.7606304952834777,0.7878866496462058,0.8113604557300992,0.828572486134473,0.8472694113447216,0.860129421513483,0.8223766390185734
78,0.011285910659033985,0.0007594651153327731,5.9462454579770565,0.014987479248040666,0.00099115248173898,1.360890256867401,1.3587538162592903,1.356571911847369,1.3539798530446687,1.3501236636038112,1.3482611145833459,1.3498370952129066,1.3474087721582677,1.355107146238997,1.3563370038908955,1.295206305696756,1.3563336155615047,1.355164110939661,1.3607435720686842,0.0520225353208359,0.3334622882833427,0.48460783122158324,0.5803102604139279,0.6460505084691127,0.6939732565851989,0.7314336084257548,0.7611744477821706,0.7884999936999797,0.8120661998131664,0.8292850293862136,0.848113922409057,0.8609911734812241,0.8223766390185734
79,0.011972832828821903,0.0007572341157207938,6.1252793949097395,0.01539365886215436,0.0009904871000969212,1.3631581717216732,1.360941370470357,1.358678497939455,1.3559880272114644,1.3519831778718547,1.350051596747761,1.351679388307078,1.3491462177077491,1.3571590907481121,1.3584248934604142,1.2962745393419728,1.358423911220992,1.3572129274979094,1.3629935993068307,0.053004240483762066,0.33443713437099604,0.48553956481422894,0.5811899057116464,0.646849519958342,0.6946766482561635,0.7320728159836597,0.7617469680052642,0.7891516777876454,0.8128189031903942,0.8300275954798336,0.8489981669544439,0.861878822591654,0.8223766390185734
80,0.010333361216757809,0.0007550511195886964,6.150773603934795,0.014077474020119149,0.0009897978371748723,1.3654195567230694,1.3631157658705786,1.3607660809991973,1.3579712477726893,1.3538147096166293,1.3518093275435545,1.3534896098968157,1.3508853314733313,1.359182302952293,1.3604902950255586,1.297426458760411,1.360446977593097,1.3591833274795648,1.365221457643402,0.05398176503503675,0.33540531638809024,0.48646180237381664,0.5820567283968723,0.6476323013293838,0.6953589829788542,0.7326864415271578,0.7622956085418878,0.7897790745814386,0.8135489984103268,0.8307624750790965,0.8498657953699749,0.8627366653319405,0.8223766390185734
81,0.010325725201643035,0.0007528384901720899,7.264328102115542,0.014936702051520753,0.000989084726566536,1.3676871358298053,1.3652876986575118,1.3628428966004913,1.3599345529687559,1.355610405863833,1.3535289692729882,1.3552703765834653,1.3525593058353262,1.361183519090642,1.362567333552281,1.298900220635422,1.3625588665952326,1.361195551627848,1.367450087871829,0.054960971521100445,0.33637174788745655,0.48737833882404547,0.5829131714187824,0.6483968915407791,0.6960155220842407,0.7332719726661825,0.7628090902420359,0.7903817169546391,0.8142731127170556,0.8314922842196234,0.8507250395203716,0.8636061067279962,0.8223766390185734
82,0.011240112950284284,0.0007506827970661645,6.535822452045977,0.015054886869221058,0.0009883478030279168,1.369956092845421,1.367459097892367,1.364918719150672,1.3618978160846877,1.3574040182081393,1.3552527164653922,1.3570691640789543,1.3542520392806594,1.3632082475860274,1.3646747315361247,1.3002930673197126,1.3647153841513768,1.36326404817753,1.3696913085124585,0.05594047240672011,0.3373384405454165,0.4882951110204738,0.5837705023802384,0.6491624880526851,0.6966745453769849,0.7338651143327494,0.7633359218682014,0.7910035995693571,0.8150199169534106,0.8322439219185686,0.8516035324912236,0.864497351528044,0.8223766390185734
83,0.010318544692031577,0.0007485580919664095,6.056352248881012,0.014071750113016368,0.0009875871024756287,1.3722167290025666,1.369621099955192,1.3669817592794067,1.3638426826730052,1.3591696458238447,1.3569394601740643,1.3588230456431722,1.355901667939147,1.3652113179106775,1.3667571012492066,1.3015691530044315,1.3668540014062311,1.3653051476882996,1.3719211283533885,0.056915276000861666,0.33830007031968096,0.489204520133899,0.5846168937628148,0.6499111312773862,0.6973080966183611,0.734423755278075,0.7638208116999268,0.7915911123897421,0.8157426120441448,0.8329639767261622,0.8524735359093766,0.8653798068872391,0.8223766390185734
84,0.01101663770637015,0.0007464794209199181,7.257715866435319,0.014638504171040729,0.0009868026619851435,1.3744725862704903,1.371781628331632,1.3690447406785977,1.3657878247513442,1.3609334084055873,1.3586321101395902,1.3605948110843993,1.3575488756899212,1.3672208100593761,1.3688776822032884,1.3028072133922821,1.3690424627066988,1.3673693095486044,1.374155990548479,0.057887669939255655,0.33926119153516454,0.4901139172560779,0.5854635682156668,0.6506595135731155,0.697942418639413,0.7349874315573899,0.7643106405868574,0.7921849740736823,0.816478595939496,0.8336867270424108,0.8533447039183242,0.8662697909426471,0.8223766390185734
85,0.01213202332608626,0.0007444629704369768,5.812971676699817,0.01546241488928238,0.000985994519788984,1.3767354563118606,1.3739485352707506,1.3711175471103219,1.367749272670536,1.3627261814794092,1.3603592932479278,1.3624001173805083,1.3592807597601135,1.3692736270244967,1.3710080416190231,1.3041750519659436,1.371198501893697,1.3693943485088982,1.3763659933453956,0.058862987984842574,0.3402262479371285,0.4910289913085341,0.5863187806914933,0.6514216879780039,0.6985955973720365,0.7355715826535106,0.7648302735040783,0.7928053970607966,0.8172282090807916,0.8344394154331024,0.8542311533860569,0.867147042987559,0.8223766390185734
86,0.009478729325308409,0.0007425074197361301,6.358647935092449,0.013372027551409848,0.0009851627152748603,1.3789845203042292,1.3760948658468466,1.3731621891385408,1.3696758125833064,1.364480644798963,1.3620441536048793,1.3641641336257004,1.3609776840843784,1.3712926797587048,1.3730894802191245,1.305389959277987,1.373293495076524,1.371369339195025,1.3785504295726314,0.059830704542238246,0.34118091760637326,0.4919301908888789,0.5871564785147372,0.6521629340084967,0.6992237696321627,0.7361278193236391,0.7653199714086539,0.7933980113254904,0.8179499653726225,0.8351605370232752,0.8550964758820414,0.8680004060170409,0.8223766390185734
87,0.011645678556420444,0.0007405953197906046,6.516895656008273,0.01482372786986576,0.0009843072889837512,1.3812353976176197,1.3782417536436187,1.375208028618177,1.3716058787895233,1.3662478355360312,1.3637417375991798,1.3659368448681268,1.362735740306795,1.3733278942508969,1.3751528385759813,1.3068227788832145,1.375335387004615,1.3732691411983606,1.3807264565670794,0.06079853222177547,0.34213638275285285,0.49283273002928074,0.5879965535269452,0.6529097135697649,0.6998594708192662,0.7366898488634179,0.7658217919229089,0.7939975593971064,0.8186663867431878,0.835899167969301,0.8559635420456566,0.8688283738279367,0.8223766390185734
88,0.010798139488392856,0.0007387106939439258,7.005301753990352,0.014497594433757945,0.0009834282826079275,1.383485254382713,1.3803813313734064,1.3772429893141396,1.3735240009834349,1.3679995965215372,1.3654250897015396,1.3677306037475738,1.3645550287189627,1.3754097841627648,1.377250060553674,1.3085651326964551,1.3774310344352045,1.3752419805279867,1.3829224502934943,0.0617649360058006,0.34308828753653564,0.493730163371979,0.5888308954623591,0.6536496454209915,0.7004874084948939,0.7372532120318541,0.7663442963881283,0.7946337372213085,0.8194228428962234,0.836722921328158,0.8568907668562528,0.8696936955511099,0.8223766390185734
89,0.01049062840449115,0.0007368251711360253,5.850745615083724,0.014494488752763065,0.0009825257389889197,1.3857348290064377,1.382516270393561,1.3792696722498505,1.3754308244508056,1.3697317233119006,1.3670861452579466,1.3695123057371945,1.3663522713231178,1.3774650526375252,1.3793655430999954,1.3105624870194148,1.3795424878346643,1.3772487470232073,1.3851340970993404,0.06273039989202157,0.34403806673550297,0.49462393452527476,0.5896601349208751,0.6543811425871089,0.7011027325431098,0.7378034826518722,0.7668528345499039,0.7952581810619778,0.8201798146683245,0.8375656007791283,0.8578204620518969,0.8705740103670865,0.8223766390185734
90,0.010769807905537472,0.0007349715976783386,5.958486120216548,0.014225416022938317,0.0009815997021154303,1.3879791141326359,1.3846440147400891,1.3812890005202194,1.3773301662288715,1.3714525615276911,1.368738269573761,1.37130403240099,1.368173019807538,1.3795537306667163,1.3815107481875912,1.312714861089926,1.381690926950821,1.379264621120579,1.3873533316650257,0.06369270690135898,0.3449844017328989,0.4955138060016367,0.5904849989425845,0.6551064564862853,0.7017100700872421,0.7383494310092308,0.7673643847148606,0.7958951136043856,0.820951395436306,0.8384398208156922,0.8587651086336215,0.8714604340334696,0.8223766390185734
91,0.010427892153243898,0.0007331233353909163,6.910881643183529,0.014493058131756251,0.0009806502171211904,1.3902257368667237,1.3867670491260387,1.3832974353647491,1.3792128899930673,1.3731472146352979,1.3703700362603735,1.3730991631712777,1.3699826017231687,1.3816523376544838,1.3836945320647451,1.3150746991684474,1.383917754874356,1.3813069835703027,1.3895872013878676,0.06465494981414255,0.34592798928008167,0.4963979435342481,0.5913010130331557,0.6558179473928818,0.7023003656825124,0.7388835616485256,0.76786754723079,0.7965344415744418,0.8217380598301293,0.8393381594974495,0.8597231265785695,0.8723593822329826,0.8223766390185734
92,0.009784645516952949,0.0007312809953634021,6.081761690787971,0.013977706492160605,0.0009796773302827588,1.3924694565704072,1.388881070514948,1.3852902413233399,1.3810717754554025,1.374810991988279,1.371960199145339,1.3748465977767093,1.3717529968477813,1.3837062133275693,1.3858252667338407,1.3174625070361599,1.3860930252124517,1.3832807836885643,1.3917961823039107,0.0656148134946477,0.3468670639969543,0.497274509668596,0.5921051959928456,0.6565123218943896,0.7028655622013453,0.7393841532793634,0.7683310223055637,0.7971345457282265,0.8224882182374551,0.8402020190754304,0.860651462351541,0.8732284578966204,0.8223766390185734
93,0.009893049445220979,0.0007294692665621143,6.611100945621729,0.01397776693125027,0.0009786810890172676,1.3947082066331669,1.3909874080598945,1.387270186670748,1.3829120102885804,1.3764463004266734,1.373529563271616,1.3765916538961829,1.3734949893469768,1.3857713493272519,1.387997787419446,1.3197457091072917,1.3883237415648162,1.385277276279809,1.394005800558129,0.06657144063250774,0.3478017861240148,0.4981440492909559,0.592899178070738,0.6571913026710028,0.7034124605478178,0.7398707911264327,0.7687806244776492,0.7977312046926512,0.8232459244922326,0.8410567472296706,0.8615787665190566,0.8741049913450407,0.8223766390185734
94,0.00930984297327212,0.000727637731165981,5.5999609041027725,0.01332633139883787,0.0009776615418801106,1.3969370148136873,1.3930789218628907,1.38922807111743,1.3847200606522805,1.3780406613348495,1.3750405107732275,1.3782698755885643,1.375206304610253,1.3877973551202167,1.3901058850018344,1.322072644642625,1.3904707325773975,1.3872242847165621,1.3961796090589031,0.0675223732134361,0.3487287202793476,0.4990019421415391,0.5936757482656927,0.6578455624380434,0.7039227801068615,0.7403083378092209,0.7691770743561622,0.7982808098690232,0.8239615965769352,0.8418865367453837,0.8624884196400944,0.8749605897590994,0.8223766390185734
95,0.009746508319921268,0.0007257767256539725,5.773054807912558,0.01416147931291428,0.000976618738562577,1.399169406388763,1.3951665184353714,1.3911757816326389,1.3865087540674323,1.3796115777973026,1.3765097250191038,1.379880082831584,1.3768533108844268,1.3897288771686542,1.3921225174218574,1.3243146367050478,1.3924665584894251,1.3890719713564699,1.398312529865003,0.06847390928399003,0.34965376892029637,0.49985496768822213,0.5944424444266453,0.6584842811820816,0.7044065933748352,0.7407017414971189,0.7695115092389526,0.7987542062624378,0.8246009185032351,0.8426334216896263,0.863325841104481,0.8757643808463657,0.8223766390185734
96,0.010996721907644658,0.0007239735185308367,5.940654987934977,0.014749885538570515,0.0009755527298894293,1.4014061145378065,1.3972587663148373,1.3931307937927702,1.3883089359492156,1.3812002095622877,1.3779950743794287,1.381509265856913,1.3785570663459752,1.391712210251489,1.3941362512674385,1.326567446224998,1.3944276832062608,1.3908945906472783,1.4004394353554934,0.06942708770789101,0.35058174814559373,0.5007122133260634,0.5952152900930459,0.6591320688088675,0.7049007667458936,0.7411056572469965,0.7698639466335784,0.7992481696175251,0.8252469371008513,0.8434022171700314,0.8641777220893634,0.8765656072477173,0.8223766390185734
97,0.010427854320898287,0.0007221818982676813,6.2962891650386155,0.01439036246794148,0.0009744635678164261,1.403643096003881,1.3993521467403627,1.3950885184751083,1.3901108443279078,1.38279105919178,1.3794694515478034,1.3831079824690173,1.3802430373510781,1.393656574259084,1.3960943589176043,1.3286398347734514,1.3963165425763933,1.392653918622174,1.4025465558655883,0.07038012135224762,0.3515108373876671,0.5015710129014044,0.5959888381626552,0.6597790722084297,0.705387897393706,0.7414899888160599,0.7701863524827313,0.7997053623678892,0.8258546704302304,0.8441209148470787,0.8650046646969612,0.8773390149323973,0.8223766390185734
98,0.010905359688505287,0.000720437913613255,6.783375539351255,0.014567121849606872,0.0009733513054277904,1.4058819672508285,1.4014449312719575,1.3970446220549928,1.3919123189892861,1.3843790985040803,1.3809568177303941,1.3847558326673548,1.3819838232818404,1.395662182384978,1.3981426836068307,1.330918776832457,1.398282199295518,1.3944730503679814,1.4046944431361876,0.07133344214771001,0.3524396861191716,0.502429037979038,0.5967620017263645,0.6604253313276489,0.705877568855411,0.7418903967875224,0.7705400905964642,0.8002072093405042,0.8265154408005628,0.8449178926245122,0.865884448585323,0.8781420200215947,0.8223766390185734
99,0.010472465832882132,0.000718657693930686,6.810281828977168,0.014794684969605523,0.0009722159969336218,1.4081262616273564,1.40354225808715,1.399002195697145,1.393709709089572,1.3859474723861125,1.382427140914377,1.386413848601031,1.3837219345201694,1.3976630073037377,1.400282678661554,1.3334397088429686,1.400391799990034,1.3963371669561726,1.406862746319365,0.07228899256356447,0.35337064932711393,0.503287589455612,0.5975329593942025,0.661062437769114,0.7063511339595386,0.7422774266374241,0.770883675126871,0.8007081919803619,0.8272008247692072,0.8457412409898023,0.8667755321291556,0.8789641527696966,0.8223766390185734
100,0.010022068695396635,0.0007169247161751786,6.083530104253441,0.01376545530555882,0.0009710576976672547,1.4103616761054094,1.4056326021927856,1.4009506426450145,1.3954947136538804,1.3875034056891755,1.3838802700123827,1.3880522704625342,1.385469805675807,1.3996559997532507,1.4023868647607125,1.3357816990827454,1.402450002990266,1.398171226562076,1.4090114811387948,0.07324005484339509,0.35429816970193395,0.5041417591290406,0.5982980312376875,0.6616925507217917,0.7068151735570175,0.7426516655636989,0.7712173411549876,0.8012012968218563,0.8278749250938205,0.8465502630479088,0.8676676434389308,0.8797774678131501,0.8223766390185734
101,0.009742761179604681,0.0007151767099543478,5.436027347110212,0.013727122840301077,0.0009698764640825613,1.4125902437627564,1.4077154992449896,1.4028900293734907,1.3972669943700262,1.389045966229377,1.3853073051205964,1.3896454378970553,1.387171058719404,1.40159721722731,1.4044135322826097,1.338043916465082,1.4044103841149391,1.3999360687652147,1.4111200500128585,0.07418741312542254,0.35522223267122777,0.504991489265807,0.5990563361681696,0.6623130988246524,0.7072626655756039,0.7429970632811709,0.7715088990485536,0.8016461364280434,0.8284984176093315,0.8473041735295384,0.8685150589145492,0.8805564253996209,0.8223766390185734
102,0.009815022953121958,0.0007133711201611172,6.256392381154001,0.013958079236982222,0.0009686723537511998,1.4148156318733969,1.4097969814799487,1.40482425535317,1.3990262208253246,1.390566078912714,1.3866939280058677,1.3911861110743589,1.388843151151352,1.4035011795996837,1.4063875572520559,1.3403206705944073,1.4063151991627136,1.4016480440174226,1.4132028779402346,0.07513281274553692,0.35614503899349875,0.5058376001070033,0.5998063259914928,0.6629180209154587,0.7076816424022164,0.7432990679620192,0.7717484744181694,0.8020424581717186,0.8290809790840784,0.8480244497350803,0.8693428388356239,0.8813160322673729,0.8223766390185734
103,0.011685821016132043,0.0007117016368191874,6.622065618168563,0.01488793282639152,0.0009674454253598092,1.4170419918636377,1.411885112616043,1.406771113021567,1.4008095753607706,1.3921222928443255,1.388145027178028,1.392813516806905,1.3905655446163294,1.4054986608236877,1.4084370631160539,1.3425120357385012,1.4083034953533295,1.4034287979717914,1.415341288177934,0.07607872768855542,0.3570720590355271,0.5066914087969022,0.6005703318525993,0.663545738106962,0.7081389595695681,0.7436587371100076,0.7720551109111495,0.8025066022841392,0.829715769725575,0.8487819809510202,0.8701949395337487,0.8821014120786328,0.8223766390185734
104,0.01026468963421739,0.0007099956876124785,6.162517642136663,0.01408691140598239,0.0009661957387071484,1.4192678539036443,1.4139691681349797,1.408712263034359,1.4025841297732937,1.3936742664932613,1.3895797862144226,1.394395264129899,1.392268845881923,1.4074299813985174,1.4104127514370377,1.344764436401989,1.4101642966821495,1.4050781518732087,1.4174459937572041,0.07702379241044013,0.35799746781186337,0.5075426787327211,0.601329637959415,0.6641673678074949,0.7085843106149187,0.7439909666775226,0.7723217706811456,0.8029148612701499,0.8302888529800763,0.8494796426310117,0.8709877534212087,0.8828292783941528,0.8223766390185734
105,0.010213943706653251,0.0007082540856435467,5.823105046991259,0.014364534079913964,0.0009649233547011815,1.4214973521047143,1.4160532406694828,1.4106514882862253,1.4043527758981649,1.3952191443878643,1.3909944320498662,1.3959352076678166,1.3939443505712166,1.409323934933105,1.4123292877175295,1.346955538740827,1.4119486172974627,1.406653861572496,1.4195113159157768,0.07796972968006921,0.3589230327716865,0.5083929064037588,0.602085257356917,0.6647819317449601,0.7090147111351692,0.7442941624107924,0.7725475731673042,0.8032781301726339,0.8308169174787051,0.8501280491615177,0.8717504825621594,0.8835270728448632,0.8223766390185734
106,0.011078033847474631,0.0007065553269824483,6.807103210128844,0.014853363246357016,0.0009636283353561104,1.423731682564375,1.4181446651014211,1.4125995825567028,1.4061327421474066,1.396777800342033,1.3924200681582608,1.3974762918002523,1.3956298259269426,1.4112163911722146,1.4142294143773695,1.349010904809828,1.413684800178955,1.408227150429107,1.4215851150264787,0.07891799395397955,0.3598530625412126,0.5092487806007263,0.6028481308346526,0.6654056816691111,0.709454541679754,0.744602699158409,0.7727760852994247,0.8036404756935612,0.8313407469522347,0.8507742953588764,0.8725203288724523,0.8842286341059674,0.8223766390185734
107,0.009671609222623284,0.0007048498915556268,5.3625188251025975,0.013606085711431924,0.0009623107437893505,1.4259607103039442,1.4202221351352973,1.4145277934751797,1.4078885795792193,1.3983123808490894,1.3938159887702086,1.3989848601322288,1.3973250453965078,1.41309267498718,1.4160900403408894,1.3511579177372146,1.415369295728569,1.409742761649661,1.4236262873375658,0.07986271956073064,0.3607763550686408,0.5100952635953129,0.6035990082080656,0.666015372220597,0.7098764666175376,0.7448885710144781,0.7729857604008376,0.8039863187532684,0.8318464767115609,0.8514167664359557,0.8732856060478883,0.8849100221598004,0.8223766390185734
108,0.010744106865784463,0.0007032487635785745,5.769169905222952,0.014093959107707162,0.000960970644218456,1.428184774955416,1.4222960387171355,1.416454234540345,1.4096479157084614,1.3998595073046733,1.3952345029767668,1.4005270569461765,1.3991017827375416,1.4150401709143943,1.4179748642103047,1.3532312341506727,1.4170721625626075,1.411249407119626,1.4256579628831303,0.08080496275295745,0.3616982520799363,0.5109411081945264,0.6043514254131821,0.6666308024687174,0.7103102194477322,0.7451934942387314,0.7732307292584795,0.8043769051883392,0.832387599887498,0.8521036325583478,0.8740959587477887,0.8855999706925838,0.8223766390185734
109,0.010110632891665123,0.000701707075946082,5.27837443491444,0.013708065539272781,0.0009596081019579896,1.4304002274066492,1.4243627126975824,1.4183720750893851,1.4113984975358789,1.4013996587836735,1.3966475752830187,1.4020709181507507,1.4008781890162905,1.41700780992907,1.4198343302055854,1.355163129852935,1.418757125952284,1.4127772091550774,1.427676085286469,0.08174285899338428,0.3626168938189881,0.5117834132995064,0.6051003924848827,0.6672436609240435,0.7107427483706397,0.7455004009715852,0.7734804513499487,0.8047792182742415,0.8329347298891461,0.8527959183906336,0.8749194133281715,0.8862970161483243,0.8223766390185734
110,0.009075393361524468,0.0007001361419946862,5.984477892983705,0.01351128394575746,0.0009582231834163388,1.4326085858891668,1.4264180309129175,1.4202706697706322,1.4131208469352838,1.402889293478965,1.3980115940836793,1.403613168369466,1.402680751322883,1.419061323170874,1.421790459560384,1.3573532686444927,1.4206134342639714,1.4143471376602346,1.429711149441855,0.08267644145577846,0.3635289832760396,0.5126151703179423,0.6058339789154346,0.667831134280564,0.7111405250148464,0.7457807462562854,0.7737243971175443,0.8052096949959158,0.8335217105651725,0.8535365554854706,0.8757744422559721,0.8870163967077922,0.8223766390185734
111,0.009206850752126176,0.0006985561570274603,5.952008013147861,0.013571148675848835,0.000956815956092479,1.4348129356866763,1.428460495914329,1.4221505450197631,1.4148210883359615,1.4043454914595124,1.3993458202267723,1.4051527474039263,1.404470031827553,1.4211490291459175,1.4237796743994893,1.3596398300966768,1.422553753729402,1.415976412839946,1.4317614319933267,0.08360691845901684,0.36443446901306975,0.513437503913699,0.6065559645256512,0.6684021745095954,0.7115179026959002,0.7460466131753694,0.7739608499985258,0.8056488622485627,0.8341214177982113,0.8542899152459434,0.8766369241043636,0.8877591088682688,0.8223766390185734
112,0.00978444025292552,0.0006970041653853203,5.568556876387447,0.014154843365676281,0.0009553864885726854,1.4370186218069967,1.430501665276932,1.4240248371555033,1.4165118453989536,1.4057816658544315,1.4006616078523277,1.4067080440031128,1.406292690819516,1.4232983073300882,1.425817190827165,1.3620166134975358,1.4245896538966216,1.417701349409618,1.4338179953514971,0.08453720901793063,0.36533882044304294,0.5142566627776431,0.6072727159872536,0.6689635590833777,0.7118815500674771,0.7463065110401697,0.7742072181233244,0.8061218643251138,0.8347627050124231,0.8551040203138625,0.8775566095346755,0.8885449109442406,0.8223766390185734
113,0.009463030214158511,0.0006954388243201424,7.159998246934265,0.013602236169749987,0.0009539348505271879,1.4392187378822612,1.4325339616622124,1.4258886575224436,1.4181901410523272,1.407201916549434,1.4019659839267513,1.4082494024950587,1.4080610891701166,1.4254049843251693,1.4278449567792846,1.3643994714796814,1.426612324641865,1.4194346503570943,1.4358873185528283,0.08546446182035718,0.36623917997076316,0.5150710073169008,0.6079834910795126,0.6695167524894728,0.7122356008978553,0.7465556371411269,0.7744327174703974,0.8065707690707051,0.8353897458730349,0.8558976259379437,0.8784565815294262,0.8893286858768658,0.8223766390185734
114,0.009781995607230651,0.0006938761449368398,5.242377783171833,0.013677630235704332,0.0009524611127067768,1.4414137494040835,1.4345607313975326,1.4277455060800992,1.419861115473338,1.4086144085668741,1.4032642310796162,1.409790068294687,1.4098441638864128,1.4274962592643452,1.4298804203495448,1.366899855127689,1.4286437439052508,1.421154276707815,1.4379615758754911,0.08638884811600227,0.3671369567008318,0.5158821854772587,0.6086905617134251,0.6700651822454535,0.7125830851124372,0.7467974512160996,0.7746532598238598,0.8070141194931626,0.8360167394233053,0.8567021070064968,0.8793555521589002,0.8901103367041523,0.8223766390185734
115,0.008603872460784694,0.0006922983503320041,6.345902753062546,0.013576354276019198,0.0009509653469393544,1.4436081728450296,1.4365751032345788,1.4295809238488855,1.4215016962900011,1.4099774969024506,1.4045204549144843,1.4113189277777807,1.4116025223811024,1.4296295942615815,1.4319745181355716,1.3693980207829437,1.4307974237656835,1.4229201673359637,1.4400399205378773,0.08731165789477208,0.36802815611833345,0.5166823382460599,0.6093816720008897,0.6705885190439773,0.7128988612777186,0.7470140829702712,0.7748574156102128,0.8074686928399812,0.8366704898945647,0.8575202407811532,0.880266923985232,0.8909100653852435,0.8223766390185734
116,0.009870657577069642,0.0006907080360516589,5.274841783102602,0.013971196960093253,0.000949447626126434,1.445803811771729,1.4385891254434104,1.431415105681204,1.4231402460401454,1.4113452257821213,1.4057749166558406,1.4128246841819818,1.4133521320594549,1.4317234579394151,1.434004685973889,1.371862147244681,1.4328591131474118,1.4246109990567242,1.4420847931858962,0.08823432142013897,0.3689194524057906,0.5174822075260119,0.6100716248909935,0.6711111909249314,0.7132116444548805,0.7472179879606792,0.775039923131354,0.8078915414868078,0.837286055391407,0.858298479399325,0.8811446791032268,0.891676233589429,0.8223766390185734
117,0.009504548289372288,0.0006890759940333893,6.397016188595444,0.013705497769848855,0.0009479080242395868,1.44799716676498,1.4405970507328827,1.4332413946891258,1.424769244041781,1.4127061650184443,1.4070179679096086,1.4142994976111811,1.4150154513027748,1.4337353829408364,1.435961356878972,1.3742013343918544,1.4347859540962111,1.4263187924021694,1.4441128099814493,0.08915566146909837,0.3698085374465386,0.518279158271515,0.610757558653661,0.6716292812076966,0.713517373383981,0.7474066326376715,0.775184881131149,0.8082603174808157,0.8378462703341979,0.8590136234168565,0.8819664170796705,0.8924309278069049,0.8223766390185734
118,0.009041007948701666,0.0006874136637584523,5.008594748098403,0.01311057064873488,0.0009463466163168367,1.4501802751417887,1.4425947559827659,1.4350544879149219,1.4263808952811627,1.4140502383730618,1.4082331510945483,1.4157297939571567,1.41665394218122,1.4356981811543945,1.437853564959571,1.3764212283601318,1.4366196460431053,1.4279687099088882,1.446105229576204,0.09007159640913082,0.3706924309179386,0.5190694852596269,0.6114344155508162,0.672135987778435,0.7138059099874746,0.747567556695856,0.775295191824784,0.808590479616793,0.8383681582609908,0.8596898407422929,0.8827631490410203,0.893162314090576,0.8223766390185734
119,0.00951653765979231,0.0006857682518657029,5.232863624114543,0.0135329541348067,0.0009447634784590033,1.45235844061515,1.4445884148953492,1.436861159062196,1.427983938667476,1.415385659140192,1.4094313251765394,1.4171498988350308,1.418348060022124,1.4376837599916448,1.4397289651887188,1.3787417831595383,1.438449083422048,1.4295811885034049,1.448084543058951,0.09098495240529003,0.3715745118242589,0.5198571170467243,0.6121074265140324,0.672637844864235,0.7140858094525468,0.7477174637941785,0.7754075609985218,0.8089312170809451,0.8388955893626342,0.8603906469966618,0.8835773969149922,0.893885166219755,0.8223766390185734
120,0.009243995167737547,0.0006841145181412694,5.230424189008772,0.013185609978293437,0.0009431586878259917,1.4545293930113137,1.4465721593763052,1.4386548500986582,1.4295713338275642,1.4167073577967972,1.4106141958263279,1.4185494488758081,1.4200264686421156,1.4396504187148238,1.4415693885011736,1.380961403143857,1.4402176620914662,1.4311514690405795,1.4500472911465327,0.09189433129510635,0.372451766531332,0.5206383381150784,0.6127719851291032,0.6731296361579197,0.7143530680917148,0.7478507438175894,0.7754989028100141,0.8092505763675059,0.8394008982993004,0.8610661723768452,0.8843739459163628,0.8945886458467102,0.8223766390185734
121,0.00983982006053665,0.0006824680270491474,5.436483067926019,0.013683897199609364,0.000941532322633034,1.4566970446066143,1.448554484005982,1.4404491672803705,1.4311621504925682,1.4180345911225414,1.4118063371712697,1.41995661481799,1.4216779427162103,1.4416023790610184,1.4433948215509773,1.3831947779226128,1.441971176567764,1.432744841761733,1.452020980155025,0.0928018530666841,0.37332869934804813,0.5214201844976223,0.6134383363584207,0.6736242558149775,0.7146241844218568,0.7479879326685143,0.775585888951276,0.8095619944445178,0.8398992085672132,0.8617341827138119,0.8851637755458341,0.8952975466867202,0.8223766390185734
122,0.009439337258785142,0.0006808024499097898,5.684624108020216,0.013728587551333597,0.0009398844621468748,1.4588641018623763,1.4505363259234323,1.4422411821637167,1.4327479654409523,1.4193524489101645,1.4129904172462144,1.4213542312693312,1.423281824095146,1.443541323892777,1.4452054183518173,1.3852566827141042,1.4437244185616311,1.434376710873843,1.4539891208720006,0.09370840963644565,0.3742049968612001,0.5222002945011228,0.614101102533778,0.6741119457406156,0.7148848118827839,0.7481121762358931,0.7756498225947706,0.8098550046608047,0.8403866240578,0.8623739540073642,0.8859431506439486,0.8960150622926875,0.8223766390185734
123,0.009274806129140629,0.0006791974447939647,5.89311191206798,0.01331471077825214,0.0009382151866819099,1.4610242476477335,1.45251081879101,1.4440227173417695,1.4343224811203108,1.4206533454075854,1.4141633391352648,1.4227720722543253,1.424965431732002,1.4455748656379026,1.4470677319787844,1.3873854573325013,1.4455833110409277,1.436028552007986,1.455964711331715,0.09461120746438405,0.37507732214217565,0.5229749568142942,0.6147576493931457,0.6745913673429507,0.7151363148171265,0.7482363200699034,0.7757391543990707,0.8101969253423749,0.8409163870207527,0.8630641061140389,0.8867585197519089,0.8967488320022688,0.8223766390185734
124,0.010530967482907334,0.0006776787702525827,5.966153707355261,0.013741506549806172,0.00093652457759627,1.463180448638842,1.4544842808680774,1.445810151157088,1.4359120076726246,1.4219891322881653,1.4153757290183575,1.4242073707232634,1.4266961576453974,1.4475902677467143,1.4489024333112746,1.3895158642884138,1.4473472667918121,1.4375877613791705,1.4579208972983984,0.09551252432984736,0.37595093172877786,0.5237547772797138,0.6154244580990206,0.6750905432036431,0.7154169212803779,0.7483877321549012,0.775855883640194,0.8105448239209352,0.8414345166896114,0.8637463955246183,0.8875529634754085,0.8974476100545574,0.8223766390185734
125,0.008574113708260472,0.0006761763042523186,4.99939090013504,0.012676025489638388,0.0009348127172878569,1.4653259139951258,1.4564377560047925,1.4475736676824111,1.4374766550329234,1.4233019566972804,1.416566731834967,1.4256269539072994,1.4284353781368864,1.449581551800371,1.4507157003593674,1.3917469631527013,1.4490894980316702,1.4391165199557228,1.4598563550453554,0.0964078703547312,0.37681512493354996,0.5245234751777886,0.6160793560327,0.6755779922780537,0.7156863911207058,0.7485300982257607,0.7759709367193333,0.8108914140793532,0.8419511488728422,0.864440971259082,0.8883483556062928,0.8981390593314384,0.8223766390185734
126,0.009040546160548765,0.0006746228252364592,5.808364505879581,0.013284242530121478,0.0009330796891903273,1.4674687904183008,1.4583848842971692,1.449326219274633,1.4390251471256674,1.424595239568197,1.4177318705660371,1.4270093672254671,1.4301348359363437,1.4515306430255592,1.4524881590032936,1.3938481985816222,1.4507814340270149,1.4406279198296434,1.4617776441738493,0.09730137258705923,0.37767626421668576,0.5252869827991391,0.6167260049852231,0.6760532530114414,0.7159375511368227,0.7486457945967762,0.7760504853035327,0.8112016273990069,0.8424370436322712,0.8650934177941875,0.8891216887321531,0.8988195995432078,0.8223766390185734
127,0.00962796422814935,0.000673090094500937,6.720028203912079,0.01381307793249676,0.0009313255777690251,1.4696127724715906,1.4603332285537847,1.4510807687986997,1.440576174205024,1.425885878371634,1.4189007323680194,1.428416747976817,1.4318355702252443,1.4535099404274092,1.4542998074756532,1.3959921492848395,1.4525138771124404,1.4422077853076702,1.4637204364225034,0.09819505041684184,0.3785382790624696,0.5260516759055086,0.6173741220083716,0.6765284774699007,0.7161881104266462,0.74876726499079,0.7761384702572182,0.8115270835966178,0.8429399853742408,0.8657615839699119,0.8899055781233458,0.8995221977905724,0.8223766390185734
128,0.009990808719133198,0.000671678649629991,6.7328363307751715,0.013988252061217721,0.0009295504685168668,1.4717577428637043,1.4622819589201046,1.4528393469231635,1.442138874549418,1.4271889546537488,1.420092954410565,1.4298817844334373,1.4335913678228842,1.4555284111281184,1.4561688491259657,1.3982570997850676,1.4543529129356856,1.4438721934665817,1.4657008735808352,0.09908911949971659,0.3794014370620172,0.5268195830459987,0.6180296732070455,0.6770151822402184,0.7164564425975773,0.7489219397782931,0.7762769026900056,0.8119103170489442,0.8435037724695739,0.8665075481491086,0.8907537035837706,0.9002688094840855,0.8223766390185734
129,0.008223661434376802,0.000670234966716208,5.654881131369621,0.012739026315326068,0.0009277544479501732,1.4738921014832183,1.464213163011406,1.4545768773005507,1.4436777918040287,1.4284575454945803,1.4212586607819384,1.4313293346597744,1.4352678720783894,1.4575343539423438,1.4580495998539502,1.4005033556718056,1.456273886707665,1.4455921251458232,1.4676724767190494,0.09997754029612711,0.3802560346131962,0.5275768299819436,0.6186724193744249,0.6774839997537051,0.7167039853058785,0.7490588090896582,0.7763893901401919,0.8122821555096202,0.8440740157441298,0.8672408968343537,0.8916045183923789,0.9010314491588628,0.8223766390185734
130,0.009285585468138423,0.0006687520889621506,4.886760727968067,0.013427848081149687,0.0009259376036044523,1.476025575847465,1.466141740596862,1.4563095221200804,1.445208205656682,1.4297206309959958,1.4224129187870216,1.4327486849204305,1.4369334900762663,1.4595137358701937,1.4598871248697272,1.4026623789830948,1.4581367556851672,1.447252812907121,1.4696205732310001,0.10086488267014593,0.38110940162826745,0.5283317182978026,0.6193104648519456,0.6779462202999466,0.716940601331692,0.7491754522449507,0.7764748009809059,0.8126234160962557,0.8446119454835883,0.867932217072731,0.8924236794398014,0.9017645092726451,0.8223766390185734
131,0.009075327826988909,0.0006672535916630984,5.635645495727658,0.013548964662583157,0.0009241000240301347,1.4781582117022327,1.4680682873268798,1.4580381067364276,1.4467317938206186,1.4309622352448212,1.4235450832155845,1.4341682733850336,1.4386164126920318,1.4615319215223266,1.4617867429100773,1.4049084298509533,1.4601151150455003,1.448945117394491,1.4715851443870764,0.10175135571700254,0.38196151817932156,0.5290839913451493,0.6199439504947817,0.6783975544617752,0.7171588008207597,0.7492749284695637,0.7765529023553663,0.8129782557345459,0.8451783188796377,0.8686528610613234,0.8932719401239301,0.902518968793616,0.8223766390185734
132,0.009587627003870341,0.0006657077027554392,5.572978852316737,0.013776690028842355,0.0009222417987882565,1.4802938638092984,1.469996680507355,1.4597685485618421,1.4482563890648306,1.4322114390588943,1.4246812932631705,1.4355685377164344,1.440292096131926,1.4635161521303892,1.4636582190168466,1.4071820119047616,1.4620215063370263,1.4505488526979817,1.4735326679947212,0.10263867687559694,0.38281495739229393,0.5298375674420972,0.6205777865983243,0.6788491801373386,0.7173746868808335,0.7493613077093382,0.7766071696450573,0.8132982450131505,0.8457082301970826,0.8693311464756154,0.894081125271636,0.9032360357936811,0.8223766390185734
133,0.00952274257146137,0.0006642062853244444,5.906827083323151,0.013474204317411888,0.0009203630184460944,1.4824264759431185,1.4719211517916475,1.4614951020766076,1.4497786710149723,1.4334567038738533,1.4258133405773574,1.436985548073577,1.4420347976376204,1.4655416637100398,1.4655733953983392,1.4096015386283347,1.46393899249571,1.4521624518550074,1.47549883446024,0.10352427402638208,0.38366674689787345,0.5305894924538991,0.6212104664737617,0.6792993069945824,0.7175875449887165,0.7494486433350369,0.7766794775268534,0.8136444445513469,0.8462619719531113,0.8700603454398234,0.8949153418419525,0.9039638448534166,0.8223766390185734
134,0.008544616734552653,0.0006627327173515554,5.634985322132707,0.012970383500907706,0.0009184637745727513,1.4845512955888942,1.4738332376809646,1.4632049150088098,1.4512803956790403,1.4346677348297208,1.4269197395801263,1.4384132455140535,1.443776458368055,1.4676128797009278,1.4675390602740366,1.4120364753853416,1.4659749241553441,1.4538129881392716,1.477486553851502,0.10440553630628636,0.38451217681098204,0.5313328146549636,0.6218322876160477,0.67973301371245,0.7177809123044216,0.7495273893256293,0.7767558921898963,0.8140186010484763,0.8468531938855256,0.8708232578146394,0.8957751393401563,0.904711483842539,0.8223766390185734
135,0.00972546767858605,0.0006613667978082676,5.604097238276154,0.013784622811929046,0.0009165441597346947,1.4866753708311056,1.4757458410839062,1.4649187738487752,1.4527936867350257,1.435895794181834,1.4280544493132858,1.4398866034689153,1.4455840967173015,1.4697306564795112,1.4695502367837143,1.414683346998051,1.46806652369131,1.4554871693689773,1.4794858003744713,0.10528672464188564,0.38535895258060177,0.5320795274091269,0.6224615478323391,0.680179371347572,0.7179942919706194,0.7496366658203808,0.7768785889972286,0.8144401871604674,0.8474833284619819,0.871642468685369,0.8966656647728982,0.9054765446201251,0.8223766390185734
136,0.009780448358682612,0.0006600601883402584,7.004797723144293,0.013867994165583507,0.0009146042674912433,1.488800171071174,1.4776614022699952,1.4666376832123202,1.454314035111567,1.4371315535955889,1.4291934613038253,1.4413676824736292,1.4474028481247003,1.4718493254617067,1.4715484736164863,1.4172480374306378,1.4701468120993715,1.4571764895718906,1.481496533898293,0.10616862741355428,0.3862083090035145,0.5328302563899849,0.623096518905041,0.6806332776852471,0.7182156894755904,0.7497546587183395,0.7770124193682382,0.8148740422592078,0.8481243861888782,0.8724754568099078,0.8975696372108161,0.90624847451441,0.8223766390185734
137,0.008804355396723378,0.0006587291474314133,6.075402040965855,0.01291755809060585,0.0009126441923900084,1.490915702695991,1.479567136099666,1.468344412050135,1.4558198080544882,1.438353070642724,1.430317195151221,1.4428224503947586,1.4491812848931753,1.473915494789734,1.4735073589625554,1.4197148871957845,1.4721529634972006,1.4588291176521415,1.483498700672714,0.10704582471879473,0.38705297897670926,0.5335753675347821,0.6237245325427025,0.681079068463772,0.7184272409237324,0.7498581655043517,0.7771228850630012,0.8152767768934177,0.8487369812775167,0.8732759133799155,0.8984464500444386,0.9070041399436084,0.8223766390185734
138,0.009006220341843837,0.0006574725668720011,6.077608752064407,0.012850712896744117,0.0009106640299622852,1.4930203278463179,1.4814600683516133,1.4700395955033516,1.457317929082266,1.4395702702503677,1.4314385093341815,1.4442928984578909,1.4509908303230794,1.475987836260661,1.475464071451914,1.4221950936232814,1.4741606129172973,1.4605404146087666,1.4855003591851348,0.1079174222833571,0.3878916964385989,0.5343151982682408,0.6243490778103364,0.6815238284043341,0.7186401401564144,0.7499699959852897,0.7772529646153482,0.8157022695205025,0.8493699494691899,0.8741112198857209,0.8993505669446398,0.9077837406774484,0.8223766390185734
139,0.00842828174164926,0.0006562242436455253,6.060153753962368,0.012774059846129275,0.0009086638767183966,1.4951172129060368,1.4833390797894659,1.4717153746444278,1.4587937279755125,1.4407571454159969,1.4325352377532645,1.4457532050956217,1.4527663699369726,1.478065517391731,1.4774221301983748,1.4246177227460213,1.4762048151591414,1.4622806188124,1.4875142772069472,0.10878453525243244,0.3887233367371263,0.5350452625467761,0.6249616252302427,0.6819526282568679,0.7188350817573643,0.7500689569604942,0.7773719889405507,0.8161319290155588,0.8500158704142672,0.8749544052928186,0.9002667112954774,0.908575612685971,0.8223766390185734
140,0.008288806772564484,0.0006549065820844593,5.404011437203735,0.012751555225287656,0.0009066438301429902,1.4972068773540956,1.4852075492221275,1.4733749272502585,1.460248237284913,1.4419164235596305,1.4335932456557094,1.4471707121599429,1.454536666250345,1.480134070377607,1.4793508612303083,1.4271497976257972,1.4782600131516612,1.4639938267439827,1.4895063989914716,0.10964745756981785,0.3895492257597879,0.5357666031082711,0.625561747958311,0.6823635051465353,0.7190029755012425,0.7501321191005303,0.7774569077089234,0.8165408030595269,0.8506497847312999,0.8757980045127526,0.9011936811278378,0.9093646941534106,0.8223766390185734
141,0.008231903497930734,0.0006534764250913834,5.930251750629395,0.012719247988773514,0.0009046039886902862,1.4992911970623857,1.4870639711980411,1.475017562938531,1.4616799120609878,1.4430520457955507,1.4346205085903194,1.4485403088531048,1.4562586378054592,1.482140342627957,1.481230719020253,1.4297825147839682,1.4802353396942793,1.4656390894025415,1.4914744714088535,0.11050694275761964,0.39036911191028606,0.5364793804050448,0.6261494682687347,0.6827576687730937,0.7191471647057941,0.7501605069235492,0.7774947046718841,0.8168962586475143,0.8512361212749111,0.8766012714455852,0.9020775080576635,0.9101205184864936,0.8223766390185734
142,0.009427327381615442,0.0006520830341661043,6.119876413140446,0.013526848712959297,0.0009025444517792792,1.5013763683205934,1.488922277047744,1.4766646471854814,1.463119131936892,1.4442038545779965,1.4356617135506822,1.4499152632753232,1.457998148515764,1.4841329785753832,1.4830811382455886,1.4323440515767825,1.4821545904720976,1.4672635372581395,1.493422369045804,0.1113669034233942,0.39119096814337245,0.5371956912747591,0.6267425085355608,0.6831607433489771,0.719302134112978,0.7501968466958324,0.7775390133288607,0.8172490378544536,0.851811019084199,0.8773931400248681,0.9029474656834174,0.9108639363515211,0.8223766390185734
143,0.009471282861363936,0.0006506456839268042,5.383711661212146,0.013476582903226916,0.0009004653197888923,1.5034613059793545,1.4907831289081686,1.4783158569627048,1.4645635551518503,1.4453659062535402,1.4367132761403714,1.451279796887883,1.4596861741832625,1.4860816143638913,1.4848990915628972,1.4347406141083836,1.4839987895667246,1.468874978906938,1.4953636561136816,0.11222664647019448,0.3920144455582223,0.5379143337535575,0.6273379781625641,0.6835666693092787,0.7194589272752376,0.7502271200777337,0.7775575382340608,0.8175628363569275,0.8523474858581191,0.8781275124632825,0.90377471792596,0.9115911364429441,0.8223766390185734
144,0.008911841114856456,0.0006491575992998458,5.504408286884427,0.013342225278396836,0.000898366694053086,1.505547036370669,1.4926404203422456,1.479962032752476,1.4660020797917441,1.4465243121075693,1.4377597354098492,1.452623961406785,1.4613244867859674,1.4879895686224127,1.4866794305093018,1.4371057133615626,1.4857692466878756,1.4704801827966965,1.4972955048445584,0.11308606802520094,0.392836623962682,0.5386310186965095,0.6279306388802529,0.6839692366368983,0.7196107767196395,0.7502464528800172,0.7775509538971203,0.8178434819931224,0.8528509439632762,0.8788254420495282,0.9045714408133327,0.9123089231910706,0.8223766390185734
145,0.008471372721822478,0.0006477556562419324,6.267449694685638,0.012800574969128004,0.0008962486768559179,1.507624071148097,1.494486423901158,1.4815923125496944,1.4674235120640284,1.4476572069179539,1.4387876577402796,1.4539807793556734,1.4629960230970405,1.4899366456452114,1.4885117865729471,1.4394514490852366,1.487612054198155,1.4721673242326523,1.4992480382600892,0.11394101358890375,0.393653129040078,0.5393402150437455,0.6285151827911193,0.6843616619598875,0.7197529680170337,0.7502678440407784,0.7775666122309409,0.818166216832503,0.8534049729985017,0.8795848626765054,0.9054241378360942,0.9130690616922956,0.8223766390185734
146,0.009643497500308379,0.0006463570147438689,7.260970368981361,0.013904280610703193,0.0008941113714265575,1.5097057215579501,1.4963392300034208,1.48323059360785,1.4688542605599988,1.448799875050548,1.439829774871096,1.455351880235026,1.4646537786807756,1.4918617843419404,1.49035417204984,1.4419035304965506,1.489462116964681,1.4738618335490992,1.5012357840343806,0.11479842346567697,0.3944738982873797,0.5400548049675894,0.6291064257761236,0.6847619584561309,0.7199044423263636,0.7502992478184529,0.7775861360129336,0.8184837785268178,0.8539564018594811,0.8803420790681665,0.9062670366038401,0.9138273981527438,0.8223766390185734
147,0.007847459197360566,0.0006448615116098708,5.703734329901636,0.012508016269273354,0.000891954881934257,1.511778272736673,1.4981770813734117,1.4848464390924097,1.4702550892330823,1.4499037530761179,1.440830678954043,1.4566837261838665,1.4662380929129821,1.4937495730703334,1.4921655058767724,1.4442608764774307,1.4912892953350154,1.4755575199551199,1.503210468626989,0.11565059803048551,0.39528667598939504,0.5407576022173155,0.629681009463087,0.6851385038800235,0.7200244471020476,0.7502953225507571,0.7775595166697868,0.8187620483004784,0.8544795219598568,0.8810610816588007,0.907081472808703,0.9145762690763741,0.8223766390185734
148,0.008977833342408344,0.0006432843357103002,5.880887656006962,0.013151493966247008,0.0008897793134832714,1.5138492387477351,1.5000105817982916,1.486458150126847,1.4716498571237497,1.45101113915484,1.441826658157618,1.4579753504827433,1.4678033129259371,1.4955742950992426,1.49391739877516,1.4466124662058002,1.4929975684195493,1.4771283805526576,1.5051469377428077,0.11650157184754559,0.3960982381766366,0.5414595535019514,0.6302538129619718,0.6855142228280304,0.7201410257472568,0.7502729814160504,0.7775005695106197,0.8189879850695605,0.8549444017695704,0.8817175878672571,0.9078390375867283,0.915270931882929,0.8223766390185734
149,0.007907854828836661,0.0006416235740614214,5.360413456801325,0.012203771877250894,0.0008875847721077378,1.515906562583627,1.501828493696828,1.4880483624489729,1.4730158583671376,1.4520881724731198,1.4427919087552745,1.4592212047934427,1.4692963430255834,1.497350878288262,1.4956244457075885,1.4486936827150245,1.4946317799929647,1.4786671479275846,1.5070581988109313,0.11734568755819796,0.3969017690461792,0.5421506483301025,0.6308114572870483,0.6858701869409792,0.7202334044431101,0.750219868034343,0.7773968994921111,0.8191666440089467,0.8553667436067219,0.8823061153617445,0.9085570823949615,0.9159425288094082,0.8223766390185734
150,0.010503347982016905,0.0006401683034040431,6.130355747882277,0.01447137115921363,0.0008853713647665066,1.5179741963146363,1.503660749458356,1.489660296229959,1.474416411046217,1.453191349294643,1.4437850882478183,1.46054036132029,1.470995756166453,1.4992324353280457,1.4974198582622142,1.4508838469435597,1.4963206559499975,1.480196909599331,1.509026691732977,0.11819525327287082,0.3977139044670056,0.5428543172825527,0.631388433339823,0.6862498310638415,0.7203528897715396,0.7502061264053965,0.7773759324930749,0.8194331640271818,0.8558589895035007,0.8829890290332655,0.9093326022152074,0.9166292686475033,0.8223766390185734
151,0.00952883822507416,0.000638878438230853,5.611608169972897,0.013532464093090614,0.0008831391993379295,1.5200380677510015,1.505495783134469,1.491276743950945,1.4758257875472742,1.454301071900375,1.4447982993363802,1.461917140891352,1.4727575629712346,1.5012148536968277,1.4993003536995884,1.4530405625798888,1.4981434272045917,1.4818346355025482,1.5110178835439707,0.11904307275773011,0.3985270773062953,0.5435601403224386,0.6319700175114485,0.686635876007074,0.7204839843563943,0.7502214630002656,0.7774071915656562,0.8197748835108892,0.8564252339591332,0.8837489394619603,0.9101865182156286,0.9173708374638674,0.8223766390185734
152,0.008703119800885718,0.0006376729172277542,5.463339353911579,0.012527187482583161,0.0008808883846146001,1.5220903331650284,1.50731614060862,1.4928777530265818,1.477221929477105,1.4554078966759594,1.4458199572337422,1.463304137239538,1.4745310933716638,1.5032004467690574,1.501166676420198,1.4551355369718169,1.499933808810844,1.4834491565688082,1.5130007966816854,0.11988499500422868,0.39933350082308355,0.5442592818386238,0.6325461771663263,0.6870208733230623,0.7206218456708033,0.7502511390040653,0.7774589278882212,0.8201339761395563,0.8569987987690132,0.8845152816344727,0.9110387892096038,0.9181038608221744,0.8223766390185734
153,0.008014529927559274,0.0006364138042074219,5.823539351113141,0.012286973514540023,0.0008786190302980523,1.5241303132990647,1.5091212405164878,1.494458683034668,1.4785935787540605,1.4564913809239919,1.4468123174934004,1.4646438115986868,1.4762756138972553,1.5051485021304662,1.5029748530150064,1.4570542874183277,1.5016782875570163,1.4850178320541885,1.5149497497304714,0.12072076358513634,0.40013238751545666,0.5449486460399176,0.6331096962421772,0.6873907568646861,0.7207404996014501,0.750253228738182,0.7774789959506442,0.8204622701617763,0.8575420273089114,0.8852364250320393,0.9118678358787783,0.9188159360600564,0.8223766390185734
154,0.007799561741900909,0.0006350190239544879,5.202613011002541,0.012328754375404106,0.0008763312469934144,1.526159921672132,1.5109133830274553,1.4960214019407863,1.4799390235565575,1.4575419853571352,1.4477619153607344,1.46593819075867,1.4779691367254977,1.5070493440046535,1.5047442388081342,1.4590883843243503,1.503380648121542,1.4865737675780775,1.516875076134908,0.1215510131044576,0.40092415501207157,0.5456278216216021,0.6336579112468965,0.6877379911146407,0.7208257458194327,0.7502129990051681,0.7774476829400779,0.8207432188051313,0.858049506081271,0.8859340047834393,0.9126719832395851,0.9195197093315087,0.8223766390185734
155,0.009735618177172198,0.0006336723815785663,6.028010895010084,0.013640699583167612,0.0008740251462040166,1.5281942001082405,1.5127103892211848,1.4975924649959886,1.4812969866240826,1.4586138564911797,1.4487394339818382,1.4672610730584363,1.479689883686301,1.5089717900851192,1.5065241399985203,1.4612163230340312,1.505104767026825,1.4881262104836581,1.5187880149508868,0.12238293228327608,0.40171893485848786,0.5463117566934461,0.6342128660843781,0.6880953708493897,0.7209251008758116,0.750189611571874,0.7774345575219858,0.8210397819815086,0.858565849018821,0.8866398302438289,0.9134764952830365,0.9202195038217983,0.8223766390185734
156,0.008555083229838004,0.0006322998664333857,5.598616688977927,0.013028906465271637,0.0008717008403259584,1.5302261682264355,1.5145028645903036,1.499155637333472,1.4826442663130874,1.4596698486585447,1.4497138065602098,1.4685882682672837,1.4813834122178242,1.5109146863002743,1.5083426455896687,1.463284147891765,1.5068917020463302,1.4896781586893406,1.5207008364356571,0.12321350429949847,0.4025113115194347,0.5469913728183253,0.6347611897768151,0.6884419043121812,0.721011967191139,0.7501566292608589,0.7774085026623357,0.8213326316440545,0.8590854547282629,0.8873241956193408,0.9142652670640881,0.920915093459693,0.8223766390185734
157,0.008068666210791582,0.0006310002330009801,6.042529714293778,0.012377336705019502,0.000869358442642629,1.5322464141332892,1.5162794405475186,1.5007035871672363,1.4839803092903872,1.4607138428198927,1.450683627186113,1.469924397395674,1.4830661686523656,1.512867210528232,1.5101748095813576,1.4653192526442238,1.5087198330591913,1.491263030403675,1.5226020613074014,0.12403839249839081,0.4032965629207045,0.5476641358453135,0.6353044600696184,0.6887850634618595,0.721099337894856,0.7501327676475971,0.7773973752481625,0.8216486298183,0.8596306915717856,0.8880321469792566,0.9150737753641148,0.9216279443916142,0.8223766390185734
158,0.008854149219960044,0.0006296640491001682,5.5620409501716495,0.013209426532684842,0.0008669980673191868,1.53426901196784,1.5180543134513595,1.5022464550498966,1.4853084945171233,1.4617517208379782,1.451642767729512,1.4712443792273375,1.4847603344542801,1.5148122419160943,1.5119838825836587,1.4673997978959628,1.5105074469914,1.4928072640597674,1.524499519337681,0.12486341802887885,0.4040810725525193,0.5483348338964091,0.6358438251149484,0.6891226463323062,0.7211772707482609,0.7500938838863571,0.7773718482965789,0.8219495350631839,0.860158146789957,0.8887314860466355,0.9158733700624044,0.9223279225431477,0.8223766390185734
159,0.008428162761175553,0.0006283508037561727,6.192993641830981,0.012999907045992416,0.0008646198293969952,1.5362899151675464,1.5198240310249513,1.5037799541356973,1.4866248219274674,1.4627701579803578,1.452588747126657,1.472573391385282,1.4864660104997853,1.516801987159848,1.5138303910558137,1.4694193691397137,1.5123434974901802,1.494377575117095,1.526402566486372,0.12568699921481225,0.40486263722919713,0.5490004049534841,0.6363760024975517,0.689448911826528,0.7212410478747331,0.7500470792058094,0.7773484069717459,0.8222687183937968,0.8607049194767313,0.8894478988681378,0.916691220043707,0.9230415294299377,0.8223766390185734
160,0.008500711417680665,0.0006270858559907142,6.192854720633477,0.012621261730379665,0.0008622238447880152,1.5383031380288739,1.5215830914306585,1.505301812561045,1.4879322566070439,1.4637849639776361,1.453539770007478,1.4739069683760946,1.4881585276795477,1.5188024004154173,1.5156668791658232,1.471437834682813,1.5141908715998385,1.4959390800605674,1.52830584179744,0.12650682102827032,0.4056394859849674,0.5496609014210171,0.6369040161363112,0.6897734015365468,0.7213080010548802,0.7500085180056869,0.7773335798278256,0.8226010280758596,0.8612608468606616,0.8901702298044273,0.9175085413079416,0.9237513481774569,0.8223766390185734
161,0.008329046194185438,0.0006256840843994405,5.605354689061642,0.01260003371776136,0.0008598102302691563,1.5403094236632955,1.5233342722374914,1.5068154069594468,1.4892301189015964,1.4647982041051104,1.454480296738065,1.4751972863140892,1.4897707264690188,1.5207023100795503,1.5174137445097085,1.473490100734893,1.515923768169229,1.4974455207884079,1.5301764656690673,0.127322962042206,0.40641280012128606,0.5503178636048145,0.6374275836025618,0.6900939409551333,0.7213679945494418,0.7499491440282131,0.7772721991019302,0.8228630636697188,0.8617447286365091,0.8908143250552919,0.9182517211937108,0.9244229606011347,0.8223766390185734
162,0.008591768850085989,0.0006243939369335157,6.372840755153447,0.012770788486256655,0.0008573791034765853,1.5423099442306631,1.5250777726691864,1.5083224641110184,1.4905258030266655,1.4657983545053648,1.4554140887506362,1.476524245334865,1.491480731492068,1.5226530586312412,1.5192109180558795,1.4756194493919643,1.5177026961464064,1.4989407578517808,1.532083705021257,0.1281360935834827,0.40718251866592986,0.5509716137327865,0.6379497425684792,0.6904124639227377,0.7214271902721083,0.7499027305340382,0.7772518122477385,0.8231732891989556,0.8622689922228148,0.8915115599305932,0.9190163471194482,0.925095148821535,0.8223766390185734
163,0.008764473940886034,0.0006231711659145573,7.245435047894716,0.012898656486937327,0.0008549305828999922,1.5443057132043057,1.5268177616770864,1.5098261010797724,1.4918194962665658,1.4667968247809582,1.4563633683867558,1.477891593953125,1.4931917763329317,1.5246419129373587,1.5210720106553492,1.4777829178475312,1.5195509173272062,1.5004738314913488,1.5339996587879545,0.12894678248587102,0.4079504773600168,0.5516238490752907,0.638471231862497,0.6907310531920013,0.7214913938339659,0.7498748605044158,0.7772552313284168,0.8235112329209529,0.8628191196347776,0.892223113215342,0.9197785586705686,0.9257763121847293,0.8223766390185734
164,0.009483429474089502,0.0006219505109294892,6.049772701691836,0.013214010528431666,0.0008524647878768156,1.5462997807479195,1.5285597658143453,1.511336319513956,1.493124333190216,1.4678189525783278,1.4573336154210723,1.4792549511124398,1.4948941347544416,1.5265904319151185,1.5228915304403043,1.479978624463478,1.5213117638916118,1.5019850605250316,1.5359065376267542,0.1297569063267633,0.40872051856971714,0.5522807898231605,0.6390002496308038,0.6910626359062952,0.7215721014718744,0.7498565328439635,0.7772573790928899,0.823829470694743,0.8633420953506413,0.892913734859399,0.9205191366622956,0.9264457307050213,0.8223766390185734
165,0.008362871814454144,0.0006207463505208609,5.649118408095092,0.012579658802033118,0.0008499818385864262,1.5482848859879423,1.530294481986861,1.5128386881783809,1.4944211200856237,1.4688295975107186,1.4582953232915081,1.4806136579611657,1.4965842995301384,1.5285370297271619,1.5247136237874555,1.4820668899002354,1.5231134925248901,1.503504792425064,1.537808255260982,0.13056288260084295,0.4094870272869984,0.5529339585315229,0.6395253164592459,0.691389049005644,0.721646940131692,0.7498340730078599,0.777257366379445,0.8241512927470017,0.8638723428364052,0.8935970084666606,0.9212656907949704,0.9271197948452009,0.8223766390185734
166,0.008210831557819629,0.0006195500672433554,5.799452863167971,0.012863157238432834,0.0008474818560442692,1.550266897711848,1.5320228720822733,1.5143325983222913,1.4957070354222293,1.4698188182962897,1.459242612438753,1.4819927829980768,1.4982829271781943,1.5305584404950323,1.526593569628257,1.484136117987012,1.525026437762194,1.5050467390010427,1.5397043364781027,0.13136718477484802,0.4102504975928781,0.5535827029450839,0.6400441820653854,0.6917042964829868,0.7217066524313431,0.7498058107169656,0.777262619623421,0.824496550573614,0.8644178176328743,0.8942776623493021,0.9220016877481063,0.9277994656582108,0.8223766390185734
167,0.008306094274889275,0.0006183159950852408,6.5179231548681855,0.01316793941363784,0.000844964962095967,1.5522501622916236,1.533750514201806,1.5158212332843986,1.496982169398857,1.4707829023381416,1.4601672446259581,1.4833673443974762,1.4999537698650764,1.5325813814661928,1.5285154520124429,1.4862390022723893,1.5270129066986566,1.5066093387085724,1.5416004833799808,0.13217165580428283,0.41101330880474807,0.5542285365844083,0.6405569509143467,0.6920063043483488,0.7217460015739047,0.7497591573240262,0.7772503257276915,0.8248390455843909,0.8649773414553417,0.8949721948840507,0.9227500975077227,0.9284903432673068,0.8223766390185734
168,0.0072666124809791675,0.000617067037162647,5.186553423292935,0.011761895544964126,0.0008424312794113801,1.554217622432081,1.5354571770771452,1.5172826458772934,1.498226116547269,1.4717138462942814,1.4610506754231782,1.4846978143950724,1.5016349905179185,1.5345908151867964,1.5303884940515413,1.4883235801298125,1.5289580092886594,1.5081566908280015,1.5434689457968855,0.13296807189959148,0.411765491087577,0.5548608468588534,0.6410534263316489,0.6922893391896359,0.7217622987784588,0.7496859829592736,0.7772229612122331,0.8251771268093985,0.8655319788011079,0.8956764435314782,0.923510198750644,0.9291822343218002,0.8223766390185734
169,0.0077907559869746686,0.000615760190574296,5.288566163275391,0.012621638871931146,0.0008398809314786275,1.55618056798703,1.5371576178848896,1.5187324067172454,1.4994535946803462,1.4726174894436619,1.4618963471788842,1.4859977733999508,1.5033162931848507,1.5365991955964187,1.5322471749026503,1.4905082707452084,1.530957115126079,1.5097210287472427,1.5453225134327508,0.13376176898328093,0.4125140059350268,0.5554866993888181,0.6415398634602741,0.6925555591315701,0.7217515559279662,0.7495804411915066,0.777169325098334,0.8255090207111855,0.8660945894493646,0.8964010490104122,0.9243006402235545,0.9298873606825522,0.8223766390185734
170,0.008119301591769693,0.00061452994507182,5.999030056875199,0.012696366301803994,0.0008373140425980697,1.5581377920860997,1.5388525394138803,1.5201755527361753,1.5006752582216065,1.4735096636755596,1.4627212533443863,1.4872926892962262,1.5050950068967814,1.538672049043987,1.5341171157794264,1.492568827542464,1.533004226327299,1.5113074107804803,1.5471718419422154,0.13455302190851973,0.41326026002354666,0.5561097876092734,0.6420235071947683,0.6928173626983652,0.721731833776534,0.7494668248645022,0.777132818951742,0.8258772605580982,0.8666882923262076,0.8971596440879992,0.9251391921340144,0.9306136940095419,0.8223766390185734
171,0.008139468809570236,0.0006131218227889775,5.577383311931044,0.012370451221177303,0.0008347307378762498,1.5600877192941605,1.5405395085900624,1.5216094188615656,1.501882703990703,1.4743977388973672,1.4635344596093163,1.4885321531443936,1.5067762738067656,1.5406244251821317,1.5359015892909633,1.4945326278042816,1.534884591532874,1.512802323592571,1.5489862862966681,0.13534034552406846,0.4140027950059434,0.5567287266754862,0.6425003243353079,0.6930714374987932,0.7217004607365286,0.7493239778375129,0.7770346798521599,0.8261550015430945,0.8671951857552376,0.8978168080374439,0.9258913976610238,0.931286318549288,0.8223766390185734
172,0.008512701693107848,0.0006116620129369279,6.4003877798095345,0.01296538227448508,0.0008321311432197947,1.5620376937620202,1.5422251061923409,1.5230428696541887,1.5030910532094168,1.47529195747779,1.4643485824709699,1.4897451278789626,1.5084139352161698,1.5425170981428014,1.5376429021235283,1.49632478699008,1.5366609319723776,1.514277460539261,1.5507960464304018,0.13612741290658922,0.41474526502599324,0.5573480776409354,0.6429778963191707,0.6933272750232577,0.7216693447426124,0.749170800872603,0.7769102685884959,0.8263931988256202,0.8676664741954808,0.8984330006800417,0.9266228309908268,0.9319525361483876,0.8223766390185734
173,0.008566618602847903,0.0006102353408816821,5.785125595051795,0.012512740543577807,0.0008295153853292809,1.5639799984347185,1.5439049161074172,1.524472992250597,1.5042999978050198,1.4762006765166316,1.4651837664093024,1.490970305844526,1.5100557132279353,1.5444125302438458,1.5393594887625373,1.4981566627287162,1.5383850127398184,1.515719591417304,1.5525948996327192,0.13691064604325606,0.4154851151987429,0.5579661703025188,0.6434560628265554,0.6935887718917075,0.7216501630322264,0.7490312403586389,0.7767965856697023,0.8266325688257282,0.8681243962874967,0.8990360346349682,0.9273287144399189,0.9325969495314987,0.8223766390185734
174,0.008968393058692719,0.0006088482993783391,5.324860174674541,0.013023586698385235,0.0008268835916930577,1.5659199875818373,1.5455856661114737,1.5259084532050573,1.505518807858842,1.4771310913036448,1.4660335877333701,1.492185247701364,1.5117107617800458,1.5462808369809702,1.54102853888569,1.499924555566436,1.5400349282167705,1.5171040023324478,1.5543736120964788,0.13769348099174783,0.41622711173820276,0.55858929420137,0.6439425220094059,0.6938646779071991,0.7216487764304632,0.7489019475562219,0.7766901714511454,0.8268663725969974,0.8685673823722092,0.8996267651515546,0.9280272309866769,0.9332225093632955,0.8223766390185734
175,0.007384829657931513,0.0006074402422554388,5.741412039846182,0.01169808385995354,0.0008242358905810339,1.5678453127711718,1.5472463184153855,1.5273187226904015,1.5067096605751955,1.478038219784314,1.4668630787047474,1.4933700024488674,1.5133347673149793,1.5481198502719795,1.542656200745932,1.5015873293007993,1.541640087772051,1.5184469027513,1.5561351127181093,0.1384689465328256,0.41695921898270766,0.5592002495480033,0.6444147555579385,0.6941259980120497,0.7216341841290848,0.7487589418106406,0.7765679543083395,0.8270843103382559,0.8689939571564984,0.9001931729036187,0.9287123077346047,0.9338303263801283,0.8223766390185734
176,0.008327808161754411,0.0006061133846014728,5.448105274233967,0.01268005658471998,0.0008215724110384265,1.5697658300084703,1.5489043546887504,1.5287266184062847,1.507900145687271,1.4789232560112666,1.4676680362439973,1.494584630431273,1.5151283068364365,1.5500509598525452,1.544390055450947,1.5032548228681413,1.5433016075665322,1.5197704112837147,1.5579204856871687,0.1392421494650244,0.417689563729445,0.5598090327115042,0.6448846856718652,0.6943787360328916,0.7216024997409508,0.7486069125233811,0.776478502332196,0.8273491344049866,0.8694610461991104,0.9008166657918786,0.92943459394116,0.9344430500846236,0.8223766390185734
177,0.0070607097871502435,0.0006048104556401681,5.195093494839966,0.011475391156701339,0.0008188932828794705,1.571668645973706,1.5505411251264665,1.5301096148569249,1.5090651230779244,1.479774346253138,1.468433756855811,1.495796961467737,1.5170621368647266,1.5520026196015109,1.546134996600704,1.5049735106406017,1.5449951717960362,1.5211025227839154,1.5596926060937366,0.1400067540089397,0.4184090077654667,0.5604048604859811,0.6453403127604195,0.6946140624796976,0.7215492986209135,0.74844142468973,0.7764087237653226,0.8276308132575013,0.8699371305826815,0.9014524510863956,0.9301523439807987,0.9350570363873641,0.8223766390185734
178,0.008830251217224416,0.0006034703190734086,6.112300277221948,0.013028459386779384,0.000816198636681093,1.573575191432243,1.5521789986184518,1.5314945198976795,1.5102328371946758,1.4806445104340125,1.4692193614604407,1.4969920672144097,1.5189582887239876,1.5539039946507205,1.5478383127091704,1.5066755158414697,1.5465894339277595,1.5223492273261705,1.561445233814269,0.14077265677604198,0.41913017694985155,0.5610034318473883,0.6457993297700698,0.6948571097385225,0.7215074217739921,0.748277304522904,0.776323269777106,0.8278791164915192,0.8703762210973444,0.9020477391880436,0.9308342756663469,0.9356346342813829,0.8223766390185734
179,0.008908613108230169,0.0006021367835410927,5.464788037352264,0.013073160728050887,0.0008134886037765481,1.5754816330170014,1.5538199759335887,1.532886212569182,1.5114108401988486,1.4815333947774771,1.4700231341262953,1.4981915719009755,1.5208350918461837,1.5557746701783421,1.5495145577140184,1.5085460315292027,1.5481502760782901,1.5235902851891927,1.563201862257987,0.14153915526004984,0.41985434721093395,0.5616073258734177,0.6462661488743576,0.6951120654071177,0.7214800633058681,0.7481239367247184,0.7762402059877458,0.828119820594942,0.8708062728060205,0.9026469815861924,0.9315097662337658,0.9362108633239193,0.8223766390185734
180,0.008334018487444635,0.0006006991975024765,5.310862737242132,0.012579134836902303,0.0008107633162490162,1.5773856891502462,1.5554548596520785,1.5342713502399483,1.5125801199377245,1.4824305161337539,1.4708349547273734,1.4993593877001334,1.5226554221889532,1.557561905169015,1.5511266139670266,1.5103751687011102,1.5495824365833044,1.524724681261319,1.564912956062442,0.14230386265007558,0.4205759786902381,0.562208600499568,0.6467290765119071,0.6953656502379095,0.7214530080581689,0.7479588580376287,0.7761237435676769,0.828301220835685,0.8711726833845208,0.90317266646445,0.9321173805461231,0.9367344515231267,0.8223766390185734
181,0.0073062141146833905,0.0005992963802465696,5.459448660723865,0.011880965971664346,0.0008080229069251662,1.579277081005812,1.5570738820006855,1.535639706867834,1.5137455086885385,1.4832956014236043,1.471617695405809,1.5005557497503488,1.524530958040957,1.5594059151604411,1.5527878220775058,1.5122186291909707,1.5510980252135116,1.5258390809516058,1.5666323408915575,0.14306219641277734,0.42128915108849707,0.5628000385632379,0.6471843410409778,0.6956058901644662,0.7214065718348635,0.7477853168267332,0.7760206454239247,0.8285094037256308,0.8715606690438485,0.9037211427893063,0.9327350863748737,0.9372541378831585,0.8223766390185734
182,0.00831318625116319,0.0005978381628504408,5.3649664600379765,0.012181403161366981,0.0008052675093686832,1.5811570510189819,1.5586878020082033,1.537005406689593,1.5149081421941475,1.4841653638612118,1.4723969341129937,1.5017215070875205,1.5263615661592878,1.5612038717280818,1.554394447425396,1.5140924913668463,1.5525603704008464,1.5269162663345928,1.5683465702019292,0.14381598060334763,0.4220003523838494,0.5633907864086835,0.6476391176891455,0.6958468829090849,0.7213589008343694,0.7475998114437273,0.7758924531859283,0.8286877671624483,0.8719223817162862,0.9042477830398151,0.9333363637280737,0.9377596663040315,0.8223766390185734
183,0.008864107020837566,0.0005965939122846511,5.360323932021856,0.012836136901591943,0.0008024972578737563,1.5830346186654047,1.5602980684700094,1.5383749987210835,1.516085311039479,1.4850666682108382,1.473213833751005,1.5029320586038093,1.528267098507994,1.5630999997062434,1.5560145761701032,1.5160344120591347,1.5540318110736797,1.5279859580430617,1.570056211620272,0.14456911481139437,0.422711801045749,0.5639857354514541,0.6481044938247326,0.6961094351035229,0.7213452420262301,0.7474593562722603,0.7758309956551696,0.8289393268353586,0.8723258457264467,0.9048314714565303,0.9339754234662337,0.93827176008217,0.8223766390185734
184,0.008165178387866857,0.0005954131322870222,6.223707345779985,0.012432509159112124,0.0007997122874585352,1.584905625895572,1.5619021015793173,1.5397397886544306,1.5172608621906631,1.4859638906152468,1.4740261593775943,1.5041516627835054,1.5301815781522496,1.5649910060329568,1.5576620235999201,1.5179662134605567,1.55555185410473,1.5291180803802271,1.5717746532622936,0.14531899629145376,0.42342029807084997,0.5645783770037917,0.6485690777987346,0.6963715746883068,0.7213306031033726,0.7473220528499418,0.7757818492917569,0.8292115213333495,0.8727616330761899,0.9054537992252373,0.9346532065966691,0.9388168909768062,0.8223766390185734
185,0.007423690266757802,0.0005942331994596344,4.777377153746784,0.011663475427904394,0.0007969127338585488,1.586763016585178,1.5634898087722129,1.5410841750969226,1.5184126497425172,1.4868422441618891,1.474823439529551,1.5053442440317146,1.5320592829735002,1.5668668335656302,1.5592818227480951,1.5197806917298635,1.557054558602206,1.530232577124063,1.5734730749378316,0.14606244235966886,0.4241208208456467,0.5651611720515569,0.6490217322772022,0.696621456601519,0.7213056895502501,0.7471747969755571,0.7757216348794393,0.8294792503777305,0.8731948010468649,0.9060652280113294,0.9353289136230417,0.9393540220867321,0.8223766390185734
186,0.007620849398824528,0.0005931109102253516,5.18468036968261,0.011759521299877635,0.0007940987335200903,1.588608144326623,1.5650629557868843,1.5424130169159471,1.5195506491013586,1.4877107938130112,1.4756291869949645,1.5065526107120402,1.5338854535376627,1.5687400875467457,1.5608954680680984,1.5215340066663885,1.5586350315341457,1.5313633473165795,1.5751549871619914,0.14679990436103468,0.4248142174644792,0.5657364732372573,0.6494677567792053,0.6968670068767758,0.7212845609688291,0.7470433345917826,0.7756739226984045,0.8297633813462121,0.8736438586416402,0.906667500613998,0.9360041677636934,0.939897596837804,0.8223766390185734
187,0.008091647513963922,0.0005918853846296284,5.531285842880607,0.012484550496546754,0.0007912704235935661,1.5904515548312095,1.5666328620264396,1.5437377183465721,1.520680614680632,1.488577950647839,1.476430134894324,1.5077253883780188,1.535650860713998,1.570549346545954,1.562457951239007,1.5232477098969637,1.5601343845050333,1.5324372513155866,1.5768197865360154,0.14753654209671443,0.4255067304219616,0.566310508433033,0.6499106014645121,0.6971085853560309,0.7212570628879565,0.7468939298993121,0.775588895790301,0.8299986971997458,0.8740492033557467,0.9072186315944654,0.9366383027827722,0.9404132073868869,0.8223766390185734
188,0.007122771994306413,0.0005905938831512257,5.108140208758414,0.011522191871253877,0.0007884279419268118,1.5922817144363814,1.5681869999786289,1.545043287639717,1.521785983870294,1.489418864573969,1.4772005256707879,1.5088647441164058,1.5373910473296009,1.5723381027346233,1.5640011405146192,1.5249665762580795,1.561608928953033,1.5334897734562287,1.5784612052746458,0.14826657277340144,0.42619103961566607,0.5668742834045106,0.650339656982116,0.6973320615785019,0.721206145591048,0.7467172909980883,0.7754764349440274,0.8302135748713025,0.8744400678747295,0.9077615644232577,0.9372634319434285,0.9409184105134253,0.8223766390185734
189,0.007633992329994921,0.0005892255782228401,5.445179722737521,0.011988071868594413,0.0007855714270583737,1.5941056876945037,1.569731977171723,1.5463367571398556,1.5228747995341982,1.4902495619823029,1.47796119760949,1.5099712939938263,1.5390579586925164,1.5740766866734937,1.5654960174821129,1.5265973724058648,1.5630141685822778,1.5345113382815527,1.5800828098688047,0.14899329741707495,0.42687109356726677,0.5674326195666729,0.6507610065634476,0.6975472728518782,0.7211471651840362,0.7465270538853989,0.7753331748799325,0.8303908603793486,0.8747957766923269,0.9082577729954928,0.937853153032893,0.9413989233825337,0.8223766390185734
190,0.007559401665945971,0.0005880199271481517,6.624921364244074,0.012236872978595652,0.0007827010182107565,1.5959257469836934,1.5712675840807917,1.547619155464407,1.523954009615153,1.4910624274838227,1.4787098130908913,1.5111134338941905,1.5407816205011666,1.5759079195256513,1.567037698676035,1.5281825692153521,1.5645047188655614,1.535615954503954,1.5817184701269895,0.1497176270637368,0.4275467924934172,0.5679858987977007,0.6511781847585156,0.6977577956582532,0.7210853786455238,0.7463526972889541,0.7752374294318084,0.8306406250051972,0.8752113264422459,0.9088224836226664,0.9385036370153135,0.9419229905560637,0.8223766390185734
191,0.008090856280501752,0.0005867382358463449,5.218640610110015,0.012209213734795488,0.0007798168552836381,1.5977401457470068,1.5727987371107068,1.5488988620122721,1.5250312205224494,1.4918831175931795,1.4794642644336817,1.512228209060152,1.5424336926811353,1.5776634081539251,1.5685245002731565,1.529684484794863,1.5659065141761894,1.5366858012700204,1.5833461137279663,0.15043965584567,0.4282213930302136,0.5685394339886612,0.6515964742804383,0.6979723233569758,0.721029265424325,0.7461741864616717,0.7751138972165654,0.8308428334654039,0.8755809473745664,0.9093283393892441,0.9391074900441897,0.9424230112536767,0.8223766390185734
192,0.007558908490008662,0.0005853729310812899,5.02595309400931,0.012078832065719958,0.0007769190788470504,1.599549514568869,1.5743235456881344,1.5501687868864706,1.5260945310617284,1.492684040867338,1.4802023440908305,1.5133334779364616,1.5440576398459485,1.5794094310954625,1.570031097726085,1.5313324903051204,1.5673550010836372,1.5377528714580893,1.5849624741228645,0.1511586138260184,0.42889193889138033,0.5690867025885961,0.6520051169008618,0.698171364964681,0.7209517479158345,0.7459731166990856,0.7749637601696358,0.8310259074734583,0.8759441161502839,0.9098298944520599,0.9397021332581494,0.9429218333130617,0.8223766390185734
193,0.008946876104321717,0.0005840619687934899,6.131438428070396,0.012695494742043642,0.0007740078301345289,1.6013589881670918,1.5758500999229712,1.5514432249502712,1.527166100250553,1.493509303799063,1.4809689012677036,1.5144511578297462,1.5457065565614547,1.5811409412111292,1.5715265497783497,1.5330928337978365,1.5687472548266395,1.5387792706735077,1.586575820598513,0.15187774367409404,0.42956432951474427,0.569637753822723,0.6524200651789198,0.6983834330006844,0.7208947523163487,0.7457920599025102,0.7748335190045974,0.8312137680130709,0.8763026565346702,0.9103383094455547,0.9402898075620204,0.9434045683382329,0.8223766390185734
194,0.007088933807656149,0.000582696150203196,5.357647014781833,0.01105455642425818,0.0007710832510362287,1.60314959936085,1.5773566995607198,1.5526952862102303,1.5282130544862593,1.4943202103323077,1.481722802986783,1.5155338092719464,1.5473052868412789,1.582799193810267,1.57296486992556,1.5348502046163783,1.5700442184146488,1.5397569753418725,1.5881617944134028,0.1525882307761331,0.4302270127483689,0.5701781364314006,0.6528232133489738,0.6985857221792215,0.7208316554151675,0.7456018118427198,0.7746841669421359,0.8313663769319493,0.8766238901350335,0.910807651097207,0.940837509029402,0.9438609037006421,0.8223766390185734
195,0.008407177475254655,0.000581308643270088,5.568082670215517,0.01244306756796829,0.0007681454840920088,1.604937600645392,1.5788653453010228,1.5539493614453617,1.5292607482353546,1.4951394583576971,1.482485982865068,1.5166101905636067,1.5488898306888974,1.5844515037097433,1.5743850984516758,1.5366452214920296,1.5712932571895795,1.5407286282814254,1.5897395273392505,0.15329796201886692,0.4308911921820733,0.5707205127715533,0.6532279447136976,0.6987909089957397,0.7207727280555178,0.7454117515304569,0.7745275093175331,0.8315063877306912,0.8769273911918346,0.9112613588143424,0.941366213421419,0.9443076181212863,0.8223766390185734
196,0.007781925720894886,0.0005799797324161053,5.856469635851681,0.012264510307566508,0.0007651946724844859,1.6067221770405704,1.5803686258217613,1.5551982206868,1.5303034225974672,1.4959450052749734,1.4832372416053188,1.5177150679932232,1.550566297011573,1.5862119770235863,1.5758614578572903,1.5385656394580265,1.5726653654939604,1.541724415960382,1.5913200454270424,0.15400569624025215,0.4315526125811349,0.5712598306579474,0.6536293138162658,0.6989895031627263,0.7207032633586837,0.7452211752504325,0.7743979888580114,0.8316936227882588,0.877262039207828,0.911747421247824,0.9419122927256902,0.9447673288287162,0.8223766390185734
197,0.007870142650898772,0.0005785961499593591,5.370374563150108,0.012562113788964803,0.0007622309600320546,1.6085079949867354,1.581869749642612,1.556444446947627,1.5313421382678323,1.4967460416227902,1.4839772869755692,1.5187910398332876,1.5521973753319263,1.5879336712095782,1.57731067002437,1.5403954970016458,1.5739933205882808,1.5427294607346678,1.5928899136682433,0.15471379066688545,0.4322138687680293,0.571798825338757,0.6540295550797811,0.6991855376896948,0.7206274613293194,0.7450157525488019,0.7742418809675657,0.8318539971432577,0.8775794776122068,0.9122143357595514,0.9424536220600274,0.9452300704274824,0.8223766390185734
198,0.00711218311898417,0.0005773010072701872,5.120591345708817,0.011627644414457804,0.0007592544911818786,1.6102824968132812,1.5833574097121403,1.5576765621039201,1.5323773010370034,1.4975276266841218,1.4847048063821404,1.519895444996835,1.5538558934726854,1.5896864566192264,1.5787702636619771,1.5420747156728685,1.575384200523714,1.5437404706839217,1.5944290941338664,0.15541621722450802,0.43286791517885165,0.5723297853763866,0.6544243973909075,0.6993749078941822,0.7205456102938315,0.7448172786238074,0.7741082133438109,0.8320461029426911,0.8779250200091918,0.9126991270063076,0.9430136641926224,0.9457000562260321,0.8223766390185734
199,0.007691720165375582,0.0005758985400971428,5.362654424738139,0.012033504256479817,0.0007562654110028506,1.6120522223993543,1.5848373343189808,1.558899022095189,1.533398458011316,1.4983043990759892,1.4854224433750245,1.5209610753883078,1.5554688401361312,1.5913684861385302,1.5801839062252123,1.5438040371704196,1.5766762117163533,1.544685432286872,1.5959472989643515,0.15611632449869128,0.4335188510609047,0.5728569185267797,0.6548132821976455,0.6995582618546232,0.7204561194597784,0.7446005047893184,0.7739411393153119,0.8321882713768068,0.8782225970509907,0.9131401096376077,0.9435290131824862,0.9461365825990807,0.8223766390185734
200,0.007687920311190977,0.0005743869157345421,4.625581779982895,0.012350244862157893,0.0007532638651785215,1.6138213757362614,1.5863143894824876,1.5601162352576945,1.5344113503875758,1.4990780882663934,1.486132472650263,1.521990993841363,1.5570138376037368,1.5929837732483747,1.5815442874868453,1.54541857558896,1.5779053832818384,1.545602120009008,1.5974478359259006,0.15681557177952216,0.43416843949937084,0.5733817697798347,0.6551979578582382,0.699736249748441,0.7203584264537289,0.7443648435257708,0.7737349184328473,0.8322807374126643,0.8784766056067361,0.9135229146989203,0.9440034529529562,0.9465505390738164,0.8223766390185734
201,0.007263218435376487,0.0005729005508269752,5.948281485121697,0.011959459075879907,0.0007502499999999999,1.6155829804556914,1.5877825457379455,1.5613223711337165,1.5354119243853261,1.4998296658164822,1.4868139895930204,1.5230083875248213,1.5585450656051436,1.5946146662601461,1.5829058748185973,1.5470659912150715,1.5791693334145989,1.5466085958169808,1.5989526725185343,0.15751134749072707,0.434813823683505,0.5739012202401323,0.6555761484243461,0.6999040882280708,0.7202456151136597,0.7441168815044167,0.7735237843291219,0.8323907461134175,0.8787601014792018,0.9139528656945731,0.9445268004536127,0.9470066212975993,0.8223766390185734
202,0.0077490244646129325,0.0005714891481116311,6.128795898985118,0.012069790301472287,0.0007472239623588234,1.6173388764732666,1.5892442384734358,1.5625216079679283,1.5364071870008211,1.50057967864827,1.4874959272720865,1.5240294244782988,1.5601027346083944,1.596252185702801,1.5842657255080854,1.548714651015311,1.5804397390999827,1.54762846326226,1.6004647720425689,0.1582041565636718,0.4354562753363195,0.574417971214608,0.6559526484491355,0.7000725369688071,0.7201366400516491,0.7438767359210091,0.773331829952469,0.8325239659384631,0.879065053365155,0.9144129060630435,0.945073946645256,0.9474731404453672,0.8223766390185734
203,0.007764693509711077,0.0005700894747930627,4.755785591900349,0.012048408406370475,0.000744185899739797,1.6190866834171922,1.5907028152446385,1.5637185101952635,1.5374025749437545,1.5013292713887971,1.488171708768513,1.5250415681353704,1.5616857502470054,1.5979075120164494,1.5856226693038042,1.5504835367997643,1.581733943840859,1.548660082172104,1.601974208778572,0.1588936821193835,0.43609704955513623,0.5749332527309413,0.6563281753976687,0.7002396594289756,0.7200234004614053,0.7436284528686363,0.7731392311202321,0.8326670369479426,0.879381713578115,0.9148994374419475,0.9456445336327662,0.9479510018428261,0.8223766390185734
204,0.007493385098277879,0.0005685585943585534,5.570341834798455,0.011769226859749606,0.0007411359602138068,1.620826318467593,1.5921526790990193,1.5649036771582934,1.5383804275880515,1.502071635464437,1.4888411931685273,1.5260138221800965,1.5631933296432141,1.5994762533743137,1.5869263173818304,1.5521723468803015,1.5829302046611604,1.549604882367625,1.6034597703303666,0.1595792658151575,0.4367335067902733,0.5754430342504213,0.6566953029930058,0.7003978553335868,0.7199010342985771,0.7433609549877844,0.7729039173607944,0.8327467773818856,0.8796391018864312,0.9153097460943508,0.946151223208964,0.9483831243136419,0.8223766390185734
205,0.008140416393137768,0.0005670293753740636,5.1565222083590925,0.01248366444983433,0.0007380742924306025,1.622565156611377,1.5936028226842867,1.5660912512139011,1.5393627835896546,1.5028226354026872,1.4895157478211583,1.5269780473891137,1.5646993233063922,1.6010317161010792,1.588213308702932,1.55382171654434,1.5840910591137134,1.550532969452357,1.6049318029707595,0.16026455445420018,0.43737085640631734,0.5759549788923239,0.6570656896826014,0.7005608700802514,0.7197832181985693,0.7430929795955455,0.7726646879914804,0.8328190496001224,0.8798885678498675,0.9157116425448307,0.94665294953444,0.9488099850412333,0.8223766390185734
206,0.007489635122201593,0.0005655020978485379,5.09576895320788,0.01193769947071736,0.0007350010456115525,1.6242969660012687,1.5950465730489363,1.5672693896319172,1.5403334207744765,1.503564843257584,1.4901867670558513,1.5279388739858208,1.566177451857775,1.602569181518222,1.5894914523855561,1.5555113658266633,1.5852306558555644,1.5514779039908027,1.6063951665108416,0.16094643576159212,0.43800478825259415,0.5764623603751188,0.6574302990072809,0.7007181320566926,0.7196621591804337,0.7428257033701134,0.7724235680484759,0.8328880429867527,0.880136114991876,0.9161150840319439,0.9471502759063146,0.9492384938105822,0.8223766390185734
207,0.006543169171788692,0.0005640298592423083,5.7792901382781565,0.011075519595910072,0.000731916369542371,1.6260130747497639,1.5964687449294122,1.5684228315104563,1.541279852319978,1.5042797254539186,1.490834793700103,1.5288867088226776,1.5676329660511807,1.6041077227107863,1.5907505756355913,1.5570774814748596,1.5863706942584896,1.5524757062823717,1.6078516422130935,0.16162062827836277,0.43862818547665944,0.5769576649765058,0.6577826451216129,0.7008630728193325,0.7195319846391721,0.7425578382053959,0.7721900410793779,0.8329747382573609,0.8803998927970894,0.9165335682391376,0.9476686504534663,0.9496892826509437,0.8223766390185734
208,0.008383124221845603,0.0005627026852566173,5.5894813858903944,0.012738592011643545,0.0007288204145658178,1.6277290752831894,1.5978956552937293,1.569586535059528,1.542242276764662,1.5050056087023076,1.4914965645952853,1.529884440154649,1.5691669322594939,1.6057229970901223,1.5920857275457643,1.5587823586673606,1.5876089221786822,1.553520051583504,1.609328637387555,0.16229541227887748,0.4392548146508753,0.5774590109964235,0.6581446798852488,0.701019630658184,0.7194146200989572,0.7423142098890266,0.7720055591229037,0.8331228138326034,0.880717509977338,0.91702155179462,0.948234764996925,0.9501737392415139,0.8223766390185734
209,0.009796083155472347,0.0005616487201684783,6.495909413322806,0.013369552089968005,0.0007257133315743707,1.6294483987722852,1.5993321787291248,1.5707724909286043,1.5432445821710774,1.505794697663379,1.4922348374359375,1.5309477756378096,1.5707876783429349,1.6073865929205773,1.593435012976423,1.5605093027994505,1.588852756508325,1.5545747587993202,1.6108306043859923,0.16297313073009578,0.43988908251753933,0.5779752436652932,0.6585327196172002,0.7012200047400904,0.7193620937516981,0.7421454953273628,0.7719106365073528,0.8333445310114167,0.8810827892505158,0.917560965425511,0.9488396722544733,0.9506731512273557,0.8223766390185734
210,0.00791755386504887,0.0005607904566447681,6.4431618778035045,0.011774743072552643,0.0007225952720028712,1.631153535827496,1.600758583505109,1.571952217133103,1.5442473626353985,1.5065820168285886,1.4929733752985874,1.5320541684675697,1.5725296101904969,1.6091289467042902,1.5948355673855266,1.562259780052464,1.590176486113695,1.5556840300316066,1.612356095770666,0.16364504507212893,0.44051876761308745,0.5784887659990245,0.6589218130157304,0.7014249906316951,0.7193185155563169,0.7420027530442939,0.7718799085867779,0.8336408511181406,0.8815104008829466,0.9181754066532958,0.9495036804300752,0.9512056376808454,0.8223766390185734
211,0.007754852886167516,0.0005598995569472276,5.902969061397016,0.011990926708703133,0.0007194663878211441,1.6328518213287748,1.602177906222472,1.573124427778041,1.5452419472791137,1.5073708224929994,1.493713604714327,1.5331431268445568,1.574235364382038,1.6108313711573563,1.59619945632,1.564011052140747,1.5914370403181752,1.5567623451277097,1.6138585847347264,0.16431400350792114,0.44114557860198145,0.578999580036824,0.6593081621318995,0.7016298625705807,0.7192777885452419,0.7418590380526163,0.7718376495292827,0.8339137845689717,0.8819101929532303,0.9187604603177345,0.9501380825719922,0.9517193781737807,0.8223766390185734
212,0.007636712184639644,0.0005589409355816999,5.451268971897662,0.012005358871998982,0.0007163268315265902,1.634545368956195,1.6035894152737624,1.5742863248219705,1.5462230859789614,1.508149312524105,1.4944385529056115,1.534204927118996,1.5759349487684935,1.612498986687137,1.5975445235290244,1.565768038038507,1.592658106204851,1.5577849019538408,1.6153497173915934,0.1649801874514135,0.4417684357808748,0.579505149395379,0.6596870554497419,0.7018253567277009,0.7192238238272035,0.7416947490157567,0.7717727435736624,0.8341595785229713,0.8822861074715278,0.9193241812406325,0.9507500980770321,0.9522109606499617,0.8223766390185734
213,0.007494899811230762,0.0005579164428688452,5.717199955135584,0.012185522751006345,0.0007131767561367538,1.6362358227779077,1.6049953319826913,1.57543892030093,1.5471932156730794,1.508904651180426,1.4951277798216713,1.535234080628052,1.5776787235951168,1.614141623934147,1.5988822578182404,1.5674172179814552,1.5938597174564302,1.5587643866561485,1.6168508149602323,0.16564476169552125,0.44238860590480183,0.5800061011726114,0.6600589857164798,0.7020079801101973,0.7191471468305728,0.7414998315278009,0.771687347526692,0.8343832444493083,0.8826464668462021,0.9198697170846122,0.9513547875497177,0.9526904307949662,0.8223766390185734
214,0.007080153142986233,0.0005569003267049546,5.389672473073006,0.011497552881410711,0.0007100163151818656,1.6379166165915953,1.6063847532597682,1.5765728689796612,1.5481460760695227,1.5096457623584603,1.4958084030350347,1.536250865181771,1.5793987045037488,1.6157940969538913,1.6002045897131576,1.5690487441662189,1.5950513614316912,1.5597420525680559,1.6183372748489444,0.16630369645388826,0.4430002561824114,0.5804971678918447,0.6604205318011591,0.7021805051455722,0.7190630244005417,0.7413003793815555,0.7715982080569822,0.8346104125408826,0.8830067454530478,0.9204139052085382,0.9519609306831446,0.9531708638545364,0.8223766390185734
215,0.006995340470291335,0.0005559254960677076,6.001264021731913,0.011283499517876295,0.0007068456626973587,1.6395821785109381,1.6077594935070372,1.5776910411563003,1.5490825109574082,1.5103689478905042,1.4964620149727763,1.5372571483365574,1.5811728599957617,1.617491040038905,1.6015187958605788,1.5707791701161786,1.5962639619839165,1.5607273190138122,1.6198087671287673,0.1669562000772563,0.44360491451802564,0.5809805318767362,0.6607738657978731,0.7023442459095954,0.7189675209846155,0.7410922235543924,0.7715248408206117,0.834865190144301,0.8833788523531361,0.9209869311571734,0.952582477794247,0.9536558666242233,0.8223766390185734
216,0.007760185336199689,0.00055495783629092,5.949644405860454,0.011739293768010998,0.0007036649532163623,1.6412379443407916,1.609126101462564,1.5788050400069085,1.5500183295453596,1.5110989616378865,1.4971272658290218,1.5382599892921887,1.5829024561924516,1.61914699025205,1.6028155919479068,1.5724363289996637,1.5974320257088364,1.561706873375971,1.621286506699891,0.1676049358393089,0.4442066356465687,0.5814627759278699,0.6611282469492789,0.7025128445659968,0.7188817560014733,0.7408928649367079,0.7714475429125173,0.8351051555619242,0.8837390450570878,0.9215415223446014,0.9531916873511365,0.9541375331502576,0.8223766390185734
217,0.006988446344518782,0.0005538123056143904,4.548282528296113,0.011400148352847576,0.000700474341762169,1.642883022373625,1.6104816118916114,1.579905264593013,1.5509347544866063,1.511813777867524,1.4977757550533124,1.5392133595293094,1.5845244177847742,1.6207176544876358,1.60405490146248,1.5740072386737234,1.598514184607362,1.5626323956331312,1.6227274304268418,0.1682485821181384,0.4448025542477437,0.5819376376871274,0.661471488791439,0.7026666481612515,0.7187770014692036,0.7406623417518547,0.7713082941940026,0.8352709559502673,0.8840361137321954,0.9220162529385889,0.9537387337152959,0.9545852307972789,0.8223766390185734
218,0.007798405709614062,0.0005526387631050383,5.659972853027284,0.012188534135319971,0.00069727398384068,1.6445250911032665,1.6118360201413213,1.5810061018926516,1.5518525134153065,1.5125317449340132,1.4984278847829013,1.5401640213335197,1.5860965114983048,1.6222531206322943,1.6052730656850087,1.575546516051877,1.599566458620325,1.5635945499350028,1.624163980747373,0.16889110509427874,0.44539845155489144,0.5824133744263974,0.6618161438595269,0.7028224032962604,0.7186743333566149,0.7404322997386226,0.7711558576573208,0.8354180294463158,0.8843186691726329,0.9224744200544297,0.9542703452475524,0.9550393832200968,0.8223766390185734
219,0.0068684789286981695,0.0005515485130106603,5.143748392816633,0.011273637827937263,0.0006940640354328255,1.6461555685742675,1.6131740196268787,1.5820890139676274,1.5527552136235778,1.5132327510125876,1.499066291291793,1.5411233823064234,1.5877111006266718,1.6238388219583717,1.6065159307758767,1.5772048815531095,1.6006567152023707,1.5645747070574807,1.6255983523525663,0.16952771292325222,0.44598603165596257,0.5828797222376007,0.6621519664557051,0.7029697740862522,0.7185653923532774,0.7402059767852238,0.7710304593460162,0.8356056299265245,0.8846311474556728,0.9229771222714904,0.9548250032700474,0.9555060081224156,0.8223766390185734
220,0.007882482606785944,0.0005505192817115196,5.417206016834825,0.011945037651273452,0.0006908446529869618,1.6477806541079085,1.6145081415853157,1.583169609025711,1.5536593264983227,1.5139431406717136,1.4997158152394856,1.542090203870508,1.5893820474932678,1.625456746937568,1.6077417592251901,1.578819933802095,1.6017339500953993,1.5655309698507576,1.6270222203223121,0.17016218087816068,0.4465722608975207,0.5833456140399068,0.6624891464430958,0.703122554017353,0.7184664738367854,0.739991719791707,0.7709281621156236,0.8358122015780427,0.88494398389961,0.923475701589677,0.9553716739120962,0.9559616167442376,0.8223766390185734
221,0.006920681907291287,0.0005495997553253,6.113797085825354,0.011108991050586457,0.000687615993411248,1.6493912564979551,1.6158269328206152,1.5842344375389807,1.5545489387254103,1.5146363001997105,1.5003504886050016,1.543076913841753,1.591107798121405,1.6271664048773629,1.60899579818348,1.5803779599346457,1.6028541183281846,1.5665160570879137,1.6284445340188356,0.17078991451178663,0.4471506446846965,0.5838031243753653,0.6628182892891733,0.7032674240589939,0.7183614512206766,0.7397851742556424,0.7708625988608538,0.8360725809840654,0.8852862487377096,0.9240048493893405,0.9559355402262095,0.9564282763008106,0.8223766390185734
222,0.007296056510939139,0.0005485340425774248,5.317868678830564,0.011673573835641656,0.0006843782140659967,1.6509970634543243,1.6171375471764715,1.5852886554159151,1.5554231666288922,1.5153251727682067,1.5009834819785202,1.544025225028964,1.592741535903412,1.6287700430068532,1.6101887807999995,1.5819204928945392,1.6038887960079935,1.5674079314965288,1.629839120185354,0.17141508904555644,0.44772536580026856,0.584256053127329,0.6631404810402701,0.7034055723945135,0.7182507907742869,0.7395626616656652,0.7707518126264246,0.8362635437476862,0.8855664904343324,0.9244548508174869,0.956430206539218,0.956845248959637,0.8223766390185734
223,0.006847872083362554,0.0005475573863433751,6.670537884812802,0.011348639692765556,0.0006811314727560052,1.6525920640405147,1.6184366017905023,1.586329213061965,1.556284625503476,1.5159944770359945,1.5016007185719784,1.5449823913233822,1.5943813714862123,1.6303718296537988,1.6114043260036293,1.583520620730992,1.6049630744804737,1.568362698127293,1.6312407701850038,0.17203536934608304,0.44829446231388564,0.5847026157196612,0.6634567841734271,0.7035374923445572,0.7181361083815003,0.7393478020602977,0.7706640134617108,0.8364869365631357,0.8858867401634272,0.9249559348161787,0.9569635733143863,0.9572918666520692,0.8223766390185734
224,0.007189388560861976,0.0005466408711491628,5.147794931195676,0.01138077175782798,0.0006778759277228646,1.6541775099619616,1.619724556341275,1.5873603693503988,1.5571415045722508,1.516658124343771,1.502214005607964,1.5459462608580885,1.596042354420802,1.6320098970000132,1.612639085390509,1.5852279467185812,1.606083736106156,1.5693203473634336,1.632643637843128,0.17265107515661743,0.4488582637254347,0.5851443569239941,0.6637698764839238,0.703667090560625,0.718020122156152,0.7391360882821335,0.7705910456617358,0.8367372202362274,0.8862316467382219,0.9254927901797605,0.9575214763065554,0.9577489663184914,0.8223766390185734
225,0.008767409376186667,0.0005458781684128122,5.486218695063144,0.012751917910208124,0.0006746117376372467,1.655764940364222,1.6210195892197108,1.5884068513112628,1.5580240959115121,1.517353558404751,1.5028594253396639,1.5469534495066595,1.5978081234922046,1.633714781509313,1.6139019817991613,1.5870892219628214,1.607224596657452,1.5702932698154206,1.634068436185372,0.17326858767879139,0.44942732152852644,0.5855959830890983,0.6640994015792533,0.7038213387149328,0.7179358570837651,0.7389625142551123,0.7705776834010715,0.8370394099155415,0.8866036373143333,0.9260702102625622,0.9580969392167052,0.9582165147917806,0.8223766390185734
226,0.007533077220130174,0.0005449789187410968,5.250888715032488,0.0119316822271039,0.0006713390615911717,1.657349337777337,1.6223107171403004,1.5894492286374509,1.5588997469793886,1.5180497943959907,1.5035063170041338,1.5479316555964977,1.599479997091141,1.6353316726616023,1.6151186244794873,1.5889325919606452,1.6082813630843438,1.5712244839980727,1.635468681289702,0.17388440298327063,0.4499946844801494,0.5860459327618233,0.6644256466787323,0.703971808221811,0.7178468031029295,0.7387738053933021,0.7705182461744371,0.8372774821023844,0.8869215307957504,0.9265843259298886,0.9586175474179276,0.9586546812427817,0.8223766390185734
227,0.006824257173495302,0.000543944903543282,4.552277471870184,0.011264888308733192,0.0006680580590902525,1.6589223607003845,1.6235924382918538,1.5904788020689515,1.559760667412527,1.5187227197940005,1.5041205470340486,1.548862063349458,1.6011005840757113,1.6369038992494924,1.6163006472805326,1.5906613836494086,1.6092959348407123,1.5721321210157801,1.636823302810654,0.17449504996040857,0.4505565695318873,0.58648811586493,0.6647407515262249,0.7041044076886088,0.7177305449975844,0.738546603325763,0.7704064283336259,0.8374675678140809,0.8872065568581896,0.927054040397887,0.9591149300701907,0.9590801695592126,0.8223766390185734
228,0.007401760813766112,0.000542781307859653,5.321649716701359,0.011922632074988913,0.0006647688900459223,1.6604924455854595,1.6248695807678193,1.5915027392265508,1.560611610421908,1.5193886400341474,1.504726031208325,1.5497532949916368,1.6026368144501852,1.6384064604831226,1.6174460352547377,1.5922782214377265,1.6102496246617122,1.5729811106660798,1.638168570279182,0.17510450325123889,0.451116975666502,0.5869283681341134,0.6650516547118082,0.7042305182800899,0.7176046022365046,0.7382981499826462,0.7702474831246373,0.8376002461807133,0.8874459151025552,0.9274619011009894,0.9595706430724426,0.9594764636772755,0.8223766390185734
229,0.006613275792930671,0.0005417741698413085,5.599407230969518,0.010459773214404182,0.0006614717147676403,1.6620410290185506,1.6261259238687573,1.5925069390150242,1.5614492272412146,1.5200459393299806,1.5053302704041667,1.550665661708356,1.6042357844218371,1.6399413392135298,1.6185961949086138,1.5938495454912154,1.6112294610689066,1.573857565791204,1.6395125588134372,0.17570421610784814,0.45166684066058127,0.5873586033034891,0.6653557764822026,0.7043556214693221,0.7174872925697192,0.7380739959820868,0.7701387127422464,0.8377836362882461,0.887720072653046,0.9279087242250725,0.9600553477667289,0.9598922808563388,0.8223766390185734
230,0.006979239603979355,0.0005407938783731094,6.13257691077888,0.011189502339941438,0.0006581666939550778,1.663577513785501,1.6273723022278523,1.593501965008948,1.5622789345256043,1.520690443862422,1.5059287682316835,1.5515892083830731,1.6058205529757283,1.6414808067050197,1.6197526691164592,1.5954201474646885,1.6122706909608353,1.5747738318063964,1.6408621611986967,0.17629890857466107,0.45221196022301996,0.5877842623624491,0.6656557483656641,0.7044755127557665,0.7173657777671202,0.737853798224587,0.7700338363720899,0.8379775931337392,0.8880102946242651,0.9283640864415981,0.960549669887327,0.9603250546951569,0.8223766390185734
231,0.0073402723163104675,0.0005398018537507021,5.508776735048741,0.011702094743856892,0.0006548539886902863,1.6651094782824605,1.6286141421075917,1.5944921060802977,1.5631036849115494,1.5213316739403366,1.5065268572487565,1.5525066742668099,1.6073628873816883,1.643007767322448,1.6208979203895122,1.5969840401486368,1.6132945496977293,1.5757000674236388,1.6422117674120462,0.17689173886292373,0.45275537013750794,0.5882082671460478,0.6659540252165937,0.7045940348982004,0.7172441710661183,0.7376336788460054,0.7699209084292779,0.8381633147396875,0.8882929657017897,0.928810476762725,0.9610392945740022,0.9607595975547855,0.8223766390185734
232,0.007448136121671308,0.0005389558133082291,5.590977668296546,0.011450996321517536,0.0006515337604298472,1.666629706842087,1.6298508029412908,1.5954835886623102,1.563943522980827,1.5219811796483758,1.5071338170823445,1.5534655403523518,1.608988002125265,1.644604633923164,1.6220600849062108,1.5985037124572463,1.6143745860496095,1.5766750642502467,1.6435607501468394,0.17748020487632363,0.45329675125387997,0.5886332605778135,0.6662594941970833,0.7047245748348115,0.717139344244717,0.7374425525260937,0.769859288428008,0.8384004826059082,0.8886069020711314,0.9292833162013544,0.9615510945672981,0.9612117042036892,0.8223766390185734
233,0.006761251137413116,0.0005381144191181331,4.951010331977159,0.01096174868219345,0.0006482061709970014,1.668137101152793,1.631076512629257,1.596462658966386,1.564769338921431,1.52261743471984,1.5077283704112,1.5544121467975256,1.6106094329351552,1.6462005358650915,1.6232202376842682,1.5999631910819214,1.6154553898914517,1.577625590981926,1.6448937768838545,0.17806298859536557,0.4538324406065797,0.5890518389251375,0.6665574164784778,0.7048465571150838,0.7170255544600851,0.737243149014085,0.7697955964612332,0.8386399719256483,0.888921110611067,0.9297545550862453,0.9620612873757268,0.9616571399138794,0.8223766390185734
234,0.007124667519140787,0.0005373445677314414,5.630263824015856,0.011381780693657348,0.0006448713825737636,1.669635893529023,1.6322959855735457,1.5974347880762545,1.5655874118396302,1.5232384782089883,1.5083129694656452,1.5553841765382683,1.6122588997505323,1.647846072896099,1.6244377724725991,1.601477002413852,1.6166275371737158,1.5786135060375779,1.646231967062475,0.17864203446314478,0.4543646599870507,0.5894664504065767,0.666850908366123,0.7049616353375087,0.7169037201985815,0.7370476225888435,0.7697555264016198,0.8389176175029504,0.8892706098127338,0.9302623299726377,0.9625965126843552,0.9621211053900781,0.8223766390185734
235,0.006657806296237433,0.0005364304157529943,4.921882760245353,0.010797009906257543,0.0006415295576930169,1.6711225134278955,1.6335019515778069,1.5983900297428786,1.5663826895901507,1.5238470044848593,1.5088874962904975,1.5563102060693228,1.6138139289729643,1.649392200982053,1.6256028245946694,1.6029356105196944,1.617700238957579,1.5795148461931905,1.6475459160333952,0.17921550741842052,0.4548902689685007,0.5898729589067229,0.6671330567475917,0.7050645125248888,0.7167703075246812,0.7368308475080918,0.7696671460283501,0.8391281497397803,0.8895626892128974,0.9307002665531158,0.9630715330732884,0.9625398508701793,0.8223766390185734
236,0.006457142745423089,0.0005354746403906545,5.3260359140113,0.011112013414200836,0.0006381808592305912,1.6726004949195128,1.6346972341265278,1.5993324898777574,1.5671626665346,1.5244338732914404,1.509432783549113,1.5572121165126438,1.6153359708932093,1.6509430630129414,1.6267417779036075,1.6043957871995576,1.6187721871429699,1.5804627658496957,1.648847361473073,0.1797851819814085,0.4554107277219016,0.5902727606194108,0.667406328509546,0.7051543441693803,0.7166179541593786,0.736593284512534,0.7695573427892395,0.8393322518593683,0.8898507869838741,0.9311425932050754,0.9635568681387043,0.9629746808524007,0.8223766390185734
237,0.007138460462909653,0.0005345461159187126,6.2247598469257355,0.011541705217023608,0.0006348254503973253,1.6740738647961244,1.6358878183799908,1.6002723341916263,1.5679407684518816,1.5250192133817968,1.5099725824102883,1.5581090276390355,1.6168750726961807,1.652504122391481,1.6278858136139327,1.6058224786479267,1.619861248946376,1.5813880529329984,1.65015028815834,0.18035302916403345,0.45592968447640364,0.590672088250625,0.667679855608324,0.7052448731233478,0.7164650465643398,0.736353596856401,0.7694532375390535,0.8395465107635627,0.8901466962440396,0.9315932645114772,0.9640493185914769,0.9634045770450643,0.8223766390185734
238,0.007129604692123825,0.000533645565006317,5.6397993438877165,0.011336411481885019,0.000631463494731112,1.6755401453467729,1.6370709518232676,1.6012073060448881,1.5687169423231984,1.5256072499732865,1.5105188577917377,1.5590061218209574,1.6183938667068842,1.6540342399147743,1.6290191073270188,1.6072457079884281,1.6208988108372995,1.5823211014342193,1.6514531036058202,0.18091793961659172,0.4564459251276266,0.5910701400426887,0.6679542569744221,0.7053398403140191,0.7163212791646391,0.7361245734767546,0.7693561495205076,0.8397575503876531,0.8904380668370747,0.9320432525644284,0.9645371677806034,0.9638406681876955,0.8223766390185734
239,0.006207139026953181,0.000532805821138481,5.525996122974902,0.010443937333532702,0.0006280951560889273,1.676990741691393,1.638235821135878,1.6021244144467346,1.5694792942913167,1.5261790510869355,1.5110495999548939,1.559894431035993,1.619923642797609,1.6555673048445503,1.6301544589793269,1.608569849578292,1.6219480109739584,1.5832529036374299,1.6527472386257418,0.18147566202519477,0.4569532808358302,0.5914590848105278,0.6682208946685707,0.7054282968892933,0.7161737363402169,0.7358968096633577,0.7692723244998784,0.8399868966532074,0.8907472006170942,0.9325071889544965,0.9650419276745309,0.9642838822123536,0.8223766390185734
240,0.007063764768110185,0.0005319315906273896,5.425817707087845,0.011309157670233433,0.0006247205986388449,1.6784371275094008,1.6393931441112257,1.6030336023878062,1.5702348951415066,1.5267543246203554,1.511590759242443,1.560772714701534,1.6213858959630518,1.657040540191088,1.6312520880666432,1.6098339804277593,1.6229284195446412,1.584178269577801,1.6540341355483326,0.18203100243621056,0.4574572319597096,0.5918446866535613,0.6684847231040015,0.7055172445165797,0.7160324802606776,0.735674309858259,0.7691742466346589,0.8401873559833617,0.8910301335227822,0.9329369265001594,0.9655186666208165,0.9647167724574436,0.8223766390185734
241,0.007335367004358832,0.0005311208197109911,5.871155139058828,0.011332299340322758,0.000621339986852034,1.6798765092920238,1.640545749132127,1.603940997028703,1.570995853914646,1.5273323289088072,1.5121291672334174,1.561658928870563,1.622920768836987,1.658526565280016,1.6323559024271994,1.6111639016414985,1.6239173703277745,1.58510901942889,1.6553221806818526,0.18258346508664355,0.4579591945823649,0.592229577609259,0.6687506911222638,0.705610443993944,0.7158957257261311,0.7354580850734661,0.7691003891297211,0.8404081239875162,0.8913278903904351,0.9333911830308598,0.966011148748871,0.9651576130488856,0.8223766390185734
242,0.00727775416103753,0.0005304412954763411,6.278499701991677,0.011439147173994428,0.0006179534854947438,1.6813099889826273,1.6416934976823594,1.6048445879278102,1.5717550029689846,1.5279090231518295,1.5126643260071364,1.5625695802385215,1.6245809727573104,1.6600844300860902,1.633493872944236,1.612528023630231,1.624952087746369,1.5860529720473382,1.6566175177191824,0.18313363276814884,0.4584592475069982,0.5926131595986207,0.6690167234796129,0.7057056617047934,0.715762561242695,0.7352550005754585,0.7690757295924393,0.8406828674769994,0.8916634000136311,0.9338921135345882,0.9665315926362222,0.9656087052455963,0.8223766390185734
243,0.007160292973636466,0.0005297905045870808,5.070546819362789,0.011441063203948897,0.0006145612596202726,1.6827387461576804,1.642836124482764,1.6057451009316497,1.572514379407411,1.5284898324760328,1.5132056491119161,1.5634767783230454,1.6262190102843324,1.6616462190751633,1.6346155717901325,1.6138168877064465,1.625979763125018,1.5869968118577646,1.6579070813429555,0.18368165871638362,0.4589573585906519,0.5929959419173074,0.6692837566642807,0.705804702307231,0.715636649685679,0.7350590916375704,0.7690555241248929,0.8409632027705766,0.8919984985644744,0.9343855340351853,0.967049938736364,0.9660603723960598,0.8223766390185734
244,0.006793897943245491,0.0005291123832722095,5.408801310695708,0.011392620746130183,0.000611163474560924,1.6841620068227647,1.643973425330256,1.6066396665342946,1.5732672899651245,1.5290598908450037,1.5137336385021738,1.5643674714961675,1.627848592692534,1.6631820554850028,1.635723053580641,1.6150922577959592,1.6270156138216239,1.5879399826491956,1.6591951897140427,0.18422751680677502,0.4594533812938626,0.5933764456955836,0.669548047689163,0.7058991374984918,0.7155033463760155,0.7348532593848476,0.7690221735810628,0.8412300519023573,0.8923300472436885,0.9348737575149978,0.9675723671936982,0.9665179321552704,0.8223766390185734
245,0.006812264386618652,0.0005285262082227096,5.5250689019449055,0.01092279997203523,0.0006077602959199482,1.685573136984851,1.6451017388902371,1.6075280679441535,1.574028947939338,1.529623748509548,1.5142555402511058,1.5652839718352227,1.6295568195029668,1.6647326614034352,1.636846425465996,1.616405654888887,1.6280670602886729,1.5888466822056209,1.660495157239349,0.18476820043865563,0.45994476206505935,0.5937531932034491,0.6698131686374507,0.7059953070072716,0.7153722052552062,0.7346570097846055,0.7690213225808555,0.8415251322025742,0.8926854713721138,0.9353949519591805,0.9681147304428045,0.9669689944152599,0.8223766390185734
246,0.006827326091152509,0.0005278914868108476,5.661848925985396,0.011123983242980258,0.0006043518895634709,1.6869782655463355,1.6462210067566103,1.608404982401856,1.5747746114719599,1.53017853201682,1.5147705177690347,1.5661767728594513,1.6312257452554977,1.666243498139453,1.6379481781110123,1.6177777209244035,1.6290936049416351,1.5897225202922127,1.6617786556569762,0.18530581778185964,0.46043168900053116,0.5941242231200766,0.6700701838890735,0.7060826345233356,0.7152327821719219,0.7344489543727526,0.7690016433643262,0.8418001540282172,0.8930275679233414,0.9359042032898145,0.9686437789263097,0.9674024288292815,0.8223766390185734
247,0.006685103631565788,0.0005273252569987914,5.561813379172236,0.011238923469780187,0.0006009384216124095,1.6883770614267457,1.647332488976528,1.6092727832742642,1.575508090808975,1.5307136253746916,1.5152672627580688,1.5670921994772515,1.632975780628221,1.667818214177574,1.6391003168741265,1.6191684994265543,1.6302181679667835,1.5906138264785274,1.6630653575279468,0.1858403398428244,0.4609145878617756,0.5944904364376563,0.6703209687414529,0.7061602007886028,0.7150803771675155,0.7342398885707502,0.7690109940197757,0.8421153965938344,0.8934015507776761,0.9364407860327316,0.9691877369633709,0.9678445219843611,0.8223766390185734
248,0.006405899223668712,0.0005266626211804985,4.775558381341398,0.010891625340876163,0.0005975200584343761,1.6897679327215929,1.6484316870873763,1.6101274411725564,1.5762270528654752,1.5312434708983107,1.5157603710490017,1.5679712782357482,1.6346372899293053,1.6693198111066236,1.6402020683941245,1.6204730210903455,1.6312833585853843,1.5914645104667426,1.664316661274483,0.18637104994963713,0.46139185544352834,0.594850270043912,0.6705641493369333,0.706230906948594,0.7149227963025656,0.7340176505443426,0.7689833462516301,0.8423843852444286,0.893737336278408,0.9369259534658296,0.9696938394505205,0.9682615245729327,0.8223766390185734
249,0.007292008779259126,0.0005260817019013557,5.855721986852586,0.011182589715164434,0.0005940969666355695,1.6911488317521635,1.6495263922392451,1.6109833281152044,1.576951849703923,1.531786697454634,1.5162694079854384,1.5688628102843885,1.6363099904211842,1.6708192453194561,1.641300490315051,1.6217907691352702,1.6323511450136032,1.5923335835910992,1.6655702420984175,0.18689836055690448,0.4618682059895665,0.5952124608719163,0.6708135120167463,0.7063136207040178,0.7147834320418216,0.733816619680152,0.768978742738863,0.8426709797238267,0.8940875807002632,0.9374267133054398,0.9702104609980983,0.9686834512522334,0.8223766390185734
250,0.007174415827495182,0.0005254009515779166,5.218312431126833,0.011161328141623465,0.0005906693130526547,1.6925226346219768,1.6506160026318966,1.6118350081504433,1.5776694948679348,1.5323338838221128,1.5167852445892336,1.5697265820068256,1.6379019460359352,1.672252455310676,1.642368190304783,1.6230724795754121,1.6333567492316061,1.5931371722475374,1.6668166438484664,0.18742281641270536,0.4623425578331353,0.5955733347075007,0.6710605487274336,0.7063951923986305,0.7146446719454643,0.7336068466435355,0.7689391527393485,0.8429091445089929,0.8943965554992166,0.937874746464923,0.9706827225204278,0.9690700118553509,0.8223766390185734
251,0.006227622542299423,0.000524754953314333,5.152830988168716,0.01086178965708571,0.0005872372647446318,1.693887358986178,1.6516941923510267,1.6126731097211644,1.578372269197174,1.5328596911623322,1.5172793836973197,1.5705914662203202,1.6394885243276383,1.6737400113835077,1.6434552455836984,1.6243542432266274,1.6344128160506286,1.5939708647232589,1.6680550125871625,0.18794301211642914,0.4628109821306097,0.5959266855294884,0.671298587735001,0.7064646350703024,0.7144913473516067,0.7333899569761299,0.7689051000916753,0.8431743970163781,0.8947261627196983,0.9383466910573692,0.9711742493725415,0.9694711918706874,0.8223766390185734
252,0.0071344037537875,0.000524214230739857,5.700083562172949,0.011067722803241597,0.0005838009889846932,1.6952429013119648,1.6527656431383473,1.613508181761346,1.5790837076863433,1.5333971872670775,1.5177888381248492,1.571476191594453,1.6411207508705752,1.675230102808502,1.644532910367197,1.6255806735797789,1.635429950393335,1.5948155149516392,1.669306977648409,0.1884596047435603,0.4632767049724977,0.5962792726641458,0.6715410841093478,0.7065452955942088,0.7143575471307386,0.7331995584577371,0.7689068896761144,0.8434615154727824,0.8950668594495904,0.9388292031268681,0.9716725257588698,0.9698802276222956,0.8223766390185734
253,0.007902684695573774,0.000523602874102662,5.333577775396407,0.011850298746412451,0.0005803606532520715,1.6965981316578311,1.6538393839319985,1.61435010204114,1.5798033282048445,1.5339592298695106,1.5183268504015117,1.5723481157705446,1.6426831162903197,1.6766497332979917,1.6455718284394534,1.6267553152196599,1.6363708605387755,1.5955960245957737,1.67054763917027,0.1889764910895854,0.46374467467268027,0.5966367695646385,0.6717902082839674,0.7066377865366589,0.714240710729255,0.7330155637334991,0.7688857980680239,0.8437029687469858,0.8953636935628279,0.9392540606750364,0.9721237938194982,0.9702555686558819,0.8223766390185734
254,0.007014521003249161,0.0005231252388279299,5.97437464306131,0.011387263834141119,0.0005769164252238771,1.697948066459236,1.6549070195856472,1.6151863938218465,1.58051937552005,1.5345151905704695,1.5188565830536487,1.5732427066110328,1.6443421220539376,1.678138107385191,1.6466434315910594,1.6280011763235491,1.6373844901915784,1.5964057116883192,1.671789552516239,0.18949095547601924,0.4642098229249836,0.5969916626155624,0.6720379623675506,0.7067299904065223,0.7141244693657175,0.7328431165253938,0.768909594766666,0.8440001779736469,0.8957060412344579,0.9397346385620621,0.9726203410415344,0.970653654547999,0.8223766390185734
255,0.006271082443270251,0.0005224635972492131,5.274237751960754,0.01054629559192072,0.0005734684727669247,1.6992847712896777,1.655963260835035,1.616009308582154,1.5812157132463363,1.5350514909107325,1.5193614353109113,1.5740813739540582,1.645887648483715,1.6795445321776696,1.6476647627021566,1.6291663097967894,1.6383264715913672,1.5971908774637806,1.6730103323777923,0.18999973546364976,0.46466906192797425,0.5973392569498871,0.6722744861283619,0.706805802776748,0.7139852609229512,0.732634009664346,0.768865713532446,0.8442269228789816,0.8959950980685005,0.9401535481842578,0.9730766331680283,0.9710346985508059,0.8223766390185734
256,0.006821177060823165,0.0005218741804276308,5.470439388882369,0.011041651899113934,0.0005700169639295527,1.7006153973195028,1.6570094455980575,1.6168224363829184,1.5819041434950407,1.535588576188215,1.5198726075142106,1.574926600303142,1.6474334584496628,1.6809515680885285,1.648681167651235,1.6303517632505606,1.6392574925002321,1.597964184301341,1.6742223904618092,0.19050526643462237,0.46512360228880956,0.5976824132911922,0.6725078805605728,0.706882789222966,0.7138541744076953,0.7324391621808544,0.7688433596786415,0.8444736876014856,0.8962969549097511,0.9405907461286839,0.9735376199884105,0.9714124430210219,0.8223766390185734
257,0.00622278059428605,0.0005212268226733359,4.801254228223115,0.010892666986720341,0.0005665620669334328,1.701938004880844,1.6580459800198362,1.61762363391541,1.582580564786466,1.536105034442179,1.520359505410626,1.5757493867783647,1.6489518703188384,1.6823480677041658,1.6496850464746884,1.631514023959229,1.6402020200829848,1.5987586186693405,1.6754137630124062,0.1910071487086374,0.4655732601444624,0.5980190187501709,0.6727329414929301,0.706947019270862,0.7137054857243446,0.7322248925971843,0.7687975590001531,0.8447056434184663,0.896592168275526,0.941014480642859,0.9739918079041892,0.9717944273993508,0.8223766390185734
258,0.006781359972833427,0.0005206302443227328,6.008316522929817,0.010717423843023903,0.0005631039501653701,1.7032490169306813,1.659072862914238,1.618418437009149,1.5832550459040384,1.5366223884550168,1.520843490428055,1.5765719180384123,1.6505273588679767,1.6837341732884534,1.6506780867548099,1.6326678445757508,1.641115317161619,1.5995343901385757,1.6766032854548847,0.19150430055990494,0.4660188766137059,0.5983534068959993,0.6729585692878843,0.7070157929159293,0.7135646953945188,0.7320204702265298,0.7687744845958109,0.844945798171519,0.8968867049159117,0.941439617576402,0.9744390417797237,0.972168225098456,0.8223766390185734
259,0.006717642775567645,0.0005201903689016312,5.74123811814934,0.011060880513264893,0.0005596427821690972,1.7045519888026623,1.660091885998249,1.6192073478963815,1.5839330251288586,1.5371339121769747,1.5213228290783067,1.5774397487319554,1.6521873621321777,1.6852075211111321,1.6517182078671377,1.6338869080190206,1.6421084202123113,1.6003454664818804,1.6777939449923225,0.1919980466242776,0.4664607860325488,0.5986848650541726,0.6731849120951575,0.707086872693517,0.7134276843079257,0.7318363382643134,0.7688045093116957,0.8452497139812741,0.8972271806811817,0.9419224965646955,0.9749293673134507,0.9725673073971735,0.8223766390185734
260,0.007169497827957098,0.0005197364844115342,6.162123185116798,0.010945723664116152,0.0005561787316370596,1.705846600073055,1.6611051220669029,1.6199934259537994,1.5846088257968738,1.53765572702016,1.52181852418418,1.5782950511399525,1.6537869745926117,1.6866372754587835,1.65273136535721,1.6349952233953011,1.6430535151305656,1.6011314551844402,1.6789694961052486,0.19248829484191324,0.466900352419115,0.5990157765035574,0.6734120596210613,0.7071632153889413,0.7133023306510556,0.7316600429086746,0.7688252128486945,0.845533488577833,0.8975478472527132,0.9423721167546679,0.9753984828256572,0.9729511868033097,0.8223766390185734
261,0.006644383050194332,0.0005193195469667393,6.2068755850195885,0.010977915639490419,0.000552711967402193,1.7071334318879274,1.6621108159130975,1.6207744527498256,1.5852904546373578,1.5381709747681755,1.522318746409503,1.5791726243647073,1.6553829211014746,1.6880602346220646,1.6537565966056624,1.636000881907925,1.644020205443498,1.6018681620331308,1.6801565597724255,0.19297545690988993,0.46733667572818327,0.5993441677566317,0.6736399550673745,0.7072405189733941,0.7131810494858443,0.7314953479369221,0.768856401853901,0.845821442634745,0.8978750691580127,0.9428122087277275,0.9758614349675918,0.973320258990841,0.8223766390185734
262,0.006903978900924448,0.000518966539162606,5.453169446904212,0.01110877561870128,0.0005492426584296951,1.7084126968800495,1.6631125206340827,1.6215520038679412,1.5859713583175425,1.5386792874894808,1.522803777408479,1.5800588097622148,1.6570729040224244,1.6895233248238826,1.6547953187489504,1.6370784910039287,1.6450393181862517,1.602664210228527,1.6813318169736506,0.1934595532880097,0.46777067849031384,0.5996701759276704,0.6738661679063251,0.7073152386766135,0.713053997046179,0.73132989719586,0.768914820032279,0.8461402265636532,0.8982261749772348,0.9432818801614747,0.9763462879371703,0.9737100180072761,0.8223766390185734
263,0.006561118050520384,0.0005186364555102703,5.715497851837426,0.01094969529760355,0.0005457709738087912,1.7096853057179169,1.6641056196688604,1.6223208502017357,1.5866433552305965,1.5391856561341948,1.5232883438669556,1.5809379042704856,1.6587517202639348,1.6909646261139206,1.655808930740903,1.6380881268866898,1.6460174777707433,1.603501030297661,1.6824937116570071,0.1939404208509063,0.46820063554251307,0.5999922639935888,0.6740889708071726,0.7073894825674081,0.7129310391625066,0.7311712676187917,0.7689788171613477,0.8464576470400907,0.8985729992029124,0.9437469815846072,0.9768303892451075,0.9741122944784701,0.8223766390185734
264,0.006442512484667413,0.0005182525401155678,5.4074067822657526,0.010924756503271208,0.0005422970827444917,1.7109502667440253,1.6650926440390135,1.6230806920584766,1.5873002367023064,1.5396748931436643,1.5237518586849192,1.5817919953372395,1.66041970773453,1.6923838582386417,1.656820873037959,1.6391823308173665,1.6469937053368369,1.6043175870455724,1.683647869242802,0.1944182508097323,0.4686275663129051,0.6003098176319662,0.674304028576262,0.7074517935039925,0.7127909251573421,0.7309909325201338,0.7690234189558179,0.8467600787835654,0.8989136560713167,0.9442166712590285,0.9773139144470612,0.9745107076999447,0.8223766390185734
265,0.006977641208665665,0.0005179149526354068,5.285437278915197,0.011231544094669501,0.000538821154549346,1.712208720619345,1.6660769543794114,1.6238402572521222,1.5879579932805474,1.5401637239116759,1.524213273500866,1.5826458633186813,1.6620881936136795,1.6938133869237963,1.6578429402236443,1.6402956820755334,1.6479783560736372,1.6051698044328369,1.6848004265234091,0.19489383999885282,0.4690536822686986,0.6006278075457331,0.6745206751932599,0.7075163274762827,0.7126529621259527,0.7308137164151789,0.769076330964908,0.8470773004518438,0.8992702952108512,0.9447107866061762,0.9778195826759626,0.9749282697997351,0.8223766390185734
266,0.00625181191157974,0.0005175350369829437,5.332873885054141,0.010411322272478313,0.0005353433586351906,1.7134544566322374,1.6670497904463768,1.624588426456125,1.588602688503133,1.5406449843688597,1.5246674670717697,1.5834753335871536,1.6637037488064461,1.6952097016420484,1.658834619247464,1.6414396122674348,1.6489417573044092,1.6060006508497455,1.685934707703351,0.19536412327688005,0.46947435552880307,0.60094023754154,0.6747309611732313,0.7075749951724718,0.7125103475511182,0.7306280602771181,0.7691113437491072,0.8473763590637262,0.899610787925661,0.9451891948989511,0.9783133581675679,0.9753367409561812,0.8223766390185734
267,0.007152047950744188,0.0005171095538221193,6.230182444211096,0.010987824835059595,0.0005318638645048921,1.7146916217064454,1.6680191834180513,1.6253376562110609,1.5892485179424076,1.5411371841157333,1.5251356913376564,1.5842916258689335,1.6652430518598964,1.6965392715128338,1.6597962946991782,1.6425401725045894,1.6498445019611976,1.6068010808554838,1.687064755924774,0.19583153209654888,0.469894405594309,0.6012547068468026,0.6749449579353927,0.7076412106958745,0.7123794388833324,0.7304481394406089,0.7691282259741912,0.84764184152699,0.8999227728998739,0.9456319115101645,0.9787773408551023,0.975728666618584,0.8223766390185734
268,0.007037617398644719,0.0005167390213918759,6.020528602879494,0.010904298341937464,0.0005283828417440853,1.715920601238653,1.66898182519462,1.626083230352739,1.5898928487741204,1.541638143360036,1.5256160605405693,1.585112996372522,1.6667756627880554,1.6978790317049155,1.6607378041156757,1.6435992032101319,1.6507227217814682,1.607593771606689,1.6881921298861187,0.19629570913749936,0.4703119232273932,0.601568503640176,0.6751605981579589,0.707714613633114,0.7122629623785883,0.7302862377422794,0.7691626969918329,0.8479187290306733,0.9002328859600762,0.9460689108803298,0.9792341583102896,0.9761144385324103,0.8223766390185734
269,0.006178441002717916,0.0005162608487033232,5.2039328552782536,0.0101653060564064,0.000524900460012909,1.717135295154825,1.6699321328752095,1.6268163416224661,1.5905213581397455,1.5421290427094168,1.526085618768892,1.5858978514465423,1.668223387358729,1.6991381171815825,1.6616354135632234,1.6446172680548585,1.6515390958609326,1.6083452565434226,1.689299358419276,0.19675393825162,0.47072357299985673,0.6018764349126948,0.6753690637455249,0.707780695981576,0.712139217020366,0.7301092944096607,0.769159808398863,0.8481473587513386,0.9005038277700331,0.9464607771610398,0.9796536327269434,0.976477440022278,0.8223766390185734
270,0.0071330884357405575,0.0005158093138851181,6.35573181277141,0.011108047968882841,0.0005214168890377352,1.7183451356477621,1.6708774300058138,1.6275446943201575,1.5911450822666695,1.542621791322758,1.5265621923604995,1.586679430361195,1.6696488579053215,1.7003756574283928,1.6625296023269818,1.645718740978005,1.6523346341101797,1.6090813176040912,1.690420545497322,0.19721054006098487,0.47113387220447933,0.6021837024517374,0.675577658111802,0.7078498417342117,0.7120235443242378,0.7299415402466995,0.7691637517739,0.8483780191083959,0.9007773036291142,0.9468619466323033,0.9800733493796709,0.9768346436026781,0.8223766390185734
271,0.007342788498040804,0.0005153261698255946,6.248033244162798,0.010925952698944287,0.0005179322986028993,1.7195477854950303,1.6718177775030398,1.6282724313339365,1.5917689375648456,1.5431317224552692,1.5270637635077975,1.5874526250309877,1.671006813304698,1.701546943420262,1.6633891680375825,1.6467777501532435,1.6530629942165627,1.609746638930571,1.6915250567416416,0.19766423331015642,0.47154259087748734,0.6024920895237795,0.6757896049198652,0.707929245324612,0.7119276241102223,0.7297898903342713,0.7691600303247726,0.8485773694444987,0.9010165384653851,0.947214844255942,0.9804467024846621,0.9771545980183373,0.8223766390185734
272,0.00675095826606659,0.0005149253373366663,5.265186914708465,0.011290074145803275,0.0005144468585424227,1.720746797789556,1.6727543069843662,1.6289960999348931,1.5923910910631704,1.5436273247801877,1.5275416852819002,1.5882417066573482,1.6724893287335414,1.7028015270840509,1.6642897537741472,1.6478917783421136,1.6538710686407245,1.610449487142136,1.692623122673794,0.19811650724990454,0.4719494119379337,0.6027978989276583,0.675998954623678,0.7080024636734066,0.711818623553809,0.7296315622332942,0.7691894626909219,0.8488238088956319,0.9012912115795715,0.947610008037179,0.9808482086769044,0.9774932563231417,0.8223766390185734
273,0.007509574390019522,0.0005145119011966757,5.554581141099334,0.010984909669544735,0.0005109607387317369,1.721936237884837,1.6736889031956526,1.6297239750984622,1.5930213155288002,1.5441412264416527,1.5280408812470367,1.5890263901127128,1.6739136572893103,1.704008135582279,1.6651631658568389,1.649022354521351,1.6546467467901382,1.611127782521025,1.693717087633687,0.19856568661510773,0.47235622010934897,0.60310709521387,0.6762150376300124,0.7080881217529587,0.7117279149940944,0.7294868300810886,0.769212383938712,0.8490496846869743,0.9015462879402915,0.9479807147179676,0.981228825168789,0.9778186633087252,0.8223766390185734
274,0.006710153358058317,0.0005140690645221797,5.688317391090095,0.010896135949394216,0.0005074741090794031,1.723118312935427,1.6746168894871662,1.630446543876933,1.593646751786373,1.544653734667168,1.5285384125338002,1.5897931864234789,1.6753034661145536,1.7051870358350738,1.6660137893740832,1.650067888918476,1.6554084905639508,1.6117905244433377,1.6947971001106903,0.19901210284784637,0.4727605135690795,0.6034144169960775,0.6764296495530178,0.7081733123724323,0.7116376824827939,0.7293384507141932,0.7692212269211574,0.8492586216588491,0.9017888959709514,0.948329395467506,0.9815986151160189,0.978136428319214,0.8223766390185734
275,0.006609796898434796,0.0005136371657688814,5.368582196999341,0.010924552317150034,0.0005039871395188318,1.7242925765319865,1.6755397836576529,1.6311639365739683,1.5942653583046824,1.545153461063983,1.5290213917105773,1.5905538222552742,1.6766780401138526,1.7063818970285936,1.6668784922849913,1.651088999801346,1.656204858896467,1.6124713853964354,1.6958772296431195,0.19945555921126187,0.47316242172713874,0.6037191734142612,0.6766406561738564,0.7082517926714881,0.7115369950747361,0.7291804213506405,0.7692245240771267,0.8494775144256637,0.9020477379037939,0.9486953614892517,0.9819863666610349,0.9784643948184483,0.8223766390185734
276,0.0071304574555773005,0.0005131375031033343,5.429175911936909,0.011409295977949267,0.0005005,1.7254647907983305,1.6764608019370508,1.6318786944935983,1.594879031874132,1.5456519702777787,1.5295029906044766,1.5912919783198622,1.6780009319512095,1.707541390913501,1.6677233583133428,1.6520721773763505,1.656966995703177,1.6131241917301995,1.6969497596002037,0.1998983662582083,0.47356395440686694,0.6040235004258185,0.6768501499020716,0.7083280870291305,0.7114331216360782,0.7290119418456502,0.7692018079190706,0.8496682010640987,0.9022850438946745,0.9490340467327653,0.9823591295294802,0.9787794322658954,0.8223766390185734
277,0.0064715180576977,0.000512745244171394,5.889956281986088,0.010814596246289398,0.0004970128604811682,1.7266283967931246,1.6773720479987333,1.632585102257466,1.5954873941431633,1.5461399857473803,1.52996742678251,1.592043934572284,1.6794230875453025,1.7087484279184997,1.6685962305665494,1.6531653191413447,1.6577837827321382,1.6138043859745506,1.6980150288102585,0.20033735963584548,0.473960887906819,0.6043236445147937,0.6770569364881912,0.7084021095665143,0.7113257302451349,0.7288485786872622,0.7692180641989095,0.8499015015753633,0.9025577340269976,0.9494224487056258,0.982766576034752,0.9791155107631665,0.8223766390185734
278,0.006495439804057693,0.0005123708446767968,5.14816112909466,0.010324993553944287,0.0004935258909205969,1.727778211803158,1.6782733520535498,1.6332833780922749,1.5960901657510977,1.5466224577236591,1.5304287350456667,1.592790043402951,1.6808088635685052,1.7099405656392455,1.669462907244741,1.6542823806892573,1.6586037552114208,1.614498497599681,1.6990778687167212,0.20077066507983435,0.4743528074312764,0.6046194914360853,0.6772605642442353,0.708474022744682,0.71121828278265,0.7286867342079446,0.7692317890758986,0.850136689809204,0.9028376919789788,0.9498216379584704,0.9831829746406177,0.979460476071041,0.8223766390185734
279,0.005815485188674375,0.0005120179567413724,4.9556013541296124,0.010415134627728773,0.0004900392612682634,1.7289194650276394,1.6791605931764801,1.6339640581736294,1.5966734123052329,1.5470815251139967,1.5308632743477875,1.5935281379043296,1.6822221577496421,1.7111837993904164,1.6703358185492267,1.6554117677155629,1.6594445823527804,1.6151897205735355,1.7001265281410305,0.2011993695559361,0.47473711044714983,0.6049053178984628,0.6774518781191818,0.7085305152671066,0.7110926405805128,0.7285120531467557,0.7692520542437761,0.850393911105192,0.9031286436115141,0.9502388068192582,0.9836096740141338,0.9798085119367722,0.8223766390185734
280,0.006014689709313865,0.0005117318212482583,5.810200558044016,0.010023199469093467,0.00048655314145757745,1.7300459704804136,1.68003436933429,1.6346315897106143,1.5972506735763652,1.5475282864472488,1.5312832675187036,1.5942752805869478,1.6837013544143304,1.7124433728126398,1.67121197302265,1.6564911842103385,1.6602944829890935,1.6159114495349405,1.7011526575276315,0.20162195730477137,0.47511455861076235,0.6051836870945322,0.6776373509816391,0.7085815882096893,0.7109620967776169,0.7283392746021763,0.7692975560510847,0.8506729967666693,0.9034345236977561,0.9506743209648004,0.9840502860428332,0.9801690675117319,0.8223766390185734
281,0.006590017634294612,0.000511337618264575,5.795653076842427,0.011012211387467444,0.00048306770139710083,1.7311676258178643,1.6809062467163907,1.6352967157289509,1.5978194776564885,1.5479607092149126,1.5316975584121628,1.5950269874136194,1.6851208295142779,1.7136878590293825,1.6721091624690114,1.657563918689752,1.6612193460508502,1.6166289277422305,1.7021595354999233,0.20204269996368643,0.4754908033235818,0.6054604497529495,0.6778183949158196,0.7086226163881194,0.7108171874244569,0.7281541444455988,0.7693144607309391,0.8509233113631429,0.9037170195770207,0.9510603803254674,0.9844474752608348,0.9805143434538195,0.8223766390185734
282,0.007378732470256693,0.0005110470887079848,6.089297858998179,0.011125567730437064,0.0004795831109622648,1.7322820535308217,1.6817773104666967,1.6359650600312505,1.5983950720304887,1.54840339887986,1.532124271098722,1.5957914087418281,1.6865488130315183,1.7149611848784705,1.6730238935766115,1.658597665376672,1.662153839586547,1.6173691995904786,1.7031723628870759,0.20246162300420611,0.4758677261155828,0.6057400753672296,0.6780050225475992,0.7086729873678387,0.7106858101134723,0.7279857957718116,0.7693559113364121,0.8512047063120883,0.9040272703293691,0.9514753276456428,0.984873201803721,0.9808748018742321,0.8223766390185734
283,0.006282654997441213,0.0005107964445258664,5.4322526613250375,0.010624429320318795,0.00047609953998709113,1.7333883328939939,1.6826391223917507,1.6366237023556498,1.598960697738815,1.5488351903399096,1.5325334499482448,1.59654648867164,1.6880430561409931,1.7162598846441017,1.673941869292743,1.6595796133615293,1.66309407025535,1.6181061577730171,1.7041764439131843,0.20287714863202816,0.47624049728386,0.6060152334347175,0.6781870274645455,0.708718636689978,0.7105483092829127,0.7278124253469357,0.7694137604613935,0.8515034267813859,0.9043456620066044,0.9519004472968826,0.9853065788029417,0.9812352316429805,0.8223766390185734
284,0.0062204238567234605,0.0005106044538258496,5.1866548070684075,0.01035652084467696,0.00047261715825591466,1.7344848041089576,1.6834894020568008,1.637270042349821,1.599516959555279,1.5492534218303564,1.5329254980791485,1.5973068112649538,1.689616610020298,1.7175969559816975,1.674879513141573,1.660604943406418,1.6640619157735534,1.618825124332679,1.7051740257556776,0.20328799392027286,0.476607096482499,0.606283308685087,0.6783620470023305,0.7087563815478392,0.7104016502705676,0.7276362905512205,0.7694967558769213,0.8518285540484648,0.9046815894219872,0.9523475356688126,0.9857522561492715,0.9815938732050002,0.8223766390185734
285,0.0063044294794939535,0.0005103065680695431,5.125992850866169,0.010618889669842979,0.00046913613549510796,1.7355738388615776,1.6843327593393982,1.6379096188936284,1.6000638194989243,1.5496667750808868,1.5333113122772009,1.5980293174370894,1.6911012191275194,1.7188685955522298,1.6757699754438358,1.661561249621798,1.6649763554300574,1.6195109235873124,1.7061563268693107,0.20369586529880007,0.4769707759113554,0.6065485567798649,0.6785330401715507,0.7087895362088198,0.7102496661692241,0.7274445531066404,0.7695384901483622,0.8521093113024645,0.9049837181361227,0.9527538122680412,0.9861722514067102,0.9819349178813916,0.8223766390185734
286,0.006764906313347446,0.0005099823188933674,5.406891765072942,0.011326521766759405,0.0004656566413648094,1.7366606119427965,1.6851751415907055,1.6385500629234535,1.6006091081511145,1.550074711490025,1.5336952650756366,1.598769461244698,1.692592666663922,1.7201328988943156,1.6766720704092726,1.6624616754200021,1.6659358134190574,1.6202083513190517,1.7071315366534936,0.204103245930166,0.47733460464602423,0.6068147980006672,0.6787045915582867,0.7088212214851991,0.7100943531546087,0.7272553943120065,0.7695798824837213,0.852380100935448,0.9052762604007973,0.9531340329177362,0.9865678924810753,0.9822725980596243,0.8223766390185734
287,0.007631112743608612,0.0005096986783634287,5.3507897448726,0.011524196101735426,0.0004621788454506542,1.7377463066928018,1.686017195359162,1.6391939675948195,1.6011620808457467,1.550500609261438,1.5341022713648949,1.5995229261665078,1.694085343857602,1.721399023198704,1.6775741774253716,1.6634056640832997,1.6668718335424677,1.620889135379287,1.7081100526133812,0.20451036136096754,0.4776989822493534,0.607083534377915,0.6788812343106522,0.7088630810547372,0.7099550491996238,0.7270829569482554,0.7696358671653712,0.8526569683276095,0.9055664005053321,0.9535141160418328,0.986955588081822,0.9826030934339465,0.8223766390185734
288,0.006883462603529648,0.0005094812102916826,5.437739754095674,0.010865311232265277,0.0004587029172555085,1.7388236320775619,1.6868536474364029,1.6398350290592256,1.601719317079534,1.5509297302077107,1.5345092317645108,1.6002776414153863,1.6955945968068782,1.7226732491708445,1.678474913918107,1.6643391022852012,1.6677905482869024,1.621596727112425,1.7090893734554855,0.2049143375486631,0.47806114144765793,0.607351543951425,0.6790605373174134,0.7089112450225702,0.7098250973697473,0.7269215835249522,0.7697123522793641,0.852950869710511,0.9058661292265436,0.9539080142845885,0.987354936443799,0.9829453322283875,0.8223766390185734
289,0.0055368928028670964,0.0005092166297566656,4.856689980253577,0.010189324306130267,0.00045522902619120895,1.739888933933508,1.6876775877644474,1.6404605346773464,1.6022550537589937,1.5513272568296832,1.5348741720376908,1.6010117699833584,1.697171878566356,1.7239513490391263,1.6793886343825637,1.665309304499103,1.6687311081506346,1.6222946983068967,1.7100483564336413,0.2053130852896357,0.478416635948712,0.6076106262685972,0.6792269297895455,0.7089392922866108,0.7096653921770543,0.7267303218784651,0.7697804058542237,0.8532376179564817,0.9061631199045365,0.9543087058993177,0.9877596540390227,0.9832877940724368,0.8223766390185734
290,0.0063510038522880665,0.0005087901865300777,5.176222587004304,0.010609051794906003,0.0004517573415703049,1.7409466179257043,1.6884944708791425,1.6410784297630094,1.6027776530581432,1.5517211686218668,1.5352383351436545,1.6017061045158842,1.6986281656093085,1.7251371080645015,1.6802504953268158,1.6662398898042083,1.6695868972127343,1.6229246912623592,1.7109836462926316,0.20570858171643605,0.4787688243969802,0.6078662622423139,0.6793875249816286,0.708961022464178,0.709500119744475,0.7265223825047592,0.7697937329864482,0.8534581706499487,0.9064056204139308,0.9546446655638953,0.988110879057363,0.983592304989814,0.8223766390185734
291,0.006601707780894986,0.00050836754371082,5.41496993182227,0.011092700415114298,0.0004482880325978072,1.7419996561608517,1.6893078222961555,1.6416939015084249,1.6032970590103979,1.5520999670033495,1.5355834404912634,1.6024139130658703,1.7001183549472778,1.7263339688235684,1.6811356557899106,1.6672062562419814,1.6704683877496167,1.6235513281773057,1.7118889218391506,0.20610262525726653,0.47911995615929365,0.6081213817290125,0.679547488296333,0.7089786277782076,0.7093255095167499,0.7263096952813218,0.7698166020169467,0.8536860520981174,0.9066499673684292,0.9549818030633707,0.9884537858205733,0.9838921415011292,0.8223766390185734
292,0.006112102195363551,0.0005080158916079875,5.651303940918297,0.010572557739591691,0.0004448212683629404,1.7430443413673329,1.6901105390928313,1.6422989402597725,1.6038078804612645,1.5524674753241399,1.5359124030411881,1.6031317733297905,1.7017208574785134,1.7275661028495626,1.6820391465568332,1.6682656950300274,1.6713934887805555,1.6241982017793106,1.71278355494445,0.20649284489376898,0.4794657632562106,0.6083707364142498,0.6797021465077723,0.7089910890728529,0.709145219307682,0.7260990602280467,0.7698761107624563,0.8539429620562248,0.9069118725255015,0.9553435502071046,0.9888084042556314,0.9841983654751614,0.8223766390185734
293,0.006242451506976025,0.0005077033278093767,5.44640198815614,0.010355636970163703,0.00044135721783090275,1.7440776034958057,1.69090412828962,1.6428964638609826,1.6043127071618517,1.5528295908332947,1.5362382856735128,1.6038534302425076,1.703309928560864,1.7288086808858418,1.6829483089305728,1.6693713730980961,1.6723329593225151,1.6248560839586483,1.7136719024505251,0.20687872092770243,0.4798075587536192,0.6086167705894138,0.6798545060552702,0.7090025589964963,0.7089662955584752,0.7258945786333711,0.7699453106932038,0.8542133568903175,0.9071831594627999,0.9557174007148037,0.9891690071316228,0.9845121280960812,0.8223766390185734
294,0.007248376925608567,0.000507289780950736,6.043690200895071,0.011029437299840269,0.0004378960498346301,1.7451042630841909,1.6916981861160414,1.643497962807213,1.6048200920408242,1.553207801572693,1.5365846538967207,1.6045510457672139,1.704784719694433,1.7299643537469593,1.683806905000957,1.6704194528676797,1.6731869028602468,1.6254542045799192,1.7145466867108308,0.20726268034297401,0.48015039501393675,0.6088663858224508,0.6800114614230458,0.709022785686121,0.708801177371567,0.7256932274723091,0.769978184891965,0.8544306491778805,0.9074086121794898,0.9560340464087247,0.989482834770453,0.9847926522151303,0.8223766390185734
295,0.0064573779948523344,0.0005068082065215425,5.740126274060458,0.010822582679027361,0.00043443793306656745,1.746125500850298,1.692486273316262,1.644093180970251,1.6053201923075135,1.5535833150482286,1.5369355450064703,1.6052339794542951,1.706163636474649,1.7310570355176502,1.6846352135282074,1.671481941838933,1.6740098577553943,1.6260415870626177,1.7154162312831063,0.20764416732659988,0.4804903417420388,0.6091129832168024,0.6801649389586875,0.7090401932780137,0.7086364148430697,0.7254899746229534,0.7699834234720236,0.8546157794552606,0.9076127789253062,0.9563253809995432,0.9897764813699138,0.9850655760377703,0.8223766390185734
296,0.0066298583299170795,0.000506236886706596,5.6750846398063,0.010789334600140721,0.0004309830360704473,1.7471398135494782,1.6932702437956815,1.6446841531146041,1.6058130466060236,1.5539584368401014,1.5372894844089673,1.6058893531683887,1.7074546828115778,1.7320916588900572,1.6854316820450523,1.6725037657272688,1.6747731576110467,1.6265860625047728,1.7162801065012347,0.20802296735508818,0.480828450370079,0.6093580453573549,0.6803157966292596,0.7090553044673493,0.7084710027651188,0.7252783265440007,0.7699537876688736,0.8547615089659469,0.9077867544282988,0.9565809483730879,0.990043349542253,0.9853177294255969,0.8223766390185734
297,0.006330069948471384,0.0005056975332923554,5.415535246022046,0.010759080468238433,0.0004275315272330755,1.7481477002766197,1.69404665762473,1.6452664507921981,1.6062980599776688,1.554327263096193,1.5376365952817508,1.6065331650773869,1.7087376044190217,1.7331373857569996,1.6862138965532565,1.673507778127446,1.6755181730472777,1.6271471188904927,1.717144012398362,0.20839907462712123,0.4811631538855719,0.6095992060148082,0.6804628722323987,0.7090676080326851,0.708304717261341,0.7250665701419674,0.7699287827775002,0.8549188019596697,0.907968361823712,0.9568490450146597,0.9903232215272485,0.9855792126937478,0.8223766390185734
298,0.006121466022432289,0.0005051749697307046,5.218033096753061,0.010355824532395017,0.0004240835747761231,1.7491441329855788,1.6948149481272952,1.6458409777748477,1.6067761070679196,1.5546866136643456,1.537966929476751,1.6071603230370655,1.7100306662050595,1.7341799422120652,1.6869834755228883,1.674499435615117,1.6762515452602023,1.6277238111135859,1.7180061553676953,0.20877097383636908,0.4814943432392835,0.6098371633428779,0.6806072022928991,0.7090771435520833,0.7081341165812933,0.7248490505892922,0.7699054004871262,0.8550802016846779,0.9081549986506021,0.9571292386330064,0.9906163075719503,0.9858522360942855,0.8223766390185734
299,0.006280443924764231,0.0005047611143764079,6.744990142993629,0.01032036703838742,0.00042063934674792854,1.750128936161666,1.6955736649777757,1.6464085253600083,1.6072499810323453,1.5550407718627455,1.5382885050770807,1.6077939263727463,1.711351340641696,1.7352552422567231,1.6877682549398485,1.6755116598301885,1.6769923727110716,1.6283258002773733,1.7188729524345412,0.2091384798506733,0.48182151106666204,0.6100722914528354,0.6807507421275447,0.7090882724376839,0.7079671723988715,0.7246413657056096,0.76991059311558,0.8552781245595523,0.9083722597811852,0.9574524700154099,0.990942865588188,0.9861440536474575,0.8223766390185734
300,0.007493064899744875,0.0005042661262591688,5.778058108873665,0.011045275676403492,0.0004171990110153069,1.751106285994916,1.6963343037480536,1.6469828584913861,1.607730035440265,1.555410235289181,1.5386266768451782,1.608411018178931,1.7125934001245557,1.7362693451330176,1.68852272760974,1.6765269425009524,1.6776790457155975,1.6288813830102196,1.7197376404855556,0.2095041224562005,0.48215054999524654,0.6103122801076578,0.6809004803939428,0.7091085001416662,0.7078113783629185,0.7244346920905915,0.7698866403285374,0.8554346632789781,0.9085549254720187,0.9577357593762663,0.9912362755006299,0.9864112852496205,0.8223766390185734
301,0.00599405427288184,0.0005038623285158619,5.5883024600334466,0.010121874142775761,0.00041376273525536844,1.7520719191734666,1.697082931636133,1.6475459343424959,1.6082040248334655,1.5557702419097745,1.5389541623255003,1.6090299087686004,1.7138689260351525,1.7373029968508267,1.6892914329057118,1.677587258726724,1.6783742572082196,1.6294374655695425,1.7206091715468463,0.20986481612422245,0.48247397169933987,0.6105470387679124,0.6810472086540227,0.7091278524912764,0.7076575511934386,0.7242359355529799,0.7698903188808841,0.8556211921751903,0.9087620924317636,0.9580532148805329,0.9915532201539485,0.986686553224197,0.8223766390185734
302,0.007195090280986553,0.0005035047398994181,5.966199410147965,0.01129871071214592,0.00041033068694734534,1.7530340893980014,1.6978314404452368,1.6481130484575592,1.6086856418091013,1.55614112320955,1.5392952534689182,1.6096633853928548,1.7151363248243043,1.7383511299571892,1.6900593408100242,1.6786540671736656,1.6790829706773116,1.629992208203641,1.7214826716165808,0.21022461210100526,0.4827981151512995,0.6107849090321268,0.681199926171698,0.7091568638098005,0.7075169729378324,0.7240530732628544,0.7699077936137012,0.85581969441574,0.9089734931791811,0.9583716473709537,0.9918690458527548,0.9869627798845707,0.8223766390185734
303,0.006552584004972155,0.0005030965368686023,5.791551423724741,0.010230908661163962,0.0004069030333644306,1.7539856796139246,1.6985711252487863,1.6486747593109758,1.6091632513984433,1.5565183357993826,1.5396475132003795,1.6102819190693058,1.7163397119322044,1.7393542280160357,1.6907937566970577,1.6796651184664948,1.6797419018129576,1.6305203993300375,1.7223394714596933,0.21057985861180295,0.48311794627302435,0.611019803161565,0.681350667931571,0.7091872351483282,0.7073826789543444,0.7238721597611398,0.7699064526792827,0.8559904761314788,0.9091585535110986,0.9586552039347895,0.9921571122243655,0.9872209119083886,0.8223766390185734
304,0.006696698287317012,0.0005027643668120156,5.528646478895098,0.011144178833796528,0.000403479941565624,1.7549346558399757,1.6993060313863362,1.649232127100409,1.6096408081629239,1.5568925571663101,1.5399976110113351,1.6109108608115053,1.71758298452648,1.7403891196997427,1.6915463560155746,1.6806365152132428,1.6804288325534482,1.6310625196819635,1.7231928247375252,0.21093383038729582,0.48343569990459545,0.6112526820719202,0.6815007799459334,0.7092178403820504,0.7072501645034388,0.7236987330072112,0.7699282315436053,0.8561887645383495,0.9093672224432258,0.9589579604825059,0.9924631744232514,0.9874872926786499,0.8223766390185734
305,0.005868203607229675,0.0005023757574349743,5.866711301263422,0.009891024224941956,0.00040006157838759065,1.755870355059708,1.7000297854632782,1.6497785899196222,1.6101064439519672,1.557257335609117,1.5403376836967246,1.6115112031635346,1.7187606870314371,1.7413756350826644,1.692259942750542,1.6815430089292596,1.681083955290479,1.6315972225483673,1.7240309332011972,0.21128242442676232,0.48374802395844463,0.6114801289994958,0.6816449786152255,0.7092426197984906,0.7071126396674337,0.7235157482836378,0.769924891336492,0.8563621096591953,0.9095586900378392,0.9592388524490948,0.9927573013847419,0.9877485771596772,0.8223766390185734
306,0.006400943436033443,0.0005019728776567694,5.452265223953873,0.01048061348095696,0.0003966481104365292,1.7567982327533271,1.7007462348083235,1.650318876165275,1.610565517900957,1.5576212252188868,1.5406804940300851,1.612097514600261,1.7198872580618805,1.7423310222931432,1.6929532087557422,1.682394653672976,1.6817073914554295,1.6321169443070505,1.7248614322322227,0.21162786586661955,0.48405727468299337,0.6117052459846041,0.6817872170696255,0.7092674597933358,0.7069790706504382,0.7233352203622944,0.7699110564564832,0.8565227069876483,0.9097412806064883,0.959505975861645,0.9930436682900602,0.9880030327679925,0.8223766390185734
307,0.006225747715642982,0.0005015925994340431,6.086402226705104,0.010406835389077326,0.00039323970408005194,1.7577180546390547,1.7014547351399645,1.6508512497400414,1.6110176955732625,1.5579789564692854,1.5410154514467573,1.6126750800080931,1.72102984842198,1.743283363282276,1.6936368204308845,1.683204720556068,1.6823261042832247,1.6326402942276674,1.7256858163305013,0.21196979675492872,0.48436258627520556,0.6119263483518484,0.6819257802513964,0.7092893428612123,0.7068432910949031,0.723152809502377,0.7699024697473702,0.8566888400067157,0.9099288897036353,0.9597796182723798,0.9933388449741385,0.9882625795152868,0.8223766390185734
308,0.006569419151651833,0.0005011380753707749,5.941849309951067,0.010159345858354204,0.0003898365254390762,1.7586267329471408,1.7021556401441305,1.6513790268303417,1.6114643705923597,1.558340564365213,1.54135853616584,1.6132344480583771,1.722098459278508,1.7441762450743212,1.6942901178586496,1.6839863083189297,1.6828920396092504,1.6331176522570323,1.7264964664379578,0.21230770202179863,0.4846648952099124,0.61214595679767,0.6820633523710815,0.7093129072908055,0.7067132804537788,0.7229710514898137,0.7698693217208031,0.8568178883725543,0.910083691614293,0.9600121924240654,0.9935975151220411,0.9884953052167265,0.8223766390185734
309,0.006872891154841966,0.0005006222333110184,5.8125035292468965,0.010545809139844703,0.00038643874037972754,1.7595286592863593,1.702851113865615,1.651903706046067,1.6119081982391354,1.5587105797412375,1.5417166202010668,1.613784373702498,1.7231055689906483,1.7450175203498732,1.6949158436967005,1.6847399735974486,1.6834103826992883,1.6335493166006758,1.727291651450526,0.21264281215941658,0.4849647244040042,0.6123641569057587,0.6822000798226323,0.7093388078915548,0.706590689445213,0.7227929916409734,0.7698172716449836,0.8569148631386634,0.9102085798131313,0.9602057345056674,0.9938211840291583,0.9887019582846227,0.8223766390185734
310,0.005946320863552646,0.000500123884518936,5.837175193242729,0.009912303954962811,0.0003830465145052564,1.7604198606628774,1.7035347322184553,1.652416934732423,1.6123418500442293,1.5590728209608629,1.5420685018972418,1.6143240317351084,1.7240882786056277,1.7458360434457594,1.6955230571278737,1.685471846467548,1.683909564698069,1.63398147275817,1.7280813012244152,0.21297325801611436,0.48525891553015027,0.6125767974302454,0.6823319980945954,0.7093619083085128,0.7064690753276794,0.7226182521996881,0.769767886629981,0.8570124771850417,0.9103339310622093,0.9604013640865635,0.9940451852729026,0.9889102465549126,0.8223766390185734
311,0.005829001174575749,0.0004995933576018443,5.441273601260036,0.009974251564338467,0.00037966001314796604,1.7613006168777994,1.704209715801651,1.652920493027217,1.612763443520427,1.5594198080891242,1.542404969520795,1.6148582827667814,1.7250814978431175,1.7466433259007974,1.6961314265849377,1.6861811346343956,1.6844345769912958,1.6344004619500467,1.7288564234628379,0.21329941611008837,0.48554852036301005,0.6127839934765433,0.6824568449056329,0.7093751708283873,0.7063352035193128,0.7224336098346363,0.7697123694586762,0.8571014653638985,0.9104531081356585,0.9605846947040254,0.9942576609281575,0.9891123185365623,0.8223766390185734
312,0.00671825161933616,0.000498992171572874,6.15981855802238,0.010632865358302882,0.0003762794013611551,1.7621754163389804,1.7048808457669642,1.6534219247905328,1.613181234338888,1.5597677798059058,1.5427441760445284,1.6153737714102105,1.7260126309915234,1.7474086183004165,1.6967189899215944,1.6868595810900957,1.6849225703048467,1.6347856669476641,1.7296284869921057,0.21362362149510436,0.48583702668520007,0.6129911649217606,0.6825815392427979,0.7093889024369716,0.7062027246783998,0.7222442592864354,0.7696312224650911,0.8571593714024784,0.9105470580223366,0.9607366901279267,0.9944458335275694,0.9892955437069869,0.8223766390185734
313,0.005210810374660742,0.0004983914097617035,5.007898525334895,0.009230739029028564,0.0003729048439110726,1.763035818417666,1.7055368607898043,1.6539077140674716,1.6135908870938185,1.5601025765807284,1.543070328698597,1.6158785479140487,1.7269242121704274,1.748172988624159,1.6972819048749221,1.6875165968750694,1.6853946704407128,1.6351403479479574,1.7303674873371133,0.21394139308064777,0.4861175833105497,0.613189481044532,0.6826987016501493,0.7093956959344598,0.7060656707487504,0.7220530832897913,0.769548102822734,0.8572170214367455,0.9106358424337264,0.9608810308944126,0.9946285428272796,0.9894681282866934,0.8223766390185734
314,0.006131800426045933,0.0004977497672527134,5.346195547375828,0.010077656363134733,0.00036953650526888804,1.7638878410038734,1.706185424206462,1.6543873629955506,1.6139920374477563,1.5604343775056322,1.5433972208271798,1.6163685812060207,1.7277864093456212,1.7488970506936914,1.6978276332142301,1.688156651937771,1.685827487719572,1.6354713519203945,1.7310982457378923,0.21425577539988547,0.48639489427953947,0.6133853047826788,0.6828130651383952,0.7094008244465062,0.7059298444715222,0.7218612394713504,0.7694503041364005,0.8572532498350256,0.9107069558795067,0.9610045531965249,0.9947918070238624,0.989626949657086,0.8223766390185734
315,0.006119478280769952,0.0004971025235965947,5.508732852060348,0.010054973609008368,0.0003661745496026747,1.7647314773115863,1.7068256720442114,1.6548609236008065,1.6143884753778486,1.5607679845728963,1.5437289509268544,1.6168487523987942,1.7286069360142893,1.7495875425141991,1.698349161373241,1.6887594276384035,1.686229744176659,1.6357915082388808,1.7318253355043596,0.21456684092333994,0.4866688353579301,0.6135790143434542,0.6829268495133027,0.7094089410281801,0.7058020198321514,0.7216767731909326,0.7693484371279647,0.8572779967735371,0.9107667416003917,0.961112534994223,0.9949432089180799,0.9897792812417653,0.8223766390185734
316,0.006657482034048813,0.0004964577952958806,5.575419588945806,0.010631134741898057,0.000362819140769409,1.765570761368113,1.7074618774323567,1.655332718844268,1.614783881658621,1.5611057039058278,1.544065571306695,1.6173219221413526,1.7293996282646327,1.750258107045862,1.6988561731587828,1.6893502110571408,1.6866085815419478,1.6361045733668482,1.7325537302770528,0.21487636785295286,0.48694162462565915,0.6137729454332504,0.6830421207222571,0.7094213374234551,0.7056818440627844,0.721498801600216,0.7692452108904224,0.8572967507247156,0.9108203452264496,0.9612131297672809,0.9950869173726803,0.9899267001208193,0.8223766390185734
317,0.006454608247788901,0.0004957694112088225,5.383106497582048,0.010413014447681388,0.0003594704423069833,1.7664038069247714,1.7080941988524714,1.655801702779694,1.6151752250277733,1.5614437172527431,1.5444018302267835,1.617782576288073,1.7301711637137112,1.7508988534929801,1.6993449126013684,1.6899251850040098,1.6869582592426964,1.6363992070834075,1.7332705238605002,0.21518341091954707,0.4872125813597526,0.6139657141316878,0.6831561035308373,0.7094331904073318,0.7055617059843257,0.7213173041731202,0.7691288259106978,0.8572950370565902,0.9108552061473465,0.9612925441001244,0.995212823805969,0.9900630358935717,0.8223766390185734
318,0.007120691243282175,0.0004950973339195581,5.783887109719217,0.010921863903174865,0.0003561286174262365,1.7672331133741948,1.7087255043371075,1.6562742026535457,1.6155730449488934,1.561795437621044,1.5447538980962068,1.6182484959075307,1.7309375505872926,1.7515259188569,1.6998219606622051,1.6905185012004678,1.687293329491399,1.6366804031509108,1.7339777748043703,0.21548938353135802,0.4874838480517943,0.6141611843453751,0.6832753397143871,0.709454658564929,0.7054555144904172,0.7211487575474549,0.7690192408957706,0.8572901411917861,0.9108830109856769,0.9613623613145033,0.9953286685388971,0.9901913841785646,0.8223766390185734
319,0.005796192752064162,0.0004944953455744499,5.424668896943331,0.010164088159308533,0.0003527938290029988,1.7680541563342844,1.7093485721554795,1.6567384613961198,1.6159639892069548,1.5621331037225563,1.5450918542221552,1.6187182620881784,1.731716837149252,1.7521715268589593,1.7003176707632177,1.6910477811475908,1.6876658578735966,1.6370072512320522,1.7346844782546698,0.2157918889675104,0.48775110089590273,0.6143524803950584,0.6833909519836021,0.709471560292643,0.7053445676290918,0.7209823212345551,0.7689246301378231,0.8573102391001445,0.9109397841759976,0.9614615017274184,0.9954769725110248,0.9903459761219378,0.8223766390185734
320,0.0069883907863564545,0.0004940057077367772,6.521214506123215,0.01109408521810231,0.00034946623957015304,1.76887064293485,1.7099724408208434,1.6572067507880006,1.616361807711556,1.562473271623355,1.545426631150281,1.6192032756329968,1.7325621875516517,1.7528797096972517,1.7008355611245496,1.6916031415452097,1.68807884044745,1.6373706827076386,1.7353963734545141,0.216093479010775,0.4880195523922945,0.6145469115389075,0.6835121525199159,0.7094956510674222,0.7052403596551756,0.7208273468882989,0.7688656084651786,0.857373984396928,0.9110286900204116,0.9615993766145577,0.9956565351515639,0.9905197070927523,0.8223766390185734
321,0.006323107348900375,0.0004935832943078174,5.43134847888723,0.010576955539134864,0.0003461460113097138,1.7696805932172022,1.710591193137724,1.6576713187588552,1.6167578731695589,1.5628064281784606,1.5457477311362622,1.6196999742462466,1.7334851251871348,1.7536275764967302,1.701375451519235,1.6922248945445928,1.6885315985745832,1.637763888924175,1.7361057075185813,0.2163925939035307,0.48828563791311475,0.6147394135423061,0.6836323918548389,0.7095183457797005,0.7051320427745934,0.7206736036069953,0.7688345765651671,0.8574664459407301,0.9111378524599779,0.9617663934429344,0.9958563979466576,0.9907079547128971,0.8223766390185734
322,0.00635030373504302,0.0004931199807411523,5.538919560611248,0.01056779713450466,0.00034283330604492255,1.7704850272361956,1.7112040812213956,1.6581307772599612,1.6171485221584196,1.5631360415146276,1.546065021579623,1.6201820923025652,1.7343633938903686,1.7543438324656464,1.7018956143820205,1.6928417620789429,1.688963439285945,1.6381502306725337,1.7368124312661826,0.21668952657775392,0.4885492663729027,0.6149297175571392,0.6837503512436681,0.7095389170257335,0.7050217730412327,0.7205147037264912,0.7687862718038886,0.8575409558376783,0.9112344882697293,0.9619208065592884,0.996045895905946,0.9908913186256605,0.8223766390185734
323,0.00580562985246637,0.0004926719703388007,5.074263409245759,0.00984264305366514,0.0003395282852323598,1.7712786628165922,1.7118076539541223,1.6585807349976815,1.617530937915883,1.5634564906072264,1.5463727379306835,1.620655840768937,1.7352385747366674,1.755052965561584,1.7024073228277483,1.693448191199657,1.6894004743315427,1.6385491566834984,1.7375123889127457,0.21698194418847283,0.48880804636190195,0.6151148541246786,0.6838633116955597,0.7095545341186309,0.7049071875989591,0.7203528989145785,0.7687390424008912,0.8576199265661757,0.9113379544957488,0.9620840573506745,0.9962449295256097,0.9910820048012028,0.8223766390185734
324,0.0059240406605635555,0.0004922510493936032,5.2939645810984075,0.010112256789505142,0.0003362311099540777,1.772064246620972,1.712402222030437,1.6590219034360938,1.6179055683697237,1.5637696813711772,1.5466727662549689,1.621123303806436,1.7361123704807349,1.755766129974386,1.7029099164915933,1.6940362512771514,1.6898375161716577,1.6389570615798135,1.738203665461422,0.21727103254762886,0.4890627102985564,0.6152957274262896,0.6839723338913003,0.7095670155568066,0.7047910770431687,0.7201918375183796,0.7686969923288003,0.8577080038666348,0.9114490940538789,0.9622570113874239,0.9964521563533517,0.9912770199685847,0.8223766390185734
325,0.00606374290863945,0.0004917623245948231,6.009730391204357,0.010227577353005413,0.00033294194090974764,1.7728424453633942,1.7129902222119413,1.6594567490079728,1.6182709282394285,1.5640774340808534,1.546969470581568,1.6215711408417461,1.7369317015649675,1.7564366483890168,1.7033880097098848,1.69459858203221,1.690241779145329,1.6393340668394494,1.7388807886347877,0.2175572613411569,0.48931451464751025,0.6154738800451036,0.6840776142023072,0.7095755993804441,0.7046721423912504,0.7200241459236608,0.7686319940200415,0.8577680638730669,0.9115366006302442,0.9624007230648961,0.996634137733412,0.9914546847096654,0.8223766390185734
326,0.007041382867513853,0.0004913193614748507,6.06329890480265,0.01069172653629864,0.00032966093840882847,1.77361479505927,1.71357524276877,1.6598923930717737,1.6186403457266687,1.5643960187829336,1.5472839769827935,1.6220279291803512,1.7377270991214242,1.7570986982596202,1.7038638638498693,1.6951156511545524,1.6906276670365852,1.63970431768885,1.7395609152893972,0.21784168107124643,0.48956580219940904,0.6156537183016816,0.6841872730740429,0.709593335449706,0.7045691766220328,0.7198749696086044,0.7685782255458433,0.8578336038111531,0.911627425595325,0.9625426518572809,0.9968156922640415,0.9916304252518094,0.8223766390185734
327,0.006074935807652169,0.0004908322208276526,5.347411074209958,0.010347083019850883,0.0003263882623627533,1.774380039614062,1.7141551387520866,1.660323027318778,1.6190028169825392,1.5647034439543943,1.5475859277510076,1.622467018828975,1.7384869284730147,1.7577488544555078,1.7043336250191137,1.6955625102022838,1.6910137261779257,1.6400785380050198,1.7402353837723996,0.2181232963496316,0.48981449660629073,0.6158306646074599,0.6842926771994956,0.7096037339042486,0.704455522610509,0.7197117422896674,0.7685024887237788,0.8578855910743131,0.9117133878718755,0.9626748192727983,0.9969974845065697,0.99180924311738,0.8223766390185734
328,0.006320802606747349,0.0004904244120495623,5.478923506103456,0.010470851585253934,0.00032312407227713555,1.7751382215037625,1.7147296383613773,1.6607492679729465,1.6193638626343296,1.565005299049314,1.5478783142059938,1.6229124787386484,1.739320814781544,1.7584295791870859,1.7048231366182145,1.6960376661286922,1.6914335241717768,1.6404696136747556,1.7409144510669703,0.2184023409026801,0.4900608744932967,0.6160057112143784,0.6843975052146114,0.7096140548266101,0.7043414101301487,0.7195527624546993,0.7684549842376481,0.857965794872532,0.9118247677854765,0.9628383466022067,0.9972034649617766,0.9920017904135214,0.8223766390185734
329,0.006090123979918751,0.0004899839165707498,5.736290644854307,0.01054484162976516,0.00031986852724399484,1.7758909453581153,1.715298693855794,1.6611699508932467,1.6197178982248703,1.5652984937167265,1.5481596220060334,1.6233434663796809,1.7401388683872312,1.7590941605892159,1.7053056296842108,1.6965499971865299,1.6918485698959276,1.640856362816775,1.7415876849691818,0.21867934016897947,0.4903049398938683,0.616178185723212,0.684498893798976,0.709619351760542,0.7042201888260727,0.7193841118199172,0.7683948445406901,0.8580352004689311,0.911929773086906,0.9629995315898503,0.9974074069985579,0.9921928455734376,0.8223766390185734
330,0.005917964041873354,0.000489564754389874,5.6747679016552866,0.010233593047751384,0.0003166217859340035,1.7766357682378708,1.7158607146240852,1.66158371764977,1.6200656094101102,1.565582011688969,1.5484297669295863,1.6237700295420738,1.7409657237276923,1.7597729360271916,1.7057952176972853,1.697120637201799,1.692280928405663,1.641267963408748,1.7422551469495686,0.21895316328272887,0.4905455505994924,0.6163469370706981,0.6845964045330115,0.7096196942864187,0.7040930272345424,0.7192114201179073,0.7683388901697944,0.8581162100646798,0.9120461382451218,0.9631791052682187,0.9976244124538151,0.9923937726244698,0.8223766390185734
331,0.006540411316921447,0.0004891855290168637,6.309223107993603,0.010590067458326633,0.00031338400658875205,1.777373175237574,1.7164203893941903,1.6619965159949954,1.6204129564270553,1.5658625107831414,1.5486962355113638,1.624203955933879,1.7417975488886999,1.7604703862301798,1.7063025854190415,1.6977335382082035,1.692733872845796,1.6416924436647178,1.7429235588151617,0.2192247833188278,0.49078555406442276,0.6165161275580078,0.6846953250931024,0.7096217920597836,0.7039677058479372,0.7190442635312617,0.7682940748805064,0.8582122272722603,0.9121753707832069,0.9633752697425978,0.9978492986685172,0.9925999421354776,0.8223766390185734
332,0.006162722988683176,0.0004887554779787587,5.650978040881455,0.010359356234038714,0.0003101553470130382,1.7781042564323744,1.7169737496373227,1.6624035994324646,1.6207543624469858,1.5661412443309195,1.548964167438593,1.6246258298223393,1.7425767636007892,1.7611350059274624,1.7067885953202133,1.698314576073902,1.6931568177217413,1.6421059426984947,1.7435847045695758,0.21949362805542533,0.49102243829731046,0.6166823595382985,0.6847910981628048,0.7096214139296358,0.7038418709644619,0.718874391067087,0.7682301272291893,0.8582855676599566,0.9122854369839478,0.9635475985653779,0.9980555502332707,0.992797134522145,0.8223766390185734
333,0.00698547190665961,0.0004884173961756011,6.0860253046266735,0.010736244500242395,0.00030693596456717466,1.7788288239786343,1.7175245511644759,1.662811794264428,1.6211022996420046,1.5664288677156066,1.5492416416531591,1.6250637471448157,1.7433991345908073,1.7618229395940643,1.7072855763493873,1.6989294155951045,1.6936036084070658,1.6425262427830292,1.7442486088730547,0.2197603072406485,0.4912585808037011,0.6168498702896151,0.6848914257887698,0.7096297758616421,0.7037287563458824,0.7187215841065081,0.768197522680177,0.8583867922720481,0.912416488496508,0.9637439237666734,0.9982770228259955,0.9930000079370034,0.8223766390185734
334,0.006054133123313385,0.00048808777042139286,5.380394037812948,0.01038366595917988,0.00030372601615931996,1.7795458766241243,1.7180699339778935,1.6632152529144906,1.6214485214126824,1.5667079548521707,1.5495089043972432,1.6255036944693704,1.744231075272052,1.7625205069428596,1.7077907627302056,1.6995504061967448,1.6940726730335236,1.6429447140546154,1.7449038706820288,0.22002422253698364,0.49149217291067254,0.6170148485284347,0.6849898443257219,0.7096348883736859,0.7036102792073005,0.7185652260195118,0.7681675745426798,0.8584928502669944,0.9125512401636717,0.963946421251177,0.9985048248121333,0.9932067603495935,0.8223766390185734
335,0.006493102780213301,0.0004877020632320659,5.675545915961266,0.010340850678432274,0.00030052565823783094,1.7802546673698945,1.7186103770895929,1.6636163896421432,1.6217915271734544,1.5669884570756152,1.5497779816609683,1.6259290326978817,1.745013291480422,1.7631876935551705,1.7082717993012668,1.7001358740354098,1.6945114845402003,1.6433401465017707,1.7455498833706393,0.22028543779850154,0.49172408946207774,0.6171794826725536,0.6850882907757743,0.7096412338835659,0.7034942114468331,0.7184066595551922,0.7681183623196277,0.8585746038473762,0.9126622397728512,0.9641182351063949,0.9987076582523209,0.9933974710266623,0.8223766390185734
336,0.00640214990258208,0.0004874152110287391,5.587512519210577,0.010147543440458684,0.00029733504678363775,1.780954367750161,1.7191433064235775,1.664012637258229,1.6221387967905294,1.567270073902709,1.5500468611796285,1.6263721781537375,1.7458430752416612,1.7638748235670534,1.7087591077926836,1.7006558604179884,1.6949585485273637,1.6437656353441161,1.7461892428492942,0.2205429906517701,0.49195242711328857,0.6173416040919847,0.6851879559535363,0.7096524464580654,0.7033865370350355,0.7182639830065173,0.7681039169681503,0.8586851090886418,0.9127938639505379,0.9643113730275717,0.9989289773472046,0.9936041743833912,0.8223766390185734
337,0.0061862884565032005,0.0004871490061823158,5.452715476043522,0.010507700052057216,0.00029415433730264136,1.7816484249563023,1.7196703303371097,1.6644040797929283,1.6224811712036367,1.5675461402740607,1.550308311410977,1.6268088964363374,1.7466760217755302,1.7645768444799106,1.7092517842879238,1.7011605729195025,1.6954189693108723,1.6441847555014382,1.7468203424603919,0.2207982311282591,0.4921781061545156,0.6175013356613834,0.6852852244493463,0.7096608392437042,0.7032751641325876,0.7181172486840828,0.7680922935462868,0.858806247493837,0.9129343956880304,0.9645152201356343,0.9991611580205401,0.993811462969195,0.8223766390185734
338,0.006608337066526715,0.00048693651146076603,6.432769140228629,0.010615064668996506,0.0002909836848181345,1.7823358608016704,1.720193233234168,1.6647936743608651,1.6228229193791204,1.5678214356528093,1.55056800584976,1.627252487454496,1.7475136684542567,1.7652974084397235,1.7097528035542235,1.7017330545859055,1.6958855157551798,1.6446225852048517,1.7474510052315257,0.221051279913771,0.4924023451798736,0.6176608652795526,0.6853837267920259,0.709672154457498,0.7031682724636086,0.7179788542544158,0.7680966838821081,0.8589465800632187,0.9130878609840737,0.9647405870867811,0.9994056519109209,0.9940276748821654,0.8223766390185734
339,0.00519985884128746,0.0004867326771431493,5.5313394027762115,0.009271368029922891,0.0002878232438632462,1.7830105005556376,1.7207035520584002,1.665169876385325,1.6231505455337965,1.568082120935009,1.5508126743963486,1.6276858377649108,1.7483502008383953,1.7660171082919902,1.7102458368069173,1.702326735833515,1.6963572594572534,1.6450546283969094,1.7480684524176329,0.22129899433160247,0.49262021559696123,0.6178131666766287,0.6854742334724154,0.7096749124694602,0.7030535047859603,0.7178354719451658,0.768102542621192,0.8590924208367494,0.9132454347525711,0.9649733447145068,0.9996538533336055,0.9942443006095046,0.8223766390185734
340,0.006828740974467968,0.00048658173200780385,5.720240179914981,0.01102765956232549,0.00028467316847340975,1.7836813745795468,1.7212120786360834,1.6655478900411158,1.623482273983452,1.5683459906099246,1.5510575727381877,1.628128870123293,1.7492254275872172,1.7667637645061287,1.7107456345838707,1.702954221603664,1.6968508925088306,1.64548743524883,1.7486857183219617,0.22154573711232098,0.49283812318044906,0.617967432898502,0.6855688995141413,0.7096837843927403,0.7029452405646297,0.7177009977723252,0.7681289088301413,0.8592568968868102,0.913413718629551,0.9652169829390732,0.9999095181900117,0.9944636723039276,0.8223766390185734
341,0.005952797322498453,0.00048644278546030174,5.474348052870482,0.010034999735926538,0.000281533612178856,1.7843434856431661,1.721713298311155,1.6659189025587218,1.623806843444157,1.5686023668793208,1.551293796180629,1.6285614395703472,1.7500959302099015,1.7675113463426764,1.7112386960765522,1.7035659424232383,1.697335935902968,1.6459322857282517,1.7492967729220998,0.22178909198430755,0.4930526351220709,0.6181183269811307,0.6856601410655436,0.7096892527616224,0.7028341206234129,0.717564049966947,0.7681559049963076,0.859425405021915,0.9135857264841094,0.965466602057203,1.0001722362947079,0.9946884030015881,0.8223766390185734
342,0.00600454737329242,0.000486346826918014,5.630314050242305,0.009956631524916198,0.00027840472799712883,1.7849962325743214,1.722207260001641,1.666284579767128,1.6241294601396052,1.5688552425013422,1.5515259858847013,1.628993507675398,1.7509794388798445,1.7682606666287073,1.7117361228050099,1.7041841734526737,1.697832860378494,1.6463769877155232,1.7499005174087616,0.22202882510692212,0.4932638520242728,0.618266882597402,0.6857508718932843,0.7096960183287239,0.7027264677641362,0.7174331557801061,0.7681959620033071,0.8596055916663329,0.9137688424221087,0.9657271311793613,1.0004428920991142,0.9949165896427498,0.8223766390185734
343,0.00603196483490487,0.00048619746765626485,5.457972429227084,0.01019360540111315,0.00027528666842562943,1.7856421600778785,1.7226956180472353,1.6666451786228058,1.6244451598163399,1.569104699014865,1.5517582887423016,1.6294106535620974,1.7518084373165141,1.768977181620347,1.7122149770450366,1.7047526619393618,1.6983075596576462,1.6468001083699193,1.7504958306839633,0.2222658140353186,0.4934724237826848,0.618413070934528,0.6858386715241116,0.7097000084586228,0.7026177156870963,0.7172985153667893,0.7682154318038134,0.8597633613621934,0.9139343053904958,0.9659615886373296,1.0006935335122538,0.9951303671809787,0.8223766390185734
344,0.006029127155862764,0.000486000188114049,5.91799029102549,0.009731278545547548,0.0002721795854341824,1.7862780521326256,1.7231773437921487,1.6669998617126676,1.6247526999330701,1.5693504795614461,1.5519890983869042,1.6298119847730046,1.7525934352569883,1.7696613846503166,1.7126739934145188,1.7053065314078772,1.6987525646655184,1.6471932800556046,1.7510817523022144,0.22249903558401743,0.4936779013952003,0.618556592315966,0.6859232832639494,0.7097014214718356,0.7025082567598149,0.7171604381038359,0.7682181060564666,0.8599002298163544,0.9140810024476087,0.9661738882787698,1.0009238583897206,0.9953283701810073,0.8223766390185734
345,0.0063690339947935935,0.00048579087656604815,5.77940657408908,0.010046443176313938,0.000269083630457629,1.786905976333108,1.7236538335368408,1.667350551995062,1.6250555398155064,1.5695949969919458,1.5522220244052578,1.6302075939269633,1.7533585026129475,1.7703257011989368,1.7131242369158353,1.705858871399137,1.6991806055625711,1.647579129807314,1.7516589779761083,0.22272931519876138,0.4938810879147045,0.618698524759758,0.6860064357994382,0.7097023941362656,0.7024008012493719,0.7170243040886247,0.7682161314425469,0.8600284169533623,0.9142208135762846,0.9663766049249438,1.0011450743679047,0.9955195234736183,0.8223766390185734
346,0.007321288509134879,0.0004856120630358953,6.463026182260364,0.010870421564450068,0.00026599895438844743,1.7875290972785454,1.724130175109163,1.6677055813524002,1.6253657897401839,1.5698533795371608,1.5524709597355266,1.6306093559780022,1.7541056539762183,1.77098203397708,1.713565599694682,1.7064235200203777,1.6995958714624826,1.6479560246210705,1.7522327238286586,0.22295821871690966,0.4940849436484567,0.6188439591984027,0.6860962172968404,0.7097150008338295,0.7023100177752256,0.7169046285973378,0.7682235615878048,0.8601588443192687,0.914357997224176,0.96657482342178,1.0013600444487363,0.9957051140265777,0.8223766390185734
347,0.006740217569999077,0.00048543862851171537,6.096835893113166,0.010072397077435047,0.0002629257075693975,1.7881442287349432,1.7246009845049033,1.6680573178625777,1.6256741223026911,1.5701159286281605,1.5527264239389098,1.6310118250191898,1.7548550688106765,1.7716093706587404,1.713995717605714,1.7069768003888022,1.6999843724863626,1.6483168160858372,1.7528059733690466,0.22318398322105892,0.4942862351591881,0.6189880494499607,0.6861860439179417,0.7097308795932074,0.7022266151261054,0.7167932704063887,0.7682368633680711,0.860281207077222,0.9144864806045405,0.9667631530664885,1.0015638157306779,0.9958829151069086,0.8223766390185734
348,0.006109720969433573,0.00048527408907274294,5.463555974885821,0.009622323433857239,0.0002598640397861934,1.7887492340511926,1.7250641418593562,1.6684029965280793,1.6259765443150043,1.5703750149489601,1.5529806247986007,1.6314090342385943,1.7555901204570037,1.7722210024905365,1.7144196558530633,1.7075423634290148,1.7003604986120389,1.6486713077066735,1.7533697737915959,0.2234057759301997,0.4944839047542064,0.6191292650179828,0.6862735548039418,0.7097458478785859,0.7021449670841079,0.7166846957860544,0.7682519395243326,0.8604028128945179,0.9146144470634486,0.9669524004203837,1.0017646065345884,0.9960571468694451,0.8223766390185734
349,0.005754930388890807,0.00048514063940012053,5.990736391860992,0.009392288077914248,0.00025681410026020315,1.789343905053408,1.7255172758600357,1.6687402647794392,1.62627460286699,1.5706311985489811,1.5532331284555592,1.6318011909447085,1.7563111623129306,1.7728345554188902,1.71483553588224,1.7080648476656788,1.7007295765320425,1.6490276979760656,1.753912772668141,0.22362339203663747,0.49467692078186754,0.6192663590705849,0.6863586837985808,0.7097610580077274,0.7020676569339478,0.7165829630778906,0.7682735835839306,0.8605321603060849,0.9147473634733876,0.9671420795198281,1.0019673518758403,0.9962317695656095,0.8223766390185734
350,0.005530150909835279,0.00048503663356529647,5.8849867302924395,0.009601179199257034,0.00025377603764117673,1.7899295783546532,1.7259618455510615,1.6690688421278626,1.626563747469146,1.570873677491635,1.5534679631870103,1.6321954083252368,1.7570815867883733,1.7734681364552427,1.7152687718179755,1.708596260222648,1.7011314281849002,1.6493942491593099,1.7544483243441842,0.22383734844110134,0.49486565000527044,0.6193986529653057,0.6864385875898399,0.7097694415289992,0.7019813012180347,0.7164770579527262,0.7683096716716403,0.8606759954654729,0.9148920942383835,0.9673448032078175,1.0021784307513009,0.9964123156755936,0.8223766390185734
351,0.005622603187913312,0.00048492375685265076,5.999674840364605,0.009713674295790248,0.0002507500000000001,1.790507849297828,1.7263983382298647,1.6693895864076524,1.6268439886725126,1.571106952130416,1.5536940112593716,1.6325807077609638,1.757834196794347,1.774088897619933,1.7156947360494788,1.7091085691655685,1.7015281927319374,1.6497591873442627,1.7549795987573487,0.22404821856288817,0.49505060866989087,0.619527125904572,0.6865143070672453,0.7097733090426548,0.7018909959985284,0.7163682524498868,0.7683409606621335,0.8608158105682682,0.9150347460201046,0.9675453971336341,1.0023861864965484,0.9965903248583322,0.8223766390185734
352,0.006462553430346776,0.0004847947870137825,5.7810173076577485,0.010355563634893298,0.00024773613482147877,1.7910811786432415,1.726831025507735,1.6697084396774344,1.6271232187464746,1.5713424745056388,1.553923796469107,1.6329588100336485,1.7585546000457757,1.774679857998417,1.716108422518468,1.7096058713809699,1.7018982727165264,1.6501145787262619,1.7555091983356732,0.22425749527135524,0.49523448064305636,0.6196556947165031,0.6865912699683933,0.7097804356446681,0.7018062543723025,0.7162628772701386,0.7683652085388109,0.8609427078838304,0.9151670633568458,0.9677346367330537,1.0025842861914576,0.9967636305848575,0.8223766390185734
353,0.006381588053829492,0.00048463042414927316,5.913061757106334,0.010241151583790338,0.0002447345889971496,1.791648089268284,1.727261416815899,1.6700262882846755,1.6274004091902021,1.5715765404552728,1.5541518363730464,1.633326051479614,1.759237523172905,1.775256403744706,1.7165113074451672,1.7101154586891083,1.7022576167790435,1.6504659689861414,1.756034641437985,0.22446469552158752,0.4954175385986646,0.6197842691585395,0.6866682167107602,0.7097873691501665,0.7017209958669406,0.7161539866156256,0.7683742934027763,0.8610561588425616,0.9152885954228067,0.9679123415196688,1.0027728865241754,0.9969329465793422,0.8223766390185734
354,0.006479217322232089,0.0004844254059832709,6.429668409284204,0.010382170697122687,0.00024174550881812156,1.7922106900101777,1.7276875738588133,1.6703408705397995,1.627673284013827,1.5718119320746815,1.5543849656761404,1.633684922032797,1.7598824966828728,1.7757997065813307,1.716896784492632,1.7106084034805737,1.7025929637204436,1.6507877679046048,1.756550605375124,0.2246702195174787,0.4955988638496372,0.6199116454758721,0.6867439615407577,0.7097945281456863,0.7016387057142712,0.7160460404480081,0.7683708806655923,0.8611502162187236,0.9153926169357183,0.9680668636368754,1.0029399473082703,0.9970847524313523,0.8223766390185734
355,0.006706339682121254,0.00048421780406572834,6.992686594370753,0.010298684502575943,0.00023876903996794554,1.79276743379139,1.7281097377150356,1.6706533163419828,1.6279443253628296,1.5720495854125092,1.5546242321371029,1.6340408376011122,1.7605008590330697,1.7763236379767788,1.7172740792999128,1.7110995018171615,1.7029168702831128,1.6510918124790093,1.7570673107427788,0.22487377051169538,0.49577883970576014,0.6200387822009479,0.6868204435507616,0.7098046315037653,0.7015628193983844,0.7159443091410933,0.7683652558912364,0.8612375921762125,0.9154909810448019,0.9682125134731892,1.003099418974119,0.9972285440630128,0.8223766390185734
356,0.006230314234211329,0.00048409168333967735,6.475830139126629,0.01015164339894201,0.0002358053275155142,1.7933175674290085,1.7285256423097002,1.6709613238602687,1.6282138057850175,1.572284677287843,1.5548563908597641,1.6344068681109556,1.761190053789703,1.7768674085249216,1.717661547684979,1.7116360706990177,1.7032554966687503,1.6514086813921507,1.7575844211475642,0.2250747345321954,0.4959560906137398,0.6201640056372202,0.686896862562654,0.7098168951644361,0.7014903514899209,0.7158517392619778,0.7683933382342369,0.861351300381308,0.9156079163913479,0.9683835445179693,1.0032763193482988,0.9973811486175604,0.8223766390185734
357,0.0060606530066004876,0.00048390135281993366,5.563048899639398,0.010065847617776428,0.00023285451590799127,1.7938611647782277,1.7289364863571695,1.6712647127320779,1.6284761076421244,1.5725145701401237,1.55508434372926,1.6347552869813533,1.76183268639636,1.7773780776349746,1.7180310972641981,1.712147859767658,1.703569070063635,1.651700712972543,1.7580922040803972,0.22527332205551007,0.4961312113275955,0.6202873485505558,0.6869704978658496,0.7098256733308804,0.7014142521346612,0.7157514071851391,0.7683984786549217,0.8614400714942061,0.9157048733676949,0.968530443237496,1.0034339670896066,0.9975200303358502,0.8223766390185734
358,0.00637837970100331,0.00048370149890824177,6.07108695898205,0.009926959109210582,0.00022991674896377152,1.7943972851580354,1.729341965932743,1.6715652759348785,1.6287369258632451,1.57274740798089,1.5553186750061263,1.635099713597187,1.7624445239451993,1.7778663790472404,1.7183901959833932,1.7126325103193334,1.7038589150410208,1.6519784337046952,1.7585911599167356,0.22546910113107413,0.49630406198442806,0.6204096720814062,0.6870443555532219,0.7098370295656619,0.7013440957184792,0.7156562475748511,0.7683985732646704,0.8615187013681601,0.9157926709165289,0.9686648755526611,1.0035813586873183,0.9976522255618557,0.8223766390185734
359,0.00641341176127292,0.0004834744866861207,6.609125856310129,0.010084639243300905,0.0002269921698654712,1.7949262819432759,1.7297432363797616,1.6718637868755455,1.628995514782325,1.572980207135406,1.555553799406479,1.6354341273412425,1.7630219285757016,1.778329823721336,1.7187359049193716,1.7130868052088324,1.7041280530446117,1.6522425732992867,1.7590865308698551,0.22566252650194993,0.49647549980175504,0.6205318342001329,0.6871188035209714,0.7098501545682623,0.7012770077507068,0.7155614371977097,0.7683875645216379,0.8615827366392693,0.9158683254809868,0.9687835767508672,1.003717112115589,0.9977774292098259,0.8223766390185734
360,0.005779228582931264,0.0004832331985152247,5.706049707252532,0.010016517747655622,0.00022408092115294966,1.7954491894818172,1.7301385661319164,1.6721559234597267,1.6292472800831077,1.5732037722506995,1.5557792220088034,1.6357577341443126,1.7635803722160532,1.778787439667148,1.7190753946648145,1.7135110340365944,1.7043972628857358,1.6525094061706245,1.7595731540706758,0.22585348380221584,0.4966440759040954,0.6206507619290225,0.6871894395999818,0.709858113685648,0.7012037416129864,0.7154599660621094,0.7683676937236961,0.8616431049917276,0.915943602883292,0.9689007204131278,1.003854860402635,0.99790457632563,0.8223766390185734
361,0.006315812434563358,0.0004830280282823338,6.268765540327877,0.009886951221795833,0.00022118314471636204,1.7959638725533773,1.7305292358316229,1.6724461310252998,1.6294988035226166,1.5734271266764777,1.556002001096097,1.636088174103739,1.7641626136812512,1.7792536307403268,1.7194090870110255,1.7139126588559719,1.7046715748155352,1.6527748176224701,1.7600511805173686,0.22604158744190506,0.49681077657800077,0.6207691622244391,0.6872611035152664,0.7098688924509544,0.7011343932112473,0.7153651364875709,0.768361128824436,0.8617137623151276,0.9160239807062879,0.9690216461313764,1.00399542547209,0.9980326421919816,0.8223766390185734
362,0.006038770361041228,0.00048285339742015055,6.387930477969348,0.009841819693347006,0.00021829898178924353,1.796471054044992,1.7309137992555501,1.672732074063836,1.6297482418736584,1.5736477743644683,1.556222371150353,1.6364155001096348,1.7647367434341943,1.779724223739048,1.7197441185008528,1.7143041582612029,1.7049534301373037,1.653052514835423,1.7605257479876675,0.2262268338788421,0.4969747696426219,0.6208856158015672,0.6873321000865124,0.7098802637511398,0.701067226065017,0.7152736203569681,0.7683596929046903,0.8617933700908881,0.9161137165367279,0.9691525796909759,1.0041480475771227,0.9981683310323065,0.8223766390185734
363,0.006373204061849566,0.00048270904424390927,5.681463642977178,0.01034509760153959,0.00021542857294162645,1.7969730969410298,1.7312940839425417,1.6730155470482504,1.629996792900842,1.5738666766098206,1.5564382168269875,1.6367447690906967,1.7653283284896184,1.78021044268933,1.7200807995302239,1.7147055453230593,1.7052442438766588,1.653329259445448,1.760995681081475,0.22641030928918307,0.49713722812433947,0.6210014131559868,0.6874035845853295,0.7098931004296766,0.7010015758289126,0.7151853291126231,0.7683687516782662,0.8618839584797842,0.9162092297511687,0.9692921155326789,1.0043060793190388,0.9983069752709581,0.8223766390185734
364,0.006054681703901813,0.0004825896459576815,5.766681017354131,0.010027496932432016,0.0002125720580731883,1.7974688544083282,1.7316689496625777,1.6732947667090177,1.6302422000788641,1.5740826639312064,1.5566520336978964,1.6370735655232789,1.7659103911194858,1.7807025168673671,1.720416595825484,1.7151013459404294,1.705541157826556,1.6536059001267749,1.761457816120147,0.2265913121611761,0.4972972541564073,0.6211153598493808,0.6874740686224865,0.7099060606461486,0.7009378147154806,0.7151011416097247,0.76838332464057,0.8619830010220538,0.9163110662232425,0.969437326295295,1.0044676504937693,0.998446421818421,0.8223766390185734
365,0.005515443650270643,0.000482531379669191,6.0476215411908925,0.0093990965440849,0.000209729576406434,1.7979553489422972,1.7320356630527627,1.6735656916808759,1.630481068417612,1.5742896663467936,1.5568558615423411,1.6374036979347728,1.7665241419688646,1.7812067651601082,1.72075926939068,1.7154771468764825,1.7058602879759224,1.6539004335967842,1.7619180098375518,0.2267685823184232,0.4974531759453707,0.6212249534210764,0.6875408214857163,0.7099159258494344,0.7008724014075386,0.715020648184208,0.7684171750415489,0.8621029440472424,0.9164332301451069,0.9696036280149135,1.0046474156091292,0.9985974299022076,0.8223766390185734
366,0.005948055907915308,0.00048242725225447795,6.042092337273061,0.010251144906416699,0.00020690126647990973,1.798436799938237,1.7323988462871156,1.6738334312829173,1.6307148725520633,1.5744892600169968,1.5570492184249973,1.6377181841357868,1.767113205905725,1.7816990521089582,1.7210953688723365,1.7158559125914226,1.7061713054309093,1.6541848823204757,1.7623719067714247,0.2269440947252249,0.4976076558251827,0.6213332344545738,0.6876054205651698,0.7099216676904754,0.700799906195771,0.7149290546615868,0.7684338098914547,0.8622090480025064,0.9165446839215851,0.9697602432594428,1.0048188518957568,0.9987426104376912,0.8223766390185734
367,0.0059058293517116585,0.00048230609234015787,6.056579458061606,0.00985537584698239,0.00020408726614145118,1.7989115136982532,1.7327571188717432,1.6740966437862592,1.6309436814067517,1.5746834607548568,1.5572367039209745,1.6380260293938447,1.7676976799195852,1.782175068089659,1.7214276066088632,1.7162232927728296,1.706477127181,1.6544642971151287,1.7628180761075563,0.22711699849852865,0.4977596822253496,0.6214391641735093,0.687667469568563,0.7099244258769801,0.7007240520234163,0.7148336615089445,0.7684454340446818,0.8623073927354034,0.916651172876826,0.9699107375978732,1.0049847780955987,0.9988851016004485,0.8223766390185734
368,0.00570401401807031,0.0004821613622769856,5.764519673772156,0.009196013513399716,0.00020128771254146493,1.7993770043519821,1.733107721233777,1.6743532418004496,1.6311661335587315,1.574874272528592,1.5574230030324865,1.6383230716559956,1.7682492318621101,1.7826270979326766,1.7217440892080815,1.716573306273646,1.706762542069749,1.6547359443934555,1.7632560153738135,0.22728621978518807,0.4979080054014051,0.6215417728999311,0.687726494499698,0.7099253299493025,0.7006488088984995,0.714738128408291,0.7684476486432549,0.8623935168673906,0.9167471658883233,0.9700482097957424,1.005140216200626,0.9990221545922362,0.8223766390185734
369,0.00595052356104145,0.00048202060039361405,5.756473441142589,0.009590484390855646,0.0001985027421262438,1.7998344528855517,1.7334534485139401,1.674606676259149,1.6313885040913805,1.5750618677302977,1.557610814365618,1.6386306229278118,1.7687979066298207,1.7830786807790986,1.722063915135067,1.716889952798137,1.7070584207436386,1.654998411353284,1.7636851161406677,0.22745258992109602,0.4980541583881314,0.6216429360547372,0.6877852523879006,0.7099261932090072,0.7005747066222556,0.7146472981791006,0.7684525431784615,0.8624787092562489,0.9168412106504226,0.9701775682146022,1.0052877649840444,0.999154525085594,0.8223766390185734
370,0.007005852371985968,0.0004819087434117393,6.149087342899293,0.010511892309250802,0.00019573249063131685,1.8002864487873185,1.7337985285047994,1.6748627715647457,1.6316157919876637,1.575256031873528,1.5578047818827023,1.6389382558863481,1.7693333465854617,1.7835227323749963,1.7223779040888947,1.7172106880780993,1.7073480209153988,1.6552666401573324,1.7641141809615628,0.22761763715953753,0.4982009395126395,0.6217468844083885,0.6878491569320367,0.7099351863782901,0.7005112188223328,0.7145664385609924,0.7684637653925441,0.8625677164381266,0.9169386578902486,0.9703107708702402,1.0054388669955714,0.9992901042932123,0.8223766390185734
371,0.00674262880617258,0.00048179612792342906,6.411042306106538,0.010271202952761956,0.0001929770930748337,1.800733468427704,1.7341399575870942,1.6751170126495951,1.6318417567037766,1.5754523340288256,1.5580030228608759,1.6392405880436884,1.7698474916456255,1.7839509942014278,1.722684083076913,1.7175132862843439,1.7076220290863957,1.6555249151634275,1.7645435225176183,0.2277810389151384,0.4983465752616518,0.6218507607118917,0.6879140068886713,0.7099472096713652,0.7004536287399798,0.7144906238716668,0.7684735375579513,0.8626515497595338,0.9170311833227865,0.9704363242605583,1.005583222979043,0.9994195805756484,0.8223766390185734
372,0.006215159739045433,0.00048166560309734495,5.404618291184306,0.01008595540582682,0.000190236683750984,1.80117482074799,1.7344778617030996,1.6753694136489676,1.632066237670858,1.5756464870861582,1.5581997468608817,1.6395389384085872,1.7703346569554825,1.7843734914257414,1.7229822810228848,1.7177893972272675,1.7079003556062011,1.6557822095425703,1.764964506431516,0.2279422360416978,0.49849048413431,0.6219536449260958,0.6879783197443927,0.7099587268988475,0.7003956647501208,0.7144141420933322,0.7684751158651938,0.8627291273515942,0.917118055431082,0.9705508466562222,1.0057201079249336,0.9995472278045912,0.8223766390185734
373,0.006164621147313575,0.0004815572499175787,5.657505628652871,0.010156592074428367,0.00018751139622345198,1.8016105619505987,1.7348114134718802,1.6756185525010747,1.6322881827745912,1.575838503873577,1.5583924815417785,1.6398327464298814,1.7708287414598722,1.784790799676372,1.723272466698926,1.7180553554698041,1.7081702932190304,1.6560578753926272,1.7653794820881492,0.22810146904365733,0.4986326999253717,0.622055435428052,0.6880423903440519,0.7099712933214943,0.7003399279552273,0.7143406051829173,0.7684831996647615,0.8628110066371597,0.9172088223342938,0.9706719693788683,1.0058627209589057,0.9996835054176058,0.8223766390185734
374,0.005915221464342862,0.0004814694763653731,5.702931563835591,0.010020554839125386,0.00018480136331890698,1.8020406446629462,1.7351396007328777,1.6758623111290616,1.632505572249238,1.5760222832590915,1.5585735520111352,1.6401254518903963,1.7713548791207336,1.7852149349385096,1.7235658998454177,1.718323754410476,1.7084432145207662,1.6563412594111024,1.7657910105724497,0.228258468247975,0.49877239893317,0.6221545693354286,0.688103929042813,0.7099807256429415,0.7002801367782214,0.7142657049200104,0.768501924525333,0.862900973712701,0.9173052745988376,0.9708010363193155,1.0060083756129572,0.9998214576071054,0.8223766390185734
375,0.005787755093871175,0.00048135253806730696,5.777150793932378,0.009518244255725198,0.00018210671712052948,1.8024635465566803,1.7354612935938472,1.676100456165932,1.6327168381807846,1.5762025022593582,1.5587521607369372,1.6404085417522487,1.7718588079251698,1.7856225375565897,1.7238478657704568,1.7186124288592635,1.7087031232774785,1.6566087636557127,1.7661913910310876,0.22841247042616458,0.49890883866662566,0.6222505901008295,0.6881620995996844,0.7099870315611077,0.7002181767484126,0.7141873772542626,0.768510428487658,0.8629794896634939,0.9173916483233681,0.9709200639108713,1.0061438631944397,0.9999514996319959,0.8223766390185734
376,0.005952633689200969,0.0004812703152700344,6.049598251935095,0.010312933966330361,0.0001794275889615736,1.8028820395216543,1.7357782816132747,1.6763345886397576,1.6329264842126918,1.5763781218097417,1.5589244918592329,1.6406950921551693,1.7723842751624428,1.7860378293658004,1.7241337521264894,1.7188865270704512,1.7089716231513357,1.6569026778812572,1.766590653383489,0.2285647028117576,0.4990431957715178,0.6223447880066518,0.6882194155558757,0.7099929238539062,0.7001559876604417,0.7141115728859011,0.7685305216054232,0.863069622818104,0.9174884166595878,0.9710505233738382,1.0062885079783155,1.000092057627839,0.8223766390185734
377,0.005286315994054397,0.00048115359322954633,5.161875476129353,0.009340279883316488,0.00017676410941896628,1.8032928882832473,1.7360882779152653,1.6765613053215482,1.6331269729705633,1.5765451528703662,1.5590882435267097,1.6409691069663546,1.7728834299263694,1.7864399476755857,1.7244100286509223,1.7192079159765559,1.7092382538204935,1.6571860567919563,1.7669777919719754,0.22871377866531098,0.49917393628619927,0.6224348494775426,0.6882714900521196,0.7099924671651981,0.7000871050228251,0.7140282236064255,0.7685376726756744,0.8631496677403974,0.9175774572214773,0.9711755438672075,1.0064267117626322,1.0002259889379328,0.8223766390185734
378,0.005649434409354188,0.0004810092407028075,5.922365362755954,0.00949944677087589,0.0001741164083069423,1.8036970631107316,1.7363916623416944,1.6767818359611482,1.6333201553151846,1.5767088173402803,1.5592508891876435,1.6412323434302851,1.7733527870576944,1.7868213965484538,1.7246732965325324,1.719511983932126,1.7094860748582796,1.657446373632725,1.7673558616503995,0.22886015741583732,0.4993016032315122,0.6225219609941569,0.6883203670601351,0.7099897400288805,0.7000182824883577,0.7139441008314369,0.7685355545981246,0.8632174975797267,0.9176547203695772,0.9712858271329525,1.0065510983633166,1.000347550475221,0.8223766390185734
379,0.006792221953921913,0.00048085306612118985,6.377457174938172,0.010445255671364964,0.0001714846146707192,1.8040968746877828,1.7366936047797747,1.6770026265435016,1.6335134211532725,1.5768745819527845,1.5594158325539225,1.6414912550449534,1.7738029890853118,1.7871922596502092,1.7249305794200627,1.7198291828392631,1.709722063341521,1.657692911172204,1.7677301740690148,0.22900518907144035,0.4994289485388959,0.6226098293844673,0.6883706043960148,0.7099893447778384,0.699952599551375,0.7138614188842108,0.7685283428262408,0.8632785658658194,0.9177255770027017,0.9713894835006099,1.006668630234348,1.0004630919374968,0.8223766390185734
380,0.005431316580550592,0.00048071883719840927,5.5579404146410525,0.009285660208286778,0.00016886885678020532,1.8044890093811619,1.7369883902717247,1.677217092180895,1.6337018354451323,1.5770340080840175,1.559572599964869,1.6417497948463058,1.7742736496894955,1.787564897875156,1.7251872429699229,1.7201483732223066,1.709955143461165,1.6579437335491292,1.7680934586430013,0.22914702602506293,0.4995527306281924,0.6226942889707449,0.6884180893616305,0.709986773789751,0.6998853113401118,0.7137798416445509,0.7685312756492878,0.863346267510098,0.9177996272125584,0.9714987270125851,1.0067892495660815,1.000581704986462,0.8223766390185734
381,0.006709782650266496,0.00048061363007496704,6.1148022981360555,0.010304216080938159,0.0001662692621237505,1.804876277026509,1.7372807048501866,1.6774309058541685,1.6338905774349783,1.577194069269521,1.5597303230607087,1.6420105095387265,1.7747418942088404,1.787952210371932,1.725448601249064,1.720476151428641,1.7101935808365805,1.6581915509031098,1.7684571056509713,0.2292872797040882,0.4996757111964318,0.6227789494330913,0.6884668078008767,0.7099865968072206,0.699821616764916,0.7137031989361642,0.7685415475540106,0.8634243896275683,0.9178803048211834,0.9716154974821368,1.0069148160095658,1.0007009580051698,0.8223766390185734
382,0.005492974668368296,0.00048049698913544,6.1903704428114,0.009409829640264522,0.00016368595740193014,1.8052564317243127,1.73756666524091,1.677639036418101,1.6340729317134464,1.5773489466844968,1.5598835155738353,1.6422633329056295,1.7751951141374438,1.7883249820109617,1.725702171409773,1.7208016652973215,1.7104226848957995,1.6584294837174904,1.7688133706378588,0.22942478546004255,0.4997958313814542,0.622861051364334,0.6885129873878882,0.7099843880366222,0.6997572042895017,0.7136260656450577,0.7685481848854047,0.8634966043161602,0.9179554110688976,0.9717260089410629,1.0070336179815231,1.0008145953471863,0.8223766390185734
383,0.00602764432338748,0.0004804068210728185,6.292622005101293,0.009913919931132264,0.00016111906852137245,1.8056308698492018,1.7378483522815675,1.6778445044304398,1.6342538643797864,1.5774991668420082,1.5600295022991408,1.642517319916777,1.7756843610843083,1.7887118329828329,1.7259629227336175,1.7211478549046313,1.7106637834956249,1.6586682652153135,1.7691559918136823,0.22956018762238353,0.4999140711632245,0.6229418882233546,0.688558667878839,0.7099816383836212,0.6996914991591466,0.7135492969334376,0.7685667810402934,0.8635788020366065,0.9180373638867931,0.9718442773462691,1.0071575886706599,1.0009302921398389,0.8223766390185734
384,0.0059758027853487675,0.00048034070261234233,6.211717637255788,0.009919597319942047,0.00015856872058862015,1.8059999298557217,1.738125544469992,1.6780464318013573,1.6344318085795764,1.5776467645431236,1.560172100161705,1.6427743219759876,1.7761949952861038,1.789103991064882,1.7262237493511763,1.7214835755778068,1.7109127596195117,1.658904995567796,1.769494672259098,0.2296935031669994,0.500030257737997,0.6230211322413202,0.6886033941181293,0.7099789204161897,0.699626916399105,0.7134766251767517,0.7685970426796337,0.8636682586874294,0.918122545195818,0.9719645154570483,1.0072818962758963,1.0010456936915832,0.8223766390185734
385,0.006433537389636368,0.00048025814569420833,6.450927916914225,0.01033945090761809,0.00015603503790403295,1.8063646227588046,1.738399892358908,1.6782472330384546,1.63460851889127,1.577794983478201,1.5603162659989425,1.6430234970948616,1.7766771229912428,1.789480295246809,1.7264781471015314,1.7218217085947873,1.7111512050039293,1.6591344462050515,1.7698300910686058,0.22982549109870545,0.500145666714822,0.6231004965616779,0.6886487446633413,0.7099776619234899,0.6995648053773906,0.713404115310584,0.7686184969545712,0.8637488069423288,0.9182019988508123,0.9720785110536331,1.0074012721730414,1.0011568525886603,0.8223766390185734
386,0.005626608503973986,0.0004801778850273613,5.885613350197673,0.009397385378326318,0.000153518143955731,1.8067222232429108,1.738668265711635,1.67844331515128,1.6347817735619927,1.5779414932415188,1.5604602040983098,1.6432685073013737,1.7771413373011566,1.7898458892639615,1.7267256675891522,1.7221642580809478,1.7113858604489283,1.6593633308054407,1.7701577754124553,0.22995468011456202,0.5002583039793582,0.6231776581060142,0.6886927664576913,0.7099765781412503,0.6995051660196799,0.713334793577697,0.7686391016433092,0.8638271595563445,0.9182796148728238,0.9721899955263998,1.0075180233724965,1.0012672002203642,0.8223766390185734
387,0.005316514908036259,0.0004800794144014351,5.40357754426077,0.009133912206028777,0.0001510181614135739,1.8070719533760322,1.73893074729182,1.6786339721852592,1.6349487417825213,1.5780812630985204,1.5605968967102142,1.6435031265078734,1.7775891711659617,1.7902038240107576,1.7269654995907113,1.7224930289538305,1.7116171533625077,1.6595879108422784,1.7704777789253976,0.23008086620263316,0.5003680892511261,0.6232520668968452,0.6887336847910529,0.7099718241449698,0.699441628203176,0.7132607022966826,0.7686520109084324,0.8638999988848955,0.9183526230326002,0.9722957244860595,1.0076303053530482,1.001374434195759,0.8223766390185734
388,0.006686186333642574,0.00047997964074554615,6.301011458039284,0.010479084126129249,0.00014853521212318454,1.8074182609213962,1.7391910318092463,1.6788245022658461,1.6351165381464934,1.5782252149057805,1.5607396479586115,1.643735732926374,1.7780149547691102,1.7905489828468606,1.7271965760629295,1.7228057589267458,1.7118294308454256,1.6598066802652212,1.7707943369460533,0.23020588293964775,0.5004772095401295,0.623326927012257,0.6887761732574441,0.7099707249477805,0.699384330521675,0.713192148092206,0.7686630056350074,0.8639676587678061,0.9184198536661237,0.9723942632659347,1.007736422441038,1.0014789251663385,0.8223766390185734
389,0.005557241540156308,0.00047985490218455817,6.239593604113907,0.009146998572632637,0.00014606941710000777,1.807757269002237,1.7394450038541414,1.6790093583915464,1.6352779623507157,1.5783665112019625,1.560882398194367,1.6439592835843726,1.7784109656664284,1.7908710294631267,1.7274142219793525,1.72310263226132,1.7120237733329682,1.6600057159545052,1.7711019256287692,0.23032802798796223,0.500583365659248,0.6233990780945992,0.6888159141845264,0.7099679536818709,0.699327890113596,0.7131239274885501,0.7686653117126275,0.8640232204655123,0.9184763842951058,0.9724788221479623,1.007829568236518,1.0015725138704148,0.8223766390185734
390,0.005756296108243861,0.0004797383782047493,7.305415086913854,0.009261088523203483,0.00014362089652341484,1.8080895472557001,1.7396929345451844,1.6791893590436717,1.6354363498205646,1.5785067919555593,1.5610252468939885,1.644178378900238,1.7787994052538898,1.7911853952882308,1.727622770068553,1.723387972020278,1.7122071442315683,1.6601931255469728,1.7714032227906673,0.23044754226987527,0.500686814885704,0.6234690655496641,0.6888545017758038,0.7099659134964521,0.6992750388970128,0.7130600764567558,0.7686705957195464,0.8640787568741005,0.9185308126211928,0.972558609554748,1.0079180523160125,1.001660394487906,0.8223766390185734
391,0.006037807188350008,0.00047963600055168644,6.337974826805294,0.009924404879570517,0.00014118976973084374,1.8084167516489265,1.739937570242395,1.6793668753587367,1.6355925851775401,1.5786441588269202,1.5611644746839832,1.6443943299807282,1.7791918954245296,1.7915059110990716,1.7278327964542808,1.7236502355102838,1.7123945302974457,1.6603833245499209,1.7717028345452328,0.23056530257917332,0.5007888823686235,0.6235380192894926,0.6888923774040359,0.7099633131355548,0.699221783199259,0.7129962315507368,0.7686790124029048,0.8641391822261345,0.9185896895972996,0.972642136059346,1.0080113660941836,1.0017505702003124,0.8223766390185734
392,0.005848114857290514,0.0004794952494999272,5.878364322241396,0.00972953567018994,0.00013877615521198512,1.8087383900623313,1.7401783468795504,1.6795409788649764,1.6357436297570804,1.5787776997694802,1.5613002065097665,1.6445990932924863,1.7795552975649382,1.7918053653145507,1.7280333465987137,1.723902660561595,1.712565431034313,1.6605578825137992,1.7719961469984962,0.23068122377023986,0.5008894815854544,0.6236057492805032,0.6889284903204228,0.709958579324973,0.6991663655145802,0.7129279010005022,0.768673376732702,0.8641844442975473,0.9186367866556105,0.9727123616644864,1.008093445123491,1.0018323949228438,0.8223766390185734
393,0.005757823972030248,0.00047934554841810905,5.532098186202347,0.009957216798312794,0.00013638017060300502,1.8090553647222394,1.7404155535568147,1.6797123391802098,1.635891773003489,1.5789073668630176,1.5614300170580515,1.6447968166829607,1.7799143466285143,1.7921005554769251,1.7282295342182978,1.7241475913573363,1.7127311082077143,1.6607341987825002,1.7722822410668242,0.2307954683528655,0.5009886058370641,0.6236723877499394,0.6889636238519279,0.7099525875649353,0.699108863323097,0.7128563287010837,0.7686636922839417,0.8642262881552359,0.9186812676750348,0.972780892816246,1.0081744426980765,1.0019149147339887,0.8223766390185734
394,0.005816749692184644,0.00047921685569925465,6.180491175036877,0.010135356777036182,0.00013400193268081322,1.809368316441298,1.7406486918625406,1.6798806596575313,1.6360376239711076,1.5790337129773906,1.5615551936534555,1.644993092246388,1.7802826036000563,1.7924023560668778,1.7284271219288738,1.7243767880730383,1.7129046610351037,1.6609152084454064,1.7725666577622603,0.23090818234304972,0.5010860595951129,0.6237377803968076,0.6889980928565627,0.7099463341555643,0.6990513021160164,0.7127858330772502,0.7686598923934495,0.8642754024774861,0.918732160399897,0.9728555473444167,1.0082615750321129,1.0020006313117764,0.8223766390185734
395,0.0063171033479451685,0.00047910856496244516,5.463092682883143,0.010381179914786381,0.00013164155735737116,1.8096773366048076,1.7408790004249182,1.680047406703638,1.6361856399831682,1.5791596759790802,1.5616783268518517,1.6451917314090276,1.7806670412526564,1.7927086197992597,1.7286294289223512,1.724636616162349,1.7130773738260745,1.6611048636125318,1.7728446700328204,0.2310196180035045,0.5011824681813332,0.6238026192686476,0.6890333350111763,0.7099414251361263,0.6989946343294348,0.7127165425429735,0.7686641024756722,0.8643305521823553,0.9187874437677467,0.9729392089322649,1.0083529977957364,1.0020903813112627,0.8223766390185734
396,0.006011890347900776,0.0004789887209447292,5.857324566692114,0.010028573071522755,0.00012929915967404152,1.8099813598581838,1.7411059660326358,1.6802118975583333,1.6363310206650012,1.579284249543576,1.5618013858877235,1.6453852277758865,1.7810269543684736,1.7930018958209708,1.7288250624041663,1.724882477134973,1.7132447088321667,1.6612922549230358,1.7731176205351518,0.2311293685984755,0.501277635508618,0.6238668660851264,0.6890683455916596,0.7099370084310833,0.6989397590072306,0.7126486223206162,0.7686624121225145,0.8643792668999885,0.9188379248414554,0.9730156605301559,1.0084389281575739,1.0021771835841975,0.8223766390185734
397,0.00595057221327352,0.00047884060977183965,5.4452383876778185,0.010134332658788403,0.0001269748537959834,1.8102808496506484,1.7413294384508085,1.6803740975366788,1.6364734487719634,1.5794062267509579,1.561921124065044,1.6455702208018408,1.7813614287321338,1.793278790438466,1.7290105649281975,1.7251167360802642,1.7134028772664096,1.6614743130345266,1.7733847427305462,0.2312375493144172,0.501371447188391,0.6239302626408767,0.6891025034713717,0.7099315852633513,0.6988835067990427,0.7125773183721243,0.7686489726875106,0.8644165049896468,0.918880014907939,0.9730828019509958,1.008518410997771,1.0022607648129582,0.8223766390185734
398,0.00654927644957996,0.00047869643404133843,6.172681404277682,0.01034103074530413,0.0001246687530065856,1.8105755151682659,1.7415508641479118,1.680536164924916,1.636616094392684,1.5795289381781112,1.5620415268647987,1.645753443829795,1.7816898816471995,1.7935524879217595,1.7291962205657876,1.7253543379187624,1.7135622842348552,1.6616540637584118,1.77365034346329,0.23134426932589858,0.5014647263675509,0.6239941768785605,0.6891379945787528,0.7099283828540829,0.6988301660840484,0.7125085475844227,0.7686357085985208,0.8644530345355897,0.9189217770414637,0.9731487973440446,1.0085963754031704,1.0023430191956437,0.8223766390185734
399,0.006244975174780068,0.00047856261596452177,5.947605806868523,0.010445415861558937,0.00012238096970194773,1.8108661361614613,1.7417697721447158,1.6806966117815283,1.63675713579551,1.5796496482345224,1.5621590104617396,1.6459358983948513,1.7820190039841073,1.7938314938237014,1.7293851822954074,1.7256006478327541,1.7137282646667897,1.6618304526613343,1.7739127000831942,0.23144955365590514,0.5015569515882716,0.6240575794380373,0.6891733645746605,0.7099253281158748,0.6987769866115069,0.7124405367510611,0.7686253994116654,0.8644938871291133,0.918966244473311,0.9732180705856729,1.0086752583852319,1.0024240870746164,0.8223766390185734
400,0.006187401786523287,0.0004784233108839904,5.65346216596663,0.010132132692593849,0.00012011161538540008,1.8111518512359885,1.7419853076476572,1.680854722622028,1.6368956663942547,1.5797698642930513,1.5622769751404366,1.6461137411912574,1.7823357993803595,1.7940964536555821,1.729567305771298,1.72584364502081,1.713884390751903,1.6619946934763368,1.7741676996232651,0.2315530903651754,0.5016478393113045,0.6241203519538133,0.689208592301309,0.7099232590889359,0.6987264344562247,0.7123747849329153,0.7686132713053765,0.8645294267708735,0.9190060852950458,0.9732813096609737,1.0087481508504883,1.0024992213293142,0.8223766390185734
401,0.006217869468092831,0.0004782966027524285,5.394089449197054,0.010018909377755968,0.00011786080066207054,1.8114320849654373,1.7421973816215324,1.6810106221980672,1.6370329878490784,1.5798887487329332,1.5623919072773755,1.6462884049817095,1.7826559200826264,1.7943625654611743,1.7297473598357513,1.7260950511432192,1.7140428819310178,1.6621583912011955,1.7744195127101146,0.23165467666479317,0.5017372463677047,0.624182266198467,0.689243686419181,0.7099217144470019,0.6986765005753576,0.7123092824215177,0.7686041704179936,0.8645686464448197,0.9190489503203226,0.9733495049916279,1.008824945954515,1.0025756335815315,0.8223766390185734
402,0.006079271339499741,0.0004781641189707007,5.818934959825128,0.010488486958434603,0.00011562863523349333,1.8117084147900222,1.742406310519028,1.6811644926420746,1.6371696065420003,1.580004772509829,1.5625031725112264,1.6464615464240822,1.7829729380387291,1.7946199558164486,1.7299268948848598,1.7263289884590405,1.7141999490966457,1.6623237637804502,1.7746635457305875,0.23175490469921808,0.5018254500117638,0.6242434801780034,0.6892787039509835,0.7099201034741374,0.6986261883058613,0.7122435377237027,0.7685939566298736,0.8646040314800393,0.9190890813863429,0.9734135837771931,1.008897429385884,1.002650546086143,0.8223766390185734
403,0.006054373743699419,0.0004780400294687157,6.2209404753521085,0.009969978499711948,0.00011341522789226232,1.811979158784423,1.7426114645497595,1.6813158781850532,1.6373039286500688,1.580118845222765,1.5626114689397144,1.646630422632973,1.783289086153198,1.7948755052521734,1.730103093142606,1.7265451233435114,1.7143555342158392,1.662484997250072,1.774905495689873,0.2318531306208144,0.5019121077318716,0.6243039038611266,0.6893135825160872,0.7099191807777121,0.6985772297472443,0.7121790158555243,0.7685857669723833,0.8646409388903458,0.9191299663374134,0.9734775090087252,1.0089700321240072,1.0027242163028949,0.8223766390185734
404,0.005480756950443989,0.00047792163133346177,5.9451528820209205,0.009221415839919943,0.00011122068651672874,1.8122430680833235,1.742810803094297,1.6814621550996853,1.6374332901243998,1.580229086680436,1.5627166065647402,1.6467946643620908,1.7835972430224574,1.7951254857073637,1.7302745906890602,1.7267578860708113,1.7145097651725791,1.662641510135711,1.7751436357539765,0.2319486643492149,0.5019960096967107,0.6243618502563033,0.6893462854132109,0.709916870432388,0.6985284330228473,0.7121156268902087,0.7685781711673201,0.8646783872107805,0.9191716801476083,0.9735418321921862,1.0090425030280383,1.0027960875980577,0.8223766390185734
405,0.006505526933181352,0.0004778346534841234,6.122196360025555,0.010490922914305714,0.00010904511806574296,1.8125030686334536,1.743006913519731,1.6816068246450708,1.6375624211970181,1.5803401205934298,1.5628233104186695,1.6469622888093083,1.7839096979078422,1.7953881836264598,1.730447716442387,1.7269762497915349,1.7146702164828007,1.662798005918039,1.77537963004816,0.23204282917555735,0.5020787273359686,0.6244194097399532,0.6893797628265627,0.70991698814508,0.6984839806597234,0.7120585264978149,0.7685806734511794,0.8647265833476813,0.919219329781975,0.9736119086494267,1.0091189716845654,1.0028690116704726,0.8223766390185734
406,0.006203800256381969,0.00047773620920052705,5.532723790034652,0.009770518408116775,0.00010688862857344241,1.812757408303673,1.74319929996988,1.6817485979339797,1.637688127002943,1.580449431200055,1.562929263781037,1.6471243781336962,1.7842064026591204,1.795638587147366,1.7306142421638417,1.7271961964516185,1.714822777092711,1.6629434414947384,1.7756112269835034,0.2321349407454653,0.5021597687972987,0.6244756850638326,0.689412033316506,0.7099164544310008,0.6984400479407211,0.7120014705856511,0.768578691133258,0.8647689223485298,0.91926205335725,0.973676148010461,1.0091897810199835,1.0029364791164126,0.8223766390185734
407,0.00592869282962615,0.00047766522192437536,6.115417796652764,0.009748206419048592,0.00010475132314408231,1.8130062477423146,1.7433871636973102,1.6818865140332482,1.6378106323237334,1.580555162613546,1.5630312922570875,1.647286112815269,1.7845132667050154,1.7958954065581176,1.730784762921705,1.7274156694846274,1.7149816980458374,1.6630905451165827,1.7758401417796357,0.2322249509356573,0.5022387300469384,0.6245301451253391,0.6894429444851417,0.7099151173166427,0.6983961785739486,0.7119464132842518,0.7685849306930318,0.864820387839459,0.9193128450496246,0.9737499077163874,1.0092681766110216,1.003006895257469,0.8223766390185734
408,0.005897526921883056,0.000477585303730133,6.172406345140189,0.00964772585187863,0.00010263330594691398,1.813249510541046,1.743570808191404,1.682021208967297,1.6379294594763527,1.5806584128999093,1.5631320146038938,1.647442440801943,1.7848028312763957,1.7961399346494311,1.730948645640925,1.72762510468839,1.7151320544454425,1.6632298849234082,1.7760625405872426,0.2323129435349345,0.502315908150932,0.6245832993323306,0.6894727617409686,0.7099133086813059,0.6983531811844105,0.7118921639955003,0.7685872327084403,0.8648665971341543,0.9193593165176941,0.97381768593315,1.0093409297848226,1.0030726311156646,0.8223766390185734
409,0.005917672537682057,0.00047752716553843414,6.2456607688218355,0.009632532433736287,0.00010053468021110769,1.813486870141796,1.7437504509333908,1.6821532143252547,1.6380464509550696,1.5807591924750943,1.5632288463595356,1.6475987550668558,1.7850998900589805,1.7963860244119114,1.7311107166658912,1.7278230210748164,1.7152852474781035,1.6633755344608379,1.7762821265967443,0.23239885426590506,0.5023913952937334,0.6246354140202147,0.6895024116090852,0.709912264453695,0.698311639510384,0.7118409225367175,0.7685964750395381,0.8649186717664602,0.9194102437590094,0.9738904824560974,1.009418553120051,1.0031423673307682,0.8223766390185734
410,0.006521614594210465,0.00047746465421246787,5.84457340836525,0.009888330423716361,9.845554822072093e-05,1.8137191703461117,1.7439270426273965,1.6822832842825364,1.6381615185726028,1.580860586446528,1.5633280246240793,1.6477518209615114,1.7853775398339529,1.7966222736495452,1.7312658847439126,1.7280095486885945,1.715427972639836,1.663516703768127,1.7764980586375714,0.23248300632074664,0.5024656404008453,0.6246869477843776,0.6895320014357156,0.7099125195208273,0.6982735748439437,0.7117932427695587,0.7686029248516177,0.8649662591384399,0.9194567549773782,0.9739569039787637,1.0094903258284778,1.0032084684925955,0.8223766390185734
411,0.004995183969186063,0.0004774136903098869,5.40802456997335,0.00912716445126034,9.63960113097138e-05,1.8139456227833959,1.7440975631791447,1.6824073436171358,1.6382709988047308,1.5809564158684024,1.5634220475417346,1.6479013963643354,1.7856562337590922,1.7968561029968662,1.7314193853755038,1.7282292887846906,1.7155737715927801,1.6636610105141223,1.7767081088301993,0.23256475296163762,0.5025369699128166,0.6247354478493654,0.6895587212105245,0.7099103718861776,0.6982344076656615,0.7117463257424801,0.7686129476398982,0.8650172461985434,0.9195066990129396,0.9740289446804785,1.009566214548307,1.0032768653895485,0.8223766390185734
412,0.006622568670502127,0.0004773408808755226,6.624188058078289,0.010200281857320873,9.435616985700985e-05,1.814168032356481,1.7442656850899045,1.682530172344308,1.6383789519716923,1.5810532552124352,1.5635186231802745,1.6480461505478232,1.7859135545786582,1.7970724287668396,1.7315653362005112,1.7284368194920379,1.715705827878838,1.6637897332911702,1.7769132704283621,0.23264512672884097,0.5026074323165433,0.6247838107272163,0.6895856775405785,0.7099094165119946,0.6981977605421801,0.7117004594988309,0.7686155422846118,0.8650572292932179,0.919546986459202,0.9740886944643392,1.0096312005421755,1.0033368594549859,0.8223766390185734
413,0.006240563712788227,0.00047724952091348017,5.854234462603927,0.010190835555732037,9.233612328160331e-05,1.8143864646025303,1.7444308763687832,1.682650813830721,1.6384838354214395,1.5811482409964963,1.563614301630218,1.6481848301311484,1.7861523230547338,1.7972755540088308,1.7317058801668008,1.728630922373088,1.7158269539404105,1.6639058796846544,1.777113511837294,0.2327241697469019,0.5026768373014083,0.6248315643726007,0.6896120026047019,0.7099080703489928,0.698161406421084,0.7116538614657252,0.7686110890637822,0.8650887715948925,0.9195805436323548,0.9741396940379344,1.009688673012807,1.0033904895123114,0.8223766390185734
414,0.005947579861083156,0.00047715104649754284,5.922254195902497,0.009865137879814816,9.033597003771483e-05,1.8146002582296779,1.744592622855647,1.6827691357809438,1.6385865179830164,1.581241126778304,1.5637075024799414,1.6483189850603588,1.7863807167567973,1.7974720464219405,1.7318421211038393,1.728819445637337,1.7159439188332755,1.6640165052631066,1.7773078631583292,0.23280151485410816,0.5027447971539611,0.6248784058002842,0.6896377731961002,0.7099064858302115,0.6981250515346741,0.7116066402888568,0.7686033780802286,0.8651168081946525,0.9196109775274898,0.9741870844302696,1.0097427480376726,1.0034415009236137,0.8223766390185734
415,0.0061098045450649705,0.0004770587697212565,5.963572888635099,0.010196950666311422,8.835580760999162e-05,1.8148097913835382,1.7447517774090167,1.6828855394476145,1.6386875743635598,1.5813306909615252,1.5637961662833297,1.6484524334799153,1.7866101889880348,1.7976686504263006,1.7319781084601584,1.7290191389930873,1.7160673033242275,1.664135495394041,1.777498460101707,0.23287741665061834,0.5028116753567066,0.6249244765990613,0.6896630767062658,0.7099043139002333,0.6980877317938091,0.7115594016834514,0.7685973144816319,0.8651469672418217,0.9196437282375493,0.9742380377880363,1.0097988249763912,1.0034958863923213,0.8223766390185734
416,0.00617052905119974,0.00047694816018084053,6.347938837949187,0.010017916607294392,8.639573250875671e-05,1.8150149420189499,1.7449079291421952,1.683000018987197,1.6387865925960474,1.5814194406989375,1.5638842235902584,1.648579868592462,1.7868230502136122,1.7978532354771168,1.7321069340395567,1.729208207124554,1.7161822539528755,1.664243651514702,1.7776846237885109,0.23295172757716887,0.5028772912104207,0.6249698672248113,0.6896880168157482,0.7099023194565134,0.6980511779538886,0.7115114853614758,0.7685845125621293,0.8651688338216054,0.9196692059447636,0.9742799344488879,1.0098474335452625,1.003544382110371,0.8223766390185734
417,0.005687079381066789,0.00047686786476225043,5.785198143217713,0.00955086454811977,8.445584026530534e-05,1.8152146750343015,1.7450600771224616,1.68311163853246,1.6388864209792282,1.5815055693371336,1.5639689345971965,1.6487098141647956,1.7870436228789255,1.7980461014049527,1.7322368013692118,1.7293643800620038,1.7163004970932445,1.6643556327894127,1.7778639813616663,0.23302405500310575,0.502941170083669,0.6250140644198487,0.6897133023121644,0.7099016361141525,0.6980168713332685,0.711468106554008,0.7685809389853262,0.8651999158783086,0.9197014818356267,0.9743270774131734,1.0099014985610122,1.0035960329251228,0.8223766390185734
418,0.005886292458839745,0.00047681136227633214,6.3776056370697916,0.009740235086297492,8.253622542724867e-05,1.8154096565241302,1.7452081893426334,1.6832200834614734,1.638983687307326,1.5815892842737405,1.564050568919062,1.6488399476306523,1.7872719165783653,1.7982479493205283,1.732365542659305,1.729518411937784,1.71642167405568,1.6644706544943333,1.7780420097788359,0.23309464905455343,0.5030033515764144,0.6250569538998441,0.6897378968155827,0.7099011923504482,0.697983889650393,0.7114278360105635,0.7685854437782678,0.865239435254693,0.9197385739702629,0.9743798416389341,1.0099594141586654,1.0036496079147983,0.8223766390185734
419,0.005727354722194844,0.00047677662545411373,6.361454374156892,0.009813692390398898,8.063698155390572e-05,1.8156000380140696,1.745352749553676,1.6833255267735145,1.6390782901203618,1.581669184140756,1.5641274631974138,1.6489716875059766,1.7875112266238034,1.7984572708350468,1.732498544285263,1.7296668338480157,1.7165518970213176,1.6645880349283624,1.7782173026217043,0.23316355222241952,0.5030639411038722,0.6250984880956925,0.6897614834131462,0.7098999075916537,0.6979501899397267,0.7113888204460829,0.7685970830760409,0.8652867647553288,0.91978218302291,0.9744396122352255,1.0100231332267429,1.003705874057907,0.8223766390185734
420,0.005828613816298626,0.0004767549608656769,5.484708978794515,0.009780844782745168,7.875820121174347e-05,1.8157857965933626,1.74549394717169,1.6834285637037167,1.6391708712806339,1.5817466821492823,1.5642006618354491,1.6491010059459095,1.7877612751816196,1.7986654955981194,1.7326310754361198,1.7298072415435382,1.7166852550954206,1.6647057147506208,1.7783887281771351,0.23323077877552092,0.5031230995279912,0.6251390608771777,0.6897846153589086,0.7098986770626302,0.697916816661633,0.7113505806112511,0.7686137534328631,0.865337334105147,0.9198287902607432,0.9745023684064807,1.0100891618765278,1.0037628941258336,0.8223766390185734
421,0.006218630318148866,0.00047671231262365213,5.491653223056346,0.010354123783747152,7.689997596986535e-05,1.8159681317538103,1.7456326150559593,1.683530098780805,1.639261535666225,1.5818237359193723,1.5642738608205817,1.6492237489196386,1.787991020458812,1.7988590136052094,1.7327555436924331,1.7299377250699453,1.7168074299967453,1.664814469064492,1.7785554544991469,0.23329683189242725,0.5031813537899283,0.6251792962553082,0.6898076313088028,0.7098978268649822,0.6978844349261447,0.7113116453447368,0.7686223820797748,0.8653783816493038,0.9198675172861647,0.9745556853070797,1.0101475559355133,1.0038147971321618,0.8223766390185734
422,0.0060616800160986275,0.00047667779593104997,5.601783024147153,0.009733532733248888,7.506239639554769e-05,1.816145929817239,1.7457676511728066,1.6836292888695006,1.6393513512607911,1.5818999578052642,1.5643460913325862,1.6493434758219592,1.7882139710731149,1.799048656591626,1.7328760348061272,1.7300623197029115,1.716926486805114,1.6649232481339291,1.778714655886039,0.23336121675687863,0.503238110793853,0.6252186477819878,0.6898306864431637,0.7098980282529751,0.6978541688135658,0.7112748066120652,0.7686320121944409,0.865420383621447,0.9199073549088045,0.9746095188996043,1.010206633573736,1.003866876183429,0.8223766390185734
423,0.0064031388063376295,0.00047665038727881726,6.192342277150601,0.010174389874085001,7.324555204982707e-05,1.816319715912634,1.7458998684323077,1.683726791971459,1.6394395145410474,1.5819749242925967,1.5644172582762792,1.64946332845683,1.78843367197794,1.7992301658759653,1.7329953868570467,1.730186036789942,1.7170369643868193,1.6650404577709441,1.7788747803455993,0.23342424068068135,0.5032938297094708,0.6252575833237082,0.6898538874263809,0.7098991711471299,0.6978257733747693,0.7112408129402907,0.7686438775430392,0.8654618983567471,0.9199473405625095,0.9746644436648818,1.010265642785253,1.0039219135618995,0.8223766390185734
424,0.006563518699680646,0.0004766014379567087,6.061798564624041,0.010163940150149075,7.144953148313311e-05,1.8164897837845388,1.7460293531349194,1.6838227761884954,1.6395257857015502,1.582050105100833,1.5644896880327128,1.6495778036819704,1.7886351460394332,1.7993968436506762,1.7331074941581417,1.7303047360778319,1.717136735119913,1.6651456895717378,1.7790300518006068,0.2334858967920686,0.5033484044620415,0.6252959249571927,0.6898766931084339,0.7099005450159492,0.6977985074487105,0.711206456659064,0.7686482536739075,0.865493582275282,0.919978848159567,0.974709163784356,1.0103158499922018,1.0039704499219475,0.8223766390185734
425,0.005826560059753977,0.0004765583334269343,5.894301137886941,0.009534722694054587,6.96744222309749e-05,1.8166550899294918,1.7461551384297451,1.6839159063936908,1.6396103412344174,1.5821229803832748,1.5645592499696768,1.6496903847461615,1.7888329115376174,1.799563413782342,1.7332166772564748,1.7304200908984704,1.7172342050735296,1.665254774968167,1.7791819084341327,0.23354575911990588,0.5034013104141339,0.6253329697812947,0.6898988254104679,0.7099018217789294,0.6977717838990675,0.7111732136688956,0.7686535663601683,0.8655266491854594,0.9200109324087885,0.9747543889881511,1.0103665809451357,1.0040203049008125,0.8223766390185734
426,0.006280382182207186,0.00047651633129258534,5.648948855232447,0.010035405599998805,6.792031080967287e-05,1.8168165696956053,1.746278026614049,1.6840068730683224,1.6396926975980028,1.5821947836353152,1.5646285570640932,1.6498004984642887,1.7890260905112227,1.7997240358762805,1.7333236723139207,1.7305369478639656,1.7173280419486743,1.6653572741382212,1.7793306574626808,0.23360422479732684,0.503452994561172,0.6253691806421309,0.6899204191238443,0.7099032314335983,0.6977462765280112,0.7111414057310431,0.768659098894196,0.8655582975283637,0.9200418783880604,0.974798139005148,1.0104154950955628,1.0040677322041252,0.8223766390185734
427,0.00578296352325966,0.00047649650314462376,5.5533469673246145,0.009551029327258093,6.61872827121431e-05,1.8169734546939904,1.7463970587066624,1.6840951498749592,1.639773466693803,1.5822651980969826,1.5646965004051072,1.6499116765460637,1.7892279034698229,1.7998884303492606,1.733432084614998,1.730640149850993,1.7174269409125398,1.665461223619807,1.7794757459869062,0.2336609424717328,0.5035029786669111,0.6254041939959583,0.6899416112475072,0.7099052555527493,0.6977225485367147,0.711112903041905,0.7686721273770617,0.8655963053004194,0.920077770250357,0.9748458351072055,1.0104683483285284,1.004116676962279,0.8223766390185734
428,0.005224683430961469,0.0004764536835047779,5.696143095847219,0.009495499657330236,6.447542240373014e-05,1.8171264088892414,1.7465118274745515,1.6841794191739972,1.6398493965681709,1.5823322597566936,1.5647622033706063,1.6500153194011415,1.7894106917762023,1.8000381393341862,1.733531539932736,1.7307351481534292,1.71751637472641,1.665554299812943,1.7796147790170556,0.2337160290617416,0.5035509703362765,0.6254372173631291,0.689960522083015,0.709905111106504,0.6976975270736672,0.7110823767625841,0.7686771360561279,0.8656251675653477,0.9201059720681887,0.974884179060999,1.0105132359022455,1.0041596882811763,0.8223766390185734
429,0.006218214687946514,0.0004764257839685295,6.307611227966845,0.009948991073977386,6.278481331809014e-05,1.8172754005045446,1.746623860143401,1.684262206573421,1.639925368178051,1.5823991321284872,1.5648283109116299,1.650120577342024,1.7895934813811956,1.8001867959032463,1.7336305216404202,1.730832804786196,1.717604644096102,1.66564535027076,1.7797518961062633,0.23376971330352334,0.5035978870699696,0.625469844960262,0.6899800363493331,0.7099066834576582,0.6976755118239056,0.7110559957166004,0.7686869522599666,0.8656571118273846,0.9201361628373809,0.9749247575075826,1.0105584700232808,1.0042021761279936,0.8223766390185734
430,0.0055714704517964495,0.0004763897525452858,5.686478838790208,0.009186311341668323,6.111553785312513e-05,1.8174195924871546,1.7467324619785518,1.6843421833571455,1.639998108228713,1.5824632973618924,1.5648921850684119,1.6502205026982766,1.7897642854687716,1.800326321237752,1.7337253514250222,1.730927954300617,1.7176870583069992,1.665731575137008,1.7798852590012593,0.23382165749699813,0.503643291491603,0.6255012605229612,0.6899983974258778,0.7099073074107292,0.697653124016729,0.7110288296548316,0.768692915727674,0.8656849118044828,0.9201635344909184,0.9749623341555038,1.010600981233427,1.0042425272696225,0.8223766390185734
431,0.005906727424881393,0.0004763377676001213,6.29926450131461,0.0098391981733179,5.946767736696597e-05,1.8175600869116146,1.7468384640358454,1.6844198403970485,1.6400675490960908,1.58252472186797,1.5649534482687566,1.6503139355680758,1.7899217619132648,1.8004586140046672,1.7338156841851478,1.7310170344429472,1.7177635822067294,1.665811074414312,1.7800146773366603,0.2338722841797839,0.5036875677596367,0.6255316907965054,0.6900155038072592,0.7099064939048173,0.6976294083216542,0.7109993671662806,0.7686925568549613,0.8657068825836971,0.9201861911569518,0.9749943900897692,1.0106390884696625,1.0042793156928094,0.8223766390185734
432,0.00604815560266537,0.0004762935209557666,5.8608279139734805,0.009867965541042273,5.7841312174008354e-05,1.817696772151298,1.7469417781557584,1.68449611361545,1.640136333200267,1.5825849653957607,1.5650123241727245,1.6504055583335933,1.790080333098231,1.800590566523694,1.7339046116199248,1.7311042316416458,1.7178412234232943,1.6658884421719369,1.7801408127864726,0.23392156724235144,0.503730791913453,0.6255617135389683,0.6900329131757311,0.7099065879886137,0.6976067850788032,0.7109710057728893,0.7686944810767821,0.8657306913426884,0.9202098710893629,0.9750275366775644,1.0106778296428247,1.0043158859528902,0.8223766390185734
433,0.005272231071115265,0.00047625022123742557,5.223260770086199,0.00934176002984895,5.6236521540996894e-05,1.8178293155725629,1.7470416236222417,1.6845693612658,1.6402021040520087,1.582641538129899,1.5650667206069147,1.6504940110265918,1.7902419069349662,1.800720417883198,1.7339919489090427,1.73118592129668,1.717922248575352,1.6659651882279902,1.7802625461163395,0.23396926831660209,0.5037724109305117,0.6255902632997722,0.6900489444203524,0.7099052797094335,0.6975827786709353,0.7109417383737943,0.7686971585275417,0.8657546213840381,0.9202339137277196,0.9750602504318813,1.0107162617415837,1.004352196652481,0.8223766390185734
434,0.006045176472072819,0.0004762211431355201,6.1186430510133505,0.009878845851886394,5.465338368316338e-05,1.8179581413532022,1.7471390224259524,1.6846408375569357,1.6402664750608587,1.582696318502361,1.5651185140539157,1.6505814002585575,1.790405901427804,1.8008533725311882,1.734080674814832,1.7312805229270083,1.7180072686605745,1.6660430041616232,1.78038248673807,0.23401566751460576,0.503813015354914,0.625618168627748,0.6900647688318537,0.7099042033386559,0.6975593014325749,0.7109136297166763,0.7687039313917099,0.8657833197966289,0.920261849313737,0.975098587277262,1.0107585120026708,1.0043900164952635,0.8223766390185734
435,0.005862760531057673,0.0004761748341900367,5.991066341288388,0.009584559865056866,5.309197576041336e-05,1.818083172652461,1.7472335780490693,1.6847101775755993,1.6403281621320993,1.582749711526595,1.5651697670517815,1.6506633987697237,1.790554182971303,1.8009740291450962,1.7341630518212463,1.7313697733807212,1.7180834251041066,1.6661118639846946,1.7804977254227967,0.23406071434642955,0.5038524548874701,0.6256452594937653,0.6900798263027708,0.7099027141161608,0.6975361524355882,0.7108849364327728,0.768704550945206,0.8658043275153446,0.9202832569180653,0.9751291049678033,1.0107938596331918,1.004422789168374,0.8223766390185734
436,0.005370253943430526,0.00047613659675623654,5.820055072661489,0.00930029904752917,5.155237387356607e-05,1.8182042607805615,1.7473246856013245,1.684776715323433,1.640387483430934,1.5828006868070634,1.5652188297232974,1.650744260440376,1.7906995920540265,1.8010949322336807,1.734244283600881,1.7314647690064482,1.718162246314669,1.666183158935217,1.780609074706932,0.23410426391653313,0.503890352994226,0.6256710361972448,0.6900939317236182,0.7099007528795029,0.6975133158050719,0.710857599601161,0.7687072317885623,0.8658278079064704,0.9203064749933568,0.975161654727976,1.0108305004402414,1.0044567126415263,0.8223766390185734
437,0.005923298243817135,0.0004761168638331599,5.893605781253427,0.009525293012150314,5.003465306064572e-05,1.8183215051964916,1.7474128602215548,1.6848412540690612,1.640445651100272,1.5828506555087407,1.5652660023112195,1.6508254497252455,1.7908568326295449,1.8012190887527981,1.7343251361903174,1.7315650486787326,1.7182418590597046,1.666256909072694,1.7807179280192895,0.23414642433964797,0.5039270238776871,0.6256960197368937,0.6901079229329565,0.7098995936659412,0.697492094767717,0.7108330946937822,0.7687171258598292,0.8658563708429277,0.9203330600494931,0.9751985586707431,1.0108698451965776,1.0044923185568768,0.8223766390185734
438,0.006077092109582949,0.00047608450139671434,5.721448825206608,0.009720553137602565,4.853888729322322e-05,1.8184353339519626,1.7474987200706635,1.6849041505376114,1.640501902213676,1.582899885148446,1.5653131284476507,1.6509023017411588,1.7910002629206008,1.8013337189465761,1.7344007082416066,1.731660144351272,1.7183149363436374,1.666324348192411,1.7808229183332998,0.23418737835523679,0.5039627336182825,0.6257203884544348,0.6901214210183393,0.7098983380673703,0.6974714679579442,0.7108083917650801,0.7687220867529435,0.8658791496830226,0.920354794242738,0.9752294938669533,1.0109039142954788,1.004524089801827,0.8223766390185734
439,0.005652665478601864,0.0004760506234423854,5.868003153242171,0.009657478463241059,4.706514947281216e-05,1.8185457591463483,1.7475820568906906,1.6849649026857685,1.6405556826654462,1.5829462919808095,1.5653581640585597,1.6509789436779208,1.7911409341309543,1.8014438597944753,1.7344759446765894,1.7317565690356973,1.718391129394825,1.6663892130856512,1.7809248725984157,0.23422710811728775,0.5039973517358628,0.6257438682451192,0.6901340765703234,0.7098962251327386,0.6974503698851451,0.7107842165595294,0.7687268677233913,0.8659006117788222,0.920375993958781,0.9752588799753288,1.0109357422814196,1.0045544669202469,0.8223766390185734
440,0.006457879137819575,0.00047601303240240277,5.478798417374492,0.00987896362448548,4.5613511427314525e-05,1.8186529553658886,1.7476632785756387,1.6850245431413136,1.6406085894001012,1.5829934304248454,1.5654048983272604,1.6510531635239047,1.7912702853534719,1.801546451823578,1.7345467164006438,1.7318475514254945,1.7184599891383618,1.6664484912198454,1.7810229757314533,0.234265704909384,0.5040311418606076,0.62576705906777,0.6901469126691359,0.7098952228718264,0.6974316309067746,0.7107620363980651,0.7687297127110128,0.8659186881016999,0.9203939600654075,0.9752840014976282,1.0109635301583872,1.0045817038318552,0.8223766390185734
441,0.00590135023958244,0.0004759620088005119,5.804719579871744,0.009543245040903486,4.4184043907520925e-05,1.8187566795994228,1.7477420691051784,1.6850824608683843,1.6406596178176032,1.5830394685293314,1.5654507114378053,1.6511225228800344,1.7913874037761257,1.8016394274086098,1.7346120288215403,1.7319323487731186,1.7185215323432501,1.6665020092184084,1.7811174902203855,0.23430304647940342,0.5040638857588651,0.6257895412906185,0.6901591903742651,0.7098939578805082,0.697413030467699,0.7107389897590433,0.7687274626446965,0.8659307464515525,0.9204068663724603,0.9753033125439524,1.0109865891794299,1.004605735145022,0.8223766390185734
442,0.006054759454304676,0.0004759175488166845,6.019668255932629,0.010051225646445321,4.2776816583661304e-05,1.8188574692062849,1.7478186947683294,1.6851387253716608,1.6407091851100535,1.583083535244517,1.565494469634888,1.6511902571126875,1.7915037425705937,1.8017316283861209,1.7346782218539798,1.7320156924059251,1.7185833103392787,1.6665560313512118,1.7812102510305925,0.23433935370366846,0.5040957438930652,0.6258113969161149,0.6901711127261021,0.709892534198617,0.6973945609138653,0.710716469561882,0.7687265464967488,0.8659443580562197,0.9204217676442803,0.9753249940812166,1.0110115015650025,1.0046308045855408,0.8223766390185734
443,0.006092958769705992,0.00047588374842910165,6.566019929014146,0.009766742075874598,4.139189804201043e-05,1.8189549250896793,1.7478930087822706,1.6851934555555113,1.640757742702398,1.5831264380670933,1.5655365773178105,1.651256891432677,1.791620954725017,1.801825787000693,1.7347439508653286,1.732091566395657,1.71864555020193,1.6666125158661484,1.7813011811903154,0.23437449971935345,0.5041266685864235,0.625832703681616,0.6901829740028218,0.7098915955370536,0.6973770554575354,0.7106953586641155,0.7687284931415478,0.8659610656826962,0.9204388898821733,0.9753488630564289,1.0110387736318969,1.0046574305727354,0.8223766390185734
444,0.005442591278507105,0.00047585860169212804,5.505894004832953,0.009251953483281988,4.002935578154405e-05,1.8190488945250882,1.7479643443499553,1.6852455676027096,1.6408040999245128,1.5831670388216155,1.5655762583805706,1.6513218712540436,1.7917391098924995,1.8019209536800858,1.7348081156412472,1.732162198410032,1.7187081923832714,1.6666697082503523,1.7813895652241478,0.2344083151485082,0.5041562395456414,0.6258527827185184,0.6901938599722219,0.7098900253106545,0.6973594844456842,0.7106748162314189,0.7687327473935778,0.8659804907258072,0.9204581602619468,0.9753750147125853,1.0110681130132426,1.004684909166026,0.8223766390185734
445,0.006393472310974341,0.0004758291476566323,6.231569821946323,0.009970943620469658,3.868925621064965e-05,1.8191399894108837,1.7480335762693884,1.6852964893855011,1.640849311395871,1.5832077916801088,1.5656169213441256,1.6513842364762368,1.791846806360528,1.8020083208211286,1.734868120253686,1.732228624769698,1.7187640097121382,1.6667206988212266,1.7814747079976656,0.23444112519192728,0.5041850367594652,0.6258726160609128,0.6902049246201352,0.709889471163712,0.6973440657387598,0.7106561162937567,0.7687351725768184,0.8659964173275356,0.9204740718769895,0.9753968352571225,1.011093200459582,1.0047089854288922,0.8223766390185734
446,0.006208505521780325,0.00047580393809767063,5.636410214938223,0.010305379233046308,3.737166464388974e-05,1.8192283371675715,1.7481010607533762,1.6853462801486319,1.6408935196305354,1.5832467434470194,1.565655019258604,1.6514447912486823,1.7919541950879805,1.8020940200739541,1.734927889352191,1.7322938175160054,1.7188197340483955,1.6667740966609597,1.7815579401774138,0.23447303863957142,0.5042131999044565,0.6258921399874026,0.6902159561342632,0.7098889712432902,0.6973285908361448,0.710637429138431,0.7687384275518662,0.8660131432542504,0.9204911782110745,0.9754204779045718,1.0111199315333952,1.0047346006724427,0.8223766390185734
447,0.005344157229776636,0.00047578179694184367,5.991819500923157,0.009058802436936488,3.60766452988184e-05,1.8193131294292033,1.748165726874319,1.6853938056418474,1.640935565600627,1.5832835031634,1.56569081466935,1.6515025359858995,1.7920569731697442,1.802178328999007,1.734985643098234,1.7323586276117178,1.7188741237613878,1.6668267465951687,1.7816383002076752,0.23450362705992012,0.5042401228347207,0.6259106794836123,0.6902262384315372,0.7098880368134967,0.6973131907728533,0.7106190881190031,0.7687418621862012,0.8660305570383059,0.9205087191474617,0.9754447341385598,1.0111469563885465,1.004759946652408,0.8223766390185734
448,0.005982658246612676,0.00047576549702074765,6.26153009198606,0.009480973258300059,3.480426129285167e-05,1.8193948412898373,1.7482279669599892,1.685439575968491,1.6409763850356671,1.5833192063295976,1.565725506449383,1.65155959182168,1.7921606188029497,1.8022606426057146,1.7350427373642356,1.7324297481311868,1.7189273977155413,1.666875958879688,1.7817134623100144,0.23453308202014897,0.5042660016377944,0.6259284679463589,0.6902361727872867,0.7098873060388221,0.6972986613075123,0.7106021668799597,0.7687477332688547,0.8660490244862201,0.9205265994933238,0.9754696428228649,1.0111733333395558,1.004783916406316,0.8223766390185734
449,0.006044974320080106,0.0004757528531381359,6.288693462964147,0.010221295741992773,3.355457464019073e-05,1.8194740594608922,1.7482882556837473,1.6854839239906338,1.6410159555521644,1.5833534617049185,1.5657589264722165,1.6516152822941614,1.7922602282429023,1.802341813720665,1.7350990006413431,1.732497784292126,1.7189805061561392,1.6669268756449662,1.7817870264678324,0.234561655347397,0.5042911100749572,0.625945767730289,0.6902459019097718,0.7098866544802493,0.6972846475941276,0.7105861426081892,0.768753961878309,0.8660681469799392,0.9205452361529326,0.9754950479306979,1.011200305945006,1.0048086671213137,0.8223766390185734
450,0.006197669695539374,0.00047574215266808583,5.968600057065487,0.010116656125130949,3.232764624880022e-05,1.819550646700821,1.7483466663584968,1.6855271078623641,1.6410546962668542,1.5833866852855705,1.5657911745522555,1.6516697513270326,1.7923558327504756,1.802421151223131,1.7351545512783166,1.732565073950636,1.7190349115058325,1.6669772545757988,1.7818588563182753,0.23458928918672137,0.5043154426607734,0.6259626330802588,0.6902555444186768,0.7098861942763363,0.6972710361171989,0.7105706114018071,0.7687601091290478,0.8660873916077708,0.9205641928402551,0.9755206100518814,1.0112273241322587,1.0048332966634232,0.8223766390185734
451,0.006078498997903868,0.0004757253563603845,6.2698066756129265,0.009974930415344136,3.11235359174388e-05,1.8196245972320084,1.748403030936661,1.685568837376673,1.6410919128140662,1.5834192022848332,1.5658231435249743,1.6517211100869504,1.7924429615092634,1.8024938639813095,1.7352061087124226,1.7326268525787343,1.7190838101471035,1.6670233589894288,1.7819275416608078,0.23461598104815615,0.5043389674944431,0.6259790269167745,0.6902649416197303,0.7098859564487507,0.6972583157209734,0.7105555416881214,0.7687637637986547,0.8661031818266615,0.9205801019976142,0.9755424308481383,1.0112509491365018,1.0048554856809055,0.8223766390185734
452,0.006261820615826287,0.00047571365097516825,6.887472809292376,0.010068549078039491,2.9942302332745304e-05,1.8196958571487156,1.7484575476098523,1.685609347852717,1.6411282379098164,1.5834505483443904,1.565853558106467,1.651771050795261,1.7925297935719098,1.8025661569856737,1.7352570611399318,1.7326865856555391,1.7191331029996602,1.6670702697562347,1.7819946870529775,0.23464172147608875,0.5043617290978806,0.6259949559263561,0.6902742000068292,0.7098858696362093,0.6972459828795495,0.7105410379124144,0.7687685476939535,0.8661201422978273,0.9205972381033206,0.9755655003411626,1.0112756598964079,1.004878273508884,0.8223766390185734
453,0.0052317894161356335,0.00047570100597635426,5.383032048121095,0.009279901935951105,2.8784003066378244e-05,1.8197641413526224,1.748509584726157,1.6856477195624562,1.6411625386384037,1.5834798084243626,1.565881676681149,1.651818210484704,1.7926144923902292,1.8026358141513632,1.7353055903545884,1.7327425031741426,1.719181763336528,1.6671164607756719,1.7820588283790197,0.23466633559115704,0.5043833665201295,0.6260098804093107,0.6902825692162445,0.7098850273840036,0.6972331548100329,0.7105261037262228,0.7687727115028805,0.8661363189498205,0.920613849166565,0.9755878596378734,1.0112999449463944,1.004900648823446,0.8223766390185734
454,0.006472837792765882,0.000475681054980788,5.610596708953381,0.010096826484766149,2.7648694572209708e-05,1.819829927635076,1.748559903463491,1.6856850876303693,1.641195877968337,1.583508951189413,1.5659099551497857,1.651862653388815,1.7926911702887296,1.8026990616541163,1.7353505423868132,1.7327950314049754,1.719224962978754,1.6671576888593698,1.782120106689733,0.2346900717494904,0.5044043297183755,0.6260245066989759,0.6902909021868994,0.7098846041261803,0.6972212630010421,0.7105114919681289,0.7687740945197916,0.8661486389722548,0.9206269840916125,0.9756061275428485,1.0113206065644218,1.0049203330589764,0.8223766390185734
455,0.005358670284472155,0.0004756563333508543,5.658365536946803,0.008994358561688249,2.6536432183573984e-05,1.8198927513336591,1.7486077477095303,1.6857203758711177,1.6412271367738975,1.5835368276073254,1.56593748735234,1.651904247128448,1.7927607024100742,1.802757078575136,1.7353915774110673,1.7328427949916194,1.7192633381784956,1.6671944180185139,1.7821778887107205,0.23471267691860795,0.5044241733037313,0.6260381823013154,0.6902984212775131,0.7098837865640979,0.6972097538826368,0.7104972324282941,0.7687736604020892,0.8661583589522317,0.9206374954609192,0.9756211225331446,1.0113381985564998,1.0049376082182646,0.8223766390185734
456,0.006533238262269281,0.0004756426378645853,6.373046902939677,0.010165075107522037,2.5447270110570865e-05,1.81995314256505,1.7486539082084878,1.6857546149829878,1.6412578536339946,1.58356415635443,1.5659647297194526,1.6519460622344566,1.7928297978358465,1.8028154384465582,1.7354330729750695,1.7328906760750893,1.7193018525346717,1.6672335085223409,1.7822347581585933,0.23473443039856834,0.5044433552772818,0.6260515494586589,0.6903061114063579,0.7098837414678587,0.6971997682788879,0.7104852463512128,0.7687761938972252,0.8661708207709374,0.9206505006677556,0.9756387939246889,1.0113578390654214,1.0049563163188093,0.8223766390185734
457,0.005580385974721074,0.0004756331527992579,6.2602003938518465,0.009730739187543757,2.4381261437423013e-05,1.820010999053906,1.7486980881651766,1.6857872095983994,1.641287000268853,1.5835893882636092,1.5659892827370117,1.65198641870525,1.792900496722759,1.8028741661361052,1.7354746017786142,1.7329391813086348,1.719341978749378,1.6672724438420758,1.782289449984284,0.23475527204428973,0.5044616925859404,0.6260642133383102,0.6903132344450841,0.7098831678260572,0.6971892425673388,0.7104730556356686,0.7687799788979897,0.8661846844056185,0.9206647953026503,0.975658101858607,1.0113786331977257,1.0049753186558399,0.8223766390185734
458,0.0055124284569170465,0.0004756245354901294,5.597821754403412,0.009390837491675411,2.3338458119889357e-05,1.8200662771452798,1.7487401258996904,1.6858180778087746,1.6413146409764514,1.5836130087211564,1.5660119891507136,1.6520257758495733,1.792971922189555,1.8029303602763929,1.7355151503626531,1.7329845686750016,1.7193816471382235,1.6673097733571216,1.7823413006258115,0.23477516304808843,0.5044791000458662,0.6260761075989288,0.6903197821908055,0.7098822521582581,0.6971786877905304,0.710461304212751,0.7687846010388013,0.8661980938159114,0.9206785467955224,0.9756764673617507,1.0113981351132357,1.0049934071708455,0.8223766390185734
459,0.005672961861195428,0.0004756192089877163,5.702223747968674,0.00945196141296869,2.2318910982732414e-05,1.8201190906470677,1.7487801424202523,1.6858473689664313,1.6413408268709146,1.5836357378531731,1.5660340062535096,1.6520641467130976,1.7930425151313327,1.802984892052176,1.7355537417058806,1.7330287539088862,1.719419184469214,1.6673470643704569,1.7823907303493547,0.2347941295278749,0.5044956245687192,0.6260873223231488,0.6903258793155226,0.7098813586647098,0.6971688321475864,0.7104506679635437,0.7687904624057577,0.8662118518761556,0.9206921097653058,0.975694532429408,1.0114169782472568,1.0050111872825636,0.8223766390185734
460,0.005734678132639649,0.00047561074219305843,6.133367670699954,0.009701079115565179,2.1322669717241272e-05,1.820169635867082,1.7488182993742627,1.685875252709611,1.6413656397694802,1.5836574645362285,1.5660552775698267,1.6521000112007285,1.7931066471927555,1.8030352535798944,1.735589518390452,1.7330711154396863,1.7194534310264806,1.6673818395075628,1.7824379412385798,0.2348122772477524,0.5045113921838061,0.6260980056134702,0.6903316250789358,0.7098804221939341,0.6971594127005563,0.7104402720435383,0.7687946540423302,0.8662237178358806,0.9207040870456766,0.9757107460141944,1.0114341710577504,1.0050276710057722,0.8223766390185734
461,0.006314467421943097,0.00047560427531696846,5.784240231849253,0.00997039917445851,2.0349782878809714e-05,1.8202179923315114,1.7488548713754297,1.6859020074011455,1.641389526544529,1.5836786197788912,1.5660760772086395,1.6521345924914987,1.7931685160847464,1.8030839870834945,1.7356237923868776,1.7331118596616752,1.7194858324030622,1.6674149558685123,1.7824838580025801,0.23482965769551176,0.5045265259296418,0.6261082992485169,0.6903372432096702,0.7098797733077477,0.6971507988001346,0.7104307942155984,0.7687992582537794,0.8662355027733947,0.9207157571856109,0.9757265178238467,1.011450717635431,1.0050433978501179,0.8223766390185734
462,0.006662515472079152,0.00047559334302912085,6.191946998704225,0.010542854093060128,1.9400297884569778e-05,1.8202644515490576,1.7488901190461763,1.685927902261727,1.6414124904478378,1.5836992523763997,1.5660965689152375,1.6521670102785344,1.7932243869843263,1.8031286486837286,1.7356559203562651,1.7331513257128974,1.7195149704630956,1.667444938883228,1.7825277317270742,0.2348463881238196,0.5045411628393405,0.6261183573056673,0.6903427819315816,0.7098792971671014,0.6971426911702362,0.7104214457226882,0.768801908554769,0.8662449473853179,0.9207254395823925,0.9757399749561517,1.0114652222566878,1.005057444586397,0.8223766390185734
463,0.005793522965028675,0.00047558255663570595,5.369562019128352,0.009623198334525174,1.8474261011080502e-05,1.8203086437046978,1.7489236950952871,1.6859525328525988,1.6414343234190336,1.5837188433210394,1.566116052588353,1.6521978362777738,1.793276915244324,1.8031710205528686,1.7356865554774519,1.7331893524004378,1.7195427281989883,1.6674738432197946,1.782569171995243,0.23486229326874786,0.5045550796213191,0.6261278917442107,0.6903479834864629,0.7098787276848808,0.6971348313849229,0.7104124111575204,0.7688041515133928,0.8662538499069984,0.9207347183557117,0.9757529452499056,1.011479103030353,1.005070931885781,0.8223766390185734
464,0.00593653546450345,0.0004755661447999766,6.055004050955176,0.009608779050983974,1.7571717392072544e-05,1.8203506054561287,1.7489556593584403,1.685976097641698,1.6414550793663032,1.5837377521388771,1.5661349220347367,1.6522260511944469,1.7933232351687256,1.8032083853719652,1.7357138991677863,1.73322362824961,1.7195670373969032,1.6674988555065338,1.7826079143112,0.2348774019651414,0.5045683446147433,0.6261370568152451,0.6903530107986346,0.70987828607019,0.6971274568862637,0.7104034272871812,0.768804251144198,0.8662599240936835,0.9207414130928507,0.9757627495573475,1.0114902497914,1.005082322888377,0.8223766390185734
465,0.005554478981816175,0.0004755545811975293,5.672631029039621,0.009325085107591464,1.6692711016248833e-05,1.8203903189071795,1.748985876831514,1.6859982584688205,1.6414748074739114,1.5837552511177957,1.5661521299941925,1.652253141512624,1.7933692434929718,1.8032455476492628,1.7357403894547248,1.7332550460277703,1.7195908245184626,1.6675241515694155,1.782644814558336,0.23489168493653267,0.5045808495697437,0.6261456253604365,0.6903577032567817,0.7098777663514929,0.697120335287731,0.7103950764793405,0.768805731021049,0.8662673297189007,0.9207490688044718,0.9757734797698342,1.0115019137107129,1.0050938068779345,0.8223766390185734
466,0.006419984896139028,0.00047554780090306494,6.112132406793535,0.010057308518435979,1.583728472513976e-05,1.820428018238239,1.7490147572833088,1.6860196162832954,1.6414940703305845,1.5837721758976142,1.566168602006419,1.6522800368504025,1.7934166507346618,1.8032825105179209,1.7357669171311507,1.7332895181326717,1.7196163374795252,1.6675494237577444,1.7826801443058373,0.23490526946236445,0.5045928247648475,0.6261539366092246,0.6903624594744602,0.7098776386715063,0.6971138833294124,0.7103877343277505,0.7688088737416846,0.8662757325198522,0.9207575344241435,0.9757850284284836,1.0115141647195316,1.005105478918953,0.8223766390185734
467,0.006228071105620377,0.00047554250821026534,6.14285142486915,0.009892740289750854,1.500548021101613e-05,1.820463758051433,1.7490421944451955,1.6860400541116305,1.641512648877224,1.5837886502413219,1.5661849154011347,1.6523057976633608,1.79345985380753,1.803317482793962,1.7357916585294277,1.7333169129475245,1.7196401206220986,1.6675746209370697,1.7827137848044505,0.2349181634970173,0.5046042272061797,0.6261619359771649,0.6903671849405482,0.7098778655251827,0.6971082981719376,0.7103813391796443,0.7688118415358274,0.8662838423765611,0.9207657274590785,0.9757957173182688,1.0115260413673968,1.005117068943174,0.8223766390185734
468,0.005585391233410391,0.0004755393743656857,5.493437916971743,0.009517867527454083,1.4197338014856435e-05,1.8204975427545584,1.7490680342186924,1.6860592129648555,1.641530100944135,1.5838039193838482,1.5661999898235328,1.6523306801772784,1.7935020504709802,1.8033520817127209,1.7358155067372223,1.7333421735779575,1.719664423266018,1.6675998448527993,1.7827456053128246,0.23493032329972083,0.5046149190974627,0.6261693500620602,0.6903714728118895,0.709877818482025,0.6971026927138722,0.7103752231294678,0.7688152307245907,0.8662924611366791,0.9207743474398753,0.9758066218242267,1.0115380878444822,1.0051287040586332,0.8223766390185734
469,0.00570317961385374,0.0004755333510176907,6.233117857016623,0.009571672400971391,1.341289752437115e-05,1.8205294419322628,1.7490924311333407,1.6860772075305221,1.6415462869164217,1.5838180692646278,1.566213982209597,1.6523535375944773,1.793540538083404,1.8033838255676364,1.735837412617175,1.7333664664718473,1.719686246597973,1.6676230276629564,1.782775380704192,0.2349418071229845,0.504625010209558,0.6261763037522757,0.6903753703634111,0.7098775126846104,0.6970970706497402,0.7103689707242188,0.7688174610175456,0.8662996433725275,0.9207816036621774,0.975816112533181,1.0115486906792588,1.005139176623003,0.8223766390185734
470,0.005909212634320652,0.00047552736460174664,5.601039425004274,0.009418390433752317,1.2652196972083123e-05,1.8205594570154369,1.749115424391179,1.6860941645338465,1.6415616335789438,1.5838314414451213,1.5662271869735467,1.652374867279914,1.7935764198174173,1.803413692944489,1.7358579581931053,1.7333895327328341,1.7197063293289727,1.6676442421083504,1.7828026717789098,0.23495261393227398,0.5046345128755658,0.6261828434961936,0.6903790446691954,0.7098772213032986,0.6970917623245892,0.7103629772565919,0.7688193887535657,0.8663063424481564,0.9207883606625115,0.9758249653376511,1.0115585577682884,1.0051488200558716,0.8223766390185734
471,0.005520794565429645,0.00047551875074414764,5.89890503231436,0.009434128452780844,1.1915273433464058e-05,1.8205877096930103,1.7491369802326389,1.686110000935888,1.6415758369937754,1.5838439617015247,1.566239656096718,1.652394339987989,1.7936083462030978,1.8034405480688378,1.7358763814658673,1.73341031103235,1.7197241333182232,1.667663054144343,1.7828283648789898,0.23496277551452452,0.5046434128632847,0.6261889331585535,0.6903823821769104,0.70987681217145,0.6970866669041677,0.7103570698414581,0.7688202330691275,0.8663116011736371,0.9207937331771234,0.9758321610996828,1.0115669004619614,1.0051572375000484,0.8223766390185734
472,0.0061383636406514425,0.0004755128214727109,5.711478003300726,0.010269567260326995,1.1202162825127701e-05,1.8206143902889447,1.7491573906216842,1.6861250277849513,1.6415893101273702,1.5838555844878368,1.5662509367545299,1.652413050925576,1.7936410510959473,1.8034673598438893,1.735895057257886,1.7334324535924543,1.719742639466272,1.6676809827057144,1.7828527456439724,0.2349723940212293,0.5046518635397435,0.6261947374114958,0.6903855874718324,0.7098764018254072,0.6970816434628807,0.7103513678484626,0.7688219665417426,0.8663175657232414,0.9207996750142775,0.975840054047347,1.0115755235899313,1.005165470703631,0.8223766390185734
473,0.006015017747456034,0.00047550634300390127,6.09798799129203,0.009804015391137361,1.051289990307883e-05,1.8206394419035814,1.7491766052680782,1.6861391928484954,1.6416019713355585,1.5838665881331355,1.5662616634135489,1.6524303132508396,1.793670954838231,1.8034919822433362,1.73591228534872,1.73345157322295,1.719759483912788,1.6676976130060914,1.7828756231195362,0.2349814372646229,0.5046598335349288,0.6262002327297986,0.6903886281255829,0.7098760413228313,0.6970769479337185,0.7103458922376401,0.7688231435808366,0.8663227790676996,0.9208050290269386,0.9758471206993526,1.0115835313866615,1.0051731205194776,0.8223766390185734
474,0.0053774146242497895,0.00047550150885539844,5.662986144889146,0.009249579766181123,9.84751826102004e-06,1.8206627883744642,1.7491945308625727,1.6861523428768792,1.6416137205693437,1.583876555358329,1.5662712530556853,1.6524465480550277,1.7936993817008908,1.803516152239689,1.7359289446667316,1.7334707526348898,1.71977636236785,1.6677138899378638,1.7828972155920706,0.2349898661228613,0.5046672547581986,0.6262053057586585,0.6903913828404945,0.7098755289120551,0.6970722745157555,0.7103405910129704,0.7688245027415039,0.8663283555802719,0.9208106943191607,0.9758545897212075,1.0115917544382955,1.005180761504798,0.8223766390185734
475,0.006310322547430358,0.00047549799656986734,6.229133538901806,0.01000625942309035,9.206050328713734e-06,1.8206846586796217,1.749211365921093,1.6861647833660536,1.6416249057962309,1.5838861607928467,1.5662805972101093,1.6524619857319252,1.793725685928261,1.8035387447999809,1.7359447225920308,1.7334891636695127,1.719791888135498,1.6677291095138196,1.782917611057613,0.23499777799048535,0.5046742519103867,0.6262101532185019,0.6903941188329487,0.7098752942602111,0.6970682357951551,0.7103359927912747,0.7688260211577357,0.8663337605165174,0.9208161718254907,0.9758617864005721,1.0115995329120988,1.0051879900001999,0.8223766390185734
476,0.006529742052718558,0.0004754929643328103,6.128853789996356,0.010504597704919016,8.588527370402093e-06,1.8207051863265704,1.749227275278202,1.6861766426345624,1.6416355428586018,1.5838953315526647,1.5662894805861132,1.6524761847947709,1.7937491555011797,1.8035590769973617,1.735959251614399,1.733507102611364,1.7198059380037054,1.6677431030505419,1.7829367936647205,0.23500522235312477,0.5046808901266383,0.6262148270325567,0.6903968238171284,0.7098752004113476,0.6970645033231236,0.7103315299112409,0.768826743913934,0.8663381221541427,0.9208208107073511,0.9758680853662148,1.0116064576923458,1.0051945663108652,0.8223766390185734
477,0.005498102634043248,0.0004754893729464438,5.727895164396614,0.009592293950129732,7.99497948328276e-06,1.8207242906599197,1.749242014231317,1.6861875588163129,1.6416453134473843,1.583903708717957,1.5662975558973757,1.6524894623271167,1.7937719141538921,1.8035783897834632,1.7359729382844582,1.7335238336255818,1.7198192360963542,1.6677561690062521,1.782954785366441,0.2350121394257863,0.5046870275475891,0.6262191107448848,0.6903992633103343,0.7098750348783456,0.6970609729094053,0.7103274315771977,0.768827884703114,0.866342592590109,0.9208254473692713,0.9758743338628683,1.0116131754838733,1.0052007892673571,0.8223766390185734
478,0.005859572558528352,0.0004754840700005034,5.515734836924821,0.009775635524647825,7.4254355960425414e-06,1.8207420516002528,1.7492557108220788,1.6861977081888821,1.6416543057136566,1.5839114859516639,1.5663051069679872,1.6525014489967818,1.7937919382473664,1.8035955015328684,1.7359852585483206,1.733538958528633,1.719830879452185,1.6677676191669586,1.7829713463493502,0.23501857056787645,0.5046927338183395,0.6262230950301791,0.6904014950119831,0.709874813627686,0.6970576110094018,0.710323409963952,0.7688282549218268,0.8663460343962001,0.9208291784929858,0.9758794947036726,1.0116188729732738,1.0052061772182248,0.8223766390185734
479,0.005878496153453016,0.00047547820286167444,5.524850599002093,0.00962070309619908,6.879923467446885e-06,1.8207584934162973,1.7492683987243587,1.6862070900641972,1.6416625712017754,1.5839186900113311,1.5663121647516962,1.6525123075905754,1.793809742882879,1.8036109882634217,1.7359964117458013,1.7335518464907256,1.7198411745003166,1.6677779528372,1.7829866971416997,0.2350245254188798,0.504698017535404,0.6262267727589076,0.6904035212368164,0.7098745503650276,0.6970544504923742,0.7103195648706243,0.7688281948415041,0.866348880330611,0.9208323771985686,0.9758839233224775,1.0116239759252756,1.005211046055575,0.8223766390185734
480,0.005449351042898901,0.0004754735071754126,5.63454607129097,0.009445900290061465,6.358469684987329e-06,1.8207736768640024,1.7492800432936662,1.6862156521108531,1.6416701203011743,1.5839252594900086,1.5663185689902535,1.6525223815271715,1.793826879824001,1.803625818367542,1.736006819665769,1.7335633032049953,1.7198509165153382,1.667787607408769,1.7830008533991,0.2350300121359427,0.5047028504053953,0.6262300959683448,0.6904053070100802,0.7098742155462102,0.6970514419285085,0.7103159790370706,0.7688284395331294,0.8663518677598719,0.9208355603966585,0.9758882794965419,1.0116288440591672,1.0052156098298433,0.8223766390185734
481,0.005933735400374075,0.0004754678521393421,7.025039731990546,0.009318555226417143,5.86109966358566e-06,1.820787595282127,1.7492907952851295,1.6862235819297569,1.6416770593872148,1.583931348948163,1.5663245341144476,1.6525313961631078,1.7938418034841088,1.8036387711017576,1.7360160642541542,1.7335732874651295,1.719859313581582,1.6677960820210667,1.7830139113384313,0.23503505221324453,0.5047073194238015,0.6262331907988228,0.6904069751875679,0.7098739255550419,0.6970486857692535,0.7103125794838064,0.7688281896114423,0.8663540808328615,0.920838050743445,0.9758917806185414,1.0116329572628548,1.0052195885373698,0.8223766390185734
482,0.005558032429108937,0.000475461968475134,5.51131243724376,0.009075317385278553,5.387837644354875e-06,1.8208003459023627,1.7493005989247419,1.686230799482694,1.6416833664352568,1.5839369812262487,1.5663301328145276,1.652539601341486,1.7938548696108096,1.8036502163928387,1.7360242381904716,1.733582464203927,1.7198665308130836,1.6678037295070052,1.7830257581616205,0.23503965552730346,0.5047113790371632,0.6262359850985617,0.6904084543422163,0.7098736290903284,0.6970461801684207,0.710309473485189,0.7688277149715967,0.866355809308644,0.9208400593371892,0.9758946978913839,1.011636491190308,1.0052231341811158,0.8223766390185734
483,0.0060031610142025245,0.0004754569023766997,5.58137465082109,0.009559666581046088,4.938706693418357e-06,1.8208120213089851,1.7493095995777057,1.6862374632473773,1.6416892435019566,1.5839422915517862,1.5663354555201332,1.6525472378927022,1.793866687448264,1.8036607513584488,1.7360316322033391,1.733590340891433,1.7198732684383222,1.667811150676544,1.783036578713972,0.2350438712293704,0.5047151061678022,0.6262385693560295,0.6904098630780227,0.7098734581649967,0.6970440396704843,0.710306806860911,0.7688273727821407,0.8663574534606994,0.9208419183949083,0.9758973017013814,1.0116396955490365,1.0052264593579057,0.8223766390185734
484,0.0061712024228621,0.00047545358947249006,6.161465610843152,0.00978095774033725,4.513728700784797e-06,1.820822702644872,1.7493178485103786,1.6862435913953766,1.6416946956906602,1.5839472121772802,1.5663403339643416,1.6525544056520944,1.7938784098469847,1.803670995388934,1.7360386210984948,1.733596821444128,1.719879616205611,1.6678182147742524,1.783046591726966,0.23504772700071266,0.5047185210737213,0.6262409502989821,0.6904111943879202,0.7098733723490293,0.6970421586207992,0.7103044946968818,0.7688275466133707,0.8663594222674139,0.920843946064879,0.9759000332088185,1.0116429607941777,1.0052296893499468,0.8223766390185734
485,0.006759640523825888,0.0004754513932990399,6.492525614798069,0.01042562191396023,4.112924379282113e-06,1.820832506862172,1.749325432451105,1.6862492669072149,1.6416997825373214,1.5839518537477306,1.5663449885965752,1.6525611844947374,1.7938892392846668,1.8036804184368558,1.7360451179624492,1.7336029492223177,1.7198853883068472,1.6678246410822852,1.7830558513886878,0.23505126846384808,0.5047216688549183,0.6262431758291659,0.6904124920061129,0.7098734244400247,0.6970406249263024,0.7103026189958859,0.7688279914938825,0.8663614290399853,0.9208459567789107,0.9759026934459001,1.0116460198355266,1.0052326634913653,0.8223766390185734
486,0.005930570518383346,0.00047544869852296533,6.220207228325307,0.010004412912362459,3.7363132635474917e-06,1.820841455091176,1.7493323292034761,1.6862544061650773,1.6417043511625509,1.5839560595764741,1.5663492370052372,1.6525672482601523,1.7938987696239141,1.8036886204640528,1.7360508700332773,1.7336084782447512,1.7198903055393602,1.6678302722625087,1.7830642427886108,0.2350544996613607,0.5047245321670109,0.6262451905968758,0.6904136431984499,0.7098734330750756,0.6970391980151239,0.7103008563040161,0.7688281886089375,0.8663629860145899,0.9208475634540975,0.9759048776505785,1.011648584870453,1.0052352335203476,0.8223766390185734
487,0.006210873062137405,0.0004754471010534469,5.550451899878681,0.009643208729950031,3.3839137090753232e-06,1.820849547945498,1.7493385694877917,1.686259083531802,1.6417085866362637,1.5839599835663982,1.5663531724952064,1.6525729308090973,1.7939079688334905,1.803696206467032,1.7360560787805068,1.7336138365654923,1.7198948420092757,1.6678354640827253,1.7830718278362419,0.23505742151267084,0.5047271244822398,0.6262470308914865,0.6904147413407962,0.7098735502202249,0.6970380547960705,0.710299459291526,0.7688287301451618,0.8663646211713261,0.9208491452908454,0.9759070000058292,1.0116509757855157,1.005237610688168,0.8223766390185734
488,0.005647288963191265,0.0004754449383458046,5.825849757064134,0.00956142676698153,3.055742891322818e-06,1.8208568558545564,1.7493441931655513,1.686263285092911,1.641712353857645,1.5839634688814388,1.5663566687214632,1.6525779211096996,1.793915974254868,1.8037029240620153,1.7360607123348735,1.7336185072638288,1.719898849752187,1.6678399692999615,1.7830786119985724,0.23506005703188296,0.5047294566332992,0.6262486753750327,0.6904156916680385,0.7098735806750016,0.6970369148602955,0.7102980419185917,0.7688289566522591,0.8663658964503276,0.9208504168218709,0.9759087442284916,1.0116530120580791,1.0052396590460764,0.8223766390185734
489,0.006606044349698245,0.00047544339472602393,5.536835671868175,0.010495867023639055,2.751816804872567e-06,1.8208634774199712,1.7493493136148748,1.6862671356426262,1.6417158237044562,1.583966673050342,1.566359845196004,1.652582600451201,1.7939236765793187,1.8037092257711493,1.7360649969327955,1.7336232937797098,1.7199026480536326,1.667844137752573,1.7830847742616927,0.23506244880087473,0.5047315847792332,0.626250193409897,0.6904165943316898,0.7098736600730597,0.6970359238621695,0.710296826478501,0.7688293536000452,0.8663671956643603,0.9208516564022642,0.9759104482458794,1.0116548990195071,1.0052415571309294,0.8223766390185734
490,0.006007276765190232,0.00047544161986696153,5.574358542915434,0.00988365986135935,2.472150262653337e-06,1.8208694237778267,1.749353940255785,1.6862706199940536,1.6417189506562508,1.5839695279212893,1.5663626484730742,1.6525866854217228,1.7939303439064587,1.8037148406251717,1.7360688165645426,1.7336275962559036,1.7199060784610454,1.6678479873070333,1.7830902969650206,0.235064600678665,0.5047335097082295,0.626251570957222,0.690417410793547,0.7098737123832877,0.6970349777759631,0.7102956285808477,0.7688295214056522,0.8663682586145791,0.9208527230142348,0.975911934743942,1.0116566135121658,1.0052433059930834,0.8223766390185734
491,0.00557912388577647,0.00047544008389945725,5.972981591243297,0.0092265738840935,2.216756895217758e-06,1.820874733118321,1.749358060731828,1.68627371154933,1.6417217223114178,1.5839720619604507,1.566365134326977,1.6525903309042556,1.793936331461725,1.8037199129717054,1.736072247413362,1.7336316515166776,1.7199091101647215,1.6678513964522501,1.783095226645931,0.23506651988930494,0.5047352208832835,0.6262527882382347,0.6904181240463728,0.7098737435944471,0.6970341208707672,0.7102945550163935,0.7688297015049382,0.8663692392825254,0.9208536755017178,0.9759132988103274,1.0116581564007945,1.005244864348025,0.8223766390185734
492,0.005376230986459602,0.0004754382832166471,6.489899279084057,0.00888740532306442,1.9856491500783564e-06,1.8208794576268894,1.7493617162863093,1.6862764340844105,1.6417241331833914,1.583974288256672,1.5663673659834725,1.6525935103189613,1.7939413613846318,1.803724232330601,1.7360752220541231,1.7336349921312368,1.719911683683078,1.6678542393113511,1.7830996412324926,0.23506822552580423,0.5047367349067305,0.6262538525942755,0.6904187234833631,0.7098737272053612,0.6970333283952168,0.710293564187895,0.7688297150349874,0.8663699611331761,0.9208544034095342,0.975914343866183,1.011659396906282,1.0052461432042328,0.8223766390185734
493,0.0063370142767674624,0.00047543708060904423,6.265581738669425,0.00995001449198046,1.7788382911004798e-06,1.8208836999878497,1.7493649977375203,1.6862788916877511,1.6417263342316688,1.583976332002247,1.566369413605917,1.6525964758741194,1.79394613939538,1.8037282003334287,1.736077922733164,1.7336381618059769,1.719914047585388,1.667856940742593,1.7831036201695825,0.2350697582720133,0.5047380967578009,0.6262548180833947,0.6904192867858836,0.7098737584934142,0.6970326804692055,0.7102927729567216,0.7688299027931111,0.8663707234300266,0.9208551321872495,0.9759153676736468,1.0116605492473334,1.00524733719378,0.8223766390185734
494,0.006456296638168345,0.0004754355955364504,6.195435868576169,0.010198661127112442,1.5963343979537295e-06,1.820887522369461,1.7493679673582538,1.6862811254689396,1.6417283204223627,1.5839781953845127,1.5663712774339131,1.6525990682802258,1.7939502214119991,1.803731597361639,1.7360802918194485,1.7336409825589592,1.719916024790966,1.6678591760371673,1.7831071903723381,0.23507114256647357,0.5047393341020349,0.626255705477706,0.6904198101131767,0.7098738018493908,0.6970321055084951,0.7102920293688564,0.7688299309370533,0.8663712517819543,0.9208556589171334,0.9759161442610933,1.0116614636237913,1.0052483120148346,0.8223766390185734
495,0.005654777193573707,0.00047543401607247197,5.495841268915683,0.009448596036377908,1.4381463656202375e-06,1.8208909617254896,1.7493706355394572,1.6862831233836768,1.6417300848037584,1.5839798578953839,1.5663729496138976,1.6526013631730903,1.7939537590555543,1.803734563755472,1.7360823313000917,1.7336434049314549,1.719917721410393,1.667861141133536,1.7831103865584759,0.2350723865776801,0.5047404432087077,0.6262564949159947,0.6904202646284846,0.7098738196280712,0.6970315690344973,0.7102913332481591,0.7688298733434883,0.8663716456963197,0.9208560607582198,0.9759167551494891,1.011662224969093,1.005249157833884,0.8223766390185734
496,0.005671644046513226,0.0004754322623001739,6.138341612182558,0.009335962531166619,1.3042819039616668e-06,1.820894072890679,1.7493730483945558,1.686284924824353,1.6417316605456298,1.5839813399235427,1.566374444769615,1.6526033846169443,1.7939568126051417,1.8037371226308887,1.736084161359262,1.7336458779010935,1.7199192031832968,1.6678628229635104,1.7831132835387395,0.2350735108949441,0.5047414440412373,0.6262572027471819,0.6904206602942101,0.7098738074958884,0.6970310449472942,0.7102906464273037,0.7688297093161164,0.8663718964460198,0.9208563508858677,0.9759172508676286,1.0116628561532404,1.0052498797234448,0.8223766390185734
497,0.006773119674217657,0.00047543081298548784,5.735134775284678,0.010647089412131931,1.1947475373430013e-06,1.820896942998421,1.7493752881695952,1.6862866137983885,1.6417331555360724,1.5839827414578134,1.5663758469093505,1.6526052637456443,1.793959630006071,1.8037395481823992,1.7360858777488446,1.733648240419653,1.7199206199053776,1.6678644263804208,1.7831159901749802,0.23507455138389946,0.5047423777780639,0.6262578748825126,0.6904210550842684,0.7098738331908742,0.6970305947046895,0.710290036589037,0.7688295889324199,0.8663721806034452,0.9208566709032545,0.9759177722819576,1.0116634967559635,1.005250584868923,0.8223766390185734
498,0.005800504615694292,0.00047542918146606584,5.536154218018055,0.00990950297776698,1.1095486043146728e-06,1.8208996123292787,1.7493773760795932,1.6862881841109594,1.6417345313100555,1.583984015939157,1.5663771168210272,1.6526069557025116,1.7939621204084948,1.803741755973721,1.7360874701639428,1.73365030185384,1.719921929199297,1.6678658924089373,1.7831185027337342,0.23507551986016195,0.504743248029503,0.6262584991536974,0.6904214124239567,0.7098738301166937,0.6970301301882357,0.7102894046205166,0.768829364440405,0.8663723642063055,0.9208569188766513,0.9759181969956513,1.0116640624052333,1.0052512218852023,0.8223766390185734
499,0.005591695700655696,0.00047542762062532896,5.799783649854362,0.00958089857893492,1.0486892573525327e-06,1.820902133889595,1.7493793441285417,1.6862896549847501,1.6417358115507144,1.5839851902511684,1.5663782870867469,1.6526085329114084,1.7939644524990783,1.803743879939402,1.7360889782380426,1.7336521898089814,1.7199231939329442,1.6678673078241282,1.7831208715220555,0.23507643377382909,0.5047440665691885,0.6262590806997695,0.6904217355499817,0.7098738036087724,0.6970296624519942,0.7102887806274694,0.7688291356424631,0.866372552139291,0.9208571700184487,0.9759186149240607,1.0116646185900884,1.005251834595093,0.8223766390185734
500,0.005739002151502088,0.00047542624387519395,5.456054463982582,0.009846925669290048,1.012172462655324e-06,1.8209045731847961,1.7493812423540043,1.6862910645231548,1.6417370386688352,1.5839863029642445,1.566379392309982,1.6526100762504763,1.7939668099159083,1.8037460087854837,1.736090473593352,1.7336539187201017,1.7199244846425095,1.667868742273554,1.7831231457422676,0.23507731687163183,0.5047448541357481,0.6262596341636794,0.6904220363463127,0.7098737615643932,0.6970291912308524,0.7102881732325672,0.7688289634835457,0.8663727942806178,0.9208574636940327,0.9759190722705087,1.011665205076931,1.005252465704319,0.8223766390185734
