iteration,training_loss,validation_loss,iter_time,raw_grad_norm,lr,t0,t1,t2,t3,t4
0,0.08754429933053305,0.033575127045157575,0.2530052070505917,,,1.2426494076450263,1.2426494076450263,1.2426494076450263,1.2426494076450263,1.2426494076450263
1,0.08940523415167988,0.03357504535091414,0.3086188263259828,0.05909330656013722,9.999999999999972e-07,1.2426516371300536,1.2426516371296252,1.24265163712896,1.2426516371276692,1.242651637123852
2,0.08768005001351153,0.03357480200868021,0.6171476519666612,0.05868044545778614,2.980000000000002e-06,1.2426582800868116,1.2426582792744216,1.2426582779298856,1.24265827689267,1.2426582761157476
3,0.08951504251028389,0.03357439680521937,0.004476522095501423,0.059434869846359824,4.960000000000007e-06,1.242669340978559,1.242669339474373,1.2426693359909968,1.242669333645608,1.242669332105474
4,0.09029381615394627,0.033573829612419614,0.004216810222715139,0.05879224463700186,6.939999999999998e-06,1.2426848096299654,1.2426848186943258,1.2426848186428157,1.2426848177208445,1.2426848170569398
5,0.08948316695508324,0.03357310082916298,0.004065920133143663,0.05912594230663116,8.919999999999989e-06,1.242704697956128,1.2427047052780484,1.2427047083926468,1.2427047101419928,1.2427047117398593
6,0.08860753358785921,0.033572210031617845,0.003906348254531622,0.05923392196017604,1.0899999999999994e-05,1.2427290029238947,1.242729015209034,1.2427290232126662,1.2427290273421976,1.2427290301004912
7,0.09032604941647591,0.033571156769996925,0.003911467734724283,0.06031971903985517,1.2879999999999999e-05,1.2427577547473418,1.242757759439068,1.242757769968624,1.2427577758267871,1.2427577795272116
8,0.08846630951831545,0.03356994246085711,0.004431791603565216,0.058625662455504636,1.4860000000000003e-05,1.2427909034054618,1.2427908952674986,1.2427909122373755,1.2427909239938792,1.2427909320952706
9,0.08244150439224068,0.03356856995868591,0.00449448311701417,0.05717018909841389,1.6840000000000008e-05,1.24282840287257,1.2428283746152395,1.242828376046487,1.2428283716519344,1.2428283638705877
10,0.08625487752372434,0.03356703705459424,0.004231269937008619,0.05847798524295581,1.8819999999999986e-05,1.24287030866632,1.2428702421059814,1.24287021627725,1.2428701877417045,1.2428701580327846
11,0.08762154577356729,0.03356534268451054,0.003258713986724615,0.05827395625386451,2.079999999999999e-05,1.2429165993450073,1.242916519134073,1.2429164748480954,1.2429164256290073,1.2429163754547663
12,0.08948898969100404,0.03356348524713985,0.003493465017527342,0.059989827732474375,2.2779999999999995e-05,1.2429673730705697,1.242967253676747,1.2429671824817672,1.2429671075484066,1.242967033735332
13,0.0904949665869629,0.03356146510969065,0.003841416910290718,0.05931258326312609,2.476e-05,1.243022586288268,1.2430224153515845,1.243022332309388,1.2430222463988436,1.2430221614696455
14,0.09178250655517933,0.03355928080398933,0.004147740080952644,0.05945602878294283,2.6740000000000005e-05,1.2430822309335827,1.2430820511720198,1.24308198028934,1.243081899807608,1.2430818176269824
15,0.08662054176591186,0.03355693558523303,0.0047612437047064304,0.057802337333419655,2.8719999999999996e-05,1.2431461895024518,1.2431460778273031,1.2431460521396624,1.243145991714905,1.243145918018621
16,0.08530402827523781,0.03355443375692227,0.003936578053981066,0.05701561553020073,3.07e-05,1.2432144263458795,1.243214418495039,1.2432144175173852,1.2432143573357493,1.2432142766898324
17,0.09294474632714524,0.03355176350488446,0.0045002116821706295,0.060797100262272884,3.2680000000000006e-05,1.2432872305422897,1.2432873561827906,1.2432873975069563,1.2432873506250066,1.2432872739503618
18,0.08454855603945884,0.0335489413411026,0.003667956218123436,0.05671645185995967,3.466000000000001e-05,1.243364303289119,1.2433644598285087,1.2433645077107691,1.2433644560320438,1.2433643724793983
19,0.09321987739527347,0.03354594935675566,0.004814344923943281,0.06100888362854461,3.664e-05,1.2434459902641883,1.2434461934027394,1.243446270448737,1.2434462319453365,1.2434461550331586
20,0.09438026550856154,0.033542783936412704,0.004315739963203669,0.06147006184035221,3.8620000000000006e-05,1.2435322934775328,1.2435326486384397,1.2435328152572416,1.2435328215062968,1.2435327700059922
21,0.08874984845062406,0.03353945819627618,0.004050449002534151,0.05932507070622619,4.0600000000000004e-05,1.2436230369987213,1.2436235198491339,1.243623747180576,1.2436237765836042,1.2436237341226206
22,0.09180355038598842,0.03353596452173755,0.004800364840775728,0.060413430021716265,4.2579999999999996e-05,1.2437183029996735,1.2437189764331054,1.2437193001256406,1.243719373169794,1.2437193537833966
23,0.08991301461491648,0.03353231020838828,0.007534883916378021,0.05885724412938119,4.4559999999999993e-05,1.2438179201999635,1.24381883060616,1.2438192686983214,1.2438193989689612,1.2438194148173232
24,0.09017196847291108,0.03352849550919415,0.004605142865329981,0.05953746105420183,4.654e-05,1.243922007060917,1.243923080757949,1.2439236207881041,1.2439238009393105,1.2439238458902984
25,0.08759556467814816,0.03352452715743136,0.0038577979430556297,0.057846396251054095,4.8519999999999996e-05,1.244030331061213,1.244031583738016,1.2440322001745259,1.2440324017938889,1.2440324490819061
26,0.09076599627443462,0.03352039221625548,0.004064759239554405,0.0603996243283956,5.05e-05,1.2441432405365043,1.2441446534879606,1.2441453462499739,1.2441455758898705,1.2441456322291893
27,0.0879805497954384,0.0335160982307701,0.004163660109043121,0.05891450512251534,5.2480000000000006e-05,1.244260509411024,1.244262134221024,1.2442628755964882,1.2442631077461586,1.244263154924016
28,0.09432883523200697,0.03351162970695846,0.004318671301007271,0.06147786116913986,5.4460000000000004e-05,1.2443824987987222,1.244384373910861,1.2443852063857903,1.2443854801111642,1.2443855521148899
29,0.08737556363209607,0.033507009911347994,0.004478772170841694,0.057882585442864815,5.644000000000001e-05,1.2445086786564612,1.2445107838017209,1.244511693591048,1.2445120011786066,1.2445120932306406
30,0.09061831788444652,0.03350222924833276,0.0055916802957654,0.05897845846194704,5.842e-05,1.2446392047710289,1.2446416238762092,1.2446426314677979,1.244642979753933,1.2446430980614689
31,0.08916742942268915,0.03349728780382058,0.004024769179522991,0.059713813829558926,6.04e-05,1.2447742518419644,1.2447768961160057,1.244777970291937,1.2447783480693344,1.2447784880816197
32,0.0885731838963542,0.033492188715984576,0.004325421992689371,0.059810758843951144,6.238000000000001e-05,1.2449138637814108,1.244916543245065,1.2449176054015016,1.2449179641256805,1.2449180900560544
33,0.08463251217511186,0.03348694349747152,0.004009629134088755,0.057655440018423626,6.436e-05,1.2450576080432763,1.2450603207932351,1.2450612757204278,1.2450615352731316,1.2450615811881856
34,0.08992300314413462,0.03348153786888956,0.003736657090485096,0.05929100727068265,6.634e-05,1.2452058055496449,1.245208516390377,1.2452093599990746,1.2452095239002579,1.245209497485395
35,0.08950862095613814,0.03347597380952211,0.004193610046058893,0.05921589142529233,6.832000000000001e-05,1.2453584524818735,1.2453610947810245,1.2453617990688204,1.2453618539403475,1.2453617501449779
36,0.08773830666717286,0.03347025327929931,0.0037299469113349915,0.058786904255717816,7.03e-05,1.2455154432236895,1.245518036566084,1.245518562656817,1.245518483884222,1.2455182869041763
37,0.08512104250165614,0.03346438367379246,0.004272181075066328,0.057548091828241554,7.228e-05,1.245676509650398,1.2456791431896226,1.2456794823637536,1.2456792436356796,1.245678922141856
38,0.08694176478128596,0.033458357615634954,0.004850274883210659,0.05833484509507315,7.426e-05,1.2458418516506196,1.2458445651978267,1.2458447532136343,1.2458443630491691,1.245843911624655
39,0.08691275858733388,0.03345217950407078,0.004185831174254417,0.058106745446104155,7.624e-05,1.246011474501176,1.2460141447672886,1.2460142082028776,1.246013691341239,1.2460131270309
40,0.08189066968007647,0.03344586453539349,0.004216230008751154,0.056533114217686926,7.822e-05,1.2461850209324015,1.2461876180823672,1.2461874681626812,1.2461867359928323,1.2461859747895807
41,0.08838879074422948,0.03343938870591656,0.004720443859696388,0.05897710990304341,8.020000000000001e-05,1.246363100054698,1.2463655840476333,1.2463651704924388,1.2463641975044,1.246363229382473
42,0.086003928837881,0.033432764849034804,0.0045483727008104324,0.05691773270934452,8.218e-05,1.246545169513515,1.2465476056218092,1.246547006248856,1.2465458416347255,1.2465446987887718
43,0.08644164194688504,0.033425989666841134,0.004097219556570053,0.05791858866618546,8.416000000000001e-05,1.2467315528104783,1.246733908526868,1.2467330323363932,1.2467316170269194,1.2467302615999174
44,0.08726104699510343,0.03341905780533272,0.003558955155313015,0.05832655107873301,8.614e-05,1.246922380187872,1.2469245331501058,1.2469233869642347,1.2469217299273698,1.2469201656331008
45,0.09667491387724411,0.03341191852318182,0.00436225114390254,0.06224414296744185,8.812e-05,1.2471185317171105,1.2471208138959577,1.247119576832019,1.2471178013411437,1.2471161253633622
46,0.0921702171364272,0.03340460983196782,0.004180520307272673,0.05990025552978283,9.010000000000001e-05,1.2473194382534967,1.2473217650603123,1.2473204431862035,1.2473185869092254,1.247316840845232
47,0.08621633200949896,0.03339715393846,0.004180591087788343,0.05763441341279962,9.208000000000001e-05,1.2475244094619564,1.247526870813228,1.2475254538784997,1.247523481965999,1.2475216264227942
48,0.09015196408633547,0.033389533880777866,0.003942398354411125,0.05985393804464276,9.406e-05,1.2477342006365293,1.2477365297413947,1.2477349572871301,1.2477328688027602,1.2477309210290413
49,0.09208324028204347,0.03338173605011968,0.004083398729562759,0.05992317734210987,9.604e-05,1.2479486642861268,1.247951066666356,1.2479494686824557,1.2479473536654397,1.2479453859444187
50,0.08829852085565086,0.03337378150725652,0.004423671867698431,0.059457438518474785,9.802e-05,1.248167758520548,1.2481701015606719,1.2481683360002847,1.2481660790022138,1.2481640006396455
51,0.08866906317413933,0.03336566996287853,0.004603372886776924,0.059303393329699396,0.0001,1.2483914355650327,1.2483935146596878,1.2483915386195303,1.248389131990148,1.2483869446733982
52,0.08699068064958687,0.03335757263588022,0.003909647930413485,0.05796779655946682,9.999879371991704e-05,1.2486147814430284,1.248616637879072,1.2486144424989736,1.2486118672168267,1.2486095466052363
53,0.08811720458199024,0.03334948948250554,0.004773424006998539,0.058432293884848,9.999517493846056e-05,1.2488380595978372,1.2488394213929157,1.248836956519056,1.2488341989424983,1.248831746415773
54,0.09056701496804513,0.03334140050221588,0.005186417140066624,0.05935579552160952,9.998914383200487e-05,1.2490614680012435,1.249062399578859,1.249059720223604,1.249056822753208,1.2490542741729196
55,0.08394821867699245,0.033333341761212505,0.004555782303214073,0.05617042850486193,9.998070069449754e-05,1.2492839773468067,1.2492846054141058,1.2492817774857714,1.2492787545838488,1.249276097788822
56,0.091445999927885,0.03332526449441456,0.004785674158483744,0.06091886906545312,9.996984593744525e-05,1.2495072418359663,1.2495074340489882,1.2495043739446052,1.249501187885282,1.249498408802476
57,0.0859395348657779,0.03331720236272305,0.005267348140478134,0.05722016981860488,9.99565800898935e-05,1.2497298914249717,1.2497299553566952,1.2497267189145416,1.249723373209304,1.2497204600326468
58,0.08818602548305003,0.033309146699945044,0.00401459913700819,0.05862988976081158,9.994090379840098e-05,1.249952554221294,1.2499523259126761,1.2499489196495648,1.2499454301931867,1.2499423930544797
59,0.08685686041989825,0.033301103415206035,0.004214690066874027,0.05738995732515887,9.992281782700807e-05,1.250174735908062,1.250174400637894,1.2501709111543946,1.2501673177416,1.2501641753808248
60,0.08362579952400781,0.03329308269795256,0.003990578930824995,0.05763527889691825,9.990232305719945e-05,1.250396693295784,1.2503960023998026,1.2503922974175754,1.250388504738137,1.250385173883474
61,0.0886717430567821,0.03328505543504543,0.003814367111772299,0.059569011812713825,9.98794204878613e-05,1.2506190203767764,1.2506178632262483,1.2506139023938512,1.2506099010334315,1.2506063775876817
62,0.09065005316822099,0.033277010070433904,0.004066410008817911,0.05984475227298196,9.985411123523256e-05,1.2508416511237141,1.2508402716679718,1.2508361476387817,1.2508319873011164,1.2508283077965918
63,0.08889081520875103,0.03326896539561745,0.004520133137702942,0.058301005045478485,9.982639653285048e-05,1.2510640431294062,1.2510626776503684,1.2510585135519328,1.2510542668563351,1.2510504839734744
64,0.08643350925173765,0.03326093646835685,0.004205009900033474,0.05749938398632311,9.979627773149053e-05,1.2512859976466695,1.251284750998289,1.2512805405631704,1.2512762035490022,1.2512723170732387
65,0.09033898114781148,0.033252898732499155,0.004508202895522118,0.059920303680053896,9.976375629910064e-05,1.2515083892824546,1.251507138278761,1.2515028478370023,1.251498411578324,1.2514944253808216
66,0.08511901328288843,0.03324488874244382,0.004001709166914225,0.0574137909310479,9.972883382072952e-05,1.251730417427142,1.2517288416145316,1.251724383807107,1.251719796636871,1.2517156707713641
67,0.08517004429508868,0.033236896993262245,0.0036420258693397045,0.05772830478841751,9.969151199844953e-05,1.2519521502471,1.251950216837233,1.251945477962196,1.2519406567749687,1.2519363304829023
68,0.09619362862327999,0.03322886482689738,0.004125069826841354,0.06149538003240299,9.965179265127358e-05,1.252174733866111,1.2521726240896425,1.252167785822179,1.2521629011590656,1.2521585290941917
69,0.07975081954418413,0.033220896880126076,0.004565482959151268,0.05474395165553683,9.960967771506666e-05,1.2523960325257952,1.2523934695766292,1.2523883338458144,1.2523832257597134,1.2523786738387666
70,0.09391159289622329,0.03321289996877877,0.004153269808739424,0.0603787881036251,9.956516924245131e-05,1.2526178390728422,1.252615070183311,1.252609801527393,1.2526046106095683,1.2526000109152198
71,0.0892282736123371,0.033204900152006944,0.004846245050430298,0.059867132312671455,9.951826940270775e-05,1.252840072219775,1.2528368274079782,1.2528313440194878,1.2528260421655575,1.2528213849507914
72,0.0918862695955972,0.033196889152923056,0.00425758957862854,0.06004750601031716,9.946898048166793e-05,1.2530626535073361,1.253058937324266,1.2530532701211858,1.253047882167916,1.2530431951688463
73,0.08459349772984319,0.033188909404967555,0.004613683093339205,0.05629147050461597,9.941730488160438e-05,1.253284252994514,1.2532802579639832,1.2532744788603596,1.2532690108876752,1.253264266749813
74,0.08990492689755077,0.03318092210043143,0.003814097959548235,0.05977399254719992,9.936324512111292e-05,1.2535061509795653,1.2535018901593564,1.2534959746800671,1.253490404971908,1.253485591063746
75,0.09196919990247054,0.03317292177519248,0.00400213897228241,0.059646747323164655,9.930680383499e-05,1.2537281864995327,1.2537238721851403,1.2537179625107466,1.2537123836035677,1.253707572142717
76,0.08737218541622407,0.033164927037035836,0.004551991820335388,0.05871049926494778,9.92479837741043e-05,1.253950041546232,1.2539458465796833,1.2539399222427432,1.2539342933906674,1.2539294424687244
77,0.09365148125434339,0.03315690987094767,0.00661116698756814,0.060547550794886884,9.918678780526262e-05,1.25417229615801,1.2541683814477753,1.2541626067361829,1.2541570668514026,1.2541522978467121
78,0.09019064924281171,0.033148898152977654,0.004467681981623173,0.05945164308650305,9.91232189110701e-05,1.2543946426300634,1.2543907910476424,1.2543851519601708,1.2543797176784035,1.2543750502473892
79,0.09230910928454236,0.03314088056465661,0.004106288775801659,0.0595841757432196,9.905728018978499e-05,1.254616980845023,1.2546133827248536,1.2546079739674838,1.2546027217956208,1.2545982235811433
80,0.0852300583450594,0.03313290156066178,0.004281581379473209,0.057192063259569936,9.898897485516753e-05,1.2548386356339605,1.2548350645949184,1.2548297510488469,1.2548245738225512,1.2548201548619025
81,0.08912244486142454,0.033124919715829315,0.004311360884457827,0.06082936875220796,9.891830623632339e-05,1.2550609004345323,1.25505701280258,1.2550515899487769,1.2550463575293358,1.2550419200659495
82,0.09061491298838352,0.03311693988052512,0.0038994979113340378,0.059755019384105934,9.884527777754132e-05,1.25528326052442,1.2552789700777858,1.2552734143206044,1.255268132330011,1.2552636892383062
83,0.08593693164395592,0.033108989393059084,0.005234688054770231,0.056991232323753534,9.876989303812539e-05,1.2555047117951654,1.255500134959189,1.2554945429488131,1.255489254431366,1.2554848205884113
84,0.08919223296186468,0.03310104760401835,0.004498391877859831,0.05798416189623892,9.869215569222144e-05,1.255725591247783,1.2557210548997408,1.2557155971900948,1.2557103986949927,1.255706034632577
85,0.0945808063690946,0.03309309030292229,0.003972059115767479,0.060938575288572036,9.861206952863805e-05,1.255947035781027,1.2559424191521031,1.255937097733494,1.255932042380572,1.255927821162134
86,0.08146552697897816,0.03308519492921474,0.004352600779384375,0.055241339751023064,9.852963845066182e-05,1.256167097215281,1.256162291074793,1.2561569378979536,1.2561518714766433,1.2561476596961716
87,0.09134247221001313,0.0330772988367122,0.004806494805961847,0.059408107071266,9.844486647586725e-05,1.256387236186764,1.2563822742314557,1.2563768700531621,1.2563717894206015,1.2563675954195717
88,0.08785004125192929,0.0330694246995907,0.004113249015063047,0.05848356804229737,9.835775773592076e-05,1.2566072204703322,1.256601789507204,1.2565961756832182,1.2565909895166858,1.2565867525193304
89,0.08849997583338913,0.033061561080444404,0.004206130281090736,0.05891801513750759,9.826831647637942e-05,1.2568271331254777,1.2568211375322669,1.2568152249743516,1.2568098875157403,1.256805583120113
90,0.08714132443638421,0.03305372405444013,0.004666983149945736,0.057156631194030666,9.817654705648409e-05,1.2570463477239717,1.2570397545674938,1.2570335896754434,1.2570281531433887,1.2570238224939256
91,0.08830978968064773,0.03304589580870514,0.004577013198286295,0.05948272542162315,9.808245394894679e-05,1.2572657789558164,1.2572582891000141,1.2572517120634366,1.2572460604391507,1.2572416103048645
92,0.08579196006808722,0.0330380878005103,0.004834244959056377,0.058176560287949944,9.798604173973285e-05,1.2574848920022677,1.2574764289443057,1.2574693247862943,1.2574633704016698,1.2574587257397654
93,0.08537646633080037,0.03303030387596525,0.004321371205151081,0.05741087445867419,9.788731512783734e-05,1.257703395934398,1.2576940407316257,1.2576863773465872,1.2576800584500873,1.2576751522115321
94,0.08263628169035771,0.03302255953235296,0.004520932678133249,0.05616622908965809,9.778627892505601e-05,1.2579209479981652,1.2579106560343105,1.257902409669403,1.2578956731490698,1.2578904363751842
95,0.08793836288291289,0.03301481356264607,0.0038893381133675575,0.05981677080391122,9.768293805575088e-05,1.2581389026349112,1.258127426576423,1.2581184889983603,1.2581112766628908,1.2581056697496815
96,0.0916432695164547,0.03300705557846492,0.004559291992336512,0.05989742220998718,9.757729755661012e-05,1.2583571251358179,1.2583445158454323,1.258334968988878,1.2583273715053742,1.2583214809353636
97,0.0905139279972759,0.0329992924391138,0.004344982095062733,0.0592896320859344,9.746936257640257e-05,1.2585753409669291,1.2585616690360728,1.2585516773725955,1.2585438272242422,1.2585377592393496
98,0.08970731306311222,0.03299153433371471,0.0042318613268435,0.05935897417116432,9.735913837572697e-05,1.2587936081432873,1.258778768107696,1.258768293443829,1.2587601611572676,1.2587538900784114
99,0.09133709038880243,0.0329837599677706,0.00432951096445322,0.06087489696183143,9.724663032675533e-05,1.2590123486579077,1.258996389358056,1.2589854591092013,1.2589770435601262,1.2589705634404091
100,0.08665657718157195,0.032976007607163044,0.004280431196093559,0.05732253454035781,9.713184391297119e-05,1.2592302181111734,1.2592134659460241,1.2592021945754108,1.2591935146710507,1.2591868109752842
101,0.08673498543016997,0.03296827805473988,0.003542694728821516,0.05745937003413497,9.701478472890248e-05,1.2594473804285367,1.2594299360718757,1.2594183864006687,1.2594094874148833,1.2594025969913285
102,0.08831083174716242,0.032960550598860994,0.004987484775483608,0.05859971821456785,9.689545847984864e-05,1.25966419467679,1.2596463601925947,1.2596346887046783,1.2596256404361665,1.2596185936356963
103,0.09295712346055716,0.03295281577953585,0.0040301489643752575,0.059270678742983016,9.677387098160271e-05,1.259880850442221,1.259863046428518,1.2598513635622193,1.2598422399643938,1.259835107204033
104,0.08974858939990848,0.03294508930692706,0.004117290023714304,0.05918730644191131,9.665002816016786e-05,1.2600974576036374,1.260079532647721,1.260067822897338,1.2600586434349645,1.2600514550309085
105,0.09118927294184603,0.03293735769728537,0.004221540875732899,0.06033854799294372,9.652393605146844e-05,1.260314369390821,1.2602961817172809,1.2602844434193718,1.260275245187398,1.2602680429148514
106,0.0944325453684666,0.03292960337741545,0.0049601150676608086,0.06128537213179552,9.639560080105599e-05,1.260531730349381,1.2605134886788283,1.260501822722831,1.2604926722314018,1.2604855133124582
107,0.08615218372682627,0.0329218859810719,0.0042225997895002365,0.05812645910197112,9.626502866380951e-05,1.2607485817141217,1.2607299396386604,1.2607181461506765,1.2607089149577797,1.2607017045751123
108,0.08991402537626161,0.03291418797254089,0.00516972690820694,0.058301824170229305,9.613222600363077e-05,1.2609648950262913,1.2609458544387357,1.2609340125753559,1.2609247365679384,1.2609174937171006
109,0.08732153327600185,0.03290651589662474,0.0043761408887803555,0.057330993336364815,9.599719929313412e-05,1.2611802932306246,1.2611611561734237,1.2611493103978908,1.2611399858041108,1.2611326927875317
110,0.08413154396119583,0.032898878301630644,0.004931895062327385,0.05709764741006887,9.585995511333086e-05,1.2613948223333913,1.2613756855729539,1.2613637483741393,1.2613542797765382,1.261346844731317
111,0.085237696265737,0.03289127610784199,0.004140129778534174,0.057787406255048156,9.572050015330874e-05,1.261608903988745,1.2615893960619573,1.2615771552141746,1.261567418593823,1.2615597591453631
112,0.08892084879838254,0.032883675441995476,0.004454282112419605,0.059568394400152165,9.557884120990577e-05,1.2618230296885764,1.2618031813004214,1.2617906071867593,1.2617805593609575,1.2617726306335266
113,0.08691354612524681,0.032876100633692604,0.003913598135113716,0.05787972148801042,9.543498518737899e-05,1.2620366599377557,1.2620162607799168,1.2620033462428684,1.2619929974663326,1.261984812895834
114,0.08718137094133288,0.03286854838126403,0.0043501220643520355,0.05760755619580065,9.528893909706797e-05,1.2622496393978453,1.2622288121239782,1.2622155456330555,1.2622048858027832,1.262196442720576
115,0.08473649549344647,0.03286102264005264,0.00398991908878088,0.05876832894503239,9.514071005705314e-05,1.2624625721212877,1.2624408102997986,1.2624269327497064,1.2624158027349646,1.2624069819699586
116,0.09014789714340635,0.03285349572563662,0.004152129869908094,0.05964869285320787,9.499030529180877e-05,1.2626755681818516,1.2626528860724258,1.2626384201527079,1.262626842193651,1.2626176663966415
117,0.08815303983944646,0.03284598411602747,0.004452131688594818,0.05886075908568682,9.483773213185094e-05,1.2628883843421537,1.2628645819903228,1.2628494776013652,1.2628374506972497,1.2628279352706264
118,0.08495311428975282,0.03283850352690739,0.005118877161294222,0.05665807618588712,9.468299801338022e-05,1.263100147186745,1.2630754835252616,1.2630598069779095,1.263047348484119,1.2630374907755963
119,0.08735132490375215,0.0328310362135591,0.004290751181542873,0.05803467658908882,9.452611047791923e-05,1.2633113845360022,1.2632861006891392,1.263269908857506,1.2632570176200864,1.263246802047107
120,0.08559154065655648,0.0328235981433464,0.005068895872682333,0.057261691162326864,9.436707717194513e-05,1.2635219419644501,1.2634959642929555,1.2634792435746973,1.2634659017901715,1.2634553037104865
121,0.08872670379296563,0.032816170752576576,0.004123189020901918,0.05798189766225076,9.420590584651689e-05,1.2637320129024288,1.2637055221074347,1.263688377686905,1.2636746752989145,1.2636637717315544
122,0.08878288580690084,0.03280874506365478,0.004546002950519323,0.05884530961321025,9.404260435689751e-05,1.263941889653001,1.2639150712378981,1.2638975768190364,1.2638835601107956,1.2638723844910884
123,0.0856125658705305,0.03280134596410268,0.0051213460974395275,0.05705933740377716,9.387718066217125e-05,1.2641509700270324,1.2641239947975966,1.2641061545275252,1.2640917847808795,1.2640802917711103
124,0.09075141201506774,0.032793958573889656,0.004715874325484037,0.05806911220143697,9.370964282485558e-05,1.2643596614838282,1.264332524446835,1.2643144543068634,1.2642998400908698,1.2642881309714264
125,0.08237680477627861,0.03278662797696346,0.004264940973371267,0.055810909197767225,9.353999901050835e-05,1.264567380556613,1.2645395893199312,1.2645210876486979,1.2645061102680182,1.2644941005197832
126,0.08722396411721091,0.03277930925171624,0.003941038157790899,0.058542431853850684,9.336825748732972e-05,1.2647749987300176,1.2647464180475174,1.2647274199314753,1.2647120303859678,1.2646996816820433
127,0.08977985032252003,0.032771988278884355,0.004387641325592995,0.05913080585911101,9.319442662575925e-05,1.2649826163113516,1.2649533007631086,1.2649338867054363,1.264918157430964,1.264905527776953
128,0.09065475056242035,0.03276467112550344,0.004460511729121208,0.059111728204507115,9.30185148980679e-05,1.2651902260328574,1.2651600844374764,1.265140265862749,1.2651242430010226,1.2651113925214823
129,0.08240529910323563,0.03275740670298909,0.009102876298129559,0.055801169281088116,9.284053087794509e-05,1.2653967910431723,1.2653654452388556,1.2653451132701974,1.2653287544125833,1.2653156584480476
130,0.08852900369194723,0.03275014740428213,0.004513871856033802,0.058742688521066365,9.266048324008087e-05,1.2656032378014572,1.2655707099863287,1.265549884800228,1.2655332046173482,1.2655198744405838
131,0.08819795604667165,0.03274289419614421,0.00515343714505434,0.05861586933453959,9.247838075974309e-05,1.265809482777413,1.2657758148894853,1.2657545565002943,1.2657376034073125,1.2657240744727127
132,0.09104381251813336,0.03273563483753816,0.004346051253378391,0.059890830995288816,9.229423231234974e-05,1.2660159305369953,1.2659811166724702,1.2659594522531041,1.2659422663710753,1.2659285798162025
133,0.08873108040779706,0.03272839031191513,0.004559843335300684,0.058405681493128414,9.210804687303638e-05,1.2662220435378753,1.266186031019518,1.2661639736686576,1.2661465762535868,1.2661327541770548
134,0.08455267118882477,0.03272118082062654,0.004388501867651939,0.05708410438627353,9.19198335162186e-05,1.2664274175204704,1.2663900562533619,1.2663675339377916,1.2663498724345827,1.266335865655494
135,0.09073541538163975,0.032713977156675705,0.004211370833218098,0.05902564088699715,9.172960141514993e-05,1.2666326849207221,1.2665939191988294,1.266570969842773,1.2665530884558385,1.2665389441322126
136,0.09177186137484071,0.03270676469987985,0.004314951132982969,0.05982352895934032,9.153735984147457e-05,1.2668379983479978,1.2667979988064364,1.266774758938354,1.2667567572859255,1.2667425507121512
137,0.08580598937796778,0.03269958225337171,0.004287200979888439,0.05689551143592699,9.134311816477561e-05,1.2670423581364965,1.267001304228703,1.266977813484877,1.2669597017098944,1.2669454285146706
138,0.08525892045347253,0.032692444128044514,0.004082349129021168,0.05609261055089885,9.114688585211836e-05,1.267245635901595,1.2672034296256707,1.2671796374931101,1.2671614016759116,1.2671470637176288
139,0.08394286222473285,0.032685343638069804,0.004953325260430574,0.05677125162477249,9.094867246758885e-05,1.2674481437047433,1.2674046419648783,1.267380420595611,1.267361970455931,1.267347494374095
140,0.08454595346849372,0.03267827233374026,0.004218659829348326,0.056980545732729315,9.074848767182787e-05,1.2676499401644445,1.267605166378075,1.2675804483933513,1.2675617205835494,1.2675470543714058
141,0.08497544920729694,0.03267122905249791,0.004287410993129015,0.05751702417124366,9.05463412215599e-05,1.2678513116736156,1.2678049730978722,1.2677796746770145,1.2677606115096183,1.2677457078313739
142,0.09090046788412681,0.03266418283886117,0.004943045787513256,0.059339843153904503,9.034224296911775e-05,1.268052758914295,1.2680048522672,1.2679790344968436,1.2679596967696134,1.2679446145261537
143,0.09096890239470895,0.032657133928335205,0.004236450884491205,0.05909532466541704,9.01362028619623e-05,1.2682540948822345,1.2682047756169503,1.2681785685914542,1.2681590502416715,1.2681438659937823
144,0.08965827849109759,0.03265009078880082,0.005345289129763842,0.0595701703839648,8.992823094219772e-05,1.2684555469285306,1.2684045792470116,1.2683779296406836,1.2683582190485687,1.2683429347945094
145,0.08487343853266495,0.0326430796707087,0.004982706159353256,0.05709877470124578,8.971833734608195e-05,1.268656194834606,1.2686036259680957,1.2685764734917229,1.2685564892331647,1.26854102351791
146,0.09331202759670315,0.032636048106007,0.004295961000025272,0.060914688966619654,8.950653230353273e-05,1.2688572270681802,1.2688032780848584,1.2687757113721694,1.2687555104751864,1.2687399119498939
147,0.08367846985893608,0.03262905486199607,0.004116889089345932,0.05709928287322815,8.929282613762908e-05,1.2690574343054035,1.269001997076515,1.2689739034428749,1.268953389328972,1.26893757222017
148,0.08957533434569145,0.03262207133504608,0.004218259826302528,0.05923378572108874,8.907722926410797e-05,1.2692575360065397,1.2692004576141187,1.2691718322193422,1.269151023290457,1.2691350102848362
149,0.08245500414761953,0.03261513234789888,0.0040974486619234085,0.05584668685722783,8.88597521908569e-05,1.2694563305558846,1.2693977993550651,1.2693686220275084,1.2693474604031874,1.2693311830230725
150,0.09737228967429667,0.03260815623062829,0.004312041215598583,0.06235492755992898,8.864040551740156e-05,1.2696559462359647,1.269596126655687,1.2695665570546608,1.2695451721638775,1.2695287445193588
151,0.09061886953598777,0.03260118417689653,0.0031396131962537766,0.05859070980485383,8.84191999343894e-05,1.2698549417115115,1.2697943749334715,1.2697645887090707,1.2697430566639938,1.2697265249820542
152,0.0848617381778845,0.032594260017094555,0.004759564064443111,0.05630609585441739,8.819614622306848e-05,1.2700527775707595,1.2699914055308215,1.269961298804945,1.2699395479841182,1.269922857897779
153,0.08387793992926612,0.03258737866822236,0.003900188021361828,0.05635488974805586,8.797125525476194e-05,1.2702495275410453,1.2701873300521125,1.2701568564317798,1.2701348322387842,1.2701179302811654
154,0.08379866122398316,0.032580533889784706,0.0040664393454790115,0.056465937582380124,8.774453799033836e-05,1.270445274358703,1.270382267070405,1.2703514451348945,1.2703291469997915,1.2703120183807102
155,0.09308973663092651,0.032573679769886454,0.004285091068595648,0.06034797755701223,8.751600547967732e-05,1.2706412903200461,1.2705774711004252,1.2705463254954428,1.2705238214453258,1.2705065454545634
156,0.08846561214322073,0.03256683870552085,0.0038701281882822514,0.058957123928311185,8.728566886113102e-05,1.2708370763088597,1.2707723809484874,1.270740884386372,1.27071814107647,1.2707006877420974
157,0.08389161555519646,0.032560049200125875,0.004987205844372511,0.055956046285720686,8.705353936098125e-05,1.2710317256494637,1.2709658688631642,1.2709339485336193,1.270910945207795,1.2708933077516724
158,0.08984228243739922,0.032553261432466736,0.003944408148527145,0.05982171771821894,8.681962829289239e-05,1.2712264382536,1.2711594445955683,1.2711270153065244,1.2711036992776368,1.2710858448152562
159,0.08846691949825192,0.0325464850042687,0.004299000836908817,0.05936375575499307,8.658394705735987e-05,1.2714210440099132,1.2713527848765755,1.2713197922711068,1.2712961129553453,1.2712779966567018
160,0.0865328754667764,0.032539741113068905,0.0053064278326928616,0.057621318279976436,8.634650714115465e-05,1.2716149711456959,1.2715452728294834,1.2715116578936951,1.27148757155614,1.2714691623622054
161,0.08721370026494649,0.03253302263353846,0.004058469086885452,0.057595018776953597,8.610732011676324e-05,1.2718081597705533,1.2717370960753285,1.2717028617730393,1.2716783823188733,1.271659703855587
162,0.0874646801889539,0.032526327476782045,0.004739044234156609,0.057853009098543136,8.586639764182377e-05,1.272000735226492,1.2719282675009775,1.2718934511124529,1.2718686031974906,1.2718496670616333
163,0.08889195666698738,0.0325196464056612,0.0036326460540294647,0.058551244030824075,8.562375145855779e-05,1.2721928849769655,1.2721191176500988,1.2720837289037865,1.2720584975711995,1.2720392871596646
164,0.09188841141548187,0.03251296793482656,0.0038835383020341396,0.05907899709348782,8.537939339319794e-05,1.272384712636975,1.2723098519115394,1.2722740309781457,1.2722485258791427,1.2722291337799536
165,0.08748519984383177,0.032506313852324935,0.004314800258725882,0.057548784517509735,8.51333353554116e-05,1.2725757525687356,1.2724998846437763,1.2724637252841184,1.2724379964642154,1.2724184486439682
166,0.08836790362755587,0.03249967764827332,0.004351720679551363,0.0589321967464377,8.488558933772037e-05,1.2727665468477594,1.2726894305845227,1.272652903269502,1.2726269416691032,1.2726072314022994
167,0.09008609934145216,0.032493038644664365,0.004118109121918678,0.06018873877996895,8.463616741491565e-05,1.2729573393816844,1.2728791285423589,1.2728422637041186,1.2728160684531808,1.2727961844988522
168,0.08121854587310316,0.032486458482200206,0.004560523200780153,0.05546445263152204,8.438508174347009e-05,1.2731466983243371,1.2730673283518523,1.2730299895313553,1.2730034442588511,1.2729832843620912
169,0.08626139614172681,0.03247989591736611,0.0041068801656365395,0.058083314968127985,8.413234456094507e-05,1.2733354171947762,1.2732551503876424,1.2732173389453638,1.2731904164401546,1.2731699508586802
170,0.0877543376557981,0.03247335121495053,0.004072130192071199,0.058341738424842526,8.387796818539431e-05,1.2735236410778854,1.2734424673611833,1.2734042319344394,1.2733769654264897,1.2733562154623113
171,0.08689658866527294,0.03246683060653114,0.004107228945940733,0.05759620033424774,8.362196501476348e-05,1.2737111041183418,1.2736291307541865,1.2735905133687278,1.2735629333528729,1.2735419214984787
172,0.0910785938188822,0.03246031220348142,0.003921518102288246,0.05999986507272366,8.336434752628597e-05,1.273898607775399,1.2738157104190428,1.2737767386320793,1.2737488963746417,1.2737276763862464
173,0.0880204588842864,0.03245382076866992,0.004215231165289879,0.05741422812707803,8.310512827587469e-05,1.27408523846635,1.2740015524301815,1.2739622777912398,1.2739342066754125,1.2739128038398848
174,0.09159952141724742,0.03244733461886408,0.0039765490218997,0.059169923502349175,8.284431989751024e-05,1.2742715323107867,1.2741872351846524,1.2741477497649099,1.2741195295127339,1.27409801907756
175,0.08220486276998906,0.032440903146131995,0.004443922080099583,0.05589009040002747,8.258193510262499e-05,1.2744565854746377,1.2743715241185145,1.2743316839121714,1.2743031883055218,1.2742814588214755
176,0.08874309672372331,0.03243448392711443,0.0041990699246525764,0.05839275025491616,8.23179866794837e-05,1.2746411085732159,1.2745554608629346,1.2745153767200754,1.2744866605978653,1.274464740493739
177,0.08025934834458999,0.03242812806524665,0.003877268172800541,0.05452898660519228,8.205248749256015e-05,1.2748240258692554,1.2747377047488515,1.2746972984575278,1.2746682838437604,1.2746460943742524
178,0.09206586853858231,0.032421767597928655,0.004602842964231968,0.06059764333242435,8.178545048191012e-05,1.2750072520133229,1.2749201669091197,1.2748793554467743,1.2748500181509175,1.2748275653370837
179,0.0926407066258602,0.032415405860292255,0.0040552192367613316,0.05994984490057665,8.151688866254081e-05,1.2751904508904073,1.2751026282770914,1.2750614946912118,1.2750319136320665,1.2750092729192353
180,0.08959236956317347,0.03240906025547874,0.004087839275598526,0.059193129026814575,8.124681512377638e-05,1.2753733934453426,1.2752846809234941,1.2752431738885055,1.2752133322981034,1.2751904994472154
181,0.08346134305897294,0.03240276265349679,0.008665612898766994,0.05626704469851814,8.097524302862009e-05,1.2755551884373333,1.275465420789194,1.275423488781318,1.2753933508614148,1.2753702923002508
182,0.08779657023146309,0.032396492778486226,0.004511071834713221,0.05668502500644116,8.070218561311274e-05,1.2757358968910413,1.275645297064966,1.2756031134042363,1.2755728013787575,1.2755496127566313
183,0.09139027204182769,0.03239024201156056,0.004775824956595898,0.05910789217668132,8.042765618568757e-05,1.2759164701987116,1.2758245814942488,1.2757820920229068,1.2757516399594448,1.2757283811831461
184,0.0885342620987242,0.032384015389862505,0.00412596995010972,0.05788508144115055,8.01516681265215e-05,1.2760963927135431,1.2760031916287229,1.2759604084773228,1.2759298441360842,1.2759065508566505
185,0.08362504013057764,0.03237783380745089,0.005434289108961821,0.05624475550593574,7.987423488688322e-05,1.2762752186546673,1.2761806053264804,1.2761374706884245,1.276106731442199,1.2760833363554513
186,0.08366782159412155,0.03237169900518424,0.004661884158849716,0.05566928643785738,7.959536998847742e-05,1.2764528043297136,1.2763568048281888,1.2763132446359309,1.2762822679116297,1.2762587219798323
187,0.09030556130345269,0.03236556930228555,0.004244680050760508,0.05961585407629174,7.931508702278582e-05,1.2766303987682996,1.2765328507773155,1.276488876703052,1.2764576828653618,1.276434006097866
188,0.08268214700895188,0.0323594854647721,0.004205990117043257,0.05566511782436938,7.903339965040477e-05,1.276806766857594,1.2767076374686728,1.2766632334656975,1.2766318076004033,1.2766079783143254
189,0.08590960067668214,0.032353424614821165,0.004509082064032555,0.057522439156449355,7.875032160037937e-05,1.2769824775134464,1.27688185542463,1.2768370026727567,1.2768053176552092,1.276781306596648
190,0.08635726107113383,0.03234738648641355,0.004058118909597397,0.05820697565142086,7.846586666953443e-05,1.2771578006676507,1.2770555228180904,1.2770101209644789,1.2769781118214718,1.276953869432005
191,0.08859064536166256,0.03234136609457203,0.003726526163518429,0.05807292681139691,7.818004872180198e-05,1.2773326165048862,1.2772287015051258,1.2771827706216223,1.2771504634242747,1.2771260226603056
192,0.08625747790055704,0.03233536680124033,0.004544062074273825,0.05755930267469094,7.789288168754554e-05,1.2775067269502958,1.2774013259015873,1.277354905462177,1.2773223091542651,1.2772976639164388
193,0.09209503451353664,0.03232936790176317,0.004648343659937382,0.059684208471692306,7.760437956288125e-05,1.2776807504075594,1.277573950944817,1.2775270915765695,1.277494246533354,1.2774694325167018
194,0.0819584368189978,0.03232342556135187,0.00418461998924613,0.05509236084882026,7.731455640899563e-05,1.2778534047131398,1.2777450361116731,1.2776976668334952,1.2776645045054411,1.2776394554506214
195,0.09011958313126217,0.03231748620938186,0.004700324032455683,0.05868220108032061,7.702342635146033e-05,1.278025624785481,1.2779160520902575,1.2778683017153052,1.2778348858119006,1.2778096387916444
196,0.08783168202563392,0.03231156602788644,0.004106348846107721,0.05822643639193388,7.673100357954367e-05,1.278197353780153,1.27808659951367,1.278038424506167,1.2780047324401203,1.2779792831428687
197,0.09049738681190973,0.03230564960467494,0.004235569853335619,0.06004555694368003,7.643730234551894e-05,1.2783691160164186,1.2782570595964557,1.2782084320373046,1.2781744816974858,1.2781488604867273
198,0.08402093083427371,0.03229977294361305,0.004223430994898081,0.05645606821447748,7.614233696396995e-05,1.278539796880282,1.2784264881584426,1.2783773583035973,1.2783430948202144,1.278317250924599
199,0.08777251382861823,0.0322939149420618,0.0038937879726290703,0.05861230803902817,7.58461218110933e-05,1.2787100712510995,1.278595433607412,1.2785457686825543,1.2785111753095602,1.2784850939607026
200,0.0893850747980433,0.032288063652506055,0.004147089086472988,0.05944063172167738,7.554867132399762e-05,1.278880075210682,1.2787642700434492,1.2787140651664444,1.2786791334685834,1.278652810919306
201,0.08660247001788446,0.03228223778769335,0.0034932447597384453,0.058147073433884346,7.525e-05,1.2790494682519806,1.2789324162224036,1.2788816499618691,1.2788463704199595,1.278819800297468
202,0.08752583520044421,0.032276434142788135,0.00495735602453351,0.05812687783443066,7.495012239591944e-05,1.2792181851834903,1.2791000114491171,1.2790486690123086,1.2790130200919902,1.2789861838303573
203,0.08844765504476848,0.03227065004396992,0.003953509032726288,0.05781243266800081,7.464905312736727e-05,1.279386099125599,1.2792670120730396,1.2792152307437503,1.2791792882644273,1.2791522352315117
204,0.08773317742512501,0.032264887238246255,0.004402711056172848,0.058536062107096526,7.43468068680349e-05,1.279553495730373,1.2794334408235288,1.2793812258992534,1.2793449654931068,1.27931766256025
205,0.09116102875344356,0.032259130832918474,0.004311311058700085,0.059532376234119035,7.404339834897864e-05,1.2797205707437755,1.2795996805305148,1.2795470968403289,1.279510583904333,1.279483093355088
206,0.08743992385864041,0.03225339404834989,0.004287721123546362,0.05822465658795677,7.373884235790159e-05,1.2798868880442043,1.2797654481482024,1.27971253108707,1.2796757502762306,1.2796480427519417
207,0.08074174521846322,0.03224771692705333,0.004330520983785391,0.055349771477321605,7.343315373843317e-05,1.2800518141555608,1.2799296344983095,1.2798762394048804,1.279839084480595,1.279811071649123
208,0.09270346512325069,0.032242040433932084,0.004270630888640881,0.05979137770376563,7.312634738940537e-05,1.280216512117713,1.2800937261870384,1.280039989753676,1.2800025821357381,1.2799743687989882
209,0.0978268686364765,0.03223635770223339,0.004052339121699333,0.061144681655753944,7.281843826412683e-05,1.2803813332115621,1.2802578991628883,1.2802039305145594,1.280166386143899,1.2801380898380006
210,0.08712924479131594,0.03223071669438629,0.004471333231776953,0.056638132883600735,7.250944136965391e-05,1.280545007790307,1.2804208272502087,1.2803666831159852,1.2803290507056935,1.2803007078242563
211,0.08918867252266943,0.03222509804633445,0.003930468112230301,0.05869245863604564,7.219937176605933e-05,1.2807081221517302,1.2805831599450561,1.2805288254261895,1.2804910863543666,1.2804626818060123
212,0.08892337299726255,0.03221949962636443,0.004619292914867401,0.05906911158982482,7.188824456569812e-05,1.2808707563189876,1.2807450091972925,1.2806904179607494,1.280652525895486,1.2806240265024373
213,0.08947877759878656,0.03221391355315231,0.0040657492354512215,0.059497490929793194,7.157607493247111e-05,1.2810329504868383,1.2809065626268852,1.2808517284706393,1.2808136870449518,1.2807850924170319
214,0.08446570003022108,0.03220837325494289,0.004658833146095276,0.05711253542150281,7.126287808108578e-05,1.2811941466701968,1.2810669419701903,1.2810117025764782,1.2809734066726586,1.2809446406306784
215,0.08468798782786573,0.032202877017460364,0.004565932787954807,0.05659370311149132,7.094866927631483e-05,1.2813542230139858,1.2812260623559515,1.2811704214644062,1.2811318579516882,1.281102897253098
216,0.08860679740541871,0.032197411079807274,0.0043226913549005985,0.05789206189026671,7.063346383225212e-05,1.2815135751409026,1.28138427936858,1.281328245746191,1.2812894494089606,1.2812603322592555
217,0.08581581538718633,0.03219197824732197,0.004344862420111895,0.05726952210023733,7.031727711156629e-05,1.281671997373117,1.2815415862619988,1.2814851568412862,1.281446120990676,1.281416837587819
218,0.09105489166693981,0.03218655571814444,0.00497778644785285,0.05941824350679752,7.000012452475209e-05,1.2818300526995616,1.2816985681824211,1.2816418145639428,1.2816025965679736,1.2815731959404109
219,0.0833259636696175,0.032181181368788864,0.004390800837427378,0.056238941484246185,6.96820215293791e-05,1.2819869306289686,1.2818543162308609,1.2817970981862914,1.2817575929348393,1.2817279966444797
220,0.09056275973417217,0.03217582123949636,0.004274371080100536,0.05928629429794383,6.936298362933857e-05,1.2821434473548325,1.2820096449940854,1.2819520007474112,1.2819122265316225,1.281882444647994
221,0.08338873786694594,0.0321705090340247,0.003923138603568077,0.055816147228101944,6.904302637408764e-05,1.2822986790873327,1.2821636689321252,1.282105550462799,1.2820654640289384,1.2820354587614249
222,0.08856701815832886,0.03216521476407631,0.004036059137433767,0.05920965000401941,6.872216535789157e-05,1.2824535740080176,1.282317247764398,1.282258593913105,1.2822181448655237,1.2821878746798168
223,0.08464860086887824,0.03215995423770496,0.004522412549704313,0.0569793985315795,6.840041621906358e-05,1.2826074694986191,1.2824699322934963,1.28241073147818,1.2823698888709938,1.2823393169995534
224,0.08493135794597229,0.03215473455890416,0.0037597068585455418,0.05651802379590669,6.807779463920278e-05,1.2827603344325713,1.2826214882582538,1.2825616838586698,1.2825204264020398,1.2824895477072726
225,0.09560508086289007,0.03214950988742134,0.004088529851287603,0.06086012494116719,6.775431634242986e-05,1.2829132480865517,1.2827730941350435,1.282712796015356,1.2826712408598364,1.2826401644534526
226,0.089434251080506,0.032144302294584995,0.004433171823620796,0.05887726802441986,6.742999709462061e-05,1.2830656098711575,1.282924266348601,1.2828634641986267,1.2828216159825243,1.282790355271595
227,0.08595036725062077,0.03213912440868483,0.004741413984447718,0.05717006455009547,6.710485270263764e-05,1.283216953718262,1.283074580456122,1.28301335920147,1.2829712536042706,1.2829398209727179
228,0.0900647602282539,0.032133957978481335,0.004210701212286949,0.05980939875643133,6.677889901355988e-05,1.2833680112926582,1.2832245859585607,1.2831629468414474,1.2831205914951949,1.2830889946526944
229,0.08063416201393646,0.032128858275756976,0.00436956062912941,0.05402160038222677,6.64521519139103e-05,1.2835173478968305,1.2833727348434256,1.2833106168841162,1.2832679421657096,1.2832361100292897
230,0.08559043794212003,0.032123795557262934,0.0038210367783904076,0.05669741020566808,6.612462732888158e-05,1.2836657200724806,1.2835198096755678,1.2834572161068871,1.2834142352910207,1.2833821814761759
231,0.08855239864535666,0.03211874984414287,0.004142289981245995,0.05862154396400404,6.57963412215599e-05,1.2838135814278415,1.2836664269621938,1.2836033687767152,1.283560084679053,1.2835278104408419
232,0.08777317900399305,0.03211373424731241,0.004743154160678387,0.056686865856184224,6.5467309592147e-05,1.2839604132446156,1.2838121208747233,1.283748703671919,1.283705196008543,1.2836727659066416
233,0.08383928057095502,0.03210875791928892,0.004221529699862003,0.0556687457391769,6.513754847718032e-05,1.284105988905434,1.283956731548284,1.2838929844091898,1.283849248666088,1.2838166461937048
234,0.08677784567210271,0.03210380521337466,0.0037719770334661007,0.057323996404148016,6.480707394875136e-05,1.284250759213265,1.2841007080567324,1.284036663978249,1.283992698372535,1.2839599124203833
235,0.08364564253391829,0.032098889785631385,0.004082338884472847,0.05629212820089252,6.44759021137224e-05,1.2843945307443698,1.284243697580253,1.28417930611273,1.2841350520228405,1.2841020248474289
236,0.08487185019239035,0.03209400436433297,0.004359171260148287,0.057210795536148384,6.414404911294147e-05,1.284537593080985,1.284385818112287,1.284321064962412,1.2842765241388214,1.2842432575609035
237,0.088207851970731,0.03208913889870264,0.0050020660273730755,0.05817088870243859,6.381153112045566e-05,1.284680158603732,1.2845273318945973,1.2844622350104535,1.2844174470055827,1.2843839798036514
238,0.087345535299536,0.032084300019555395,0.0039312392473220825,0.05764754774575988,6.347836434272281e-05,1.284822083408758,1.284668101779864,1.2846026263666919,1.2845575848334432,1.2845239222110945
239,0.08106812767164376,0.0320795139162996,0.00410477863624692,0.05487905997641835,6.314456501782164e-05,1.2849627392622753,1.2848074137187946,1.2847414670860207,1.284696107355951,1.284662197979321
240,0.08695002127826144,0.03207474898286921,0.005075276363641024,0.05814896901085433,6.281014941466031e-05,1.285102912515206,1.2849462147979542,1.2848797111695405,1.2848339700491418,1.2847997707963073
241,0.08749596761358473,0.03207000799162661,0.004558701999485493,0.05713330768151572,6.247513383218355e-05,1.2852422998735353,1.2850843029928996,1.2850173002111087,1.2849712278575773,1.2849367816707071
242,0.08766805956893703,0.0320652872945085,0.004386971704661846,0.057860011160616176,6.213953459857821e-05,1.2853810912968975,1.2852218034947231,1.285154332056897,1.2851079480947278,1.2850732664235704
243,0.08845888712892902,0.032060585871330295,0.004170759581029415,0.058402482335292896,6.180336807047746e-05,1.2855194254351427,1.2853587480502011,1.285290798088014,1.2852441141817572,1.2852092127750203
244,0.08729286171911241,0.03205590483703044,0.004554572980850935,0.05799162466707934,6.146665063216365e-05,1.2856571372993162,1.2854951214699597,1.285426708189777,1.2853797385872263,1.2853446300789058
245,0.08416377002205076,0.03205126085764016,0.00465248292312026,0.055476150146982144,6.112939869476964e-05,1.2857935937684846,1.2856304505264662,1.2855616284640545,1.2855143905599633,1.2854790790103547
246,0.08616158413468984,0.0320466404396473,0.004619212821125984,0.057944755532452416,6.0791628695479094e-05,1.285929481795039,1.2857651661448646,1.2856958765339728,1.2856483304115158,1.285612785050129
247,0.08479175698153617,0.03204204734481432,0.004042459186166525,0.05690932580786209,6.045335709672526e-05,1.2860644873144618,1.2858991794361212,1.2858294027572634,1.2857815194833695,1.2857457140947923
248,0.08477548957717265,0.03203748695534168,0.004140099976211786,0.05739500913318119,6.011460038538862e-05,1.286198843609959,1.2860323212387121,1.2859619408936898,1.2859136506833035,1.2858775401138163
249,0.08730192209587914,0.032032956042723895,0.004217119887471199,0.05671714043666777,5.9775375071993364e-05,1.2863323305468766,1.2861645609995245,1.2860936315852716,1.2860449892458587,1.2860086247681681
250,0.08760705475373996,0.0320284463252515,0.004521482158452272,0.05772219142064108,5.9435697689902714e-05,1.2864651638219866,1.28629620743919,1.2862247455085298,1.2861757604953303,1.286139149997088
251,0.08378653037885087,0.032023968876374403,0.003765836823731661,0.056847201762354554,5.909558479451306e-05,1.286597176061449,1.2864269705759015,1.2863549332759505,1.2863055691336533,1.2862686795541811
252,0.08624588674864399,0.0320195199905696,0.0038886270485818386,0.05668966200652863,5.8755052962447066e-05,1.2867282896902634,1.2865569591900834,1.2864843496769278,1.2864345920414644,1.286397411708092
253,0.09333519605246694,0.032015075116957975,0.0044089718721807,0.06022280433776479,5.841411879074583e-05,1.2868593469509322,1.2866867621171247,1.2866136288112326,1.286563543850114,1.2865261374709296
254,0.0872786590779259,0.0320106527527108,0.004258591216057539,0.05793059587067177,5.807279889605989e-05,1.2869897268594759,1.2868159730349757,1.2867422953746865,1.2866918656118078,1.2866542209883793
255,0.08371717744014436,0.03200626638783448,0.004198919981718063,0.05612522739017986,5.773110991383939e-05,1.2871190417323617,1.286944141793507,1.2868699447702898,1.2868191854777105,1.2867813101420469
256,0.08620547621872873,0.03200190745753902,0.004384671803563833,0.05799693903087092,5.738906849752325e-05,1.287247769281457,1.2870716343440178,1.2869967942165121,1.286945615070706,1.286907441271716
257,0.08518166918768821,0.031997575901655126,0.0037684771232306957,0.057663303660565955,5.704669131772759e-05,1.2873758172707845,1.2871983399859823,1.2871228447429213,1.2870712397195645,1.2870327574819656
258,0.08475521849320836,0.031993281327685204,0.003791387192904949,0.05603371475763937,5.670399506143308e-05,1.2875028070238104,1.2873239817612148,1.2872478345304221,1.2871958125810217,1.2871570312451848
259,0.08544042005714379,0.03198901678560333,0.0042271800339221954,0.05701615569525247,5.636099643117181e-05,1.2876289887087897,1.2874487834554822,1.2873719661099243,1.2873195094905205,1.2872804137775706
260,0.08668504934211455,0.03198478044371041,0.0037935078144073486,0.05681041712026587,5.601771214421311e-05,1.2877542951293857,1.2875727830406827,1.2874953102822475,1.2874424342138473,1.2874030416284599
261,0.08707125104542844,0.03198056841446915,0.00452848244458437,0.05815910289831709,5.5674158931748854e-05,1.2878790977117267,1.2876960573134408,1.2876179093442166,1.2875646154576408,1.2875249302849487
262,0.08771910115357634,0.03197637433112765,0.004769274033606052,0.057733711645169,5.53303535380779e-05,1.288003158479038,1.2878188220960256,1.2877400751569044,1.2876863930109463,1.2876464300419097
263,0.0856073165909092,0.03197220773832587,0.00554571021348238,0.05736818931987136,5.4986312719790125e-05,1.2881264529983698,1.2879408692546304,1.287861470506949,1.287807358385274,1.287767086014937
264,0.0864711602619268,0.031968060943551514,0.004379190970212221,0.05793749527778202,5.464205324494962e-05,1.2882490697785598,1.288062356986151,1.2879823504202235,1.2879278185138523,1.2878872330998699
265,0.0883584062221873,0.0319639342788164,0.004197180271148682,0.05780563697563603,5.429759189227753e-05,1.2883709696503869,1.2881832293781663,1.288102683931875,1.2880477883427277,1.288006940096257
266,0.08331841870668702,0.03195984689177784,0.003965267911553383,0.055771407641726556,5.3952945450334214e-05,1.2884917755481018,1.2883029776618333,1.2882218872941262,1.2881666195906512,1.2881254971363754
267,0.08782590078656063,0.031955785849547974,0.004693813621997833,0.05677639091563706,5.360813071670102e-05,1.2886116901935984,1.2884219172749032,1.2883403568735197,1.2882847794223664,1.288243437439229
268,0.08664302166067683,0.031951754111713,0.004028108902275562,0.056864536920710446,5.326316449716161e-05,1.2887307757925062,1.288540012424615,1.2884579839048407,1.2884021038440163,1.2883605495766628
269,0.0821784638063546,0.031947764506524624,0.004372670780867338,0.054806444922007584,5.291806360488286e-05,1.2888486140784132,1.2886569205262137,1.2885744185747836,1.288518222126738,1.2884764396452297
270,0.08794870425928822,0.03194379326447008,0.004150540102273226,0.058302802628479575,5.257284485959538e-05,1.2889659670941003,1.2887733364979685,1.2886903371896965,1.2886338015170682,1.288591771771955
271,0.08809016397824086,0.03193984666423713,0.004817534238100052,0.05721963474119608,5.22275250867738e-05,1.2890825747910977,1.288889056794993,1.2888055602989836,1.288748692777331,1.2887064300136153
272,0.08932708906074263,0.03193591328332821,0.003869847860187292,0.059362410196513116,5.188212111681667e-05,1.2891988911794483,1.289004375369829,1.2889203907931959,1.288863202125696,1.288820713733631
273,0.08948280412422988,0.03193200472095606,0.003932238090783358,0.05695707256925122,5.153664978422618e-05,1.2893143461447116,1.2891188982313593,1.2890345263534266,1.288977098889799,1.288934455670705
274,0.08720994458182517,0.031928122507965714,0.004367361310869455,0.05742731233976904,5.11911279267877e-05,1.2894290736453662,1.2892326633376838,1.2891478994818226,1.2890902355442881,1.28904744382152
275,0.08653706162801636,0.031924265596535696,0.004106229171156883,0.05690396990180495,5.0845572384749094e-05,1.289542925517142,1.2893456690450489,1.2892605792454541,1.2892027267118964,1.2891598210121937
276,0.0905754240185836,0.03192041837315177,0.003784057218581438,0.05953715942663065,5.05e-05,1.2896564143062734,1.2894584232568826,1.289373024659192,1.289314985882243,1.289271967356086
277,0.08575686433768509,0.03191660430500915,0.004382011946290731,0.057116702959792494,5.015442761525091e-05,1.289769110034018,1.2895702383603405,1.2894844727968389,1.289426224811449,1.2893830817857328
278,0.08362575587458493,0.03191283105826967,0.004375021904706955,0.0548710324848297,4.980887207321232e-05,1.289880530273629,1.2896808724642377,1.2895947715567535,1.2895363273548683,1.2894930657134405
279,0.0824064783321604,0.03190909289282141,0.0041435700841248035,0.05666382086083977,4.9463350215773845e-05,1.289991129487258,1.2897905803132033,1.289704039285525,1.2896453160066765,1.2896018635189135
280,0.08156058100953138,0.03190539643670028,0.004858015105128288,0.05490237204001733,4.911787888318336e-05,1.290100563741179,1.2898991024706807,1.2898121101877398,1.2897530810139246,1.2897094043158441
281,0.08865693933089024,0.03190171293885239,0.004073129966855049,0.05847697818197383,4.877247491322621e-05,1.2902094918218883,1.2900072352271612,1.2899198541020558,1.2898605516962092,1.2898166709588081
282,0.09083444463045333,0.0318980450671795,0.0037812767550349236,0.05849586596395235,4.8427155140404615e-05,1.2903179229608752,1.2901148291095157,1.2900271463365387,1.2899676425343896,1.2899236161572232
283,0.08555784190326833,0.03189440504084031,0.004378530662506819,0.057414671411393815,4.808193639511714e-05,1.2904256550949293,1.290221639085202,1.2901336205020422,1.2900738905245486,1.2900296957315969
284,0.08295464831403064,0.031890801068606034,0.005409269127994776,0.0558835325646583,4.773683550283839e-05,1.2905323870050136,1.2903274526327866,1.2902390605718153,1.2901790670848574,1.2901346683188508
285,0.08609707169095594,0.03188722207717706,0.0036830860190093517,0.05724960452422152,4.739186928329899e-05,1.290638382963096,1.2904325453151233,1.2903437847655552,1.2902835367411163,1.2902389440528301
286,0.09098334828182099,0.03188365243341167,0.003890658263117075,0.05988343399782479,4.7047054549665795e-05,1.2907441199325123,1.29053732370238,1.290448232803814,1.2903877707041436,1.2903430206088098
287,0.09269572779642275,0.03188009366010903,0.004195260349661112,0.060099063666404225,4.670240810772249e-05,1.290849573774093,1.2906417992157688,1.2905523647953376,1.2904916913894195,1.2904467976125582
288,0.08874359108035204,0.031876558791964126,0.0047070737928152084,0.05805975320904759,4.63579467550504e-05,1.2909543253927633,1.290745579408081,1.2906558143807283,1.2905949377444148,1.290549906354807
289,0.0823803088764462,0.03187306007472962,0.00451555335894227,0.05627327249872261,4.601368728020989e-05,1.2910580692178137,1.2908483276407987,1.29075821860693,1.2906971227090074,1.2906519320242422
290,0.08680957421541942,0.03186958544377399,0.004379711113870144,0.057797916817476654,4.566964646192211e-05,1.2911610727021385,1.290950392460983,1.2908599478081435,1.29079863318027,1.2907532808994076
291,0.08934095894521278,0.03186612797170969,0.004894825164228678,0.058995667858513456,4.532584106825116e-05,1.2912635426555168,1.2910519451233768,1.2909611893265553,1.290899682097351,1.2908541917452396
292,0.08540869968193328,0.031862701126859745,0.004609613213688135,0.05778053818144392,4.4982287855786886e-05,1.2913652953142747,1.2911526464791272,1.2910615152012797,1.2909997696414026,1.2909541055354121
293,0.08410360654151554,0.03185931182825429,0.004507751669734716,0.055876235499343466,4.46390035688282e-05,1.2914659746072867,1.2912522545909801,1.2911607486030152,1.2910987672831518,1.2910529305409284
294,0.09128438448833365,0.03185593750093675,0.00438638124614954,0.05838444524706485,4.429600493856695e-05,1.291565969007819,1.2913513652522828,1.291259604465793,1.2911974700826971,1.2911515248278136
295,0.08836245409604045,0.03185258317331313,0.0041217198595404625,0.058771486218279004,4.395330868227245e-05,1.2916653809124352,1.2914499229502958,1.2913578978375233,1.2912955965373123,1.2912495294036939
296,0.08903005802250988,0.03184924749000928,0.00453830324113369,0.05868051109404463,4.361093150247677e-05,1.2917641551922292,1.2915479196698991,1.2914556846576217,1.2913932438755735,1.2913470675840597
297,0.0870072408360237,0.03184593555827148,0.0042159100994467735,0.05838273514657277,4.326889008616063e-05,1.2918622379348375,1.2916452880073923,1.291552809389675,1.291490189796699,1.2914438687229026
298,0.08480717249285252,0.03184265661383577,0.004476641770452261,0.05630393349882561,4.2927201103940125e-05,1.2919592734800336,1.2917416835157478,1.2916490039302122,1.2915862255733457,1.2915397676538116
299,0.084927941342249,0.031839412442469205,0.004016108810901642,0.05647904882458917,4.258588120925418e-05,1.292055364843613,1.2918370602926201,1.2917441700199537,1.291681233270639,1.2916346386060114
300,0.09219957049043,0.03183618296289563,0.003838377073407173,0.05819813523470613,4.224494703755294e-05,1.2921507097848994,1.2919319364609687,1.291838980814562,1.291775982877202,1.2917293271972021
301,0.08310348362624015,0.03183299293204529,0.0033783139660954475,0.05576912243844975,4.190441520548696e-05,1.2922450139419295,1.2920257224904395,1.2919326357042258,1.2918695231398396,1.2918227635045791
302,0.09213215472098892,0.031829816924220246,0.0040087089873850346,0.05934169550464428,4.156430231009729e-05,1.2923388337849568,1.292119082929009,1.2920259010667479,1.2919627057465701,1.2919158742884242
303,0.08530658862809644,0.03182667715126099,0.004552633035928011,0.05572580213736316,4.122462492800663e-05,1.2924315892763731,1.2922113974196947,1.2921181138243267,1.2920548368572558,1.2920079388045291
304,0.09008068315411658,0.03182355350108919,0.004079748876392841,0.05986417719650269,4.0885399614611386e-05,1.2925239788776945,1.2923032875081417,1.2922098441407917,1.2921464531399882,1.2920994689367986
305,0.08364439247302745,0.0318204676975797,0.004544682800769806,0.055818747373110524,4.054664290327475e-05,1.2926153478294005,1.2923940581213118,1.2923004509010632,1.2922369464138228,1.2921898742359195
306,0.086783576470672,0.031817408962193726,0.0038669276982545853,0.05759075544699792,4.0208371304520915e-05,1.2927059886615777,1.2924840508445834,1.292390256966065,1.292326631352498,1.2922794674870923
307,0.08571566371753374,0.03181437820150421,0.004140699747949839,0.05713358317389291,3.987060130523037e-05,1.2927958077932873,1.2925732650323365,1.2924792675361336,1.2924154975026818,1.292368219630254
308,0.0859932399139609,0.03181137952522009,0.0038595981895923615,0.05623823985345641,3.953334936783639e-05,1.2928846915534038,1.2926615312394898,1.2925673415531684,1.2925034384803016,1.2924560578037805
309,0.08895822456303852,0.031808403534000905,0.0038233166560530663,0.05816893939433869,3.9196631929522553e-05,1.292972955923499,1.2927491463335115,1.2926547501066796,1.2925907061256148,1.2925432206058562
310,0.08310086802617883,0.03180546343339729,0.004095139913260937,0.056023030164598295,3.886046540142181e-05,1.2930602837008018,1.292835773245374,1.292741103068726,1.292676864679623,1.2926292305408789
311,0.08341668459431424,0.03180255398188654,0.0035359561443328857,0.055833297279050974,3.852486616781646e-05,1.2931466175690303,1.2929215379835621,1.2928266074965098,1.292762162493821,1.292714362018591
312,0.08894703109694532,0.03179966413425696,0.0043124910444021225,0.058372928353493655,3.81898505853397e-05,1.293232390742047,1.293006720382116,1.292911534605925,1.2928468971929845,1.2927989468604029
313,0.07828946692845887,0.03179681925992124,0.003995038103312254,0.05371832837425964,3.7855434982178365e-05,1.2933169246447405,1.2930906371849964,1.2929951499607673,1.292930273675601,1.2928821268876545
314,0.08514646239786568,0.03179400159059152,0.003725196700543165,0.056810397537775136,3.75216356572772e-05,1.2934007259654465,1.2931737580541285,1.2930779562234562,1.2930128392853972,1.292964495439346
315,0.0842197650065365,0.031791215024178775,0.0072950320318341255,0.05615023678469282,3.718846887954434e-05,1.293483709449315,1.2932559896477893,1.2931598349957423,1.2930944577249246,1.293045905014392
316,0.08763533266564305,0.03178844840146343,0.004423452075570822,0.057747876421466775,3.685595088705855e-05,1.2935660762462562,1.2933376562271377,1.2932411416475167,1.2931755074297397,1.2931267549174137
317,0.08648032691196404,0.03178570323383802,0.004016589373350143,0.05671121482750244,3.652409788627762e-05,1.2936476231133962,1.2934187105064463,1.2933218828198605,1.2932560082527125,1.293207065879178
318,0.09082892238076468,0.03178297445790091,0.004039398860186338,0.05840508238732716,3.619292605124866e-05,1.2937286351254242,1.2934992577409197,1.2934021482264004,1.2933360708563413,1.2932869778845182
319,0.08325607073400686,0.031780275337826985,0.004658123012632132,0.055902588169471384,3.58624515228197e-05,1.2938087461488244,1.293578959759324,1.2934815657309586,1.2934152772591103,1.2933660230645805
320,0.09176282154414675,0.03177758789446027,0.004111738875508308,0.058927708023584977,3.5532690407853004e-05,1.2938883667213088,1.2936582502914895,1.2935606656196255,1.2934942399657183,1.2934448842257753
321,0.08792683226336546,0.03177492188206785,0.0036264159716665745,0.05801818666911827,3.5203658778440106e-05,1.2939673807355512,1.2937369136904975,1.2936391368614037,1.2935725758569436,1.2935231218801748
322,0.08852512325932023,0.0317722760052913,0.004420542158186436,0.05884707922185343,3.487537267111845e-05,1.2940459046111301,1.2938150019648686,1.2937169971250648,1.2936502860377763,1.2936007275305161
323,0.0827766102150213,0.03176966350944044,0.00382829736918211,0.05534125710049457,3.4547848086089704e-05,1.2941234142588223,1.2938921396408862,1.2937939077397438,1.2937270285989053,1.2936773439743228
324,0.08443659970933262,0.0317670791870442,0.004264870658516884,0.056959719183289424,3.422110098644013e-05,1.2942001891965267,1.2939684832894516,1.2938699829326235,1.2938029049265714,1.2937530689821497
325,0.08710108899601471,0.03176451678992852,0.0045678820461034775,0.058214265666434326,3.3895147297362384e-05,1.294276399088298,1.2940441755036052,1.2939453983194844,1.2938781211118198,1.29382813314565
326,0.08985258584976136,0.0317619755101404,0.004058309830725193,0.05828181243788465,3.357000290537941e-05,1.2943520295971336,1.2941192280069516,1.294020176785383,1.2939527180445731,1.2939025994153732
327,0.08679515144227035,0.0317594554389431,0.0038834079168736935,0.05750471468510787,3.324568365757015e-05,1.2944269225908793,1.2941936456764147,1.2940943632412705,1.2940267524976465,1.293976524228093
328,0.08761782467376054,0.03175695814008,0.004191900137811899,0.05811293471600291,3.2922205360797216e-05,1.2945011987025559,1.2942673966045757,1.294167872496517,1.294100106380165,1.2940497677902867
329,0.08847532154685632,0.03175447893348311,0.004139880184084177,0.059193352107677816,3.259958378093643e-05,1.2945749743972474,1.294340624609366,1.2942408501232017,1.2941729236912778,1.2941224716372937
330,0.08622498687997857,0.031752024453803096,0.004742044024169445,0.05790492407806663,3.2277834642108455e-05,1.294648076239827,1.2944131242809642,1.2943130944851144,1.2942450042955047,1.2941944346764676
331,0.08971166669055991,0.031749588368841716,0.004372701048851013,0.05860706392567912,3.1956973625912366e-05,1.2947205546104814,1.2944850450620122,1.2943848211023332,1.2943166034091471,1.2942659394972127
332,0.08696633452154073,0.03174717614762187,0.003992967773228884,0.058012384126184584,3.163701637066145e-05,1.2947923374099297,1.2945563038563708,1.294455859291354,1.2943874916420686,1.2943367165749655
333,0.09035832156279092,0.0317447853771865,0.004160309676080942,0.05831991900291645,3.131797847062091e-05,1.2948634607724998,1.2946269109073285,1.2945262733082916,1.2944577776112096,1.2944069105412612
334,0.08770614183909535,0.031742416582443,0.0044058519415557384,0.05816492309340123,3.0999875475247926e-05,1.2949338922961646,1.2946968684540212,1.2945960588403989,1.2945274460290241,1.2944764934778132
335,0.08858708300189916,0.03174007262645146,0.004081569146364927,0.057772260916715716,3.06827228884337e-05,1.2950036072559434,1.2947660604297366,1.2946651008055021,1.2945963999909058,1.294545389435165
336,0.08563652827032486,0.03173775839381648,0.004049609415233135,0.05648408186567335,3.036653616774789e-05,1.2950724452112863,1.294834399250085,1.2947332808491077,1.2946644801660314,1.2946133997626217
337,0.08822966832923536,0.03173546595525109,0.00398110831156373,0.05879990524278907,3.0051330723685177e-05,1.2951407151817202,1.2949021066756385,1.2948008038396028,1.2947318941567192,1.2946807415597725
338,0.08973006762151543,0.03173319450226891,0.003856136929243803,0.05869174372474377,2.9737121918914234e-05,1.2952083822820966,1.2949691688174862,1.2948677012845915,1.2947987041456808,1.2947474985669853
339,0.079965714044781,0.03173096151043709,0.004091188777238131,0.054758735342000056,2.9423925067528905e-05,1.295275005094464,1.2950351440514423,1.2949334658268807,1.2948643372761743,1.2948130377577949
340,0.09200816361258693,0.03172874413908427,0.004924145992845297,0.05973774533392217,2.9111755434301868e-05,1.2953411647853192,1.2951006407492334,1.2949987664241742,1.294929526382152,1.2948781557023992
341,0.08639749754581715,0.03172655174215648,0.004484102129936218,0.05788781304941998,2.880062823394068e-05,1.2954066436668783,1.295165411630805,1.2950633262314564,1.2949939629999359,1.2949425108193338
342,0.08466259958113526,0.03172438963186546,0.004127959720790386,0.056079998071723085,2.8490558630346103e-05,1.295471232894463,1.2952293015705176,1.2951270002224629,1.2950575090970824,1.2950059712846183
343,0.08740172937036322,0.03172224921572672,0.003937677945941687,0.05820076109401958,2.818156173587319e-05,1.2955351863149258,1.2952925545937666,1.2951900401331753,1.2951204221106045,1.2950687983664988
344,0.08456784604717045,0.03172013637505948,0.005023495759814978,0.05582726409602707,2.7873652610594653e-05,1.2955982119366043,1.2953550074462459,1.2952523096831876,1.2951825709511107,1.2951308595520497
345,0.08707846969071742,0.03171804742598974,0.004325550980865955,0.05736095024815229,2.756684626156684e-05,1.2956605387348554,1.295416733051495,1.295313872221749,1.2952440310605238,1.2951922443095663
346,0.0926732611127244,0.03171597513446328,0.004168699961155653,0.05874663333459654,2.72611576420984e-05,1.2957222900643546,1.2954779380615287,1.295374955910549,1.2953050512523836,1.2952532258312424
347,0.08711713639224856,0.031713928538486716,0.003921197727322578,0.05664378311417215,2.6956601651021373e-05,1.2957832401006943,1.2955384016756446,1.2954353026584169,1.2953653317057214,1.295313463669187
348,0.08380046959157601,0.03171191292633476,0.0038228873163461685,0.055190933479891804,2.665319313196511e-05,1.2958432710550092,1.2955979516702827,1.2954947399967378,1.2954247077380088,1.2953727988189188
349,0.08216896581955284,0.03170993080583612,0.00411989027634263,0.05514520646085821,2.6350946872632744e-05,1.2959024424977705,1.2956565438571186,1.295553167970375,1.2954830396885906,1.295431064067143
350,0.0829925392825526,0.03170797541992399,0.0043439920991659164,0.05623448470094569,2.604987760408058e-05,1.295960866549387,1.2957143771429365,1.2956108132476314,1.2955405628554433,1.2954884948652179
351,0.08353155521179717,0.031706045985985344,0.0033516339026391506,0.05673139079639453,2.5750000000000013e-05,1.2960186215351541,1.295771470486443,1.2956676767547748,1.295597278764431,1.295545099450089
352,0.08792610027228853,0.03170413622565567,0.0040203589014709,0.057769986208588114,2.54513286760024e-05,1.2960757880091178,1.2958279871194887,1.2957239647340624,1.2956534218620217,1.2956011356129495
353,0.08780245047077789,0.03170224524759246,0.004292861092835665,0.05690845412239445,2.5153878188906714e-05,1.2961322374154307,1.2958839236278916,1.2957797377717652,1.29570909155067,1.2956567286015217
354,0.08964537911580953,0.031700370522366114,0.004190380219370127,0.05931649652055469,2.4857663036030064e-05,1.2961882539048921,1.2959393956188698,1.295835023752458,1.2957642635462336,1.2957118181136706
355,0.08869623185975346,0.03169851548774365,0.004446481820195913,0.05794772051338103,2.4562697654481094e-05,1.296243667760485,1.2959942915295597,1.2958897395812878,1.2958188666482853,1.2957663403516062
356,0.08652338123585002,0.03169668363362856,0.003777547273784876,0.057436342325334,2.4268996420456364e-05,1.296298445734428,1.2960485124652197,1.2959437641477296,1.2958727689998073,1.2958201543106638
357,0.08705113151123922,0.0316948720382306,0.003727326635271311,0.05778124968361985,2.397657364853968e-05,1.2963526031187784,1.296102130216938,1.2959972007285185,1.2959260909019765,1.2958733907280087
358,0.0868516021029937,0.031693084791549,0.0042147403582930565,0.05697321197943737,2.3685443591004384e-05,1.2964060821817462,1.296155029798549,1.2960499083421895,1.295978682201302,1.295925899450673
359,0.08741383732323309,0.031691319829958646,0.00390207814052701,0.05692603866345342,2.339562043711877e-05,1.296458865715067,1.2962072624254628,1.2961019670861003,1.2960306385377804,1.2959777858815835
360,0.08598987923792115,0.031689575723022875,0.004014929290860891,0.05784098971005532,2.3107118312454473e-05,1.2965110524830759,1.2962588972735067,1.296153414133874,1.2960819702745927,1.296029035864811
361,0.08627205354331502,0.031687855912055245,0.00381770683452487,0.05591401241701025,2.281995127819804e-05,1.2965624536922113,1.2963098001765347,1.2962041585779456,1.2961326213553723,1.296079623436014
362,0.08517244239961197,0.031686160879873124,0.004155030008405447,0.05632373922408873,2.2534133330465576e-05,1.2966131456869632,1.2963599752582713,1.296254167558893,1.2961825344389044,1.2961294728979404
363,0.08861728400733881,0.031684484962474724,0.003967988304793835,0.05836844845195731,2.224967839962064e-05,1.2966633228625892,1.2964095842685943,1.296303597352292,1.2962318681087934,1.2961787472857165
364,0.08620977966069304,0.031682831041750306,0.004271131008863449,0.057212884673631184,2.196660034959524e-05,1.2967128648001498,1.2964585594433438,1.2963523805996402,1.2962805443925662,1.2962273562541233
365,0.08065025430857725,0.031681205257318414,0.004221511073410511,0.054377988660734594,2.1684912977214182e-05,1.2967615162152812,1.2965067355048412,1.2964003670383493,1.2963284059496716,1.2962751269576354
366,0.0876263738767223,0.03167959628213815,0.003956657834351063,0.0579393616551657,2.1404630011522586e-05,1.2968096081526392,1.2965544038581318,1.2964478716779175,1.296375804521532,1.2963224493295635
367,0.08662802016411073,0.031678006866804304,0.004240280948579311,0.0575975246778156,2.1125765113116786e-05,1.2968571231712933,1.2966014881536103,1.2964948014884774,1.2964226321761405,1.2963692017315367
368,0.08168561493104692,0.031676445691034366,0.00405577989295125,0.05467212190253634,2.0848331873478508e-05,1.2969038282382745,1.2966477590836387,1.2965408998161267,1.2964686111651045,1.2964150907482432
369,0.08499472537900993,0.03167490743743288,0.0038619469851255417,0.05585728437305144,2.0572343814312448e-05,1.296949841211939,1.2966933299532233,1.2965863224191827,1.2965139318376149,1.296460333534463
370,0.09151435198694143,0.03167338482233019,0.004530181642621756,0.058002498386378415,2.0297814386887254e-05,1.2969953313241473,1.2967383998581137,1.2966312865579248,1.296558832546969,1.2965051908946457
371,0.0889312992874193,0.031671879805331066,0.004083679057657719,0.05796309785628997,2.0024756971379916e-05,1.2970402910163163,1.2967829620344087,1.296675737297547,1.2966032153407414,1.2965495290624722
372,0.08750525470000486,0.031670393981750686,0.006573297083377838,0.05677926559687736,1.975318487622364e-05,1.2970846088373258,1.296826951642907,1.2967196385522195,1.2966470652585764,1.2965933483965724
373,0.08785667213381458,0.031668926644636365,0.004057288635522127,0.0576860350355289,1.9483111337459207e-05,1.297128374606825,1.2968704027602558,1.2967629992862693,1.2966903711228406,1.2966366212450258
374,0.08625967398984075,0.03166747798943393,0.003854698035866022,0.057602183426671276,1.9214549518089882e-05,1.2971715750159407,1.2969133170648686,1.2968058182400473,1.2967331278762,1.296679336464586
375,0.08409052683858571,0.031666053207512215,0.005368298850953579,0.05603436964755636,1.894751250743986e-05,1.2972141116938436,1.296955536678151,1.2968479245423612,1.296775160884012,1.296721319855764
376,0.08696999583461101,0.03166464610378575,0.003933887928724289,0.05808150819138139,1.8682013320516302e-05,1.297256131697808,1.2969972535561158,1.2968895122266628,1.2968166641238412,1.2967627650699798
377,0.08194563063306615,0.03166326278518104,0.0037773968651890755,0.0554783112789234,1.841806489737504e-05,1.2972974437690485,1.2970382796418212,1.2969304066843588,1.2968574646918007,1.2968034958957866
378,0.08280943844779885,0.03166190210076349,0.004072259180247784,0.055901282027925575,1.8155680102489782e-05,1.297338097529363,1.297078661539863,1.29697064028901,1.296897585197302,1.2968435279603945
379,0.09153196505503108,0.03166055441483193,0.003820047713816166,0.05915277227624198,1.789487172412533e-05,1.2973783211588892,1.2971186329458648,1.2970104949621792,1.296937352554549,1.2968832282513325
380,0.08146503661968918,0.031659231590975674,0.00440257228910923,0.0550585021979108,1.763565247371404e-05,1.2974178345327827,1.2971578844959186,1.297049615516563,1.296976371885208,1.2969221665410147
381,0.08943412662045475,0.031657924372029946,0.0038670781068503857,0.0580205654074052,1.7378034985236535e-05,1.2974568404496118,1.297196660975221,1.2970882827646355,1.297014955561026,1.2969606840128711
382,0.08280361190298646,0.03165664042000648,0.004021428991109133,0.05575648305524023,1.7122031814605695e-05,1.297495208386562,1.2972347550797856,1.2971262511157218,1.2970528314716214,1.2969984868963287
383,0.08616205375461627,0.03165537527334479,0.00395935820415616,0.056954686279962675,1.686765543905493e-05,1.2975330142901609,1.2972722949955402,1.297163665115801,1.297090154617399,1.297035739403529
384,0.08539813663960838,0.03165412876000576,0.00443987175822258,0.056767305807499474,1.6614918256529927e-05,1.2975702403828664,1.2973092957330243,1.29720054182435,1.2971269355811488,1.2970724437820134
385,0.0893088486383791,0.031652897381004366,0.003728676587343216,0.058416098918986276,1.6363832585084347e-05,1.2976070013603525,1.2973458402545952,1.297236972534123,1.2971632806563695,1.2971087228698577
386,0.08211874938642648,0.03165168998923233,0.004228140693157911,0.05485004080563665,1.611441066227965e-05,1.2976430761864803,1.2973816886001022,1.2972726928235019,1.2971989034317548,1.2971442695091135
387,0.08158898388699369,0.031650505332017534,0.0038975882343947887,0.05478743323902122,1.5866664644588407e-05,1.297678479363833,1.297416858894563,1.2973077417820071,1.2972338577961164,1.2971791473889691
388,0.09070827705262385,0.03164933395818747,0.0038522682152688503,0.058842973751980505,1.5620606606802075e-05,1.2977134653825961,1.2974516319413838,1.2973423998067328,1.297268431411532,1.2972136563751584
389,0.08135678853542624,0.03164818567891731,0.004105980042368174,0.054649708220862,1.5376248541442208e-05,1.2977477817766363,1.2974857317676238,1.2973763773155553,1.2973023146003875,1.2972474638396958
390,0.08199453500965181,0.03164705978208681,0.0038330666720867157,0.05486773319205963,1.5133602358176246e-05,1.2977814665534733,1.2975191805764081,1.297409688693379,1.2973355204372434,1.2972805848981679
391,0.08674135454920753,0.03164594891250104,0.0038038771599531174,0.05727220924546884,1.4892679883236768e-05,1.29781465188808,1.297552180894701,1.2974425710850819,1.2973683066661645,1.2973132916188956
392,0.08658657448510775,0.03164485377981542,0.004580243024975061,0.057609582221970344,1.4653492858845372e-05,1.2978473710074945,1.2975847048149578,1.2974749866108533,1.2974006336008674,1.2973455442085544
393,0.08655802416814815,0.03164377469136623,0.0037824870087206364,0.057548206806348035,1.441605294264014e-05,1.2978796152579462,1.297616749182709,1.2975069254129652,1.2974324888443236,1.2973773304176648
394,0.0865095678474006,0.031642711522768825,0.003899417817592621,0.058081335253472484,1.4180371707107615e-05,1.2979114156397598,1.2976483323191623,1.2975383859192204,1.2974638590963745,1.2974086293047764
395,0.09056282211731229,0.031641660826688456,0.003816068172454834,0.05988679321252863,1.3946460639018764e-05,1.2979428607470962,1.2976795423913887,1.2975694735255008,1.297494857750607,1.2974395585733098
396,0.08826109739021562,0.03164062567658789,0.00445215217769146,0.058421407925843855,1.371433113886898e-05,1.29797385604567,1.2977102834931724,1.2976000962824514,1.297525397010113,1.2974700334335907
397,0.08935669064508069,0.03163960530306362,0.004483092110604048,0.059369584760446265,1.3483994520322678e-05,1.2980044553977734,1.2977405723580495,1.2976302650794918,1.2975554893176495,1.297500070147855
398,0.09110714608714612,0.03163859891703451,0.003965418785810471,0.05883947518147977,1.3255462009661637e-05,1.2980345981389787,1.2977704292226129,1.2976600251858028,1.2975851922346637,1.2975297341399392
399,0.09083211057482775,0.031637605759788294,0.00393544789403677,0.05970004406229234,1.3028744745238064e-05,1.2980643249283643,1.2977998872549574,1.2976893988375742,1.2976145172329876,1.2975590268301458
400,0.08838327872395452,0.03163662908368501,0.004392301198095083,0.05805903005902813,1.2803853776931541e-05,1.2980935470706643,1.2978288547742314,1.297718288648223,1.2976433630878892,1.2975878434579302
401,0.08792808916266076,0.03163566965369893,0.0032156133092939854,0.057450591721666944,1.2580800065610596e-05,1.2981222383623974,1.2978573018786708,1.2977466713113655,1.2976717111538503,1.2976161693304538
402,0.09011352500481047,0.03163472446683706,0.004553603008389473,0.05950711329804792,1.2359594482598438e-05,1.2981505078546207,1.297885320971806,1.29777462878218,1.297699640798956,1.2976440837661547
403,0.08706498245602641,0.031633797120513105,0.003911877982318401,0.0570921470848884,1.2140247809143113e-05,1.2981782309630294,1.297912809621854,1.2978020620408521,1.2977270507551062,1.29767148241204
404,0.08193216330007402,0.03163289150618924,0.003982218448072672,0.05516550411780828,1.1922770735892038e-05,1.2982053410351857,1.297939666169634,1.2978288480499396,1.297753801504126,1.2976982114042765
405,0.09112389027119072,0.03163199978501853,0.00467343395575881,0.06002306838582783,1.1707173862370923e-05,1.298232080394657,1.2979661181794777,1.297855212695636,1.2977801222859833,1.297724506759197
406,0.08766097558900901,0.03163112408908368,0.004979846067726612,0.057462030421493386,1.1493467696467265e-05,1.2982583055504415,1.2979920896031734,1.2978811140671374,1.2978059876817312,1.297750350236621
407,0.08500864726335391,0.03163026645838775,0.0037290267646312714,0.05666561113206225,1.1281662653918065e-05,1.2982839995399131,1.2980175301712604,1.2979064814004249,1.2978313156975274,1.297775652667836
408,0.085786926030214,0.03162942584323147,0.0038401070050895214,0.056807764059975015,1.1071769057802285e-05,1.298309175283782,1.2980424664103127,1.297931349047393,1.2978561461049674,1.2978004585508942
409,0.08580368470191024,0.031628602476176965,0.003890137653797865,0.056433069427614294,1.0863797138037698e-05,1.298333828490582,1.2980668863235134,1.297955708922021,1.297880473045749,1.297824763344914
410,0.08791027796377053,0.03162779407841331,0.0038600978441536427,0.057088385714404666,1.0657757030882256e-05,1.2983579833710335,1.2980908634540478,1.297979641559556,1.2979043786558346,1.2978486494930834
411,0.08043511306888236,0.03162700521009987,0.003934048116207123,0.05569485347486181,1.0453658778440107e-05,1.2983816196907016,1.298114283705984,1.298002988507831,1.2979276744971282,1.2978719050628122
412,0.0906389629630458,0.031626229249349845,0.004501171875745058,0.059002849833605334,1.0251512328172147e-05,1.2984048691249164,1.298137311708234,1.2980259517556036,1.2979505941728158,1.2978947908199612
413,0.09009174766895943,0.03162546603536985,0.0037722070701420307,0.05957899551831299,1.005132753241114e-05,1.2984277533271062,1.2981599533363855,1.2980485314795274,1.2979731355212718,1.297917302590148
414,0.08687031708820131,0.03162471835881282,0.00420459033921361,0.05728056424640434,9.85311414788165e-06,1.2984501726162394,1.2981821334298165,1.2980706497221248,1.297995218758758,1.2979393605639888
415,0.0894703093318095,0.03162398327290772,0.004906584974378347,0.05856135687527579,9.656881835224395e-06,1.298472167820872,1.2982039361279214,1.2980924080715603,1.2980169512796293,1.2979610738397895
416,0.08758663321899496,0.031623262856132955,0.0037443269975483418,0.05716949690924993,9.462640158525439e-06,1.2984936917096772,1.2982253037526765,1.2981137410840184,1.298038263892618,1.2979823713432748
417,0.08445251592783803,0.03162255914199637,0.003847777843475342,0.0560403949801655,9.270398584850078e-06,1.2985147222745852,1.2982461774855651,1.2981345795976418,1.2980590808460242,1.2980031718225287
418,0.08582332493597791,0.03162187071453396,0.004449200816452503,0.05735297394570418,9.0801664837814e-06,1.298535323781607,1.2982666010751973,1.2981549605264875,1.2980794347513367,1.2980235044868296
419,0.08604546868482815,0.03162119668957674,0.0051040262915194035,0.057535543622936634,8.89195312696363e-06,1.2985555013604768,1.2982866026791107,1.2981749160356126,1.2980993592464942,1.298043403803068
420,0.08472977304389265,0.03162053782676554,0.0038964180275797844,0.05577748203802542,8.705767687650254e-06,1.2985751882180885,1.298306159041393,1.2981944342557683,1.2981188491106221,1.2980628698837915
421,0.08949567850395018,0.03161989120609649,0.003912469372153282,0.05857508769920702,8.521619240256925e-06,1.2985944957774123,1.2983253557600232,1.2982135931004237,1.2981379810113773,1.2980819810129527
422,0.08557293375732963,0.031619259923725475,0.004058839287608862,0.05645486295784714,8.33951675991914e-06,1.2986133639598152,1.298344102205956,1.2982322933774562,1.2981566503349473,1.2981006279537377
423,0.08901896324528119,0.03161864142169537,0.004077920224517584,0.05828282545861282,8.159469122054934e-06,1.2986318568238644,1.2983624679048595,1.2982506123037785,1.2981749402631673,1.298118898029825
424,0.09029734547173773,0.03161803487110621,0.003822358325123787,0.05881531987633467,7.98148510193211e-06,1.2986499872498436,1.2983804797555865,1.2982685781621826,1.2981928787920547,1.2981368193584262
425,0.0839436616362026,0.03161744373961775,0.004751584026962519,0.05546707186952956,7.805573374240755e-06,1.2986676535633206,1.2983980376237927,1.298286089959348,1.298210361876532,1.2981542837426312
426,0.08787479017492103,0.03161686512255439,0.003986917901784182,0.057768040494187906,7.631742512670284e-06,1.2986849342688975,1.298415229527968,1.2983032361744222,1.2982274778606033,1.2981713794849743
427,0.08356127331396711,0.03161630206053888,0.004722394049167633,0.055599175127315555,7.460000989491658e-06,1.298701782780659,1.2984319660140198,1.298319914274092,1.2982441188368095,1.2981879960606557
428,0.08281695921413104,0.031615753004125766,0.0044356719590723515,0.05690394480140779,7.290357175144428e-06,1.2987182460837696,1.2984483032498761,1.2983361733559682,1.2982603265552177,1.298204168274875
429,0.08737476253364995,0.031615216615925854,0.004306151065975428,0.05736634912820347,7.122819337828752e-06,1.2987343403342286,1.2984642589449475,1.2983520529208876,1.2982761585599358,1.2982199682164144
430,0.08360552851700877,0.031614694321103746,0.004157440271228552,0.05572183143748417,6.95739564310249e-06,1.2987500265114602,1.2984797912858506,1.298367511078621,1.2982915712593548,1.298235350088538
431,0.08750367138193493,0.03161418268950661,0.004644663073122501,0.05813444611799162,6.794094153483115e-06,1.2987653658326717,1.2984950046657473,1.2983826619830436,1.2983066814781745,1.2982504312032597
432,0.08738571554064017,0.03161368355488082,0.00470528332516551,0.057209451352043514,6.632922828054882e-06,1.2987803493410417,1.2985098409193776,1.2983974347861853,1.298321417489698,1.2982651435118868
433,0.08207634196326181,0.03161319790965513,0.0045014419592916965,0.055363156525334536,6.473889522080773e-06,1.2987949286054736,1.2985242796860335,1.2984118100803106,1.2983357544249432,1.2982794543906822
434,0.08610677773725102,0.03161272367583781,0.0039696781896054745,0.05643915451794518,6.317001986619794e-06,1.2988091327014544,1.2985383775968344,1.2984258571545055,1.2983497687053314,1.2982934452667645
435,0.08575273799474693,0.03161226110941767,0.004215850029140711,0.056785100563634505,6.162267868149073e-06,1.2988229850267763,1.2985521298947813,1.2984395604406722,1.2983634391253307,1.298307091939881
436,0.08299632060122636,0.031611811232938145,0.004069590009748936,0.05627746883188444,6.009694708191231e-06,1.2988364876787808,1.2985655102949172,1.2984528818458443,1.298376721018498,1.298320344971682
437,0.08446826068821628,0.0316113734543878,0.004371340852230787,0.056014577605105816,5.859289942946873e-06,1.2988496357632764,1.2985785348143883,1.2984658441465349,1.2983896411396074,1.2983332345084135
438,0.08656616160076441,0.03161094616949634,0.004729263950139284,0.05676069187155844,5.71106090293203e-06,1.2988624449778066,1.2985912464537985,1.2984785029900157,1.298402261715009,1.2983458264293095
439,0.0853395089075315,0.03161052951375772,0.004413821268826723,0.05707510445276339,5.565014812621025e-06,1.2988749330601255,1.298603641871062,1.2984908485479396,1.2984145699810425,1.29835810584615
440,0.08805409086831593,0.03161012319309833,0.0040201591327786446,0.05709206830763447,5.421158790094231e-06,1.2988871031723095,1.2986157274440748,1.2985028890436145,1.2984265772965473,1.2983700881431666
441,0.08592899644767937,0.031609727470309004,0.004103990271687508,0.056434588369342446,5.279499846691263e-06,1.2988989447153134,1.298627497408712,1.2985146188711214,1.2984382762738498,1.298381763770363
442,0.08813590986668764,0.03160934088413876,0.003964368253946304,0.0582971236883947,5.1400448866691386e-06,1.2989105002013357,1.298638995480987,1.2985260817434143,1.2984497106469715,1.298393175924369
443,0.0875080014927404,0.03160896427596108,0.005184147972613573,0.057362491665570677,5.0028007068658985e-06,1.2989217559450652,1.2986501934507269,1.298537248629103,1.2984608521415182,1.298404297632773
444,0.08306646961934781,0.03160859871651985,0.004831114783883095,0.05643531719186673,4.86777399636923e-06,1.2989327038278695,1.2986610657799693,1.2985480839945682,1.2984716575094528,1.2984150787497095
445,0.08787231751593053,0.03160824287430335,0.0039878590032458305,0.05738397612720171,4.734971336190505e-06,1.298943362631701,1.2986716479486944,1.298558629650876,1.2984821754611817,1.2984255751244462
446,0.09038201690348657,0.03160789523852632,0.004235031083226204,0.058827955542016655,4.604399198944028e-06,1.2989537573179712,1.2986819766923483,1.2985689345246563,1.2984924621450922,1.298435847313119
447,0.08084350467931484,0.031607559120664756,0.004143709782510996,0.054142458519795794,4.476063948531553e-06,1.2989638118957727,1.2986919633599234,1.2985788967692935,1.2985024066567206,1.298445777513453
448,0.08520583483210507,0.031607232750461345,0.004103930201381445,0.05631490617695934,4.349971839832148e-06,1.2989735738138928,1.2987016629856942,1.298588571374024,1.2985120624392854,1.298455417959289
449,0.0888693059777853,0.03160691456189185,0.003984968643635511,0.058930081501671554,4.2261290183972806e-06,1.298983093169572,1.2987111210488924,1.2985980028902362,1.2985214747686045,1.2984648152609766
450,0.08866547353327076,0.031606604919406665,0.004316801205277443,0.05794435255547925,4.1045415201513725e-06,1.298992353067422,1.29872032282372,1.2986071807751502,1.2985306366820015,1.2984739654880741
451,0.08787846005588819,0.0316063040218759,0.0031480127945542336,0.05813157944467662,3.985215271097538e-06,1.2990013630189716,1.2987292649252613,1.2986160959828728,1.2985395353389624,1.2984828526162961
452,0.08927039323960595,0.03160601120837103,0.004069349262863398,0.05824313910248463,3.868156087028814e-06,1.2990101219673216,1.2987379638406096,1.2986247730108589,1.2985481997356259,1.2984915086981441
453,0.0820847760442036,0.03160572812465876,0.004238309804350138,0.05551816898364726,3.7533696732446904e-06,1.2990185964947063,1.2987463771971317,1.2986331611092061,1.298556572496478,1.2984998707886
454,0.08964878240525531,0.03160545301611959,0.004092150367796421,0.058088439449564565,3.640861624273034e-06,1.2990268306567643,1.2987545512029122,1.2986413120198845,1.298564710896716,1.2985080015292578
455,0.08170172702443208,0.03160518745116601,0.004837764892727137,0.05519231188190774,3.5306374235974217e-06,1.2990347904139667,1.298762445918151,1.2986491791157802,1.2985725611671353,1.2985158402480508
456,0.0884500130284186,0.03160492956393204,0.004239229951053858,0.05746474793838258,3.4227024433899053e-06,1.2990425101760856,1.2987701119940123,1.2986568211849927,1.2985801885969113,1.298523457858915
457,0.08560596255429159,0.031604679418412454,0.0041654398664832115,0.05736853382615292,3.317061944249127e-06,1.2990499944587033,1.298777548876168,1.2986642359908906,1.2985875884565414,1.298530846851262
458,0.0844218612358983,0.031604437410658485,0.004829174838960171,0.056930596954440804,3.21372107494399e-06,1.2990572467029575,1.2987847451231365,1.2986714072779095,1.2985947428074378,1.2985379885985664
459,0.08437211226273766,0.031604203406282526,0.004329910967499018,0.05664359291738397,3.1126848721626714e-06,1.2990642680782636,1.2987917052959463,1.2986783399810173,1.2986016565345373,1.298544887783841
460,0.0861217384548189,0.03160397675421446,0.004493172280490398,0.05797673622499584,3.013958260267153e-06,1.299071080813996,1.2987984491659332,1.2986850522337843,1.2986083474351007,1.2985515626998054
461,0.08816733352056681,0.031603756867809314,0.004951206035912037,0.05815894830375063,2.9175460510532147e-06,1.299077686078158,1.2988049922471183,1.2986915658483347,1.2986148401877247,1.2985580394689944
462,0.09297263525194709,0.03160354270196583,0.004692793823778629,0.06090135819632529,2.8234529435159238e-06,1.299084118541742,1.2988113626446018,1.2986979091471305,1.298621165370951,1.298564351310248
463,0.08497260682632651,0.031603335783735725,0.003644876182079315,0.05618602332114284,2.7316835236205906e-06,1.2990903246853305,1.2988175172167409,1.2987040402757999,1.298627280169828,1.2985704537066085
464,0.08636339477116343,0.031603135923620886,0.0049529350362718105,0.056598643440951404,2.642242264079261e-06,1.299096319360506,1.2988234602602833,1.298709961406997,1.2986331869166474,1.2985763500253484
465,0.08430438175524084,0.03160294297539963,0.00404480891302228,0.05671402436325402,2.5551335241327673e-06,1.2991021112308039,1.298829197995982,1.2987156773022186,1.2986388877888464,1.2985820393781033
466,0.08833175355314155,0.031602756331011624,0.0046720425598323345,0.05697475168769793,2.4703615493381744e-06,1.2991077063149745,1.2988347454422333,1.2987212074682244,1.2986444064820113,1.2985875496023809
467,0.08798669760136255,0.031602575996181125,0.004381631966680288,0.05736165215807959,2.387930471361959e-06,1.299113117551364,1.298840103317556,1.2987265482302228,1.2986497372803312,1.2985928737902446
468,0.08349666277278711,0.03160240206837748,0.004125060047954321,0.056084016432490565,2.3078443077785656e-06,1.2991183361291898,1.298845273578776,1.2987317001987702,1.2986548778707008,1.2985980063929328
469,0.08599885767157994,0.031602233885732176,0.003797267097979784,0.0574078643271736,2.2301069618746185e-06,1.299123380830772,1.2988502725866065,1.2987366824816895,1.298659849574838,1.2986029704314552
470,0.08586239065452007,0.03160207149667152,0.004044719040393829,0.05671548074723381,2.154722222458688e-06,1.2991282510659858,1.2988550991414014,1.2987414934886732,1.29866465046971,1.2986077638715492
471,0.0842674325666884,0.03160191483187525,0.004353850614279509,0.05665374874220036,2.0816937636766182e-06,1.2991329531328122,1.2988597572579368,1.2987461346891938,1.2986692801977755,1.2986123848614348
472,0.08992379244612118,0.031601762776828496,0.004568662028759718,0.059073000753354324,2.011025144832475e-06,1.2991375090653858,1.2988642771712187,1.2987506412162946,1.2986737772809651,1.2986168745869962
473,0.08783613757743616,0.03160161571851505,0.003996708896011114,0.057871974948767474,1.942719810215019e-06,1.299141914551404,1.2988686483197984,1.2987549997894796,1.2986781270037808,1.298621217448137
474,0.08411299448466364,0.03160147394442102,0.004141699988394976,0.05652373786336148,1.8767810889299138e-06,1.2991461659963237,1.298872861461884,1.2987592008056423,1.2986823192679033,1.2986254026757464
475,0.08917988206506594,0.031601336814677715,0.004290389828383923,0.0582831265905688,1.8132121947373969e-06,1.299150282091458,1.2988769348739928,1.2987632624837384,1.2986863733086633,1.2986294509520515
476,0.09125078597218814,0.03160120375144368,0.004488811828196049,0.05855557004022792,1.7520162258957028e-06,1.2991542643556386,1.2988808857782452,1.298767206001742,1.2986903123646496,1.298633386941217
477,0.08301943639789924,0.03160107543879528,0.003928087651729584,0.05584278899071105,1.6931961650100031e-06,1.2991581006758428,1.2988846982090656,1.2987710107043215,1.2986941113741413,1.2986371814440514
478,0.08643075912000453,0.031600951395796995,0.003662065602838993,0.057085750931384176,1.6367548788870986e-06,1.2991618072002753,1.2988883833102962,1.2987746891039194,1.298697785019151,1.2986408513716658
479,0.08644678887587082,0.03160083145603154,0.004071988631039858,0.05727256093157521,1.582695118395637e-06,1.2991653915096786,1.2988919456084536,1.2987782455910695,1.2987013374192977,1.298644400480597
480,0.08349901789351882,0.03160071571082115,0.004674812778830528,0.056549726975823625,1.5310195183320775e-06,1.299168855484443,1.298895385456559,1.2987816770447813,1.2987047628145303,1.2986478210234775
481,0.08537817085986639,0.03160060390493883,0.003837506752461195,0.055553240259280524,1.4817305972922726e-06,1.2991721979650417,1.2988987056685022,1.2987849920493766,1.2987080741178323,1.298651129228337
482,0.08136188528954623,0.03160049621422854,0.004034148994833231,0.05462479997858318,1.4348307575486811e-06,1.2991754224367509,1.298901905288148,1.2987881840525728,1.298711260953304,1.2986543119299483
483,0.08629987868269932,0.03160039192360229,0.003642626106739044,0.05653077397855973,1.3903222849333505e-06,1.299178545833685,1.2989050033313336,1.2987912749218957,1.2987143471058422,1.2986573944127124
484,0.08587839379116571,0.031600290819906944,0.004574141930788755,0.056249795637616506,1.3482073487264212e-06,1.29918157122985,1.2989080068720575,1.2987942719157433,1.2987173398896297,1.2986603839713105
485,0.08981145986378852,0.03160019232532787,0.004485932178795338,0.05805479648105013,1.3084880015504796e-06,1.299184512454718,1.2989109335537885,1.2987971931869802,1.2987202575466612,1.2986632989228586
486,0.08799837819849221,0.031600096370762436,0.004177999682724476,0.05880702462413009,1.271166179270472e-06,1.2991873796869184,1.298913786164524,1.2988000390571361,1.2987230986990659,1.2986661364876386
487,0.0849868858543551,0.031600003332810066,0.004518652334809303,0.05552033960641409,1.2362437008993561e-06,1.2991901612031402,1.2989165527456836,1.29880279814165,1.2987258526331102,1.298668886657591
488,0.08499770138840787,0.03159991282988957,0.004324150737375021,0.05677073732927968,1.2037222685094684e-06,1.2991928698647295,1.2989192440163126,1.298805481163019,1.2987285303513503,1.2986715606246422
489,0.09052586093917192,0.03159982422139761,0.004852634388953447,0.05837787772215586,1.1736034671495336e-06,1.2991955160938253,1.2989218782308083,1.2988081091733916,1.2987311545335556,1.2986741822736307
490,0.08835391530402335,0.03159973754123859,0.00394100695848465,0.05757468821559707,1.1458887647674477e-06,1.2991981017727756,1.298924453361173,1.298810680324646,1.2987337234852994,1.2986767499462064
491,0.08301526947050852,0.03159965309994824,0.004085918888449669,0.055595019829802826,1.1205795121386967e-06,1.2992006250656782,1.2989269626587414,1.2988131841892687,1.2987362241251361,1.2986792484730019
492,0.08109010416481083,0.03159957074499633,0.004867445211857557,0.054689708444504,1.0976769428005576e-06,1.2992030875020537,1.2989294112433891,1.298815626403249,1.298738661960629,1.2986816830472054
493,0.087642984475954,0.03159948987881373,0.004053798038512468,0.05756011513111875,1.0771821729919393e-06,1.2992055082764753,1.2989318161900854,1.2988180237146465,1.2987410543051847,1.2986840719389627
494,0.08939491845787981,0.03159941014500367,0.0040411390364170074,0.058021138163904806,1.0590962015990181e-06,1.2992078931309339,1.2989341863740431,1.2988203875439401,1.2987434143587389,1.2986864295844758
495,0.08471883273354602,0.03159933161786656,0.004159118980169296,0.05646779414998695,1.04341991010651e-06,1.2992102403103856,1.2989365215615045,1.2988227164277861,1.2987457390232444,1.2986887512822471
496,0.08446367835039606,0.03159925417563473,0.004049309063702822,0.056167824842461495,1.0301540625547597e-06,1.2992125547771358,1.2989388247584361,1.2988250134117225,1.2987480316019535,1.2986910406651055
497,0.09297734992106926,0.031599177132966255,0.004175850190222263,0.059695008059082094,1.0192993055024594e-06,1.299214856279796,1.298941114725782,1.2988272982034583,1.2987503132145344,1.2986933203671152
498,0.08768145102316159,0.031599100583413225,0.004622992128133774,0.05784129648068631,1.0108561679951475e-06,1.2992171413868945,1.2989433891260365,1.298829568618413,1.2987525812675789,1.298695587084542
499,0.08436777031250904,0.031599024564902434,0.0041333590634167194,0.05641508250756628,1.00482506153944e-06,1.299219409649936,1.298945648029858,1.2988318237229672,1.2987548339302535,1.2986978381478738
500,0.08673662681953798,0.031598948686404435,0.0044540720991790295,0.05810834961616615,1.00120628008296e-06,1.2992216734741497,1.2989479036176628,1.2988340751690663,1.2987570822787446,1.2987000841552796
