iteration,training_loss,validation_loss,iter_time,raw_grad_norm,lr,t0,t1,t2,t3,t4,t5,t6,t7,t8,t9,t10,t11,t12
0,0.034335311753822616,0.008823653685642587,0.4778138749534264,,,1.2500000000000002,1.2500000000000002,1.2500000000000002,1.2500000000000002,1.2500000000000002,1.2500000000000002,1.2500000000000002,1.2500000000000002,1.2500000000000002,1.2500000000000002,1.2500000000000002,1.2500000000000002,1.2500000000000002
1,0.0337661878408377,0.008823626333359076,0.1669247079989873,0.023264756623149682,9.999999999999972e-07,1.2500022360684313,1.2500022360676066,1.2500022360667378,1.250002236065766,1.250002236064637,1.250002236063282,1.2500022360615948,1.2500022360594039,1.2500022360563985,1.2500022360519616,1.2500022360446545,1.250002236030161,1.2500022359869103
2,0.03309127245210266,0.008823544909629994,0.16400170797714964,0.02324979493816694,2.980000000000002e-06,1.2500089015437688,1.2500088984954945,1.250008896554983,1.250008894991673,1.2500088936514722,1.2500088924704054,1.2500088914179606,1.2500088904756765,1.250008889629248,1.250008888865242,1.2500088881681648,1.2500088875118545,1.250008886801006
3,0.034798306689280877,0.008823409239483488,0.0027632919955067337,0.02376733774268782,4.960000000000007e-06,1.250020003613872,1.2500199953879223,1.250019990342103,1.2500199869788646,1.2500199844603919,1.250019982446793,1.2500199807884618,1.2500199794074338,1.250019978253727,1.250019977287837,1.2500199764698972,1.2500199757384167,1.2500199748781342
4,0.034383391942975815,0.008823219451224497,0.0029752079863101244,0.022954857089942063,6.939999999999998e-06,1.250035518327449,1.250035505065805,1.2500354988382458,1.2500354962781646,1.25003549522286,1.250035494945507,1.250035495177585,1.2500354957974569,1.2500354967308935,1.250035497917092,1.250035499290633,1.2500355007453419,1.2500355019012885
5,0.033096426814531406,0.008822975960703909,0.002913209027610719,0.022523927484099312,8.919999999999989e-06,1.250055435452126,1.2500554041407421,1.2500553940997154,1.250055392230885,1.2500553932000045,1.2500553954557956,1.250055398480908,1.250055402060511,1.2500554060710465,1.2500554104138804,1.2500554149841663,1.2500554196138753,1.2500554237076966
6,0.0344820491632915,0.008822677928020118,0.0027786659775301814,0.02320254731898317,1.0899999999999994e-05,1.2500797714436085,1.250079740455479,1.2500797356844344,1.2500797405618704,1.250079748295368,1.2500797571746058,1.2500797667017984,1.2500797766798715,1.250079786985243,1.2500797975062312,1.2500798081121407,1.2500798185768887,1.2500798280579535
7,0.032735379036784584,0.008822326942450743,0.002900457999203354,0.022287257938742203,1.2879999999999999e-05,1.2501084935613003,1.2501084515177607,1.2501084351349872,1.2501084336662323,1.250108438001512,1.2501084454695497,1.2501084550814379,1.2501084663237603,1.2501084788416874,1.2501084923418821,1.250108506538623,1.2501085210408005,1.2501085346358722
8,0.03343788840904313,0.008821921920378681,0.0026410419959574938,0.022735974468286384,1.4860000000000003e-05,1.2501416170944204,1.2501415786001768,1.250141556964736,1.2501415510758227,1.250141552329573,1.2501415580758903,1.2501415672227334,1.2501415791055381,1.2501415932107742,1.2501416090941384,1.250141626324466,1.2501416443398228,1.250141661511991
9,0.03981688864509796,0.008821459649196214,0.0027713750023394823,0.024760053112996023,1.6840000000000008e-05,1.2501792740864803,1.2501792786125208,1.2501792874283983,1.2501793056517192,1.2501793280339626,1.2501793533542838,1.2501793811435864,1.2501794110173563,1.250179442592596,1.250179475484398,1.2501795092760197,1.250179543355952,1.2501795757479717
10,0.03266931275285035,0.008820944174185334,0.002670333022251725,0.022706523905126914,1.8819999999999986e-05,1.250221297793863,1.250221377877911,1.2502214146357133,1.2502214490515757,1.2502214830775569,1.2502215178707035,1.2502215539513974,1.2502215913790073,1.2502216299749547,1.2502216694437127,1.2502217093898085,1.2502217491425842,1.2502217863285585
11,0.034778144780997056,0.008820374906397501,0.002961291989777237,0.022978463003781986,2.079999999999999e-05,1.2502677348588047,1.2502678858570193,1.2502679482328458,1.2502679966173684,1.2502680405593198,1.2502680835929338,1.2502681271703553,1.2502681717470594,1.2502682173155404,1.250268263646566,1.2502683103484185,1.2502683566726898,1.250268399798848
12,0.03303353891989941,0.008819752451190566,0.002778041991405189,0.022890138840744135,2.2779999999999995e-05,1.2503185796510183,1.2503187959969182,1.2503188780689785,1.2503189311289047,1.2503189745635976,1.2503190150575134,1.2503190552972174,1.2503190962764956,1.2503191382325807,1.2503191810406433,1.2503192243291092,1.2503192672701247,1.2503193065520235
13,0.0335562873928146,0.008819076644083981,0.002717500028666109,0.022819152727045947,2.476e-05,1.2503738229121815,1.2503740973786346,1.250374192133783,1.2503742444048405,1.250374282800474,1.250374316821538,1.2503743501947282,1.2503743843291169,1.2503744196221704,1.2503744559918208,1.2503744930391782,1.2503745298152402,1.2503745624497764
14,0.0344697413986352,0.008818346936319688,0.002811332989949733,0.0226955547847209,2.6740000000000005e-05,1.250433445427284,1.2504337556097138,1.250433868168919,1.2504339307952352,1.2504339767383856,1.2504340173929898,1.2504340572772326,1.2504340981121198,1.2504341403885295,1.2504341840131576,1.2504342285123673,1.25043427276949,1.2504343122806652
15,0.03407079987019658,0.008817562715986884,0.0029791250126436353,0.022993039484399166,2.8719999999999996e-05,1.250497488200264,1.2504978356791536,1.2504979739265791,1.2504980591571153,1.2504981250020712,1.2504981835239166,1.25049823974108,1.250498295695032,1.250498352068279,1.2504984088699065,1.2504984656547729,1.2504985212209776,1.250498570464435
16,0.03466243536094658,0.008816723579780085,0.0029211670043878257,0.023585093506613232,3.07e-05,1.250566088163779,1.2505664205492792,1.250566576914184,1.2505666854426982,1.2505667731299452,1.2505668508717407,1.2505669237435602,1.25056699409706,1.2505670629229413,1.2505671304726096,1.2505671964579805,1.2505672596959356,1.250567314532649
17,0.0306605054997384,0.008815836304517561,0.002702249970752746,0.021635880018020557,3.2680000000000006e-05,1.2506388924703322,1.2506391296724082,1.2506392564179754,1.2506393475259368,1.2506394195152064,1.250639481098473,1.2506395370396641,1.250639589815655,1.2506396405971771,1.2506396897696141,1.250639737101882,1.2506397813310552,1.2506398161280026
18,0.03602278850331302,0.00881489135322998,0.0027686250396072865,0.02386441806741447,3.466000000000001e-05,1.2507162855177918,1.250716479524926,1.2507166096005566,1.2507167058078899,1.2507167802198462,1.2507168418384886,1.2507168960287616,1.2507169457285177,1.250716992420106,1.2507170366826375,1.2507170783754116,1.2507171161747015,1.2507171430570845
19,0.034365376352250704,0.008813891958779713,0.002830791985616088,0.022835222621292735,3.664e-05,1.2507980338580453,1.250798238679749,1.2507983949616728,1.2507985136471824,1.2507986042363868,1.2507986771364807,1.25079873911255,1.2507987941150034,1.2507988443150846,1.2507988907458683,1.2507989335385543,1.2507989714328653,1.2507989967657032
20,0.033273578273468794,0.008812842051034097,0.0029088339651934803,0.021876884694349553,3.8620000000000006e-05,1.250883961434471,1.2508841418179313,1.25088431031056,1.250884444867209,1.2508845501402406,1.2508846367256525,1.2508847119211712,1.2508847800424234,1.250884843464276,1.2508849033074343,1.250884959694077,1.2508850112040981,1.2508850493239567
21,0.03123104373266121,0.008811743186737924,0.0028090410050936043,0.02183374360704363,4.0600000000000004e-05,1.2509740727643957,1.2509742255237386,1.2509743750250966,1.2509744897872663,1.2509745750087593,1.2509746423529122,1.250974699582633,1.2509747511464495,1.250974799392747,1.2509748453327145,1.250974888914806,1.2509749284173173,1.250974954324153
22,0.03608780002340218,0.008810586120514524,0.003031665983144194,0.02359501136026526,4.2579999999999996e-05,1.2510688217784274,1.2510689468219656,1.2510691159718832,1.251069246265687,1.2510693426842727,1.2510694190879128,1.2510694845268153,1.2510695441050028,1.2510696004884647,1.251069654819749,1.2510697070507235,1.251069755289107,1.251069789083712
23,0.037424049722352436,0.008809367369687657,0.0027981249731965363,0.024735032935848788,4.4559999999999993e-05,1.2511684941179155,1.2511686461183682,1.2511688512271446,1.2511690165722797,1.251169146105129,1.2511692540972246,1.2511693498916734,1.251169438772255,1.2511695235219777,1.2511696053557633,1.2511696842412996,1.2511697581589427,1.2511698157468274
24,0.03379157549549166,0.008808095060829545,0.002700874989386648,0.02278334218961857,4.654e-05,1.2512724790863374,1.251272727753207,1.251272991917986,1.2512732034842682,1.2512733721149185,1.2512735148791343,1.2512736424730304,1.2512737608924898,1.25127387333586,1.2512739812725617,1.2512740848027688,1.2512741818518378,1.2512742601606333
25,0.031242659951798608,0.008806776003753826,0.0029117499943822622,0.021723374001216614,4.8519999999999996e-05,1.2513805027961429,1.2513808484736826,1.2513811316194816,1.2513813448018745,1.2513815105649337,1.251381649498707,1.251381773247274,1.2513818879747836,1.2513819968117441,1.2513821010882111,1.2513822007219242,1.2513822933276122,1.2513823655118064
26,0.03610414561598655,0.008805397188627304,0.0027189169777557254,0.024069292213939678,5.05e-05,1.2514933227339133,1.251493802412059,1.251494126410948,1.251494365214361,1.2514945511041535,1.251494706692558,1.251494844325423,1.2514949705917153,1.2514950889438698,1.2514952009521996,1.2514953066765921,1.251495403680576,1.2514954776071376
27,0.034152387641869605,0.008803965980155187,0.002727291954215616,0.022704490257073374,5.2480000000000006e-05,1.251610483032804,1.2516110581234474,1.25161143729721,1.251611710470667,1.251611919589597,1.25161209186542,1.2516122419759417,1.251612377816729,1.2516125036312304,1.251612621483504,1.2516127317149517,1.2516128319115831,1.251612906759902
28,0.0340294605109411,0.008802480743137185,0.0028511249693110585,0.02327860440342002,5.4460000000000004e-05,1.251732244653032,1.2517328090012347,1.2517332221888846,1.2517335238996903,1.2517337516860525,1.2517339352191896,1.2517340913292738,1.2517342293666343,1.2517343545464645,1.2517344695837223,1.251734575226144,1.251734669173485,1.2517347351899144
29,0.03551937875374069,0.00880093788422402,0.0027087920461781323,0.023822973206537132,5.644000000000001e-05,1.251858767934274,1.251859285119512,1.2518597256860104,1.2518600606432273,1.2518603152288394,1.2518605191956353,1.251860690803764,1.2518608406360816,1.2518609748046032,1.2518610966406545,1.2518612072728266,1.2518613044866822,1.251861371062935
30,0.03372506704163186,0.008799344243428635,0.0027285830001346767,0.022768067478325386,5.842e-05,1.2519896236674883,1.2519900745116415,1.2519905094002888,1.2519908473991699,1.2519911023918857,1.2519913037210537,1.2519914706354724,1.251991614582749,1.2519917422564892,1.251991857333563,1.25199196109135,1.2519920511990985,1.2519921092493562
31,0.03375039747693503,0.008797703964901865,0.0026744999922811985,0.022292024174031613,6.04e-05,1.2521247363524324,1.2521248904525948,1.2521252151583013,1.2521254937735613,1.2521257091580256,1.252125882285842,1.2521260291885086,1.252126159632824,1.2521262792217018,1.2521263908159124,1.2521264949998456,1.2521265886921955,1.252126651778139
32,0.034580061004602904,0.008796007502828055,0.0028384579927660525,0.023294798735236648,6.238000000000001e-05,1.2522643780662,1.2522643165128018,1.2522645567955244,1.2522647896300272,1.2522649745314067,1.2522651260215776,1.2522652575937983,1.2522653776852466,1.2522654910533806,1.2522655999405166,1.2522657044036003,1.2522658007457563,1.252265867222846
33,0.03272336562349611,0.008794263334114299,0.002760583010967821,0.02266146154655847,6.436e-05,1.2524084022674964,1.2524079832074793,1.2524080661821724,1.2524081883479967,1.2524082795732754,1.252408348746921,1.252408407552991,1.2524084633046961,1.2524085198209136,1.252408578507787,1.2524086386418998,1.2524086956590632,1.2524087259247532
34,0.03535373262284074,0.008792463422172983,0.002774624968878925,0.022948545830435006,6.634e-05,1.252556805118153,1.252556085160285,1.2525560510030003,1.2525560959956366,1.2525561285469389,1.2525561527861522,1.252556178065038,1.252556209967468,1.2525562509128862,1.2525563011524758,1.2525563589667796,1.2525564187738396,1.2525564549089163
35,0.0344235655139412,0.008790608101924004,0.0027728750137612224,0.02320522612062359,6.832000000000001e-05,1.2527097391977005,1.2527087519103202,1.2527086192175398,1.2527085996139877,1.2527085826472648,1.2527085684516426,1.2527085643167988,1.2527085742841995,1.2527085995468092,1.2527086393642437,1.2527086911721297,1.2527087485047332,1.2527087837546984
36,0.033107876250898206,0.008788705451916073,0.0027347920113243163,0.02211605330754085,7.03e-05,1.2528667315524054,1.2528653530547056,1.2528650771371141,1.2528649815619368,1.2528649176171285,1.2528648739352606,1.2528648526440556,1.252864854853144,1.2528648798435766,1.2528649255091,1.2528649882146163,1.2528650604583396,1.2528651125506665
37,0.03366783300625331,0.008786749489593522,0.002703542006202042,0.022903410475016674,7.228e-05,1.253028216065336,1.253026312667744,1.2530258961419674,1.2530257490837384,1.2530256638601784,1.2530256117214535,1.2530255884175594,1.2530255924661555,1.2530256219974372,1.253025674321452,1.253025745411856,1.2530258272811672,1.2530258885606755
38,0.034322686802298524,0.008784740353019906,0.0029440830112434924,0.022598340169981496,7.426e-05,1.2531938902929656,1.2531916207163944,1.2531911023833064,1.2531909159311259,1.2531908176470616,1.2531907672107854,1.2531907551842223,1.2531907773453816,1.253190830186231,1.253190909918173,1.2531910116705027,1.25319112659138,1.253191221292789
39,0.032976936483973616,0.0087826817259524,0.0027008330216631293,0.02260691021225645,7.624e-05,1.2533639125628089,1.253361204836159,1.2533605359581097,1.2533602752393682,1.2533601343881242,1.2533600586607276,1.2533600322340108,1.2533600475343427,1.253360099072102,1.2533601817613778,1.2533602897708156,1.2533604133120653,1.2533605169027895
40,0.032395974400156076,0.008780578504247682,0.0027954159886576235,0.022305917674022926,7.822e-05,1.2535382028318918,1.253534872003536,1.253533933383935,1.2535335023801033,1.2535332382987634,1.2535330678310506,1.2535329662647023,1.2535329210423243,1.2535329235375183,1.2535329664923784,1.2535330424198015,1.253533140021144,1.2535332212101395
41,0.032210320391001385,0.008778431080683933,0.0026505839778110385,0.021704277542336413,8.020000000000001e-05,1.253716381034134,1.2537121950418373,1.2537109821986492,1.2537103889790036,1.253710009702383,1.2537097515588838,1.2537095811286236,1.253709481132141,1.2537094400197153,1.2537094485169251,1.2537094975867635,1.253709574483905,1.2537096385229718
42,0.03251643590057912,0.008776234524539274,0.0026989170000888407,0.02237642858173518,8.218e-05,1.2538988633036483,1.2538937365113594,1.2538922408086244,1.2538914706415647,1.2538909530613915,1.2538905790443695,1.2538903090501072,1.2538901226192714,1.2538900061142615,1.2538899486683257,1.253889939891045,1.253889965659802,1.253889982662311
43,0.03269921097218127,0.0087739897995604,0.0027251249994151294,0.02233670156678709,8.416000000000001e-05,1.2540856715292656,1.2540794823392454,1.2540776514193754,1.2540766605795148,1.2540759642730903,1.2540754378572139,1.2540750358986599,1.2540747344917071,1.254074517432595,1.2540743717411384,1.2540742851831457,1.2540742418211168,1.2540741953082783
44,0.03594327226692086,0.008771680167095465,0.0026736250147223473,0.023269264377864744,8.614e-05,1.2542772406624338,1.2542700806229294,1.2542680270790214,1.2542669439424168,1.2542661972788987,1.254265641967673,1.2542652254489188,1.254264920365312,1.2542647083405718,1.2542645747701164,1.254264506050345,1.254264484848643,1.2542644621048324
45,0.03594402331579729,0.008769305154163043,0.002620000042952597,0.02366174238647723,8.812e-05,1.254473863040455,1.2544657033704316,1.254463553502643,1.254462492564126,1.254461794249613,1.2544612953609595,1.2544609388629697,1.2544606960949842,1.254460548152557,1.2544604800588621,1.254460477801432,1.2544605233922388,1.2544605655950591
46,0.0355448310626239,0.008766863320479565,0.0028584590181708336,0.02352634740745818,9.010000000000001e-05,1.2546752052651649,1.2546663740547999,1.2546643266065167,1.2546634398072039,1.254662915011926,1.2546625782771657,1.2546623717917151,1.25466226798043,1.2546622491946753,1.254662301516787,1.2546624117126866,1.2546625621351373,1.2546627001773103
47,0.03046085729133351,0.008764390465861596,0.0028817910351790488,0.021322281865852763,9.208000000000001e-05,1.2548800823058366,1.2548703931083682,1.2548682431857452,1.2548673574937756,1.2548668534619887,1.2548665401017927,1.2548663556900075,1.2548662719392176,1.2548662712474228,1.2548663398429367,1.2548664645330418,1.2548666273937656,1.254866773904193
48,0.032983664693219526,0.008761869932522225,0.0026521249674260616,0.022267783966361837,9.406e-05,1.2550890691627443,1.2550786196408592,1.2550763490781596,1.255075418719584,1.2550748862411307,1.2550745502439558,1.2550743466034617,1.2550742463079376,1.255074231393785,1.2550742877774717,1.255074401895774,1.2550745551959681,1.2550746909193085
49,0.034048391937261856,0.008759292732734583,0.0030062500154599547,0.02280840855183648,9.604e-05,1.2553025387421963,1.2552914456995456,1.2552891252964273,1.2552881982235589,1.2552876743154096,1.2552873459367861,1.2552871483293644,1.2552870527381774,1.2552870414938055,1.255287100680793,1.2552872167307048,1.255287370741998,1.25528750390266
50,0.032034398837062494,0.008756673911227295,0.002759624971076846,0.021898819917505592,9.802e-05,1.2555199018112844,1.2555081867995042,1.2555057434469592,1.2555047267896793,1.2555041196006331,1.2555037131895006,1.2555034431577747,1.2555032806922213,1.2555032077326338,1.2555032098021606,1.2555032726588617,1.2555033764685466,1.2555034598420998
51,0.035305449704211775,0.008753987358801193,0.0027770829619839787,0.023803400872803415,0.0001,1.255742591353706,1.2557303219342077,1.2557278445105806,1.2557268285955188,1.2557262156072997,1.2557257948865026,1.255725503935749,1.2557253156822261,1.2557252132647672,1.2557251829606162,1.2557252109232708,1.2557252772480283,1.2557253186283261
52,0.03358566260331726,0.00875130284526547,0.002870458993129432,0.022992110214833494,9.999879371991704e-05,1.2559656556325396,1.2559527241710724,1.255950081800815,1.2559489670613273,1.2559482710542753,1.2559477750890589,1.2559474143206972,1.2559471603511838,1.2559469953001985,1.2559469045880465,1.2559468735827286,1.2559468814316472,1.25594686224947
53,0.033785859735615126,0.00874861601789221,0.0027228330145590007,0.022805026409486177,9.999517493846056e-05,1.2561887005221155,1.256175293280303,1.2561725403634125,1.2561713562652936,1.2561706007312357,1.2561700514589327,1.2561696421430688,1.2561693431059824,1.2561691353260451,1.256169003237445,1.2561689313166042,1.256168897678901,1.2561688337891923
54,0.03432813403327783,0.00874592812125131,0.002916708996053785,0.022664046529741903,9.998914383200487e-05,1.2564116513175294,1.2563978122057382,1.2563950255453626,1.2563938310872926,1.256393063742456,1.2563925029527423,1.2563920835897429,1.2563917759300895,1.2563915604085951,1.2563914207916729,1.2563913408598766,1.256391297836682,1.2563912206475631
55,0.0327088766337893,0.008743243806924879,0.002694374998100102,0.022499867521674263,9.998070069449754e-05,1.256634344189369,1.2566202904241723,1.2566174850263365,1.256616256672381,1.2566154441051975,1.2566148342846128,1.2566143649706492,1.2566140070950917,1.2566137408987235,1.256613549675228,1.2566134166275829,1.256613318165411,1.2566131807327976
56,0.033938503581812884,0.008740559473086289,0.002699374977964908,0.022983344336686782,9.996984593744525e-05,1.2568574411929727,1.2568428345379103,1.2568399363746194,1.2568386633059943,1.2568378178839477,1.256837180827898,1.256836687034818,1.2568363054443563,1.2568360148171986,1.2568357973326907,1.2568356352976033,1.2568355041584558,1.2568353278193538
57,0.03297712782131515,0.008737879919306614,0.0026929579908028245,0.022361113356961473,9.99565800898935e-05,1.2570801734770938,1.2570651822160517,1.257062189301958,1.25706085734422,1.2570599600923502,1.2570592737901345,1.2570587318769602,1.2570583023095543,1.257057963046215,1.2570576956029056,1.2570574816929843,1.2570572960047945,1.2570570600422624
58,0.034960792288623206,0.008735193146857471,0.002741500036790967,0.023170817632189238,9.994090379840098e-05,1.2573031458374744,1.2572880145686112,1.2572850150744403,1.257283680627425,1.2572827765958987,1.2572820798174316,1.2572815243148094,1.2572810782125543,1.2572807194224527,1.2572804293248296,1.2572801894201266,1.2572799739191953,1.2572797021322373
59,0.0346968603858869,0.008732501564213787,0.0027631670236587524,0.023194871298821227,9.992281782700807e-05,1.2575264569178577,1.2575111762347018,1.2575082160306763,1.257506921016467,1.2575060476299293,1.2575053738067028,1.2575048345702051,1.257504398676637,1.2575040444688166,1.2575037536355875,1.2575035078520864,1.2575032811777136,1.2575029909942976
60,0.03313434927469335,0.00872981294273737,0.002780167036689818,0.022904070934108317,9.990232305719945e-05,1.2577498341890019,1.2577345037062757,1.257731540340381,1.2577302146259537,1.2577292980656334,1.2577285762957535,1.2577279868764368,1.2577274991191705,1.257727091251089,1.25772674464063,1.257726440552532,1.2577261523872323,1.2577257951720886
61,0.031799501099695274,0.008727140648666157,0.002774624968878925,0.02160698028667436,9.98794204878613e-05,1.2579722491399978,1.2579568646651451,1.2579538211658916,1.2579523975471534,1.257951375106199,1.2579505461245157,1.2579498509816356,1.2579492599189117,1.2579487512716077,1.2579483061565115,1.2579479053810165,1.2579475215636855,1.257947067216417
62,0.03441635487656231,0.008724461695395768,0.0028751250356435776,0.023496499062280934,9.985411123523256e-05,1.2581952897674467,1.258179929323351,1.2581767878244683,1.258175253419723,1.2581741169552225,1.2581731746814298,1.2581723683664927,1.2581716684882558,1.2581710531658488,1.2581705031225427,1.2581699986557215,1.2581695115911522,1.2581689519285362
63,0.031748464115428525,0.008721800045187583,0.002722458040807396,0.021489994042717047,9.982639653285048e-05,1.2584173016760702,1.2584019653659777,1.2583986111445944,1.2583968713989135,1.258395547786516,1.2583944353874261,1.2583934734642606,1.2583926299855182,1.2583918808701695,1.258391204981743,1.258390581007686,1.2583899791477176,1.2583893062605318
64,0.03470436149332632,0.008719130320021447,0.0027350829914212227,0.023502809518476817,9.979627773149053e-05,1.2586399601724214,1.2586247272237474,1.2586212006374462,1.2586192687980529,1.2586177636814786,1.2586164843534942,1.258615368746525,1.2586143825274052,1.2586134994271996,1.2586126964485898,1.2586119506880502,1.2586112307571005,1.258610440419355
65,0.03446012674317957,0.008716458218771646,0.0026689579826779664,0.02334408338197939,9.976375629910064e-05,1.2588632289455683,1.2588478621148933,1.258844076583152,1.2588419183994888,1.2588402176297444,1.2588387668813192,1.258837498596273,1.258836374108786,1.258835363803422,1.2588344420927557,1.2588335839967597,1.2588327562051584,1.2588318591514585
66,0.03293199917494691,0.008713791339859167,0.002671124995686114,0.022602204605127473,9.972883382072952e-05,1.2590863102325072,1.2590708036181257,1.259066763302603,1.2590643566912145,1.2590624256537863,1.2590607636602813,1.259059301245756,1.259057997124191,1.2590568191278484,1.2590557394185358,1.2590547310496871,1.2590537587822461,1.2590527196558834
67,0.034219896604149355,0.008711118598342957,0.002815791987814009,0.023159568387970342,9.969151199844953e-05,1.2593095799720226,1.2592939765873652,1.2592898296445376,1.2592872827080823,1.2592852002411932,1.25928338636588,1.2592817755344674,1.259280327446053,1.259279009744708,1.2592777939594,1.2592766523183274,1.2592755484766254,1.2592743766793366
68,0.03361395557408985,0.00870844904732912,0.0027916249819099903,0.02247201609376501,9.965179265127358e-05,1.25953242247524,1.2595168714213398,1.259512666726155,1.2595100024483654,1.2595077879180483,1.2595058416525067,1.2595041021588,1.2595025297548994,1.2595010916066096,1.2594997584541736,1.259498501644317,1.2594972837323248,1.2594959962103476
69,0.033793482856921124,0.008705782244294092,0.002693624992389232,0.02270100542252044,9.960967771506666e-05,1.2597551229522241,1.259739669417645,1.2597354099794473,1.259732625275633,1.2597302712611427,1.2597281829604254,1.259726304372145,1.2597245972367044,1.259723028672933,1.2597215688704109,1.2597201884346418,1.2597188489110076,1.2597174391026973
70,0.03407758340605377,0.008703116833171758,0.002738083014264703,0.02270104835403263,9.956516924245131e-05,1.259977659136363,1.2599623790902925,1.2599580781904587,1.25995518415948,1.2599527033889624,1.2599504874839975,1.2599484858385794,1.2599466615269956,1.2599449815331887,1.259943415408468,1.2599419329335753,1.259940494567133,1.2599389863530854
71,0.0356027540540661,0.008700442121031408,0.002801458991598338,0.023614021970119047,9.951826940270775e-05,1.2602007626177214,1.260185763753138,1.260181453134436,1.2601784916974068,1.260175930976222,1.2601736348679855,1.2601715563186437,1.260169659130249,1.2601679100883647,1.2601662782620584,1.2601647328386427,1.260163233433055,1.2601616635523367
72,0.032114396992198195,0.00869778442445491,0.002865375019609928,0.021686923163300027,9.946898048166793e-05,1.2604229147954116,1.2604080482342794,1.2604036186916334,1.2604005198352426,1.260397831925275,1.2603954216348914,1.2603932403331581,1.2603912497563756,1.2603894148959176,1.2603877033690787,1.260386083143993,1.2603845125675979,1.260382872318842
73,0.033259246563709564,0.008695136538246651,0.002691041969228536,0.022164913718922562,9.941730488160438e-05,1.2606446354034444,1.2606296751367114,1.2606250637423386,1.260621794700996,1.260618960463038,1.2606164259185195,1.2606141386979643,1.260612057118184,1.260610143423565,1.2606083630716456,1.2606066822674105,1.2606050576613308,1.2606033667629994
74,0.03114346552234451,0.008692511202012362,0.0027506659971550107,0.02147695774467406,9.936324512111292e-05,1.2608654557587242,1.2608502098704915,1.2608452087999857,1.2608415846106455,1.2608384454550832,1.260835649400959,1.2608331356301024,1.2608308555112913,1.2608287659751916,1.260826828436816,1.2608250059333768,1.2608232523538714,1.260821441231976
75,0.031015230058618004,0.008689903295177335,0.002894542005378753,0.02164929856217843,9.930680383499e-05,1.26108557732649,1.2610698889497576,1.2610643809886564,1.2610602771245212,1.261056713149489,1.2610535446499822,1.261050702999013,1.261048131967498,1.2610457821574048,1.2610436098958675,1.2610415740909333,1.261039625025145,1.2610376315379996
76,0.036369756477036504,0.008687273763694329,0.002767791971564293,0.024117711742760055,9.92479837741043e-05,1.261306936334536,1.2612908064900552,1.2612849401328057,1.261280520681243,1.2612766880216117,1.261273289895757,1.2612702495086257,1.261267504047707,1.261264999083919,1.2612626871074788,1.2612605240115364,1.2612584574352932,1.2612563523324796
77,0.03608801851685105,0.008684630695102995,0.002703458012547344,0.023741993202644664,9.918678780526262e-05,1.2615291279372542,1.2615124260420432,1.2615063327973142,1.2615017308673422,1.2614977470364042,1.2614942223720624,1.2614910747981463,1.2614882374614127,1.2614856528904912,1.2614832712528463,1.2614810465765705,1.261478924735305,1.261476767463602
78,0.033884614805600954,0.008681991532363426,0.002709624997805804,0.022443172358578012,9.91232189110701e-05,1.2617509437549002,1.2617336622401585,1.2617273669260658,1.2617226160485135,1.261718514948581,1.2617148967193705,1.2617116738962544,1.2617087756777419,1.2617061416631619,1.2617037198021115,1.2617014623523646,1.2616993135080188,1.2616971318628822
79,0.0332716697241335,0.008679360837576465,0.0029051669989712536,0.022232017521435582,9.905728018978499e-05,1.2619723309912187,1.261954308265126,1.2619477459976969,1.261942825810606,1.2619386068643847,1.2619349030368123,1.261931616717616,1.261928671123314,1.2619260020180576,1.2619235547076444,1.2619212794687142,1.2619191187090322,1.261916927832567
80,0.03293281754675272,0.00867673881892971,0.0028079579933546484,0.022273912928881617,9.898897485516753e-05,1.262193366263609,1.2621744334761078,1.2621675716717449,1.2621624634045372,1.2621581049389907,1.2621542907605925,1.2621509146112107,1.2621478949240739,1.262145164397254,1.2621426661520727,1.2621403487457932,1.2621381529396352,1.262135931016182
81,0.03548576645554754,0.00867410853468458,0.0027437080279923975,0.023274180743285598,9.891830623632339e-05,1.2624147529884926,1.2623950059304083,1.2623879171337975,1.2623826945108236,1.2623782724090618,1.2623744224381865,1.2623710279926637,1.2623680022651236,1.2623652749656957,1.2623627872955274,1.262360486399487,1.262358311687747,1.262356112581205
82,0.032636916071693646,0.008671486205900482,0.0029207089683040977,0.022429956044030114,9.884527777754132e-05,1.262635835680626,1.2626152209810104,1.2626078845715913,1.2626025172382829,1.2625979910320932,1.2625940571000627,1.26259059073592,1.2625875016683554,1.2625847179572272,1.2625821798628736,1.2625798338205656,1.2625776183864823,1.2625753804721336
83,0.036660020615109735,0.008668844482080397,0.002774666005279869,0.024221991038123614,9.876989303812539e-05,1.2628579740414427,1.2628366265790505,1.2628291700330423,1.262823790917261,1.2628192879848588,1.2628153873313768,1.2628119548047423,1.2628088968696103,1.2628061407818059,1.2628036269125524,1.262801302041748,1.2627991048419367,1.2627968805605427
84,0.033275616993776125,0.008666213272592349,0.002742250042501837,0.022156874189069448,9.869215569222144e-05,1.263079452928243,1.2630572610761432,1.263049658856827,1.263044260565794,1.2630397763747436,1.263035906233515,1.263032506947331,1.263029481891871,1.2630267574426026,1.2630242738828847,1.263021978098855,1.2630198086418465,1.2630176088790845
85,0.03261233087953112,0.008663589644497094,0.002839458000380546,0.022382170200702104,9.861206952863805e-05,1.263300444114648,1.2632774621980294,1.2632697325210798,1.2632643004655801,1.2632598110472335,1.2632559434707347,1.2632525467839648,1.2632495215897115,1.263246793491592,1.2632443027693518,1.2632419965112487,1.263239813255169,1.2632375946051975
86,0.033907006057008575,0.00866096760061792,0.00302416697377339,0.022582140593314603,9.852963845066182e-05,1.2635211015843926,1.2634973924631738,1.2634896203995991,1.2634842172099037,1.2634797733565994,1.2634759512984737,1.2634725941457334,1.263469600834377,1.2634668969918033,1.263464423508755,1.2634621281647969,1.2634599498798502,1.2634577288171975
87,0.031946769155226915,0.008658362790077853,0.0029527919832617044,0.02159304087314795,9.844486647586725e-05,1.263740654657931,1.2637162863383413,1.2637084326175037,1.2637029926753482,1.2636985216559806,1.2636946720324298,1.2636912835003895,1.2636882542731551,1.263685510317828,1.2636829931872484,1.2636806512861085,1.2636784237982028,1.2636761493158528
88,0.03206491644791975,0.008655767920245886,0.0026580420089885592,0.022384066311879284,9.835775773592076e-05,1.2639599904258167,1.263934850081717,1.2639267931282798,1.2639212172023149,1.2639166339854881,1.2639126801340534,1.2639091885698035,1.2639060549299628,1.263903204474729,1.2639005787918542,1.2638981265056957,1.2638957867818725,1.2638933964394774
89,0.03411266374877133,0.008653173835437135,0.0027552919927984476,0.022635126021550156,9.826831647637942e-05,1.264179258547679,1.2641532235142436,1.2641450005987696,1.2641393300719634,1.2641346752866245,1.2641306582512546,1.2641271058367964,1.264123911287831,1.2641209990613402,1.2641183105688618,1.2641157944112988,1.2641133894984062,1.2641109306568077
90,0.032882237762631605,0.008650588277378845,0.0029039999935775995,0.02220182461612426,9.817654705648409e-05,1.2643980923302305,1.2643711179716817,1.2643626617208492,1.2643568490328998,1.2643520891502977,1.2643479847701677,1.2643443541378927,1.2643410865503364,1.264338104591394,1.2643353486871658,1.264332766768849,1.264330296959582,1.264327771654423
91,0.03288853463115254,0.00864800930060626,0.0027481670258566737,0.022502556419867658,9.808245394894679e-05,1.2646167473734033,1.2645889049206307,1.2645801340550589,1.2645740930412237,1.2645691490926654,1.2645648858058907,1.2645611117817204,1.2645577113264528,1.2645546042694582,1.2645517293476058,1.2645490332730394,1.264546452956875,1.264543818036959
92,0.036647494432222864,0.00864541312801056,0.002786083030514419,0.023881443005769887,9.798604173973285e-05,1.2648361967229538,1.264807741433676,1.264798799030729,1.2647926516892019,1.2647876339520165,1.2647833121989374,1.264779486513248,1.264776037347358,1.2647728829194929,1.2647699613580463,1.2647672191332182,1.2647645928028157,1.2647619099782945
93,0.03315091130639694,0.00864282688267913,0.002904290973674506,0.0221448919519339,9.788731512783734e-05,1.2650550147539723,1.2650259510602655,1.2650168374104744,1.2650105628115298,1.26500544036026,1.2650010264960954,1.2649971162341789,1.2649935876371923,1.2649903578605464,1.2649873645665533,1.2649845539515372,1.2649818621180553,1.2649791145303286
94,0.033721480783661335,0.008640250304243643,0.0027550000231713057,0.02221291985271562,9.778627892505601e-05,1.265273469352159,1.2652434903872432,1.2652340833973523,1.2652276342008013,1.2652223926913988,1.2652178915740009,1.2652139145322998,1.265210333714055,1.2652070629658125,1.2652040379485405,1.265201203489479,1.2651984944322818,1.2651957334946964
95,0.03500413912902376,0.00863766458351783,0.002753875043708831,0.023275458054424776,9.768293805575088e-05,1.265492237378887,1.2654614227592984,1.26545181249649,1.2654452990130958,1.2654400523003002,1.2654355733313227,1.265431631107561,1.26542809069725,1.2654248624915725,1.2654218804687873,1.2654190886036567,1.2654164210633638,1.265413698394704
96,0.03187640216079092,0.008635098777454085,0.0026355410227552056,0.021512665211352464,9.757729755661012e-05,1.2657100101253445,1.2656780666151923,1.2656681285216898,1.2656614647900213,1.2656561440686231,1.2656516302456602,1.2656476751982912,1.2656441353178816,1.2656409163150824,1.2656379494897676,1.2656351771399057,1.265632532071322,1.2656298321008563
97,0.035227766914612504,0.008632527320659417,0.002709041000343859,0.02315654851558977,9.746936257640257e-05,1.2659280468100313,1.2658951076940737,1.2658848562829632,1.2658780672408945,1.265872707598277,1.2658682006405384,1.265864278666313,1.2658607878302064,1.2658576281801563,1.2658547277155825,1.265852026660014,1.2658494562012228,1.2658468312541529
98,0.03576053471332754,0.00862994871224417,0.0029197909752838314,0.023592825428147432,9.735913837572697e-05,1.2661468402366731,1.2661126507638119,1.2661020426343472,1.2660951522061739,1.2660898008203072,1.2660853568672352,1.26608152750211,1.2660781462289654,1.2660751063127589,1.2660723319177083,1.2660697609454115,1.2660673228671875,1.2660648296717203
99,0.0340341134965503,0.008627375656018408,0.002765833050943911,0.022521785820016293,9.724663032675533e-05,1.2663652295721977,1.2663298535093734,1.2663189195455895,1.2663119229668343,1.2663065626509782,1.2663021617159436,1.2662984060074287,1.266295117815607,1.266292184043327,1.2662895250127197,1.2662870761274665,1.2662847649125042,1.2662824001988409
100,0.029827997621906507,0.008624832008257118,0.002665208012331277,0.021259243248259913,9.713184391297119e-05,1.2665823775406728,1.2665456374426591,1.2665341359005153,1.26652680220685,1.266521217050008,1.2665166587406709,1.26651279062518,1.2665094220112847,1.266506431663154,1.2665037344790813,1.266501262018214,1.266498938733323,1.266496569381705
101,0.0339015264368692,0.008622288198143712,0.002720042015425861,0.02290838574962506,9.701478472890248e-05,1.2667995969857764,1.2667615683158093,1.2667494975121592,1.2667418190209732,1.2667360011149977,1.2667312777452235,1.2667272894035464,1.2667238320782928,1.266720776197717,1.266718031150818,1.2667155246351305,1.2667131780508538,1.266710792118136
102,0.035368411730262415,0.008619736139488562,0.002907165966462344,0.023458930006288667,9.689545847984864e-05,1.267017209115777,1.266978143908942,1.2669655711984278,1.2669575840733855,1.266951561532265,1.2669466983530677,1.2669426137319748,1.266939090836597,1.2669359919031868,1.266933220839508,1.2669307014811217,1.2669283521773547,1.2669259696181567
103,0.034774977908128626,0.008617181170125568,0.0027264999807812274,0.023030401091857947,9.677387098160271e-05,1.2672348019668624,1.267194798960514,1.2671818447984242,1.2671736293577862,1.2671674570550209,1.267162493687509,1.2671583428712183,1.2671547782123542,1.267151655716375,1.2671488750599829,1.2671463570558263,1.2671440175895685,1.267141649742561
104,0.03704934164073491,0.008614609246693581,0.0026755420258268714,0.023922671762588263,9.665002816016786e-05,1.267453038856917,1.2674121834817222,1.2673990560224917,1.2673908092731487,1.2673846658626124,1.2673797639763522,1.2673756939966572,1.2673722221439057,1.2673692000013168,1.2673665244755288,1.267364114532449,1.2673618845450298,1.267359624747772
105,0.03165025670429066,0.00861205761786864,0.002647208981215954,0.021985389830310113,9.652393605146844e-05,1.2676704082533894,1.2676286426660732,1.2676151797161537,1.2676067399332192,1.26760047214742,1.2675954873195572,1.2675913619878054,1.2675878542871666,1.267584810717203,1.2675821248050059,1.2675797131122686,1.267577487993885,1.2675752363962471
106,0.03337239430652118,0.008609514113224326,0.0029160419944673777,0.02264041554702293,9.639560080105599e-05,1.2678874950822143,1.267844743938851,1.2678308910007254,1.2678222034736772,1.2678157598049022,1.2678106426603453,1.2678064142161514,1.2678028243894015,1.2677997145978201,1.2677969750165246,1.26779451982056,1.2677922593478328,1.2677899772487453
107,0.03341525343144431,0.008606976122792315,0.002979958022478968,0.02251876962482477,9.626502866380951e-05,1.2681041288853991,1.2680603560669095,1.2680461623442663,1.2680372634879575,1.2680306682262967,1.2680254359747667,1.2680211171368596,1.2680174545591136,1.2680142851123937,1.2680114959172788,1.2680089989691075,1.2680067027586626,1.2680043877926348
108,0.031786574760021974,0.008604454249042038,0.0027176669682376087,0.0221215529837446,9.613222600363077e-05,1.2683200621754254,1.2682752774368693,1.2682606015166031,1.2682513501525596,1.2682444744477945,1.2682390094118472,1.2682344916277664,1.2682306552265026,1.2682273312947954,1.2682244029546066,1.2682217792822188,1.2682193663298433,1.268216940989923
109,0.03409141592438839,0.008601935464639584,0.002885791996959597,0.022796256869380586,9.599719929313412e-05,1.2685359390890731,1.2684899567882446,1.2684747548892932,1.2684651511494385,1.268458011642628,1.2684523381966466,1.2684476498256054,1.2684436700821766,1.268440223258912,1.268437187901509,1.2684344698261905,1.2684319724418538,1.2684294689027806
110,0.032846123399647195,0.008599427820837285,0.002695125003810972,0.022139415932697505,9.585995511333086e-05,1.268751096943007,1.2687039629187933,1.2686881830753796,1.2686781646421792,1.268670708863121,1.268664787048576,1.2686598994003044,1.2686557570355625,1.2686521757462559,1.268649028086095,1.2686462154705809,1.2686436377518475,1.2686410636167655
111,0.03257842493399405,0.008596929112258006,0.0028364169993437827,0.022253253328967344,9.572050015330874e-05,1.2689656629769888,1.2689174024766146,1.2689010510793246,1.2688906058906253,1.2688828131144099,1.2688766171996058,1.268871501326727,1.2688671651673966,1.2688634166029238,1.2688601225747191,1.2688571803622726,1.2688544864603426,1.268851805253169
112,0.03228403704691093,0.00859443987727445,0.002700249955523759,0.021786014807415724,9.557884120990577e-05,1.2691790396221119,1.2691301019167402,1.2691132858599588,1.2691024396014243,1.2690943082751127,1.269087826104917,1.2690824654593067,1.2690779171853936,1.2690739824652877,1.269070523222949,1.2690674329007765,1.2690646047818603,1.2690617990133057
113,0.03396418288397913,0.00859194809173184,0.002733041997998953,0.023078805922201344,9.543498518737899e-05,1.2693925830951234,1.2693430587356402,1.269325810400173,1.2693145848416065,1.2693061302109168,1.2692993717581569,1.26929377161701,1.269289012194003,1.2692848883144594,1.2692812572184384,1.2692780088326197,1.2692750335290086,1.269272087490093
114,0.03318353794531834,0.008589465311736,0.0027946250047534704,0.02198988801716274,9.528893909706797e-05,1.2696053798863376,1.2695551606047644,1.2695375070588097,1.2695259444059688,1.2695172068131264,1.2695102088919985,1.2695044031800802,1.2694994644168318,1.2694951816609144,1.2694914078851653,1.2694880297939894,1.2694849350595852,1.2694818760591995
115,0.033276104514090514,0.008586990568704652,0.0028750409837812185,0.022224532680607603,9.514071005705314e-05,1.2698176712500966,1.269766721484103,1.2697486704630436,1.269736760625822,1.2697277218068608,1.2697204639788173,1.269714432789571,1.2697092965732166,1.2697048392261274,1.2697009097265137,1.2696973916479548,1.269694169952153,1.2696909931465858
116,0.03206943340359086,0.008584527987860155,0.002680416975636035,0.02180561502500667,9.499030529180877e-05,1.270029110733912,1.2699774446317005,1.2699589533075706,1.2699466655761165,1.2699373029466337,1.2699297675214698,1.269923496384847,1.2699181505000914,1.2699135079498955,1.2699094132294737,1.269905746396361,1.2699023893917913,1.2698990866071427
117,0.033363297136072424,0.00858207606090643,0.002970125002320856,0.021921126311302396,9.483773213185094e-05,1.2702400180264246,1.2701872514455632,1.2701682785909783,1.2701556161773155,1.270145945343648,1.2701381543093615,1.2701316700702248,1.2701261455480382,1.2701213525306632,1.270117130621663,1.2701133560073241,1.2701099073021778,1.2701065245231296
118,0.035089762440805555,0.008579616814674626,0.0027914579841308296,0.02358564787586568,9.468299801338022e-05,1.2704517637806063,1.2703977382881857,1.2703782265020334,1.270365183049754,1.2703552186794922,1.2703471943699913,1.270340521084235,1.2703348411568747,1.2703299190769393,1.2703255892465484,1.2703217239787272,1.2703181986893117,1.2703147491922453
119,0.03576950393814928,0.00857714880330492,0.002668416011147201,0.023232712952260804,9.452611047791923e-05,1.2706637087823383,1.2706085654730406,1.2705886458125002,1.2705753437924925,1.2705651978080026,1.270557041781488,1.2705502717381434,1.2705445207010773,1.2705395470657552,1.270535181088776,1.270531292103905,1.2705277530728938,1.270524296215388
120,0.03054350050158902,0.008574708411972535,0.0027656659949570894,0.02099739466405018,9.436707717194513e-05,1.270874120389459,1.2708177971102053,1.2707972928982898,1.2707835575002993,1.27077307312037,1.2707646472314795,1.2707576586395308,1.270751728497365,1.2707466068545783,1.2707421179672282,1.2707381266944742,1.2707345023460033,1.2707309726028337
121,0.03287143040222054,0.008572275433855294,0.002901958010625094,0.022170760071591463,9.420590584651689e-05,1.2710840443803741,1.2710265020933875,1.2710054059059677,1.2709912336172136,1.2709804060352772,1.2709717048257563,1.270964492395598,1.270958378446049,1.2709531048226208,1.2709484897828636,1.2709443936538791,1.270940682016644,1.2709370779387525
122,0.032354014327628966,0.00856985612566984,0.0030304579995572567,0.021564519186032152,9.404260435689751e-05,1.271292990202769,1.2712341659619921,1.2712124690764732,1.2711978511258977,1.2711866709846242,1.271177684844044,1.2711702388880586,1.2711639315092271,1.2711584964897904,1.271153746225672,1.2711495366396393,1.2711457297002577,1.2711420439723071
123,0.0318661611148148,0.008567449737411154,0.0029189999913796782,0.02199039863569242,9.387718066217125e-05,1.2715016006253541,1.2714410516867547,1.2714186356711037,1.2714035133178394,1.2713919377574097,1.271382627730435,1.2713749097476272,1.2713683699859255,1.2713627340174143,1.2713578084292245,1.271353444819693,1.271349501606568,1.2713456928966185
124,0.03354280742647663,0.008565043049133093,0.0028292079805396497,0.022432849488591255,9.370964282485558e-05,1.271709896056719,1.2716478761367795,1.271624794835543,1.2716092127281258,1.2715972835824736,1.2715876880759185,1.2715797329545595,1.2715729924466659,1.271567184255246,1.2715621094721246,1.2715576156361565,1.2715535578341042,1.2715496458955489
125,0.0335792660328889,0.00856263376703264,0.00289629097096622,0.02272536101294449,9.353999901050835e-05,1.2719180594931527,1.2718549078344434,1.2718312650252328,1.2718152668006513,1.2718030046745914,1.2717931322533116,1.2717849411375726,1.2717779960129267,1.271772008132727,1.2717667739920908,1.2717621376626433,1.271757951299548,1.271753920725801
126,0.030887758475796136,0.008560240511488206,0.0028456670115701854,0.021230290540721116,9.336825748732972e-05,1.2721248252625301,1.2720608588517044,1.2720366657775555,1.272020210440556,1.2720075645185074,1.2719973644943783,1.2719888891824171,1.271981693993882,1.2719754834114056,1.271970048874337,1.2719652305304936,1.271960877191362,1.271956690322749
127,0.03554772255717769,0.008557834745833498,0.0027205829974263906,0.02318996825560953,9.319442662575925e-05,1.2723319809546352,1.2722672040634047,1.2722426468424084,1.2722259211335232,1.272213063077881,1.2722026913018596,1.2721940732934185,1.2721867569011882,1.272180441406242,1.2721749145482613,1.272170013702562,1.2721655853090676,1.2721613272860304
128,0.03282551648187576,0.008555440048769231,0.002821790985763073,0.02208752045147189,9.30185148980679e-05,1.2725387292119927,1.2724729467516323,1.2724479375761368,1.2724308751582216,1.2724177461829493,1.2724071496124147,1.2723983410126203,1.2723908602191922,1.2723844009245595,1.2723787468432437,1.2723737323093018,1.2723692011710914,1.2723648476256104
129,0.0349896952822731,0.008553037988601887,0.0027123329928144813,0.022816566481715816,9.284053087794509e-05,1.2727453936958344,1.2726788036264056,1.2726535365879006,1.272636289959592,1.2726230180107139,1.272612308997279,1.2726034111436344,1.2725958588380792,1.2725893417565646,1.2725836406329145,1.272578587505454,1.2725740241958543,1.2725696416209074
130,0.03236031456601512,0.008550651996423714,0.0026910000015050173,0.021540801307581913,9.266048324008087e-05,1.2729510937102837,1.2728836503904475,1.2728580005663517,1.2728404785424936,1.2728269988561474,1.2728161302134937,1.272807108399934,1.27279945944987,1.2727928672098452,1.272787108185587,1.2727820111934687,1.2727774153056426,1.272773007584627
131,0.03582456300661408,0.008548252114813361,0.0028738330001942813,0.023238840758428966,9.247838075974309e-05,1.2731570175598808,1.2730889931338547,1.2730632130969033,1.2730456175840772,1.2730321006544623,1.273021221047452,1.2730122072830745,1.2730045802308296,1.27299802009996,1.2729923007933621,1.2729872491688419,1.2729827025581775,1.272978344977117
132,0.033858531895180344,0.008545847159040533,0.002685665967874229,0.023017810863901124,9.229423231234974e-05,1.27336288998563,1.2732947074254308,1.273268935960657,1.273251333679901,1.2732378153358226,1.2732269428131806,1.273217942831896,1.2732103339725709,1.2732037946147339,1.2731980973286268,1.2731930679634833,1.2731885428455465,1.2731842035202399
133,0.03315339680004625,0.00854344793843741,0.0029004589887335896,0.02258909872580767,9.210804687303638e-05,1.2735685406970625,1.2735002368926633,1.273474398297467,1.2734567271145882,1.2734431607761343,1.2734322590446054,1.2734232425290601,1.273415624709591,1.2734090804064293,1.2734033798141786,1.2733983471516563,1.2733938173748587,1.2733894693551355
134,0.03446067765490763,0.008541046190098312,0.0027146670036017895,0.023184163922714447,9.19198335162186e-05,1.2737743953163905,1.2737060227930144,1.2736801480498643,1.2736624283250453,1.2736488276322118,1.2736379044468493,1.2736288740727042,1.2736212457901481,1.273614691701898,1.2736089803392667,1.2736039348655983,1.2735993893210336,1.2735950202579003
135,0.03283906167576762,0.008538651729385427,0.0026777079910971224,0.022796991049212977,9.172960141514993e-05,1.27398028257547,1.2739114755784078,1.2738854972412856,1.2738676947363556,1.2738540241072114,1.2738430381853787,1.273833947601284,1.2738262586560265,1.2738196417358976,1.2738138644154668,1.2738087492780201,1.2738041297634686,1.2737996803202012
136,0.034643358186290274,0.00853625804946761,0.0028897079755552113,0.022705000347619794,9.153735984147457e-05,1.2741859274342267,1.2741165261952208,1.2740904936562125,1.2740727029676688,1.274059061196185,1.2740481067933056,1.274039044516057,1.2740313782831811,1.2740247776601903,1.2740190100772848,1.2740138981959677,1.274009275371975,1.2740048143490779
137,0.034799048134664376,0.008533860440479246,0.0028922499623149633,0.023132542070487244,9.134311816477561e-05,1.274391487571571,1.2743217362560473,1.274295741430944,1.2742780383447618,1.274264488597844,1.2742536187084164,1.2742446296586394,1.2742370246118162,1.2742304735349574,1.2742247446268171,1.2742196613123242,1.274215057382118,1.2742106042694092
138,0.03342491930863453,0.008531471247069246,0.0027059579733759165,0.0224384297881312,9.114688585211836e-05,1.2745965046985572,1.2745263759069678,1.27450038183268,1.2744827494269655,1.2744692829964743,1.274458491333208,1.2744495692227937,1.2744420181134966,1.2744355080447525,1.2744298079370668,1.2744247420615131,1.274420144784772,1.2744156863979184
139,0.03019430952137769,0.00852910980946391,0.0026914170011878014,0.02132855507530092,9.094867246758885e-05,1.2748002950172133,1.274729462161088,1.274703221319067,1.274685471528688,1.2746719310148917,1.2746610782588113,1.2746520959351988,1.2746444806490296,1.2746379006282056,1.2746321242419871,1.2746269756709416,1.2746222891310632,1.274617733207138
140,0.03561864202910084,0.008526744295274351,0.00270845799241215,0.02314524967446561,9.074848767182787e-05,1.2750041688010743,1.274932678623927,1.2749062674089497,1.2748884653160046,1.2748749130425696,1.2748640592751874,1.2748550743701856,1.2748474502034064,1.2748408535648823,1.2748350527537453,1.2748298723508216,1.2748251468734313,1.2748205435905102
141,0.03202331237011118,0.008524398609723772,0.0026865829713642597,0.021347384541893565,9.05463412215599e-05,1.275206670158259,1.2751344956962507,1.275107840128977,1.2750899145394603,1.2750762893681864,1.2750653857081682,1.2750563613016057,1.2750487020643373,1.2750420719381235,1.2750362378470093,1.2750310236513178,1.2750262632351268,1.275021621789802
142,0.032018326480316495,0.008522065076028495,0.002731582964770496,0.022388489860522606,9.034224296911775e-05,1.2754089024861193,1.2753357890629227,1.2753087440712054,1.275290595405697,1.2752768117360638,1.2752657775533685,1.2752566352374446,1.2752488637744686,1.2752421238234384,1.275236180679862,1.2752308573083784,1.2752259868321454,1.2752212322816552
143,0.03551754381079613,0.008519725693524972,0.0027387499576434493,0.023135522198856773,9.01362028619623e-05,1.2756112305766945,1.275537207152063,1.275509886155907,1.275491617294762,1.275477770877826,1.2754666969031063,1.2754575232708396,1.275449722516076,1.2754429523720463,1.2754369768271883,1.2754316182570713,1.2754267093155514,1.2754219111381047
144,0.034360271477478464,0.008517386774157814,0.0028552909498102963,0.02319186225515228,8.992823094219772e-05,1.2758137860952232,1.275738717446205,1.2757110539862544,1.2756926344007233,1.275678712755439,1.2756675973930527,1.2756583978077862,1.2756505776140459,1.2756437899801016,1.2756377964692533,1.2756324180903764,1.2756274864777588,1.2756226604754517
145,0.03362598463480444,0.008515052047820486,0.002745125035289675,0.022911905640436697,8.971833734608195e-05,1.2760161842821325,1.2759401259200018,1.2759120898408933,1.275893472919214,1.2758794320186926,1.2758682362311404,1.2758589760482515,1.2758511052169093,1.2758442715351186,1.2758382335223832,1.275832810350727,1.2758278322713383,1.2758229555509144
146,0.033723894057742024,0.008512722767997256,0.0028967499965801835,0.02307349858686659,8.950653230353273e-05,1.2762186694676336,1.2761413899202934,1.2761128760539484,1.2760940008283146,1.2760797936089574,1.276068475908352,1.2760591166053146,1.276051158548817,1.2760442436135082,1.2760381268926422,1.2760326254215923,1.27602756782481,1.2760226075978118
147,0.031238561468068984,0.008510418511500596,0.002805166004691273,0.02116346465059236,8.929282613762908e-05,1.2764196267693915,1.2763408945107566,1.2763117800829387,1.276292556505205,1.2762781109263417,1.2762666113311336,1.2762571020168472,1.2762490131528705,1.2762419794816036,1.2762357517830945,1.2762301442701809,1.2762249833916222,1.2762199194352621
148,0.03367612939146391,0.008508119377704309,0.0026325409999117255,0.02251780541676622,8.907722926410797e-05,1.276620152260814,1.276539967868129,1.276510221841294,1.2764906413907078,1.2764759678131115,1.276464309249219,1.2764546809316808,1.2764464974135683,1.2764393843705584,1.2764330869692526,1.276427415707916,1.2764221942364884,1.2764170691934824
149,0.03153247079648634,0.008505837080745203,0.0027340410160832107,0.0214260540615456,8.88597521908569e-05,1.2768192887212197,1.2767377551492256,1.276707413588379,1.2766874646644726,1.2766725352076658,1.2766606849587119,1.2766509044260363,1.2766425942955595,1.2766353718900796,1.2766289770230264,1.2766232165239528,1.2766179111841953,1.2766127038893245
150,0.03343609899214807,0.008503562268307438,0.0027883329894393682,0.022195772545125884,8.864040551740156e-05,1.277017881607679,1.276934831978057,1.276903859049509,1.276883557075449,1.2768684058726405,1.2768564058908964,1.2768465184380757,1.2768381282783103,1.27683084338195,1.276824397707655,1.2768185941633112,1.2768132505589591,1.2768080059771019
151,0.03241715140843047,0.008501300321312796,0.002709291991777718,0.02198690701688949,8.84191999343894e-05,1.2772157374518949,1.277131174010234,1.277099510331464,1.2770787824222556,1.277063338046859,1.2770511224032235,1.277041067986949,1.2770325430468112,1.277025145470675,1.2770186027264432,1.2770127132972808,1.27700729162824,1.2770019727178898
152,0.03165010954523244,0.008499056025788964,0.002839708002284169,0.02157577186429232,8.819614622306848e-05,1.2774126079701729,1.277326440091529,1.2772939714746758,1.2772727207912966,1.2772569007790004,1.2772443970941358,1.2772341109875207,1.277225392845353,1.277217829642151,1.2772111417703265,1.2772051228311987,1.2771995835248549,1.2771941544506846
153,0.031908994806167726,0.008496824359708374,0.0030714169843122363,0.02174501720757621,8.797125525476194e-05,1.277608695387764,1.277520746401752,1.277487413425107,1.2774656204027288,1.2774494194921098,1.2774366270586843,1.2774261093482824,1.2774171974845732,1.2774094670602427,1.2774026312840303,1.2773964788986034,1.2773908169237558,1.2773852716378071
154,0.033584500054147606,0.008494593770324178,0.002788499987218529,0.02212180148429133,8.774453799033836e-05,1.2778040975769023,1.2777145001688002,1.2776805298877945,1.2776583532209118,1.2776418845818895,1.277628888941276,1.2776182076004006,1.2776091581336548,1.2776013081847621,1.277594365965028,1.277588116823801,1.2775823651263787,1.277576733573054
155,0.031429435427786916,0.008492375904849385,0.0028923749923706055,0.0218563092209371,8.751600547967732e-05,1.2779988375920894,1.2779075183043322,1.2778727959546248,1.2778501617809546,1.2778333711455794,1.2778201268184228,1.2778092404809498,1.2778000140856283,1.2777920063410162,1.2777849199443552,1.2777785365490506,1.2777726576679684,1.2777669022881724
156,0.035362035932544694,0.008490151273303862,0.0027128750225529075,0.022624201601473323,8.728566886113102e-05,1.2781932943007792,1.2781004437731038,1.2780651655131643,1.2780422565760645,1.2780253092093372,1.2780119670393906,1.2780010152301233,1.2779917424183138,1.2779837000268597,1.2779765864384809,1.2779701805108858,1.2779642816029027,1.2779585055384217
157,0.03261144395332287,0.008487934787727212,0.002713249996304512,0.021942948117713544,8.705353936098125e-05,1.2783870385183391,1.2782926922401416,1.2782568693754792,1.278233694422671,1.278216600328141,1.2782031709264912,1.2781921641996785,1.2781828550489265,1.2781747873410894,1.2781676549569754,1.2781612338221828,1.27815532104086,1.2781495292034362
158,0.03208514809527461,0.008485729138850175,0.0028654999914579093,0.021834533970245467,8.681962829289239e-05,1.278579967463966,1.2784843144141615,1.2784479172857786,1.2784244093788237,1.2784071041483074,1.278393532568456,1.2783824251858003,1.2783730415531644,1.2783649163971589,1.2783577378132804,1.2783512778062047,1.2783453304703172,1.2783395045878467
159,0.03241535829876251,0.008483529437217622,0.0026990000042133033,0.022693595343811504,8.658394705735987e-05,1.2787729296288235,1.278675925419214,1.2786388707985559,1.2786149389182155,1.2785973322763058,1.2785835290054495,1.2785722319924315,1.278562685466889,1.2785544151320847,1.2785471034128306,1.2785405184763619,1.278534451458764,1.278528507366304
160,0.035350892954084376,0.00848131841445425,0.0027030420023947954,0.023593273385105657,8.634650714115465e-05,1.2789663722539353,1.27886820887403,1.2788306376816632,1.278806393696983,1.2787885746829415,1.2787746114539695,1.2787631833594437,1.2787535222499,1.2787451469231965,1.2787377356901684,1.278731054052248,1.2787248910876505,1.2787188487231413
161,0.03266988206117343,0.008479117655847239,0.0027594160055741668,0.022049200991098576,8.610732011676324e-05,1.2791591127480157,1.2790597139389845,1.2790216360664026,1.2789970772572046,1.2789790334508864,1.278964893816866,1.2789533171389613,1.278943524287045,1.278935027790457,1.27892750212117,1.2789207102160876,1.2789144391124871,1.2789082876386786
162,0.031258934133821074,0.008476936799233503,0.002684707986190915,0.021022186547078953,8.586639764182377e-05,1.279350301963369,1.2792497594975296,1.2792111114804836,1.2791861783920342,1.2791678630848629,1.2791535111878762,1.2791417586339668,1.2791318135669385,1.2791231809719148,1.2791155305382824,1.2791086219248304,1.2791022395776919,1.2790959788053595
163,0.03300991858233299,0.008474763326782674,0.0027119580190628767,0.021728180621913416,8.562375145855779e-05,1.2795404964402333,1.2794390122854857,1.2793998926565497,1.279374643500378,1.2793560999177893,1.2793415722165495,1.2793296766691828,1.2793196101409365,1.279310870829001,1.279303124086256,1.2792961265839176,1.2792896603819661,1.2792833174249918
164,0.0320025934394994,0.008472598739190615,0.002946291002444923,0.02245868667662139,8.537939339319794e-05,1.2797306097967285,1.2796279508542752,1.279588221892167,1.2795625702730677,1.2795437271446495,1.2795289565143786,1.2795168518364617,1.2795065978775044,1.279497685899625,1.2794897769385432,1.2794826247161937,1.2794760089284227,1.2794695181658953
165,0.03182668257189412,0.00847044815995938,0.002709832973778248,0.021920401736366106,8.51333353554116e-05,1.279920184430479,1.2798160894259791,1.2797756444091002,1.2797495058467667,1.279730286227071,1.2797152013675523,1.2797028214122825,1.2796923186340246,1.2796831769698087,1.2796750527773442,1.279667696511546,1.2796608852320488,1.2796542039545855
166,0.03374478579732029,0.008468297737984472,0.00274845800595358,0.022740511475503638,8.488558933772037e-05,1.2801096493789004,1.2800042804102716,1.2799631287898352,1.2799365005617036,1.279916903448991,1.2799015059439818,1.2798888540541835,1.2798781067898124,1.279868740277716,1.2798604059455383,1.2798528508813807,1.2798458494978713,1.2798389832712405
167,0.031825868081873744,0.00846616142961129,0.0027511250227689743,0.02124009050886314,8.463616741491565e-05,1.2802977972586957,1.2801911674713364,1.2801493723859165,1.280122297502349,1.2801023531755187,1.2800866658124657,1.2800737602101102,1.2800627837324217,1.280053205619147,1.2800446729246442,1.2800369297292362,1.2800297480478688,1.280022706009295
168,0.03223974997310399,0.008464037837382041,0.002750125015154481,0.021929191426851423,8.438508174347009e-05,1.2804854816377882,1.2803772787268404,1.2803346912303721,1.2803070841496165,1.280286736458513,1.280270719936144,1.2802575321115082,1.2802463053022213,1.2802364997869113,1.2802277569101383,1.2802198168451415,1.2802124485819988,1.2802052264578174
169,0.031988736566101544,0.008461925247892561,0.0027604579809121788,0.021926350211707222,8.413234456094507e-05,1.280672592641619,1.280562712536921,1.2805192853790892,1.2804910946472892,1.280470291292588,1.2804538960366667,1.2804403806822922,1.2804288628652496,1.2804187937229594,1.2804098084966886,1.2804016430027736,1.2803940627704191,1.2803866379569613
170,0.031557863870042516,0.008459827470513749,0.0029174170340411365,0.02166470015389809,8.387796818539431e-05,1.2808590196447331,1.2807471959062477,1.2807028345806009,1.280673991530216,1.28065267225881,1.2806358438488172,1.2806219514518464,1.2806100973102998,1.2805997227919133,1.280590456495198,1.2805820294315777,1.2805742033059453,1.28056654381412
171,0.0326872930710984,0.008457733697551989,0.0027731669833883643,0.022591953940805827,8.362196501476348e-05,1.2810454063723133,1.280931620493896,1.2808862470048539,1.2808566948829778,1.2808348172471589,1.280817519794636,1.2808032171262551,1.28079099435876,1.2807802823753944,1.2807707028694393,1.2807619819779525,1.2807538775894889,1.2807459509760684
172,0.035481485267255565,0.008455625603173913,0.002717333030886948,0.02358051384013816,8.336434752628597e-05,1.2812321583107849,1.2811167759780824,1.281070649525944,1.2810405600493395,1.28101824882922,1.2810005789375114,1.2809859439561857,1.2809734172426053,1.2809624225077378,1.280952576743282,1.2809436027646055,1.2809352557840399,1.2809270935015142
173,0.03244656324758777,0.008453524240366859,0.002769790997263044,0.022345883906156296,8.310512827587469e-05,1.2814184219050662,1.2813015178582186,1.2812546472301105,1.2812240063263356,1.28120123857566,1.2811831693991105,1.2811681732601534,1.2811553124614883,1.2811440037955943,1.2811338596512016,1.2811245995759508,1.2811159761525819,1.2811075435619508
174,0.033521770499607494,0.00845143079840806,0.0027373749762773514,0.021924284048893447,8.284431989751024e-05,1.2816038665427747,1.2814854571275178,1.2814378294975475,1.281406654944934,1.281383466733456,1.2813650450948104,1.2813497413642851,1.2813366044939296,1.281325042950227,1.2813146636169463,1.2813051821816916,1.2812963482051716,1.2812877120914066
175,0.03394220035130142,0.008449338233086433,0.00268304196652025,0.022564840700884395,8.258193510262499e-05,1.2817888994372224,1.2816692160028609,1.2816208988088504,1.2815892286336845,1.2815656520978351,1.2815469091093334,1.2815313287316212,1.2815179465330986,1.2815061624763588,1.2814955777900117,1.2814859042061524,1.281476888214655,1.2814680764256836
176,0.03416616066847809,0.008447250829201622,0.0026969159953296185,0.02229267221211822,8.23179866794837e-05,1.2819734227273454,1.2818523995061306,1.2818033969791058,1.2817712537680166,1.2817473238536767,1.2817283028993667,1.2817124949602485,1.2816989204699545,1.2816869697983078,1.281676237837974,1.2816664319297295,1.2816572952044454,1.2816483702810653
177,0.03518221115675714,0.008445160061822495,0.0027171249967068434,0.02287374406274328,8.205248749256015e-05,1.2821576781934538,1.282035606828396,1.2819860420467428,1.2819535013013954,1.2819292802608067,1.2819100399711008,1.2818940623239408,1.281880353395004,1.2818682940994846,1.2818574729566241,1.2818475928520325,1.2818383935097508,1.2818294135278765
178,0.03306520115323822,0.008443076865276568,0.002696957963053137,0.022326840400282256,8.178545048191012e-05,1.2823414151910688,1.282218198415687,1.282168058985046,1.2821351235864105,1.2821106187026765,1.2820911672464785,1.2820750275223425,1.2820611906899027,1.2820490280334873,1.2820381216851375,1.2820281701240077,1.2820189097344608,1.2820098751640387
179,0.03351534337980271,0.008441000571166481,0.0026326249935664237,0.022068089565719304,8.151688866254081e-05,1.2825243752760493,1.282399966910831,1.2823492897471247,1.2823160208374451,1.2822912980915628,1.282271700773248,1.282255462026682,1.282241557719703,1.282229349501515,1.2822184132196268,1.2822084430695162,1.2821991722115622,1.2821901314453625
180,0.032712540179799146,0.00843893098920664,0.002710999979171902,0.022237295488313567,8.124681512377638e-05,1.2827066002058005,1.2825812084072563,1.2825300815797365,1.2824965106459523,1.282471572701907,1.2824518156710518,1.282435453995403,1.282421452006033,1.2824091640367679,1.2823981611381443,1.2823881341994197,1.2823788138099708,1.2823697273660082
181,0.03638182862811289,0.008436852577615863,0.002742875018157065,0.023546821093390628,8.09752430286201e-05,1.2828891769017847,1.2827627055173867,1.28271123404825,1.2826775010459543,1.2826524861425046,1.282632696842047,1.2826163278844351,1.2826023333082923,1.2825900618085662,1.282579081204046,1.282569080399226,1.2825597884873106,1.2825507303148658
182,0.033124796038547864,0.008434783206858525,0.002723083016462624,0.02245615115720429,8.070218561311274e-05,1.2830712444391217,1.2829436352868464,1.2828917656890908,1.2828578320179207,1.2828327084090236,1.28281285904594,1.2827964573954886,1.28278244618307,1.2827701677735666,1.282759186289124,1.2827491883426605,1.2827399013343486,1.2827308474454289
183,0.032018475507060634,0.00843272630044971,0.0027349579613655806,0.02203934463015498,8.042765618568757e-05,1.2832523753235776,1.2831237949095213,1.283071519471357,1.2830373402658584,1.2830120509564669,1.2829920808501687,1.2829755852639464,1.2829614967811775,1.2829491518580751,1.2829381110509341,1.282928058700729,1.282918720493685,1.2829096159191187
184,0.0317875512806405,0.008430689297994773,0.0027121250168420374,0.021337978661567003,8.01516681265215e-05,1.2834322025122658,1.2833025678805132,1.2832497944209047,1.283215284255394,1.2831897561013967,1.2831696046977403,1.2831529661441503,1.283138761428693,1.2831263196387042,1.2831151964467367,1.2831050727910975,1.2830956716998208,1.2830865092037862
185,0.034165999322454677,0.008428658079244436,0.0027307499549351633,0.022459761815577052,7.987423488688322e-05,1.2836117228096635,1.283480685775537,1.2834273766668043,1.2833925646756845,1.283366846526617,1.2833465696471136,1.2833298467279213,1.283315585540516,1.283303107068902,1.2832919617194727,1.2832818268083956,1.2832724225738654,1.283263261510726
186,0.03509384532244726,0.008426621722781805,0.002680208010133356,0.02347632242198514,7.959536998847742e-05,1.283791412780616,1.2836591658051,1.2836054175329543,1.28357035409814,1.283544477127784,1.2835240958237542,1.283507302876841,1.2834929943611184,1.283480484006761,1.283469317543271,1.2834591691348103,1.2834497566306575,1.283440589337155
187,0.033690719519166364,0.008424588960780546,0.002684249950107187,0.02231627988285739,7.931508702278582e-05,1.2839702696535253,1.2838369923080277,1.2837829673968026,1.283747768134851,1.2837218191360729,1.2837014029196585,1.2836845979931775,1.2836702917644014,1.2836577924620352,1.2836466422675006,1.283636512983934,1.2836271206583298,1.283617971859434
188,0.03282752579642487,0.008422566169729476,0.0028010420501232147,0.022674638825099624,7.903339965040477e-05,1.2841488023120138,1.2840144260085264,1.2839600254280639,1.283924597466458,1.2838984885743785,1.2838779529817004,1.2838610544137914,1.283846671440075,1.283834106713497,1.2838228987828135,1.2838127169764382,1.2838032754047919,1.28379407776413
189,0.034120311058571384,0.00842054599857924,0.002784916025120765,0.022889446837388413,7.875032160037937e-05,1.2843269855827921,1.2841916459312523,1.2841369124285582,1.2841012724061915,1.2840750116076909,1.2840543608006616,1.284037370642757,1.2840229116955024,1.2840102815441967,1.283999015449482,1.2839887805032288,1.2839792890404005,1.2839700419892304
190,0.03025280062722431,0.008418552004421254,0.002724084013607353,0.021091786444454988,7.846586666953443e-05,1.284503685847323,1.2843671713956135,1.28431194573587,1.2842759627296887,1.2842494356076377,1.2842285660010033,1.2842113884625825,1.284196763694129,1.2841839829679376,1.2841725773621735,1.2841622110630462,1.2841525941190135,1.2841432243131177
191,0.037188473515357895,0.008416549326635868,0.002701624995097518,0.02347061867359711,7.818004872180198e-05,1.2846805252720421,1.284542834854064,1.284487238933913,1.2844510616623315,1.2844244170864023,1.2844034730535596,1.2843862478062233,1.2843715928998938,1.2843587941143002,1.2843473790793378,1.284337009689979,1.2843273942105642,1.2843180276766843
192,0.03463435733942293,0.008414549219224172,0.0026374580338597298,0.02282618182084131,7.789288168754554e-05,1.2848569630375402,1.2847181370194003,1.284662243875223,1.284625921725356,1.2845991975634778,1.284578211302569,1.2845609675249068,1.2845463099397612,1.2845335195196257,1.2845221208237816,1.2845117736673919,1.2845021846474909,1.2844928461132867
193,0.034664825861731946,0.008412556380520948,0.002732417022343725,0.022069220692130142,7.760437956288123e-05,1.2850323493125708,1.2848925251817378,1.2848364309334428,1.2848000359312792,1.2847732976032946,1.2847523325614223,1.2847351331896288,1.284720535867887,1.2847078169559285,1.2846964980166722,1.28468623681235,1.2846767382807585,1.2846674920867343
194,0.03264543440661968,0.00841057732524605,0.002765209006611258,0.02180002240056139,7.731455640899563e-05,1.2852066344738728,1.2850658155667725,1.2850094934697016,1.2849730141871967,1.284946254807314,1.2849253051112586,1.2849081444291928,1.2848936017825656,1.2848809490940027,1.2848697051166131,1.2848595257053486,1.2848501142376971,1.2848409577599968
195,0.03225318340147176,0.008408610503812869,0.0026834580348804593,0.021957435898265425,7.702342635146033e-05,1.2853799437926683,1.2852382241262104,1.285181675509571,1.285145085267258,1.2851182731581252,1.2850973072139547,1.285080154455595,1.2850656362894992,1.285053019784908,1.285041820514893,1.2850316921400164,1.2850223362675484,1.285013237184585
196,0.031747392974418295,0.008406659036561787,0.0027224160148762167,0.021605354441356847,7.673100357954367e-05,1.2855520226441113,1.285409579003871,1.2853528001534533,1.285316059319613,1.2852891441547343,1.285268107503482,1.2852509064099682,1.2852363556828499,1.2852237180425359,1.2852125061531294,1.2852023716349932,1.285193014418839,1.2851839161042784
197,0.036601567015009204,0.008404700192297096,0.0027384579880163074,0.023501794649950544,7.643730234551894e-05,1.2857243019582845,1.2855811392903584,1.2855242232764732,1.2854874396885914,1.285460530518443,1.2854395301960446,1.2854223845798303,1.2854079013897715,1.2853953388445514,1.2853842067212486,1.2853741547144342,1.2853648812395668,1.2853558653834716
198,0.031580449179782304,0.008402760144243914,0.0028945000376552343,0.021440736589750403,7.614233696396995e-05,1.2858953291263377,1.285751340255646,1.2856942359450478,1.2856573515168281,1.2856303910814744,1.285609374058828,1.2855922359448613,1.2855777771350694,1.2855652507403499,1.2855541629681855,1.285544160945562,1.2855349410122552,1.285525979280912
199,0.033530532513860255,0.008400824182864421,0.002686999971047044,0.022926889834108146,7.58461218110933e-05,1.2860661762861854,1.2859213633696318,1.2858640833012045,1.285827082497238,1.2858000418165803,1.2857789732639113,1.2857618051331263,1.2857473317950852,1.2857348017965915,1.285723718006572,1.2857137250823536,1.2857045173277795,1.2856955678984736
200,0.03313635999011023,0.008398899105715184,0.0029709580121561885,0.022101564411726556,7.554867132399762e-05,1.2862361902671073,1.2860906133451295,1.2860330946597756,1.2859959307709046,1.2859687811578544,1.2859476446528397,1.2859304379624086,1.2859159466232462,1.2859034128502627,1.2858923350442484,1.2858823546551763,1.2858731634606015,1.2858642313354534
201,0.03380395382839784,0.00839697887025162,0.00269649998517707,0.022579022371497365,7.525e-05,1.286405706319489,1.2862593524970583,1.2862016757907924,1.2861644001247166,1.2861371708471372,1.2861159828714777,1.2860987465002092,1.2860842412111426,1.2860717044635814,1.2860606311611635,1.2860506601911197,1.2860414812588907,1.2860325612950325
202,0.03212663501081844,0.008395072597555713,0.0028308749897405505,0.022215371780204864,7.495012239591944e-05,1.286574663367203,1.2864271883813814,1.2863692445230723,1.2863317982748348,1.2863044408704762,1.2862831546180309,1.2862658414053862,1.286251274357115,1.2862386862968604,1.2862275688048261,1.286217558345136,1.28620834264777,1.2861993857713354
203,0.029184997944949078,0.008393196565511551,0.0026486660353839397,0.020409326212121673,7.464905312736727e-05,1.2867417330845214,1.2865929894129047,1.2865346155684074,1.2864968578419702,1.286469247911972,1.2864477513491384,1.286430259079758,1.2864155361584577,1.2864028095047957,1.2863915663799328,1.2863814400165996,1.2863721155034347,1.2863630534941026
204,0.033915667324482104,0.008391324505637275,0.002715667011216283,0.0222586123486416,7.43468068680349e-05,1.2869081286219028,1.286758295819223,1.2866995376436332,1.2866615064868756,1.2866336850198448,1.2866120214600667,1.2865943946738407,1.2865795608932178,1.2865667406570995,1.286555416608919,1.2865452185656314,1.286535828865289,1.2865267046975275
205,0.03380727092501413,0.008389459009151046,0.002946833032183349,0.022283523150016925,7.404339834897864e-05,1.287074012590099,1.2869229519150651,1.2868638089897935,1.2868255309851744,1.286797529571815,1.2867757298541693,1.2867579974596959,1.2867430798815387,1.2867301916481388,1.286718811160831,1.2867085651338301,1.2866991334006932,1.2866899698799572
206,0.03483424779959673,0.00838759011465865,0.0026840000064112246,0.023212370270909832,7.373884235790159e-05,1.2872398454387406,1.2870877585979443,1.28702832246256,1.2869898541808247,1.2869617156735622,1.2869398152322613,1.286922007452958,1.2869070320995533,1.2868940982962715,1.2868826806398463,1.2868724030877996,1.2868629432539187,1.2868537520211223
207,0.034940342466119205,0.008385724580824257,0.0026938330265693367,0.022754645522752682,7.343315373843317e-05,1.2874053842857565,1.2872521963913237,1.2871924262648906,1.2871537715053665,1.2871255224462805,1.2871035603353704,1.2870857235287843,1.2870707412065678,1.2870578154314567,1.2870464159890895,1.2870361634469791,1.2870267327893878,1.2870175715922614
208,0.0332621760697936,0.008383869028906416,0.0027580419555306435,0.02258563323367538,7.312634738940537e-05,1.2875705084183662,1.2874161892160159,1.2873559635913507,1.2873170172811634,1.2872885707841395,1.2872664741942443,1.2872485463737318,1.2872335036886664,1.287220539588592,1.287209117923532,1.2871988550241895,1.2871894225887381,1.2871802643727874
209,0.035319519540883804,0.008382014709553551,0.00274470797739923,0.022564247768239943,7.281843826412683e-05,1.2877350366401206,1.2875795747539267,1.2875190351112227,1.287479926056321,1.2874513980110989,1.2874292735003836,1.287411354454471,1.2873963460919955,1.2873834343715063,1.287372078002399,1.2873618896663976,1.2873525382237454,1.2873434639551997
210,0.03497719546412119,0.00838015871682067,0.002788625017274171,0.023255502456232497,7.250944136965391e-05,1.2878993491462196,1.287742993968377,1.2876822345222088,1.2876430198688658,1.287614449704359,1.2875923253144117,1.2875744349050047,1.287559474530245,1.2875466240168076,1.2875353379181271,1.2875252260032501,1.2875159548560395,1.2875069617150579
211,0.02866102517897728,0.008378341017285747,0.002757208014372736,0.02001260314630136,7.219937176605933e-05,1.288061542858855,1.28790401755872,1.2878427532181314,1.2878031906140281,1.2877743696959723,1.2877520630995862,1.287734040190825,1.287718984130071,1.2877060657814943,1.2876947333415785,1.2876845919276483,1.287675304458859,1.287666304039297
212,0.03192239632288226,0.008376537375081388,0.0027293339953757823,0.021789054283916753,7.188824456569812e-05,1.2882228111941174,1.2880641022508528,1.288002265003703,1.2879622956962073,1.287933172910479,1.2879106373578393,1.2878924377870333,1.2878772435932937,1.2878642162299692,1.2878527972794411,1.287842587041145,1.2878332446527914,1.2878241990073231
213,0.03154456913995406,0.008374751156323905,0.0026990000042133033,0.021454076510204787,7.157607493247111e-05,1.2883830813450936,1.2882229091600383,1.2881603803912587,1.2881199383401478,1.2880904698351725,1.2880676734370304,1.288049272821242,1.2880339213362288,1.2880207696907362,1.288009251977686,1.2879989630487423,1.287989557777488,1.2879804604705503
214,0.03299696742330541,0.008372974033845071,0.002814666018821299,0.02201260124187628,7.126287808108578e-05,1.288542635547483,1.2883809673042625,1.2883177451016716,1.2882768305303345,1.2882470160694923,1.2882239577669328,1.2882053543679606,1.2881898433320536,1.2881765647284176,1.288164945230144,1.288154574295512,1.2881451025850308,1.288135949876358
215,0.03176590115728224,0.008371208797316357,0.0029117499943822622,0.021941716345108504,7.094866927631483e-05,1.2887014884640284,1.2885382045784046,1.2884742476394688,1.2884328315492122,1.2884026391070325,1.2883792825958995,1.2883604367925365,1.2883447242365946,1.2883312750610239,1.288319509002189,1.2883090104577808,1.2882994261098928,1.2882901713854793
216,0.03351749782289645,0.008369449182911704,0.002767957979813218,0.022364403740206325,7.063346383225212e-05,1.28885988029425,1.2886949121545102,1.2886302429763896,1.2885883440482842,1.2885577890692563,1.2885341479543675,1.2885150722031795,1.2884991697843449,1.2884855610999681,1.2884736590933417,1.288463043214724,1.2884533562628568,1.2884440093984126
217,0.03335534051295932,0.008367693884224633,0.002968209038954228,0.022648266189878027,7.031727711156629e-05,1.289017954563093,1.288851323017833,1.2887859274888263,1.2887435369898153,1.288712614014618,1.2886886840965912,1.2886693743407167,1.288653277592323,1.2886395042791008,1.2886274604713388,1.2886167206757675,1.2886069238518811,1.2885974769567545
218,0.03498690517600558,0.00836593903757539,0.002715083013754338,0.022886462668524225,7.000012452475209e-05,1.2891758142159044,1.2890075068246727,1.2889414084944102,1.2888985619127018,1.2888673188226667,1.2888431547376118,1.2888236686698342,1.288807436300025,1.2887935569989584,1.28878142940314,1.2887706227974167,1.2887607721775922,1.2887512802547936
219,0.03333011274767149,0.008364188615506729,0.002947749977465719,0.022613628720971182,6.96820215293791e-05,1.2893332191656173,1.2891632383760698,1.2890964568935095,1.2890531906398905,1.2890216622642279,1.2889972927150626,1.288977652362787,1.28896130022433,1.2889473253242518,1.2889351195499352,1.2889242475648004,1.288914340911877,1.2889047984886988
220,0.03454041370083147,0.008362438838599474,0.002773209009319544,0.022510964745558498,6.936298362933857e-05,1.289489912973279,1.2893184772779782,1.2892511728614835,1.2892076129787433,1.2891759048403535,1.289151421958517,1.289131709645172,1.2891153122830412,1.28910130987468,1.28908908851973,1.2890782090043564,1.2890683000147942,1.2890587571180934
221,0.0314270064465872,0.008360705575402878,0.002756791014689952,0.021452236961092233,6.904302637408764e-05,1.2896454109184936,1.2894724101934032,1.2894045554855975,1.2893606779746267,1.2893287668680828,1.2893041478664953,1.2892843411466546,1.2892678765061563,1.289253824983068,1.289241566912657,1.2892306591888532,1.2892207275971543,1.289211164321176
222,0.03503123542258056,0.008358970286108665,0.0026922079850919545,0.02277951088460473,6.872216535789157e-05,1.2898003953067525,1.2896260884619808,1.289557836287746,1.2895137645446042,1.2894817577214432,1.2894570979831805,1.2894372825905362,1.2894208282882502,1.2894067983563087,1.289394568360078,1.289383692132091,1.289373793253414,1.289364261104164
223,0.03246127849660282,0.008357246258624943,0.002802249975502491,0.021754932839653244,6.840041621906358e-05,1.2899542407897522,1.2897788342576677,1.2897102207303224,1.2896659572697908,1.2896338471940147,1.2896091363068911,1.2895893014686703,1.2895728472339276,1.289558829347826,1.2895466185798967,1.2895357655863278,1.2895258916075059,1.289516383096191
224,0.032018256667152946,0.008355537305885462,0.0028417499852366745,0.021638872600147536,6.807779463920278e-05,1.290107061408044,1.2899304804400962,1.2898614721212023,1.2898169783521358,1.2897847214371192,1.289759914638009,1.2897400166978623,1.28972352107242,1.289709476419571,1.2896972488369747,1.2896863857700338,1.28967650601046,1.2896669929547642
225,0.031493961660519064,0.008353842818665273,0.002947458007838577,0.021838951716224537,6.775431634242986e-05,1.2902590390190543,1.2900812506668171,1.2900117357282064,1.2899669275910541,1.2899344533012709,1.2899094863733935,1.2898894646371326,1.2898728693411747,1.2898587415670506,1.2898464424839506,1.2898355161632942,1.2898255788282533,1.2898160107331178
226,0.028951100648761725,0.00835217492382333,0.0026669580256566405,0.020699196643442115,6.742999709462061e-05,1.2904095747601136,1.2902303602310412,1.2901601566843264,1.2901148758728844,1.290082042852456,1.2900567872607482,1.2900365230621382,1.290019717183922,1.2900054015948677,1.289992931393928,1.2899818464105874,1.289971759628478,1.2899620476526297
227,0.03131666426148596,0.008350521564551254,0.002673832990694791,0.02123441528113808,6.710485270263764e-05,1.290558901543044,1.2903783656655405,1.2903074504293828,1.290261659662167,1.2902284338522938,1.2902028602026223,1.2901823281005402,1.2901652893591717,1.2901507662358354,1.2901381073365168,1.2901268479506678,1.2901165976086992,1.2901067291178168
228,0.03348769559502109,0.008348869534848072,0.0028380000148899853,0.02256337486860275,6.677889901355988e-05,1.2907078435678534,1.2905261585442758,1.2904546305511013,1.2904083865084717,1.2903748010551688,1.290348927249075,1.290328134558632,1.2903108627195128,1.2902961263944945,1.2902832692168307,1.290271823045168,1.2902613947753812,1.290251354027711
229,0.03915511379113169,0.008347193423333416,0.0027461250429041684,0.02475322294627849,6.64521519139103e-05,1.290857546154033,1.2906750372707072,1.290603223955584,1.2905568017051572,1.2905230940849883,1.2904971308938007,1.2904762685136433,1.2904589390116583,1.2904441524500394,1.290431249624576,1.2904197605481211,1.2904092906932363,1.2903992074190285
230,0.031344815616429676,0.00834553588789699,0.002844250004272908,0.02117377859421776,6.612462732888158e-05,1.291005873902168,1.2908225514805347,1.2907503887863179,1.2907037281737714,1.2906698455892474,1.2906437459460922,1.2906227714536591,1.2906053458807578,1.2905904742669227,1.290577494239327,1.2905659336806978,1.2905553963888623,1.2905452472497771
231,0.033524377844948945,0.008343881890676249,0.0026719580055214465,0.022524598793406708,6.57963412215599e-05,1.291153646214255,1.2909696051479271,1.2908971920603545,1.2908503638512663,1.2908163546512954,1.2907901502388037,1.2907690828057143,1.290751570786898,1.2907366163461,1.2907235555247911,1.2907119152632547,1.2907012985909097,1.29069106862497
232,0.03653607433208066,0.008342222048530317,0.0026994579820893705,0.023521578692050373,6.5467309592147e-05,1.2913013988191324,1.291116843322973,1.291044282569132,1.290997372817418,1.2909633175090758,1.2909370849768305,1.2909159977703224,1.2908984692625407,1.2908834990561269,1.2908704219449125,1.2908587642584481,1.2908481285642865,1.2908378764778208
233,0.032787101935799874,0.008340573911239655,0.0027467079926282167,0.022145340339634535,6.513754847718032e-05,1.2914483612456982,1.2912632476352703,1.2911904895086066,1.291143455124953,1.2911093157575497,1.2910830220022553,1.291061886401189,1.2910443167867716,1.291029309685744,1.2910161981477095,1.291004507439722,1.2909938392703675,1.2909835534178646
234,0.034704045603213045,0.008338926874499174,0.0027521669981069863,0.023278670046990226,6.480707394875136e-05,1.291595234917077,1.2914094716322586,1.2913365159701158,1.291289387285163,1.2912552000964521,1.291228879919754,1.2912077269992885,1.2911901430789385,1.2911751216768503,1.2911619943646804,1.2911502856578438,1.2911395967069865,1.2911292857277312
235,0.031288109063342624,0.008337300836589961,0.0028775419923476875,0.02105399256868926,6.44759021137224e-05,1.291740612448135,1.2915541075035253,1.2914808938219307,1.2914336089980778,1.2913993158535264,1.291372917667685,1.291351702586363,1.2913340655324261,1.2913189961203528,1.2913058236396453,1.2912940711958485,1.2912833388610832,1.2912729828930918
236,0.032734074859302104,0.008335688254081507,0.002750999992713332,0.021788362644010465,6.414404911294147e-05,1.291885054652874,1.2916976466799914,1.2916241268547153,1.2915766615461826,1.2915422500429925,1.2915157676925548,1.2914944878093098,1.2914767971065113,1.2914616805285914,1.2914484646253956,1.2914366708033955,1.2914258978686521,1.291415500007344
237,0.03295539885351845,0.008334085760765832,0.002784999960567802,0.022192872882569877,6.381153112045566e-05,1.292028779302575,1.291840464401272,1.2917665836182806,1.291718898318714,1.2916843410574934,1.2916577539706784,1.2916363926417531,1.291618634062338,1.291603457675657,1.2915901868003787,1.2915783408337447,1.2915675171116143,1.2915570676175336
238,0.03612994296954255,0.008332482555797235,0.0027271669823676348,0.022897061056383835,6.347836434272281e-05,1.2921720864122626,1.291982983000264,1.2919088338828755,1.291861015921475,1.2918263983019351,1.2917997897772233,1.2917784280115587,1.2917606802664012,1.2917455206067419,1.2917322693177045,1.2917204440181633,1.2917096408115172,1.291699209704716
239,0.034593803962124504,0.008330881984823119,0.002915541990660131,0.022856512852017615,6.314456501782164e-05,1.2923149696713434,1.29212507741708,1.2920507397016152,1.2920028548404032,1.2919682275695081,1.2919416381403752,1.2919203096064646,1.2919026014730504,1.2918874836336254,1.2918742741193872,1.2918624893037836,1.291851724439859,1.2918413278422864
240,0.02957424314849081,0.008329306532043725,0.002744375029578805,0.02079029220077627,6.281014941466031e-05,1.2924563077365803,1.2922654574187595,1.2921908215737332,1.2921427663067189,1.2921080277305095,1.2920813576616366,1.2920599649654982,1.2920422016228306,1.2920270334014428,1.2920137760105987,1.2920019444532358,1.2919911329868492,1.2919806881061247
241,0.03414805478448255,0.008327736254427353,0.002732750028371811,0.02276292129246218,6.247513383218355e-05,1.2925973216448576,1.2924053853003892,1.2923304212923892,1.2922821977412349,1.29224735878406,1.2922206212912857,1.292199177983844,1.292181372781703,1.2921661672574194,1.292152874871269,1.2921410093568022,1.2921301640672316,1.2921196837509203
242,0.033256302982073625,0.00832617385754866,0.0026772089768201113,0.02237785885211923,6.213953459857821e-05,1.2927375719302034,1.2925448241849853,1.292469527874042,1.2924210925872335,1.292386106625936,1.2923592596997828,1.2923377296392053,1.292319851858621,1.2923045829294735,1.2922912332780518,1.2922793146980176,1.292268419089488,1.2922578890159762
243,0.03263010627304452,0.008324622292305435,0.0029329999815672636,0.022336146283195787,6.180336807047746e-05,1.2928771726603778,1.292683592112021,1.2926079013431961,1.2925591941110086,1.2925240052709992,1.292496997369609,1.2924753327057723,1.2924573374954063,1.2924419627270454,1.2924285153400197,1.2924165048434124,1.2924055214235577,1.2923949052692552
244,0.03117283472245762,0.008323089103350367,0.0026794170262292027,0.02099073205741953,6.146665063216365e-05,1.2930153244006233,1.2928208107443055,1.292744718579615,1.29269572819667,1.2926603216028587,1.2926331373804647,1.2926113238907055,1.29259319878521,1.2925777076373688,1.2925641538480759,1.2925520444927598,1.2925409678596287,1.2925302615846967
245,0.029298252184124296,0.008321581043341915,0.002694167022127658,0.0202113589501728,6.112939869476964e-05,1.2931516801246838,1.292956149078601,1.2928795706286305,1.292830222306595,1.292794529341708,1.2927671047221465,1.2927450821835775,1.2927267704323833,1.2927111093324362,1.292697398474447,1.2926851422387446,1.2926739267679614,1.2926630869324773
246,0.034236239263696074,0.008320076970916713,0.00270716700470075,0.022085335153289025,6.0791628695479094e-05,1.2932873386995956,1.2930908231205447,1.2930138085514502,1.2929641739060738,1.292928271420877,1.2929006839463453,1.2928785289679396,1.2928601055886497,1.2928443477153735,1.2928305510833185,1.2928182174370018,1.2928069308853933,1.2927960236675484
247,0.032872163352580884,0.008318581867272011,0.002640750026330352,0.02202963010700367,6.045335709672526e-05,1.2934223364178312,1.2932248075625246,1.293147320691862,1.2930973766363782,1.2930612485440793,1.2930334863963293,1.2930111902156527,1.29299264882878,1.292976789718468,1.2929629043982789,1.2929504916776782,1.2929391333860405,1.2929281589349697
248,0.033633781988418696,0.008317092762726793,0.0028189580189064145,0.02223975460083397,6.011460038538862e-05,1.293556774805072,1.2933581869643058,1.293280227312605,1.2932299903987576,1.2931936598997438,1.293165749101089,1.2931433389851905,1.2931247074137975,1.293108775127315,1.2930948292612388,1.293082365606746,1.2930709636645725,1.2930599499883124
249,0.031478549303749374,0.008315615587503202,0.002745916019193828,0.021370793675888625,5.9775375071993364e-05,1.2936900383088101,1.2934905230375395,1.2934121752220955,1.2933616700361237,1.2933251357550568,1.293297062648934,1.2932745184152818,1.2932557726456002,1.2932397407233345,1.2932257061748262,1.2932131622284138,1.2932016863428017,1.293190602411685
250,0.031939397984073484,0.00831415023285628,0.002877458988223225,0.02166629873717349,5.9435697689902714e-05,1.2938224029459846,1.2936220532166347,1.2935432743264907,1.2934924461260402,1.2934556578551333,1.2934273783975778,1.2934046613299532,1.293385766869645,1.2933696040967269,1.2933554521913444,1.2933428012633488,1.293331226316923,1.2933200482901217
251,0.03073480225398579,0.008312702933142771,0.0027177080046385527,0.020966119091784037,5.909558479451306e-05,1.2939535498294576,1.2937523725523443,1.2936730487643777,1.2936217956116252,1.293584668695644,1.2935561125101085,1.2935331636516012,1.2935140707795139,1.293497735022981,1.2934834299549702,1.29347064158461,1.2934589416848443,1.2934476476268673
252,0.035403063367548386,0.008311253846443966,0.002833832986652851,0.022901260564377274,5.8755052962447066e-05,1.294084583178811,1.2938824964114168,1.2938026798036053,1.29375108489152,1.2937137075280531,1.2936849613795418,1.2936618644286815,1.2936426534750574,1.2936262217934453,1.2936118375641694,1.2935989829365209,1.2935872266874986,1.2935758828359463
253,0.032446459194115214,0.008309814305714614,0.0027231249841861427,0.021769702602549762,5.841411879074583e-05,1.294214792338095,1.2940118160396175,1.2939314924050542,1.2938795424344378,1.2938419085835255,1.2938129726103087,1.2937897317844382,1.293770409312646,1.2937538893898197,1.2937394339804633,1.2937265208339082,1.2937147153838369,1.2937033280844148
254,0.033996395319732704,0.008308378840213354,0.002823707996867597,0.022636825681162105,5.807279889605989e-05,1.2943446670225345,1.2941408346113352,1.2940599948779754,1.2940076806829959,1.293969784249963,1.2939406540423144,1.293917265681656,1.2938978284076292,1.2938812172518643,1.2938666879987066,1.2938537140700181,1.2938418576315907,1.2938304256416802
255,0.03170887577207376,0.008306955123776978,0.0027189170359633863,0.02191928044134053,5.773110991383939e-05,1.2944738139741554,1.2942690998193427,1.2941876727298178,1.2941349357309986,1.294096723924028,1.294067349551154,1.294043765574735,1.2940241668968437,1.294007419212819,1.2939927720138897,1.2939796943028397,1.2939677448983282,1.293956227201925
256,0.03127213824826694,0.008305546004212098,0.0028626249986700714,0.02087451359628772,5.738906849752325e-05,1.294601557209306,1.2943960194376982,1.2943140767378454,1.2942609528362776,1.2942224413462942,1.2941928267013578,1.2941690438065414,1.2941492758939774,1.2941323809454666,1.294117603189484,1.2941044078897648,1.2940923509832936,1.294080732652369
257,0.030483927861367072,0.008304155221789249,0.0027119170408695936,0.021105627468595994,5.704669131772759e-05,1.2947283205733806,1.294521699142333,1.294439090959582,1.2943854723679884,1.294346578874896,1.2943166583480286,1.2942926225961962,1.2942726400605467,1.2942555589509415,1.2942406168030678,1.2942272741061176,1.2942150831425312,1.2942033402971347
258,0.03392164128769894,0.008302766175925602,0.0028777910047210753,0.022477448820452592,5.670399506143308e-05,1.2948546954872726,1.294646986078954,1.2945637801934173,1.2945097314986904,1.2944705147792663,1.294440342050672,1.2944161028247916,1.2943959513733707,1.2943787266104718,1.294363659754976,1.2943502068282937,1.2943379167149802,1.2943260822197629
259,0.03345497177758596,0.008301380811925494,0.002710459055379033,0.022335113977278605,5.636099643117181e-05,1.2949805397074854,1.294771801283542,1.294688054534904,1.2946336263082592,1.2945941278905237,1.2945637369292258,1.2945393223536517,1.2945190255911803,1.2945016772180762,1.2944865028267543,1.294472954474705,1.2944605780223375,1.2944486629767324
260,0.03254818241027941,0.008300004600957348,0.0029115420184098184,0.021964127346794482,5.601771214421311e-05,1.2951057242189747,1.2948958487108113,1.2948115572643393,1.2947567462154872,1.2947169600949087,1.2946863434234115,1.294661745590745,1.2946412958060811,1.2946238166558035,1.2946085282866966,1.2945948788739416,1.2945824112766775,1.2945704116975023
261,0.03556754789044096,0.008298627117503564,0.002760583010967821,0.023018734645576983,5.5674158931748854e-05,1.295230618075363,1.29501987167402,1.294935101731815,1.2948799438610379,1.294839901579709,1.2948090906345198,1.2947843413915348,1.2947637707241046,1.2947461931004132,1.29473082317306,1.29471710525139,1.2947045792482623,1.294692528133029
262,0.035131429998335025,0.008297248950648707,0.0027425409643910825,0.02341574830050222,5.53303535380779e-05,1.2953555475463552,1.2951438011162157,1.295058564721495,1.2950031086366554,1.2949628617201603,1.2949319031679536,1.294907042947369,1.2948863858758706,1.2948687389638438,1.2948533120522925,1.2948395461952247,1.2948269788821825,1.2948148902904522
263,0.034194744665295505,0.008295872069385805,0.002823915972840041,0.022913667285246377,5.4986312719790125e-05,1.2954800035223943,1.29526740658657,1.2951818294695845,1.2951261530647218,1.295085753358173,1.295054683733563,1.2950297389181666,1.2950090144046775,1.294991311355476,1.2949758358434407,1.2949620263964847,1.2949494186196062,1.2949372903120853
264,0.03220650052113199,0.008294510034233493,0.0029129579779691994,0.021578904816045588,5.464205324494962e-05,1.2956034594369115,1.2953897978530893,1.295303830195692,1.295247904480918,1.295207331049577,1.2951761346220672,1.295151093421493,1.2951302928306774,1.295112527603556,1.2950969996194197,1.29508314454634,1.295070495838472,1.2950583287106998
265,0.03428908788696774,0.008293154222443878,0.002681667043361813,0.02225889303103596,5.429759189227753e-05,1.2957261479639897,1.295511493386146,1.2954251767165446,1.2953690324755445,1.295328315506558,1.295297024449997,1.2952719211930026,1.2952510805903479,1.2952332905210355,1.295217748283682,1.295203886391064,1.2951912359279363,1.2951790693671752
266,0.03223563969076725,0.008291811412692363,0.0026809999835677445,0.021590966019832958,5.3952945450334214e-05,1.2958477522237442,1.2956321540623452,1.2955454825499761,1.2954891015653796,1.2954482190666143,1.2954168100838346,1.2953916211776375,1.295370717219843,1.295352879555367,1.295337301127029,1.2953234114417649,1.2953107393135592,1.2952985545450786
267,0.03156697950822853,0.008290484042258848,0.0027397090452723205,0.021221048185495958,5.360813071670102e-05,1.2959681800996565,1.2957515595452753,1.2956644887736055,1.295607842047202,1.2955667722635889,1.295535228284395,1.2955099401526173,1.295488961962724,1.2954710679173687,1.2954554461241445,1.295441522706075,1.2954288239104963,1.2954166166488459
268,0.036385277554107656,0.008289150051753328,0.002945583953987807,0.023855853171638415,5.326316449716161e-05,1.2960886347256741,1.295871214926202,1.295783880530609,1.2957270696901197,1.2956858950193773,1.295654285613802,1.2956289583776983,1.2956079587111697,1.2955900550968678,1.2955744318407172,1.2955605124624636,1.2955478212474165,1.2955356226871457
269,0.03364004941838582,0.008287825020661978,0.0030440420377999544,0.021977453046467598,5.291806360488286e-05,1.2962081664575276,1.2959899989622092,1.295902420380281,1.29584546988667,1.2958042148542126,1.2957725626367618,1.2957472167963089,1.29572621435685,1.2957083184856444,1.2956927100545728,1.2956788102864016,1.2956661417536048,1.2956539667341307
270,0.03315157755247012,0.008286510016861818,0.0027694589807651937,0.022046778785401896,5.257284485959538e-05,1.2963268753637984,1.296107938736158,1.2960200976060203,1.2959629990582948,1.2959216607444182,1.2958899646322386,1.2958645993914575,1.2958435931183676,1.29582570352561,1.2958101080694695,1.295796225746361,1.2957835774975035,1.2957714234703082
271,0.03600592090984699,0.008285193672518355,0.0028332920046523213,0.023309383879844832,5.22275250867738e-05,1.2964453015319106,1.296225690345895,1.2961376897189985,1.2960805300521638,1.296039182393039,1.296007507074887,1.2959821802397047,1.295961222538831,1.2959433872308352,1.2959278490831045,1.2959140254232973,1.2959014360048176,1.295889339202534
272,0.031165052536373163,0.008283893038889626,0.0027562499744817615,0.021927271883768647,5.188212111681667e-05,1.2965628534120661,1.2963425123307453,1.296254259233697,1.2961969391071166,1.2961554836751388,1.2961237339676948,1.2960983541137747,1.2960773571761717,1.2960594916035328,1.2960439290771637,1.2960300848804716,1.2960174772467714,1.2960053625054044
273,0.03468356488100878,0.008282596203397823,0.0028987499536015093,0.022761437533953814,5.153664978422618e-05,1.2966798388000926,1.2964588073292815,1.2963703737230314,1.296312951292575,1.2962714355309808,1.296239650985878,1.296214251855235,1.2961932451006632,1.2961753754151915,1.2961598121445792,1.296145969067867,1.2961333632917136,1.2961212493912875
274,0.031216233189806458,0.008281314876463223,0.0027319160290062428,0.021812436798779113,5.11911279267877e-05,1.296795918409827,1.2965740455831973,1.2964853323225207,1.2964277346617112,1.2963860961319118,1.2963542196557833,1.2963287474987901,1.2963076795989825,1.29628975638621,1.2962741445399377,1.2962602560890844,1.2962476068164086,1.296235449388845
275,0.034457260204965534,0.008280037035378619,0.002738292037975043,0.022700685531493243,5.0845572384749094e-05,1.2969113844852782,1.2966887200830044,1.2965998057371302,1.2965421084489868,1.2965004134997604,1.2964685021193354,1.2964430059361483,1.2964219192226007,1.2964039792854969,1.296388351044999,1.2963744454953536,1.2963617776638179,1.296349598766471
276,0.03358024896405356,0.008278768583657501,0.002714000002015382,0.0219142988625201,5.05e-05,1.2970258090615592,1.2968024922330346,1.29671341975949,1.296655649807576,1.2966139172455855,1.2965819851271583,1.2965564765098092,1.2965353812157705,1.2965174341406782,1.296501798867698,1.2964878856136466,1.296475208813304,1.2964630183450323
277,0.03162031136246786,0.00827751466697219,0.0026747919619083405,0.02167049956923881,5.015442761525091e-05,1.2971392475521377,1.2969151639998784,1.2968258887687376,1.296768010113247,1.2967262036247515,1.29669421363556,1.2966686551920976,1.2966475142409135,1.2966295236804972,1.2966138460153647,1.2965998908255094,1.29658717201373,1.2965749381391436
278,0.03083685649959237,0.008276278132698016,0.002893708006013185,0.021334218752048648,4.980887207321232e-05,1.2972516127791385,1.2970266010687466,1.2969370273596885,1.2968789616400396,1.2968370140471452,1.2968049073330965,1.296779246611816,1.2967580126250107,1.2967399353304052,1.2967241754594414,1.2967101414254911,1.2966973461837732,1.2966850366525768
279,0.03285758927880966,0.008275053103269215,0.0027954999823123217,0.02159645680140668,4.9463350215773845e-05,1.297362971905499,1.297137018453725,1.2970471407300912,1.2969888813668906,1.296946789352942,1.2969145668263111,1.2968888088031088,1.2968674902977735,1.2968493377550645,1.2968335096195966,1.29681941270977,1.2968065586879536,1.2967941925635227
280,0.030129146960058462,0.00827384430911641,0.0027925000176765025,0.020884763509236227,4.911787888318336e-05,1.2974729562147362,1.2972462033801424,1.2971560224111431,1.2970975329177434,1.297055249635971,1.2970228621564182,1.296996957807655,1.2969755065292674,1.296957231352217,1.2969412883692473,1.2969270827022317,1.296914124624145,1.2969016571658547
281,0.034366762188494146,0.008272637123291328,0.0027319170185364783,0.02303896169089198,4.877247491322621e-05,1.2975826621246391,1.29735518077536,1.297264717448863,1.2972060167308577,1.2971635623999915,1.2971310304107821,1.2971049994047439,1.2970834336411416,1.297065052436891,1.2970490094248155,1.2970347080321638,1.2970216572026816,1.297009098076795
282,0.0347049823252752,0.00827143061409008,0.0027141660102643073,0.02274161160008905,4.8427155140404615e-05,1.2976917879179874,1.2974637747857845,1.2973731455490531,1.297314325165023,1.2972717771275633,1.2972391678886572,1.2972130697391693,1.29719144281195,1.2971730038230556,1.2971569047751694,1.2971425480357481,1.2971294417145915,1.2971168254525707
283,0.033633572480680544,0.008270231185566896,0.0028578750207088888,0.022345740754644693,4.808193639511714e-05,1.2978002375587074,1.297571718792311,1.2974809309242021,1.2974219974978785,1.2973793625180041,1.2973466832127907,1.2973205257772165,1.2972988463603545,1.2972803591170716,1.2972642143918007,1.2972498134263692,1.297236663413582,1.2972240024102852
284,0.03227327596902535,0.008269045898636026,0.002867249946575612,0.021479529742367144,4.773683550283839e-05,1.2979076962796248,1.2976785497377148,1.2975875176075053,1.297528419248685,1.297485666267723,1.2974528989856067,1.297426672997769,1.2974049377520098,1.2973864031443292,1.2973702167628973,1.2973557779895912,1.2973425925943256,1.2973298967001097
285,0.03245163844061243,0.008267871406843092,0.0027011249912902713,0.021944336962660394,4.739186928329899e-05,1.2980143282305106,1.2977846025487216,1.2976933003473894,1.2976339977535245,1.297591086761882,1.2975581937765017,1.297531864295626,1.2975100408963312,1.2974914289080848,1.2974751728685705,1.297460670053815,1.2974474246147751,1.2974346705940905
286,0.03229170735379556,0.008266706763495222,0.0026848330162465572,0.021996792559696606,4.7047054549665795e-05,1.298120187457366,1.2978898592839525,1.297798262191716,1.2977387408880063,1.2976956612505026,1.2976626327474419,1.2976361896926536,1.297614267456805,1.2975955667389114,1.2975792290525474,1.2975646496183952,1.2975513310210172,1.297538505276741
287,0.03228152978808465,0.008265552374010438,0.0027205420192331076,0.02166656328607134,4.670240810772249e-05,1.2982250891747469,1.2979941759603468,1.2979023125625302,1.2978425864338574,1.2977993445353384,1.2977661835608718,1.2977396285228664,1.297717608411892,1.2976988196393309,1.2976824008151846,1.2976677451249947,1.2976543535653717,1.297641456096475
288,0.03129969662672171,0.008264411736256663,0.0029846669640392065,0.0215739660734072,4.63579467550504e-05,1.2983291086285103,1.298097499958788,1.2980053132087574,1.2979453307709328,1.2979018769978505,1.297868536155844,1.2978418243511498,1.2978196643629023,1.297800748317857,1.2977842118286511,1.297769445902548,1.2977559497859736,1.2977429512280458
289,0.032943387020509,0.008263278041572963,0.0028070409898646176,0.021982389507555117,4.601368728020989e-05,1.2984323375028124,1.2982000689717585,1.2981075960772992,1.2980473983634628,1.298003770743839,1.2979702835835645,1.2979434441870523,1.2979211695833246,1.2979021480994717,1.2978855127838738,1.2978706528392416,1.2978570660839084,1.2978439783382256
290,0.03303084991489184,0.00826215277260089,0.0026960420073010027,0.0220370687925355,4.566964646192211e-05,1.2985348524321179,1.2983018993980389,1.2982091222645766,1.2981487043481679,1.2981049045899278,1.2980712759328334,1.2980443151883005,1.2980219328442204,1.2980028130654648,1.2979860861762655,1.2979711395106501,1.2979574694403293,1.2979442998644992
291,0.029484679332209003,0.008261048816216884,0.002745458041317761,0.02050229557669198,4.532584106825116e-05,1.2986361288748889,1.2984022540086992,1.29830900215232,1.2982482422205701,1.2982041771560615,1.298170332469994,1.2981431889162967,1.2981206470298667,1.2981013845469571,1.2980845274698343,1.298069460089727,1.2980556764457658,1.2980423978496294
292,0.034134255013891834,0.008259946723875882,0.002696832991205156,0.02285017728953194,4.4982287855786886e-05,1.2987370829558136,1.2985022779751976,1.2984085951501674,1.298347538053896,1.2983032493712705,1.2982692267439409,1.2982419349521699,1.2982192648155717,1.298199887925906,1.2981829262502842,1.2981677613073672,1.298153885049296,1.2981405164185755
293,0.03210935921876569,0.008258853854359262,0.002705582999624312,0.02178241974680897,4.46390035688282e-05,1.2988372215361015,1.2986014505987347,1.2985073655137649,1.2984460331067698,1.2984015325734966,1.298367336272292,1.2983398953096625,1.2983170923874259,1.2982975940285169,1.2982805188984705,1.298265246255445,1.2982512663313377,1.2982377959738838
294,0.03292545823221284,0.008257768708509767,0.0028505419613793492,0.022281004366420467,4.429600493856695e-05,1.298936787211681,1.2987000272776796,1.298605509032563,1.2985438816469754,1.2984991541802475,1.2984647711220105,1.2984371689274978,1.2984142218081203,1.2983945910700916,1.2983773920112744,1.298362001593117,1.2983479083038305,1.2983343268853065
295,0.03226397274164864,0.00825669571427494,0.0027611670084297657,0.021141945646728007,4.395330868227245e-05,1.2990352649107915,1.2987974713910613,1.2987025195126927,1.2986406016383933,1.2985956557545761,1.2985610977761557,1.2985333489227768,1.2985102744928494,1.2984905302711174,1.2984732279599802,1.298457742047422,1.2984435591374681,1.2984298917586357
296,0.03100398404281009,0.008255636070761055,0.002730292035266757,0.02122060111812517,4.361093150247677e-05,1.2991327525542615,1.2988938922021747,1.2987984542185003,1.2987362034582806,1.2986910033166394,1.2986562396846046,1.2986283176524607,1.298605092883041,1.2985852150293709,1.2985677916898464,1.2985521944616503,1.2985379077261197,1.29852414153389
297,0.031926564319705794,0.008254587002343442,0.0028380840085446835,0.021310787468939402,4.326889008616063e-05,1.2992292933796374,1.2989893372216799,1.298893406098271,1.2988308316600106,1.2987853900231665,1.298750433458506,1.29872235015419,1.2986989861355192,1.2986789851034422,1.2986614507459449,1.2986457519333152,1.2986313709525898,1.298617515479143
298,0.034125754913282576,0.008253541599362259,0.002924500033259392,0.022305681811895933,4.2927201103940125e-05,1.299325265352761,1.299084274835296,1.2989879102137964,1.298925060512785,1.2988794178583274,1.298844304194649,1.2988160927389865,1.2987926209712064,1.2987725272846091,1.2987549118586181,1.298739141099942,1.2987246953808134,1.2987107801279025
299,0.030298732500457833,0.008252512415946378,0.0026953750057145953,0.02030871718172052,4.258588120925418e-05,1.299419894685505,1.2991778181157951,1.2990809954366804,1.2990178550618265,1.2989720007095926,1.2989367220262864,1.298908376322623,1.298884792062368,1.2988646020667205,1.2988469028360519,1.2988310581889573,1.2988165464845969,1.2988025708293494
300,0.03262321262351799,0.008251490235009443,0.0028817499987781048,0.0217780425107798,4.224494703755294e-05,1.2995138178636432,1.2992706630983528,1.2991734092962686,1.2991100005719416,1.299063953298091,1.299028525540095,1.2990000593670508,1.2989763747794785,1.2989560994484948,1.29893832650312,1.2989224173930243,1.2989078486189256,1.2988938210788792
301,0.032744424697187066,0.008250473797794108,0.002847084018867463,0.021716615803061296,4.190441520548696e-05,1.2996069663461678,1.2993627702661228,1.2992651671845838,1.2992015555875165,1.2991553688263366,1.2991198365846326,1.299091287648904,1.299067534893659,1.2990472018103512,1.2990293788835239,1.2990134257498407,1.2989988174841502,1.2989847531198289
302,0.030912195065322785,0.008249469309338562,0.0027115829871036112,0.02182769546387961,4.156430231009729e-05,1.299699557818365,1.299454155513931,1.299356101551862,1.2992922100183006,1.2992458154480886,1.2992101142111714,1.2991814202435756,1.2991575387576706,1.2991370888456688,1.2991191582264958,1.2991031046365675,1.2990884016546322,1.2990742464013536
303,0.03294995181774392,0.008248469750645535,0.0072268329677172005,0.02227355980876891,4.122462492800663e-05,1.2997916141461017,1.299545056711371,1.2994465766289482,1.299382421495426,1.2993358323182098,1.299299973178097,1.2992711433176811,1.2992471403411088,1.2992265790394,1.2992085445059685,1.299192392734472,1.2991775959641605,1.299163349551361
304,0.031526306244456265,0.00824748055532995,0.0028133339947089553,0.02142184530615031,4.0885399614611386e-05,1.2998827951248755,1.2996351104740658,1.2995361928656195,1.2994717553569317,1.2994249534403104,1.299388920519431,1.2993599411389694,1.2993358049544381,1.2993151220867922,1.2992969746757093,1.2992807166957665,1.2992658188200659,1.2992514744639394
305,0.034535676643783,0.008246492125682148,0.0027934169629588723,0.022965654703780054,4.054664290327475e-05,1.2999736716944552,1.299724948320622,1.2996256459946915,1.2995609666415506,1.2995139870289265,1.299477811920998,1.2994487120018685,1.2994244693998072,1.2994036898254593,1.2993854526576036,1.2993691100134315,1.2993541311433674,1.2993397076506108
306,0.033016686623238194,0.008245511661814985,0.0027107499772682786,0.021676509112333035,4.0208371304520915e-05,1.300063704022509,1.2998139891567482,1.2997143386538708,1.299649442714905,1.2996023045902594,1.2995660030492195,1.2995367964267088,1.2995124602241415,1.29949159629763,1.299473281620541,1.2994568666880806,1.299441819489336,1.2994273299332568
307,0.03008949338374153,0.008244547842387316,0.002680665988009423,0.020673730039919683,3.987060130523037e-05,1.3001526332018511,1.2999018259809678,1.2998017266960464,1.2997365337055016,1.29968917208381,1.299652690727319,1.2996233330514486,1.2995988661116094,1.2995778865517444,1.2995594678946645,1.2995429581936886,1.299527823526098,1.299513251596943
308,0.03222361460003052,0.008243591074726653,0.0028654999914579093,0.022118205832533527,3.953334936783639e-05,1.3002409770142593,1.2999891024323071,1.29988856458651,1.299823070684634,1.2997754734473663,1.2997387953664636,1.2997092669112111,1.2996846478272635,1.2996635302219768,1.2996449845832747,1.2996283567861937,1.2996131111681988,1.2995984333504806
309,0.03643658508614928,0.008242632066678308,0.002726999984588474,0.023485018073588108,3.9196631929522553e-05,1.300329145171997,1.300076376417662,1.299975463859117,1.2999097168314033,1.2998619279633654,1.2998250963136473,1.299795440029058,1.2997707115611754,1.2997494983873334,1.299730867887816,1.2997141637278968,1.2996988485071845,1.2996841057835682
310,0.034102171254828825,0.008241678199265641,0.0027517909766174853,0.02241475406899757,3.886046540142181e-05,1.300416730169965,1.3001631100775932,1.3000618321328232,1.299995849598918,1.299947890694743,1.299910928535295,1.2998811676563842,1.2998563525542854,1.2998350657580189,1.2998163714127628,1.2997996109524383,1.2997842452752477,1.2997694559448791
311,0.03155858345638919,0.008240736308648175,0.002946667023934424,0.021057965349625927,3.852486616781646e-05,1.3005032036417332,1.3002487756565948,1.3001471419589818,1.3000809236327775,1.3000327928455506,1.299995698700748,1.2999658324648489,1.2999409306435734,1.2999195707079094,1.2999008134574384,1.299883997998574,1.2998685834475743,1.2998537493135636
312,0.031271078794990255,0.008239806409430854,0.002762541000265628,0.021199671074292607,3.81898505853397e-05,1.3005887413800117,1.300333377818764,1.300231379060861,1.3001649215250375,1.300116616481312,1.3000793886621538,1.300049415882986,1.3000244264783798,1.3000029927005479,1.2999841718685319,1.2999673006495702,1.2999518362863756,1.29993695616577
313,0.030323963897156293,0.00823889016689598,0.0027708749985322356,0.020615375241997278,3.7855434982178365e-05,1.3006730765703642,1.300416830234422,1.3003144816345984,1.3002477776545736,1.3001992810178131,1.300161897996017,1.3001317957252645,1.3001066956832137,1.3000851655254912,1.3000662593737409,1.3000493115683478,1.3000337775042001,1.3000188324365658
314,0.03204032982693575,0.008237982423380788,0.0027174169663339853,0.021567684499798342,3.75216356572772e-05,1.3007566434569295,1.300499503187749,1.3003967920082449,1.3003298435243804,1.3002811637064287,1.3002436363788448,1.3002134161754213,1.3001882168726346,1.3001666011327546,1.30014761969648,1.3001306045000571,1.3001150090687237,1.3001000065385955
315,0.03339630347308361,0.008237083034734895,0.0026662919553928077,0.0212363815822641,3.718846887954434e-05,1.300839296063201,1.3005812855948948,1.300478235641487,1.3004110657963839,1.3003622288919263,1.3003245870411304,1.3002942820737433,1.3002690195381614,1.3002473566034938,1.3002283402161492,1.300211299581758,1.3001956861022688,1.3001806706014325
316,0.03129283808232255,0.008236193171783321,0.0027762079844251275,0.02157928527528159,3.685595088705855e-05,1.3009212147125724,1.3006623402913557,1.3005589350141713,1.300491521978423,1.3004425037871694,1.300404721797036,1.3003743055949946,1.3003489528651517,1.300327215515782,1.3003081368431297,1.300291043409209,1.300275384544602,1.300260328798288
317,0.0330431727727719,0.008235309428626861,0.0028515829471871257,0.022392348634287868,3.652409788627762e-05,1.3010026745240548,1.3007430060209535,1.3006392146945496,1.3005715201645602,1.3005222854056033,1.3004843319199737,1.3004537766433308,1.3004283088777258,1.3004064748286033,1.3003873137873563,1.300370149389331,1.300354428666621,1.300339317714024
318,0.03293563890389733,0.008234432405958005,0.0027755830087698996,0.02158417965242077,3.619292605124866e-05,1.3010833445449943,1.3008228793492151,1.3007187380556535,1.3006508069877254,1.300601401479599,1.3005633204566056,1.3005326674736752,1.30050712341226,1.3004852289546611,1.3004660196174245,1.3004488163322407,1.3004330640319264,1.3004179265322557
319,0.03616056890322152,0.008233554569684264,0.0026845409884117544,0.023235728608630327,3.58624515228197e-05,1.301163778248338,1.3009025599567017,1.3007981462133094,1.3007300476650987,1.3006805314036158,1.3006423765309685,1.3006116751407122,1.3005861008457262,1.3005641895178832,1.3005449733729546,1.3005277709784833,1.3005120254260083,1.3004968984545742
320,0.029493830785023913,0.008232692569470288,0.0027448339969851077,0.020401625568429383,3.5532690407853004e-05,1.3012429789878102,1.3009810595838527,1.3008763451155754,1.3008080305138923,1.3007583500843585,1.300720067614214,1.3006892651642454,1.3006636095294037,1.3006416318773804,1.30062236109841,1.3006051133201673,1.3005893297006172,1.3005741698195528
321,0.034878560890253645,0.008231833915095615,0.0027082919841632247,0.0225756654290745,3.5203658778440106e-05,1.3013217433034718,1.3010591326466303,1.3009541392469322,1.3008856372183653,1.300835823149554,1.3007974435405036,1.3007665696850823,1.3007408613671938,1.3007188450872071,1.3006995465379898,1.3006822795646658,1.3006664835506487,1.3006513160664064
322,0.03266217425375635,0.008230984173513162,0.0026758339954540133,0.021563649781498714,3.487537267111845e-05,1.3013997130519912,1.3011363999656331,1.3010311247430204,1.3009624339962926,1.3009124874516425,1.3008740138817205,1.3008430732275642,1.3008173177857372,1.300795269046013,1.300775949269417,1.3007586698640785,1.300742868341288,1.3007277002090158
323,0.03435084353088677,0.008230138249855933,0.0028658340452238917,0.02270173264349064,3.4547848086089704e-05,1.3014772959928684,1.301213229141057,1.3011076712335996,1.3010388112739284,1.3009887592364142,1.3009502203304764,1.300919240745029,1.3008934643954446,1.3008714075032355,1.3008520889016473,1.3008348176672517,1.3008190295777287,1.300803878222725
324,0.03298848717556255,0.008229300083180202,0.002660666999872774,0.02189437563277716,3.422110098644013e-05,1.3015541525869816,1.3012893651991957,1.3011835287789213,1.3011144999511157,1.3010643427204207,1.3010257392518292,1.3009947218423021,1.300968925810256,1.3009468619379727,1.3009275455171205,1.300910283225385,1.3008945090734938,1.300879374727396
325,0.030972051807845093,0.008228475278580548,0.002970416040625423,0.021202301964928588,3.3895147297362384e-05,1.3016301280985005,1.301364565079101,1.3012583759264338,1.3011891138556173,1.3011387943157064,1.3011000746880461,1.301068972382635,1.301043113445827,1.3010210027060012,1.3010016515014462,1.300984363776091,1.3009685715009145,1.3009534242053926
326,0.03233099009757283,0.00822765777817704,0.0027524579782038927,0.021921240892202022,3.357000290537941e-05,1.301705391806671,1.3014391273539003,1.3013326020341713,1.3012631130982732,1.3012126315668529,1.3011737918757478,1.3011425977061593,1.3011166666147946,1.3010944980220138,1.3010750997039955,1.301057773158381,1.3010419485328946,1.3010267733918437
327,0.03532935535827446,0.008226840519023598,0.002633958007209003,0.0230604029411819,3.324568365757015e-05,1.3017802728198042,1.3015133667320051,1.3014066151180763,1.3013369871606824,1.301286413975057,1.301247511590804,1.301216273358492,1.3011903107286384,1.301168119377003,1.3011487046965198,1.301131366591433,1.3011155340158127,1.301100353040568
328,0.03644246865117725,0.008226022458223424,0.0031981659703888,0.023818093308386076,3.2922205360797216e-05,1.301854974365492,1.3015875329156026,1.30148060527645,1.3014108796567938,1.3013602506585555,1.301321317095586,1.3012900628285433,1.3012640938538758,1.3012419026116522,1.301222492510011,1.301205162174876,1.3011893396192258,1.3011741696246504
329,0.03565673561956846,0.008225206122142448,0.0030405420111492276,0.023365979952871263,3.259958378093643e-05,1.3019293063506494,1.3016613752285442,1.301554310288567,1.301484529964863,1.301433887776759,1.3013949632332455,1.301363729993166,1.3013377884846147,1.301315628034566,1.3012962502705652,1.3012789527611515,1.3012631627899436,1.3012480240422892
330,0.03105891131405041,0.008224404085307934,0.003272457979619503,0.02129304559653348,3.2277834642108455e-05,1.3020026883209121,1.3017341627567733,1.301626880446631,1.3015569844186674,1.3015062791054437,1.3014673210274377,1.301436071616571,1.3014101244602791,1.3013879649043336,1.3013685921715328,1.3013513023082357,1.301335521514899,1.3013203921167116
331,0.031851457857652345,0.008223613491946592,0.003012417000718415,0.021375460252171356,3.1956973625912366e-05,1.302075120423131,1.3018059768676833,1.3016984655263604,1.3016284425882383,1.3015776625493638,1.301538659474824,1.3015073829240371,1.301481419793068,1.3014592514773287,1.3014398747679385,1.3014225841382896,1.3014068046492122,1.3013916772191456
332,0.032407317536856356,0.008222830860471332,0.002906333014834672,0.021960296268109518,3.163701637066145e-05,1.302146757648726,1.301877080740697,1.3017693595184878,1.3016992159303649,1.3016483624468609,1.3016093127451522,1.30157800534442,1.3015520209068139,1.3015298371815427,1.3015104487512037,1.30149314868762,1.3014773610468384,1.301462225452709
333,0.03260612879669295,0.008222057930649833,0.0027541249874047935,0.021671472131643298,3.131797847062091e-05,1.3022175841670092,1.301947317957229,1.3018393880055286,1.3017691239909743,1.3017181954960644,1.3016790968422143,1.3016477560778117,1.3016217478894396,1.3015995464890855,1.3015801442932826,1.3015628329867435,1.3015470356252596,1.301531890546377
334,0.03071389520793545,0.008221298717271461,0.0027060420252382755,0.020756940644940214,3.0999875475247926e-05,1.3022873251895646,1.3020164921540676,1.3019083098062234,1.301837882216831,1.3017868404661843,1.3017476591057806,1.3017162550138917,1.301690196321081,1.3016679532438706,1.3016485156690543,1.3016311736026733,1.301615348865281,1.3016001783266773
335,0.030916504512363607,0.00822055214484231,0.0027635839651338756,0.02110727514373748,3.06827228884337e-05,1.3023562115779252,1.3020846661415495,1.301976166979035,1.3019055378681346,1.301854354867674,1.3018150679607374,1.3017835811172798,1.301757455094203,1.301735155623811,1.3017156697198105,1.3016982854464105,1.3016824231791897,1.3016672181579014
336,0.0326014457429831,0.00821981298610971,0.0028143750387243927,0.02189125371457501,3.036653616774789e-05,1.3024244025345821,1.3021521817288495,1.30204337918122,1.3019725514206728,1.3019212253210994,1.3018818289382774,1.3018502545564337,1.3018240561437375,1.301801695230974,1.3017821560919893,1.3017647249065454,1.301748820624369,1.3017335768598852
337,0.03496557166314689,0.008219076916580257,0.0029106250149197876,0.022839760715356955,3.0051330723685177e-05,1.302492189486875,1.3022192699305466,1.3021101938105517,1.3020392021002338,1.3019877675158733,1.3019482950879182,1.3019166650358474,1.3018904244304803,1.3018680306229404,1.3018484652313151,1.3018310126608394,1.301815090552005,1.3017998310081687
338,0.03250053743650566,0.008218349162619319,0.0029251659871079028,0.021739471614114003,2.9737121918914234e-05,1.3025592087176938,1.3022856156869822,1.3021762790931246,1.3021051265503552,1.3020535820384926,1.3020140300896716,1.3019823400006991,1.301956052490605,1.3019336210014916,1.301914024629616,1.3018965460681848,1.3018806016733389,1.3018653220475993
339,0.033322645290589696,0.008217627720570836,0.003292290959507227,0.022420796818305853,2.9423925067528905e-05,1.302625681729339,1.302351419231908,1.302241818753644,1.3021705014860752,1.3021188429289954,1.3020792071683844,1.3020474526270986,1.3020211137289037,1.3019986400618901,1.3019790082481832,1.3019614993077548,1.3019455283433516,1.3019302244852191
340,0.03235064694816838,0.008216913905412885,0.0027702090446837246,0.021859192083841385,2.9111755434301868e-05,1.3026914262894367,1.3024164792457975,1.3023066352590598,1.3022351753335777,1.3021834204966587,1.3021437138750298,1.3021119036179942,1.3020855185911862,1.3020630051740374,1.302043338032486,1.3020257969182536,1.3020097959968555,1.3019944631795237
341,0.03410051018337303,0.008216204452477754,0.003175084013491869,0.022547917201226442,2.880062823394068e-05,1.3027565889248802,1.3024810514504088,1.3023710056202498,1.3022994298469897,1.3022475999515735,1.3022078407881919,1.3021759911585638,1.302149574786061,1.302127035088505,1.302107344950941,1.3020897829915639,1.3020737625459409,1.3020584103953146
342,0.033035035478745006,0.008215502593860618,0.002726666978560388,0.021501856544127108,2.8490558630346103e-05,1.302820846862636,1.3025448252299165,1.302434629875036,1.302362971120613,1.3023110901854198,1.3022712981332734,1.3022394263679993,1.3022129943738516,1.3021904430612077,1.3021707437852965,1.3021531741843608,1.3021371468681011,1.3021217875687652
343,0.03312451117645856,0.008214806917186096,0.00272808299632743,0.022514507081031022,2.818156173587319e-05,1.3028845583054138,1.3026080844870638,1.3024977403698992,1.302425997485392,1.302374060799722,1.3023342279354782,1.3023023236855515,1.3022758639909933,1.3022532877839816,1.3022335652792516,1.3022159734213758,1.302199924307047,1.3021845427839633
344,0.03188177896724899,0.008214120656661838,0.0029242499731481075,0.021111223266019174,2.7873652610594653e-05,1.3029472865908922,1.3026704299562992,1.3025599769334415,1.3024881718241457,1.3024361922272667,1.3023963269949173,1.3023643966217966,1.3023379146273413,1.3023153184975365,1.302295577545416,1.3022779681141698,1.302261901807811,1.3022465025811292
345,0.03288990046357646,0.008213442115089797,0.0027625419897958636,0.0220710716977203,2.756684626156684e-05,1.3030094005550752,1.3027321091322905,1.3026215308820062,1.3025496566873442,1.3024976301599487,1.302457729406889,1.3024257699608741,1.3023992626819765,1.3023766435327233,1.3023568809129946,1.3023392505805547,1.3023231636739836,1.302307743291177
346,0.032409428823746166,0.008212771365801877,0.0029430410359054804,0.02176740036416078,2.72611576420984e-05,1.303070778674833,1.3027930713694689,1.302682360639674,1.3026104208311895,1.3025583546129693,1.3025184263560095,1.3024864455966632,1.3024599202112774,1.3024372845648562,1.3024175061551064,1.3023998601904723,1.3023837573843804,1.3023683200196605
347,0.03427608564041077,0.00821210487826699,0.0031423750333487988,0.022716618790617028,2.6956601651021373e-05,1.30313163915759,1.3028536064587943,1.3027427980798594,1.3026708065321666,1.3026187075886178,1.3025787565292473,1.3025467585431636,1.302520219103431,1.3024975711585993,1.3024777813350885,1.302460124269009,1.3024440102096526,1.3024285605866095
348,0.031027367620310387,0.008211448145374648,0.0034702499979175627,0.021994940189600465,2.665319313196511e-05,1.3031918372901723,1.3029135021455165,1.3028025504049174,1.302730455448785,1.3026782731956705,1.3026382504057161,1.3026061877227604,1.3025795879924464,1.3025568825747833,1.3025370370961904,1.3025193255222587,1.3025031575628372,1.3024876537444643
349,0.030576934296809324,0.008210805220715624,0.0029772919951938093,0.02065607121808052,2.6350946872632744e-05,1.3032510976330842,1.3029723339870112,1.3028611531866992,1.302788897076894,1.3027365896968253,1.302696463946551,1.3026643130537647,1.3026376354600357,1.3026148597340408,1.3025949496390994,1.3025771778262991,1.3025609529733275,1.3025453943287295
350,0.031181801071379602,0.0082101720036915,0.0031109160045161843,0.021213260905692224,2.604987760408058e-05,1.3033095324170076,1.303030322973592,1.3029189081743566,1.3028464832675681,1.3027940427498825,1.30275380657322,1.3027215607284377,1.3026947991760536,1.3026719475500508,1.302651967607904,1.3026341305638105,1.3026178439648075,1.302602225710547
351,0.03348960004275079,0.008209542982650203,0.0027549160295166075,0.022291524703235574,2.5750000000000013e-05,1.3033673758762707,1.3030877845489768,1.3029761888227092,1.3029036364510436,1.3028510975519076,1.302810780948685,1.3027784662019666,1.302751643307404,1.30272873536859,1.3027087024768416,1.3026908147009455,1.3026744787093523,1.3026588112732849
352,0.031691718550286456,0.008208922214212114,0.0031215419876389205,0.021447630728901396,2.54513286760024e-05,1.3034244505617563,1.3031444825176677,1.3030327083734543,1.3029600332672375,1.3029074013346977,1.302867009742023,1.302834631393325,1.3028077521975414,1.3027847926509584,1.3027647111251754,1.3027467765045126,1.3027303945505528,1.3027146808909382
353,0.029946600363935368,0.008208314150115643,0.002714957983698696,0.020450135582464064,2.5153878188906714e-05,1.3034805688137256,1.3032001699941935,1.303088184857882,1.3030153552010895,1.302962599122203,1.3029221029028109,1.3028896332127897,1.3028626720063679,1.3028396371517983,1.3028194852127502,1.3028014837767956,1.3027850375836594,1.3027692610174528
354,0.03321088322356675,0.008207711087151133,0.0028491659904830158,0.022447335520873458,2.4857663036030064e-05,1.303536220250792,1.3032553995222445,1.3031432090828114,1.3030702297143109,1.3030173531876847,1.3029767547464801,1.3029441948926515,1.3029171517763138,1.30289404080404,1.3028738168869392,1.302855746451837,1.302839233332628,1.302823390770837
355,0.03296664096461182,0.008207114694885642,0.0027637500315904617,0.022119358575302044,2.4562697654481094e-05,1.3035913377270447,1.3033100438476706,1.3031976314657312,1.3031244948491714,1.303071494559288,1.3030307929406955,1.30299814344538,1.302971019934894,1.3029478350580015,1.302927541879032,1.3029094055308064,1.3028928288477248,1.302876923866011
356,0.034696497250492515,0.008206521259720496,0.0029171659843996167,0.022978320187398357,2.4268996420456364e-05,1.3036460651714703,1.303364329988252,1.3032517158655093,1.3031784436880731,1.3031253415890163,1.303084558102281,1.3030518392220178,1.30302465438312,1.303001413471229,1.3029810677603078,1.3029628811714808,1.3029462556302895,1.3029303020591116
357,0.03359813766156447,0.00820593472073837,0.0026866659754887223,0.021784434582305223,2.397657364853968e-05,1.3037001147629628,1.3034179135900539,1.303305108069255,1.3032317139019702,1.3031785256742918,1.3031376775398547,1.3031049075876293,1.3030776805185946,1.3030544032534994,1.3030340251424837,1.303015808804639,1.3029991551945237,1.3029831740808786
358,0.03301806216812841,0.008205353701934127,0.0027405829750932753,0.022357444282853193,2.3685443591004384e-05,1.3037535761024095,1.30347100964394,1.30335803052046,1.3032845170952543,1.3032312409979283,1.3031903244548517,1.3031574985006702,1.303130223511083,1.3031069036796918,1.3030864865851037,1.3030682336470545,1.3030515449209714,1.3030355290771412
359,0.031692560738786825,0.00820478243923891,0.0027244159718975425,0.02105523904886518,2.339562043711877e-05,1.3038062065822,1.3035232341817538,1.3034100667134954,1.3033364283570186,1.303283062600493,1.3032420779208265,1.3032091975133153,1.3031818770340808,1.303158517717967,1.3031380652168145,1.3031197796377674,1.3031030600516318,1.3030870139709343
360,0.03572154775165953,0.008204213050570586,0.002912083000410348,0.0234051983079721,2.3107118312454473e-05,1.3038585267404745,1.303575161435099,1.3034618401392288,1.3033881112145596,1.3033346861855002,1.3032936600480696,1.3032607489323222,1.3032334044405003,1.3032100253486558,1.3031895557499675,1.3031712547125158,1.3031545205291537,1.3031384597137403
361,0.032941185306859584,0.00820364985834746,0.0027128750225529075,0.022192381217423944,2.281995127819804e-05,1.303910214078557,1.3036265071579507,1.303513057490569,1.303439248623902,1.3033857686291652,1.3033447022955624,1.3033117600454802,1.3032843900600726,1.303260988985554,1.3032404995431341,1.3032221798750305,1.3032054275686782,1.3031893481916785
362,0.03174551138696943,0.008203096547383095,0.0027005000156350434,0.021409198266027808,2.2534133330465576e-05,1.3039611796988833,1.3036770318964377,1.3035634152614572,1.3034895039735004,1.30343595352934,1.303394835483981,1.3033618532112754,1.303334450733229,1.303311022096733,1.3032905083269073,1.3032721664065088,1.3032553930460193,1.3032392927459515
363,0.03270202057685135,0.00820255040270649,0.0027474170201458037,0.021755706726506743,2.224967839962064e-05,1.3040114590984768,1.3037268679126142,1.3036130899334664,1.3035390854423201,1.3034854748757971,1.3034443154992814,1.303411303161703,1.3033838775345699,1.3033604300111992,1.303339899929344,1.3033215431480596,1.3033047555470785,1.303288640612617
364,0.032929069700590126,0.00820201117475405,0.00282024999614805,0.021988387337521138,2.196660034959524e-05,1.3040611158253688,1.3037760734254702,1.3036621434723186,1.3035880516302067,1.3035343829327737,1.3034931815375752,1.303460136855089,1.3034326849636093,1.3034092150907521,1.303388665192196,1.3033702901912596,1.303353485250983,1.3033373529149892
365,0.032183609270738815,0.008201480506621402,0.0029422499937936664,0.021202301338110477,2.1684912977214182e-05,1.3041099717714228,1.3038244981906133,1.3037104210431114,1.30363624251779,1.3035825157808156,1.303541272850944,1.3035081969837976,1.3034807207239023,1.3034572311102568,1.3034366646649798,1.3034182753180588,1.3034014574619617,1.3033853126559962
366,0.03283997919276809,0.00820095626012872,0.0029547500307671726,0.02212950886696221,2.1404630011522586e-05,1.3041582464955694,1.303872370706712,1.30375814799853,1.303683878291319,1.3036300874085047,1.303588796380992,1.303555682662842,1.3035281753930195,1.3035046594788033,1.3034840700387678,1.3034656600269636,1.30344882307603,1.3034326597719479
367,0.0323224429545471,0.008200438638919085,0.0027137919678352773,0.02168531409407935,2.1125765113116786e-05,1.3042058208175422,1.303919588756066,1.3038052550434196,1.3037309151057044,1.3036770731019993,1.3036357420926903,1.303602595367638,1.3035750596284883,1.3035515182667452,1.303530905411282,1.303512473329733,1.3034956151042354,1.3034794305067248
368,0.03495677060962401,0.008199924130470767,0.0027104999753646553,0.022986936366221337,2.08483318734785e-05,1.3042529815296267,1.3039664129418638,1.303851997176067,1.3037776145419941,1.3037237477891641,1.3036824014298865,1.3036492443172172,1.3036217007118653,1.3035981526203217,1.3035775333614361,1.30355909470228,1.3035422293481547,1.3035260364130985
369,0.03236781042671529,0.00819941663132181,0.002736082999035716,0.02188799604961155,2.0572343814312448e-05,1.3042994755651427,1.3040126297314019,1.3038981440401929,1.3038237163722248,1.303769817726719,1.3037284473609758,1.3036952708602836,1.3036677104636663,1.3036441469364368,1.3036235128274063,1.3036050594038875,1.3035881789816066,1.3035719700049428
370,0.03259351901105952,0.008198917226865348,0.0027264590025879443,0.021765332419473375,2.0297814386887254e-05,1.3043453507415066,1.3040581626507077,1.3039435775149308,1.3038690863561357,1.3038151435410208,1.3037737413086115,1.3037405409093208,1.3037129617911585,1.3036893829036966,1.303668735593852,1.3036502703032462,1.3036333787110526,1.3036171584086027
371,0.029918660690991757,0.008198428942142245,0.0027866250020451844,0.020376476057528993,2.0024756971379916e-05,1.3043903250702311,1.30410275996746,1.303988053773671,1.3039134820211913,1.3038594799121273,1.3038180319823778,1.3037847948559904,1.3037571850267125,1.3037335795164573,1.3037129083830636,1.3036944211705082,1.3036775088618395,1.3036612681536595
372,0.03358482840346463,0.008197944854516373,0.0029057920328341424,0.022456771322084807,1.975318487622364e-05,1.304434769710914,1.304146922896893,1.304032131602885,1.3039574994818732,1.3039034509114011,1.303861965813835,1.3038286976969953,1.3038010609629296,1.3037774312484522,1.3037567376843786,1.3037382291677952,1.3037212961639415,1.3037050346063677
373,0.033565427764785466,0.008197466670220716,0.002751208026893437,0.022377787034903535,1.9483111337459207e-05,1.3044787184568223,1.3041905882287903,1.3040756973332426,1.3040009942126005,1.3039468918622348,1.3039053641665954,1.3038720607336995,1.3038443934917578,1.3038207365039618,1.303800017875876,1.3037814858028214,1.303764530199982,1.3037482462223011
374,0.03126168968281832,0.008196996716414023,0.002706709026824683,0.021207455860714132,1.9214549518089882e-05,1.3045219191105553,1.30423353675953,1.304118548368225,1.3040437699121565,1.3039896072780535,1.3039480297825436,1.3039146837362705,1.3038869788474965,1.303863287708563,1.3038425374335991,1.3038239755171874,1.303806991310094,1.3037906791724914
375,0.03290937809723937,0.008196533076833913,0.002866583992727101,0.02174414756448782,1.894751250743986e-05,1.30456448090755,1.3042758955948008,1.304160816956255,1.3040859678362442,1.3040317492040379,1.3039901261273867,1.303956741657426,1.3039290032896589,1.3039052821659145,1.3038845044421907,1.303865916951641,1.3038489085208431,1.303832572756859
376,0.03230303238764556,0.008196076856804494,0.0027099159779027104,0.021688307912807514,1.8682013320516302e-05,1.304606455036851,1.3043176157975471,1.304202421638534,1.3041274897055748,1.304073208561438,1.304031536338834,1.303998111720901,1.3039703394322093,1.303946588828289,1.3039257848787493,1.3039071735885013,1.3038901431334446,1.3038737862741756
377,0.03042345778749621,0.008195629852345954,0.002920042024925351,0.020991532768698636,1.841806489737504e-05,1.3046477049270822,1.3043586095887492,1.3042432749420434,1.304168233830528,1.3041138653110238,1.3040721211304385,1.3040386356018807,1.304010810513427,1.303987013226542,1.3039661673194431,1.3039475177831221,1.303930451981816,1.303914061699371
378,0.033947502409425366,0.008195187173869625,0.0027866659802384675,0.022484797162612105,1.8155680102489782e-05,1.3046884992809877,1.3043991525900338,1.3042836876337895,1.3042085502104253,1.3041541077837049,1.304112305079901,1.3040787718112647,1.3040509067368964,1.3040270751865164,1.304006199333821,1.3039875231550173,1.3039704332087256,1.303954020314285
379,0.034962459435070974,0.008194748016199354,0.0027297919732518494,0.02295159833693374,1.789487172412533e-05,1.3047288991645414,1.30443931904821,1.3043237409413035,1.3042485233264511,1.3041940209830947,1.304152171680721,1.3041186009634824,1.3040907050107404,1.304066847490253,1.304045949453846,1.304027254073868,1.3040101472603465,1.303993718987492
380,0.031081714387980904,0.008194317585926597,0.0029349169926717877,0.020948928223643987,1.763565247371404e-05,1.3047685470016388,1.304478746396284,1.304363047702525,1.3042877388221599,1.3042331648394296,1.3041912574696115,1.3041576383604425,1.3041297011750859,1.3041058079149115,1.3040848784855834,1.30406615522782,1.3040490233776691,1.3040325720483061
381,0.032742511380815006,0.008193894295222656,0.002677542041055858,0.021320938749996726,1.7378034985236535e-05,1.304807546762886,1.3045174905889694,1.3044016672868823,1.3043262724449716,1.3042716355257462,1.3042296800393918,1.3041960229112486,1.30416805496416,1.304144136406931,1.304123185954451,1.3041044451065416,1.3040872984326175,1.3040708342043676
382,0.032186531027108466,0.008193478097509671,0.0028729590121656656,0.021706062365588277,1.7122031814605688e-05,1.304845983182815,1.3045556512354697,1.304439683484701,1.304364188153344,1.3043094762259515,1.3042674620168393,1.3042337572342115,1.3042057495680877,1.304181797253345,1.3041608177002273,1.3041420514961444,1.304124882499989,1.3041083981210733
383,0.03191645821583205,0.008193069168622485,0.0028890420217067003,0.021311110306639805,1.686765543905493e-05,1.304883788329971,1.3045931581003736,1.3044770421447769,1.304401445142761,1.3043466574459937,1.3043045838342242,1.3042708307466178,1.3042427827396343,1.3042187960839629,1.3041977868972143,1.304178994866252,1.3041618031506088,1.304145298311734
384,0.033696011445373535,0.008192664421530417,0.0027949580107815564,0.022552862949206227,1.6614918256529927e-05,1.3049211551392594,1.3046302429318102,1.3045139966256805,1.3044383118072642,1.3043834588154009,1.3043413338498846,1.3043075387382352,1.3042794553288595,1.3042554382105214,1.3042344024034507,1.3042155868351744,1.3041983740726495,1.3041818499157682
385,0.03153578466325927,0.008192266706959135,0.0027332089957781136,0.02171986692517244,1.6363832585084347e-05,1.304957951361089,1.3046667717443736,1.3045503814856019,1.3044745911028441,1.3044196546188773,1.304377460696073,1.3043436068078733,1.3043154720983996,1.3042914094002198,1.3042703325449474,1.3042514796136053,1.3042342325044163,1.3042176761965805
386,0.03439274154669985,0.008191872903119977,0.003001792007125914,0.023103458281409237,1.611441066227965e-05,1.3049944094940222,1.3047029468256064,1.304586407381012,1.3045105102222205,1.304455490998149,1.3044132296928506,1.3043793188388408,1.3043511345883068,1.3043270278875974,1.3043059113328266,1.3042870221549931,1.304269741602135,1.3042531538640456
387,0.03265111905618267,0.008191484994841496,0.0026930830208584666,0.02217252485426262,1.5866664644588407e-05,1.3050303691494998,1.304738580308658,1.3046218892478154,1.3045458882902226,1.3044907895652869,1.304448463367667,1.304414497147998,1.3043862641340962,1.3043621134906334,1.3043409566735968,1.3043220301408642,1.304304714550485,1.3042880933537664
388,0.030010566579540057,0.008191106051927638,0.0029384579975157976,0.020991121645548855,1.5620606606802075e-05,1.3050656537472984,1.304773509097287,1.3046566397795551,1.3045805092302274,1.3045253068203406,1.3044828932019388,1.30444885060897,1.3044205491669358,1.3043963360827966,1.3043751215139034,1.3043561410083067,1.3043387745194663,1.3043221046718767
389,0.032049854205425256,0.008190733637318304,0.0029460410005412996,0.021521090052187223,1.5376248541442208e-05,1.3051003431021768,1.3048078337591786,1.3046907909907592,1.3046145330167769,1.304559228175976,1.3045167284369104,1.3044826111116514,1.3044542432586563,1.3044299700805355,1.304408700372208,1.304389668712402,1.304372254301104,1.3043555389021144
390,0.029092001645143858,0.008190371509510916,0.0027827080339193344,0.01982433287358728,1.5133602358176246e-05,1.305134222277402,1.3048413001985328,1.304724058027551,1.3046476504626643,1.3045922244188592,1.3045496229867424,1.3045154181361744,1.304486973413026,1.3044626316205752,1.3044412998606294,1.3044222114710253,1.304404744677251,1.3043879802096419
391,0.033361217160124974,0.008190013488059361,0.0029960840474814177,0.02229389067070111,1.4892679883236763e-05,1.3051676421899363,1.3048743554550861,1.3047569251737983,1.3046803780250091,1.304624840642018,1.3045821468075807,1.3045478629577716,1.3045193490939593,1.3044949456519315,1.304473558093493,1.3044544185736076,1.3044369044004733,1.3044200953275378
392,0.034175652926244714,0.008189658690706725,0.0027494580135680735,0.022494921974280963,1.4653492858845367e-05,1.3052006187271863,1.3049069968289044,1.3047894122632901,1.3047127585816691,1.3046571392384827,1.3046143785088635,1.3045800377992767,1.3045514741515671,1.304527026140517,1.3045055979927984,1.3044864209964824,1.3044688717884545,1.3044520293390898
393,0.03437698393937987,0.008189307669938905,0.0028669160092249513,0.02272116741923745,1.441605294264014e-05,1.3052331910568347,1.3049392486712708,1.3048215191553332,1.3047447699142773,1.3046890796461879,1.3046462626269397,1.3046118751385634,1.3045832712975391,1.3045587878884835,1.304537327978058,1.3045181220560351,1.3045005461474575,1.3044836784920333
394,0.03235592927276746,0.00818896266768666,0.002701791003346443,0.02149125773315121,1.4180371707107615e-05,1.3052651669568287,1.3049709327942391,1.3048530668592906,1.3047762280907658,1.3047204717310168,1.30467760256979,1.3046431720646339,1.3046145315751345,1.3045900161824475,1.3045685278335495,1.3045492962359941,1.304531696807904,1.3045148070624921
395,0.03178991586959062,0.008188624064204295,0.0026829999987967312,0.02139723260185157,1.3946460639018757e-05,1.3052965503545553,1.3050020509395597,1.3048840485893483,1.3048071159613173,1.304751289169311,1.304708364230334,1.3046738878399822,1.3046452085274975,1.3046206595751253,1.3045991417208733,1.3045798838131302,1.3045622605988916,1.3045453488157326
396,0.0326582087243075,0.008188291220408076,0.0028817090205848217,0.021918339477188575,1.371433113886898e-05,1.3053274451554087,1.305032664772306,1.3049145176743482,1.3048374848550772,1.304781583157514,1.3047385994107308,1.3047040750880627,1.3046753555313417,1.3046507719797145,1.3046292238038124,1.3046099388928754,1.3045922912615342,1.304575356839485
397,0.029571786999472167,0.008187966642756773,0.002806750009767711,0.020330097794494184,1.3483994520322678e-05,1.305357630438137,1.3050625731652992,1.3049442804328575,1.304867139546876,1.3048111521040429,1.3047680977097307,1.3047335134924631,1.3047047419958624,1.3046801125804985,1.3046585233065755,1.3046392011086263,1.3046215192487696,1.3046045528236974
398,0.034192417435590663,0.00818764604376348,0.0027685409877449274,0.022219430517607275,1.3255462009661637e-05,1.3053873706011163,1.3050920497956846,1.3049736246929904,1.3048963915576743,1.304840334663097,1.304797225538936,1.3047625966663876,1.3047337877268905,1.3047091262354806,1.3046875090100927,1.3046681621074487,1.3046504581121634,1.3046334713588503
399,0.034763415131318906,0.008187329497797083,0.0028166669653728604,0.022630097910873413,1.3028744745238064e-05,1.3054167492286217,1.305121107497354,1.3050025476908493,1.3049252297141676,1.3048691143841562,1.3048259631405508,1.304791302934643,1.3047624701498446,1.3047377902312476,1.3047161586392082,1.3046968004962611,1.3046790876861036,1.3046620937785656
400,0.032912779747686735,0.008187018080869952,0.0026960420073010027,0.021493459865078904,1.2803853776931541e-05,1.3054455684160504,1.3051496222695862,1.3050309490983756,1.3049535667045444,1.3048974110257723,1.3048542335251816,1.304819556007226,1.3047907119091695,1.3047660248814914,1.3047443892354011,1.3047250293175976,1.3047073164334264,1.304690323487528
401,0.030834784730442127,0.008186713984665755,0.0028973750304430723,0.020688026462310292,1.2580800065610596e-05,1.3054737512708816,1.3051775240133578,1.3050587261672077,1.3049812659267142,1.3049250575747853,1.3048818429511404,1.304847138654336,1.3048182750414086,1.3047935738268295,1.304771928040556,1.3047525611349147,1.3047348437330601,1.3047178479893855
402,0.02995065417449899,0.00818641715540907,0.002751499996520579,0.020484935413556307,1.2359594482598438e-05,1.3055013049884148,1.3052047858963323,1.3050858625713935,1.3050083213248622,1.3049520557562264,1.3049087988457093,1.3048740623477713,1.3048451736846716,1.304820452681647,1.3047987910929897,1.304779411467181,1.3047616837324776,1.3047446792863695
403,0.03052982116549209,0.008186126755199467,0.0027633749996311963,0.02103646930161117,1.2140247809143113e-05,1.3055283128622126,1.305231517377458,1.3051124618502514,1.305034828054996,1.304978492868126,1.3049351815218646,1.304900401221809,1.304871476499693,1.3048467252614042,1.3048250379367934,1.3048056361202907,1.3047878889990485,1.3047708671769453
404,0.03172388869360346,0.00818584220017445,0.002829040982760489,0.02112746033792857,1.1922770735892038e-05,1.3055548036024043,1.305257725443467,1.3051385334408607,1.3050608049198298,1.3050043987492144,1.3049610319611238,1.3049262070724539,1.3048972456743946,1.3048724637277562,1.3048507503202074,1.3048313260789062,1.3048135594408445,1.3047965202146086
405,0.0346849033356085,0.008185560083156029,0.0028826670022681355,0.023082535307391582,1.1707173862370923e-05,1.305580997526437,1.3052836454538508,1.305164336629965,1.305086532285102,1.3050300716668308,1.3049866634601353,1.3049518057501175,1.3049228175177698,1.3048980130835302,1.3048762804497835,1.3048568394870643,1.3048390580541906,1.3048220053067159
406,0.03440268493426582,0.008185281394407853,0.002905333007220179,0.022313552370807968,1.1493467696467265e-05,1.3056067715309296,1.3053091793587086,1.3051897795485177,1.305111919140401,1.3050554207171627,1.3050119855208955,1.3049771076789605,1.3049481039022408,1.304923287137539,1.304901544515471,1.3048820953221583,1.3048643069782908,1.3048472481028952
407,0.031016216538182317,0.008185009298443175,0.002752208965830505,0.02111257029148095,1.1281662653918065e-05,1.305632040672345,1.305334155939004,1.3052146461334009,1.3051367176122088,1.3050801720484373,1.3050367021836369,1.305001797761247,1.3049727729711071,1.3049479392037677,1.3049261825725587,1.304906721659229,1.3048889233467895,1.3048718556393755
408,0.03715137434439158,0.00818473855262681,0.0027781659737229347,0.023975673920152762,1.107176905780229e-05,1.3056570857804282,1.305358924506943,1.3052393233987472,1.3051613477749413,1.3051047752422722,1.3050612894306053,1.3050263756871385,1.3049973458178172,1.3049725098217275,1.3049507529513895,1.3049312932226809,1.3049134971004717,1.3048964320765757
409,0.03200212064586124,0.008184473135184934,0.002759333001449704,0.021356219695916875,1.0863797138037698e-05,1.3056815882952648,1.3053831859659832,1.3052635087102165,1.3051854948964867,1.3051289008811517,1.3050854024868994,1.3050504813945336,1.3050214474570259,1.304996609547826,1.304974852229396,1.3049553930652917,1.3049375981802864,1.3049205346122388
410,0.03274672293073243,0.008184212714336472,0.002796958026010543,0.021775425894600464,1.0657757030882256e-05,1.305705619038803,1.3054069844948537,1.3052872417503307,1.305209193785469,1.3051525792635446,1.3051090679350414,1.3050741385553672,1.305045099355573,1.3050202582422281,1.304998499169051,1.3049790392910021,1.3049612444172118,1.3049441811486187
411,0.03042651262771974,0.00818395914633139,0.002705042017623782,0.020487643224987084,1.0453658778440107e-05,1.3057290581995644,1.3054301934724795,1.305310380110454,1.3052322900412305,1.3051756465303872,1.3051321142426056,1.3050971693101845,1.3050681183715678,1.3050432683032727,1.3050215023648137,1.3050020372199085,1.3049842382903294,1.3049671716849482
412,0.0313732767338144,0.008183711042832853,0.0028187499847263098,0.02145161049254041,1.0251512328172147e-05,1.3057520267225704,1.3054529390460963,1.305333045063643,1.3052549049569326,1.3051982259206982,1.305154666899457,1.3051197010831903,1.3050906333593044,1.3050657694907017,1.3050439919944619,1.3050245170123271,1.30500670955768,1.3049896352357162
413,0.03225837603502933,0.008183467800757708,0.0028448330122046173,0.021408315534200792,1.005132753241114e-05,1.3057745240398861,1.3054752063985513,1.3053552427626953,1.305277061871779,1.3052203551398487,1.3051767762053181,1.3051417955511402,1.305112716462204,1.3050878436896265,1.3050660590807348,1.3050465783084555,1.3050287660178288,1.3050116873442252
414,0.03449418073044564,0.008183227821228512,0.0028000419843010604,0.022511173363830787,9.85311414788165e-06,1.3057966451698506,1.3054971332634855,1.3053771190990262,1.3052989096499252,1.305242184355249,1.3051985930175225,1.3051636040552161,1.3051345194682156,1.3051096431724436,1.3050878564548118,1.3050683745934828,1.3050505619191606,1.3050334831407957
415,0.03572770025964467,0.008182990511346532,0.0027427920140326023,0.023273783993560858,9.656881835224388e-06,1.3058184776430546,1.3055187606571677,1.3053987037704289,1.3053204795891695,1.3052637499158037,1.3052201594418613,1.3051851743389584,1.3051560954091874,1.3051312258703833,1.3051094465787327,1.3050899725280185,1.3050721678262338,1.305055096833147
416,0.03384669394860603,0.008182757064788278,0.003001792007125914,0.02231397005082455,9.462640158525439e-06,1.3058398917172425,1.3055400127799361,1.305419925583636,1.305341694300934,1.3052849659914068,1.3052413809286112,1.305206403344947,1.3051773330382375,1.305152472666851,1.3051307027605061,1.3051112381091134,1.3050934426616136,1.3050763804821794
417,0.0284413303027253,0.008182531795597215,0.0027302500093355775,0.01974856922085022,9.270398584850078e-06,1.3058607043716992,1.3055606256132322,1.305440473698655,1.3053622068303528,1.3053054559722588,1.30526185593697,1.305226868275048,1.3051977912364328,1.3051729265107759,1.3051511539873888,1.3051316880082875,1.305113892172269,1.3050968301027857
418,0.03335458357100814,0.008182310582329499,0.0027423339779488742,0.022191552150975857,9.0801664837814e-06,1.305881130576003,1.3055808679219565,1.3054606540056752,1.3053823521474504,1.305325579050705,1.3052819643123479,1.3052469668012703,1.3052178832019552,1.3051930142303927,1.3051712391406822,1.3051517718371222,1.3051339755804425,1.3051169135681533
419,0.030236134034309622,0.008182095624374029,0.002673249982763082,0.020905884993681477,8.89195312696363e-06,1.3059010837516658,1.3056006093137638,1.3054803119630118,1.3054019588369479,1.3053451492897072,1.3053015068214815,1.3052664873134976,1.3052373857320252,1.3052125017155989,1.3051907138020185,1.3051712353921319,1.305153429355729,1.3051363584267854
420,0.031004515579701897,0.008181885797285892,0.0028672090265899897,0.02136755280399129,8.705767687650254e-06,1.3059206001796682,1.3056199161350759,1.3054995291592757,1.305421117781907,1.30536426489923,1.305320588008054,1.3052855400220218,1.3052564141931784,1.3052315090749433,1.305209702473932,1.305190207269704,1.3051723859235678,1.3051553006937096
421,0.03289465186943316,0.008181680032517409,0.0027401669649407268,0.02203276966856187,8.521619240256925e-06,1.3059397413855895,1.3056388495353497,1.3055183708671922,1.305439900905295,1.3053830057152223,1.3053392961596308,1.3053042217919892,1.3052750739371215,1.3052501499525069,1.305228326857222,1.3052088169816558,1.3051909823657828,1.3051738847894798
422,0.03254516030310827,0.008181478224298117,0.00267316703684628,0.02156699273046601,8.33951675991914e-06,1.3059584490594172,1.3056573747918712,1.3055368238536689,1.3054583096137742,1.305401383048057,1.3053576494706074,1.3053225557672712,1.305293391777621,1.3052684539492532,1.3052466187036629,1.3052270979524228,1.3052092534071869,1.3051921464407321
423,0.03120212287472208,0.00818128143116438,0.0027635000296868384,0.021323208145627756,8.159469122054934e-06,1.305976734477084,1.3056754751228827,1.3055548422509764,1.3054762755848652,1.30541931090996,1.3053755475075601,1.3053404293044761,1.3053112444901935,1.3052862885025873,1.3052644370991315,1.3052449017245542,1.305227043725756,1.3052099240432815
424,0.03324106547305962,0.008181087915413632,0.002931124996393919,0.022458086037148776,7.98148510193211e-06,1.3059946717528854,1.3056932632246774,1.3055725580821271,1.3054939440942979,1.3054369449247618,1.3053931543708068,1.3053580135519658,1.305328809100905,1.3053038355300228,1.3052819680108385,1.3052624175911829,1.3052445453145143,1.3052274117442446
425,0.032292323862345006,0.008180898724617523,0.002962833968922496,0.021522194113752523,7.805573374240755e-06,1.3060121983860253,1.3057106462165606,1.3055898706700095,1.305511211782638,1.3054541807080358,1.3054103656385014,1.3053752048532583,1.3053459834133025,1.305320994896066,1.305299113881283,1.3052795510173574,1.3052616670448187,1.3052445221554025
426,0.02978197851583956,0.008180715135211838,0.002725958009250462,0.02075765535176698,7.631742512670284e-06,1.3060292821781159,1.3057275666661776,1.3056067038318813,1.305527988242587,1.3054709158252948,1.305427067995064,1.3053918796712267,1.305362634095226,1.305337623781638,1.305315722646986,1.305296140897329,1.3052782389433584,1.3052610765917259
427,0.03465280705129105,0.008180534293899021,0.0027087500202469528,0.02248958074574932,7.460000989491658e-06,1.3060460301175407,1.3057441786705992,1.305623250217439,1.30554449346675,1.3054873919609282,1.3054435217310687,1.3054083150380325,1.3053790536868415,1.3053540293571353,1.3053321154488366,1.3053125218264385,1.3052946086439796,1.305277435379778
428,0.03071480162930651,0.008180358531628623,0.0027420420083217323,0.020676124158915555,7.290357175144428e-06,1.3060623301548542,1.3057603370659925,1.305639340900413,1.305560540012096,1.305503406642115,1.3054595117789776,1.3054242850420834,1.3053950067293736,1.3053699676023556,1.3053480404693862,1.3053284347908822,1.3053105104139409,1.305293326451915
429,0.032506731520993995,0.008180186672821655,0.007802542007993907,0.02188543229671032,7.122819337828752e-06,1.306078283215252,1.3057761449407566,1.305655077044156,1.3055762294974622,1.3055190629470423,1.3054751429929912,1.305439896356585,1.305410601646026,1.305385548574253,1.3053636092644965,1.3053439927058064,1.305326058390119,1.305308865033806
430,0.0350872996203719,0.008180016808343783,0.0028360839933156967,0.02341639386331153,6.95739564310249e-06,1.306093963835707,1.305791729763647,1.305670612580374,1.3055917317632095,1.305534541179875,1.305490602825539,1.3054553413742749,1.3054260342161503,1.305400970304702,1.3053790212683818,1.3053593957567367,1.3053414530015284,1.3053242513936836
431,0.030781700226174498,0.00817985173883282,0.0027582920156419277,0.0213205201408078,6.794094153483115e-06,1.3061092547575563,1.3058069172285018,1.305685741504685,1.305606818251937,1.3055495948472615,1.3055056298162622,1.3054703458136006,1.3054410189949772,1.3054159375220835,1.3053939724912207,1.3053743321748958,1.3053563755094186,1.305339160531424
432,0.03136786570573704,0.00817969110208837,0.0026852089795283973,0.021102089349462946,6.632922828054882e-06,1.306124141681439,1.3058217010504705,1.3057004699249388,1.3056215049780235,1.3055642483822343,1.305520255855416,1.3054849483069217,1.3054556007683449,1.3054305006540607,1.3054085185463689,1.305388862348298,1.3053708907044623,1.3053536613026553
433,0.03782286400802504,0.008179531931874318,0.0029533749911934137,0.023980916633521185,6.473889522080773e-06,1.306138806952813,1.3058362772553183,1.3057150085473168,1.3056360194266312,1.3055787462404822,1.3055347417378327,1.3054994251240124,1.305470070418624,1.3054449644136152,1.3054229772940547,1.3054033166964127,1.3053853410625003,1.305368107808011
434,0.033845922005843534,0.008179376021147971,0.0026922079850919545,0.022597517415136117,6.317001986619794e-06,1.3061531535838222,1.3058505504134215,1.3057292481647562,1.3056502371920489,1.3055929489632156,1.305548933584889,1.3055136087120989,1.30548424743139,1.305459135957242,1.3054371441063384,1.3054174792693256,1.3053994997017908,1.305382262563594
435,0.03187497907543553,0.008179224373940008,0.0027322500245645642,0.021555890562494504,6.162267868149073e-06,1.306167119675238,1.3058644570132283,1.3057431206729486,1.3056640837400448,1.3056067753538052,1.3055627438157502,1.3055274054942194,1.305498032616028,1.3054729108283876,1.3054509095699312,1.305431235971177,1.3054132480882126,1.3053960028174143
436,0.033651693303460316,0.008179076177652601,0.004230124992318451,0.02238844615957464,6.009694708191231e-06,1.3061807681658992,1.3058780468469002,1.305756675464719,1.3056776128464938,1.3056202851038516,1.305576238418658,1.3055408877293475,1.3055115043380046,1.3054863732968796,1.3054643636569407,1.3054446822877281,1.305426687049383,1.3054094345825993
437,0.03343919821898654,0.008178931645766305,0.0027656250167638063,0.021860329324242363,5.859289942946873e-06,1.306194067340162,1.305891288749532,1.3057698838698166,1.305690797717466,1.3056334533011493,1.3055893945736752,1.3055540349457087,1.305524644713343,1.305499508269588,1.3054774942278558,1.305457809158196,1.3054398106953762,1.3054225552042178
438,0.030011829690526483,0.008178792014347876,0.0027550000231713057,0.020610283600393547,5.71106090293203e-06,1.3062069605951012,1.305904118436219,1.3057826729367665,1.3057035549820548,1.3056461857227812,1.305602107320632,1.3055667317635227,1.305537328328903,1.3055121806994243,1.305490156990625,1.3054704634145176,1.3054524573279669,1.3054351947777487
439,0.032413483527277506,0.008178656131683929,0.0026801250060088933,0.02205561485093895,5.565014812621025e-06,1.3062195523702202,1.3059166217227183,1.3057951260095024,1.305715971556434,1.3056585746532625,1.3056144746467464,1.305579081674371,1.3055496637952722,1.30552450388154,1.3055024694980337,1.3054827664701534,1.3054647518616982,1.3054474813964305
440,0.03360378785131778,0.008178523612070292,0.0029304579948075116,0.02191610747233633,5.421158790094231e-06,1.3062318230356635,1.3059288018653843,1.3058072585091984,1.3057280709404557,1.3056706499737156,1.3056265319914642,1.3055911252305916,1.3055616965141033,1.3055365278994622,1.3055144864029045,1.3054947774678254,1.3054767578706565,1.305459483020125
441,0.03344769937438848,0.008178394194928553,0.0027355829952284694,0.0225971357533393,5.279499846691263e-06,1.3062438130488991,1.3059407033968142,1.3058191130796437,1.305739892623026,1.3056824472619208,1.3056383104300613,1.3056028885721525,1.305573447389459,1.3055482682196817,1.3055262176034759,1.3055065006572133,1.3054884739114743,1.3054711924936355
442,0.03510243185417655,0.008178267246698602,0.002678666962310672,0.022881927602817473,5.1400448866691386e-06,1.3062555254447354,1.3059523380649019,1.3058307151258903,1.305751473688064,1.3056940136408661,1.3056498659679276,1.3056144357206194,1.3055849877734709,1.3055598029610382,1.3055377475090097,1.305518026327639,1.30549999579435,1.3054827108288345
443,0.033404522961324776,0.008178143453939,0.0028029580134898424,0.022294855299955927,5.0028007068658985e-06,1.3062669370338291,1.3059636739586244,1.3058420226199439,1.3057627636686664,1.3057052916951464,1.3056611353612217,1.3056256984446564,1.3055962450824634,1.3055710556701197,1.3055489961648892,1.3055292713056477,1.3055112373436515,1.3054939490146051
444,0.03362656945635078,0.00817802286346524,0.0028977079782634974,0.02226110460905203,4.86777399636923e-06,1.3062780528342712,1.3059747102341588,1.3058530316489638,1.3057737566510947,1.305716274409851,1.3056721111412541,1.3056366692816628,1.30560721220244,1.3055820198501011,1.3055599579104795,1.305540230950213,1.3055221950942562,1.3055049048964587
445,0.03210725609226703,0.008177906069399046,0.002715500013437122,0.021093656802424848,4.734971336190505e-06,1.3062888206760013,1.305985395994384,1.3058636909116488,1.3057844010096826,1.3057269095521005,1.3056827402650357,1.3056472942906556,1.3056178342902631,1.3055926398058164,1.305570576282883,1.3055508481362164,1.305532811377275,1.305515520388131
446,0.03141594484467799,0.008177793026137314,0.002729708037804812,0.021271428088602815,4.604399198944028e-06,1.3062992596744643,1.3059957599892085,1.3058740251761392,1.3057947156845662,1.3057372102277478,1.3056930304254624,1.305657576227726,1.305628109591839,1.305602909628923,1.3055808415091112,1.3055611094600443,1.305543069347804,1.3055257753574971
447,0.03268418703296324,0.00817768315382036,0.0027681250358000398,0.021674492504144743,4.476063948531553e-06,1.3063093940174004,1.3060058277462048,1.3058840658631898,1.3058047383185851,1.305747220226097,1.3057030312964475,1.3056675703087954,1.305638098499827,1.305612894529113,1.305590823273807,1.305571088760827,1.3055530467008376,1.3055357510767276
448,0.030155244585306874,0.00817757736775601,0.0028792499797418714,0.020615856474606096,4.349971839832148e-06,1.30631920063395,1.3060155512423859,1.3058937520300333,1.3058143989557724,1.3057568621258817,1.305712658843049,1.3056771864752856,1.305647705394812,1.3056224937121015,1.3056004159406975,1.3055806758538653,1.3055626289667377,1.305545329032154
449,0.03511187296154546,0.008177473722272515,0.0027725420077331364,0.02305695768892226,4.2261290183972806e-06,1.3063287781745483,1.3060250505931097,1.3059032244894775,1.3058238540132652,1.305766304921439,1.305722092623493,1.3056866133763478,1.3056571268750896,1.3056319108075056,1.3056098294141252,1.305590086282517,1.3055720367852237,1.3055547344886984
450,0.03327591242800553,0.0081773727305007,0.002664125000592321,0.022540835887978117,4.1045415201513725e-06,1.3063381046520073,1.3060343061592532,1.305912455773599,1.3058330692321516,1.3057755085463096,1.3057312874617504,1.3056958012440623,1.3056663089793201,1.3056410879741058,1.3056190022231944,1.3055992551477993,1.3055812019927553,1.3055638961520015
451,0.035668665542827334,0.0081772737255391,0.0028416659915819764,0.023270410332039825,3.985215271097538e-06,1.3063472016526247,1.3060433477464208,1.3059214854044814,1.3058420920835299,1.3057845271581878,1.305740303354466,1.3057048153159674,1.3056753217444486,1.3056500997122995,1.3056280130710838,1.3056082651508303,1.3055902111259843,1.305572904264065
452,0.029539872987740086,0.008177178613173375,0.0027051669894717634,0.02060394261581951,3.868156087028814e-06,1.3063559814717374,1.3060520671036397,1.3059301846745617,1.3058507768066894,1.3057932004398476,1.3057489672678042,1.3057134712541847,1.3056839706489491,1.3056587422278834,1.305636649646444,1.3056168961002874,1.3055988366590376,1.3055815244392772
453,0.03238977064872926,0.008177086409519857,0.002663708000909537,0.02147024928145188,3.7533696732446904e-06,1.3063644821633413,1.3060605088669217,1.3059386094243928,1.3058591901134424,1.305801605180316,1.3057573652611,1.3057218636651973,1.3056923582232367,1.3056671254430698,1.30564502880728,1.3056252713956153,1.3056072081878343,1.305589892163717
454,0.0322305525820564,0.008176997156793308,0.0027839590329676867,0.021315676971292254,3.640861624273034e-06,1.306372706722771,1.3060686773169776,1.3059467611342095,1.3058673312885258,1.3058097389031447,1.3057654933859508,1.3057299873468795,1.3057004781914647,1.3056752421647015,1.3056531425833777,1.3056333824179054,1.3056153165639262,1.305597997871194
455,0.029891241785298117,0.008176911196887248,0.0028932499699294567,0.02084265112851238,3.5306374235974217e-06,1.3063806488240666,1.3060765673862142,1.3059546321986841,1.3058751876766423,1.3058175830027345,1.305773326855731,1.305737811355462,1.3057082935660884,1.3056830494995386,1.305660942313482,1.305641174865966,1.305623101961971,1.3056057763161164
456,0.031425007431007256,0.008176828099806934,0.002756417030468583,0.02145269958662151,3.4227024433899053e-06,1.3063883431563725,1.3060842055021062,1.3059622480559328,1.3058827863472444,1.3058251674415544,1.3057808990865607,1.3057453727772648,1.3057158451556619,1.3056905919516604,1.3056684761326747,1.3056487004234774,1.3056306195239178,1.3056132860051481
457,0.035465352772610294,0.00817674683077201,0.0030034169903956354,0.022694934635207553,3.317061944249127e-06,1.3063958243714804,1.3060916413888928,1.3059696726068586,1.305890202410769,1.3058325767969556,1.3057883030327324,1.3057527722026259,1.3057232406433636,1.3056979838750555,1.3056758647243836,1.3056560858196113,1.3056380017844125,1.30562066507107
458,0.035953831863126715,0.008176667347000724,0.0026699999580159783,0.0230449400112,3.21372107494399e-06,1.3064031047025744,1.3060988879547883,1.3059769152860734,1.3058974430876735,1.3058398165522422,1.3057955426736003,1.3057600122646003,1.305730481447879,1.3057052255943333,1.3056831074310509,1.3056633295184212,1.3056452464244812,1.3056279104987036
459,0.03011416091756334,0.00817659093516478,0.0027569590019993484,0.020841376442025005,3.1126848721626714e-06,1.3064101276288749,1.30610587292975,1.3059838897156888,1.3059044108272224,1.3058467797252493,1.3058025026364304,1.3057669698627703,1.3057374371900814,1.3057121797724736,1.3056900601978445,1.3056702809343839,1.30565219647933,1.3056348590720128
460,0.03397735381915204,0.008176516675692552,0.0027315840125083923,0.022555985230227775,3.013958260267153e-06,1.3064169498878606,1.3061126598195982,1.3059906655968485,1.3059111802015664,1.3058535450461626,1.30580926542169,1.305773731042333,1.305744197317574,1.3057189391617279,1.3056968190088312,1.3056770392250865,1.305658954230495,1.3056416161515279
461,0.02945822594991277,0.00817644570288639,0.0028272499912418425,0.019891101939980938,2.9175460510532147e-06,1.3064235033897886,1.3061191701899275,1.305997155946131,1.305917656989049,1.305860012314435,1.3058157258827088,1.3057801865428607,1.305750649135378,1.3057253881958728,1.3057032659006345,1.3056834844339886,1.3056653980762405,1.3056480587936996
462,0.033565550583991535,0.008176376824602673,0.0027584999916143715,0.021885154513108674,2.8234529435159238e-06,1.3064298496932139,1.3061254753365676,1.30600344362716,1.3059239342640445,1.3058662833314407,1.3058219932994566,1.3057864520914235,1.3057569139563383,1.3057316530455405,1.3057095312801124,1.3056897506689582,1.3056716653610532,1.305654327172891
463,0.031409996188101565,0.008176310380387769,0.0026841669459827244,0.021444429189359862,2.7316835236205906e-06,1.3064359858957322,1.3061315675589582,1.3060095166037515,1.3059299946036746,1.305872335293611,1.3058280397167772,1.3057924948443382,1.3057629543019749,1.3057376918314036,1.3057155690792768,1.3056957878644526,1.305677702193551,1.3056603637266115
464,0.031469825107077264,0.008176246293559319,0.002688625012524426,0.021276717876103298,2.642242264079261e-06,1.306441911950539,1.3061374508366401,1.3060153786987516,1.3059358424923624,1.30587817353709,1.3058338713506086,1.3057983218992326,1.3057687781549445,1.3057435134292876,1.3057213890788628,1.3057016067199034,1.3056835202065025,1.3056661810355774
465,0.03217912611546036,0.008176184433279969,0.0028509590192697942,0.021380130945887182,2.5551335241327673e-06,1.3064476408232368,1.306143127477624,1.3060210347847707,1.3059414853781968,1.3058838075893457,1.3058394993944868,1.3058039458129131,1.305774399219164,1.3057491325371384,1.3057270068630982,1.30570722363077,1.305689136555345,1.3056717969813387
466,0.035209671154383136,0.00817612402900588,0.002865582995582372,0.023332389777501038,2.4703615493381744e-06,1.306453221166156,1.3061486566880638,1.3060265463213003,1.3059469875733638,1.3058893047379532,1.305844993959589,1.3058094392648998,1.3057798924554889,1.3057546261088564,1.3057325011026295,1.305712718725584,1.3056946325866639,1.3056772939068857
467,0.03104090746918436,0.008176065978981309,0.0027258340269327164,0.021099596011951605,2.387930471361959e-06,1.3064586022430953,1.3061539856543394,1.3060318542759197,1.305952282756497,1.3058945915957587,1.3058502751737613,1.305814716542902,1.3057851669292222,1.305759898552087,1.3057377720552352,1.3057179885664556,1.3056999015731605,1.3056825621605588
468,0.03240928352755167,0.008176009873848145,0.002735750051215291,0.02165180725998366,2.3078443077785656e-06,1.30646380150959,1.3061591339002394,1.306036982857499,1.3059573996421043,1.3058997009922657,1.3058553795652121,1.3058198174859144,1.305790265443484,1.3057649953275363,1.3057428675680312,1.3057230831460458,1.3057049954379414,1.3056876554023293
469,0.03504781124993788,0.008175955132999404,0.002764832985121757,0.023270745302193915,2.2301069618746185e-06,1.3064688543612615,1.3061641481259572,1.3060419825018532,1.3059623906023228,1.3059046865624437,1.305860361720511,1.3058247974508637,1.3057952439990137,1.3057699729821233,1.3057478446555462,1.305728059882373,1.3057099719500325,1.305692631708937
470,0.03291327286688089,0.008175902192194022,0.002712333982344717,0.02192753367803975,2.154722222458688e-06,1.3064737360083636,1.3061689957131521,1.3060468171919097,1.3059672175719497,1.3059095086884467,1.305865180752564,1.3058296144931747,1.305800059768922,1.3057747879559196,1.305752659152958,1.305732874115922,1.3057147860501206,1.3056974457034372
471,0.0330232608140474,0.008175850922474718,0.002891874988563359,0.022493934891856113,2.0816937636766182e-06,1.3064784644074403,1.3061736933614874,1.3060515028620892,1.3059718958029032,1.305914181857101,1.3058698502201926,1.3058342810723422,1.305804723959344,1.305779450070616,1.305757319388299,1.3057375325909149,1.3057194428246566,1.3057021007542629
472,0.03260679536423679,0.008175801427760932,0.002851917000953108,0.021737734830583284,2.011025144832475e-06,1.3064830284330076,1.306178227025761,1.3060560256388722,1.3059764117893815,1.305918693210819,1.3058743581933066,1.305838786408175,1.3058092271049653,1.3057839512956393,1.3057618188524007,1.3057420303820566,1.3057239389768545,1.3057065952243598
473,0.030291565837684494,0.00817575404456359,0.002764583972748369,0.02029470273398493,1.942719810215019e-06,1.3064874083643712,1.306182574680202,1.3060603601658372,1.3059807375752477,1.305923012777262,1.3058786731054413,1.3058430976631221,1.305813535353953,1.3057882569727688,1.305766122250461,1.3057463316974813,1.3057282383330868,1.305710892654519
474,0.030355437918512057,0.008175708592699841,0.0029884579707868397,0.020726814279024706,1.8767810889299138e-06,1.306491624075059,1.3061867540789702,1.3060645237050514,1.3059848903120055,1.3059271575861928,1.3058828117781442,1.3058472313636087,1.3058176648685955,1.3057923828513105,1.305770244887563,1.3057504513806837,1.3057323552681628,1.3057150069508698
475,0.03501629429660875,0.008175664340652446,0.002861417015083134,0.02231136330672299,1.8132121947373969e-06,1.306495704329171,1.306190803600506,1.3060685642961418,1.305988925597197,1.305931189422311,1.3058868412691076,1.3058512591889768,1.3058216914574983,1.3057964084803568,1.3057742697370915,1.3057544755670116,1.3057363788586545,1.3057190299428487
476,0.032552269233863805,0.008175621517802838,0.002921040984801948,0.022281432130344597,1.7520162258957028e-06,1.3064996583873794,1.3061947258455164,1.3060724770389953,1.3059928325591537,1.3059350924120552,1.305890741317835,1.3058551569107484,1.305825587229268,1.305800302538696,1.305778162231715,1.3057583665904864,1.3057402684596175,1.3057229181045678
477,0.03275367472947046,0.008175580125161617,0.002893208002205938,0.021684575362412657,1.6931961650100031e-06,1.3065034780284333,1.306198515100745,1.3060762571436377,1.305996607508164,1.3059388640454361,1.3058945106412632,1.3058589245048233,1.3058293534411027,1.3058040675807459,1.3057819262349974,1.3057621296334951,1.3057440305809012,1.305726679281681
478,0.03285427003672304,0.00817554009012196,0.0027206670492887497,0.02151239176044823,1.6367548788870986e-06,1.3065071625701283,1.306202177432928,1.306079912465364,1.3060002586814146,1.3059425124998978,1.3058981572067143,1.3058625696839166,1.3058329975488157,1.305807710820765,1.305785568742509,1.305765771498921,1.3057476718598116,1.3057303199731152
479,0.029637065963018218,0.00817550169065584,0.002742874959949404,0.02105269664937326,1.582695118395637e-06,1.3065107206637459,1.3062057055021357,1.3060834285944884,1.3060037669526383,1.3059460149247255,1.305901654952293,1.3058660634790655,1.3058364878752422,1.3058111980123621,1.305789053039629,1.305769253078629,1.305751150850086,1.305733796435347
480,0.03269269372216117,0.008175464474506818,0.0027612909907475114,0.021973076672059146,1.5310195183320775e-06,1.3065141661188548,1.3062091246392773,1.306086836762579,1.3060071675498295,1.30594940981123,1.3059050452638377,1.3058694499407413,1.3058398709692771,1.305814578071357,1.3057924302997141,1.3057726277100534,1.3057545229721959,1.305737166100608
481,0.03233451730449802,0.008175428412016556,0.0027119170408695936,0.021960622741723727,1.4817305972922726e-06,1.3065175036239343,1.306212439572293,1.3060901408535146,1.3060104639020196,1.305952700235643,1.3059083308979516,1.305872731527182,1.3058431490105549,1.3058178529180509,1.3057957022020281,1.3057758968482573,1.30575778947209,1.3057404300189421
482,0.034060324463043516,0.008175393326559052,0.0028880409663543105,0.022741018186649406,1.4348307575486811e-06,1.3065207496707614,1.3062156654597479,1.3060933560259687,1.3060136713085346,1.3059559016757165,1.3059115275316577,1.3058759241283182,1.3058463381119032,1.305821038896648,1.3057988853304388,1.3057790773256257,1.305760967440486,1.3057436055502183
483,0.033076447911800574,0.008175359334001157,0.002781999995931983,0.021732379805722485,1.3903222849333505e-06,1.3065238938675223,1.3062187900779032,1.306096469967698,1.3060167776328966,1.3059590023248524,1.3059146237654788,1.3058790167880567,1.3058494277778323,1.305824125981577,1.3058019701359023,1.3057821600758122,1.305764048300358,1.3057466846141341
484,0.032384211319400356,0.008175326300189713,0.0026762080378830433,0.022339692003181696,1.3482073487264212e-06,1.306526949687333,1.3062218273664268,1.3060994975247495,1.3060197980518593,1.3059620171625115,1.3059176340231666,1.3058820231332673,1.305852430668159,1.3058271257383705,1.3058049669891847,1.305785154191605,1.305767039794831,1.3057496735403524
485,0.031407416828253244,0.008175294379455382,0.002872375014703721,0.02103759730288175,1.3084880015504796e-06,1.3065299058296704,1.306224763107452,1.3061024233425351,1.3060227167654088,1.3059649303147272,1.3059205425846523,1.3058849277598024,1.305855331825352,1.3058300237696092,1.3058078621550924,1.3057880466934135,1.3057699297860252,1.3057525611126037
486,0.033951357348400206,0.008175263254909314,0.00272604200290516,0.022407080666425473,1.271166179270472e-06,1.3065327843593488,1.3062276243958302,1.3061052756027234,1.3060255623548531,1.3059677706548232,1.305923378618187,1.3058877601476284,1.305858161050505,1.305832850197068,1.3058106860677539,1.305790868313986,1.3057727492881523,1.3057553786071905
487,0.032970557305590294,0.008175233013427152,0.002828290977049619,0.02145864362466982,1.2362437008993561e-06,1.306535578746069,1.3062304021838547,1.3061080448708107,1.3060283255471121,1.3059705292478252,1.3059261335758314,1.3058905121293882,1.3058609105266028,1.3058355975152969,1.3058134314933296,1.30579361205341,1.3057754915013144,1.305758119394658
488,0.03364851269274474,0.008175203441053191,0.0027397910016588867,0.02247062190210709,1.2037222685094684e-06,1.3065383069255256,1.3062331144631694,1.3061107503793385,1.3060310263862127,1.305973226556849,1.3059288280631023,1.305893204263578,1.3058636006337199,1.3058382858324624,1.3058161181996126,1.3057962972873791,1.305778175368689,1.3057608019527802
489,0.03141542517518823,0.008175174744558669,0.0027876250096596777,0.021538112642522686,1.1736034671495336e-06,1.3065409654487834,1.306235754330194,1.3061133812550194,1.306033650738039,1.3059758457578408,1.3059314429808737,1.3058958154867515,1.3058662085862252,1.305840890835534,1.3058187205067433,1.305798897104189,1.3057807728621442,1.305763397237428
490,0.03669046615858728,0.008175146370607162,0.0028734590159729123,0.023548766004853706,1.1458887647674477e-06,1.3065435777163887,1.3062383514413203,1.3061159732572014,1.3060362396168583,1.3059784324646015,1.3059340280528684,1.3058983992500917,1.3058687912512699,1.3058434725462686,1.3058213013672406,1.3058014771925546,1.3057833522354607,1.3057659759149134
491,0.031094821514127624,0.00817511875905662,0.002822083013597876,0.021274481162358607,1.1205795121386967e-06,1.306546125277508,1.3062408821907474,1.306118498295354,1.306038760974633,1.3059809510177376,1.3059365442763833,1.3059009134366042,1.3058713035996552,1.3058459832027536,1.3058238104458768,1.30580398478541,1.3057858584154192,1.305768480718161
492,0.03268442723048041,0.008175091748961081,0.0028619159711524844,0.021836063683638367,1.0976769428005576e-06,1.3065486209781545,1.3062433592823504,1.306120968815078,1.306041227403491,1.3059834143889377,1.3059390051518842,1.3059033721727116,1.3058737604473647,1.305848438352694,1.3058262640506488,1.3058064369710103,1.3057883092849998,1.3057709303356557
493,0.032425551452770686,0.008175065284217695,0.002768874983303249,0.021732760375510456,1.0771821729919393e-06,1.3065510683134935,1.3062457883746867,1.3061233908407563,1.306043644881598,1.305985828423186,1.3059414163660117,1.3059057809703098,1.3058761671141108,1.3058508431045468,1.305828667059036,1.305808838376363,1.3057907092020324,1.3057733288383888
494,0.030924647137290484,0.008175039380163968,0.0027489159838296473,0.021342981366767662,1.0590962015990181e-06,1.3065534699564996,1.3062481702891597,1.3061257645859188,1.3060460132074985,1.305988192497892,1.305943776848784,1.3059081382923912,1.3058785215840645,1.3058531949570802,1.3058310164806084,1.3058111855192036,1.3057930541899645,1.3057756717527709
495,0.032891661279479394,0.008175013885686524,0.002921041043009609,0.021886496302481954,1.04341991010651e-06,1.3065558374802075,1.3062505172821208,1.3061281023049902,1.3060483446786815,1.3059905191394128,1.305946099493658,1.305910457491951,1.3058808377343594,1.305855508360933,1.3058333273809548,1.3058134941175965,1.305795360655067,1.305777976208172
496,0.03394356206284583,0.008174988617409094,0.00268904201220721,0.02223738238256105,1.0301540625547597e-06,1.3065581778019097,1.306252838507253,1.3061304154498428,1.3060506527790652,1.305992823565655,1.305948401016347,1.3059127565995725,1.305883134764196,1.3058578035623731,1.30583562094881,1.3058157862101178,1.3057976514018508,1.305780265697522
497,0.03376933693192524,0.008174963543270098,0.0027618330204859376,0.02240081658214916,1.0192993055024594e-06,1.3065604978099834,1.306255141463416,1.3061327108476004,1.3060529432574952,1.3059951104001137,1.3059506849675093,1.3059150381737916,1.3058854143251948,1.3058600813875276,1.3058378972598423,1.3058180611901848,1.3057999252032124,1.3057825384290536
498,0.031663630908380994,0.00817493873850747,0.002794458996504545,0.02171330526218846,1.0108561679951475e-06,1.3065627970658553,1.3062574230169686,1.3061349841854033,1.306055210947914,1.3059973737272552,1.3059529447286817,1.3059172949170217,1.3058876684523042,1.3058623332076342,1.3058401470197303,1.3058203090920348,1.3058021714132344,1.3057847830661553
499,0.03443334533116384,0.008174913978251621,0.0026323749916628003,0.022078318823162937,1.00482506153944e-06,1.3065650818176855,1.306259693568972,1.3061372483460543,1.3060574710451183,1.3059996309767445,1.3059551998680707,1.3059195484280302,1.3058899206683428,1.3058645843719334,1.3058423973182325,1.3058225586721135,1.3058044203924433,1.3057870315205686
500,0.030758061862624416,0.008174889491288482,0.002866292023099959,0.020878823308924325,1.00120628008296e-06,1.306567350024903,1.3062619440754184,1.306139490861211,1.306059708224285,1.3060018641939826,1.3059574299849277,1.3059217760328516,1.3058921461867343,1.3058668081261393,1.3058446195613773,1.3058247796084224,1.3058066401875192,1.3057892502913557
