iteration,training_loss,validation_loss,iter_time,raw_grad_norm,lr,t0,t1,t2,t3,t4,t5,t6,t7,t8,t9
0,0.036349857275111065,0.013356413813687663,1.2778380922973156,,,1.2426494076450263,1.2426494076450263,1.2426494076450263,1.2426494076450263,1.2426494076450263,1.2426494076450263,1.2426494076450263,1.2426494076450263,1.2426494076450263,1.2426494076450263
1,0.03725590596290531,0.013356374651366002,2.7480652700178325,0.03596250932799502,9.999999999999159e-07,1.242651637145894,1.242651637145301,1.2426516371446361,1.242651637143832,1.2426516371428025,1.242651637141405,1.2426516371424494,1.2426516371414964,1.2426516371412653,1.2426516371422083
2,0.03624100831323371,0.013355555677350512,2.874543867073953,0.035324520290891476,2.097999999999987e-05,1.2426984025195384,1.242698390231764,1.2426983796048403,1.2426983710803052,1.2426983646760426,1.2426983618810103,1.2426971540091223,1.2426982952361907,1.2426984176343343,1.242698460809299
3,0.037346361995144184,0.01335395997482997,1.8932347698137164,0.03568482386638869,4.095999999999993e-05,1.242789745154227,1.24278971636731,1.2427896883746692,1.2427896695701939,1.2427896572080566,1.2427896531318932,1.2427852703144375,1.242788994349419,1.2427892406501746,1.2427894094657417
4,0.03836793770317573,0.013351580964998661,2.147648317273706,0.036777028593858875,6.0939999999999996e-05,1.2429256077880044,1.2429256737066146,1.2429256771367083,1.2429256708465464,1.2429256670175421,1.2429256720470705,1.2429165705414629,1.2429246098563065,1.2429252044813257,1.242925458667339
5,0.03715503362332857,0.013348437760006653,1.901708072051406,0.03555039694174172,8.091999999999984e-05,1.2431060827730653,1.243106139361167,1.2431061814806992,1.243106204181138,1.2431062241114894,1.243106251071253,1.2430871642971477,1.2431025434880836,1.2431042076577536,1.2431050252120703
6,0.036488939935907946,0.013344511449673514,1.9190405909903347,0.03607181612596776,0.0001008999999999999,1.2433311620479226,1.2433312354937323,1.2433313124966945,1.2433313406359772,1.2433313549484295,1.2433313803466115,1.243301077114002,1.2433259778368633,1.2433285980420075,1.243329808962694
7,0.037215697600461894,0.013339800629272616,1.962067767046392,0.03659289160949407,0.00012087999999999997,1.243601099028294,1.2436010976540646,1.2436011883305351,1.2436012183227436,1.2436012294270216,1.2436012432534687,1.243561545115657,1.243593876598527,1.2435973035297134,1.2435990053761103
8,0.036668092507122205,0.013334361868579123,1.8345041698776186,0.0351393573593271,0.00014085999999999992,1.2439155279883731,1.2439153777694287,1.243915525663416,1.2439155885444175,1.2439156230631008,1.243915651732977,1.2438575012050987,1.2438961878233914,1.2439039458878933,1.2439092510235314
9,0.03241552533995841,0.013328173707663177,1.9447092399932444,0.033833407821554765,0.00016083999999999998,1.2442736697595997,1.2442731654771937,1.2442730408627034,1.24427285216309,1.2442726540618443,1.2442724471503877,1.244196266909202,1.2442411810635803,1.244253619647636,1.2442622305056892
10,0.03481985708331162,0.013321216266804551,1.7619589171372354,0.03508846366239829,0.00018081999999999983,1.2446762756799838,1.2446751598310555,1.2446746239635045,1.2446740816072233,1.2446735634626587,1.2446730630396157,1.2445737750228942,1.2446335158470347,1.2446497063788495,1.2446602646019413
11,0.03617353388032006,0.013313456476469981,1.8147327187471092,0.035650970214851294,0.0002007999999999999,1.245123171291496,1.2451217459702166,1.2451208647550278,1.2451200022264723,1.245119176411302,1.2451183667944796,1.2450052977429913,1.2450735590940902,1.2450929783253177,1.2451041215494343
12,0.03669848351377362,0.013304976865899798,2.095846985001117,0.03563740483374857,0.00022077999999999996,1.245615379074045,1.2456133191947363,1.245612005487641,1.2456107776879004,1.2456096147404572,1.2456084759987593,1.2454684551792086,1.2455472467031488,1.2455743449883476,1.2455895265796457
13,0.03787953441918282,0.013295691509338913,1.9215093851089478,0.036198377180753985,0.0002407599999999999,1.2461525700314562,1.2461499070644604,1.2461483639245747,1.2461469632653588,1.2461456219116747,1.2461442839774486,1.2459842721655352,1.2460689825908937,1.2461031521244725,1.2461214614784866
14,0.039139939182564504,0.013285578597179467,2.1516002961434424,0.03674696380972851,0.00026074,1.2467348376907899,1.2467321005071896,1.2467306291888638,1.2467292703942559,1.2467279435175385,1.2467265885147008,1.24655522250448,1.2466419233746202,1.2466821319009445,1.246702164298672
15,0.03544775286119208,0.013274682695525715,2.0886248252354562,0.03532596832746573,0.00028071999999999993,1.2473609168309445,1.2473588004376681,1.2473576112305067,1.2473563479717922,1.2473550238700684,1.24735387955167,1.2471770091498662,1.2472619415081536,1.2473076532558807,1.247327233765232
16,0.035251521059311466,0.013263023080747874,2.2626388827338815,0.034516816280120696,0.0003007,1.2480301665480624,1.2480289096962054,1.2480277530421873,1.2480263925305677,1.2480249239939771,1.2480238194613913,1.247847521363268,1.2479301788467083,1.247979859088299,1.2479974668926483
17,0.039201802006091434,0.01325070150337397,1.9743381473235786,0.036314604595157216,0.00032068000000000005,1.2487459391168128,1.2487457381088645,1.2487448196941389,1.248743500704988,1.2487420047156763,1.2487410411908944,1.2485440993223669,1.248618964650004,1.2486773651394119,1.2487010361884932
18,0.03434910331993736,0.013237711604145058,1.8889899794012308,0.03363308806933086,0.00034066,1.2495047478637444,1.2495045221739063,1.2495035030081072,1.2495020709657085,1.2495004581660676,1.2494995482961926,1.2492689929130951,1.249342803592737,1.2494140971384027,1.2494451892362257
19,0.03921794435520417,0.013223983277418434,1.7928573871031404,0.03665544408896441,0.00036063999999999996,1.2503105989779413,1.2503104134815948,1.2503095330348548,1.2503081573399348,1.2503065571419634,1.250305798622893,1.2500205648897134,1.2501040427654297,1.250193180850596,1.250234322155671
20,0.039677059289132045,0.01320938733447019,1.8932066299021244,0.037705715007726674,0.0003806199999999999,1.2511636024559987,1.251164519790194,1.2511643048043093,1.2511632634875494,1.2511618369386386,1.2511612760936446,1.2508298361511043,1.2509229132056843,1.251028317645815,1.2510751790779506
21,0.036350427653724024,0.013194113240947818,2.1190749499946833,0.03525331333601429,0.0004006,1.252061492112547,1.2520630294503177,1.2520631211898754,1.2520621675185724,1.2520607460660667,1.2520601756110719,1.251663450666179,1.2517730728221987,1.2519037278997172,1.251960974233083
22,0.038088494087302596,0.013178200771221725,1.9834403446875513,0.03605867619992375,0.00042057999999999993,1.2530056742292137,1.2530082676630507,1.2530089663173738,1.253008227985778,1.2530069092107348,1.2530063730209817,1.252522325840821,1.2526420980798885,1.252802384396398,1.2528799649914142
23,0.037578851784116685,0.013161564403301197,1.884012260939926,0.035400826029200964,0.0004405599999999999,1.2539942709588943,1.2539982864733434,1.2539997763117094,1.2539994214879944,1.253998362239949,1.253997918450982,1.253412001381601,1.2535538710499783,1.2537469574113072,1.2538460699491494
24,0.037187378373245775,0.013144365514205548,1.9332398283295333,0.035052175126096353,0.00046053999999999995,1.255028181153256,1.2550327001125159,1.2550348015739226,1.2550347349379016,1.2550338694118186,1.255033398084115,1.2543250199411724,1.2544788873656554,1.254707049331384,1.254835629173532
25,0.03638891776464248,0.01312648603871885,2.078427705913782,0.034320433501687474,0.0004805199999999999,1.2561048584422305,1.2561096706525303,1.2561119382522523,1.2561118396583555,1.256110866905092,1.2561100246233534,1.2552668331126668,1.2554432525630934,1.255714850247972,1.2558732240130148
26,0.0370631980243755,0.013107710286201177,1.94219641527161,0.036663890086071696,0.0005005,1.2572282220046047,1.257233083842378,1.2572354929596725,1.2572353206637288,1.2572342141288921,1.257233722860715,1.256282342650616,1.256482042972286,1.2567851348062424,1.2569678786842977
27,0.03581951471922175,0.013088268373285309,1.8616529637947679,0.03499342459756343,0.00052048,1.2583959381422627,1.2584008873172898,1.2584030407431153,1.2584024574133894,1.258400974781352,1.25840061189934,1.2573221434560102,1.2575571161439232,1.2578986891285675,1.2581076922539376
28,0.03955790187590015,0.013067920729031762,2.096413071267307,0.03742603836955842,0.00054046,1.2596120731574783,1.2596177560443742,1.2596201343287468,1.2596196017487453,1.2596181395937913,1.2596181398409096,1.258442753403687,1.2586949613955456,1.2590743968049438,1.2593018973650276
29,0.03582097495621245,0.013046879997168477,1.8362796478904784,0.03456142756326961,0.00056044,1.2608708161400224,1.2608768017868097,1.260879180846548,1.2608785691476618,1.2608770462935845,1.2608772708033376,1.2596073712879734,1.2598804706864988,1.2602968879713998,1.260540750468422
30,0.03804563640328431,0.013025071952463904,2.019083419814706,0.03564057946905754,0.0005804199999999999,1.2621744795450573,1.262181107291301,1.2621836851568637,1.2621830620837102,1.262181556785155,1.2621821958803658,1.260796448327369,1.2611294983873562,1.26158052137105,1.2618404739063567
31,0.035921555164502086,0.0130025374782824,1.8321094373241067,0.03557333903824575,0.0006004,1.2635239873759634,1.2635302098971126,1.2635325608399466,1.2635317467370117,1.263530163112861,1.2635310278056389,1.2620392155915383,1.2624258045012533,1.2629117146030175,1.2631852569167705
32,0.035386560309894725,0.012979384505211798,1.8474440067075193,0.035120805151858635,0.00062038,1.2649194193571272,1.264922767679048,1.2649238481275245,1.2649222270532623,1.2649200907028901,1.264920651961798,1.2632998033409595,1.2637583823586171,1.2642868405170684,1.2645749324173547
33,0.033668781012274364,0.012955561258878772,2.0067866407334805,0.034021107766344705,0.00064036,1.2663562353802098,1.2663558408119453,1.2663542798969203,1.2663507760749113,1.2663472228951447,1.2663467518490983,1.2646103512475668,1.2651469063491079,1.2657125143514398,1.2660100089114739
34,0.03684955052615195,0.012931300011631482,2.0176236159168184,0.03470584361983153,0.00066034,1.26783866300978,1.2678337937991102,1.2678295407917308,1.267824143911013,1.2678192660256,1.267817852457306,1.2659353563199376,1.2665281750906392,1.2671364796448945,1.2674625606915628
35,0.03656870796468523,0.012906544626617564,2.305649569258094,0.03464118049196734,0.0006803200000000001,1.2693664859940952,1.2693559812528385,1.2693486520511725,1.2693411957239926,1.2693349363204867,1.269332524163897,1.2672750643045987,1.267911128561103,1.2685759833763917,1.2689492441985482
36,0.03527256982532443,0.012881221886858444,1.9806070066988468,0.03445445893141066,0.0007003,1.2709386014004873,1.2709218276128253,1.2709108248002372,1.2709008830452364,1.270892933328262,1.2708892786518764,1.2686295236806133,1.2693200821473167,1.2700522785818413,1.2704792593016367
37,0.03363906342941689,0.012855143913879064,1.7665175520814955,0.03407852377047615,0.00072028,1.272551769156752,1.272529123436679,1.2725138223066255,1.2725008478733753,1.2724906788280586,1.272485084108298,1.2700645458253603,1.2707961087505462,1.2715876108437087,1.2720597724152405
38,0.03444216333882551,0.012828407894263682,1.8249311582185328,0.03432053600133862,0.00074026,1.2742084522433827,1.2741797747427543,1.2741600353948557,1.274143748069735,1.2741310368270349,1.2741230184935157,1.2715477638658783,1.272318782506298,1.2731699032028971,1.27368327917597
39,0.03443347824327908,0.012801185174506199,2.0128641901537776,0.03395034561817158,0.00076024,1.275909175295038,1.2758726719271891,1.275848569654629,1.275828956137127,1.2758136749654365,1.27580323805518,1.27304820393878,1.2738550730684872,1.2747731714214248,1.2753388882230743
40,0.03138408008618535,0.012773464392156595,1.7938940157182515,0.03274507445341631,0.0007802200000000001,1.2776492694060808,1.2776029453885072,1.27757275557275,1.2775482548878871,1.2775289801226482,1.2775149219863107,1.2745508083747343,1.275434118793539,1.276425148556976,1.277042074007911
41,0.0355013249056828,0.012745266632573875,2.1073215659707785,0.03424155893480022,0.0008002,1.2794358318022925,1.2793784349372597,1.279341556802177,1.279311847894175,1.2792884791745145,1.2792707339232379,1.2760676786767229,1.277012330816336,1.2780994411088744,1.2787792350226317
42,0.03458768198691342,0.012716187036620976,2.019194551743567,0.03408404097514056,0.00082018,1.2812639627854372,1.2811956289908333,1.2811526676637488,1.281118001642566,1.2810907100176676,1.2810694530168334,1.2776756637219744,1.2786978163650384,1.2798527844467287,1.280583810235264
43,0.034551522179699146,0.012686581511715459,2.001916604116559,0.03360866106638268,0.00084016,1.283135911376645,1.2830552828944175,1.2830050402372248,1.2829647131788284,1.2829330751643104,1.2829080842143552,1.2792986928990115,1.2804167189516573,1.2816466828461188,1.2824300691246753
44,0.034536594354399826,0.012656239209188975,1.893887905869633,0.03426730187540425,0.00086014,1.2850534001379523,1.2849583661318413,1.2849005556896484,1.2848544129543935,1.2848182474076904,1.2847893741598644,1.2809422140526605,1.2822266902686588,1.2835192313371795,1.2843417703012974
45,0.04028770936053232,0.012625040068426964,2.047878950368613,0.037008918388658094,0.00088012,1.2870274080830206,1.2869209496852114,1.2868573678125406,1.286806721264103,1.2867671214420966,1.2867352851611749,1.282631615001872,1.2840849649176884,1.285454435188893,1.286321035665358
46,0.037865203634116794,0.012592886975974233,1.8715172302909195,0.03562192711171825,0.0009001,1.2890501001082708,1.2889314906872031,1.2888623537180868,1.2888077344691502,1.2887652627779789,1.2887308710591088,1.2844406838822993,1.286046131639006,1.287471689999116,1.2883676697421895
47,0.03405447751397041,0.012560211420418948,1.8064148779958487,0.03347813448717065,0.0009200800000000001,1.291114016419217,1.2909829033018718,1.2909074067448993,1.2908480242164866,1.2908019689191506,1.2907644029705756,1.2862757477802165,1.288047920412523,1.2895361947796125,1.2904596864088618
48,0.03585973395965325,0.012526834138800182,1.925047774799168,0.03491884049521236,0.0009400599999999999,1.2932269834885004,1.29308033847736,1.2929978628200185,1.292933812454715,1.2928843911909407,1.2928437799980705,1.288180045394111,1.290113475963507,1.2916543695598153,1.292602127625273
49,0.0374463153776941,0.012492648680445037,2.235270902980119,0.035515128801160596,0.00096004,1.2953893649040766,1.2952286820198342,1.2951403992485446,1.2950725460668502,1.2950205045099428,1.2949774667323184,1.2901428588922441,1.2922575725759622,1.293843675620589,1.2948112287346787
50,0.034588082429510864,0.012458199819502969,2.217585771344602,0.033859829127331244,0.00098002,1.2975982699327449,1.2974202653625708,1.2973240475309715,1.2972508138454235,1.2971950572477888,1.2971486740135965,1.29210142749578,1.2943768656260715,1.2960360551501588,1.2970428424303158
51,0.03479917684421647,0.012423382822101106,2.206781645771116,0.03408256400374633,0.001,1.2998544823529854,1.2996557215370732,1.2995508082897416,1.2994717999486847,1.2994120614900397,1.2993621779143922,1.2940708433310615,1.2964908584696655,1.2982435877059035,1.299305388651759
52,0.03421328752267775,0.012388485239136188,2.037101674824953,0.033873974648725345,0.0009999878275373446,1.3021068536708211,1.3018873562880071,1.3017731340185437,1.3016878588225016,1.3016236569548056,1.3015697351413928,1.2961350147229722,1.2986454591788401,1.3004769125803517,1.3015801799586917
53,0.03479817203370614,0.012354029614090415,2.20294296881184,0.033365720650327335,0.0009999513107426476,1.304359067817958,1.3041151913967295,1.3039911400072626,1.3038994434829965,1.3038308293346215,1.303773149274187,1.2981522870075826,1.300744742149776,1.3026626157706838,1.3038279306972855
54,0.03634906895491939,0.012319394765199951,2.1086399010382593,0.03482326099315421,0.0009998904513956854,1.3066132814006408,1.3063455485805682,1.3062119983873173,1.306114370556522,1.306041738832947,1.3059805009679712,1.3002551165652378,1.3029007989803145,1.3048803811816396,1.3060906319146353
55,0.03241590231736541,0.012284839083238077,2.021077658981085,0.03262516772011548,0.000999805252462657,1.3088582298397389,1.3085671540092667,1.3084239983671422,1.3083199548741338,1.3082427221948718,1.3081772558911542,1.302401228306928,1.3050968481561402,1.3071133793727734,1.3083540346517513
56,0.03581181552309809,0.012250448124621572,2.0322318971157074,0.03486269616272587,0.0009996957180960385,1.3111111723017215,1.3107942990636725,1.3106405283763907,1.310529693305354,1.310447766013702,1.3103781238186423,1.3045164021531812,1.307274450019549,1.309344539898908,1.3106186156013877
57,0.03358509456563921,0.01221623992701848,1.9602911570109427,0.03297044359961831,0.0009995618536343797,1.3133584147860287,1.3130174832113004,1.3128528209280077,1.3127348330397888,1.3126477801133867,1.3125734359379457,1.3066052122407357,1.3094594552601153,1.3115902797655987,1.3128882125154786
58,0.03433053240733,0.012182220774592875,1.8616485567763448,0.03353855932085522,0.0009994036656020464,1.3156059669531408,1.3152383641685261,1.3150625127348365,1.3149372282730998,1.3148449102022906,1.314765616190733,1.3086813930962868,1.3116362041500271,1.313835730798957,1.3151573970713648
59,0.03391012396959055,0.01214866796769896,1.9558765650726855,0.03261225284251589,0.0009992211617088995,1.3178494860743888,1.31745590046727,1.3172692170976261,1.3171365665258346,1.3170388744883454,1.3169545234845976,1.3107076406946097,1.3137448039874213,1.3160271551834346,1.3173962192488065
60,0.030814308215416485,0.012115600010955902,1.8443650589324534,0.03216551322450797,0.0009990143508499217,1.320089529641201,1.3196655027408206,1.3194656826890234,1.3193238705465107,1.319219278169431,1.319128526568977,1.3126793392559688,1.3158024859441904,1.3181764924787953,1.3196081323646518
61,0.033854559825529096,0.012082487314876971,1.7804811769165099,0.03411794262923378,0.0009987832431047822,1.3223337835729183,1.3218766193135207,1.3216628558535772,1.321511380116655,1.321399430332766,1.3213021057041334,1.314626123936664,1.317929422066738,1.3203661608294228,1.321846703353679
62,0.03546010115005392,0.012049467093834242,2.085727987345308,0.0342571731407212,0.0009985278497373468,1.3245826887732055,1.324093678111908,1.3238664470683597,1.3237056285082178,1.3235865829474551,1.3234829417040195,1.316542800517838,1.3200495195152757,1.3225660373803168,1.3240972122737216
63,0.034775716744291085,0.012016548034972678,1.9297953196801245,0.033391671959296994,0.0009982481831951274,1.3268302883709164,1.3263113533999025,1.3260716507030492,1.3259021329827305,1.3257765210563568,1.325666997159864,1.3184733717387185,1.3221769880291985,1.3247596888511861,1.3263421132265925
64,0.033387494705622765,0.011984116796446792,2.1298599569126964,0.0322808850993996,0.0009979442571086772,1.3290738407306275,1.3285247901055375,1.328272199353717,1.3280936973757442,1.3279613428026789,1.3278458844956242,1.3203670253756945,1.324222506063776,1.3268916604862782,1.3285495650872672
65,0.034808877092841084,0.011951985277132232,1.9741055821068585,0.033663410028601064,0.0009976160862909245,1.3313223119580613,1.3307409394850418,1.330475009980209,1.3302873584744324,1.3301483413658277,1.3300272051036697,1.3222331494214778,1.3262123262221968,1.3289886505806727,1.330736376863467
66,0.03185277155050335,0.011920194669637191,1.878262679092586,0.03198052294251187,0.0009972636867364526,1.3335661222475403,1.3329481648853494,1.3326676300019091,1.3324700083439671,1.332323712700754,1.332196407723363,1.3240727873832794,1.3281752084002032,1.3310647246159382,1.3329074890409374
67,0.031874094808554264,0.011888133111926784,1.8730303780175745,0.03307397177040121,0.000996887075620718,1.3358057118122324,1.3351500050698013,1.3348532124991088,1.3346445249236394,1.3344902442907471,1.3343578717988809,1.3260522536008421,1.330230065445629,1.3331953846663982,1.3351078190422603
68,0.03867478854258769,0.011855413754039588,2.0716147711500525,0.0364105559982867,0.0009964862712992153,1.3380560907438266,1.3373656897510144,1.3370550249891278,1.3368375379889335,1.336677233114954,1.3365411927417405,1.3282162451685546,1.332400470817449,1.3354120215344307,1.3373608640299472
69,0.02900315025845261,0.011823104490917658,1.6624501789920032,0.030287570682481744,0.0009960612933065818,1.3402909391089795,1.3395614504359057,1.339233944466122,1.3390055253716653,1.338837523178282,1.3386961833010864,1.3303429355878384,1.3345709339480765,1.3376267863897502,1.3396009147533252
70,0.037303584895892826,0.011790493602039603,1.8825757009908557,0.03507342845580413,0.000995612162355645,1.3425332185869356,1.341767698391704,1.3414255024654616,1.3411881276228061,1.3410142605949515,1.34086909560094,1.3325458869990783,1.33680483116248,1.3398914594622555,1.3418690308115373
71,0.03341656627818411,0.011757942409181899,1.9175651711411774,0.03370328259601356,0.0009951389003364144,1.344779527081799,1.3439742910054242,1.3436163680799436,1.3433695830963266,1.3431896117312567,1.3430403384271614,1.334759654388247,1.3390587372476828,1.3421673300246206,1.344143664385325
72,0.03570113618553021,0.011725803203009567,1.9925249111838639,0.0335344093813728,0.0009946415303150127,1.3470306767877729,1.3461847361270514,1.3458112960057147,1.345555370037713,1.3453697076639821,1.3452167257600816,1.3369124540780524,1.341226754592519,1.3443880480856893,1.3463900825034798
73,0.03186400005713162,0.011693965167874621,2.093497343827039,0.0314488429902901,0.0009941200765325531,1.3492714470342138,1.3483853944135118,1.347996026893868,1.3477302597018048,1.3475379572296955,1.347380068386339,1.3390060229200962,1.3433874114757534,1.34661646472317,1.34864024841737
74,0.033946555343027346,0.011662015118208158,1.8993977350182831,0.03384910673175232,0.0009935745644039575,1.3515153865235898,1.350588381915463,1.3501824357036447,1.3499064113141732,1.3497072371422498,1.3495441958828267,1.3411420800014104,1.3455985869865663,1.3488811575789657,1.350918540032438
75,0.03572023387055199,0.011630305964049388,2.1459242841228843,0.03356860533927584,0.0009930050205167172,1.3537627793527451,1.3527962391604564,1.352375041981483,1.3520894970192439,1.351884127650878,1.3517165881508828,1.3432264510119942,1.3477548879590933,1.3511268758559418,1.3531998028149737
76,0.03247278705217596,0.011599236349525834,1.9155194307677448,0.0321411392897051,0.000992411472629598,1.35600841269064,1.355002079624738,1.3545645120750076,1.3542683747680768,1.3540558807476757,1.3538830270063964,1.3452538464702362,1.3498141586371433,1.353259342954493,1.3553981081178386
77,0.036329619608448126,0.01156802144984789,1.9763924540020525,0.034475640052834156,0.0009917939496712864,1.3582602278633635,1.3572161441918045,1.35676413934546,1.3564591137253992,1.3562409819400172,1.356063992963416,1.3473398226252518,1.351906641580103,1.3554132346721708,1.357606589385597
78,0.0341490448079355,0.01153719051299109,2.089979168958962,0.032863814483090226,0.00099115248173898,1.3605137381906882,1.3594286067467107,1.3589619207522452,1.3586478822894001,1.358424107062462,1.3582430867263666,1.3493726748086985,1.3539322653873547,1.3575242288877323,1.3597934617210607
79,0.03598294589751082,0.011506021122077402,2.2956813010387123,0.03424175820180083,0.0009904871000969212,1.3627683537248931,1.3616442868423306,1.3611639833465898,1.3608419519486408,1.3606133965747103,1.3604290004934767,1.3515316790508487,1.356037466060056,1.3596942209695313,1.3620200475321889
80,0.03137178119052829,0.01147530316095793,1.9754830850288272,0.03123051432377376,0.0009897978371748723,1.3650145545668277,1.3638475465849489,1.3633516470151046,1.3630201065041596,1.3627856008844794,1.3625968864839506,1.3536179201635392,1.3580921713156608,1.3618431613590236,1.3642388862485075
81,0.03211892544479344,0.011444438587870608,1.817227315157652,0.03380807095935305,0.000989084726566536,1.3672656688402445,1.3660501378236165,1.365535801273337,1.3651928410250291,1.3649509462501466,1.3647606165162631,1.3557430896069491,1.3602379421812414,1.3640464075738228,1.366482939955098
82,0.03416357831057818,0.011413547042303428,2.0206357440911233,0.0333928728770795,0.0009883478030279168,1.3695180955596564,1.368252409538569,1.3677192409678376,1.3673649148009628,1.3671157350088263,1.3669233867106194,1.357892391904441,1.3624260185166805,1.3662749989952732,1.3687444143239749
83,0.03172952125061221,0.011382685833683836,1.9018581290729344,0.03194056855997258,0.0009875871024756287,1.3717611568352364,1.3704461349299535,1.3698944875453916,1.369528697010596,1.3692719328356446,1.369078376776592,1.360103326953144,1.364653415583789,1.368520137286539,1.3710078558964305
84,0.033910605601898375,0.011352288260425523,1.8462710580788553,0.031993736052603576,0.0009868026619851435,1.3740001670335773,1.372638217324081,1.3720693871558103,1.3716927088442932,1.3714287382436703,1.3712337541566841,1.3622469084455353,1.3667970748526619,1.3707014063063123,1.3732352224211917
85,0.03658985195102958,0.011322167936351562,2.2513378290459514,0.033644772070723604,0.000985994519788984,1.3762467115913335,1.3748359360811886,1.3742506383028692,1.3738641332177837,1.3735941515149703,1.373398620826094,1.3643371027663556,1.368873647259112,1.3728461461650503,1.3754513192734434
86,0.02928592353245271,0.011292004419070904,1.959288977086544,0.03077570233036177,0.0009851627152748603,1.3784766438508118,1.3770146950439248,1.3764103953688254,1.376012026202395,1.3757344430491278,1.3755365071545533,1.3665383122953798,1.371034189264996,1.3750321244194468,1.3776886497580976
87,0.03482423421782328,0.011262050001623693,2.177636932116002,0.03263544086914891,0.0009843072889837512,1.3807076902553714,1.379194019875437,1.378570499201953,1.3781604512721783,1.3778755577525494,1.3776751245320027,1.3686822499065023,1.3731712751111185,1.37722024646527,1.3799292723722703
88,0.03237883631553383,0.01123184059760599,2.038238686043769,0.03278199136540215,0.0009834282826079275,1.3829353639193644,1.3813662412758478,1.3807217376379715,1.3802991662672208,1.3800063400126417,1.3798024305423502,1.3709503134468912,1.3754132218141155,1.3794701872254556,1.3822103690599763
89,0.03250016539857843,0.011201759030455746,2.0123393340036273,0.03235566541144414,0.0009825257389889197,1.3851620735417531,1.38353542059814,1.3828687643553341,1.3824331709289055,1.3821321812095715,1.3819243104260823,1.373207934253602,1.37765498327473,1.381734790813142,1.3845025546033989
90,0.032528755782001734,0.011171761323577549,2.2288003698922694,0.03170775595942884,0.0009815997021154303,1.387382150567018,1.3856969015437004,1.3850084953851787,1.384560275913241,1.3842513101053167,1.384039283859918,1.3754402577253944,1.379934719523851,1.3840292456171026,1.386820998075307
91,0.03176508558874193,0.011141840588916475,2.053030970040709,0.03237420569363277,0.0009806502171211904,1.3896026252414462,1.3878541852735238,1.3871416700100228,1.3866792672943071,1.3863610989001283,1.386143542957654,1.3776778854096086,1.38224525192365,1.3863433690914408,1.389152308146872
92,0.03064537023376754,0.011112153234511575,1.9239509529434144,0.03154587737573142,0.0009796773302827588,1.3918191474185324,1.3900047599204493,1.3892661088283211,1.3887880814491873,1.3884595188117097,1.3882352082009952,1.3798903370339315,1.3845488745242387,1.3886564454705521,1.3914813960725374
93,0.0307031701088498,0.011082471870832633,1.8078573942184448,0.03157456495678822,0.0009786810890172676,1.3940285060576387,1.3921477064710985,1.3913816533508838,1.3908867605997943,1.3905467439902537,1.3903144791153301,1.3821568737343488,1.3869044929778085,1.3909971838773358,1.3938194348265613
94,0.02892389001570942,0.011053241622086058,1.8854039181023836,0.030021987088039145,0.0009776615418801106,1.3962267355296454,1.3942775651346655,1.3934826086832077,1.3929694348715969,1.392616562886139,1.3923747098771893,1.384339267513354,1.3892290520978794,1.3933121964139452,1.3961332013300283
95,0.030934157437035825,0.011024225202576548,1.752981340046972,0.03212566982541067,0.000976618738562577,1.3984284950540984,1.3964067533363336,1.3955812186776242,1.3950488634118519,1.3946824483963187,1.394430214419788,1.3864789550771002,1.3915484337339947,1.3956173829167153,1.398435309124006
96,0.03412873587538804,0.010994873049116784,2.0283110779710114,0.033680824928726344,0.0009755527298894293,1.4006343739522273,1.398540794624957,1.397685939892232,1.3971355542588395,1.3967567313786908,1.3964968079940425,1.3887639530025313,1.3939390594064103,1.397976820299899,1.4007688901823832
97,0.033207350697858753,0.010965768096436979,2.0087211187928915,0.03231367381983962,0.0009744635678164261,1.4028422790575792,1.4006773825204033,1.3997950128981906,1.399227911355722,1.3988377136804573,1.3985706577676924,1.3909919689366415,1.3962949699140719,1.4003097543558016,1.4030847557835906
98,0.032864395602395874,0.010937046592844665,2.052978068590164,0.031797746054923956,0.0009733513054277904,1.405051203577076,1.4028119922650932,1.401901344764942,1.4013168948269454,1.4009148573502945,1.4006402294345952,1.3931377228284616,1.398571854685092,1.4026100727770325,1.4053954361333274
99,0.03287764406480531,0.010908721905638227,1.9728424400091171,0.03251877853431429,0.0009722159969336218,1.4072661386372263,1.404951274479202,1.4040118891149962,1.4034095743441235,1.4029952964431327,1.4027125509445106,1.395213892475058,1.4007574990267488,1.4048506464993233,1.4076717548977382
100,0.03129991153015679,0.010880341383955267,2.1245068148709834,0.031456079506984855,0.0009710576976672547,1.409472202753498,1.4070845041248718,1.4061165600232715,1.405495972202108,1.405068905559942,1.4047771763193313,1.3973604254562946,1.403011536078073,1.4071112412559967,1.409960464624456
101,0.031101586238440726,0.010852285772354172,1.8358375360257924,0.0308969946777595,0.0009698764640825613,1.411671912779759,1.4092118051939313,1.4082157973945826,1.4075771795671492,1.4071374829717258,1.4068368064633772,1.3994538246307207,1.4052218629398328,1.4093471507541648,1.4122314299598646
102,0.03142210421419343,0.010824091613202115,1.7782653560861945,0.032225488033607995,0.0009686723537511998,1.413868565525545,1.4113389027499539,1.4103154771216697,1.4096588180600202,1.409206239845586,1.4088959320677497,1.4016292718320993,1.4074915111222146,1.411620678835345,1.4145191915125501
103,0.035580510029280504,0.010795612974657247,2.160962149966508,0.03322610288645279,0.0009674454253598092,1.4160658015132839,1.4134710094753413,1.4124216029289567,1.4117482810442952,1.4112841134172862,1.4109669323344607,1.4039334628486404,1.4098234423228735,1.413939982082245,1.416838896008946
104,0.03234008523655738,0.01076772875799606,2.03946899715811,0.0312922873914163,0.0009661957387071484,1.4182631036747657,1.415600665812348,1.4145252292773776,1.4138354939543119,1.4133600353381368,1.4130359243532244,1.4061478897114021,1.4120405409098382,1.4161542067289805,1.4190877200576417
105,0.032628766065813296,0.010740258719049765,1.7943246020004153,0.03205062809171291,0.0009649233547011815,1.4204645765061925,1.4177318645543093,1.4166304841854733,1.4159245198851842,1.4154379375517563,1.41510691250049,1.4082839629043484,1.4141656034396917,1.4183089508221398,1.4213009422031802
106,0.03483981963456163,0.010712785744138571,2.042260735295713,0.03326173413737399,0.0009636283353561104,1.4226727561325316,1.4198711360928975,1.418744653625471,1.4180232336255123,1.4175262157794855,1.4171885992138409,1.4104016248454354,1.4163020659114771,1.4204813144592676,1.4235295353236872
107,0.030137459836688692,0.010685506064798345,2.1407246328890324,0.03082732152911807,0.0009623107437893505,1.4248740898500964,1.4219982370278106,1.420844206476847,1.4201058736264267,1.4195973207338568,1.4192519101510717,1.4124897483842054,1.4184508581032418,1.4226713356629215,1.4257716749087792
108,0.03299903414339909,0.010658629525279474,2.1183287547901273,0.030910775799293338,0.000960970644218456,1.427070523326221,1.4241200443902098,1.4229390876248496,1.422184054508878,1.421664216931832,1.4213111292251674,1.4145077159200847,1.420513593208737,1.424821522176769,1.427991394608424
109,0.03157784611884734,0.010631613512211991,2.1397454841062427,0.03132934913788498,0.0009596081019579896,1.4292577705643001,1.4262351542694367,1.4250270696665222,1.4242548834795719,1.4237233217107903,1.4233619336606729,1.4166064737329422,1.4226550122511523,1.427020956082822,1.4302447674667327
110,0.028958924639899863,0.010604724059884597,1.7446134430356324,0.03046961841725423,0.0009582231834163388,1.4314355437217157,1.4283393521515815,1.4271019562493092,1.4263107165165883,1.425765724009423,1.4253944004755474,1.4186622205392958,1.4248556943930635,1.4292574572751044,1.4325092997239126
111,0.029328094135459254,0.010577956035298774,2.120194880757481,0.030584924820073016,0.000956815956092479,1.4336068976461989,1.4304321074373165,1.4291631305622456,1.4283516529353308,1.427792449726139,1.4274103875380402,1.4207440500697657,1.4270820954808952,1.4315039002420724,1.43477430953264
112,0.03106426931840389,0.010551309342110269,2.0209235032089055,0.031574336347651215,0.0009553864885726854,1.435778592070481,1.4325237148731427,1.431221943921913,1.430389211442465,1.4298149200441792,1.4294212592734705,1.4227782096398793,1.4293223820655296,1.4337725699117818,1.437046837748728
113,0.030313348866553777,0.010525263623546022,1.9435497969388962,0.030016564427737504,0.0009539348505271879,1.4379450747317042,1.434607414519826,1.4332727549123663,1.432418746321655,1.4318293361014103,1.431423908736439,1.4247400737729574,1.4314477328899573,1.4359304711119105,1.439245261916379
114,0.030989918337616197,0.010499366796759401,2.0453216708265245,0.030571192886431075,0.0009524611127067768,1.4401054207114572,1.436685413650845,1.43531752831427,1.4344421172074224,1.433837630836894,1.4334205114725709,1.4266750670779242,1.433561258742533,1.4381049765248146,1.4414568071028238
115,0.027946093686541877,0.01047349376120391,1.8246986381709576,0.03077801031635218,0.0009509653469393544,1.4422625129559439,1.438753170245844,1.4373488118762934,1.4364499436398643,1.4358287591870869,1.4353982376252452,1.428693490817567,1.4357240571674539,1.4402816371966667,1.4436710114330595
116,0.03177087507672764,0.010447579781248013,1.901760489679873,0.03177150722768596,0.000949447626126434,1.444420871484477,1.4408218716324799,1.4393812235138406,1.4384591166536576,1.4378215271226733,1.4373778925458558,1.4307356439386127,1.4379276375864505,1.4424844344717536,1.44589648953352
117,0.030630661392030682,0.010422088164635074,1.9053093139082193,0.030597786325251137,0.0009479080242395868,1.4465783175941134,1.4428863042493563,1.4414090077878832,1.4404636842808791,1.4398098984733374,1.4393533225528437,1.432704875553242,1.4400389762074892,1.4446338897439803,1.4480857097652273
118,0.0293748772069201,0.010396627651459838,1.8957653613761067,0.030104115074497964,0.0009463466163168367,1.4487248874537613,1.4449422832211174,1.4434283849536014,1.4424596073654976,1.4417893103728956,1.441319335696031,1.4347400959947572,1.4421834827345734,1.446789747285938,1.4502761890940203
119,0.030476189219597032,0.010371543932145663,2.1344691808335483,0.030173183203180562,0.0009447634784590033,1.4508668751262135,1.446994827268601,1.4454440274841358,1.4444512273375611,1.443763934954142,1.4432801884553867,1.4367009446304575,1.444250856136527,1.4488984681311643,1.4524485609459528
120,0.029395525465677537,0.010346825415735507,2.0317694479599595,0.029544672338249683,0.0009431586878259917,1.4530013896889256,1.4490382321920035,1.4474499267496994,1.4464324634626227,1.445727573651965,1.4452295977022949,1.4386025483258384,1.446261519463356,1.4509718504536975,1.4545972902067588
121,0.03154009313079846,0.010322618517522909,2.0824242820963264,0.0300031407313435,0.000941532322633034,1.455132622721736,1.4510800989807413,1.4494555518361454,1.4484144342192096,1.4476928172782033,1.4471814117419555,1.4404477558332303,1.44817360185533,1.4529287384596261,1.4566524754099108
122,0.03081862530167756,0.010298191727323863,1.8250686707906425,0.03141639719354602,0.0009398844621468748,1.4572627447784412,1.4531221898077629,1.4514618336989797,1.450397233896952,1.4496590185322464,1.449134161427054,1.442351361458831,1.4501887254863932,1.4549465147080742,1.4587405729937235
123,0.029567361466565283,0.010273978361137756,2.03367867693305,0.029620770432399725,0.0009382151866819099,1.4593846716584025,1.455156548327879,1.4534595537208925,1.4523705715250463,1.4516150211082872,1.4510760997930168,1.4442159949413589,1.4521803544681546,1.456966560684222,1.4608345642965657
124,0.03309182644219779,0.010249729022222077,2.3533541271463037,0.030843355606046636,0.00093652457759627,1.4615042619997098,1.457189608834451,1.4554579690580485,1.4543465672786011,1.4535753910904872,1.4530237808273938,1.4460934613971714,1.4541976780050248,1.4590187278435598,1.4629494848873628
125,0.0276056756900391,0.010226124468413367,1.9665985917672515,0.028036117954077004,0.0009348127172878569,1.4636118598005312,1.459204434612987,1.4574362280274071,1.456301203794694,1.4555135231946725,1.4549487611379193,1.4478989849375639,1.4561013814716175,1.4609586758528639,1.4649970306753792
126,0.029403273591743516,0.01020284797492292,1.8200549618341029,0.02981079139721525,0.0009330796891903273,1.4657176297081835,1.4612149941436245,1.4594090958880548,1.4582496247669596,1.457444804146973,1.4568663420199537,1.4496485318815877,1.457935556635789,1.4628631625920303,1.4670211396209518
127,0.031220220606656322,0.01017994252014595,2.0637820209376514,0.03028788265729244,0.0009313255777690251,1.4678247029056282,1.4632267422361593,1.4613838718448364,1.46020046418457,1.4593788664278187,1.4587869364758537,1.451354725025366,1.4596910619678396,1.4646830048755621,1.4689805237914326
128,0.03209228370158611,0.010156908736237959,1.9809191720560193,0.031027142783291214,0.0009295504685168668,1.4699329090705793,1.4652387102801605,1.4633596066460397,1.4621535063478248,1.4613163106766698,1.4607118021828016,1.4530872311344096,1.461504741714435,1.4665520899847495,1.4709698785873275
129,0.02728972281482735,0.010133870469615863,2.0149487839080393,0.028938148654066045,0.0009277544479501732,1.4720290450129685,1.4672345899102892,1.4653183287621938,1.4640891605874207,1.463236093303979,1.4626185832075407,1.4548656281666783,1.4633857011946063,1.4684647612141875,1.4729754940855468
130,0.03026967530679537,0.010110934279426172,2.027562987059355,0.030262626938699085,0.0009259376036044523,1.4741242952935523,1.469229085248384,1.4672755683394834,1.4660232689079036,1.4651542564684863,1.464523684759685,1.4566173496249895,1.4652587613545713,1.4703888826619484,1.4749890892036623
131,0.029974083664724073,0.010087747687119753,2.020288876257837,0.030980794030450773,0.0009241000240301347,1.4762181996252357,1.4712223100786161,1.4692319605981312,1.4679567545373267,1.4670719066135904,1.4664282094320666,1.4584580924707506,1.4672385652153095,1.4723760519463631,1.4770358286686267
132,0.03149922543277535,0.010064727678290933,1.8180090431123972,0.030857568551613705,0.0009222417987882565,1.4783156060079412,1.4732181031600147,1.4711913955216058,1.4698937121560307,1.4689935136043126,1.4683373205349066,1.460246523947353,1.4691790195305483,1.4743491442276437,1.4790855346000633
133,0.0305791424290905,0.010041876155952329,1.9718335140496492,0.030074257832853203,0.0009203630184460944,1.4804104094078443,1.4752099383021107,1.473147085730009,1.4718270405267404,1.4709116912440279,1.4702432435821084,1.461982646255431,1.4710842781632025,1.4763290100922926,1.4811548314832728
134,0.027893378265865257,0.010019270153127077,2.07766606612131,0.028922417653841247,0.0009184637745727513,1.4824963124378707,1.4771903599154212,1.4750900006099967,1.4737466132725872,1.4728151348880822,1.4721334599599885,1.4636739636477607,1.4729717349168376,1.4783078839464834,1.4832163358893822
135,0.031764973461924605,0.009996993251326006,1.9453669846989214,0.030085417032027818,0.0009165441597346947,1.4845826662885448,1.4791704548188314,1.4770334215597405,1.4756675211455563,1.4747208533198939,1.4740270194973362,1.4653265892118716,1.4747792767403751,1.4802159088123665,1.4852294651767763
136,0.03198867804202907,0.009974375585767834,2.1352563588880002,0.031755702211194343,0.0009146042674912433,1.486671280312538,1.4811547465676722,1.4789823126678876,1.4775949482073991,1.4766337704072192,1.4759280284223046,1.4671356700900857,1.4766749071968261,1.4821769488078507,1.4872792144933382
137,0.029081532620949486,0.009951927901843209,1.97986303223297,0.029241310131132417,0.0009126441923900084,1.4887508061023218,1.4831308003075796,1.4809227891549568,1.4795135950145748,1.4785375890784314,1.4778196439863156,1.4688851574755575,1.4785609239385515,1.484160568432587,1.4893450030304416
138,0.029142172953913414,0.00992926274251232,2.080812946893275,0.029598982032899894,0.0009106640299622852,1.4908179679991935,1.485094606678975,1.4828510772654575,1.4814204541810152,1.4804300126952183,1.4796999994175997,1.4707938497016906,1.4805517406816473,1.4861912275028648,1.4914369187755703
139,0.027558741067889643,0.009906921985698572,2.022987422067672,0.02851163310307052,0.0009086638767183966,1.4928759805333198,1.4870461584378332,1.4847651911057431,1.4833119100210397,1.4823060076862153,1.4815628695064214,1.4726491224379907,1.4825089446044197,1.4881953800468697,1.4935044473679555
140,0.02771121237047338,0.009884650373052594,1.8390535679645836,0.029067920561888595,0.0009066438301429902,1.494925597284626,1.4889889302675783,1.4866692876461545,1.4851924472792786,1.4841703475960253,1.4834134565878445,1.4745426229932401,1.4844965342389684,1.4902065432328817,1.4955640654989477
141,0.027550409895594662,0.009862854084132943,1.9185811029747128,0.028531254492909736,0.0009046039886902862,1.4969697811997247,1.4909219652700885,1.4885626029556585,1.4870612485690227,1.486022227359551,1.4852511153084955,1.4763613725646585,1.4863815763948693,1.4921397714772884,1.4975764028749894
142,0.03125743404268373,0.009841316766310492,1.879953227005899,0.03006777154768526,0.0009025444517792792,1.499016490086127,1.4928571990679569,1.4904591303229207,1.4889341749482459,1.4878791067091173,1.4870947369079413,1.4781255490482361,1.4881991505852208,1.4940231798844135,1.4995618802649051
143,0.03137815052645604,0.009819897100473965,1.8763196510262787,0.030214885083098872,0.0009004653197888923,1.5010641456026477,1.494794973054557,1.4923597114599945,1.4908122577107097,1.4897420949019617,1.4889454393157013,1.4798419262019915,1.4899940400563465,1.4959059226831315,1.5015451856444153
144,0.029871691939516047,0.009798299905183053,1.7460873499512672,0.030757417476373436,0.000898366694053086,1.503113307107616,1.4967306899381212,1.4942579637754578,1.4926880335926247,1.491602813738844,1.4907940251709937,1.4815419243886165,1.4919224354746041,1.4978667791666265,1.503568101864896
145,0.027783995501554262,0.009776687936662677,2.0567226321436465,0.029055774168936562,0.0008962486768559179,1.505152799658126,1.4986562878376306,1.4961444182408457,1.4945507224597632,1.493449295538864,1.492627169662715,1.483292225744711,1.4939023904766222,1.4998606475018559,1.5056109069579129
146,0.0319985497122342,0.009755200402309802,2.0918706352822483,0.03101256424405339,0.0008941113714265575,1.5071987957584407,1.5005893835966673,1.4980389684073487,1.4964220950683518,1.4953050518614834,1.4944700647818836,1.4849969157588612,1.4958362440547146,1.5018452120158987,1.5076496216490325
147,0.026524789905930803,0.009734357293777241,1.8818832957185805,0.027819018514590954,0.000891954881934257,1.5092347555389578,1.5025098708276092,1.499918885983466,1.498277115398648,1.4971430278256115,1.4962941195216637,1.4866409565738592,1.497658568065135,1.5036906949247273,1.5095570843788348
148,0.029895664836848863,0.009713290713203647,1.9901113621890545,0.030485019617574386,0.0008897793134832714,1.5112691144550061,1.5044279645486336,1.5017967078750032,1.5001306157528524,1.4989798742401435,1.4981171380849332,1.488435234550974,1.4995440688960866,1.5055755369575252,1.5114894334887945
149,0.026456784763278438,0.009692680110801755,1.854614449199289,0.027486223646718225,0.0008875847721077378,1.5132893899325879,1.5063324405587297,1.5036595249048899,1.501967629427234,1.5007988660364657,1.499921049974023,1.4901578737756407,1.5013346891258068,1.5074011357295602,1.5133835077517828
150,0.03431060961343675,0.009671729776788856,2.2411223920062184,0.032558405051845846,0.0008853713647665066,1.515321951407682,1.5082504414751812,1.5055379754327476,1.5038221170566437,1.5026369731636569,1.5017456587976985,1.491927619302028,1.5031954594059473,1.5093129028715542,1.5153474620532328
151,0.0312375329191879,0.009650976830994473,2.193581578321755,0.029681663772187443,0.0008831391993379295,1.5173503990327797,1.5101695755110425,1.5074186968701146,1.505679417046099,1.5044783295515638,1.5035738858529033,1.4936445470082742,1.5049947509422348,1.5112063674745804,1.5173103669907546
152,0.028268445991856746,0.009630728330000216,2.0646937396377325,0.02759616658531906,0.0008808883846146001,1.5193660788760097,1.5120744713405385,1.5092840524546913,1.507520634840828,1.506303116300817,1.5053852950634887,1.4953001478751418,1.506696735298578,1.513007432893722,1.5192047702209837
153,0.0270610456619827,0.00961054600734528,1.879398190882057,0.028236748593158684,0.0008786190302980523,1.5213695312791478,1.5139664311793444,1.5111353675239383,1.5093468650479354,1.5081121468452447,1.5071801908675007,1.4969643288534054,1.5084298879424152,1.5148383731716002,1.521116009220633
154,0.026692746127911934,0.009590312337052306,1.704600795172155,0.028558784439563056,0.0008763312469934144,1.5233618123252965,1.5158472368655307,1.5129750945096319,1.5111608704621127,1.5099082729811053,1.5089613988358717,1.4986727517522076,1.5102394728387218,1.5167142704619547,1.5230449873692404
155,0.03186336646019153,0.009569753504424568,2.3293639523908496,0.03126980803244099,0.0008740251462040166,1.5253581654649806,1.5177324392868405,1.514820342774842,1.5129816891788261,1.511712359280426,1.5107514785374232,1.500480950194196,1.5121670592403906,1.5186580422436342,1.5250163941206116
156,0.0288350104596215,0.009549121731793453,1.8735900539904833,0.029840724396989426,0.0008717008403259584,1.5273518052105217,1.519613658564613,1.5166608357718838,1.5147971964197515,1.5135108009196647,1.5125356295699772,1.5023388643266904,1.5141538821646192,1.5206357270029023,1.52700447715184
157,0.027288927474340637,0.00952855603662913,1.92138352105394,0.028197677731062586,0.000869358442642629,1.5293328603153482,1.5214797372567523,1.5184860485645542,1.5165975949900368,1.5152942882481195,1.5143048616751116,1.5042545986020612,1.516176112961199,1.522613760254558,1.5289897297151696
158,0.02954934061193555,0.009508338965188861,2.1366195417940617,0.029435337918810405,0.0008669980673191868,1.5313152063070146,1.5233454485958409,1.5203097626921291,1.5183959193977536,1.5170753904661027,1.5160716155052474,1.5060939386754246,1.5181016838958163,1.5245302846701099,1.5309422278406932
159,0.028368275104461854,0.009488162559695791,1.9534390629269183,0.029522636818570584,0.0008646198293969952,1.5332955067354277,1.5252069574802998,1.5221281328818983,1.5201880499800522,1.5188496278922707,1.5178309390623739,1.5079233680167596,1.520062007576089,1.5264675157266068,1.5329025535591165
160,0.028175630647575972,0.009468277360458478,2.1714601507410407,0.028332764289250176,0.0008622238447880152,1.5352685766547418,1.5270585300530208,1.523936042789589,1.5219693698226948,1.5206128374874524,1.5195792518394948,1.5096787004466479,1.5219588005551798,1.5283896259291112,1.5348570189636854
161,0.028651448945164738,0.00944871225258881,1.7709175730124116,0.028433863560642942,0.0008598102302691563,1.5372353116305626,1.5289041468904927,1.5257383976756196,1.523745543814044,1.5223714881309776,1.5213237613481874,1.51137177964538,1.5237827827078938,1.530257084640679,1.5367816543985888
162,0.028678645516284216,0.009429322948933188,2.176228668075055,0.02866513092789754,0.0008573791034765853,1.5391963987046977,1.5307428750376932,1.5275341173553165,1.5255150578480348,1.5241234352998432,1.5230614511800162,1.5130062169001672,1.5255721664370916,1.5321338515633076,1.5387172360642805
163,0.029192130258276446,0.00941007593078187,1.928816232830286,0.028850198484759323,0.0008549305828999922,1.5411527374206888,1.5325778315447458,1.5293257518469023,1.5272803554806333,1.5258710670916273,1.524794708926591,1.5146015265109891,1.5273516911122487,1.5340088145143624,1.5406473660358446
164,0.031414850066035234,0.00939060223790371,2.110331814736128,0.030322982489455988,0.0008524647878768156,1.5431080468888312,1.5344146859370411,1.5311212706430057,1.529051102539762,1.5276254874838628,1.5265358504308617,1.5162943594824791,1.5292048620630279,1.5359338865429815,1.5426074444327846
165,0.028501449870151612,0.00937142961035036,2.0930714257992804,0.028262225964568673,0.0008499818385864262,1.5450555931745693,1.5362448772649826,1.5329108476173785,1.5308160433753686,1.529374112007493,1.5282712246002896,1.5179290604231155,1.5309875724466802,1.5378116949557883,1.544544454793632
166,0.02822314552785345,0.009352579458451275,1.8244487447664142,0.028652915415131867,0.0008474818560442692,1.5470004763676424,1.5380692154285005,1.5346942459331434,1.5325744901624465,1.5311159544834871,1.5299997038522717,1.5195102719784346,1.5326890027879934,1.5396332508099524,1.5464461020427005
167,0.02879642854813772,0.009333944269930049,2.0132867079228163,0.029462339546365714,0.000844964962095967,1.548946565393942,1.5398944268592152,1.536477896202766,1.5343325756510224,1.5328568485370475,1.531726665107172,1.5210463121163933,1.5343392644512688,1.5414166785549874,1.5483231525046943
168,0.024970906068320052,0.009315287489241836,2.064981812145561,0.027406720095382527,0.0008424312794113801,1.5508755180245504,1.5417013220543694,1.5382411179955617,1.536068565900185,1.5345742195326362,1.5334287913860603,1.522655727520152,1.536075924171179,1.5432361582411083,1.550212030481655
169,0.027185759371977553,0.009296853423648294,1.946735457982868,0.028364992265819896,0.0008398809314786275,1.5527988305567575,1.5435036563875613,1.539998864144797,1.537798249866758,1.536284570136454,1.5351233496437415,1.5242353487077873,1.53777161398992,1.545020099386954,1.5520772656656003
170,0.028013627293021964,0.009278752731802018,2.073800837621093,0.028306563318663706,0.0008373140425980697,1.554717945851326,1.545301207556248,1.541752121336061,1.539523485686561,1.537990417361645,1.5368134137059968,1.5257656615187931,1.539384160679303,1.5467322591090267,1.5538945419387242
171,0.027913608921235726,0.009260468820837416,2.2449414269067347,0.028954682446297956,0.0008347307378762498,1.556629220501539,1.5470926988612812,1.5434997570577504,1.5412434834911444,1.5396912285986502,1.5384983574249642,1.5274138199214664,1.5410850777662677,1.5484871617916398,1.5557335436112243
172,0.029446660802942018,0.009242456287667072,1.9934598300606012,0.0291748117333178,0.0008321311432197947,1.5585421227534453,1.5488841826185222,1.5452482833225656,1.5429652015141486,1.5413944863009266,1.5401864852832905,1.529010421799592,1.5427050156435365,1.5501842418566714,1.5575315858972296
173,0.02901966570746228,0.009224211647678766,1.8962382599711418,0.029076519831710102,0.0008295153853292809,1.5604461616623797,1.5506693356139574,1.5469913242303912,1.5446821083500928,1.5430935504139216,1.5418708965977443,1.5307355897138304,1.5444244266405374,1.5519394539413884,1.55936307889913
174,0.030677060912240234,0.009205756594160766,2.180468027945608,0.03010939407620029,0.0008268835916930577,1.562349456101657,1.5524556890307284,1.5487369884704225,1.5464029769094034,1.5447977833752249,1.5435647294682262,1.5325189402624013,1.5462273408957337,1.553756240642992,1.5612331661926853
175,0.025253527810734477,0.009187622833162918,2.0672980309464037,0.026714911710265334,0.0008242358905810339,1.5642377291749157,1.5542242860564148,1.5504626170849805,1.548102121905222,1.546478877403745,1.5452339236622064,1.5342306743533505,1.547999284633368,1.555553740946217,1.5630830479860665
176,0.028554520462443778,0.00916969929068449,2.031418071128428,0.02846006966770118,0.0008215724110384265,1.5661214640948253,1.555990098795651,1.5521860585089735,1.549799183570894,1.5481578424777318,1.5469006971298007,1.5358911904504426,1.549724370262346,1.5573217573326008,1.564916434383001
177,0.024509644655590107,0.009151813332765112,1.863270646892488,0.026720427116082864,0.0008188932828794705,1.5679865516815759,1.5577361577778122,1.553888363429706,1.5514738281751599,1.5498132235413962,1.5485424303803468,1.537596171737202,1.5515283748946853,1.5591105666725116,1.566756799799031
178,0.02993942528251176,0.009134072104460308,2.207284360192716,0.029447738872735846,0.000816198636681093,1.5698558627111274,1.5594842599655512,1.5555923295376926,1.5531504115334884,1.5514710253794877,1.5501869065880836,1.5392399724416634,1.5532970227732807,1.5608846592155246,1.5685952585924068
179,0.0306320851019776,0.009116453703244095,2.125285178888589,0.029456279905841442,0.0008134886037765481,1.5717272270852543,1.561234927981051,1.5573002805138942,1.5548322926784948,1.5531353155914371,1.5518387897222365,1.540832471688908,1.5550179205190875,1.562647771829721,1.5704392634384094
180,0.028764033138494752,0.009098848973228288,2.0888812728226185,0.02894183146989112,0.0008107633162490162,1.573595949649327,1.5629810096895291,1.5590035444222639,1.5565096845209587,1.5547953668875343,1.5534865403489744,1.5424463428762263,1.5567653460561741,1.5644237288180347,1.5722842685265879
181,0.02551100462907096,0.009081520603235582,2.02770729502663,0.026853506185875817,0.0008080229069251662,1.575451200489716,1.5647120078227483,1.5606910489328376,1.5581706331214926,1.5564382992335948,1.5551164193714955,1.5440080124524995,1.55847425447315,1.566179696459702,1.5741074069868501
182,0.028721737217540205,0.009064050938838789,2.212197419255972,0.028568774819046797,0.0008052675093686832,1.5772968151518625,1.5664378308509876,1.5623755704289972,1.5598300789483148,1.5580808134234325,1.5567466347996142,1.5456831414322874,1.560239020867115,1.5679698475818677,1.575942928417623
183,0.030151917892839393,0.009046576731672399,2.0714561929926276,0.029086740874825857,0.0008024972578737563,1.5791416983192383,1.5681588071211865,1.5640564867775912,1.5614875063047067,1.5597228188148795,1.5583775843419267,1.5473359191777052,1.5620370658539386,1.569795275944351,1.5777984743148632
184,0.0284543832226006,0.009029020599990192,2.0221355096437037,0.028747488232028336,0.0007997122874585352,1.580980122601762,1.5698739445173426,1.5657323400813152,1.5631406420240916,1.5613612517911766,1.5600054158424321,1.549042823651147,1.5638848200141193,1.5716590516992304,1.579677253636869
185,0.025619990153709096,0.009011754023401906,1.865367827937007,0.02674946040828339,0.0007969127338585488,1.5828055056432166,1.5715744805242002,1.5673921907870674,1.5647764685707082,1.5629811610335849,1.5616135087855707,1.5506941795757694,1.5656899961795547,1.5735002174313615,1.581531425591066
186,0.02630997549562105,0.008994832813926636,1.903185066767037,0.026504546941897005,0.0007940987335200903,1.5846178029496811,1.573261297093657,1.5690374022662175,1.5663970419255417,1.5645854819371192,1.5632058094784231,1.5522746264375302,1.5674303863800712,1.5752893942248913,1.5833559854484598
187,0.0284410384653709,0.008977854678267502,1.8899939679540694,0.02912459469350454,0.0007912704235935661,1.5864302106484691,1.5749466394796463,1.5706814529820734,1.568016775117977,1.566189210112624,1.5647975315740754,1.5538750495327638,1.5692134347000053,1.5771104606512059,1.5851976151844323
188,0.025073591112807103,0.008960974767581191,1.9069246826693416,0.02685422057506067,0.0007884279419268118,1.5882285404899243,1.5766178960344266,1.5723109242131592,1.5696212978784199,1.5677769495755869,1.5663723156035605,1.555527624337446,1.5710146644204326,1.5789204089471165,1.5870214671953766
189,0.02657377227624299,0.00894447932849256,1.9926505819894373,0.027188668237729717,0.0007855714270583737,1.5900205195702746,1.5782821371026077,1.5739325828419681,1.5712171868060916,1.5693553497163093,1.567937120193165,1.557110167766245,1.5727105634153347,1.5806505503972916,1.58879567794937
190,0.026380616952228767,0.008928230021360733,1.9550049039535224,0.02750963057803004,0.0007827010182107565,1.591808003633719,1.5799385849844594,1.5755452479025058,1.5728032518250263,1.5709232931573345,1.5694908258928073,1.5586284604599328,1.5743540658173587,1.5823540495518589,1.5905548130674547
191,0.02820926668273359,0.008912000400962298,1.9912849590182304,0.02820592656977376,0.0007798168552836381,1.5935912740434437,1.5815913106881898,1.5771548367212238,1.5743869810522342,1.5724896276115674,1.5710434815743104,1.5601450774317356,1.576001229906562,1.5840802380437982,1.5923304827655116
192,0.02660149638060535,0.008895947861296471,2.126970245037228,0.027461021964663386,0.0007769190788470504,1.5953677341361978,1.5832380732808364,1.5787583126108646,1.5759642165691996,1.5740490449046125,1.5725888809076443,1.561640221414919,1.577613057969696,1.5857824631409074,1.5940859492982766
193,0.030040762872562167,0.00887970298502161,2.1115354038774967,0.02947471255738935,0.0007740078301345289,1.597144672785799,1.5848861215532914,1.5803638024700077,1.5775442369714423,1.5756119039799017,1.5741381647030546,1.5631931394565268,1.579298177253832,1.5875495562033275,1.595879166576423
194,0.024677913601015906,0.0088635060370159,1.9199997023679316,0.0263599709400691,0.0007710832510362287,1.5989044262519363,1.5865164184357505,1.5819506097394396,1.5791046444160375,1.5771543570916577,1.5756662542474758,1.564798255541873,1.5810355535619762,1.5893286392936714,1.5976721009240988
195,0.02893582405063223,0.008847273110466916,2.010919730179012,0.028723226576668082,0.0007681454840920088,1.6006618285610952,1.5881479225863209,1.5835392438608318,1.5806670596011136,1.578698920278309,1.5771965130496453,1.5664049902985941,1.5828058212086493,1.591133682208887,1.5994811795764152
196,0.027325143498956095,0.008831002787943108,2.091992262750864,0.028303073684895333,0.0007651946724844859,1.6024142112921402,1.5897746043795757,1.5851228618571722,1.5822246005339737,1.5802388176746447,1.5787222155964578,1.5680880812908247,1.5846199170032484,1.5929400685536037,1.6012847760557722
197,0.028106178527168534,0.008814795165026885,2.043543288949877,0.02896925901752158,0.0007622309600320546,1.6041685241142685,1.591400748244488,1.5867060781082214,1.5837821328557262,1.5817790702661325,1.5802485259726908,1.5697272261313904,1.5864393605513478,1.5947563578735493,1.603093335690654
198,0.025369754987377754,0.0087989505301342,1.90794174419716,0.026382738409920913,0.0007592544911818786,1.6059108343603163,1.5930149189885523,1.5882763423718311,1.5853258649390496,1.5833048579660594,1.5817598548997118,1.5712907418662676,1.5881705959068402,1.5965163739585038,1.6048622135472463
199,0.02692170947279545,0.008783258513453901,2.052906521130353,0.027787412632501982,0.0007562654110028506,1.6076490831225443,1.5946233248817527,1.589840328697993,1.5868629682604305,1.584823692566225,1.583263927875793,1.5728248423010514,1.5898736505945656,1.598262232141136,1.606620974420507
200,0.027646987246508513,0.008767743074013748,1.9628683398477733,0.028248628354905235,0.0007532638651785215,1.6093861552289923,1.5962307239607438,1.5914029648985506,1.5883985865982755,1.5863410373419033,1.5847666477523081,1.5743130647653092,1.591533045003986,1.5999775986121294,1.6083600981361987
201,0.025998884031305815,0.00875230301474687,2.017774688079953,0.027632808239296577,0.0007502499999999999,1.6111163991055564,1.5978306237928823,1.5929577947428963,1.589926260206679,1.5878501658360458,1.5862607023407713,1.5758199561576796,1.5932034324622337,1.6016864366515169,1.6100864844011706
202,0.027101645652164795,0.008737129718503777,1.9467834336683154,0.02735068970834715,0.0007472239623588234,1.6128404011066626,1.5994246193919373,1.5945063481702988,1.5914472970268823,1.5893524682592826,1.5877478019219076,1.5772678594031544,1.5947789366024183,1.6033593029900444,1.6117961902756157
203,0.027652296843029455,0.00872190690452016,1.8915297840721905,0.028063318699284634,0.000744185899739797,1.6145572866472553,1.6010147762300544,1.5960523872156356,1.5929664806422372,1.5908534132512895,1.5892340218502568,1.5787394245390427,1.5963985343360185,1.6050640713284212,1.6135207294083116
204,0.026511334117015926,0.00870678209854822,1.9777221060357988,0.027627361567876478,0.0007411359602138068,1.6162678743162189,1.6025979873420595,1.5975910554270887,1.5944777184655774,1.592345904901488,1.5907113322574546,1.5801790595844596,1.5980190085289454,1.6067760425629956,1.6152522249895274
205,0.028824744409483214,0.008691812935532034,1.84927173005417,0.028434672812849754,0.0007380742924306025,1.617977913469344,1.604181452765991,1.5991310180623173,1.5959910651445945,1.593841241231501,1.5921922873718053,1.5815727313264871,1.5995895974649132,1.6084593802402432,1.6169687622089195
206,0.026672919762132888,0.00867717000983845,2.0711203292012215,0.027102521316651463,0.0007350010456115525,1.6196806106657318,1.6057596160219794,1.6006649238809687,1.597497510492812,1.5953289417291914,1.5936650119732318,1.582916959371402,1.6010776445071635,1.6100611167074306,1.6186247139139873
207,0.023376983856930596,0.008662610964278384,1.823384937364608,0.02595544345586326,0.000731916369542371,1.621366816035658,1.6073185612468754,1.6021779434250571,1.5989818069067716,1.5967934052610564,1.595113375930184,1.5842846446229841,1.602621724345821,1.6116696347863069,1.6202748310269126
208,0.029660935409928237,0.008648283022777578,2.257274939212948,0.028314113372386537,0.0007288204145658178,1.6230534280050242,1.6088800005481356,1.6036955281634104,1.6004722584483595,1.5982653208615534,1.5965703113538963,1.585615272244041,1.6040932694052112,1.6131921098298863,1.6218727564149673
209,0.03326227352313997,0.008633893839276464,2.411495165899396,0.029731194114611028,0.0007257133315743707,1.6247450557428686,1.610446942509612,1.605221525989664,1.6019738682905362,1.5997510154459367,1.5980434951740634,1.5869332367823066,1.605567263943144,1.614739903793974,1.6234977644190856
210,0.027275871410036484,0.00861956053386976,2.211567302234471,0.026943469314217323,0.0007225952720028712,1.6264242848984432,1.612002291798559,1.60673703068832,1.603465706507313,1.601227335237302,1.5995074763869432,1.5882445205486744,1.6070562037843417,1.6163110826587974,1.625134815273161
211,0.027580619876200686,0.008605390387176988,1.9824346019886434,0.027529319752413788,0.0007194663878211441,1.628097911592942,1.6135514038731424,1.6082460437448045,1.6049509483508548,1.6026970315537692,1.6009648319632164,1.5895152802691714,1.6085120130509598,1.6178656672909362,1.6267590851247802
212,0.027113409709462785,0.008591244930481638,2.0182910319417715,0.027906757547974535,0.0007163268315265902,1.6297662958207628,1.615094564785737,1.6097482107317187,1.606428918984675,1.6041591128788193,1.6024142824761272,1.5907749170039625,1.6099910069913805,1.6194470192098291,1.6283974214708095
213,0.027193804102961135,0.008577340067700735,1.984853916335851,0.027796025021882855,0.0007131767561367538,1.6314317207604907,1.6166347755437578,1.611246966712775,1.6079030470817282,1.605616993164648,1.603859208611867,1.5919994631031964,1.6114008390020282,1.6209699227725336,1.6299895775570914
214,0.025056459117811576,0.008563526423205264,2.0125714470632374,0.026561466762980754,0.0007100163151818656,1.6330850611462402,1.6181603930667454,1.6127295784014637,1.6093601306688545,1.6070571588261269,1.6052858990321444,1.5932375523126343,1.6128366507279595,1.6224967760291613,1.6315736485223262
215,0.025137379877093552,0.00854967678009634,1.9353177309967577,0.026799537285855508,0.0007068456626973587,1.6347249969101971,1.6196725250882955,1.6141985825994734,1.6108032243503558,1.6084828491350331,1.6066975702464723,1.5945870975700989,1.6143218463417408,1.6240295891563528,1.6331562369717472
216,0.02741936845729598,0.008536044021762295,2.0544043448753655,0.026927342016112903,0.0007036649532163623,1.636357595297932,1.6211764590166282,1.6156604809602049,1.61224009947233,1.6099030923778328,1.6081045259891724,1.5958900319934204,1.615746642464564,1.625525630952362,1.6347165475974559
217,0.02549429194062935,0.008522394207236819,1.7298344820737839,0.02705256105434339,0.000700474341762169,1.6379798800386236,1.6226709633615717,1.617112786636965,1.6136671087357626,1.611313155175807,1.6095010265600491,1.5972262483953379,1.6172187863373804,1.627050644270268,1.6362854501381894
218,0.02819094247490354,0.008508582668122749,1.7692566779442132,0.028730470780217298,0.00069727398384068,1.6395995719005332,1.6241640965449178,1.6185648204608476,1.6150947166206682,1.6127245886186536,1.6108994290278336,1.5986392816674388,1.6187627782677538,1.6286207141476003,1.637879385980011
219,0.02459142300335908,0.008494711044054581,2.0991701036691666,0.026780758679025764,0.0006940640354328255,1.6412055177700202,1.625642429898807,1.6200006324160836,1.6165052727830667,1.614118389370023,1.6122796357738118,1.6001424100440391,1.6204024921438844,1.6302094504385976,1.6394767576215945
220,0.027893171478431407,0.008481070451614916,2.415670496877283,0.02743032822980225,0.0006908446529869618,1.6428077806200334,1.6271168955893784,1.6214330210494525,1.6179126527901084,1.6155092823847401,1.613657231712281,1.6015818490661373,1.6219534408441567,1.631760920629858,1.6410593195473795
221,0.02465012505507365,0.008467682806308243,2.219651081133634,0.02558552792288114,0.000687615993411248,1.6443955764228881,1.628576885180847,1.6228502682524637,1.619304341302432,1.616883953963103,1.6150181156247123,1.6029635026822613,1.6234547611232302,1.6332866417038892,1.642621808401541
222,0.026365747755109845,0.008454434489284577,1.9653863362036645,0.027301220462225127,0.0006843782140659967,1.6459795595149325,1.6300309898501366,1.6242607626375416,1.6206887345237844,1.6182509804393064,1.6163711937715721,1.604288909086152,1.6249475276011585,1.6348026308824488,1.6441757072632937
223,0.024771303542014463,0.008441269653985407,1.945071096997708,0.026460634749458974,0.0006811314727560052,1.6475526892725583,1.6314749123309884,1.6256601457404234,1.6220612610440692,1.6196053336805107,1.61771069785446,1.6055915860334509,1.6264670456768529,1.636326689756699,1.645730880652196
224,0.025458572669240613,0.008428001465241086,2.086998344399035,0.02700725779325056,0.0006778759277228646,1.6491147665081418,1.6329073542747752,1.6270482211345145,1.6234227132876515,1.620948872946878,1.619041661380925,1.6070015601572198,1.628055338606316,1.6378813708758457,1.6473000266357534
225,0.03081659261258171,0.008414527517874571,2.359084954019636,0.02964835907745179,0.0006746117376372467,1.650680012561859,1.6343441735753543,1.628443214401239,1.624793118058814,1.6223031022955048,1.620384702911522,1.6084781033872322,1.629703465425127,1.6394897309082321,1.6489111727949979
226,0.027321014336804627,0.0084011057214062,1.940887515898794,0.027761295522947503,0.0006713390615911717,1.6522409305520764,1.635777530174027,1.629834850519875,1.6261604744153855,1.6236546303334092,1.6217252043615145,1.6099656159660176,1.6313496907117204,1.6410928606934252,1.6505147063732544
227,0.025246534075067155,0.008387965462111065,1.6922107548452914,0.026288069289740156,0.0006680580590902525,1.653791648240886,1.6372027977562884,1.6312186716651633,1.6275197585479098,1.6249977151774886,1.6230567711551511,1.6113833333711638,1.6329183137987588,1.642645557637391,1.6520819036952614
228,0.02688402967562979,0.00837501543448794,1.9902592790313065,0.027624494004126355,0.0006647688900459223,1.6553404574818722,1.6386249534856028,1.6325993040035574,1.6288757736622235,1.6263374057954492,1.6243847100250763,1.6127414582341373,1.6344260850198058,1.6441697787937504,1.6536314883408918
229,0.023544423386543386,0.008362083935155949,1.8523690300062299,0.025235942928028054,0.0006614717147676403,1.6568683271358786,1.6400263216041828,1.633958579304185,1.6302097423418296,1.6276544552443528,1.6256892564126297,1.6141379211623543,1.6360219042510105,1.645719244431252,1.6551812721757866
230,0.02529902400557424,0.008349160141909432,2.138385169673711,0.02662546296940373,0.0006581666939550778,1.658385380714009,1.6414173830602223,1.6353080511799247,1.6315342347830175,1.6289622271122692,1.6269845601629127,1.6155910234574928,1.6376420001537795,1.6472738466539043,1.6567323138473904
231,0.02649894944309024,0.008336135482941966,2.025201946031302,0.02798842837164313,0.0006548539886902863,1.659897715991476,1.6428042249212158,1.6366533867681392,1.6328545930429752,1.630265852619645,1.628275521611403,1.6171290297173773,1.639325370492328,1.6488479601689292,1.6582935677772181
232,0.027016832575376938,0.008323351061463554,2.1478649810887873,0.026250638243835733,0.0006515337604298472,1.6614003195133087,1.6441842976692327,1.637993630874559,1.6341709660391845,1.6315663897244441,1.6295640598460344,1.6185930408716571,1.6409233855879297,1.6503887221101068,1.659835502679218
233,0.0247340545499532,0.008310972587861063,1.9526048782281578,0.02510570794970386,0.0006482061709970014,1.6628899265725448,1.6455533979706274,1.639322597749921,1.6354755887734826,1.6328547298035194,1.6308399997845977,1.6199833377493513,1.642417499425853,1.6518244464691119,1.6612948314747356
234,0.025755767349395473,0.008298668640166157,1.8780151498503983,0.02652019919124765,0.0006448713825737636,1.6643709941010256,1.6469162578695629,1.6406450971765647,1.6367735006977777,1.6341361022985512,1.6321086232382855,1.6213504951402091,1.6439131439449772,1.6532701444319995,1.6627548013087503
235,0.0240962330871077,0.008286614830745307,1.8952773208729923,0.025364773411622438,0.0006415295576930169,1.6658406996864494,1.6482674995094082,1.6419547184244832,1.6380575074141386,1.6354027101615751,1.6333617298565344,1.6226504410509472,1.6453544354354859,1.6546872182696561,1.6641870454300711
236,0.024114061255169496,0.00827473054017414,1.9138183849863708,0.026038853942374002,0.0006381808592305912,1.6673029058078805,1.649609414270242,1.6432549129726122,1.6393319031854,1.6366594453518228,1.6346045887976286,1.6239021456930975,1.6467604937788651,1.656090783911295,1.6656058613996014
237,0.02626878348492665,0.008263014305681089,2.323908522259444,0.026645845600773346,0.0006348254503973253,1.6687611245826799,1.6509462024689272,1.6445508469963133,1.6406027075567244,1.6379130933128416,1.6358447579225834,1.6251056786113107,1.6481153941716884,1.6574656048212968,1.6670077398043652
238,0.026036520374967155,0.008251588889680436,2.024831152986735,0.025971633049097408,0.000631463494731112,1.6702131074305022,1.6522756938690444,1.6458397626409773,1.6418668446519045,1.6391604282126848,1.63707903951734,1.6262638069126252,1.6493878565011098,1.658759497073947,1.6683446153460897
239,0.022939418881065744,0.00824023234752669,1.978373312857002,0.024920786074749107,0.0006280951560889273,1.671649930864713,1.6535886488592562,1.64711149080866,1.643113354246423,1.6403897135296472,1.6382948431827915,1.6274544782368525,1.6506755880586979,1.6600609847247378,1.6696811531150848
240,0.02548981559534034,0.00822904554893962,2.056971770711243,0.026204134323899713,0.0006247205986388449,1.673081715779691,1.6548951575848911,1.6483759059663918,1.6443521919000001,1.6416111921193244,1.639502779992176,1.62859788227948,1.6519055891994454,1.6613449955716768,1.671010032300574
241,0.026454721947632306,0.008217732201153906,2.007473241072148,0.026985661442922217,0.000621339986852034,1.6745063551801591,1.6561963459657552,1.6496361783877926,1.6455877792031168,1.642830101851815,1.6407086485464266,1.6298183851294772,1.6531955363665314,1.6626714011628456,1.6723624559478791
242,0.026051607290593703,0.008206283510092966,1.8536223992705345,0.02730508155710011,0.0006179534854947438,1.6759252960142201,1.657492005330246,1.6508911644512805,1.6468181886246784,1.6440438320439517,1.6419091537695543,1.6310708082854062,1.6545946019756463,1.6640523348862366,1.6737415630855232
243,0.02621995603911716,0.008194995233287136,2.0610924218781292,0.026498027174216246,0.0006145612596202726,1.6773398283232932,1.6587823786703595,1.652141347160942,1.6480442212834836,1.6452535759537168,1.643106065458602,1.6322713684861454,1.655949642641498,1.6654062324681105,1.6751077574641091
244,0.025500035583667112,0.00818364325239604,1.8112835502251983,0.027122799069852977,0.000611163474560924,1.6787488278242915,1.6600678384291525,1.6533868508628338,1.6492657138482654,1.6464589185372345,1.6442985978517235,1.6335191841522663,1.6573465679250754,1.6667908900860435,1.676487262834244
245,0.024872902113926162,0.008172415094979815,1.8448250219225883,0.0254413719820826,0.0006077602959199482,1.680145297758366,1.661343627399168,1.6546229779121693,1.6504778337429566,1.6476548365264838,1.6454816160376107,1.6347327164917431,1.6587215870072916,1.6681744595940913,1.6778674203643935
246,0.024700527518352784,0.008161251145205472,1.8848205478861928,0.026369173365968942,0.0006043518895634709,1.6815354332568242,1.662611884280582,1.6558506959245087,1.6516810252567151,1.648841312949919,1.646654650119415,1.6359344230135866,1.6601045149985751,1.669565680341374,1.6792469335623912
247,0.02444875914698787,0.008150241880874496,2.016818513162434,0.025817521487200994,0.0006009384216124095,1.6829171332577522,1.6638726263518688,1.6570701287352678,1.652875382031654,1.6500184650068213,1.6478178843414668,1.6371033198851475,1.6614448151549799,1.6709375751511502,1.6806171538566332
248,0.023976820365669234,0.008139462386579066,1.842013763729483,0.025527594220031754,0.0005975200584343761,1.6842913729771378,1.6651228880471938,1.6582783280003208,1.6540581815509894,1.6511839354197635,1.64896946209421,1.6382208785411716,1.662719906850944,1.6722683317196172,1.6819616993907025
249,0.026372923379670392,0.008128946585085438,2.0923941018991172,0.025500397190265114,0.0005940969666355695,1.6856574443994634,1.6663662229746983,1.6594810518428935,1.655236596197017,1.6523459224526764,1.6501184285348263,1.6392979404621972,1.6639212304801858,1.6735165989442167,1.683242876961389
250,0.025888407461831034,0.008118287581427165,2.053904691245407,0.027083346063742426,0.0005906693130526547,1.687016808549422,1.66760442109548,1.6606790585126003,1.6564105354065852,1.653503572961752,1.6512631627068457,1.6404912813573145,1.6651972003853182,1.6747894626749986,1.684536946750141
251,0.023343881318881134,0.008107872410275236,1.8784107039682567,0.0251944290031983,0.0005872372647446318,1.6883671134370564,1.6688324157518843,1.6618661589451809,1.6575729075456405,1.6546490766446083,1.6523952523433663,1.6416283511850422,1.6663985405974793,1.6760214309221146,1.6858023111122618
252,0.025704115398084447,0.008097358335920934,2.1367676411755383,0.026438992855417308,0.0005838009889846932,1.689708270227206,1.6700532308101064,1.6630461676307735,1.6587283607753254,1.6557878955780059,1.6535208988424335,1.6428337664123056,1.6676642805301916,1.6772895977973676,1.6870888690547996
253,0.02857535763878117,0.008086967310868585,2.1426829993724823,0.027350738335696317,0.0005803606532520715,1.69105033758355,1.6712743753378512,1.6642281425500556,1.6598871879756303,1.6569313916734487,1.654652365502997,1.6439931637398608,1.6688790994146856,1.6785297317396894,1.6883565649418657
254,0.025547583746521246,0.008076583222332363,2.038176744710654,0.026523122373103555,0.0005769164252238771,1.6923859376382795,1.6724894904998264,1.6654037789388412,1.66103961324164,1.658068391765676,1.6557771849032692,1.645151828605054,1.670123384105993,1.6797887054710918,1.6896325879740572
255,0.02348647895856823,0.008066320546863414,2.033066174015403,0.025239759171152714,0.0005734684727669247,1.6937098243592876,1.6736942968620305,1.6665692455259336,1.6621817641881367,1.6591948517764539,1.6568911438413918,1.6462858077695526,1.6713541661819666,1.6810394636171386,1.690898735630642
256,0.024762505415700457,0.008056228635052457,1.896834947168827,0.025715853952995294,0.0005700169639295527,1.6950268784313958,1.6748901522113426,1.667724548312839,1.6633130135833565,1.660309994048234,1.657993569154737,1.647368398161819,1.6725345579308113,1.682272169921917,1.692162034268173
257,0.023633186185679732,0.008046271395131152,1.8727006879635155,0.025700367824975822,0.0005665620669334328,1.6963365991913746,1.6760774107796383,1.6688710888514326,1.664435145226576,1.6614156333362238,1.659086128640524,1.64841522219361,1.6736982785024201,1.6834873077039665,1.693409063868103
258,0.024777616268337285,0.008036214868972486,1.923699432052672,0.026071755768382495,0.0005631039501653701,1.6976350423928492,1.6772547439635435,1.6700082518699437,1.665548332090232,1.662512647848695,1.6601701788457583,1.6495561424347278,1.6749285261256468,1.6847308072726124,1.6946715515234234
259,0.024553038143207785,0.008026219343310517,2.1125329402275383,0.025755629896188164,0.0005596427821690972,1.6989250211377487,1.6784235029789787,1.6711367664843502,1.6666528364882625,1.6636010007460698,1.6612455903682313,1.6506932545871502,1.6761550472859552,1.685978980457542,1.6959393829931235
260,0.02576995722057873,0.008016234962400212,2.150062572211027,0.025999136414139434,0.0005561787316370596,1.7002064305789035,1.6795853758451458,1.6722590147781904,1.667751690644559,1.6646842107952622,1.6623162971300447,1.6518477377577203,1.6773960866319875,1.6872391163358142,1.6972119490014654
261,0.02468729331451229,0.00800622464521931,1.848097353707999,0.026450099549594795,0.000552711967402193,1.7014814830430267,1.6807397004378541,1.6733740525571381,1.6688435238436792,1.6657604784136573,1.6633800377698778,1.6530680749199678,1.6786685781430828,1.688503323148644,1.698481772191078
262,0.025537532564393395,0.007996269049136685,2.0454679671674967,0.026199693178268816,0.0005492426584296951,1.7027493875176158,1.6818901099779413,1.6744855826783034,1.6699320153259156,1.6668334717772808,1.6644405908741826,1.6542764496035196,1.6799397260140265,1.6897661951725398,1.6997473949777344
263,0.024463702773619464,0.007986320561716434,1.9102932498790324,0.026125666864541302,0.0005457709738087912,1.7040092336984145,1.6830326995588836,1.675588768967742,1.6710119108086596,1.6678977143955651,1.6654922823822815,1.6555407567728189,1.6812297321025007,1.69102551537096,1.7010086221628953
264,0.024267585604999163,0.007976553025585326,1.7556858090683818,0.02578787698938653,0.0005422970827444917,1.7052624880775806,1.6841698331024646,1.6766862835723568,1.6720856962111292,1.6689553712603231,1.6665369895585767,1.6567380745412832,1.6824609003661677,1.6922626816558661,1.7022554502534455
265,0.025952091419426955,0.007966955489763948,2.042014652863145,0.026022208089979678,0.000538821154549346,1.7065099328737587,1.685302942902156,1.67778086345285,1.6731573070700116,1.670011503439109,1.6675807176335473,1.657879227894919,1.683625927034183,1.693468706535478,1.7034850557286705
266,0.023452820159311247,0.007957457705701184,1.985055848956108,0.024929498103099173,0.0005353433586351906,1.7077454228759852,1.686424591128972,1.678863983263979,1.6742173126355986,1.6710558559704134,1.6686125571664299,1.6590103953156834,1.6847915343063156,1.6946673808696004,1.7047030502568512
267,0.0263834165722856,0.007948012628784723,1.8718484588898718,0.025942355582633393,0.0005318638645048921,1.7089732259390467,1.6875407495440806,1.6799431130190787,1.6752744988390846,1.6720983538896816,1.6696433591744917,1.66013591192226,1.6859500252724322,1.695863191458948,1.7059165805472145
268,0.02553918614989454,0.00793874321319265,2.2685108543373644,0.025320151555246147,0.0005283828417440853,1.710192950465582,1.6886489780735605,1.6810147296182287,1.6763245479653062,1.6731340311632488,1.6706676455963558,1.6612082748321768,1.6870619104695928,1.697025384667526,1.7071114658921263
269,0.023237378070947414,0.007929575476488572,1.7527972320094705,0.024506250601282233,0.000524900460012909,1.7113992257033777,1.689745353943461,1.6820743651925298,1.6773624775824851,1.6741574256587353,1.6716794736914158,1.6622560579785586,1.6881773954454933,1.6981864547192547,1.708300388214264
270,0.025533736981906675,0.007920504890956491,2.4832315682433546,0.026039700620698283,0.0005214168890377352,1.7126010319905152,1.6908364840209384,1.683128299222335,1.6783944665100006,1.6751746673821948,1.67268498491824,1.6632684460003706,1.6892651735088207,1.6993424163474904,1.7094907803155273
271,0.026452878420186364,0.007911517305476515,2.244536117184907,0.025761287544435272,0.0005179322986028993,1.7137958141906695,1.6919216952394176,1.6841768757834938,1.6794217540454877,1.6761878455913994,1.6736869980473343,1.6642398947924761,1.6903328062456062,1.7005029126614208,1.7106855484924848
272,0.02537088216182428,0.007902431649114293,1.8492413158528507,0.02718399304924339,0.0005144468585424227,1.7149873450138633,1.6930030565184657,1.6852219130724433,1.6804455587782146,1.677197553145467,1.6746855239946883,1.6652911607258356,1.6914575817711408,1.701685189316099,1.7118855261911088
273,0.027332370421947333,0.007893441637122904,2.2152181058190763,0.0258151468178932,0.0005109607387317369,1.7161710819461877,1.6940795858721802,1.6862641006670556,1.6814680192098135,1.678207160304914,1.6756850702365667,1.6663000140758026,1.692561210251719,1.7028547009212467,1.7130785230152425
274,0.025295096336186308,0.007884546938526573,2.1093224277719855,0.02575735101434784,0.0005074741090794031,1.717347948382741,1.6951491723758279,1.6872996737256671,1.6824841887939954,1.6792107698030427,1.6766789033111333,1.6672991649733884,1.6936429410155922,1.7040089719733207,1.7142578434070364
275,0.024931821988152317,0.00787558446092782,1.8860924006439745,0.026395011158152522,0.0005039871395188318,1.718516628105704,1.696212745748022,1.6883299366839124,1.6834953631352558,1.6802094746327225,1.67766775003073,1.6683695283500684,1.6947740598268302,1.7051800956282641,1.7154407064748418
276,0.026417242554807388,0.007866648651882718,2.2699260972440243,0.027033061079447824,0.0005005,1.719682874369232,1.697274391446751,1.6893581914314706,1.684504511957091,1.6812061906336278,1.6786546132635283,1.6694216659526762,1.695907871384003,1.706356812864859,1.7166315337396443
277,0.024299692502414476,0.007857898256587642,2.175689635798335,0.025156505245220822,0.0004970128604811682,1.7208403854329632,1.698326043541374,1.6903764173556601,1.685503661791993,1.6821929429523566,1.6796315329193798,1.6704227700972076,1.6969853773838888,1.7075054305838047,1.7178038956391302
278,0.024127857796107634,0.007849182477416377,2.2462769239209592,0.02489204273956782,0.0004935258909205969,1.7219843780305493,1.699366754861741,1.6913842539252308,1.6864926438366215,1.6831696480980318,1.6805985462748279,1.67144521912805,1.6980868868331325,1.7086577350205037,1.7189712175108827
279,0.02199317959395934,0.007840632226043146,1.97671076701954,0.024632771353696545,0.0004900392612682634,1.7231184047357666,1.700395298327927,1.6923784158696966,1.68746670259156,1.6841303601395667,1.6815486511509559,1.672430543705832,1.6991571931513467,1.7097919695437866,1.720120781140342
280,0.022374210141438484,0.00783228694390254,1.95099334185943,0.023821692224928314,0.00048655314145757745,1.7242389795147042,1.7014109331226586,1.6933592086004592,1.688426736648317,1.6850764653885437,1.6824836251898003,1.6733655981936313,1.7001737972498125,1.7108965505066116,1.721249341983687
281,0.02518626552105906,0.007823911903554519,1.899838036391884,0.026493246089198976,0.00048306770139710083,1.7253547693305853,1.702424015704178,1.6943379552183342,1.6893849388959608,1.6860208743775869,1.6834170492402312,1.6743383922282318,1.7012187442343076,1.712008665943524,1.7223742897362686
282,0.026921349805367402,0.00781571493575868,2.023461409378797,0.025882261343285185,0.0004795831109622648,1.7264663162641014,1.7034339219830394,1.6953149911157908,1.690342396302846,1.6869652832005726,1.684351118145013,1.6752717106402815,1.702202536633653,1.7130579044604424,1.7234619398470974
283,0.02372116239155811,0.007807673052023905,2.1323919370770454,0.0250409547777287,0.00047609953998709113,1.7275702255565302,1.7044350809033606,1.6962828787219613,1.6912902887483776,1.6878997825285236,1.6852749262465603,1.6761706848163282,1.7031481857327708,1.7140788620879357,1.7245264996376317
284,0.022910709480955117,0.007799885348131777,2.0786000839434564,0.0239812396415871,0.00047261715825591466,1.7286630518054362,1.7054250698158178,1.697238993199376,1.6922258800241015,1.6888215007610352,1.6861855696029764,1.6770279530580106,1.7040322662127179,1.7150256392173056,1.7255349872538535
285,0.024173299772711987,0.0077921640593393,2.1303351959213614,0.025362560043779635,0.00046913613549510796,1.7297488307753222,1.7064084335869045,1.6981887643065323,1.693155360502723,1.6897372801741184,1.687090383464102,1.6778760856110013,1.7049089024463353,1.7159652851374554,1.7265370244321738
286,0.025945837831154464,0.007784488410119437,1.924437269102782,0.026704777896041833,0.0004656566413648094,1.7308331941178332,1.7073899478529841,1.6991375438929661,1.694084407750717,1.690653069663963,1.6879955703720804,1.678695549875994,1.7057578783786698,1.7169151643281866,1.7275454525388616
287,0.027643119337664456,0.007776815110028109,2.1629873299971223,0.026924855049117277,0.0004621788454506542,1.7319157085960903,1.7083694573410655,1.7000848088387561,1.6950126431385006,1.6915688233921706,1.688901476809901,1.679498212058009,1.706616057056623,1.7178793743270724,1.7285642676560224
288,0.025691280424984118,0.007769167268028776,2.0550213223323226,0.0258897857084697,0.0004587029172555085,1.7329910384359568,1.7093427031955815,1.70102625427036,1.695935419419909,1.6924794614346623,1.6898025424941603,1.6802738808397177,1.7074940126920775,1.7188615140064039,1.7295912069802668
289,0.02160868528295702,0.007761652056450526,1.8283865568228066,0.02438989566025362,0.00045522902619120895,1.7340549182283527,1.710304529761659,1.701955781211109,1.6968455113156957,1.6933765717716511,1.6906892614852633,1.6810258129792055,1.7083548590756858,1.7198241407866999,1.7306017518352275
290,0.024238992515218653,0.007754202769340357,1.8781585888937116,0.025484653068155845,0.0004517573415703049,1.735111364509133,1.711259778018163,1.7028787465915756,1.6977489993361234,1.6942669733072497,1.6915691979204355,1.6817685549929442,1.709208546607362,1.720783021891143,1.7316043737959856
291,0.025338200373780265,0.0077469004527371725,2.171952970325947,0.02587749270575753,0.0004482880325978072,1.7361634446115572,1.7122109919429032,1.7037981027455158,1.698649204042993,1.6951543059255436,1.6924462224187375,1.6824899662551989,1.7100218593559224,1.721689763785618,1.7325666107148925
292,0.02322196688693711,0.007739513750157565,1.7965639256872237,0.02593960660200039,0.0004448212683629404,1.7372067928469739,1.7131524029821639,1.7047071987608902,1.6995388118896677,1.6960307414982378,1.6933119766716958,1.6833119827096144,1.7109018895182655,1.722613149224342,1.733532464928208
293,0.023567998234233233,0.0077322410848307795,2.1024880898185074,0.024490663446350446,0.00044135721783090275,1.7382390894935225,1.7140833780536413,1.7056061087889665,1.7004183905499766,1.6968972450630329,1.6941679040420898,1.6841066788037915,1.7117635659749326,1.723523495607999,1.7344883639477688
294,0.027212108216159884,0.007725098638025081,2.0852658161893487,0.025876056567374798,0.0004378960498346301,1.739266016219341,1.7150125674417893,1.706504791988657,1.70129880543957,1.6977654716745334,1.695026324138185,1.6848765786414315,1.7125849500948145,1.72439339466097,1.7353966833977208
295,0.02475013422308638,0.007718060604985792,1.93863972928375,0.025670294930313392,0.00043443793306656745,1.740287218906141,1.7159361231476749,1.7073977199540495,1.70217334169682,1.6986277686069955,1.69587884121312,1.6856187647575656,1.7133720154907115,1.7252481096400696,1.7362959768792048
296,0.025136338883586372,0.0077110246225553375,2.0584482359699905,0.026067601760676788,0.0004309830360704473,1.7413020814751143,1.716854894432128,1.7082862576684958,1.7030435819919876,1.6994857231703575,1.6967269118737867,1.6863591452038786,1.7141829118923986,1.7261139092535949,1.7372025054223614
297,0.024033950809716927,0.007704058434300248,2.1254617907106876,0.025529043996756262,0.0004275315272330755,1.7423098396175096,1.7177666760819421,1.7091670714732528,1.7039055620157875,1.7003349962435172,1.6975659614920593,1.6870878418787254,1.7149829070341371,1.7269752077379814,1.7381080904167652
298,0.023524842294365838,0.007697176184772819,2.0985672110691667,0.02475117221299265,0.0004240835747761231,1.7433069807758248,1.718669563164828,1.7100393260879903,1.7047590065784706,1.701175649553827,1.6983962896223284,1.6878048103047925,1.7157677548850423,1.7278292444683152,1.7390082378109313
299,0.023546859886245056,0.007690346191600758,1.8651519776321948,0.024778673069779353,0.00042063934674792854,1.7442937436951425,1.7195622769957188,1.7109016776425432,1.705602684981054,1.7020065344260613,1.6992167597943777,1.6885012382579079,1.716566271288918,1.7286954899677796,1.739910723596328
300,0.027852128877945637,0.00768336478219256,2.037385963834822,0.02721844530844277,0.0004171990110153069,1.745274382276868,1.7204539543321136,1.7117649934926262,1.7064486576715039,1.702840769636153,1.7000414393608543,1.6892640680577793,1.7174333358690221,1.7296079302261764,1.7408393816653278
301,0.022800494337900427,0.0076765610876454145,2.006401600781828,0.02393736139827029,0.00041376273525536844,1.746243351790145,1.721333653602877,1.7126157228695102,1.7072816332388339,1.7036616908192421,1.7008525987437497,1.689992582578251,1.7182516108625083,1.7304858479551235,1.7417459424424224
302,0.02720142666404694,0.007669805068492983,2.000059087295085,0.02645092423320306,0.00041033068694734534,1.7472086512721277,1.7222109766192748,1.7134650571601886,1.7081140626444464,1.7044828669347627,1.701664777270514,1.690699341538632,1.7190515821051973,1.7313572402226878,1.7426556946555234
303,0.024535378002649242,0.007663209151204099,2.1468823072500527,0.024193167143211788,0.0004069030333644306,1.7481628126436803,1.7230783982826616,1.71430503303377,1.7089375789842973,1.7052955340872467,1.7024688420968614,1.6913807109994354,1.719806404894468,1.7321881921439364,1.7435375837532903
304,0.025317637536969917,0.007656668468257694,2.0860371948219836,0.02618781378539286,0.000403479941565624,1.7491134164009203,1.7239410181263743,1.7151397940037698,1.70975575984275,1.7061028227009227,1.70326750574585,1.6920476330193723,1.7205517317631778,1.733015103418155,1.7444169854261986
305,0.02274695142640092,0.007650194365560058,1.9845994021743536,0.024329282765992218,0.00040006157838759065,1.7500524300784268,1.7247923777601166,1.715963529696494,1.7105629757686875,1.7068990932024097,1.7040550412953754,1.6927031202113478,1.7213031705867223,1.7338450380361097,1.7452936301764093
306,0.0242009207496866,0.007643785375794389,2.1349317468702793,0.0251407521570133,0.0003966481104365292,1.7509837076763803,1.725635847776882,1.7167794154932672,1.7113623814860095,1.7076875276252097,1.7048346626182806,1.693345764377933,1.722050728901085,1.734670312376146,1.7461666145160788
307,0.023724744210642763,0.007637436729946519,2.0823859269730747,0.024920300653995347,0.00039323970408005194,1.7519062559596026,1.7264712699890743,1.7175869729868558,1.712153247886278,1.7084672189145944,1.7056054304799873,1.6939882872635992,1.72279346152209,1.735492180220239,1.7470334302657595
308,0.024483221299618302,0.007631151891718473,2.0381445013917983,0.02465666288986034,0.0003898365254390762,1.7528189762717339,1.7272980208388131,1.7183864310472923,1.712936425358919,1.7092395311141133,1.706369080225677,1.6946159184284924,1.7235307193052751,1.736314846950242,1.7478983198538276
309,0.025507344467455513,0.0076249234897014665,2.0022743199951947,0.025389359234247406,0.00038643874037972754,1.7537251299013374,1.728118523096172,1.7191799251578581,1.7137139575848224,1.7100065395278943,1.7071277595599414,1.6952330041670944,1.7242571247491314,1.7371358179924217,1.7487588777263305
310,0.02253310471676883,0.0076188348653404405,2.065629858057946,0.023836024623769967,0.0003830465145052564,1.7546205005463384,1.7289278297210908,1.7199615687889906,1.7144791720759496,1.710760850526935,1.70787346857358,1.695827192462327,1.72495088914664,1.7379330103724373,1.7495999213132505
311,0.022618586627451247,0.0076128444102549,1.7109693037346005,0.024085659985510828,0.00037966001314796604,1.7555052978455024,1.7297285786335452,1.7207343481553714,1.715235143016304,1.7115055577749083,1.7086092944652813,1.6964084689915935,1.725626149186511,1.7387153498230223,1.7504272910358012
312,0.025190847864010324,0.007606955407487276,2.2112769070081413,0.025282454676694956,0.0003762794013611551,1.7563847939967787,1.730524385997638,1.7215026586210262,1.715987052098623,1.712246526394902,1.709341650454848,1.696975458088719,1.7262780228853434,1.739462739857437,1.7512294401335065
313,0.020214352731635722,0.007601142441749671,1.8020808016881347,0.022894321307078667,0.0003729048439110726,1.757249787857454,1.731306004353749,1.7222560479158624,1.71672328549879,1.7129711077994911,1.7100570061737803,1.697550642144466,1.7269404010873384,1.740207028363677,1.7520228522449188
314,0.02331859011075846,0.007595360422632969,1.8113536750897765,0.024690069580886806,0.00036953650526888804,1.7581068889848164,1.7320796034097607,1.7230016407926838,1.717451764150224,1.7136879206442213,1.710764496402875,1.6981158662224012,1.7276117305072871,1.7409665146468185,1.752820074049469
315,0.023313591810676736,0.007589588542083627,2.090888563077897,0.024572372452476513,0.0003661745496026747,1.7589554347285425,1.7328442569613909,1.7237383977622176,1.7181715888424913,1.7143962698680386,1.7114637237068095,1.698699038667504,1.7283049674662383,1.7417341764421546,1.753619768566924
316,0.024880160303327178,0.007583722061654236,1.8968456969596446,0.026222120617361476,0.000362819140769409,1.7597985376606478,1.733604077537555,1.72447070689305,1.7188872645318098,1.7151007203481767,1.7121612298734308,1.699366567109836,1.7290415719164174,1.7425222734755441,1.754432533053494
317,0.02457932824675614,0.007577808216190755,1.9787457128986716,0.025612602785247594,0.0003594704423069833,1.7606340906986384,1.734359171971319,1.7251986729760307,1.7195988318864082,1.7158012611831681,1.712854788762337,1.700075162048609,1.7298133382848115,1.7433295242126017,1.755253203404158
318,0.02684347445254029,0.007571954873558724,1.9667640519328415,0.025851504034947237,0.0003561286174262365,1.761465530197912,1.7351111066895673,1.7259245916266595,1.7203093524218496,1.7165016692444415,1.7135488490471602,1.7007555971235724,1.7305659021248618,1.7441279484355618,1.7560694006149393
319,0.022543714668780933,0.007566263316861217,2.0488195391371846,0.023958247246883335,0.0003527938290029988,1.7622878240014488,1.7358545009407267,1.7266418389485407,1.7210110078826582,1.717192979182754,1.7142334242326616,1.7014039544841733,1.7312722201624122,1.7448830656410517,1.7568569938196306
320,0.02671938135357565,0.007560622382607564,2.187303934711963,0.026113462775675774,0.00034946623957015304,1.7631064751500656,1.7365962962328552,1.7273588866776002,1.7217133449966495,1.7178856257844057,1.714919681347615,1.7020374310285213,1.731955957202628,1.7456239011981312,1.757639347866065
321,0.02448932845918555,0.0075549756973372646,1.8780164583586156,0.025642142226764954,0.0003461460113097138,1.7639187782631989,1.7373322849722426,1.728070398037576,1.722410386431855,1.718573172687037,1.7156008479012808,1.70268605640718,1.732666040685589,1.746373491785902,1.7584231181826224
322,0.024433441124652927,0.007549365139786435,2.047529856208712,0.025677444499860803,0.00034283330604492255,1.764725839806651,1.7380623954541528,1.7287760509571155,1.723101712028463,1.7192551421666942,1.7162764481403727,1.7033260039351512,1.7333767654108878,1.747128129318212,1.759205799083692
323,0.022462660193580647,0.00754385254598337,2.016281590797007,0.023850395908229922,0.0003395282852323598,1.765521878582862,1.7387828378938683,1.7294718008955643,1.7237828702608184,1.719926710523997,1.7169413660785027,1.7039426294429156,1.7340770646694945,1.7478711066602501,1.7599768234219533
324,0.022681156817869513,0.007538417699164361,2.0508610289543867,0.024523639611383773,0.0003362311099540777,1.766309779203825,1.7394944622069317,1.7301582865386962,1.724454471206448,1.720588468536983,1.7175961149086352,1.704531584216533,1.734768574207297,1.748616372232941,1.7607448749779526
325,0.023586762895748452,0.007533020054593316,1.9754977398552,0.025275850723411295,0.00033294194090974764,1.7670914428976372,1.7401995039667393,1.730838328466705,1.7251196416613144,1.7212437439362773,1.7182442094188666,1.705110132014782,1.735470905600905,1.749363445206196,1.7615098583818243
326,0.026057921566949645,0.00752759862160002,2.1039452250115573,0.02598954752037661,0.00032966093840882847,1.767867549731111,1.740899335219591,1.731513934205368,1.7257810654858468,1.7218958309697379,1.7188895517502287,1.7057235269566102,1.7361943256310526,1.7501188701306647,1.7622772343721755
327,0.0237060036545338,0.007522135849215771,1.8198085608892143,0.025864882109994127,0.0003263882623627533,1.7686362510869715,1.7415937930920589,1.7321846866589339,1.7264378157478044,1.7225432699262813,1.7195300664885518,1.7063782509254148,1.736959731394185,1.7508874300085366,1.7630461348412052
328,0.02410183097781198,0.007516656783224726,2.0526787382550538,0.025837233107974176,0.00032312407227713555,1.7693982918120637,1.742281861037209,1.7328492637595545,1.7270884986418875,1.723184697871405,1.720164575533698,1.707071565901554,1.7377501773715778,1.7516620097725437,1.7638152635923772
329,0.023876685235596398,0.0075113010872937536,1.9640531954355538,0.025411943532540313,0.00031986852724399484,1.7701552657007134,1.7429646706795485,1.7335085357354032,1.727733830332988,1.7238207122767566,1.720793553477876,1.7077296736249474,1.7384992182847494,1.7524065563957176,1.7645660304676212
330,0.022967794999101183,0.007506076751671991,1.8998178271576762,0.024666096039310786,0.0003166217859340035,1.7709048007334343,1.7436399841402472,1.7341603284898646,1.7283715967945275,1.7244490200772395,1.721414625587464,1.7083544117011984,1.739204018252828,1.7531241690842199,1.7652997709013476
331,0.02508343346938663,0.007500893894262223,2.1006415407173336,0.025719406765241683,0.00031338400658875205,1.7716482265895543,1.7443109264838805,1.7348084157543326,1.7290059973299439,1.725074190002546,1.7220326744220757,1.7089584904368338,1.7399025176968788,1.753844217048427,1.76603494851346
332,0.023758678009555046,0.007495798932392283,1.9572536773048341,0.024994549025498962,0.0003101553470130382,1.7723844006184732,1.7449750925382959,1.7354495348310028,1.729633376179275,1.7256923395821426,1.7226436933980915,1.7095349826918076,1.7405774282991675,1.754554722660254,1.7667638407565098
333,0.02616302417968481,0.0074907004745013986,2.2266626921482384,0.02591799420023323,0.00030693596456717466,1.7731141445227099,1.7456341112007234,1.736086347063594,1.7302571003209037,1.7263074006855212,1.7232521298296608,1.7101270578729044,1.7412627380497776,1.7552744943001177,1.7674966981916962
334,0.02381220978394984,0.007485606860860256,1.837381707970053,0.025661393291346007,0.00030372601615931996,1.773836634331655,1.7462872381457044,1.7367175433586979,1.7308753070790104,1.7269169568808793,1.723855015083187,1.7107423784474052,1.7419643661414002,1.7559975222856476,1.7682251771651647
335,0.024889615853474628,0.007480579690564909,2.0741459443233907,0.025268803386541895,0.00030052565823783094,1.7745520282048672,1.7469338904729048,1.7373430909322645,1.7314884959544021,1.7275219472820813,1.7244536961449497,1.7113404152376184,1.7426505273137418,1.7567133441066072,1.7689458991676272
336,0.023825732685936414,0.007475579636983953,2.087567400187254,0.024811228281013908,0.00029733504678363775,1.7752579160327813,1.7475720041545297,1.7379601568362375,1.7320932184589033,1.7281184923334612,1.7250439112122065,1.711933381835367,1.743353296157954,1.7574406895802814,1.7696693421155882
337,0.023965839385363924,0.007470735402262636,1.906255581881851,0.024966489394613364,0.00029415433730264136,1.7759579479328835,1.7482036854894585,1.7385709054343896,1.7326917081057536,1.7287088610275119,1.7256279965175159,1.7124985253040195,1.744005847709182,1.7581177574611644,1.770354817268417
338,0.025142596018658037,0.007465924717952223,2.057085511740297,0.025781628534947677,0.0002909836848181345,1.7766520919608524,1.7488297323513025,1.7391766086334637,1.7332855866591954,1.7292949148547083,1.726207955892566,1.7130398314509665,1.744662695788529,1.7588041914236847,1.7710430579497793
339,0.02037543872979177,0.007461126140845558,1.7664767429232597,0.02385790783605838,0.0002878232438632462,1.7773336534380118,1.7494436512384084,1.7397696057878282,1.7338661745829793,1.7298671732041035,1.7267735571276983,1.7136297665469877,1.7453588057076173,1.7594887613080443,1.7717193465723646
340,0.026275614093595346,0.007456262238121852,2.0593571248464286,0.0272137219850138,0.00028467316847340975,1.7780112467734792,1.7500540744150708,1.7403599475358609,1.7344447996179948,1.7304380755649618,1.727338297081216,1.7142638973701088,1.7461004321028561,1.760189596481665,1.772400835209747
341,0.02296037052199712,0.0074514766450198945,2.2981110718101263,0.02481019532907401,0.000281533612178856,1.7786810460136098,1.750656951618698,1.7409426541343727,1.7350156499974165,1.7310010250706755,1.7278949155137209,1.714883371188959,1.7468247579790492,1.760880155802568,1.7730739522854844
342,0.023153722657751855,0.007446818105355725,2.117936014663428,0.02392936909140677,0.00027840472799712883,1.7793414495094166,1.7512512957407504,1.7415170149309638,1.7355782891560243,1.7315558646152773,1.7284434917785676,1.7154684360318526,1.7475093434975486,1.7615495738291902,1.773729044185055
343,0.023555507961624002,0.007442299998717926,1.9696495421230793,0.02463429741167024,0.00027528666842562943,1.7799951729128622,1.7518394175173917,1.7420853025152385,1.7361348763901487,1.732104638036261,1.7289859958402274,1.716023452092863,1.7481467783525269,1.7621778883586436,1.7743555571108056
344,0.023102159491328742,0.007437834394620353,1.9710364947095513,0.02422255946741354,0.0002721795854341824,1.780639156278449,1.7524201886747262,1.7426463358027744,1.7366841754018676,1.732646021701003,1.7295210036259476,1.7165707056740973,1.7487811768253974,1.7628044840890746,1.7749784593040794
345,0.02392709160650034,0.007433420466037198,2.1476418650709093,0.024818260028296752,0.000269083630457629,1.7812757320154808,1.7529942527797533,1.7432010982147246,1.7372273775472893,1.7331813668849927,1.7300500050261387,1.7171014315509736,1.7494094190726712,1.763432625837488,1.77559856646399
346,0.027525090834194216,0.007428904313901336,2.0784085672348738,0.027355894445034605,0.00026599895438844743,1.7819071628322352,1.7535652143715543,1.7437539468436645,1.7377696481399019,1.7337166552985614,1.730581987554744,1.7176959876835427,1.750093906733879,1.7640844523154657,1.776230434606273
347,0.024807839276323514,0.007424440477082241,2.213345234747976,0.024712011762674266,0.0002629257075693975,1.7825301929630055,1.754129232127561,1.7443000607157266,1.7383053355812261,1.734245500881686,1.731107423978078,1.7182831235346114,1.7507685048898887,1.7647343585330257,1.7768601748240445
348,0.02303787914207342,0.007420039889610041,1.9624194214120507,0.023953448606686276,0.0002598640397861934,1.783143253753481,1.7546843764258169,1.7448375565854577,1.7388324510322621,1.7347657294827652,1.7316239483721187,1.7188561503725963,1.751442021747617,1.7653812410782492,1.7774842627345175
349,0.021930050132647837,0.007415678226248855,1.8381257648579776,0.023932035735894253,0.00025681410026020315,1.7837463740611679,1.755229137246296,1.7453644971630586,1.7393489291162672,1.7352752473509718,1.7321294725765874,1.7194308317368086,1.7521380906340682,1.7660297248735464,1.7781019890867464
350,0.021480764015757645,0.007411458920130649,2.0975837879814208,0.02340604300506564,0.00025377603764117673,1.7843408094909508,1.7557655180134109,1.7458826575453226,1.7398562112826659,1.735775178833044,1.7326249062179326,1.719975314558259,1.7527873665782883,1.7666435948533543,1.7786986791298618
351,0.02167676542219388,0.007407335678878471,2.147352147847414,0.023913264715043098,0.0002507500000000001,1.7849277321467218,1.7562937212879444,1.7463923518443785,1.7403548003106448,1.736266186557788,1.7331110285731697,1.720492617762899,1.7534135332198564,1.7672450102128658,1.7792849892197926
352,0.0245813749877183,0.007403287595951207,2.121398910880089,0.024885762271353726,0.00024773613482147877,1.7855092327870585,1.7568167610252572,1.7468971631490595,1.7408487774949102,1.7367528522352507,1.7335929104300536,1.7209948058643494,1.754012585154552,1.7678315828563829,1.7798600756426812
353,0.02466387071721677,0.007399288172140893,1.816629194188863,0.024994117172685563,0.0002447345889971496,1.7860842606010847,1.7573357488381525,1.7473986383050046,1.7413398233326862,1.7372368828723266,1.7340722559777246,1.7214734474306856,1.7545983218464418,1.7684185550923142,1.7804331222933096
354,0.02466614871334355,0.007395299522647843,1.9856465891934931,0.02581830378114584,0.00024174550881812156,1.786654755724625,1.7578500200941318,1.747895433399713,1.7418262820543955,1.7377164310235709,1.7345470844574935,1.7219547674968914,1.7552009606645047,1.7690066236052542,1.78100448362737
355,0.02497865347365312,0.007391303705503909,2.0896315360441804,0.02571075414795452,0.00023876903996794554,1.7872192498176775,1.758359145329033,1.748387347210507,1.7423080938444653,1.7381915116879896,1.73501751527975,1.7224725995470929,1.7558132690600599,1.7695948030120483,1.7815757628948454
356,0.023647586534768214,0.007387403279248899,2.192196398973465,0.02440842344926378,0.0002358053275155142,1.7877770077326514,1.7588613503444228,1.748872397617067,1.7427830840268153,1.7386597999291198,1.735481082344344,1.7229614949241883,1.7563955419441073,1.7701674497105426,1.7821377732435506
357,0.023503921237724084,0.007383586509343027,1.9976076311431825,0.02467073170198974,0.00023285451590799127,1.7883284219743687,1.7593578375073524,1.7493519141253635,1.7432525548656255,1.7391225147843885,1.7359389445884954,1.7234298248916493,1.7569497627155062,1.77072472503332,1.7826889875275596
358,0.024145711096252666,0.0073798176996734705,1.8413088768720627,0.02454270439321809,0.00022991674896377152,1.7888725645078563,1.7598475345162412,1.7498250273352611,1.7437159571785645,1.739579456616712,1.7363912365456158,1.7238928853200788,1.7574997242665304,1.7712758111823663,1.783234334122624
359,0.02452063226909504,0.007376042443383239,2.208731318358332,0.02533378540798088,0.0002269921698654712,1.789409744110071,1.7603315432521642,1.7502929838642063,1.7441745902529664,1.7400319349899485,1.73683922919675,1.7243807241465392,1.7580651971638777,1.7718321788903568,1.78378108521131
360,0.022646797888366876,0.00737238524682316,2.339592840988189,0.024259409482319628,0.00022408092115294966,1.7899404721279575,1.7608093088719654,1.7507545169970251,1.7446266174218301,1.7404776417146635,1.7372802363495852,1.7248411023446069,1.7585903654037867,1.772359141915791,1.784307123233364
361,0.024279934968418043,0.007368797492274474,2.343408560846001,0.024124391059158572,0.00022118314471636204,1.7904632946903172,1.7612808808339269,1.7512104879243022,1.7450735010861866,1.7409185193909007,1.7377166417081473,1.7252866271538116,1.7590946906342952,1.7728753734298834,1.7848240447120023
362,0.023190823117276868,0.007365277803752527,1.9760911911725998,0.024121990906953328,0.00021829898178924353,1.790978688146992,1.76174538368138,1.7516596360467058,1.7455137161786674,1.7413528822148676,1.7381466071991354,1.72570900518778,1.759581022779421,1.773389761464537,1.7853370168662486
363,0.024460815169697163,0.0073617511214504865,2.229963676072657,0.02572866726729622,0.00021542857294162645,1.7914888704089582,1.7622045286625756,1.7521037148747771,1.7459491447042812,1.7417826937693217,1.7385721406405088,1.7261394712113038,1.7600973659157435,1.7739118136736427,1.7858491199148963
364,0.023448854295487383,0.007358230319925243,1.9699981482699513,0.02513935168003612,0.0002125720580731883,1.7919921980260414,1.7626574714609677,1.7525416652096597,1.7463785260243683,1.7422064879815444,1.7389916630254225,1.7266154750358436,1.7606198714875674,1.7744245695490715,1.7863541548776987
365,0.021136671170084775,0.007354813623564745,2.1570457769557834,0.022806227469741952,0.000209729576406434,1.792485839328988,1.7631020489617004,1.7529708763649563,1.7467987234133309,1.7426206814717407,1.7394012113239232,1.7270650684775495,1.7611173753484375,1.77491941372603,1.7868465346564406
366,0.02367244744827853,0.00735147828710667,2.059074061922729,0.02482564793864173,0.00020690126647990973,1.7929742370258768,1.7635423297192152,1.7533961367027284,1.747215162203184,1.7430312259854657,1.7398071505293669,1.727490784597557,1.7615871107910062,1.775394524410817,1.7873265618493321
367,0.023109756762940872,0.0073481711106098595,1.7842809315770864,0.02483296311941061,0.00020408726614145118,1.793456344329857,1.7639769952633304,1.7538159374085103,1.7476261812863396,1.7434363582463355,1.7402076350332027,1.727905557493845,1.7620668582368526,1.7758736936767678,1.7878036115884994
368,0.021653151779960182,0.007344939463593467,2.145260947290808,0.023001710745620928,0.00020128771254146493,1.793929336426653,1.764403328772992,1.754227344164675,1.74802873545326,1.7438329607694427,1.7405995252390065,1.7283037973202453,1.7625361784814468,1.7763419250110595,1.788271514095715
369,0.02305751304674317,0.007341816703234376,2.1147284931503236,0.02341036486447232,0.0001985027421262438,1.7943949351944735,1.7648233666402338,1.7546329353010715,1.7484257222623272,1.7442241539404286,1.7409861287444688,1.7286815972352274,1.7629713415314057,1.776778669287188,1.788714870527618
370,0.026730234191080848,0.007338729489018811,2.0915852459147573,0.025322868313612967,0.00019573249063131685,1.7948558282484568,1.7652401801145976,1.7550362651205247,1.7488211953288009,1.7446144550821494,1.7413723863815491,1.7290477466447582,1.7633963566573898,1.777207683217255,1.7891553308998678
371,0.02505971660822524,0.007335595194524882,1.9817360281012952,0.026229031278544222,0.0001929770930748337,1.7953113933759852,1.7656523573088043,1.7554351708225944,1.7492124170524166,1.7450006694056288,1.7417547014284496,1.7294709208753285,1.7638462595522368,1.7776460656503752,1.7896019362196118
372,0.024473291561517917,0.007332546378465437,1.7600346929393709,0.024310940173125184,0.000190236683750984,1.7957606971469755,1.76605975614032,1.7558298131414998,1.7495997195851698,1.7453832497513813,1.7421336492116133,1.7298713743664351,1.764267809122538,1.778060733398963,1.7900349617679299
373,0.024196314022868398,0.00732956735414709,1.921724193263799,0.024574295785331556,0.00018751139622345198,1.7962044075603287,1.7664620372051032,1.7562194448525534,1.749982100180547,1.7457609933231713,1.7425078496835014,1.7302504839874833,1.7646697400685016,1.778463455932077,1.7904583123064712
374,0.02295713099100305,0.007326640816683423,2.1222384702414274,0.02451408025282038,0.00018480136331890698,1.7966421175754475,1.7668587839696834,1.7566033884719987,1.7503586079015674,1.7461326605039762,1.7428757630639067,1.7306126744548092,1.7650623854872618,1.7788629702214123,1.7908781194493024
375,0.022450654217146628,0.007323766508897355,2.0188578092493117,0.023728178487807235,0.00018210671712052948,1.7970724382545267,1.7672484374198065,1.7569802872414193,1.7507280918400911,1.746497302892341,1.743236674132341,1.7309682907201593,1.765448250582079,1.7792576184543514,1.7912911560970581
376,0.023323402578387137,0.007320966091986891,2.019477245863527,0.02451713807576881,0.0001794275889615736,1.7974975002529592,1.7676329197753688,1.7573519069780432,1.751092218482611,1.7468565174558683,1.7435920986173359,1.7313057152798341,1.7658117393151562,1.7796367849472385,1.7916931575025437
377,0.021009571427982668,0.007318204407838591,1.7251789257861674,0.023542296906415478,0.00017676410941896628,1.79791472790078,1.7680102319472917,1.75771622840679,1.7514488361957785,1.747207990838224,1.7439395602801067,1.7316413984472245,1.766179175479831,1.7800158320727222,1.7920898931179468
378,0.02172817054993083,0.007315514982226891,2.134841459803283,0.023362497294157042,0.0001741164083069423,1.7983247896466628,1.768380637548483,1.7580733997017708,1.7517980755592581,1.7475518923049547,1.7442792731325722,1.7319586599834529,1.7665286350745724,1.780386084594621,1.792479626885872
379,0.02581783627647448,0.007312866072739467,2.110594450030476,0.025424870932860385,0.0001714846146707192,1.7987307292234265,1.7687479319979227,1.7584280590840193,1.7521452154812467,1.747894017304136,1.7446174355102275,1.7322631186898545,1.7668611049143341,1.7807508793654911,1.792866413964414
380,0.02113972700057297,0.007310242788268996,1.9890787042677402,0.023423074965174723,0.00016886885678020532,1.7991286680426415,1.7691076738153733,1.7587751132603415,1.7524846087423451,1.7482282196192955,1.7449482004612678,1.7325864997498504,1.7672000707714641,1.7811118083732231,1.793247366323133
381,0.025122331176485553,0.0073076483243922396,2.2612717980518937,0.02506166172301314,0.0001662692621237505,1.7995216488994745,1.769463458542894,1.7591186554429112,1.7528208174032913,1.748559477865696,1.7452761078711139,1.7328983435667704,1.7675351219776974,1.7814735708737897,1.7936277444673825
382,0.021600181650517532,0.007305138780695621,1.8658408490009606,0.02315612953986236,0.00016368595740193014,1.7999076700589796,1.7698122440944224,1.7594552240252268,1.7531500057519898,1.7488836530656406,1.7455968012227803,1.7331933925197618,1.7678465238937418,1.781818421897591,1.7939931913243476
383,0.023318516387530106,0.007302679729120442,2.0115991048514843,0.02408715997782566,0.00016111906852137245,1.8002878112920373,1.7701558059412195,1.7597867761275188,1.753474327683946,1.7492030697199965,1.7459127739461469,1.733477832263024,1.76815002409508,1.782153564570252,1.7943504672727495
384,0.0230338696367525,0.00730028199164826,2.13226610282436,0.023873701519567553,0.00015856872058862015,1.8006619464674505,1.7704940835243308,1.7601130580610536,1.7537933522268272,1.7495171682581783,1.7462233603762345,1.7337488989815322,1.768437796505376,1.782477066392799,1.794698915666525
385,0.024745431460712914,0.007297864369882651,2.180201926268637,0.02582568938343131,0.00015603503790403295,1.8010316281521581,1.7708284398507987,1.7604358157668067,1.7541091566143667,1.7498282842689357,1.7465311054844284,1.7340363690678848,1.7687445635212955,1.7828133036502138,1.7950517414379124
386,0.021906928751888183,0.007295506233881999,2.2094800155609846,0.023022061657562962,0.000153518143955731,1.8013938622177574,1.7711558025410723,1.7607516253973878,1.754418041821092,1.7501325256519022,1.7468319854981702,1.7343118012511205,1.7690408908416033,1.7831418982905347,1.7953977991954788
387,0.021056414039538604,0.007293214972178134,1.7626801198348403,0.022813204575031353,0.0001510181614135739,1.8017486632745967,1.7714765016916774,1.7610609433137383,1.7547204292936034,1.7504302029594871,1.747126186116798,1.7345729192910093,1.7693217464860624,1.7834600503455436,1.7957348403253062
388,0.02569123391798693,0.007290956646414084,2.1363776959478855,0.025283187701549636,0.00014853521212318454,1.8020995785920255,1.771793883334434,1.7613673376345618,1.7550202711513876,1.7507256641299997,1.7474184285803211,1.7348240567532847,1.7695942419714583,1.7837736587354747,1.796068171712941
389,0.021399783976436052,0.007288706946456546,1.9151731049641967,0.02352652345144747,0.00014606941710000777,1.8024430701084286,1.7721043794682414,1.7616668529644746,1.755313139088729,1.751014039696779,1.7477042568561498,1.7350997350651824,1.769881131059724,1.784086317073583,1.7963977358957866
390,0.0218925661751773,0.00728650378698487,2.08622194128111,0.023070356918165176,0.00014362089652341484,1.802779704623005,1.772408220695165,1.7619597239474398,1.7555993687623843,1.7512957730721257,1.7479833369278905,1.7353679536020938,1.770163946148352,1.7843943141101826,1.7967224727754976
391,0.023394602142409425,0.007284327890395854,1.9817142677493393,0.024529411492040982,0.00014118976973084374,1.8031112379642855,1.7727080015170191,1.762248741914253,1.755881829174141,1.7515737797773872,1.7482585928788534,1.7356254369793267,1.7704473906252456,1.7847033793841325,1.7970455552295685
392,0.02291886654768469,0.007282215530575261,2.03411899600178,0.02410103466893021,0.00013877615521198512,1.8034378265702762,1.7730032855476436,1.7625334381023108,1.7561600459225977,1.7518475727035403,1.7485295473635165,1.7358702900571976,1.7707114703798839,1.7849951911432398,1.7973579783801246
393,0.023061844745624675,0.007280130297417897,1.916438328102231,0.024586871993413934,0.00013638017060300502,1.803759582615461,1.773294127495434,1.7628139376968068,1.7564342285110321,1.7521174506903636,1.7487966121185214,1.7361119567990573,1.770975531859736,1.7852850678230896,1.7976658365666938
394,0.022865581023500454,0.007278108131793922,2.0647729011252522,0.02427354292407529,0.00013400193268081322,1.8040767797691282,1.7735803065087083,1.7630898231023193,1.7567038644894517,1.7523828284843326,1.749059149027078,1.736342084963117,1.7712235263547165,1.7855575328336981,1.7979601058101964
395,0.02447508199862446,0.007276137964122153,2.0994273559190333,0.025062529168436893,0.00013164155735737116,1.8043902169872108,1.7738629409252096,1.7633623405633063,1.7569702681733317,1.752645086217854,1.7493186251164698,1.736565101075883,1.771458414239382,1.7858123198845222,1.7982414417786718
396,0.023718762765300556,0.007274194632004551,2.0256538637913764,0.024809398110443397,0.00012929915967404152,1.8046989400067275,1.7741412073278109,1.763630742651031,1.7572327239140342,1.752903529867129,1.7495743356269677,1.7367835362955863,1.7716908976655332,1.7860664112614864,1.7985203466041777
397,0.02373810162158904,0.007272297720280633,1.981317033059895,0.024935965108278935,0.0001269748537959834,1.805003499754961,1.7744151973557811,1.7638952276453257,1.7574915228992156,1.7531585122936069,1.7498266896594847,1.736993081303626,1.7719112756188207,1.7863104925442186,1.798790209939124
398,0.025524782863124817,0.007270378902689278,2.185715202242136,0.026105246208402995,0.0001246687530065856,1.805303487953927,1.7746857668397664,1.7641568499252185,1.757747832200265,1.7534112954956729,1.7500770425566923,1.7372256833160489,1.7721483810153509,1.7865634466063225,1.799062850969976
399,0.024696371734096695,0.007268468805946205,1.9471783959306777,0.025832574454402697,0.00012238096970194773,1.805599240351398,1.7749527601093198,1.7644151614728687,1.7580010011445428,1.7536610589565995,1.750324427776855,1.737457600353159,1.7723908383959686,1.7868218681104466,1.7993361054683608
400,0.024213049728589023,0.0072665675954655656,2.2141290032304823,0.025259471401613134,0.00012011161538540008,1.8058898130891667,1.7752151957328832,1.764669142716457,1.7582499772774351,1.7539067247471638,1.7505677336994743,1.7376932870236719,1.7726462181138065,1.787082633043471,1.7996074466145193
401,0.02413138881275607,0.007264666686627689,1.8282432109117508,0.02532642421163764,0.00011786080066207054,1.806174846128474,1.7754729464922818,1.7649188008695162,1.7584948306379526,1.754148413497535,1.7508082670358005,1.7379495573853447,1.772908518384002,1.787345272621301,1.7998777528504057
402,0.024366574350990298,0.007262810303225592,1.9668995197862387,0.025442223841340865,0.00011562863523349333,1.8064557018088956,1.7757267045346241,1.7651646964714534,1.758736083077182,1.7543866120254858,1.751045229713799,1.7381911895134359,1.7731590025519688,1.7876015914516574,1.8001430908978673
403,0.023765148791325765,0.0072609948400574,2.199961586855352,0.02440477395375219,0.00011341522789226232,1.8067308582333181,1.775975544251025,1.765405904364928,1.7589728075003035,1.75462039243083,1.7512777143070701,1.7384235352780804,1.7734029060587324,1.7878523726885234,1.8004038745514321
404,0.021259140515161604,0.007259214682104423,2.028002676088363,0.02331827879180854,0.00011122068651672874,1.8069991291207315,1.7762178540358509,1.7656405521619738,1.7592029087243244,1.7548474769826792,1.7515033010714622,1.7386528648765647,1.7736490826529612,1.788101832630622,1.8006608494034397
405,0.025039253022179984,0.007257480654873849,2.015697843860835,0.025309221739283436,0.00010904511806574296,1.8072634226201305,1.7764560956386202,1.765871228116212,1.7594291720238417,1.755070872807139,1.7517252414273263,1.7388695564540007,1.7738820255031884,1.7883426624880834,1.8009126737337375
406,0.023850373433866943,0.007255768256032287,2.1005058591254056,0.02472252369570533,0.00010688862857344241,1.807522223916232,1.7766898626571241,1.7660976399018322,1.7596512426240625,1.755290098691925,1.7519429242985782,1.7390878702447987,1.7741143701476134,1.7885835465983393,1.8011627109851356
407,0.022573982764781016,0.00725410513985922,2.0426616240292788,0.02380952074675164,0.00010475132314408231,1.8077753057107422,1.7769183163928846,1.7663187828281497,1.7598680397427586,1.7555040231305854,1.7521551749287516,1.739294860397739,1.7743351214379668,1.7888183377594433,1.8014073830219992
408,0.022947021963167544,0.0072524687951246725,1.9231435898691416,0.024327011680451118,0.00010263330594691398,1.8080228897242017,1.7771419145329057,1.766535212085873,1.7600801904369245,1.75571331743042,1.7523627282451866,1.7394981310339466,1.7745569001086134,1.7890531716841231,1.8016488713335874
409,0.02312134435761699,0.007250898141055187,2.012657039333135,0.023484107487681,0.00010053468021110769,1.8082648823441339,1.7773606311220373,1.7667469815099335,1.7602877987908019,1.755918146578405,1.7525658207093342,1.7396898789864759,1.7747622710293924,1.789269835347631,1.8018746673328174
410,0.024457442007040905,0.007249327786472503,2.056038909126073,0.025147413118230898,9.845554822072093e-05,1.8085016972226098,1.7775753387921718,1.7669549309853412,1.7604916780066018,1.7561193071817938,1.7527652311285946,1.7398905570830037,1.77497936238935,1.7894911135563938,1.8021017432797777
411,0.01978327347104071,0.007247808503658132,1.9202781459316611,0.022822298225044103,9.63960113097138e-05,1.8087325258842617,1.7777838033025055,1.76715635273006,1.7606887918509575,1.7563135006569415,1.7529574475951328,1.7400811769125146,1.7751885706545194,1.7897069153558258,1.8023227891709548
412,0.025189006914767116,0.007246286425431421,2.0754280812107027,0.02598776569010911,9.435616985700985e-05,1.8089593226150282,1.7779887422925706,1.767354553517171,1.7608828976439186,1.756504861982656,1.7531469314023602,1.7402834767923976,1.7754074720635011,1.7899262843415311,1.8025446271594936
413,0.024205519726971873,0.0072447748699983805,2.0400089640170336,0.025869826782611453,9.233612328160331e-05,1.8091822661038708,1.7781899722471464,1.7675492512607258,1.7610736119215071,1.7566928986111994,1.753333079957066,1.7404887144187806,1.775629407695705,1.79014846572346,1.8027662202727388
414,0.023475927087171913,0.007243312346078783,1.8631725697778165,0.024255814435908105,9.033597003771483e-05,1.8094004172132578,1.7783868842061192,1.767739840085842,1.7612603805433467,1.756877115580591,1.7535154752086275,1.7406809537260848,1.7758367449755472,1.7903616916762,1.8029819547516313
415,0.02428761264802863,0.0072418711166373035,1.992763000074774,0.025357371774075495,8.835580760999162e-05,1.8096142391896624,1.7785804570499368,1.767927294396784,1.761444124649768,1.75705838213313,1.7536949553973187,1.7408724003328824,1.7760422459343748,1.7905724121315467,1.8031945513714285
416,0.024110117812745538,0.007240457194110388,1.86861892323941,0.02474367981010376,8.639573250875671e-05,1.8098232794022948,1.7787700759113052,1.7681110178424302,1.7616243030841299,1.7572362076090666,1.7538710690718569,1.7410601261871885,1.776244921832684,1.7907802005715037,1.8034031402291895
417,0.022398990204968182,0.007239094536394877,1.9244826547801495,0.023455293887779338,8.445584026530534e-05,1.8100269941654352,1.7789548557661785,1.7682900149131662,1.7617998068203036,1.7574093778617341,1.7540425133643507,1.741235533333422,1.7764356205842213,1.7909782877316105,1.803604406224316
418,0.022658179316634063,0.007237774095437558,2.2179407412186265,0.024000610146684975,8.253622542724867e-05,1.8102260002621093,1.7791350195286912,1.7684644239484615,1.7619707237300368,1.7575779446572521,1.7542093194632589,1.7414014877751078,1.7766170514596913,1.791170183253505,1.8038007878630222
419,0.0225140494456566,0.007236471739419024,2.109552624169737,0.024632556237832007,8.063698155390572e-05,1.8104203245548296,1.7793109566652971,1.7686346408667064,1.7621374479242213,1.757742295417493,1.7543718655557858,1.7415753989666767,1.7768003364134126,1.791358712097717,1.803993254975048
420,0.022945633021202574,0.007235195528786618,2.136797027196735,0.024088845899224512,7.875820121174347e-05,1.8106096492239407,1.779482755000466,1.768800857794426,1.7623002484340597,1.7579027638757971,1.7545305516162446,1.7417488191978407,1.7769819878869018,1.7915435608717545,1.8041816250126532
421,0.024679663419284223,0.007233956390191389,1.9909836300648749,0.025062522974336438,7.689997596986535e-05,1.8107952134418743,1.7796512468742278,1.7689639323427815,1.762460068497386,1.7580603983464171,1.754686529572934,1.7419129361826537,1.7771533657051566,1.791721871872991,1.8043639803435982
422,0.023265893713434106,0.007232758567918717,2.045661499258131,0.023755545194719462,7.506239639554769e-05,1.810976084902886,1.7798153182695575,1.769122717627544,1.7626157236076532,1.7582139720545917,1.7548385311584176,1.7420692729107725,1.7773156058689166,1.7918922109230868,1.80454034916295
423,0.024465439006291795,0.007231601843619272,2.9010704830288887,0.024568773785399317,7.324555204982707e-05,1.8111529790410024,1.7799757368450688,1.769278021678887,1.76276801669576,1.758364272665244,1.7549873244175047,1.7422160950376653,1.7774653679465138,1.792054485504951,1.8047111690980109
424,0.025064642723324523,0.007230468119243183,2.258499317802489,0.025209070759130037,7.144953148313311e-05,1.8113260393660588,1.7801327915116312,1.769430147066806,1.762917289981017,1.758511686382723,1.755133331547038,1.7423558607714034,1.7776131414493432,1.7922161749371317,1.8048798851343328
425,0.022600063488684805,0.0072293683911014706,2.4413234260864556,0.023457028291248756,6.96744222309749e-05,1.811494168485696,1.7802854433401116,1.7695779818171415,1.7630623372713001,1.7586549196942645,1.7552751861754434,1.7424899062392418,1.7777570565969851,1.7923725552218206,1.8050436252434987
426,0.024088287274529517,0.007228293032177819,2.7229118808172643,0.024676912548933515,6.792031080967287e-05,1.8116582307437514,1.7804345273295585,1.7697223035818908,1.7632039099750816,1.7587947039602139,1.7554136058444016,1.742620602347687,1.7778982794370364,1.7925266070280679,1.8052045465748658
427,0.022397283677085433,0.007227240760786796,2.211937233339995,0.023643057233077087,6.61872827121431e-05,1.8118175523282305,1.7805790398509267,1.7698621407416733,1.7633410754197174,1.7589301429640933,1.7555477308740042,1.7427538452971094,1.778039953648572,1.792677725251827,1.805361728169547
428,0.020896902217062654,0.007226216815040976,2.1536333495751023,0.02379880772176288,6.447542240373014e-05,1.811972588741609,1.7807191958137476,1.769997497719508,1.7634736705075713,1.7590609333545881,1.7556771316874182,1.7428827172486472,1.7781815759246384,1.792826504444161,1.8055145860112005
429,0.0239415184754423,0.007225201725938943,2.5514102862216532,0.02506539049574185,6.278481331809014e-05,1.8121236452684872,1.7808557242235519,1.7701294525893245,1.763602989761892,1.7591885298206762,1.7558037155998312,1.7430222072133372,1.77832629485983,1.7929737226223361,1.8056649597718215
430,0.021862213627556668,0.007224202619877453,2.0188031722791493,0.024003907495727124,6.111553785312513e-05,1.8122701613804109,1.7809881418942397,1.7702574465848968,1.7637284139679918,1.7593122610430472,1.7559263846405087,1.7431658918063693,1.778476529465694,1.7931188208082725,1.80581146992798
431,0.023090226809760393,0.007223227656047181,2.50541362632066,0.02481820852767898,5.946767736696597e-05,1.8124129964713271,1.781117486847215,1.770382459628392,1.7638508693064276,1.7594330049803435,1.7560459989895831,1.7433065223748838,1.7786223101182141,1.7932606068659247,1.8059548710491735
432,0.023908283888466872,0.00722229119342194,2.4333382062613964,0.02410926482048878,5.7841312174008354e-05,1.8125520927730023,1.7812433205914298,1.7705042043800527,1.7639702529336105,1.7595508396465998,1.7561628162664793,1.7434371831331164,1.7787586547070118,1.793394837814424,1.8060913304051234
433,0.02111965257909882,0.007221391122311575,2.2381484140641987,0.023127447967001082,5.6236521540996894e-05,1.8126868797418765,1.7813652053596578,1.7706220440996332,1.7640857270760608,1.759664744167336,1.7562756523661016,1.743559101563177,1.7788880615538556,1.793523772456067,1.8062228413459827
434,0.023439705724293103,0.007220522425519627,2.4548842213116586,0.023963811349365472,5.465338368316338e-05,1.8128178115214482,1.7814839237854299,1.770736851874455,1.7641982280573263,1.7597757064605828,1.7563855438775984,1.743672663755778,1.7790103237212502,1.7936482538542793,1.8063501745598325
435,0.022930378688336008,0.0072196781802773636,2.257170914672315,0.02409366868894834,5.309197576041336e-05,1.8129449829449105,1.781599277592178,1.770848390928141,1.7643075208947188,1.7598835024831878,1.756492278747991,1.7437817636804376,1.7791293360976528,1.7937701459419209,1.8064746049435165
436,0.021214033081514806,0.007218858951018132,2.3335979292169213,0.023521698611053958,5.155237387356607e-05,1.8130682336962247,1.781710780125593,1.7709560953714267,1.7644129813948501,1.7599874630020884,1.7565951556444463,1.7438868830657857,1.7792465378421745,1.7938902049231704,1.8065959947919599
