iteration,training_loss,validation_loss,iter_time,raw_grad_norm,lr,tau_0,sigma_0,theta_0,tau_1,sigma_1,theta_1,tau_2,sigma_2,theta_2,tau_3,sigma_3,theta_3
0,90.9379195300317,39.83755744419155,36.26731696818024,,,0.10126272219280587,0.10126272219280587,1.0,0.10126272219280587,0.10126272219280587,1.0,0.10126272219280587,0.10126272219280587,1.0,0.10126272219280587,0.10126272219280587,1.0
1,79.14476574027597,39.83712797493053,4.323432439006865,120.08287953892723,9.999999999992654e-07,0.10126208560476202,0.10126335878291048,0.9999979995204276,0.10126335878258082,0.10126335878290475,0.9999979995204835,0.10126335878284377,0.10126335878288663,0.999997999520621,0.1012633587828423,0.10126335878274839,0.9999979995210702
2,82.3170938862722,39.75131391339983,4.67445751093328,119.32051336974362,0.0002009799999999999,0.10114429895437158,0.10139130276179843,0.9995961013134993,0.10137924114075267,0.10139129234053161,0.9995961315861985,0.10139075796053727,0.1013912810341511,0.9995961634373339,0.10139136643480649,0.10139126570123776,0.9995961967864323
3,83.83356549148372,39.582195514207015,0.30301020201295614,117.70067341584782,0.0004009599999999988,0.10095885620801756,0.10164673545664599,0.9987947649270813,0.10161426895459623,0.10164666339117409,0.9987948694278868,0.10164534826454297,0.10164658195960385,0.998795050607728,0.10164754030561207,0.10164642421920707,0.9987952478505079
4,81.6555441345844,39.32759964026383,0.2981856968253851,121.29445662827885,0.0006009399999999995,0.10064696675601376,0.10203026194547765,0.9975942131578833,0.10196085134808444,0.10203010362306593,0.9975940561573794,0.10202507591567098,0.10202992014100626,0.9975943317139012,0.1020303577758499,0.10202942655465157,0.9975946574006632
5,83.0185934572745,38.98942705606012,0.30389521084725857,118.1233502395335,0.0008009199999999984,0.10026424127769276,0.10254250452687141,0.995995708228045,0.10244153612550895,0.10254209041727995,0.9959946151982239,0.10253641164383843,0.10254158874860206,0.9959950838534845,0.1025440872657576,0.10253991165979742,0.9959957053676972
6,83.7035092412726,38.56765896279492,0.30081675900146365,119.95711131539575,0.001000899999999999,0.09980434607793794,0.10318448137286695,0.9940004762237659,0.1030577692017959,0.10318352472601695,0.9939969157251114,0.10318045918002848,0.10318234225860841,0.9939976430304525,0.10318970800371209,0.10317789468698961,0.9939987460953242
7,80.9570555929924,38.061023857095336,0.3007499158848077,125.58123030563017,0.0012008799999999997,0.09918945194236001,0.10395765584473143,0.9916095575382663,0.10372954569434212,0.10395586838152533,0.9916002155844076,0.10393658499403963,0.10395360316912927,0.9916007098854979,0.10395622594723788,0.10394382579336088,0.9916019745353138
8,82.64325098073498,37.47651331582905,0.2947167279198766,115.6408775135579,0.0014008600000000003,0.09862159876147494,0.10486288232280958,0.9888270528065959,0.10455464452960278,0.10485930878842166,0.9888075967745107,0.10483644352759952,0.10485467451616157,0.9888081813247873,0.10486371816090878,0.10483362288833144,0.9888103216373083
9,80.44887641175026,36.8067108276677,0.30234599695540965,123.89988896288354,0.0016008399999999992,0.09788534921397349,0.10590274637037513,0.9856530789849071,0.10545196910265871,0.10589648577580822,0.9856161660771263,0.1058539832634217,0.10588821871205562,0.9856161651561772,0.10589657600463549,0.10584846674184478,0.9856190079796868
10,79.98943363785315,36.053236203045714,0.2964599570259452,131.8819858978287,0.0018008199999999981,0.09696982130891732,0.10707912810382582,0.9820913513999863,0.1062884960799589,0.10706904422463054,0.9820260769402113,0.106956522223994,0.10705545374242231,0.9820240575530051,0.10703894144599722,0.10698592540395185,0.9820269432251925
11,78.29431071193895,35.2175030483996,0.30008770897984505,136.58750149499775,0.0020007999999999988,0.09588537431234972,0.10839391086474928,0.9781471894970016,0.10693011995218453,0.10837852700793407,0.9780385462622644,0.10810965021821252,0.10835723424033776,0.978032123318807,0.10827567124243194,0.10824164076851016,0.9780340301012379
12,82.0072676271283,34.29603501587973,0.2947315080091357,125.083182155862,0.0022007799999999994,0.09471942414983003,0.1098502001174998,0.9738235005087661,0.1077203773582563,0.1098268400814246,0.9736544576196863,0.10941660922596806,0.10979350506408994,0.973641992756658,0.1096628879286756,0.109606487429892,0.9736438471922112
13,79.95481677970193,33.28823039855189,0.2981302160769701,125.36021951595495,0.002400759999999999,0.09344352497278467,0.11145097540721324,0.9691252671135381,0.10861683396955427,0.11141642234439185,0.9688735403215429,0.11086780496224691,0.11136531372377577,0.9688518115379506,0.11119686529480101,0.11107071904524052,0.9688542024363518
14,80.44425038311158,32.19701971844986,0.2985111440066248,123.773716293538,0.00260074,0.09211122773853055,0.113199012154882,0.9640598513340763,0.10969766183876975,0.11314901889145233,0.9636979434321641,0.11248778709441992,0.11307237191543916,0.9636631447342423,0.11289338678743792,0.11262057175401058,0.9636676096487384
15,79.24282435133233,31.019850944391376,0.2969641659874469,127.85081993861964,0.0028007199999999996,0.09065720822604413,0.11509810933029176,0.9586330194248397,0.11086752738651477,0.11502771275311524,0.9581257592026473,0.11425220817375994,0.11491582990842387,0.9580720669927489,0.11474060745399006,0.11423901329504178,0.9580796517711923
16,78.69172126150823,29.752768584217634,0.28817783296108246,136.7166403271007,0.0030007000000000002,0.08902641127867864,0.11715180521302414,0.9528532595563307,0.11192715483961223,0.11705534472235647,0.9521563426948374,0.1161085881123051,0.11689640195097237,0.9520754200715628,0.11671303523310392,0.11590428634053417,0.9520865398755315
17,75.77458837272965,28.391827552157952,0.3033335800282657,136.77766948253196,0.00320068,0.0872193724615121,0.11936376574605025,0.9467307128309894,0.11278275953222378,0.119234553315576,0.9457907432137816,0.11803541781078232,0.11901375535053421,0.9456719445839545,0.1188033627976117,0.1175875079784997,0.9456874368760195
18,76.92123078572048,26.933196489272706,0.29951519798487425,138.2943511298842,0.0034006600000000007,0.08525953157601113,0.12173840755538641,0.940275494988275,0.11349414940406254,0.1215684618501206,0.9390304188771611,0.12005868062711252,0.12126708924726577,0.9388607815685073,0.12102947764215492,0.11925269834155863,0.9388831037095259
19,76.83202171263127,25.376522085643558,0.2978508290834725,134.9949972723792,0.0036006399999999996,0.08319297345573728,0.12428037652949724,0.9334990600267438,0.11422241500516359,0.12406020223882133,0.9318782420395438,0.12223590634790292,0.12365465653220016,0.9316423833714741,0.12342561724071434,0.1208564166263254,0.9316768147073169
20,72.86611963954996,23.709380008626983,0.29801957309246063,141.90802067207352,0.0038006199999999993,0.08096630678284664,0.12699339271421453,0.9264176610359025,0.11461960952689094,0.12671321133150767,0.9243376355442691,0.12446075593599687,0.1261757887801353,0.9240139071733516,0.12594274779973239,0.1223492248310852,0.9240656241734118
21,70.64069919400612,21.923502160948022,0.2917936679441482,144.01303667087527,0.0040006,0.07858509053071071,0.12988176991291728,0.9190478239346052,0.11460313148050555,0.12953116461851227,0.9164140029680267,0.1267008531353063,0.12882857844460077,0.9159748077743733,0.1285725020011857,0.12367473708262272,0.9160513724141085
22,72.66250053745053,20.02698881206866,0.2955261408351362,138.93520541732377,0.004200579999999999,0.0761171966985709,0.13295204315553133,0.9114021901308034,0.11451857833569998,0.13251902223817638,0.9081122945708986,0.12909872677216155,0.1316098445447348,0.907526250063639,0.13139362137578856,0.1247715332697214,0.9076427341165514
23,69.63742418419024,18.19325451485972,0.2944328689482063,150.07296928818192,0.0044005599999999995,0.07351166413592819,0.13620794927237465,0.9035027504769426,0.11400068817102904,0.1356803299031614,0.8994439117971019,0.13150925261256127,0.13451491089558124,0.8986737655869717,0.13433930591838128,0.1255799343427259,0.8988417046681363
24,69.5293407853511,17.222163845957944,0.2936777661088854,119.6688833690613,0.004600539999999999,0.07100430743931936,0.1396578270148622,0.8953600979425815,0.11414784326338782,0.13900149175273835,0.8904627664641728,0.1343413474885443,0.1374820855705734,0.8895806556635034,0.1374937045001023,0.12597013804914728,0.8895231303356781
25,68.73940553140014,16.095933357676966,0.29897519503720105,106.06224914812425,0.00480052,0.06955847734918921,0.1432320637317624,0.8871567605601302,0.11568989359507792,0.14236768145046194,0.8814907313017468,0.13761404871656033,0.14034347821025184,0.8809363957472715,0.14095859361432303,0.12586724153710252,0.879685240816673
26,69.2555919828077,14.684277854595889,0.296445355983451,108.85860983933985,0.0050005,0.06884110583253052,0.14694760989136402,0.8788729941982082,0.11800099719366812,0.14578751580329133,0.8724956643567686,0.14135189603859089,0.14309381160778092,0.8727532156054499,0.14469856805081407,0.12518835994177224,0.8693083908323667
27,68.18248953672462,12.998279274753479,0.30182183207944036,110.23150713256462,0.0052004799999999995,0.06871164137739506,0.15081247828479016,0.8705017949047609,0.12092226954186026,0.14926338972473477,0.8634547091681398,0.14554170856570323,0.14573135531683384,0.8650243300201966,0.1487186023828009,0.1238903558390179,0.8584204285478447
28,63.893744960307345,11.055196765288532,0.297418172005564,105.8824314537659,0.00540046,0.06898857473243762,0.15485455370124485,0.861991694289478,0.12435333498809469,0.15281252197464834,0.8542975263814362,0.1501659551494812,0.14825721789159435,0.8577297964656931,0.15295498056750942,0.1219075407694201,0.8469865557885373
29,61.689440353106036,8.865379301600175,0.29068979900330305,105.99753212012529,0.00560044,0.06954836115097632,0.15909619863258145,0.853299953564567,0.1282301806986719,0.1564474232800588,0.8449634925664554,0.1552078554624077,0.150673482785236,0.8508478324330133,0.15735960633583357,0.11926024302510072,0.8350078813647217
30,64.99683651774642,6.62367123357156,0.2913762480020523,115.73102404157252,0.00580042,0.07056843206393727,0.16349582024846393,0.8445056766487143,0.13260083981963153,0.16012797828596256,0.8355321488911329,0.16068755969542556,0.1529790365713327,0.8443466966448689,0.16213092081963368,0.11608889635472747,0.8226677615759415
31,63.51408693112019,5.751327843593521,0.31340445415116847,93.43334422771866,0.0060003999999999995,0.07209728867304857,0.16806256373247425,0.8355823389372096,0.1374702872712129,0.1638128394832597,0.8260911059746837,0.1665760837326514,0.15517686508001988,0.8381618627974537,0.16673667738424344,0.11238296789511855,0.809842036378732
32,57.41174703745076,5.143145396743182,0.30418618000112474,85.13943895704018,0.00620038,0.07420622140792724,0.17273856747357752,0.8266305974202118,0.14285901790912547,0.16737071456062158,0.8170703409266644,0.172865122653882,0.1572674498004156,0.8321283333260402,0.17118721825759173,0.1082473566621871,0.796534296420911
33,60.52796024721087,5.362979550306965,0.30310160596854985,69.47198555204614,0.00640036,0.07689111223151657,0.1775694697005425,0.8175437450755412,0.14876585712515825,0.1707953961842741,0.8084779440384017,0.17919935933878778,0.1592159851837322,0.8240943541440799,0.17548542500602032,0.10376080509670409,0.7827589056519287
34,63.05056822659613,5.8676775823383815,0.3060167981311679,65.94216318970396,0.00660034,0.08010235617657444,0.1825834472975374,0.8082491383083608,0.1551764971368439,0.17411238706716403,0.8002003275498131,0.18511829768110885,0.16087312399332657,0.8138728498040674,0.17962976722767773,0.09904707975521948,0.7686980294701803
35,59.739333456363084,6.487025294872783,0.3000097598414868,62.36027653738281,0.00680032,0.08371086192467853,0.18784188392414525,0.7985948189884027,0.16203829858967728,0.17736914426865816,0.7919899120575605,0.1902687187636295,0.16202613711630465,0.8018565073724011,0.18362321228312722,0.0942000067905593,0.7544800836987167
36,57.737033481845515,7.058096851765711,0.29887219215743244,92.21144858876337,0.007000299999999999,0.08675725534764836,0.19346779924422372,0.7882773164285302,0.16858268679337504,0.1808110911944898,0.7826020103317911,0.19463792273117939,0.16266881139505196,0.7886082075994336,0.18745118626898957,0.0894379626878527,0.7405383692312827
37,55.79954292731816,7.389303394693224,0.30251197912730277,111.56344176044585,0.00720028,0.08896071605973535,0.19944943281498267,0.7773096725800912,0.1745019988945753,0.18444990996925476,0.7719444143356952,0.19833993916611217,0.16280371910619984,0.7745151089172104,0.1911069194135981,0.0848751605658927,0.7270980688388632
38,55.60467769941053,7.586222629212248,0.298924271017313,96.0639858580972,0.0074002600000000005,0.09048627406034368,0.20579727491295677,0.765684001527132,0.17999013585776952,0.18822656523407966,0.7602611610347396,0.2012142943104495,0.16225148818818955,0.7594546991484221,0.19460449108390818,0.08052757081704004,0.714138014533629
39,56.511749950870424,7.738448181104232,0.29763788101263344,66.64438684243886,0.007600239999999999,0.09225052207864051,0.21243719833853028,0.7535986111263354,0.186001539823987,0.19192663864738277,0.7487015174061116,0.20301671695768303,0.16066408748281655,0.7432711528834198,0.1979716595935888,0.07639074847925571,0.7015532010114791
40,53.992966345819504,7.841245059932134,0.30112448893487453,63.623663155248686,0.00780022,0.09444466227750876,0.21933233368686456,0.7411386866862483,0.19268734532527815,0.1955085795019778,0.7374776905529659,0.203979821477036,0.15810901216330225,0.726168452699275,0.20120757773498316,0.07252210745508524,0.689463310704764
41,52.410898287082446,7.842777675557777,0.3044583429582417,65.35090330403035,0.0080002,0.09679615765004472,0.22652545309508662,0.7282216595392212,0.19987843067918495,0.19898410569240166,0.7264635138768885,0.2039251438563305,0.15461205959141933,0.7082639087055755,0.2043240530394981,0.06899046529418998,0.6779439590028085
42,53.10131869425254,7.821400556075983,0.3021451570093632,66.35872889931572,0.00820018,0.09952100049910872,0.23400062683983636,0.7148780432855621,0.20774536594907897,0.2023415808380308,0.7156306076486805,0.20329089691135643,0.15033976455840614,0.6897930263716857,0.2073153870359275,0.06582201298319226,0.6670907116510137
43,51.27864396580756,7.771298622856246,0.2861667319666594,67.55715502723689,0.00840016,0.1023261165946628,0.24181633211466114,0.7009909776423286,0.21612286568782707,0.20559631895959046,0.7047142376514967,0.20198851215790148,0.1453450742131048,0.6708451859255875,0.21019068627349632,0.06306427016825962,0.6569631563122417
44,51.94953735077593,7.332144547789058,0.29765545204281807,84.37015760849982,0.00860014,0.10449891365228894,0.25010063337043037,0.686303244073404,0.22440875802039517,0.20884795633862377,0.6922241615318979,0.20061434489666563,0.13996748876209011,0.6519389160121872,0.21293112378969256,0.06067391798460494,0.6476085991225683
45,49.91142185667947,6.268653384538408,0.30541294417344034,94.76357301929359,0.00880012,0.10581914082178176,0.2588621291775543,0.6708532255964397,0.23244047068839235,0.21206814409494631,0.6781608246610554,0.199395329223737,0.13435264265708854,0.6332839259602219,0.2155363644735096,0.058625099904083114,0.6390085373251521
46,45.68842314364811,5.270856208544124,0.3071354329586029,90.61917723140465,0.0090001,0.10636848513959746,0.26809953766120187,0.6547252137228432,0.24048359507974448,0.21519501990712042,0.6630287046036037,0.19833895011950178,0.12850803586910334,0.6147840826878899,0.2180242681075367,0.056931431890755856,0.6311207580555892
47,45.25895830813753,4.360257261093974,0.3043038898613304,75.63552320536677,0.009200080000000001,0.10704049717961149,0.27770871338021974,0.6381936389420193,0.24942100349076451,0.21816361379749338,0.6480262004186967,0.19744543027654912,0.12245285272958355,0.5963827614326211,0.22040874570530575,0.055590641556129416,0.6239020105527336
48,48.81181012726917,4.080412884533068,0.3039912790991366,74.70526411503971,0.00940006,0.10828446394993428,0.28761163379470567,0.6214448950676698,0.25943075745739413,0.2209561155857093,0.6334203240130125,0.19668629813420502,0.11637033045139093,0.5783558853152629,0.22268698245122232,0.05453276942920736,0.6172908389255842
49,44.18575934132257,4.1803175740709,0.3013067450374365,40.53632494963922,0.00960004,0.11093739321185021,0.2970285300538893,0.60609617207517,0.26652829622983987,0.22350157647483412,0.6168179053746855,0.19612075104046905,0.10993016149133943,0.5599662958886789,0.2249121429957157,0.05391934590733439,0.6112992108025092
50,46.93771696646149,4.017784575180059,0.29741522390395403,57.83545946053855,0.00980002,0.11422210622517928,0.30596570203268114,0.5920276347047849,0.27031643745018685,0.22572043689226848,0.5982274379473633,0.19567512772489176,0.1035487983930112,0.5419642326793858,0.22704828497611257,0.05357432449156928,0.6058365599704897
51,45.25882364781239,3.5061319492710434,0.2983311200514436,68.5511421067619,0.01,0.11771784864812287,0.31443725212106094,0.5791300927852981,0.27109421185111915,0.2276027902164473,0.5781367302955379,0.19533016124508223,0.09735395465891168,0.5245550932944227,0.22909192165999487,0.053450155881607474,0.6008539350621895
52,44.92128481790053,2.7512861452607016,0.2965222040656954,61.72796024382461,0.009999878165711622,0.12152552417259374,0.3222978217866077,0.56753485723385,0.26937457434720624,0.22913490202705494,0.5572912961211487,0.1950779761736154,0.09147716076950761,0.5080776055350922,0.23100774877792773,0.05352143903582358,0.5964020327687398
53,43.412479313351774,1.930956814181431,0.2985150101594627,55.70172929945447,0.009999512668784518,0.12570789919603043,0.329582839337534,0.5571030627427557,0.2656289142538126,0.23039257285797068,0.5359763918406547,0.19491905600416243,0.08586936990840172,0.492380527156386,0.23281252079545908,0.05379213621896659,0.5924364023070389
54,43.046953165093356,1.4262993639871562,0.29778357897885144,32.609311576043325,0.00999890352703249,0.1315085354407036,0.3363259133025216,0.5477119073232983,0.26101924910284435,0.2314641079663799,0.514338650356142,0.19487661206771764,0.0803326494351256,0.4770076567330964,0.23454605721912922,0.054343959904626114,0.5889443057111364
55,42.756820849781064,1.1788804285190835,0.300794969080016,55.47967565813441,0.009998050770144252,0.1387468531694237,0.3425244500558477,0.539252600497,0.25858360204033287,0.23243991616222998,0.4946545873276478,0.19489342790356934,0.07514285826173112,0.4625336974590691,0.23617470467788793,0.05501361363131723,0.5858360854657869
56,41.221637056818544,0.9774578569968342,0.28581875190138817,54.16965939150626,0.00999695443968197,0.1472037011733966,0.34821706329774194,0.5316285998886017,0.25802100393181354,0.2333317916899776,0.476764130661563,0.19496474902994598,0.07028761914039282,0.44890963305249354,0.23770625994764502,0.055787268689329546,0.5830739198005652
57,41.41173572384703,0.865770187837375,0.30496826209127903,55.54889889048348,0.009995614589079242,0.15674665021206968,0.3534386591753163,0.5247540945123842,0.2590622104763808,0.23414363657231393,0.46048207584793593,0.19507672451710664,0.06578432056957785,0.4361709293678963,0.23914458015207188,0.05662626680138239,0.5806155234676396
58,41.574747118891175,1.0588298779120948,0.3050652309320867,39.39924117489368,0.0099940312836385,0.16739605191511686,0.35822803313264007,0.5185526928726469,0.2608602747514073,0.23485981281299806,0.4445689685268117,0.1952281508512366,0.06155992937144741,0.4241492409300589,0.24049738755039604,0.057538663368936774,0.5784363248038346
59,41.60595217246018,1.2485223200407547,0.3087962130084634,35.2310999920258,0.009992204600527814,0.17867529209900276,0.3626440259334176,0.5129562902426777,0.2608501240676834,0.23539096389926284,0.4277578641776333,0.19540928987609352,0.05761675333234576,0.4128434299471143,0.24176791480076612,0.05850440272237832,0.5765053805951733
60,41.0710202765037,1.499706494840396,0.3107578109484166,41.8634230446385,0.009990134628777144,0.19018779272226882,0.3667236444713521,0.5079040865900898,0.258917705666934,0.235698426040897,0.410406477363887,0.19560867742986818,0.053991983390124135,0.40233220620719357,0.24296424650983053,0.059523194406412586,0.5748003301054426
61,38.811642617303974,1.924078126363625,0.2950474079698324,181.9529994204933,0.00998782146927399,0.19848049910265264,0.37149383543244446,0.49972069135736147,0.25652538983869616,0.23592918766719523,0.39420579777678183,0.19579845298820303,0.05077213640990077,0.3928299363447071,0.24406494656853261,0.0604983712816912,0.5732693609207875
62,39.46293193985357,1.6853734732402517,0.29937476804479957,185.5196436516942,0.009985265234758489,0.20383560753845625,0.37687107221811045,0.48900715247202664,0.2537252588943971,0.23610477686041342,0.37904373681595827,0.19597990854113406,0.04790939116038403,0.3842351438574709,0.24508060540866436,0.061441413410897296,0.5718985800156666
63,40.337184041561656,0.9417984726076996,0.3122116238810122,182.84668466447138,0.009982466049817897,0.20658956755723268,0.3828088706449095,0.47626446645622916,0.25060535513576265,0.23624577817544598,0.3648370376910674,0.19615294462198524,0.04535969016138082,0.37645569071314194,0.24601758149257913,0.06235023371478536,0.5706717488297077
64,38.97375635790784,0.3131292432653062,0.29854363994672894,149.1085377347962,0.009979424050880543,0.20712825253371717,0.38931928606762917,0.461852949704952,0.24732123303851067,0.23636687970468828,0.3515054710710818,0.1963166264876586,0.04308044998708158,0.3694030061957846,0.2468788411251405,0.06321246565103816,0.5695710350802909
65,38.986997579045095,0.2788541714022856,0.30259943497367203,60.77873209246819,0.009976139386209164,0.20972805915755402,0.3952678250886983,0.44897561056439206,0.2456827804724221,0.23646489048232966,0.33946270875714474,0.19647421573949328,0.04101082928717768,0.362940625532435,0.24766430871332584,0.0640064642082027,0.5685772292272991
66,37.52988801215248,0.2646788460224883,0.30849177693016827,59.66397536120668,0.009972612215893682,0.21407753719096811,0.40069748780156406,0.4374569951999686,0.24550752682226665,0.2365451459050156,0.3285946936804952,0.19662561484280314,0.03912952808105156,0.35701646433385775,0.24837948617799005,0.06473282792093067,0.5676789633245604
67,36.87952624604359,0.2737602064406978,0.30287993396632373,58.10242701633815,0.009968842711843402,0.21995773188450538,0.40564835487332107,0.4271436704612616,0.2466154073023199,0.23660797187300103,0.31875820878270955,0.1967703413676005,0.03741837241067423,0.35158536792302775,0.24902899266182804,0.06539136163619094,0.566865477976317
68,36.003781466759186,0.536607050274639,0.3038021461106837,50.023351993073405,0.009964831057778631,0.227253106156612,0.4101582796222079,0.4179011740493461,0.24873905040375913,0.23664803838974716,0.30965548258099174,0.19690900669883457,0.03585711022873061,0.3465954395344779,0.24961743786541563,0.06598314001846059,0.5661274336171652
69,37.710510759147574,0.7342424660307607,0.2888269431423396,121.2151066648757,0.009960577449221733,0.23208325337958421,0.41545988401750017,0.4063324029083267,0.2504409192885272,0.23666298905224048,0.30094807768511017,0.19703843653005781,0.03445408195406683,0.34206373275345,0.25015649064461987,0.06653710419407836,0.5654644549965286
70,36.836657907323804,0.6428593250273779,0.2937377840280533,156.71858360070408,0.009956082093487582,0.2345894292987985,0.42138083033663193,0.3931925064571421,0.2515796559983087,0.23664545899161873,0.29261207583967275,0.1971597371080344,0.03319519952710969,0.337952600577525,0.2506531095880002,0.06706544289113715,0.5648722063432943
71,38.10799927543545,0.6465369120425329,0.3095763099845499,31.92045246552094,0.009951345209673482,0.2385321509469578,0.42681663221962013,0.3814723401149843,0.25128275381034015,0.2364372836236505,0.2830471498311116,0.19728474449509256,0.032026281668423515,0.3341271756741424,0.2511324921119344,0.0676357186291724,0.5643672067930467
72,37.13503540277162,0.585725173749838,0.3087522918358445,31.427588044811532,0.009946367028648461,0.24354280281008656,0.43180911558961127,0.37100651225513587,0.24946631299041938,0.23604177945188612,0.2724943012753681,0.19741291639932107,0.03094080583522972,0.3305654933958055,0.2515953886552038,0.06824227561589351,0.5639403808436009
73,37.755272646217115,0.6411407072961155,0.3081118888221681,31.646024893355488,0.009941147793042041,0.24994074288397633,0.4363887653555043,0.36165081479103395,0.24686800073288573,0.23550807206128013,0.2613769254212058,0.19754198436756557,0.02993593646932626,0.3272582967461726,0.25204055824743354,0.06887314898981428,0.5635814185654503
74,36.56711658130845,0.45846982449113516,0.30491974018514156,142.7905776736666,0.009935687757232404,0.25390047655610626,0.4416942386174535,0.35042178352113895,0.24424599903812064,0.23499183324251266,0.2510772077764537,0.19766225905345203,0.029032505582668632,0.32425609237301684,0.25245103514617895,0.06946875518039954,0.5632638179619225
75,35.07452072738783,0.28959375627799416,0.30108079011552036,125.87897312519515,0.00992998718733399,0.255698029554309,0.447695021077339,0.33771529340487216,0.2416962767614116,0.2344972184346555,0.24153210099424302,0.19777324878312658,0.028217967672131302,0.32152930378132294,0.2528265525889133,0.07001990888292937,0.5629799664116241
76,34.71848092877224,0.2595753769577968,0.3033545878715813,40.154548085825695,0.009924046361184534,0.2594291511614523,0.45316228649823165,0.3264103416397782,0.23996816877613378,0.23400811606551367,0.23238584328170556,0.1978757070327951,0.027468159703707307,0.3190217184167892,0.2531629057025122,0.0705005160215494,0.56271866546852
77,35.02002998911372,0.2843578662674382,0.3010250818915665,48.94057384967062,0.009917865568331524,0.26477717091063857,0.4581364023601902,0.3163393330671328,0.23929339079689688,0.23353944319602232,0.22389207659813645,0.197969126343832,0.026781744985811456,0.3167252176447824,0.25346131108522696,0.07091012344494721,0.5624752078096832
78,34.023403310444586,0.38757631203091736,0.3045680068898946,40.390347344575154,0.009911445110018081,0.2716326181547477,0.4626598477341717,0.30735675848999006,0.23926269637526412,0.23307149550008902,0.21573715352933656,0.198054239464067,0.026148964938918714,0.3146145074900176,0.2537252407734541,0.07125311711942284,0.5622478792286257
79,35.58324770479614,0.4367698323898232,0.3021707311272621,113.84671502505188,0.009904785299168283,0.27615684298182686,0.4680118861692013,0.2966141375878381,0.23920360535297436,0.23261877387396235,0.20815323560713272,0.19813237511193293,0.025576430246353705,0.3126958526221197,0.25396530287885044,0.07156487657809898,0.5620431848706055
80,35.13334589626751,0.4249590121021548,0.304520787904039,125.48432399334968,0.00989788646037192,0.2785249995270687,0.47407235581662016,0.28463054560202716,0.2390466735821813,0.23217523349542143,0.2010837910848107,0.19820470808458288,0.025058882650731504,0.3109518892248569,0.2541853327686162,0.07185432297885962,0.5618607450106636
81,34.81156998532822,0.45520525679164625,0.2910418580286205,31.617077400651638,0.00989074892986866,0.28267441011652605,0.47960688345707486,0.2739964828368664,0.2385468854669237,0.23163579500389833,0.19365100432351143,0.19827550487882667,0.024577435394902154,0.309333162099733,0.25439166630748145,0.07213099721296057,0.5617032997562231
82,33.59170736149616,0.48752127050288085,0.295121411094442,26.79409969815649,0.009883373055531672,0.2882434282379622,0.48466605666091844,0.26454639515075,0.2372009959806868,0.2309599696201152,0.1857199067741976,0.1983471899731905,0.024127871816341448,0.30782205734639984,0.2545900419084604,0.07240807569109588,0.5615733174953741
83,35.429364323264096,0.6564176277400577,0.32204836909659207,33.82036965835334,0.009875759196850664,0.29525026709437885,0.4892899523035382,0.2561371395267634,0.23564888763532071,0.2301885232785832,0.1776642655231193,0.1984200826644756,0.023714278955592118,0.30642226571305203,0.25478589141369523,0.07270568946976708,0.5614732773176642
84,32.44629355153466,0.65429861633043,0.3146933610551059,183.36370832695914,0.009867907724914365,0.2997742075984536,0.4945306553038404,0.24656358592437727,0.23395546310795912,0.22945359736500467,0.1702877397867066,0.19848978149031693,0.02334251850318446,0.30515144994520144,0.2549713805034128,0.07299550059986483,0.56138955484061
85,34.0496671795895,0.47204221991790263,0.31523557496257126,170.67727552553518,0.009859819022392443,0.30207875666342066,0.5003709081048627,0.23604200122516464,0.23219368552771227,0.2287496023726729,0.16350848351776703,0.19855572783466108,0.02300832177516682,0.30399734165931064,0.2551456555189476,0.07327802654193939,0.5613207088899788
86,33.10691142254773,0.41117629351643076,0.31470017903484404,26.202038078327497,0.009851493483516844,0.3059197923444449,0.5057125191244312,0.2267204580368737,0.229612292337473,0.22789253959220843,0.15632140945904244,0.1986239403116165,0.022699263297683608,0.30291910675773037,0.25531548410381777,0.07356160348984507,0.5612715134860955
87,33.69528612735105,0.40355425347216856,0.3052935970481485,33.5310226055339,0.00984293151406259,0.31137182493021864,0.5105851556774702,0.21844950802400598,0.22714091633348582,0.22698515612961692,0.14918368131087476,0.19869081382173684,0.022414705239962147,0.3019210418617914,0.25547611394091285,0.07383280712758455,0.5612345203012696
88,33.2590210606132,0.6635299122091773,0.30619356082752347,32.988718376565316,0.009834133531327996,0.31826888305025103,0.5150273794798561,0.2111002486297205,0.22477586013233997,0.22603099040170233,0.14213974424546563,0.19875561556894777,0.022152476354652485,0.3009973214423028,0.25562558723792767,0.0740835612100131,0.561205522618755
89,33.57247968179676,0.6624929436455915,0.30528056900948286,162.91469362856202,0.009825099964114322,0.32274511101785514,0.520154395489536,0.20261677266856779,0.2224754960201533,0.22514073722737968,0.1357235371107955,0.19881739425870576,0.021917330628201115,0.300158140730879,0.25576838108750516,0.07433455699125809,0.5611874678257374
90,34.04430684437235,0.3841671514889953,0.30727247800678015,162.76454645569757,0.009815831252704892,0.32503407307420484,0.5259082651153867,0.19326853712732361,0.22025226093165642,0.22431018088063537,0.12986560279945558,0.19887640675364274,0.021706649965059065,0.29939564317031114,0.25590490682061573,0.07458494137600434,0.5611790824876196
91,32.507217454095134,0.28283287055592937,0.3050025929696858,128.45008817123562,0.009806327848843626,0.3254132065776593,0.5323172628212189,0.18321137032673626,0.21824970435941157,0.2235321002697305,0.12451685643161355,0.19893081229654552,0.02151600050539966,0.29870251274185095,0.25602929413084163,0.07481249454091855,0.5611724630009954
92,33.58998573102924,0.2727553318611591,0.3044953050557524,51.620482872105704,0.009796590215713018,0.3276782973229852,0.538143983739856,0.17434846517876534,0.21711126523949337,0.22278882342731626,0.11952765001781775,0.1989787050362674,0.02133925428076365,0.2980680226284906,0.25613393186853983,0.07498697754150056,0.5611579725433254
93,32.92414430308463,0.30608409432611555,0.3004765948280692,50.804038880972165,0.00978661882791157,0.33160992334939743,0.543435862482089,0.16652394300614684,0.21677408891653768,0.22207930603893547,0.11487941138921128,0.19901996047189158,0.021174668481893873,0.29748712232462454,0.25621844325727117,0.07510562961586989,0.5611339308189272
94,30.8044518569001,0.3943235102874283,0.29056525602936745,35.80133785544608,0.009776414171430657,0.33708772753199934,0.5482417109214409,0.15960435706512005,0.21679620072489608,0.22136114048384656,0.110370645686355,0.19905584472531812,0.021020352501126417,0.2969509273253787,0.25628299511209796,0.07516433121040225,0.5610993640822249
95,32.15085176228239,0.553434300126414,0.295673567103222,33.67139805983326,0.009765976743630838,0.3439636022374332,0.5526190623006166,0.15347518945317606,0.21677766595073616,0.22057549908137494,0.10584955388239299,0.1990920575486744,0.020881008744993095,0.29645571674801036,0.25634302581296825,0.07521403245576705,0.5610699174251933
96,31.368697307475813,1.135209660657845,0.3090631300583482,27.297869367999056,0.00975530705321762,0.35197017509729284,0.5566352375295611,0.14803792607246016,0.2159588099971842,0.21957874791430934,0.10108774922735457,0.19913929634134028,0.020768287188020526,0.29600143240215776,0.256427281555066,0.07534862840009976,0.561075716698436
97,32.34567904854315,1.560760466588532,0.30603545415215194,208.00627600017162,0.00974440562021666,0.357437441367911,0.5612931596216304,0.14177515155425155,0.21501422881690718,0.21862651939743397,0.09675421871444935,0.19918713259834214,0.020672097147140387,0.29559171129294187,0.25651773433948627,0.07551727652608457,0.5610964004251011
98,31.923117099004173,1.3640518289767833,0.3035509290639311,259.14559846897856,0.009733272975948424,0.36057073679031404,0.5664588822125279,0.13495790696928703,0.21389063372111577,0.21771495638276508,0.09280786027456223,0.1992371856113059,0.020592166657402686,0.29522323121373206,0.25661834757450225,0.07572718019118328,0.5611337653727183
99,32.20764372016909,0.8409213725742298,0.30119717703200877,210.97146688395935,0.009721909663002288,0.3616601011489708,0.5722281535641606,0.12758507682041378,0.21289823671889052,0.21683490072539308,0.0891946448939701,0.19928859439015462,0.020527012276202863,0.2948920892668276,0.2567268460330945,0.07597493852783772,0.5611865126026175
100,31.52787783506686,0.6704504785451662,0.28379360400140285,200.99909211752487,0.009710316235210091,0.3609267856472897,0.5785556745082427,0.11984471010364163,0.21201873455850345,0.21598375199598993,0.08588443010651793,0.19933898022826915,0.02047309341463412,0.2945941985780815,0.25683455602613475,0.07623009583059538,0.5612446072277817
101,31.037852137444215,0.6285440406692999,0.27682499890215695,36.00078685087539,0.009698493257619149,0.36218464195165007,0.5843498161666333,0.11305870937561402,0.21129151657110865,0.21492297689201315,0.08243841763018425,0.19940089904714156,0.020445593722205734,0.294330460249689,0.2569687765901406,0.07657550245776389,0.5613369773757105
102,30.900919967352657,0.5836115032263728,0.28871559584513307,36.2074175065659,0.009686441306464712,0.3652112099960097,0.5896519852483496,0.10709730153127105,0.2106949593018335,0.2136964691449792,0.07892063420499537,0.19947159573339593,0.02043973916520552,0.2940969988926365,0.25712368964419513,0.0769929987383344,0.5614567902906403
103,32.0697822575942,0.5384962560153319,0.28532841382548213,37.399227497756215,0.009674160969141874,0.3698226267786975,0.5944977831959432,0.10185010578122386,0.21020722611471934,0.21235416813651328,0.07540406480526088,0.19954734831860543,0.0204505412425287,0.29389026492897985,0.25728755087940586,0.0774413838341387,0.5615908566195082
104,31.539049068288136,0.49507114173622147,0.27743770997039974,36.767473866471526,0.009661652844176954,0.3758614002379051,0.598923795742567,0.09722301139538199,0.20981301876682723,0.21092575559079804,0.07192423378736235,0.19962570398873414,0.02047467369086724,0.29370722186993226,0.25745282206344056,0.07789676995734184,0.5617305847767216
105,30.96919335850098,0.5531132928254607,0.28111712797544897,36.061170325369325,0.009648917541198314,0.3831947388202854,0.602962096451445,0.09313558455814677,0.20949613299981915,0.20944091338427256,0.06852000052502943,0.19970464908052182,0.020508709409835277,0.2935450820189536,0.25761471707798256,0.07834241356541287,0.5618704029641067
106,30.15399557527169,0.7042156884132105,0.27965485281310976,182.10852275707282,0.009635955680906654,0.3881061980921625,0.6077048407453316,0.08846240838870802,0.20922046716742376,0.20806802866196442,0.06544821369818514,0.1997783035240712,0.020542798576458927,0.2933995045664226,0.25776526154559154,0.0787584109162423,0.5620013268533779
107,30.246824544610934,0.5892247205379263,0.27126519195735455,199.67094643329332,0.009622767895044761,0.3908110996331778,0.6130622415881162,0.08336396943652367,0.20898492921244757,0.2068027730697339,0.06266989179774807,0.1998482123827617,0.02057799477151535,0.29326912677107503,0.25790894980919865,0.07915925331706232,0.562127900052499
108,30.529007620287473,0.3893867166490907,0.275896857958287,181.4040712389372,0.009609354826366708,0.391537359710262,0.6189936970406713,0.07796229455647545,0.2087833276994791,0.20563407218665739,0.06015216627982112,0.1999139973276647,0.0206134114118786,0.29315230963191086,0.2580440685210961,0.07953795760668839,0.5622479766692381
109,29.256242074303454,0.3736817841298063,0.2725394170265645,33.42366299363426,0.009595717128606544,0.3940735917908006,0.6243868011571996,0.07323949545607397,0.208622783136322,0.2044340687925829,0.057688505447579225,0.19997569196977008,0.020651743766237515,0.29304864337710573,0.25815960335553534,0.07984774267306205,0.5623493688528342
110,30.22365485682628,0.358135120323761,0.2673099571838975,35.70724071342492,0.009581855466446418,0.39822782173932847,0.6292916885935194,0.06910139648609112,0.20849924825617533,0.20323147026865773,0.05531076250042286,0.20003981642797364,0.020691897174084855,0.29295655772399565,0.25827188779135046,0.08010157204673193,0.562435179276845
111,29.54351151316038,0.5191148485038596,0.2694811150431633,35.0059326405303,0.009567770515484183,0.403836650479053,0.6337448896961334,0.06546815101014737,0.20840298138074545,0.2020330989410778,0.053025835723060515,0.2000986550531795,0.02073251810921139,0.2928747227717837,0.2583645721876093,0.08029200243100926,0.5625032197289107
112,30.66496099269243,0.5346206561281441,0.27832374488934875,168.849560206656,0.009553462962200483,0.40719417580229356,0.6388571785953394,0.06148096958127491,0.2083253117069059,0.20093228304922142,0.05095716622378262,0.20015381818812986,0.0207722829149931,0.29280162741787397,0.2584514458161965,0.08047249989438408,0.5625680942028811
113,29.1360516416795,0.37097040837641804,0.2764292729552835,182.11164836032546,0.009538933503925276,0.40850864880684323,0.6445353905217016,0.057269107483092795,0.20826501774015524,0.1999230841366425,0.04908175149616597,0.20020576909795268,0.020811420940318265,0.29273644978466634,0.25853338488045113,0.08064545914540286,0.5626304516344941
114,29.30596679741176,0.3217984206299363,0.27804774791002274,145.93058912097584,0.009524182848803865,0.4080070873676014,0.6507660509959271,0.05290992889885489,0.20821534318536922,0.19899198857418188,0.04738113660630726,0.20025455737364786,0.020847903438121027,0.2926779373486904,0.25860863749605,0.08079226290469807,0.5626844886105368
115,28.683804110366793,0.31658013298449533,0.2742715061176568,33.73145991024435,0.009509211715762368,0.40940929479037025,0.6564177887696094,0.04912287462688507,0.20817757045554336,0.1980646503883242,0.045740716752706176,0.20029666028730167,0.02088202819662441,0.2926256695400372,0.25865960934088034,0.08085787077610337,0.5627148888487211
116,28.670782874428497,0.31082284089577217,0.2726347050629556,33.239682041585866,0.009494020834472686,0.41250705124374865,0.6615374301475511,0.045825088520022775,0.2081450704457272,0.1971416576940331,0.0441656475249516,0.20033089353299044,0.02091203044963313,0.2925786003326933,0.2586830504137935,0.08083009825270439,0.5627178767363015
117,28.42091874266425,0.30484101078729253,0.27015514695085585,33.1630571866673,0.009478610945316945,0.417124483322065,0.6661726018389214,0.04294678054115174,0.20811704179851803,0.19623000992408415,0.04265878985184104,0.20035833377955986,0.02093853761739905,0.29253626945903155,0.25868297894694525,0.08072296141896822,0.5626975740301005
118,30.801081044159915,0.38221887389335124,0.27372868196107447,38.75081106601431,0.009462982799351401,0.423112522917157,0.670365820046878,0.04042903588032314,0.20809038784436312,0.19534582464897335,0.041240207464019046,0.2003795301367462,0.020961135500839927,0.2924979820743171,0.25866351038053054,0.08055277731686128,0.5626582291027251
119,30.599869822417272,0.4721373690022084,0.26215229905210435,144.5612333667859,0.009447137158269843,0.426834531129882,0.6752454592507179,0.03768726656864118,0.20807051262678825,0.1945336470394688,0.039951045670881445,0.20039900365967486,0.020982822898868634,0.2924638055383825,0.2586438740797781,0.08038967090004431,0.5626204824639037
120,29.06741881013128,0.39430129181559226,0.2763422860298306,177.78331756017153,0.009431074794366457,0.42848962034359217,0.6806846992603378,0.034822338854078476,0.20806009468074532,0.19379231488852264,0.03877708612236014,0.20041801161505055,0.021004875440682504,0.29243360806539187,0.25862741319089744,0.08024455562057045,0.5625877828648312
121,29.35038249674711,0.2918415565993371,0.265718030044809,159.22478863440313,0.009414796490498206,0.428296169666236,0.6866483789144326,0.03189145951456296,0.20805473911210248,0.19311144126904303,0.037707106309706376,0.20043531366002657,0.02102591220549504,0.2924066958339255,0.2586097780079069,0.0801017252565893,0.5625552627017378
122,29.68588248589298,0.2901092890541328,0.267632027156651,37.244350924713416,0.009398303040046649,0.4299364019306376,0.6920417340813367,0.0293573251367228,0.2080411405563162,0.1924402736207865,0.03669465037964569,0.2004446479350009,0.02104063275023568,0.2923816854734368,0.2585662233652124,0.07986955702120983,0.5624959781361737
123,29.752172883981032,0.28788065658608347,0.27752914116717875,37.583123525684165,0.009381595246879296,0.4332130613870342,0.6969181248686468,0.02716078675603255,0.20802247676573754,0.19178434217183973,0.035736977328068936,0.20044787332828445,0.02105056910446903,0.2923585789108686,0.25850341001395055,0.07957205448420024,0.5624170166293082
124,28.32120176751714,0.39171566127768287,0.272643452975899,33.86771611464014,0.009364673925310414,0.4379583644924755,0.7013201525086985,0.025252242814881917,0.2079944707014894,0.19113472861065153,0.03482732806042146,0.2004436433614745,0.02105445846979685,0.29233683757113743,0.258416125931838,0.07918965250005632,0.5623126185967682
125,29.75182410587615,0.4244506255027716,0.2749445850495249,154.38651202718546,0.009347539900061343,0.44055989825531994,0.7063394162131895,0.02324784624288178,0.2079730778574444,0.19053919323277904,0.033994937311370994,0.2004400565913247,0.02105917030481383,0.2923175810884922,0.25833488126510573,0.07883422062446134,0.562215721313484
126,29.29146029228292,0.32651722993040977,0.2775942641310394,169.4736765512466,0.009330194006220302,0.44122502379406575,0.7118900671168097,0.02120274194404257,0.2079595041919693,0.18999575603271465,0.0332316823419624,0.2004375820803544,0.021065175335984936,0.2923006813903924,0.2582608598116702,0.07850950073464588,0.5621275140271297
127,28.367047849040446,0.283389833362164,0.2772087079938501,131.1850716684904,0.009312637089201685,0.4401705559687862,0.7179655359317443,0.019147643695283587,0.20794834383527774,0.18949397844623658,0.03253190774762937,0.20043461131286366,0.02107062398571155,0.2922855185037002,0.25818906681809517,0.07819743875029397,0.562042505213292
128,29.945339552464823,0.2828996281207637,0.27469316590577364,38.784791079672935,0.009294870004704857,0.4410010244779838,0.7234604835376578,0.017383706813059525,0.20792978032902767,0.18899776926160056,0.0318695573702871,0.20043197162280801,0.021070196261959898,0.29227079372654374,0.25811083085373604,0.07781387956543372,0.5619358905422349
129,29.039938557548552,0.2818242452388532,0.2757212510332465,35.818080460458106,0.009276893618672453,0.44351056015593193,0.7284212785489212,0.01586575336937882,0.20789974325630392,0.18850260577936087,0.031239497584127193,0.20042201832591103,0.021063713637687748,0.292256350743133,0.25801019803098935,0.07735698167947645,0.5618071791001781
130,27.95629520334562,0.28023784683131936,0.2753307980019599,34.48269970984182,0.009258708807248167,0.4475242073753458,0.7328948365763488,0.01455611986472961,0.2078574888451465,0.18800560161868607,0.03063797574764121,0.2004045191357346,0.021050883898235777,0.29224198186659,0.257886002808258,0.07682200515320756,0.5616549009215847
131,27.619150783070396,0.4782665986241277,0.27437510318122804,34.51349879308953,0.009240316456734052,0.45289244707955734,0.7369269213989019,0.01342334917940921,0.20780500650480724,0.1875111285576804,0.03006592652940937,0.20038104295775794,0.021033060618335597,0.29222783363390087,0.25774362206970325,0.07622815332955654,0.561484687097299
132,30.0099870419379,0.6399957064211712,0.2775105689652264,182.4869679353214,0.009221717463547325,0.4560681164895237,0.7415467037773662,0.012254532145927808,0.20776441797235773,0.18706338495971792,0.029537719303935787,0.20036115208076863,0.021019285017896624,0.2922156763818843,0.2576161040875716,0.07569502051012496,0.561332126418704
133,29.211855421663657,0.5868233857645578,0.2864284059032798,203.0839375644811,0.009202912734176675,0.4572618115109177,0.7466697726553722,0.011078737279647026,0.20773847446730773,0.1866633729277669,0.029048215506521455,0.200345935279538,0.02101074257478112,0.2922056717671438,0.25750634472446476,0.0752314717396289,0.5612002002310422
134,29.442181138022548,0.3826115433334032,0.2753492339979857,206.69207751678024,0.009183903185138079,0.45667947281531485,0.7522406923821304,0.009919064984367,0.2077246540295523,0.1863055776756739,0.028594256531581434,0.20033445211710696,0.021006446210140174,0.29219749595700417,0.2574110208563187,0.07482508903750695,0.5610851769967129
135,28.134151714267325,0.27782524353947907,0.2791654218453914,166.38850019016934,0.009164689742930143,0.4545220671893043,0.7582431030932117,0.008791394445503658,0.2077156620686499,0.1859779970944058,0.028173681583219576,0.20032422127692032,0.021003529137408744,0.29219041382144134,0.25732271601812984,0.07444916861454323,0.56097891163989
136,28.231985416646626,0.27795224725152606,0.2821536820847541,35.59396916652587,0.009145273343988932,0.4543157440704498,0.7636606707856692,0.007832956126311238,0.20769187707526754,0.1856412658840533,0.027771922705887093,0.20030723145763765,0.02099414250279125,0.2921827071287337,0.25721387698497417,0.07400219879674784,0.5608514976625639
137,28.35689322670628,0.2775029724380637,0.27043092297390103,35.76138071632067,0.009125654934642336,0.4558436110319841,0.7685448037049423,0.007016239649392276,0.20765255571771904,0.18529341795139864,0.027387335236981853,0.20028315945906291,0.020977984860832074,0.29217423973088663,0.2570831128904665,0.07347920355251437,0.5607013285690339
138,27.757235415418855,0.27654391428047304,0.283213275950402,35.44790522226691,0.009105835471063953,0.4589212223185626,0.7729435597057889,0.0063184640754868964,0.2075980889256105,0.18493404171821923,0.027018193487740764,0.20025211080223598,0.020955177986990425,0.29216496491070976,0.2569305482868377,0.07288105553323651,0.5605284468284771
139,28.06315388139872,0.3523307435591278,0.2707805528771132,37.261014309921855,0.009085815919226475,0.46339087698770187,0.7769044202236447,0.005720736332802224,0.2075327047073389,0.1845699608452047,0.026665040815135793,0.20021604927826764,0.02092750720150252,0.29215519004426643,0.2567630979451912,0.07223300984323035,0.5603402439135821
140,27.742551863443015,0.4363927628634329,0.2840807649772614,160.77302001905977,0.009065597254854615,0.4657916084055025,0.7814263735284982,0.005125204868489915,0.2074747354777621,0.18423514994760037,0.026337101412176052,0.20018287047412267,0.020902597548993568,0.29214645810433476,0.2566076193543094,0.07163307536474235,0.5601656693615543
141,27.74791778974247,0.38023338010689756,0.2827241800259799,190.10023153262657,0.00904518046337755,0.4663273243594864,0.7864262197965638,0.004544461382742792,0.2074277785303934,0.18393252522694092,0.026030800487386166,0.2001537276917309,0.02088185477982553,0.29213904290011805,0.25646696906924005,0.07109040692083136,0.5600077453295466
142,27.39415618281554,0.2745592384902366,0.28322557685896754,176.71334830408665,0.009024566539880893,0.4651973620998684,0.7918603605232967,0.003986989329669833,0.20738817782858837,0.18365589275755137,0.02574495350719458,0.20012737491561622,0.020863872767104524,0.29213258886986704,0.25633731754591904,0.070590833115512,0.5598622769310513
143,27.847499150780415,0.2743074988972673,0.2922426739241928,36.849273121898314,0.009003756489058193,0.4658638901760749,0.7967574487484711,0.0035157787278486427,0.2073341044901785,0.18336665564516008,0.025470657631760634,0.20009510394997929,0.02083979634984465,0.292125192360809,0.2561899507140757,0.07002873009398572,0.5596981998619629
144,28.859959541024512,0.2905283607631077,0.2812579399906099,38.80465283169444,0.00898275132516197,0.46813236414616993,0.8011691061024004,0.0031164736723278907,0.20726911070071544,0.1830703988205253,0.025208325007306426,0.20005850427720892,0.020811129641145024,0.29211712779439175,0.2560303072045533,0.06942426706045333,0.5595213368161057
145,27.46668520736489,0.2734047958141588,0.2801177301444113,111.81941255786471,0.008961552071954277,0.4685908721295193,0.8061533812346922,0.002728455583342524,0.20720641317544136,0.18279125900854215,0.024964367446602076,0.20002327751802265,0.02078340282966533,0.29210950374791594,0.2558778294127139,0.06884904259155797,0.5593526337427026
146,27.918262490688058,0.30326643249508933,0.29857754800468683,36.45887840571088,0.008940159762656805,0.47066030605480214,0.8106409703648538,0.002400874527242603,0.20713075773041661,0.18249965937179327,0.024728775175575982,0.19998277205636425,0.02075020200255213,0.29210097527301665,0.25570945883277846,0.06821780485667464,0.5591671635251912
147,28.09610963377137,0.27666386586538466,0.3003696131054312,119.37212915557551,0.008918575439900538,0.47094834886244225,0.8156825666328801,0.002085846302868904,0.2070601314455885,0.18222655095545387,0.02450778753647176,0.19994450388898077,0.020718987004990138,0.2920930655590175,0.255550341135795,0.06762320614314041,0.5589920267797136
148,28.09334984850639,0.27267985850525206,0.2811917180661112,93.90215901984303,0.008896800155674905,0.4696556801134414,0.8212797072346428,0.0017864507616681988,0.20699154434695574,0.1819661178542237,0.02430212797766652,0.19991015826364134,0.02068798463882479,0.29208534673942005,0.2554025200968076,0.0670482834784163,0.5588222809593879
149,28.507884150284383,0.27236571132656806,0.2786567418370396,37.93733548621208,0.008874834971276547,0.47013351711880075,0.826322821800329,0.0015365396123094607,0.20691138989934751,0.1816934669594947,0.02410196987255246,0.19987092823691663,0.020652166467187028,0.2920767980386498,0.25524042812367487,0.06642477306382308,0.5586381418022489
150,27.30937912771793,0.2715573675746377,0.28102135099470615,34.63621991925808,0.008852680957257558,0.4721896328523735,0.8308593744002686,0.0013274903417045362,0.20681625135873602,0.18140210955494554,0.02390524455929395,0.19982532836276465,0.02061005650024472,0.29206709282550347,0.25505892502677896,0.0657338612789,0.5584339690265949
151,27.796288922034098,0.2983264703754173,0.281130206072703,36.390614928832726,0.00883033919337333,0.475659563737635,0.8349393715579623,0.0011522319540396145,0.20671058469992287,0.18109930521937448,0.02371302729407846,0.1997753399020873,0.020563549273894276,0.29205660639202036,0.2548646939955576,0.06500026752385814,0.5582168826907725
152,27.805047675351997,0.3289138930578858,0.30172529187984765,130.56816712268076,0.008807810768529916,0.47722529934932334,0.8395517596448347,0.0009872518474054674,0.20661107530336287,0.18081504163747478,0.02353305178646917,0.1997279893524561,0.020519648578347222,0.2920467689196014,0.25468106800282947,0.06431021151377682,0.5580119600278692
153,28.028365376358067,0.2818574965034948,0.2794164048973471,147.47825585254265,0.008785096780730956,0.477080996471317,0.8446254254195175,0.0008346289640185921,0.2065209616067558,0.18055232044575026,0.023362900661472195,0.1996844079059842,0.020479686239188135,0.29203787548722543,0.2545109354316821,0.06367290929177281,0.557822247091319
154,28.666316203008332,0.2694233149128422,0.28110172785818577,100.46807070194507,0.008762198337024175,0.47542742831365215,0.8502121895970527,0.0006942308084498672,0.20643411103170095,0.18030225130328215,0.02320283402579414,0.19964241148489587,0.02044112079843689,0.29202935173897177,0.25434803533691863,0.06306516359958798,0.557640936748318
155,28.073255451698834,0.2690514546438202,0.27292782603763044,38.53591290917734,0.00873911655344741,0.4755433588925204,0.8552437629238901,0.0005788251897809312,0.20633689804477837,0.18004054421080581,0.02304685851590705,0.1995964663257697,0.020398351538714103,0.2920200250946079,0.25417401730412464,0.062418779074465996,0.5574482042490125
156,28.122012469376685,0.26826470611805747,0.27375887683592737,38.0424246141613,0.008715852554974233,0.4772354810181458,0.8597710293579326,0.00048385029355687566,0.20622922533396967,0.1797667141148942,0.02289450964873171,0.19954658661006439,0.02035133768859747,0.2920098822667039,0.25398895823920714,0.06173389559638879,0.5572440804358186
157,27.49200182699916,0.2728353756902969,0.2962103858590126,37.53978414622167,0.008692407475459107,0.4803381281546111,0.8638409358130728,0.0004055881852377066,0.20611155654942587,0.1794812966757157,0.02274561207434126,0.19949293686499692,0.020300226799036144,0.2919989385070022,0.2537933951591391,0.061012873462224275,0.5570290973954027
158,27.80120803520397,0.28685105243455455,0.29453018493950367,98.5907216760765,0.00866878245758213,0.4816153777183657,0.8684858407423383,0.00033430542032980847,0.20599805671082314,0.17920947727899478,0.02260645785111662,0.19944140032803273,0.02025101500223215,0.2919884264435211,0.25360652594282823,0.06032684251383864,0.5568238820820589
159,28.980807038066814,0.2660425139685536,0.29529661894775927,115.89496901408238,0.008644978652793346,0.4812532435817791,0.8736206744882192,0.0002706365926988194,0.20589074591310683,0.1789526081914516,0.02247479188567575,0.19939249681274931,0.02020436378036398,0.29197849394205144,0.2534294791211541,0.05967921299724085,0.5566296141712374
160,28.258693605385975,0.2652919803223952,0.29462942900136113,38.46395565293705,0.00862099722125662,0.482494774477804,0.8782397526051129,0.0002190499848468839,0.20577309622961326,0.1786827019072391,0.02234533450120014,0.19933979975068736,0.020153483558146494,0.29196772497379286,0.25324179831150617,0.05899368549487369,0.5564242494404085
161,26.98094662492723,0.34723047013310265,0.2953976169228554,36.80771291545917,0.008596839331793086,0.4851695666260218,0.8823910691256431,0.00017725906113268515,0.2056454324403572,0.17839984420471963,0.022217574825274308,0.1992834516490589,0.02009850597033217,0.2919561411870292,0.2530439374245503,0.05827212319157854,0.5562082453740118
162,27.352404790346704,0.35726133329073023,0.28856594720855355,170.53257125218826,0.0085725061618242,0.48606415804891995,0.8869746066454441,0.000140833342687226,0.20553123683288949,0.17814119525462932,0.022095372018421242,0.19923217393337755,0.0200489693815473,0.2919457536832771,0.2528624230812461,0.05761239996646478,0.5560101056417323
163,28.19156670554153,0.27908999624724373,0.2918876809999347,172.49733647653696,0.008547998897314337,0.485366599074611,0.891947370138276,0.00010957609156994189,0.20542960450331757,0.17790503145052866,0.021978281789023647,0.19918571994592368,0.020004603558718248,0.29193650392163667,0.2526964171567843,0.057010641873219844,0.5558289069899984
164,27.213539558715098,0.26325991280993793,0.3053766081575304,120.09643223189946,0.008523318732712993,0.4832592725453838,0.8973231893681232,8.31197554201571e-05,0.2053325954758788,0.17768061351031086,0.02186769412825952,0.1991414484288586,0.019962204123817478,0.2919276788130926,0.25253882342255246,0.056440728204827324,0.5556569995734073
165,26.81806335328852,0.26285213274761715,0.29917696490883827,34.58020749049745,0.008498466870896572,0.4829043843849279,0.902164267730113,6.242224929579766e-05,0.20522723467961332,0.1774378473375156,0.021756452085542673,0.1991021087938883,0.019914415889530496,0.2919177261019466,0.2523873795050645,0.05582167857990347,0.555471133392005
166,27.50678367534171,0.2620623020201542,0.30732301878742874,37.01380238238884,0.008473444523109757,0.4841088360500384,0.9065163579102111,4.631903437637517e-05,0.20511175041310686,0.17718147335937723,0.02164561297506814,0.19905849918945148,0.019862719424031703,0.29190698164897455,0.2522250663484739,0.055170136801428925,0.5552758786128722
167,26.825955725934648,0.26090058923382176,0.27890009619295597,34.47703511003045,0.008448252908906481,0.48670685280918907,0.910423453142188,3.387310594113746e-05,0.20498424957755498,0.17690817197769626,0.02153447886142749,0.19900996893685938,0.019806304545607584,0.2918952738122619,0.25204975818667347,0.05447770849755119,0.5550687265238706
168,26.9971102307097,0.3796035291199175,0.2834196260664612,35.78808748677743,0.00842289325609048,0.4905554953347215,0.9139290680304958,2.4331310847522247e-05,0.20484714970051604,0.17662205174399415,0.021423949182704023,0.19895751592117228,0.019746149159058802,0.29188279705882775,0.25186450018304923,0.053755556326983936,0.5548527459194801
169,27.34377589461376,0.5244422342144034,0.2813668320886791,197.52443361872486,0.008397366800655453,0.4925425431373763,0.9178753274008279,1.6764014999127538e-05,0.20472577702875464,0.17636300714699862,0.021317992997161327,0.19891023216263726,0.019692499044742538,0.29187171840575543,0.25169583405597096,0.053101180692411036,0.554656257193138
170,27.875654429135423,0.4872375550505062,0.2796292807906866,241.3521403703278,0.008371674786724825,0.4928561424722653,0.9221893810234828,1.0941531037396117e-05,0.20462242076165238,0.17613389827623613,0.021215963881657925,0.1988689230237347,0.019646261273816728,0.29186225571446467,0.2515456428076757,0.05251957420269583,0.5544811198060331
171,28.860310940014564,0.3218052727899,0.27595148398540914,214.28027494620994,0.008345818466491113,0.4916786231852494,0.9268571961610945,6.620666268048031e-06,0.20453459973883603,0.17593050953000205,0.021117205158411013,0.1988328176318515,0.01960646208165502,0.2918542027452449,0.25141160028583437,0.05200103585102106,0.5543246898763755
172,26.378991034639593,0.2578041957148656,0.2768603099975735,175.26166476488126,0.008319799100154882,0.489177516105848,0.9318463444409186,3.575933222082644e-06,0.20445400167447664,0.1757413976671339,0.021022989350749102,0.198799314842686,0.019569821720300532,0.2918468238313622,0.25128690234281625,0.05152040021923953,0.5541795319788839
173,27.92847459757644,0.25749721235740924,0.27962692617438734,38.88429353023499,0.008293617955863345,0.48841998705568646,0.9363298278998439,1.63114985055591e-06,0.20435937104202204,0.1755327821651767,0.02092964485819343,0.19876078564298869,0.019527665093104843,0.2918382727094233,0.25114906181329644,0.050994336216457936,0.5540213971242994
174,27.46657011564039,0.25680268576969073,0.2755134399048984,37.68258430277371,0.008267276309648533,0.48921235349333037,0.9403551701839266,5.252246164599706e-07,0.20425135012410622,0.17530524312017096,0.02083669993297809,0.19871756504153015,0.019480288724323263,0.2918286220415894,0.2509990336565452,0.05042605819162349,0.5538511993451544
175,26.654298673978897,0.25575278126811796,0.27771447179839015,35.6366147196844,0.008240775445365122,0.49138824406340115,0.9439653508808988,5.1788412744784066e-08,0.20413018228315427,0.17505883584380397,0.0207437632942451,0.1986697745565361,0.01942778280199347,0.2918178912029221,0.2508371279886509,0.04981675756364893,0.5536691724257163
176,27.135553292108455,0.33601908536564196,0.2706087571568787,36.71441059047644,0.008214116654627854,0.4948040720441723,0.947201371710231,4.831526368681002e-08,0.20399844615057594,0.1747977137529134,0.020651409977414128,0.1986183866843919,0.019371195723333907,0.2918062954110157,0.25066623372856023,0.04917733094686115,0.553478325984439
177,27.58392582675145,0.4385548088045681,0.2769915140233934,186.35536576540653,0.008187301236748575,0.49644922723421325,0.9508800543218091,3.8512720010473066e-07,0.20387932922923463,0.17455824229973077,0.02056299998141249,0.1985713739252804,0.019319756240286888,0.2917957856899142,0.2505091004009414,0.048591949475099,0.5533029716804071
178,27.654466561999573,0.38857245358419945,0.29787182505242527,217.90152023936062,0.008160330498672923,0.49650578392851386,0.9549391509546636,9.530094363145884e-07,0.2037764048901713,0.17434486712294783,0.020477390737869593,0.19852979063915674,0.01927483846349162,0.2917866794633356,0.2503680474474141,0.048067888730332374,0.5531455262432856
179,27.904528540431997,0.2655048758455493,0.28843839396722615,211.19080820111157,0.00813320575491662,0.4951458951087321,0.9593394098480728,1.6598825466666024e-06,0.20368587209375283,0.17415209468803217,0.020394811591729713,0.19849247640119982,0.01923497739130586,0.2917786572967889,0.2502399651561382,0.047593104519429955,0.5530025937076835
180,26.58817368660601,0.2527957483543844,0.30133276991546154,124.5754699703617,0.008105928327501413,0.4925358205336598,0.9641123685298761,2.4273673850675183e-06,0.2035983812507469,0.17396733653304336,0.020317059457356033,0.19845666925556563,0.019196617721611024,0.2917709259707944,0.2501180097101808,0.04714243099311267,0.5528667828979816
181,27.996002245232148,0.2524767915918446,0.29786398098804057,39.626227421178115,0.008078499545890629,0.4916278548590265,0.9684055905013952,3.2421115016203063e-06,0.20350304127975563,0.17376556025113604,0.02023938942804829,0.19842563074013117,0.019153325518959763,0.291762104416276,0.2500034598690423,0.04665462813891797,0.5527204298028311
182,27.169938268429533,0.2518191492738055,0.29991399799473584,37.46671345695353,0.008050920746924387,0.4922322970164085,0.9722594103981569,4.075651768762301e-06,0.2033966656327709,0.17354822028373704,0.020161540992147113,0.19839028614544285,0.019105874527114854,0.2917523936578904,0.24987875242005425,0.046136955063998744,0.5525655639131172
183,26.415416495196208,0.2508304793268934,0.29220671905204654,35.963353177045775,0.008023193274754443,0.49418596175218044,0.9757138585472602,4.906887879183753e-06,0.2032774669801457,0.17331232727038573,0.02008304500995433,0.19835010244132723,0.019053512928271746,0.2917416412530834,0.24974225148881699,0.04558266749404232,0.5524001981671811
184,28.196052701666805,0.2510336112523163,0.29374997806735337,39.64833254749673,0.007995318480778672,0.49734786643014894,0.9788087234161436,5.720489383918534e-06,0.20314808323271688,0.17306243309644523,0.02000495151663109,0.1983060415386427,0.018997260190363033,0.29173004824635623,0.24959669138533294,0.04500190054181136,0.552227049040877
185,27.167474990318897,0.28897363987830005,0.2937654189299792,99.9768591733588,0.007967297723575205,0.4988246236389103,0.9824431923201983,6.391951737546393e-06,0.20302338711241105,0.17282347074944834,0.01993184445915162,0.19826346101256023,0.01894328409635902,0.2917189036580475,0.2494573068701504,0.04445096976719554,0.5520622362822618
186,28.185779033525876,0.2632734740842366,0.2888467980083078,145.41261614497057,0.00793913236883622,0.4987854538647064,0.9864967328705964,6.911537272711205e-06,0.2029081783292522,0.1726008797840271,0.019861489351972187,0.19822377563128232,0.018893309229867247,0.29170860004427773,0.24932739021131317,0.04394068774088296,0.5519091135939789
187,26.938975101296013,0.24777287472385298,0.29039021907374263,131.85327479830224,0.007910823789301368,0.4973950741605388,0.9909243642939601,7.2725986084961865e-06,0.2027992786451286,0.17239053687719677,0.019794772785537804,0.19818611997146365,0.01884613817597352,0.2916988720855133,0.24920477189466342,0.04346227369165255,0.5517652059584057
188,27.05748198047226,0.24712234486932091,0.2952625199686736,37.394219757638396,0.007882373364690881,0.49753358050102386,0.9948963892332308,7.6051851573391925e-06,0.20267795279474085,0.17216197360741406,0.019727439882918425,0.19814410735916613,0.018794058985726562,0.2916880981919968,0.249071618451108,0.04294870389382411,0.5516112940525111
189,27.288923367914347,0.24612742026630913,0.2829064470715821,37.26493833407456,0.007853782481638316,0.49903414879812713,0.9984544809239977,7.910647443181775e-06,0.20254246158218536,0.17191255603269787,0.01965938580722933,0.19809711877125868,0.01873630108821387,0.2916761037016198,0.24892615878924293,0.04239373851726291,0.5514453577385456
190,26.933559292598705,0.31797023825576576,0.3027613500598818,37.85850789062006,0.007825052533622976,0.5017527067565637,1.001642114549831,8.190488733862194e-06,0.2023984077411911,0.17165088160411782,0.01959124869478928,0.1980472234167742,0.018675231823295706,0.2916633978799691,0.24877416198775165,0.04181844302913355,0.5512734550233592
191,26.928382600838336,0.374018800677024,0.30608509201556444,177.57654901772452,0.007796184920902,0.5028533500261764,1.0052314480230482,8.309422987933379e-06,0.2022679980655712,0.17141125004857735,0.019525533570516784,0.19800173533824916,0.018619831693951087,0.2916518961217525,0.24863497939279783,0.041294234631096785,0.5511161790461144
192,26.65360675921071,0.3050610845333488,0.30499994615092874,231.49239190422068,0.007767181050442099,0.5025038042749923,1.0091414967471404,8.286464986195542e-06,0.2021533611422883,0.17119565245327503,0.01946207767521005,0.1979625005471995,0.018570494593629184,0.2916416852805976,0.24851219612646241,0.040822053301268736,0.5509739912527535
193,27.68399873143975,0.243185623401034,0.30057704099453986,170.76402168356395,0.0077380423358510055,0.5008671589569373,1.0133837616174053,8.127980770367065e-06,0.20204809109619384,0.17099566490171353,0.019400807092736456,0.19792620483405568,0.018525088910725164,0.29163230776332516,0.24839838979880946,0.04038637724738009,0.550842490143041
194,26.8479974966793,0.24258120557108784,0.289258677046746,37.273667944291255,0.007708770197308559,0.5007481779560226,1.0171873001460954,7.986786628770518e-06,0.20192989673645967,0.17077651677446928,0.019338834932401773,0.19788562504998203,0.018474569371103082,0.2916218369767149,0.24827450114343716,0.03991600550217813,0.5507011980316296
195,26.42558232111718,0.241677763105362,0.2902673319913447,36.23210742555843,0.007679366061497494,0.501980225629586,1.0205948460064977,7.860894196738288e-06,0.2018002527073891,0.17054024164392295,0.01927602629145872,0.1978413389970661,0.01841957165825412,0.29161041291182743,0.24814207238913588,0.039416547443483094,0.5505516653847488
196,27.6673785480318,0.3154315636162977,0.2963432490359992,39.78058342992484,0.007649831361533909,0.5044192078347742,1.0236446169102207,7.74856227843945e-06,0.20165977180157077,0.17028821500684257,0.01921305928327722,0.19779350485973862,0.018360294391299433,0.2915980632121156,0.24800146744419663,0.03888986359132003,0.5503941936750936
197,26.879678086780036,0.3562835164000383,0.2953092928510159,186.86094387485718,0.0076201675368974126,0.5053034759785405,1.0270793106196094,7.523164387905117e-06,0.20153209024387264,0.17005685478852797,0.019152415032108423,0.1977497297870152,0.018306290668826174,0.2915868312235345,0.24787228667548453,0.038408315755290065,0.5502496429037967
198,27.03705709679989,0.28267711299574433,0.2926145300734788,216.10338228360285,0.007590376033360965,0.5047971481666581,1.0308406057692274,7.205481746910297e-06,0.20141838488486855,0.16984764440888975,0.019093748175645547,0.19771031425487973,0.0182579319498547,0.2915768059496108,0.24775512200658806,0.03797321072602015,0.5501185760579136
199,27.293469383051065,0.23890038895860571,0.2945454940199852,153.67207784622528,0.007560458302920422,0.5030577402884279,1.034941992241048,6.805938601814826e-06,0.20131305641393568,0.16965239810113011,0.019037271778907284,0.19767368489981813,0.018213132420376577,0.29156752990696316,0.2476461199822619,0.0375699568380415,0.5499968152384737
200,26.7747652309953,0.23831612296340554,0.2867194020655006,37.27070440653806,0.007530415803723761,0.502808293937161,1.0386172492905483,6.456512772938415e-06,0.2011945705181033,0.16943728033470193,0.01897983461979165,0.19763298922044406,0.0181631130595419,0.29155713915287707,0.2475277404068802,0.0371329562049569,0.5498655750335377
201,26.791998883611964,0.23747055171047793,0.3025328980293125,37.331989678360266,0.00750025,0.5038845973218193,1.0419100362383322,6.1502842039838675e-06,0.20106697773728185,0.1692085495597908,0.018921912494779054,0.19758959100991474,0.018109557499756887,0.291545992818356,0.24740352171911925,0.03667550028666016,0.5497285804987728
202,26.241934022224672,0.265332850046412,0.29124724701978266,35.879655694252314,0.007469962361987863,0.5061444568952275,1.0448548553450305,5.881386966394581e-06,0.2009273443357016,0.16896166476727814,0.01886315828208425,0.1975424982189153,0.018051218180986685,0.2915338159235904,0.24727088215292695,0.036188360472245086,0.5495830290965099
203,27.21099321109987,0.2866725131366614,0.29666665103286505,158.1855003550243,0.007439554365864094,0.5069061741759276,1.048195251072984,5.548951331649979e-06,0.2007976318807272,0.168731496028316,0.01880731948702717,0.19749871040118525,0.017997051713768395,0.29152251028295156,0.24714759726015262,0.03573765546676554,0.5494478496908359
204,27.198567841510716,0.23983404449890955,0.2931912769563496,177.23373259053835,0.007409027493671525,0.5063289181885896,1.0518748080057985,5.170354013617486e-06,0.2006794864471873,0.168518629083921,0.018753779693497185,0.19746040702178583,0.017947202938724663,0.29151211008721484,0.24703790092133077,0.03532327461977147,0.5493231664599133
205,27.705558030263205,0.23471824064322108,0.288634650176391,103.90136835828042,0.007378383233246842,0.5045690238784851,1.055956355990724,4.748149815610828e-06,0.20056534977303944,0.16831393454660054,0.01870323184955532,0.19742347377300443,0.017899232018491973,0.29150208995194343,0.2469328603785154,0.034928607722116256,0.5492042153453064
206,27.03092495255163,0.23413802731442104,0.2904960410669446,38.44027244630809,0.007347623078148061,0.5042622661300139,1.0596150205072652,4.384069726600319e-06,0.20044187894657173,0.1680950934877353,0.018651840878588864,0.1973837048320472,0.01784763970823328,0.29149130020061914,0.2468217677174881,0.03451313229536179,0.5490794983682943
207,26.70011089378129,0.23325757533955171,0.2927066369447857,36.367234110290305,0.007316748527581749,0.5052479422601521,1.0628879419068216,4.069286148885728e-06,0.20030443744527401,0.16785488685532282,0.018599021170498976,0.19733961663567573,0.017790502223184058,0.2914793241211905,0.24670084747231377,0.034063132453364627,0.5489449201968551
208,26.742981819678352,0.23215322302667973,0.2957370940130204,38.41923411036258,0.007285761086329943,0.5073869939231433,1.0658160416809708,3.796429366253113e-06,0.20015835300271465,0.16760208599494353,0.018546161980524337,0.19729298321731584,0.01773008819006726,0.2914666379003388,0.2465745751583165,0.03359548409526463,0.5488051922180855
209,27.335371900061432,0.4220209994787382,0.3002111897803843,39.56395309771534,0.007254662264676809,0.5105583639997895,1.0684324351053929,3.5593318279782967e-06,0.2000033216973094,0.16733628680796667,0.01849333033812609,0.19724372556092726,0.017666261960660956,0.2914532098739876,0.24644276923549405,0.03310958684121335,0.5486600662002626
210,27.398228185477013,0.6230519167248958,0.2949594440869987,254.51234874138578,0.007223453578335045,0.5121753938112731,1.0714008795116572,3.299457375135319e-06,0.19986656050002177,0.16709870311874636,0.018442098494755504,0.1971998885373227,0.01760975675848626,0.291441355650096,0.24632446894121823,0.032675519638408514,0.5485297905307938
211,27.66013888659685,0.6021892360012053,0.30073250900022686,300.9812246082499,0.007192136548371993,0.5124000980562249,1.074667984336231,3.026003571980318e-06,0.19975002717037685,0.16689200692550954,0.01839215214554095,0.19716202425059956,0.01756131600416289,0.2914312580951424,0.24622070726091957,0.03229597624200143,0.5484154232655362
212,27.133174880571183,0.394519599378026,0.3121633240953088,319.7865438748845,0.00716071270113551,0.5113835450443818,1.07819199792239,2.7470273894029986e-06,0.19965121768079344,0.16671258688093604,0.01834360024367385,0.19712932184420145,0.017519821455726718,0.29142267527055177,0.24612956161588176,0.03196331037028897,0.5483148760869861
213,27.082963814040074,0.2288251807843615,0.30806228099390864,250.34355771157988,0.007129183568179581,0.50926726440272,1.0819686070207453,2.4675205256597975e-06,0.19956438935577955,0.16655184409512389,0.01829639554181547,0.19710020290781277,0.017483092074174825,0.2914151233204865,0.246047484750434,0.031664304969215414,0.5482243329105948
214,26.652641110647274,0.22840710528587638,0.30799084110185504,36.83155306539588,0.007097550686189664,0.5085937431532965,1.0853478693402092,2.229212256690461e-06,0.1994610586943572,0.16636629747339732,0.018248504028548454,0.19706639236289586,0.01743991613385127,0.291406184026454,0.2459551651936597,0.03132749260252375,0.5481231846224293
215,26.806728999692464,0.2277470151440767,0.3057098400313407,39.47305961066489,0.007065815596907797,0.5092020616530506,1.0883723343875507,2.025456222338572e-06,0.19934745110845095,0.1661656362920975,0.018200677795712713,0.19702977658866333,0.017392803889986975,0.29139638807233026,0.2458571611269917,0.030970122350898945,0.5480162567043588
216,27.37144872390077,0.24516365060143175,0.302248178049922,39.73636653480377,0.007033979847057464,0.5109526970314365,1.0910756976035387,1.850754540163279e-06,0.19922276613772222,0.1659486171254575,0.018152807015732218,0.19699009339849774,0.017341412897288515,0.29138565928880145,0.245752805939276,0.03059000277172565,0.5479028119601407
217,27.891625311190978,0.24755196864172577,0.30011268705129623,127.75537236457879,0.007002044988268195,0.5113447463264087,1.0941939354643668,1.6694617088096897e-06,0.19910446587657718,0.16574261449643496,0.018107243897544922,0.19695251188452745,0.01729271289044459,0.2913754794120527,0.24565434921560741,0.030232750446132654,0.5477958733068996
218,25.874115329511348,0.22579204123171764,0.2997087510302663,161.0805115741364,0.00697001257699996,0.5105219420161561,1.0976261758114538,1.4890478380027577e-06,0.19899371563980825,0.16554940254340483,0.01806405480580542,0.19691735292978807,0.017247143925519723,0.29136594937822907,0.24556243725693658,0.029900392613488102,0.5476961080127115
219,26.80917845886455,0.22513417060452526,0.29880834789946675,39.20850888779217,0.006937884174467288,0.5109720542076169,1.1006976005935762,1.3358028199326368e-06,0.19887310273273917,0.1653414246309313,0.018020580135830813,0.19687951385194047,0.017197757940057196,0.2913555880320221,0.24546511013851444,0.02954831529539526,0.5475907616658016
220,26.79598320874899,0.25931412748837135,0.3012782640289515,38.21834462018392,0.006905661346563195,0.5125559033173788,1.1034497039682751,1.205265131807804e-06,0.19874737887581004,0.16511885516103197,0.017976589564977576,0.19684866250328856,0.017144444540427288,0.29134434996031244,0.24538141497481233,0.029176188495829983,0.5474796995212571
221,27.423804499611034,0.25567071339173636,0.30041482602246106,167.6187237571065,0.006873345663782852,0.5128188645207101,1.1065490615060651,1.0751499956431452e-06,0.19863027736022573,0.16491103765730614,0.017934522755981064,0.19681964700077892,0.017094874208043082,0.29133390196016506,0.24530296080650252,0.028831416176490696,0.5473764526028038
222,27.31744662651735,0.22323845249449903,0.2964711911045015,162.96348290028394,0.006840938701147048,0.5119054298078437,1.1099626024248468,9.480463865174004e-07,0.19852150341085542,0.16471732228303504,0.01789418714869492,0.19679246317180657,0.017048888059863657,0.29132421412389553,0.24522967943543034,0.028512625186920326,0.5472807218055499
223,26.023673083892632,0.2225699960639439,0.3114444969687611,35.88186644147972,0.006808442038125421,0.5122492204095943,1.1130137061584853,8.40722109570842e-07,0.1983986707807118,0.16450250585260182,0.0178526071663134,0.1967607878927595,0.016997596944310557,0.2913133914998476,0.24514712725363924,0.02816526258364887,0.5471769314406835
224,26.099893544901455,0.2520389223125356,0.30656576389446855,36.76624840232636,0.006775857258559482,0.5137122871260165,1.1157406907325265,7.498442018559038e-07,0.19826640324468325,0.16427378884081217,0.01781040323435262,0.19672602408579956,0.016942833211134614,0.2913018190080159,0.2450585027648067,0.027801000911913863,0.547068302189325
225,26.44030551548196,0.24474495221932885,0.299813844030723,169.56995131115585,0.006743185950585416,0.5138908679095423,1.118796542129198,6.613923834729555e-07,0.19814374030342072,0.16406108703043862,0.017770179136326197,0.1966935982039565,0.016892050583094072,0.29129108475859083,0.24497604060822134,0.027464886435184778,0.5469676877922784
226,26.65804785897967,0.2206315634251233,0.2967353861313313,154.35645302375457,0.0067104297065566825,0.5129266190087421,1.122159396260871,5.765921111424109e-07,0.1980287197048426,0.16386133001090367,0.017731778395050704,0.19666301701443442,0.01684448990286623,0.29128102774569264,0.2448985250188335,0.02715166454574426,0.5468736474073806
227,27.39799543936609,0.2199968898008912,0.3009052730631083,41.34954584776746,0.006677590122966401,0.5131995227873586,1.1251684692023756,5.054122107212958e-07,0.1979058708712255,0.16365012936360393,0.017693100311752308,0.19663000592578064,0.016794050768301996,0.29127034928357465,0.24481640876563213,0.026825180815153643,0.5467758923007878
228,26.95830413510586,0.23314591206195845,0.2986646881327033,39.35376368142725,0.006644668800369547,0.5145733569433387,1.1278580157744824,4.455025952348618e-07,0.19777473306603766,0.16342665706043558,0.017653984062228806,0.1965944604257049,0.016740524541134193,0.29125900039672514,0.24472943748512505,0.026484356556179364,0.5466740325306456
229,25.982822134903245,0.2259616933368669,0.29979854403063655,148.29340208312613,0.006611667343304942,0.5146974385773672,1.1308804601785287,3.881868411541103e-07,0.19765159203040683,0.16321672766630207,0.017616940584468076,0.19656097225970354,0.016690320969225684,0.29124834601746746,0.24464778212017138,0.02616675968946541,0.5465787781242306
230,27.05818722477257,0.21814544026652316,0.29882802814245224,131.0860121948918,0.00657858736021704,0.5137107539559745,1.134224989703603,3.340108604022289e-07,0.19753448029021292,0.16301733632734783,0.017581880795166826,0.19652903653805628,0.01664265669745169,0.29123822100132607,0.2445703092826051,0.02586761250520743,0.5464888278648525
231,26.993230707472335,0.21751179361098993,0.29788435506634414,39.02301657823547,0.0065454304633775495,0.5139379108734217,1.1372156093589911,2.8884647523268664e-07,0.19740779746945566,0.16280335997838616,0.017545941276807284,0.1964943854056708,0.016591396796344884,0.2912273280513862,0.24448759802990366,0.02555128797926729,0.546394078108571
232,26.000627636453988,0.21667301638432124,0.2883560040500015,35.93188002673034,0.006512198268806849,0.515244897577785,1.1398866192811017,2.5109969063995124e-07,0.1972711982121362,0.16257412058538184,0.01750891978489978,0.19645692031704992,0.016536374677473945,0.29121562344008256,0.2443994302008045,0.025217085573359835,0.5462942189993583
233,26.48755782010652,0.3567020412329498,0.3066056801471859,37.57770931598091,0.006478892396195212,0.517514986518647,1.142278369159159,2.1946969467098593e-07,0.19713298011383995,0.16233534588630438,0.017471278335677066,0.19642743342858196,0.016478851126783045,0.29120335221395427,0.24432726812816136,0.024872694997300472,0.5461914156506746
234,27.608290864941797,0.45587943228662486,0.3111045518890023,243.38187967992016,0.006445514468823885,0.5184692421113527,1.1449748139049643,1.8981620981335839e-07,0.19700966977884787,0.16212029362463026,0.017434699469750518,0.1964009768486518,0.016427368122953166,0.29119238802333336,0.24426207212091072,0.02456346126849722,0.5460986902007469
235,26.723437534237497,0.382768070372061,0.312104047043249,307.53765992388213,0.006412066113485961,0.5182482421130669,1.1479177313938067,1.6249951039878044e-07,0.1969020265695728,0.16192998972748449,0.017399150690523817,0.19637782024630793,0.016382162670154386,0.2911827915765916,0.24420421696723346,0.02428933528925003,0.5460161681313218
236,27.205761261098452,0.23683950335106163,0.3049036399461329,254.73268734028724,0.006378548960407088,0.5169838882140103,1.1510982499773406,1.3756488127552292e-07,0.19680669724460598,0.1617592126240671,0.017364451121711613,0.19635720452259817,0.01634193834267761,0.2911742809226557,0.2441521693261065,0.02404358005423639,0.5459419747963877
237,25.758919170792026,0.2140996399231888,0.30219117482192814,161.77824418268142,0.006344964643166021,0.5147980073451827,1.1545248312283105,1.1498376735214338e-07,0.19671701880163672,0.1615985017198767,0.017331369027102632,0.1963375234439351,0.016304176085345876,0.29116629088095186,0.24410284164018142,0.023814143876997828,0.5458726091263403
238,27.53811100831651,0.21374959499738042,0.3036897929850966,40.17208339831943,0.006311314798615003,0.513909612043591,1.1575883599558734,9.644291399396066e-08,0.19661492949870912,0.1614193094955968,0.01729746854356111,0.19631400938626017,0.016261805534916046,0.2911573083956033,0.24404620982024872,0.02356305744656779,0.5457972228150031
239,26.91121825693881,0.2131651897833045,0.30663972115144134,38.13053311256063,0.006277601066799985,0.5141720792575308,1.1603233154321866,8.119282821617545e-08,0.1964992158822371,0.16121962400275783,0.017262510650615053,0.1962863700114076,0.01621431062988973,0.2911472156844802,0.24398163165468875,0.02328773785951078,0.54571495597412
240,26.252171041875666,0.2123695858752427,0.3041846239939332,36.40306024075974,0.006243825090880691,0.5154579628722178,1.1627622742504058,6.862594409923382e-08,0.19637078461139795,0.16100073044474453,0.017226477569139274,0.19625492451288296,0.016162043095296293,0.2911360860751057,0.24390979920534894,0.022990467264059195,0.5456263844096595
241,27.764220736079338,0.2114043331471777,0.30401338590309024,41.28406317312077,0.006209988517050537,0.5176560682949628,1.1649364572874534,5.8249450665799514e-08,0.19623297417408286,0.16076806042748565,0.017190102109421564,0.19622060508745942,0.016106289520733258,0.29112418675977964,0.2438326613228502,0.02267836534554098,0.5455334352336403
242,26.111073840158856,0.48938296100798057,0.2924851400312036,37.853407687879546,0.0061760929944563985,0.5206689770160554,1.1668735818591425,4.9663356487900375e-08,0.19608819452795218,0.16052510053747565,0.017153333898543382,0.1961841891224002,0.016048048167757362,0.2911117426042814,0.2437518627414033,0.022356993561415593,0.5454377271086103
243,27.430348529839115,0.797288930739046,0.3061247169971466,300.23615323686283,0.006142140175118224,0.5223434884726023,1.1691163174090335,4.18893161200675e-08,0.19596193525006034,0.16031080263194206,0.017117719937131053,0.19615229903647707,0.015997075579392207,0.29110088180530597,0.24368044322574156,0.02207385554846218,0.5453529929413907
244,27.61766992059345,0.8611776391860609,0.3087858899962157,376.7646548156583,0.006108131713848528,0.5228209330330935,1.1716124629599096,3.494506521917452e-08,0.19585550662733742,0.16012704054336577,0.01708317444746984,0.19612528658350933,0.015953834380689005,0.29109172298483427,0.24361890261884728,0.021829782471016305,0.5452796604551967
245,27.314724912940466,0.6680678495192475,0.3070263790432364,382.34687068844886,0.006074069268171734,0.5222326507165274,1.174332036191833,2.8811059149798172e-08,0.19576776967125203,0.15997131285016872,0.017049592516593153,0.19610372320450967,0.01591770615602211,0.2910841306419618,0.24356834510028735,0.021621418533440736,0.5452168533604164
246,26.6755874859526,0.3518312090516325,0.3018963679205626,350.3499468871368,0.0060399544982433885,0.5206995490804261,1.1772549364411933,2.345081124593165e-08,0.19569463761876754,0.15983818137503722,0.017016904479045237,0.1960856825243221,0.01588731259132668,0.2910778004469134,0.2435250199412453,0.021442076790601748,0.545162663482952
247,26.907956893475433,0.20857421488426411,0.302751132985577,260.60337048415414,0.006005789066769251,0.5183328491032536,1.1803792117807657,1.8811449479739076e-08,0.19562939694196607,0.159717692441792,0.016985251691931515,0.19606950786264085,0.01586009943235644,0.29107216206711034,0.2434858226059176,0.021280121099626258,0.5451136990278936
248,26.248922430510607,0.20838895557528334,0.3031511118169874,37.88328265137562,0.00597157463892425,0.5172218313787441,1.1831702300577795,1.508488993379346e-08,0.19555026180397647,0.15957619537930232,0.016952897644429994,0.19604963674993942,0.015827658868645268,0.2910653873803295,0.2434399577012818,0.02109544293722599,0.5450584140704378
249,26.275286456186038,0.2079729801457816,0.3032900048419833,36.0164783692735,0.005937312882271331,0.5172234641627206,1.1856593924631096,1.2092201351448409e-08,0.1954556908680066,0.15941114633438128,0.016919489489928843,0.19602571713456943,0.015789400832772603,0.2910573539659061,0.2433867140691413,0.020885299767175437,0.5449959761223375
250,26.362713824971912,0.2073878375303771,0.30307425698265433,39.39662588632444,0.005903005466680175,0.5182133848355518,1.1878804530038813,9.689431515244881e-09,0.19535191429010468,0.1592323414918918,0.016885816414092043,0.19599935993401305,0.015747730750312754,0.29104856980676524,0.24332926654917428,0.020661604832234816,0.5449296853602853
251,26.29119284673774,0.21111590820783804,0.29111157986335456,38.81080520402915,0.00586865406424582,0.5200829137619483,1.1898598297491803,7.76078488317171e-09,0.19523890134846075,0.15903971877071565,0.01685186518906152,0.19597057481283905,0.015702625002392674,0.2910390282119699,0.2432676389711454,0.020424388078259217,0.5448595047760191
252,27.237433872167976,0.2338120193370962,0.31302956980653107,140.05660914631548,0.005834260349207154,0.5207922057657999,1.1921813549826459,6.105512157960262e-09,0.1951316650128403,0.15885742514494397,0.016820234789226673,0.1959432392268208,0.01565991418150304,0.2910299774090147,0.24320940912623348,0.02020174930635409,0.5447934203258029
253,26.36805834426109,0.208503518287683,0.3118186129722744,176.1318180752154,0.005799825997865329,0.5204668220086719,1.1947777875368581,4.710570973104443e-09,0.19503211889750324,0.15868781801316703,0.016790259935315764,0.19591783231546953,0.015620296210029532,0.2910215791297179,0.24315537285649438,0.019996211709071718,0.5447322266076483
254,27.47626699374572,0.20546214698260956,0.31155079789459705,114.41062435152554,0.005765352688502049,0.5192268384304107,1.197683745633462,3.5455240030023017e-09,0.19493606800444063,0.15852476209064417,0.016762111597693787,0.1958933221692168,0.015582173644890382,0.2910134844394079,0.24310358355934988,0.01980036623197995,0.5446738133029695
255,26.903207839186496,0.20502118373822,0.3129260069690645,38.98716119265334,0.005730842101297777,0.5190765484724054,1.2002771749963392,2.6414241308952747e-09,0.19482866660800743,0.15834426459257084,0.016733097562179566,0.19586592813414022,0.015539757594397635,0.29100445478833764,0.24304673267044222,0.019586855800802872,0.5446103857306598
256,26.58956603170393,0.20441087555939463,0.31020251801237464,39.03263473304718,0.005696295918249847,0.5198934041401952,1.202590322221957,1.943773860567369e-09,0.1947120175731112,0.1581495974447744,0.016703430707510215,0.19583619329371788,0.01549386087822823,0.2909946613409338,0.24298587181830644,0.01935967411170145,0.5445430231753822
257,26.183022297258958,0.21587657403245616,0.3058239580132067,37.235304885126695,0.005661715823090485,0.5215702924353705,1.2046497870577069,1.4090884249203219e-09,0.19458451507539096,0.15793825187660346,0.016672941780496994,0.19580371728402757,0.015443856364416404,0.2909839665804275,0.24292023999018356,0.019116112215674913,0.5444708857738109
258,25.93874850949389,0.23542881324911422,0.3001660550944507,163.82733415364686,0.00562710350120474,0.5221418166334761,1.2069969195387102,9.855308388902262e-10,0.1944652404670711,0.1577405701098266,0.01664439011050928,0.1957733520436812,0.015397149019605465,0.290973966173414,0.2428590416396663,0.018890199572772545,0.5444037080083288
259,26.29291937703887,0.20481582768966222,0.302704585948959,185.65234168728387,0.005592460639548352,0.5217294645609244,1.2095904054158806,6.585042100378182e-10,0.1943546290034907,0.15755683929961323,0.016617283831993266,0.19574519010979377,0.015353869153940877,0.2909646959030961,0.24280235471876943,0.01868189047179678,0.544341546742694
260,26.605693724251832,0.20232236227191436,0.30429581995122135,128.9159613055981,0.005557788926565523,0.5204470403848012,1.2124462600028127,4.131273962852678e-10,0.19424947320070346,0.15738245361907469,0.016591881587849067,0.1957184550847969,0.015312805426991326,0.29095589048966924,0.24274876388866015,0.018485783122630488,0.5442828776255275
261,25.870705556071087,0.2018629024675505,0.2918331439141184,37.595669171181065,0.005523090052106634,0.5202215954441813,1.2149952083306994,2.415810989047131e-10,0.19413572113437408,0.15719462136265583,0.01656557061772495,0.19568963342351334,0.015268505047535075,0.29094637920186944,0.2426917157108273,0.01827740926679182,0.544220729714919
262,26.029156589048092,0.20123321530563276,0.317019569221884,36.54605014276602,0.005488365707345868,0.5209336786259888,1.217266685966304,1.2670307381289078e-10,0.19401186464776932,0.15699095746688554,0.016538149848239148,0.19565839631189105,0.015220420970093913,0.2909360492043229,0.2426306194440474,0.01805458325486023,0.5441544574985585
263,27.512099746011387,0.20047886148493888,0.3068903600797057,41.64251984704534,0.0054536175846988015,0.5224789311214277,1.2192914296223498,5.497317716485277e-11,0.1938825523128164,0.15677896966096644,0.016510440664996028,0.19562584728262813,0.01517030392051781,0.2909252641188606,0.24256751009206967,0.017825131051759854,0.5440862017403303
264,26.490043153648134,0.39590110019156627,0.3051428999751806,39.24895726743131,0.0054188473777399115,0.5247657593428111,1.2210938036526116,1.577154175894647e-11,0.193747240154041,0.15655774562259742,0.016482304154091295,0.1955918930351129,0.015117972465001565,0.29091398947162256,0.24250224069165371,0.017588446870417586,0.544015791469562
265,26.651665605500757,0.5828218480134012,0.3003989818971604,297.7974131407718,0.005384056781120031,0.5259230431527802,1.2231495168948787,7.392482218588473e-13,0.1936280970596264,0.15636052443186152,0.016455133865131373,0.1955629225068343,0.015071601490692251,0.29090401262735577,0.24244626652780524,0.017378149147458884,0.5439529433562479
266,27.290189798895188,0.5758614821587088,0.3000526400282979,332.45976403535565,0.005349247490483755,0.5260737016882425,1.2254251536756966,3.740650448183395e-12,0.19352550950563777,0.15618861708724296,0.01642867493590948,0.19553792391025118,0.015031600114007953,0.29089544031978504,0.24239745309826152,0.017195157141729905,0.5438980482447101
267,27.131499527803697,0.3971491290168949,0.3008479510899633,347.93781198742016,0.005314421202386803,0.5253304977666461,1.227891173841343,1.958132715190581e-11,0.19343754190363,0.1560391383304539,0.016402943678505418,0.1955164035861749,0.014997166043152089,0.29088809781574043,0.24235492228996203,0.01703591536263842,0.543850138367209
268,26.992066889775675,0.2129370893242431,0.300876755034551,297.4311447046267,0.005279579614213322,0.5237969038434888,1.2305341859582455,4.393376963376729e-11,0.19336028894502832,0.15590625173258793,0.016377989266125714,0.19549743484762486,0.01496683687080163,0.2908816562031052,0.2423170837383753,0.016894477114357723,0.5438074947093262
269,26.831609036493933,0.19813702894520377,0.29973616008646786,160.7260373633432,0.005244724424093169,0.5215685460161039,1.2333787070708937,7.319188146798722e-11,0.1932862311617157,0.15577910293183977,0.016354403763856593,0.1954792742640874,0.014937833143946571,0.2908754902185674,0.2422810940709883,0.016760425925531574,0.5437670736124344
270,26.364229750279407,0.19793213689324887,0.2845855799969286,37.80819573570773,0.005209857330819133,0.520443954685719,1.235915914855006,1.0571169124437912e-10,0.19319973098891777,0.1556326881976626,0.01632984447453805,0.1954581459857147,0.014904156291754232,0.2908683062727935,0.24224029183574203,0.016609003150537725,0.5437217880326759
271,26.41525065279211,0.1975615773969892,0.3070217198692262,38.88984908878017,0.005174980033764154,0.5202960871843312,1.238178022265432,1.3990706161963964e-10,0.19310340052431235,0.15547111605076072,0.016304605728415137,0.1954346684155089,0.014866793938573696,0.29086031204118606,0.2421957578631215,0.016444372023459556,0.5436727590505835
272,25.90235474044549,0.1970429435379856,0.3138658588286489,37.81509958585461,0.005140094232798483,0.5210140557523695,1.2401929730885342,1.7460212977534077e-10,0.19299805850449986,0.15529562260152818,0.0162787061321942,0.19540905772707373,0.014826070665646738,0.2908515783107793,0.24214787646793395,0.016267996403712022,0.5436203721710151
273,26.618107446790273,0.19640056704958583,0.3204799119848758,39.2303799091141,0.0051052016282068435,0.522500790154268,1.2419920613442479,2.089405170251339e-10,0.19288913605016914,0.15510816340538727,0.016252246937677337,0.19539026774006407,0.014782333945174518,0.2908421638092894,0.2421141271495744,0.016081547916947547,0.5435650828672186
274,27.280673746216053,0.20224883192132595,0.30606419313699007,41.94119441382879,0.005070303920605558,0.5246710037779994,1.2435927733395507,2.4231339182157384e-10,0.1927744608219969,0.15491272288106214,0.0162257163333862,0.1953693210362872,0.014736648404423163,0.2908323094216417,0.24207679745517344,0.015889258527648217,0.5435080368684779
275,26.11286399060385,0.26768477066495394,0.30584030295722187,143.0594537522133,0.0050354028108596585,0.525787786325671,1.245493130687907,2.706846960624174e-10,0.19266674667967448,0.15472952133630088,0.016200939633531596,0.1953493652747975,0.014693869349004083,0.2908230703451173,0.24204130879682714,0.015710381259335236,0.5434547667266734
276,26.83406695078587,0.268206966391287,0.30293518817052245,230.33256307364258,0.0050005,0.5259651236599862,1.2476207241133692,2.937665528241701e-10,0.19256871736823097,0.15456207749470044,0.01617722076634967,0.19533109465481738,0.014654956368535027,0.2908146711437532,0.24200871736974566,0.015547857308363975,0.5434062017780499
277,26.35845420920381,0.20631862364391795,0.3007443470414728,246.28907466612665,0.004965597189140341,0.5253087002050347,1.2499414039137284,3.114035380192403e-10,0.19247965827214905,0.15440925837853775,0.01615455879254584,0.19531441486239337,0.014619623110199598,0.2908070518833629,0.24197886940043287,0.015400381470077334,0.5433620090929878
278,26.65119706505077,0.19421286276824576,0.30526219797320664,145.18196011989693,0.004930696079394444,0.5239170909694008,1.2524804454217977,3.231812185969518e-10,0.1923953766666034,0.15426486173468937,0.016133138405508937,0.1952984055994354,0.014586271056893517,0.2907998555770255,0.24195032711105907,0.015262145730225291,0.5433205131948129
279,26.180574745816614,0.1938888046432574,0.29968385910615325,38.03647991398309,0.004895798371793159,0.5234839875178157,1.2547433865098587,3.3391330788021645e-10,0.19230122817096396,0.1541054656945149,0.016110883913487913,0.1952796896885528,0.0145493443747866,0.290791880913965,0.24191742219384685,0.015111687150396545,0.5432755732893599
280,25.934212992101596,0.19341711125310257,0.2921684698667377,37.0904587514227,0.004860905767201518,0.5238995617726472,1.2567578943591373,3.4367179056330123e-10,0.19219732800077996,0.15393115175721722,0.01608771789015826,0.19525836825004766,0.014508900686375895,0.2907831425064821,0.24188034879963788,0.0149493889652008,0.5432272726146667
281,25.53302322944979,0.1928133337538121,0.3051066040061414,36.24788218367618,0.0048260199662358465,0.5250676452520188,1.258549331442603,3.5252849600704544e-10,0.19208446219045558,0.15374314162748176,0.01606374929816713,0.19523465824879302,0.014465220474432376,0.29077369592025076,0.2418394987970255,0.014776487094700488,0.5431759165428148
282,26.458218229609578,0.2615407327100435,0.3050566229503602,39.10504294001537,0.004791142669180866,0.5269037743900183,1.2601408611205076,3.6055366950537233e-10,0.1919638514654348,0.15354347282861136,0.016039310666448533,0.19520885489799752,0.014418734708975332,0.2907636259275969,0.24179538515199714,0.014594748339033849,0.5431219501006614
283,27.370504036214836,0.35391712345555676,0.29649020708166063,219.3581040338893,0.004756275575906832,0.5277668627738019,1.2619774634372871,3.6320043855086073e-10,0.19185442930310628,0.15336158154955098,0.016015975489471847,0.19518538218587075,0.014376544431949476,0.2907544876291561,0.24175520689142369,0.01443029087837148,0.5430729092012903
284,26.240901582867203,0.3300267178726983,0.29677971196360886,286.8280174463177,0.004721420385786677,0.527764253980522,1.2640103750516056,3.611904536855319e-10,0.19175718795228944,0.15319876148934644,0.01599351773479614,0.1951645057659715,0.014339017979811856,0.2907463720060788,0.24171930799478014,0.014283844319709355,0.5430290792938713
285,26.317252733042633,0.22716862581752226,0.2963934540748596,264.978051536639,0.004686578797613198,0.5269949133060872,1.2662217418331356,3.550245303715676e-10,0.19167044033626904,0.15305239628163952,0.015971857047656215,0.19514586009417162,0.014305505369953739,0.29073913747182056,0.24168710014785852,0.014152870430269722,0.5429897667294104
286,27.963586352592042,0.19077474835686134,0.29663809784688056,166.5461019580232,0.0046517525095162455,0.5255502067340575,1.2686316826961856,3.4487216625711166e-10,0.19158995430058853,0.15291620481870938,0.015951133641469533,0.19512850969601184,0.014274437452057599,0.2907324320793221,0.24165715807648133,0.014031927851207058,0.5429533989659652
287,25.7575476625736,0.19048891152716863,0.301888040965423,36.9152122729393,0.0046169432188799715,0.5250218762145638,1.270778396491687,3.359100918802975e-10,0.19149998614684063,0.15276540643875444,0.015929690725197166,0.1951088836061129,0.014239906844218459,0.29072497065580877,0.24162379682219856,0.013899841080022554,0.5429138999417905
288,25.95434468035219,0.19007166686732263,0.2932039708830416,38.46565155545893,0.00458215262226009,0.5253042507389017,1.272689146110762,3.2798902253905457e-10,0.19140175383856903,0.15260195897378273,0.01590772696935561,0.1950872639591784,0.014202357774838427,0.2907168445539311,0.24158747463053895,0.013758297273262193,0.5428717038304725
289,26.577095518992735,0.18955009690085023,0.3088409439660609,39.45722138918344,0.004547382415301199,0.526304760244988,1.274394492048152,3.209801664626693e-10,0.19130120390496927,0.15242899041924998,0.01588537055290186,0.1950722128937006,0.01416243025362655,0.2907081767258085,0.24156478871579873,0.013609774705347568,0.5428274980532899
290,26.148118068552176,0.24217124266563134,0.30708570987917483,36.156550592403136,0.004512634292654133,0.5279419676344451,1.275907545776861,3.1477211460803804e-10,0.19119067838145887,0.1522412635894509,0.015862287380413502,0.1950540996945912,0.01411904271118303,0.2906987541803313,0.2415371712405521,0.013450522340983078,0.5427801941894549
291,25.72112315779416,0.31042922347874086,0.30140691716223955,220.7259373620311,0.0044779099478933675,0.5286740227323793,1.2776430536333077,3.055504918377146e-10,0.19109002494226604,0.15206985936599313,0.01584043491382947,0.19503746323368715,0.014079539417979339,0.2906901744946823,0.24151173446240837,0.013306014566590262,0.5427370990663641
292,27.21129445417958,0.2820968219594377,0.3088616509921849,266.3201442163587,0.004443211073434475,0.5286022503723293,1.279569636239342,2.938782852606712e-10,0.19100003172427904,0.15191563951014803,0.015819457957874556,0.19502254696423157,0.014044168221314865,0.29068250110989463,0.24148878968076384,0.013176501514463621,0.5426983431857042
293,26.036126134948343,0.20207928065048364,0.3012969649862498,262.8256492666354,0.004408539360451648,0.5278189731994825,1.2816601343386684,2.8030203002524e-10,0.19091873828708686,0.15177562702602831,0.015799417172255678,0.19500900823729772,0.014012209901391156,0.2906755753696765,0.2414678757180445,0.013059573761627242,0.54266326013732
294,27.153125780854214,0.1877122216508177,0.30403273017145693,161.91884323689032,0.0043738964987952616,0.5264094635025608,1.2839311632941732,2.6498938883271245e-10,0.1908417955054759,0.1516434060468273,0.01578056100989811,0.19499595244750842,0.013982059407509526,0.2906690378955806,0.24144771222953632,0.012949995447743182,0.5426303351195461
295,26.604162923594654,0.18744769988790752,0.30079224915243685,40.02066524836206,0.004339284176909517,0.5258647968974794,1.2859534803125774,2.5165473982933995e-10,0.19075660319696933,0.15149884215928774,0.015761228158557572,0.1949806002961854,0.013948984551520568,0.2906618576936238,0.24142403453026942,0.012831585461060712,0.5425949115344936
296,26.984137490842414,0.18705851093462444,0.29814201896078885,39.7958519132038,0.004304704081750153,0.5260846600958011,1.2877520770057675,2.4001760587265497e-10,0.19066292459483106,0.15134148282384344,0.015741334780349617,0.19496296728944473,0.013912900558598272,0.2906540171367262,0.24139690728862512,0.012704194798318035,0.5425569298489233
297,25.8158988773417,0.18657241468435828,0.30690100113861263,37.03308410973407,0.004270157898702224,0.5269811216556266,1.2893566912117103,2.2984138942574996e-10,0.1905671185265555,0.15117482739804766,0.015720923196174158,0.19495191596336112,0.013874544842350317,0.2906456599602164,0.24138346427090585,0.012570495166082595,0.5425171356199546
298,26.819824116351427,0.19878195264439286,0.2995230171363801,41.328477488920406,0.004235647311497952,0.5284768286556599,1.2907831949427298,2.2092589842115927e-10,0.19046726142694453,0.15100298469172288,0.015700486267902988,0.1949388750989016,0.0138349851946106,0.2906370323659824,0.24136668351179358,0.01243400273667854,0.5424765087238669
299,25.79455576448734,0.23455208289528573,0.29140713904052973,181.27505533251878,0.004201174002134672,0.5291296027179616,1.2924282006507182,2.1057174455622297e-10,0.19037438780048235,0.1508434297397869,0.01568143418737889,0.19492642678580568,0.01379831332006359,0.2906290291476913,0.24135049889121687,0.01230817791254872,0.5424389283489879
300,25.615317648462277,0.21590550196704328,0.2968081869184971,215.6296525309928,0.004166739650792848,0.5290344393798485,1.2942567589566123,1.9918502632252907e-10,0.1902892437509663,0.1506968729136472,0.01566332059990815,0.1949148391503358,0.013764762433638049,0.29062170984823127,0.2413353032632112,0.012193420830438383,0.5424045561590038
301,27.028673143922738,0.18504781827595523,0.2969043490011245,178.39825350613907,0.004132345935754183,0.5282787175235049,1.296266316742468,1.8696360828967548e-10,0.19021035319350782,0.15056094209873477,0.01564604186507536,0.19490386022685446,0.01373373781827999,0.2906149421958521,0.24132075914514112,0.012087662428848392,0.5423728076378351
302,26.308073818038224,0.18471805860860613,0.2961152349598706,38.58391963862255,0.004097994533319826,0.5282761652923448,1.298053470311533,1.7636247429396977e-10,0.19012326120354778,0.15041282889670443,0.015628166422416476,0.19489041774726948,0.013699881709732718,0.29060755636552205,0.24130240766647723,0.011973774637894254,0.5423387615498614
303,26.27470881714146,0.18861453966193054,0.2865338649135083,40.08821408153251,0.0040636871177286695,0.5289395058155705,1.2996430213557517,1.6714519475965317e-10,0.19003129219726386,0.15025771591347475,0.01561004380966822,0.1948753054642157,0.013664403633800708,0.2905998116820635,0.24128145967228035,0.011855695922997643,0.5423035168623679
304,26.773565203116114,0.18398423747475903,0.30596548691391945,148.32490433342193,0.00402942536107575,0.5288783484454851,1.3014398088858332,1.5716472658668574e-10,0.18994474226728855,0.15011209455930755,0.015593178001132583,0.19486085686001334,0.013631123919635266,0.29059254103983284,0.24126136270271298,0.011745567412991997,0.5422705578919851
305,26.093237531078856,0.20139510000748473,0.3195377348456532,38.39209237512633,0.0039952109332307495,0.5294778745948927,1.3030356942207137,1.4850171575399322e-10,0.18985016060339235,0.14995438105600914,0.015575719186734758,0.1948441867504331,0.013595025261845547,0.29058465140019707,0.24123794670978427,0.011627510728961322,0.5422353270747446
306,26.584463888706548,0.18957217952819505,0.30324578704312444,174.9648237728969,0.003961045501756612,0.5293705435946329,1.3048186751305821,1.3931562060390654e-10,0.189762207723583,0.14980771816987257,0.015559285704500247,0.1948285615727885,0.013561547651015672,0.2905773324735067,0.24121595003331558,0.011518501940300997,0.5422027063897508
307,26.11635147512938,0.18302794790437674,0.3049069189000875,151.46615239622696,0.003926930731828268,0.5286390822822576,1.3067756570974007,1.2978148186225988e-10,0.1896796702067658,0.14967026448167503,0.015543907700055908,0.19481374772599586,0.013530202055541443,0.29057047523020346,0.24119507500999912,0.011417003532715842,0.5421722640166409
308,25.96170999396808,0.18269951835215253,0.3099240439478308,37.83367087770115,0.0038928682861514748,0.5286231481634659,1.3085156126672932,1.2154512123421917e-10,0.18959014698218113,0.14952211131565277,0.015527873880939883,0.19479709098850406,0.013496384844704487,0.2905630740510403,0.24117153300059757,0.01130872343902745,0.5421398876882816
309,26.894614552846804,0.18228737014379917,0.30305144120939076,41.51339956183332,0.0038588598248817775,0.5292393811983142,1.3100626279461145,1.1441181143939472e-10,0.18949649464961055,0.14936778898056854,0.015511552025959963,0.19477925454073544,0.013461151494202885,0.2905553587547737,0.241146298766886,0.011196979444076978,0.5421065148429123
310,26.659647587689722,0.2220599700553308,0.2899023569189012,39.50107082917521,0.0038249070055436027,0.5304144098638408,1.3114357239051522,1.0821889725529179e-10,0.1893974151845152,0.14920521029407757,0.015494788686410452,0.19476001316209582,0.013424034592132586,0.29054722965469437,0.24111908492097148,0.011080431249756485,0.5420717577350372
311,26.17894229104253,0.25304107498361933,0.3032483560964465,223.43137721119604,0.003791011482949462,0.5308483605339372,1.3129874886055546,1.0172254624817777e-10,0.18930678072361748,0.14905619123895889,0.015478934762832604,0.19474235230947007,0.013390092325318135,0.29053979357602017,0.241094081859615,0.010974217260873413,0.5420399735102295
312,26.63774789185771,0.21963284539435934,0.30272622988559306,229.3344544626416,0.003757174909119309,0.5306265636922565,1.3146999347597788,9.504501072759523e-11,0.1892252654226964,0.1489206083347864,0.01546369081297976,0.19472752861228138,0.01335929422200404,0.29053304667347357,0.24107372115948025,0.010878064051970998,0.5420111170517802
313,26.647916355821977,0.18096686056089198,0.29583818512037396,195.26513832244677,0.0037233989332000153,0.5298264387288026,1.3165604333551315,8.828288888179877e-11,0.1891499030475347,0.1487950256964043,0.015449153042026301,0.19471374560656868,0.013330860425979977,0.29052681848854467,0.2410547576341503,0.010789611867586374,0.541984517500503
314,26.040943760310075,0.18068648929525324,0.295720755122602,38.12270400288822,0.003689685201384996,0.5297153811819046,1.3182141155270561,8.245193632712727e-11,0.1890679305607478,0.14865928365460976,0.015434035578958376,0.1946983265676926,0.013300113721202296,0.2905200853185486,0.24103351931989017,0.010695076247649328,0.5419562090448837
315,27.308589208303943,0.18032028722357085,0.298571694875136,42.54152452632532,0.0036560353568339784,0.5302126026974834,1.3196832248633799,7.741078489621631e-11,0.1889808854624867,0.14851588726662235,0.015418631006976255,0.194681602613649,0.013267591394544177,0.2905129580353871,0.24101047813949628,0.010596063214452752,0.541926616975962
316,26.407692941401706,0.23390382800405762,0.2887165420688689,40.162146273833756,0.0036224510395929128,0.5312470058271864,1.3209870413040858,7.304159282819391e-11,0.18888914827203393,0.14836535638410933,0.015402894835671452,0.194663705786943,0.013233449435987737,0.29050547395758564,0.2409858462974912,0.010493120864288573,0.5418958997108914
317,26.0673062030206,0.25920337693760376,0.27227830211631954,238.82153627848825,0.0035889338865140396,0.5315887258109523,1.3224567329563774,6.853686778602898e-11,0.1888055914596763,0.14822788802662787,0.015387974701915573,0.19464735894089025,0.013202342210566433,0.290498655370919,0.24096332482876356,0.01039961159062923,0.5418679119118195
318,25.42101421026364,0.21996392170236662,0.2599432528950274,257.0715495730959,0.003555485531176114,0.5313179653390054,1.3240682910755257,6.398259804174697e-11,0.18873007953085788,0.1481031346449813,0.015373707526930366,0.1946325662129734,0.013174236535470549,0.2904924992291723,0.24094288121514754,0.010315147040789643,0.5418425664237592
319,26.28873531776932,0.17916395289421133,0.2855849238112569,212.00189627262563,0.0035221076038047896,0.5305077556278666,1.3258155989571325,5.942282691987194e-11,0.18866090126023435,0.14798851042972205,0.015360110361086938,0.19461897676293577,0.013148485482396296,0.29048686031543114,0.24092408802597928,0.010237974411317602,0.5418193640742962
320,25.785772712621334,0.17892159486823617,0.28469987004064023,38.40776791967044,0.003488801731193153,0.5303540768042343,1.3273681826002257,5.549288190071584e-11,0.1885857052831604,0.1478645804097142,0.015346058344237417,0.19460402546272051,0.013120608545089908,0.2904807542530891,0.24090352144167634,0.010155402317679871,0.5417946424410668
321,26.6544344496228,0.17859946020891684,0.2922040121629834,40.75385871541908,0.003455569536622451,0.5307794974856354,1.3287470048498087,5.209686809038715e-11,0.18850582507205016,0.14773345801589358,0.015331709146100618,0.19458800216988695,0.013091086995698435,0.29047428414931586,0.2408815815922966,0.010068835662267473,0.541768786802632
322,25.373602868405612,0.21745647705150406,0.2938051971141249,36.03079253422227,0.003422412639782963,0.5317158270830121,1.3299685862902553,4.915489527372351e-11,0.18841904895140563,0.14759156710614352,0.01531673413686656,0.19457048008336794,0.013059134206901635,0.2904672812186357,0.240857714208299,0.009976132636558544,0.5417411773565652
323,26.73358606919935,0.23478466107509563,0.2900595120154321,213.37359102656606,0.0033893326566950604,0.5320033222325347,1.3313552613381274,4.6133498879363763e-11,0.18833943947242246,0.14746114942502453,0.015302606349775826,0.19455439786949363,0.013029852878557544,0.29046086310237396,0.24083581041159025,0.00989148850477322,0.5417158978347462
324,26.240401742184037,0.20183570454818422,0.2995325189549476,236.21669856422287,0.003356331199630453,0.5317176205676732,1.3328814580087116,4.309056860764699e-11,0.18826696332875525,0.1473420349207074,0.01528916183402457,0.19453973097103885,0.013003181569568846,0.29045501843964466,0.24081581356885412,0.009814541223704969,0.5416928614030023
325,26.88741165918961,0.17752743829390313,0.30651919287629426,175.5709469934589,0.003323409877033601,0.5309278114837843,1.3345485698726165,4.004238026230963e-11,0.1881998302317784,0.14723151098908416,0.015276410354256415,0.1945261403354396,0.012978502081688006,0.29044961102546957,0.24079730547745762,0.009743642329912422,0.5416716018183517
326,26.19346047312327,0.17729588990781622,0.3001697009894997,39.445148841283256,0.0032905702934433196,0.5307591516958465,1.3360287565831055,3.74156801815724e-11,0.18812644154945415,0.14711126869666719,0.015263214764573792,0.1945112154562731,0.012951596178094412,0.2904437125310664,0.24077713510394416,0.009667189965398537,0.541648766333557
327,25.992283166496062,0.17699100562891987,0.3024894839618355,39.92337429566932,0.0032578140494145848,0.5311379519119869,1.3373427405095188,3.514624312953651e-11,0.18804891435137866,0.14698458155895144,0.015249696016223765,0.1944954105302685,0.012923240273659447,0.29043749367459465,0.24075590326375806,0.009587355299584465,0.5416249707755715
328,26.9633623049044,0.19408519082478223,0.3079151378478855,42.51536967582879,0.0032251427414405186,0.5319993202737479,1.33850892879824,3.31805746057131e-11,0.18796890586268725,0.14685411823093347,0.015236093301824847,0.19447906892322614,0.01289402997147727,0.2904310831106962,0.2407340601034491,0.009505775899963908,0.5416006737471506
329,25.84103556604798,0.20423539817751646,0.3108179927803576,181.73440591005223,0.003192557961874579,0.5322526792681527,1.339836090989231,3.116737911297906e-11,0.1878950593260044,0.14673358759924754,0.01522335002942112,0.19446399120696567,0.012867109541185863,0.2904251732460552,0.2407139162302817,0.009430846003649082,0.5415783023382538
330,25.153818420194458,0.1824466924936047,0.31733427103608847,200.91401243490859,0.0031600612988529537,0.5319693832198045,1.341298068454515,2.914555632508687e-11,0.18782764976212102,0.14662237291893157,0.015211308433666177,0.194451351818293,0.012842330967272183,0.29041973138801114,0.24069780727361803,0.00936209606625453,0.5415577357717686
331,27.160456566631183,0.17603830370640594,0.3137520309537649,153.37170451000168,0.003127654336217149,0.5312146483585124,1.3428983044270353,2.712130578980417e-11,0.18776394775267244,0.1465173961242221,0.015200010782100197,0.1944393467668877,0.01281895174454559,0.29041459472071773,0.24068250619499643,0.009297547099139275,0.5415384039676658
332,26.576695206348344,0.17581903580171174,0.3210696841124445,39.688268376561204,0.003095338653436806,0.5310446787512104,1.344317697728107,2.5376605511970592e-11,0.18769310519428645,0.14640133073779313,0.015188142889586018,0.19442575553291394,0.012793036188827241,0.2904088976897025,0.24066518759590474,0.009226732439159495,0.5415172797682926
333,25.85584941139774,0.17552229010112727,0.2982510179281235,38.764593582740765,0.003063115825532712,0.5313896668242075,1.345576056004708,2.386893026374851e-11,0.18761680782916043,0.14627677302513586,0.015175793550972568,0.19441094005113838,0.012765194307893296,0.2904027731454057,0.2406463270968525,0.009151319892109017,0.5414948294903423
334,25.523278656787838,0.17543461768119856,0.29768220288679004,36.56236005678293,0.00303098742300004,0.5321881010213869,1.34669001563968,2.2562852608007447e-11,0.1875349010571463,0.14614346819462418,0.015162943793145887,0.19439489581708108,0.012735382942323613,0.2903962130050829,0.2406259348900336,0.009071258482991706,0.5414710313974304
335,26.484923315397477,0.1806545851420488,0.2928434631321579,154.601765402462,0.0029989550117318032,0.5324175474066424,1.347964313924368,2.1223335383347e-11,0.18745879925924103,0.14601969507342422,0.015151065206979543,0.1943799656100087,0.012707721578884404,0.2903901209204504,0.24060696920144148,0.0089972932406184,0.5414489830489551
336,25.968818990899294,0.17466122862336564,0.29426514194346964,166.7123779113364,0.0029670201529425366,0.5321452555258507,1.3493728469846398,1.9875855436525416e-11,0.18738819257806089,0.14590486556528734,0.015140006766233675,0.1943661013648648,0.01268209175550164,0.29038447414208346,0.24058937227000254,0.00892905751894411,0.5414285974842624
337,26.006332453887406,0.17438002536660308,0.2886435450054705,39.065133004854886,0.0029351844030922032,0.5323782380714673,1.3506214620762553,1.8711317916643892e-11,0.1873126834436279,0.14578234986045105,0.015128487584632437,0.19435119681119295,0.012654743757723165,0.29037844896447895,0.24057052221389477,0.008856864794610834,0.5414070805875857
338,26.211518147613603,0.20113974104109078,0.29888902395032346,39.50796685508541,0.0029034493138103373,0.5330558486213338,1.3517275353398315,1.770240926360024e-11,0.18723328806887798,0.14565376426091362,0.01511662838061999,0.19433545858365578,0.012626037004103165,0.29037212179589117,0.24055068112326783,0.008781659507168407,0.5413846886380758
339,26.53087450266352,0.2051820961338109,0.30078788800165057,188.20714766337196,0.0028718164318204194,0.5331978734881057,1.3529739792857547,1.6675350632147423e-11,0.18716039769026604,0.14553551618542557,0.01510543230712458,0.19432100715819406,0.01259970874719027,0.2903663173536883,0.24053246959374172,0.008712933805522394,0.5413641726098973
340,26.39047072108309,0.18002629800830122,0.30062675499357283,213.2052949882151,0.0028402872988644886,0.5328680873434152,1.354335701519843,1.564873431047352e-11,0.18709364541501214,0.14542701107873823,0.01509484736915582,0.19430776553590917,0.012575608489029041,0.2903610044391804,0.24051577732978668,0.00865018234411216,0.5413453994589592
341,25.997362652738687,0.1734660637478477,0.2997160698287189,158.35838201937565,0.002808863451628009,0.5321245249649287,1.3558117444344346,1.462713387919025e-11,0.1870313000968342,0.1453256793117416,0.015084950015927481,0.19429539139218466,0.012553121004777408,0.29035604495542094,0.2405002031756301,0.008591880687231945,0.5413279305269727
342,26.323213278832203,0.17327035318529838,0.3037671099882573,39.93885001414402,0.0027775464216649565,0.5319121818617686,1.357121117405504,1.3745444876257895e-11,0.18696478064210506,0.14521774727795975,0.015074624587071941,0.19428217663752154,0.012529180770468258,0.29035076805392884,0.2404836663829811,0.008530342714247172,0.5413095538553165
343,26.23288941534712,0.1730051080796521,0.2967699540313333,39.246548194045936,0.0027463377353231923,0.5321669147293153,1.3582808288222152,1.298259038391215e-11,0.18689329066889065,0.14510198850110873,0.015063838980708294,0.19426795133882044,0.012503490801718108,0.29034510452235934,0.24046596387300523,0.008464848692724425,0.5412900430708791
344,26.063099934216268,0.17267411663133103,0.31178365694358945,37.19067755010563,0.00271523891367006,0.5328321985089169,1.3593063670678964,1.2320983781701073e-11,0.18681653532696366,0.14497792255729372,0.015052546158279468,0.194252664375418,0.012475951378542164,0.2903390320472462,0.2404470402844376,0.008395195056164751,0.5412693291629685
345,25.95279332214446,0.21857757823673582,0.308916546870023,38.388157546405466,0.002684251472418251,0.5338581742275845,1.3602175180010405,1.1745904358100288e-11,0.1867402252367965,0.1448501377805019,0.015040994184782946,0.19424265975354696,0.012447536770902786,0.29033275619109666,0.24043887534790112,0.008323877952827243,0.5412481311057721
346,25.948438211058956,0.2663828375644961,0.32268430781550705,222.72353575779405,0.0026533769218519384,0.534345568277317,1.3612627098030587,1.1153973213004563e-11,0.18667093335477572,0.14473388967770426,0.015030071952111777,0.19423348697651216,0.012421765322148254,0.29032706442855355,0.240431270745104,0.00825933617435219,0.5412288933929568
347,26.344971240640866,0.2576264004395476,0.2967473620083183,267.92521722074207,0.0026226167667531583,0.5343582144586647,1.3624191712270375,1.055582362555984e-11,0.18660885375168176,0.14462932529886874,0.015019645350934472,0.19422523813769085,0.012398662448584149,0.2903219657284568,0.24042438163689947,0.008201558487785886,0.5412116319760688
348,25.82327662818463,0.20600975523926834,0.29569685109891,264.8408600014178,0.0025919725063284762,0.5339536937223643,1.3636714665631424,9.958837239820982e-12,0.18655290871716673,0.1445347374593152,0.015009684673489869,0.19421776685366293,0.01237785681039437,0.29031737796997736,0.2404180702918881,0.008149561062733178,0.5411960692507461
349,26.467046746013832,0.1715752259516947,0.29792314302176237,201.16326544927816,0.0025614456341359064,0.5331840507124566,1.3650180549855435,9.365406956562822e-12,0.18650144111550507,0.1444476076277375,0.015000231359431947,0.19421078729353075,0.012358741522013932,0.2903131646183465,0.24041204999713442,0.008101890567823428,0.5411817844232145
350,27.011132017710136,0.17142279508563762,0.2934432439506054,40.83897730683493,0.0025310376380121382,0.532908392478097,1.3662116064590215,8.852116187727796e-12,0.18644555605527827,0.1443538614170856,0.014990476526181684,0.1942025940965029,0.01233816141765641,0.29030862979828076,0.24040436589470593,0.008051043507353233,0.5411666069561105
351,26.200885815401314,0.17119972792718274,0.29855186003260314,37.976414928238896,0.0025007500000000012,0.5330665009417483,1.3672671408826995,8.407090711642552e-12,0.18638350798718709,0.14425071278072446,0.014980256561553457,0.19419288170366575,0.012315489018497734,0.2903036344634306,0.2403946942800017,0.007995549073936221,0.5411501010408085
352,26.745829816275943,0.1709285433937261,0.30946861510165036,40.98638577221492,0.0024705841962762423,0.5336053484264147,1.3682013167539728,8.020393842335199e-12,0.1863186746151901,0.144143473778625,0.014969893204685976,0.19418233848277006,0.012291905271789076,0.29029843488724577,0.24038387120919422,0.007938227918055672,0.5411330662726997
353,25.211228298085,0.2203591690378538,0.3024939661845565,35.92491562666796,0.002440541697079578,0.5344780801058806,1.3690258735172776,7.683683399405016e-12,0.18624926852352527,0.14402924352494131,0.014959146717561649,0.19417065992685834,0.0122667842898742,0.29029289569883066,0.240371576572034,0.007877645228753215,0.5411150897912467
354,27.317482234529862,0.25804053201059957,0.3089890219271183,216.62564267932424,0.0024106239666390364,0.5348683137547751,1.3699771374496597,7.333897622327994e-12,0.18618637447788794,0.1439254753182413,0.01494899339148009,0.19416004829445607,0.012244036286007585,0.29028788089627683,0.24036036448321388,0.007822888450354386,0.5410988032978408
355,26.783154782735256,0.24468234886604778,0.30172178498469293,259.1113762303425,0.00238083246310259,0.5348339538982978,1.371031490758312,6.978130343310973e-12,0.18612989607702107,0.1438319217079173,0.014939325922824967,0.19415051417488421,0.012223621420792708,0.2902833843285326,0.24035025968863027,0.007773793909826415,0.5410841735106854
356,25.849794369502202,0.19753155370494258,0.30943264602683485,261.06330838203075,0.0023511686384660928,0.5344271382403425,1.3721726791801288,6.621323435655102e-12,0.18607884642486766,0.14374707611611195,0.014930143911502191,0.19414186389477178,0.01220514974538101,0.29027931844642607,0.24034106000284133,0.007729431225137864,0.541070933834217
357,26.955830863031856,0.16998595196604072,0.2981354268267751,182.55876155745392,0.0023216339385025075,0.533695100364288,1.373404488562323,6.263677576722249e-12,0.1860316531075851,0.14366853832558069,0.014921457842432286,0.1941338258340763,0.012188095248435215,0.2902755649175393,0.24033248122577974,0.007688600322878094,0.541058736766439
358,25.789822524936536,0.16985377068360563,0.3096505831927061,38.56783577013727,0.0022922298026914426,0.5334139894384685,1.3744952783165352,5.953695785676399e-12,0.1859803350318081,0.14358365866653994,0.014912495573165182,0.19412485271053376,0.012169629156171532,0.29027149856111417,0.24032277230173563,0.0076447790677039995,0.5410456903692181
359,26.11835064277476,0.16966702741270084,0.2903055059723556,38.83041020938798,0.0022629576641489953,0.5335282983536502,1.3754602664036926,5.6844330044268e-12,0.1859252335125978,0.14349294765088058,0.014903263463482915,0.19411503458210302,0.012149877707535377,0.2902671481812158,0.2403120505051831,0.0075982782214623875,0.5410318809408493
360,25.701418306246513,0.1694287026027581,0.30622024391777813,37.03045985194341,0.0022338189495579018,0.533989090473015,1.3763126700985067,5.450059686686131e-12,0.1858660816828016,0.14339595442767708,0.014893709645096192,0.19410433459287618,0.0121287458057051,0.2902624924734914,0.24030028814879237,0.007548901513216108,0.5410172457243607
361,26.553541524359122,0.1969930381297722,0.31039120606146753,39.91198022513377,0.002204815079098002,0.5347531866501412,1.377068359818915,5.24566643578695e-12,0.18580634176145186,0.14329456216750386,0.014883992603248972,0.19409770376039126,0.012106579720482983,0.29025759872523615,0.24029699362629658,0.007497481437187636,0.5410020170969035
362,26.063115364526837,0.22102004609365553,0.31381168798543513,194.08032779153504,0.002175947466377023,0.5350846185853972,1.377939244623769,5.0317880733398485e-12,0.18575155523811318,0.14320155538218293,0.014874882939324674,0.19409149177207421,0.012086297136537326,0.29025312027194133,0.24029370670829342,0.007450560514359502,0.5409880927540688
363,25.281163724110577,0.21010789476933597,0.29573554499074817,239.31954871441326,0.002147217518361684,0.5350359353801805,1.3789012878630709,4.813275098521139e-12,0.1857017770160572,0.14311691165293533,0.014866301744059118,0.194085766147826,0.012067891397171265,0.29024905780744265,0.24029054636352526,0.007408051554072662,0.5409754564107598
364,26.381865980759006,0.17862774443252435,0.29415369988419116,207.65565716921688,0.0021186266353091193,0.5346546782647751,1.3799492572374232,4.5916147797657005e-12,0.18565620980027892,0.14303931786629961,0.014858171705025585,0.19408043097051483,0.012051076197706075,0.2902453478041251,0.24028746021826855,0.007369310710640216,0.5409639262343718
365,26.4530333497612,0.1686146061729076,0.29741500597447157,170.55092932352918,0.002090176210698632,0.5339833544956749,1.3810774047559682,4.36844986295111e-12,0.18561363928729555,0.14296696694216923,0.014850591303779316,0.19407529564252857,0.01203541581112386,0.2902418920025614,0.24028427680425013,0.0073333318520796414,0.5409532083710686
366,26.4422128986742,0.16849765257731095,0.2908585851546377,40.61476060365498,0.002061867631163781,0.5337187980419819,1.3820755998088277,4.174667592368677e-12,0.1855674743928071,0.1428892811922803,0.014842784064150667,0.19406912449413832,0.012018573440779938,0.2902381744763337,0.24027966456693095,0.007294917349174131,0.5409417959242209
367,26.2665601076008,0.16833181802137034,0.28568495507352054,39.978835642166736,0.002033702276424795,0.5338103764143699,1.3829578655960157,4.006057532691762e-12,0.1855178473477205,0.14280642830526108,0.014834746133647443,0.19406197918596854,0.01200058653439643,0.2902342024387618,0.24027372833354382,0.0072541625472126794,0.5409297101319
368,26.132747725058678,0.16812000934775143,0.292527211131528,39.167501117289014,0.002005681519221329,0.5342134462408501,1.3837365003171556,3.859074246433113e-12,0.18546454789194589,0.14271804476948613,0.014826451143075943,0.19405385929308946,0.011981380545640031,0.29022995996539525,0.24026650328960822,0.0072109281290915934,0.5409169084340898
369,25.903300118926794,0.17515100315796703,0.308168922085315,37.92020769873865,0.001977806725245557,0.534888602486192,1.3844227840250303,3.730722327132209e-12,0.18540786569776282,0.1426245450121827,0.014817898434620497,0.19404485895398585,0.011961059477719046,0.290225470938071,0.24025812487480272,0.007165468203275337,0.5409034628633497
370,25.260376893642583,0.1879688640673507,0.30044536711648107,172.4465382482318,0.0019500792530756125,0.5351772660420346,1.3852135958472886,3.595437006232511e-12,0.18535555380594382,0.14253830925094774,0.014809995440070261,0.1940364901821677,0.01194233270730871,0.29022133215741625,0.2402502752607554,0.0071237066706827685,0.5408910868441104
371,25.574966532535985,0.1814270530713138,0.2931775189936161,180.90932406466675,0.0019225004541093714,0.5351272333784667,1.3860947067282245,3.455400915966081e-12,0.18530754799845264,0.14245911570705524,0.014802602443281448,0.19402876907818675,0.011925176705614016,0.2902175403792062,0.24024298145246156,0.007085522483267619,0.5408797525471006
372,26.225632663934586,0.16742427890460831,0.2930737300775945,187.33401149725313,0.0018950716724985875,0.5347812398057037,1.387052536220555,3.3126861245073444e-12,0.18526332269671159,0.14238614522403678,0.014795710414545563,0.19402161235547954,0.01190939156085618,0.2902140516382309,0.24023617964159755,0.00705049397998868,0.5408693423959865
373,25.92530464886379,0.1672774056575982,0.2963294389192015,38.59991685540259,0.0018677942450833797,0.5347739034439831,1.3878985927851226,3.1884128050104015e-12,0.18521598059388553,0.14230841924067775,0.014788616198107524,0.19401372258077884,0.011892568308768125,0.29021033336497754,0.24022847686411816,0.00701339467970847,0.5408583405371207
374,25.898751993027357,0.17002951204183817,0.2965485700406134,38.50760811120239,0.0018406695013270778,0.5350624089819902,1.3886445613360119,3.0800068296524686e-12,0.18516491858331696,0.14222499870730188,0.01478130071839361,0.1940049889809567,0.011874481533597062,0.2902063328181758,0.24021976826039904,0.006973742361422001,0.5408465964422093
375,26.304786733633875,0.1669412440749959,0.28778068884275854,161.12338259264746,0.0018136987632514257,0.5350299300800493,1.389480689482689,2.966994743461893e-12,0.18511766425039505,0.14214783616301294,0.014774531751513852,0.19399687365882584,0.01185776746855267,0.29020263459999124,0.2402116478421881,0.00693720624181635,0.5408357581548177
376,26.878372761025005,0.1751047434849191,0.2936365290079266,42.59104781054306,0.0017868833453721464,0.5352874339384236,1.3902189604974562,2.8683984419811452e-12,0.1850687380416477,0.14206817830999682,0.014767707022855339,0.19398834183311067,0.011840505200995029,0.2901988136688031,0.2402030142616593,0.006899665998640958,0.5408246310146293
377,26.426701029138805,0.17035739449208478,0.3057038579136133,168.4383264803041,0.001760224554634879,0.535235982556159,1.3910424440719433,2.7657672925467124e-12,0.18502404953953416,0.14199467890730483,0.014761356653666098,0.1939813687823366,0.011824585756299221,0.29019528756978524,0.24019680981071667,0.006865136232192722,0.5408143815433696
378,26.4117983390465,0.1665362428919771,0.3056524859275669,171.08329853494024,0.0017337236903514676,0.5349149751534391,1.3919373024719202,2.6606868118164017e-12,0.18498261486138629,0.14192658839143124,0.014755475077294362,0.19397484744426796,0.011809850458729764,0.2901920229575606,0.24019094896384544,0.006833263176243471,0.5408049095460887
379,26.45480579434211,0.16639939176995144,0.2928267118986696,39.49816172869856,0.001707382044136658,0.5349038346816818,1.3927268573989036,2.5691085174502802e-12,0.18493798764484987,0.1418535988298715,0.014749346512392108,0.19396757404473816,0.011794048723029563,0.29018852253860833,0.24018416614237423,0.006799280107876087,0.5407948324239391
380,26.176622110719485,0.16622627093106104,0.288363398052752,39.26763630205469,0.001681200899845118,0.5351629667592923,1.3934229931551163,2.4891667724371567e-12,0.1848908675959954,0.14177679752297678,0.014743025957551063,0.19395969605386804,0.01177741857325274,0.29018483793712385,0.24017663666038652,0.006763700274461678,0.5407842943268177
381,26.0397542004677,0.18101167493651715,0.2909449730068445,38.45029651218236,0.00165518153350889,0.5356574378429343,1.3940382881432845,2.41927892673262e-12,0.1848428681473617,0.14169577052837434,0.014736475479095285,0.19395502182739785,0.0117598261782915,0.29018093401891293,0.24017586073244698,0.0067262850134311766,0.5407732251502522
382,25.798323566503367,0.18941093036000042,0.28998162713833153,200.94166678572628,0.001629325213275175,0.5358366743324662,1.3947328228499256,2.3456745063724934e-12,0.18479906476328384,0.14162186031726057,0.014730407742764687,0.19395064888241345,0.011743804075976432,0.29017737828633683,0.24017493593493075,0.006692299052894687,0.5407631536158866
383,26.659123470761905,0.18014980666983293,0.28449994581751525,200.62985046710298,0.0016036331993445477,0.535740748287417,1.3954974241712128,2.2692705043265387e-12,0.18475891708918946,0.1415541159559676,0.014724705751797717,0.1939465300245341,0.011729148153142365,0.2901741264683677,0.2401738635182793,0.006661286471918268,0.5407539521565049
384,26.521127910085774,0.16566446283362313,0.2869743201881647,167.98018116491264,0.0015781067439095222,0.5354054974461342,1.3963276964679037,2.1906225728968582e-12,0.18472176417561095,0.1414914739477806,0.014719342556472297,0.19394258641541362,0.011715615037814759,0.29017112382795623,0.24017260883048194,0.006632723737423671,0.5407454695543689
385,25.459720540065035,0.16554226747305806,0.2991796440910548,36.84830175703429,0.0015527470910935187,0.5353569298976425,1.3970594555951996,2.1220283466654163e-12,0.1846813295621093,0.14142393422786356,0.014713706845334852,0.1939376815935647,0.011701023741054774,0.2901678871828045,0.2401700254355676,0.006602092844161873,0.5407363932729145
386,26.118912682026384,0.16538378974592194,0.29805927188135684,38.607894176450706,0.0015275554768902442,0.5355580208972186,1.3977036491718142,2.0621128936920524e-12,0.1846379244120338,0.1413519824249192,0.01470785884353851,0.19393191309385002,0.011685474906349204,0.290164438245667,0.24016625539339495,0.00656961258444902,0.5407267827140718
387,26.29658958340337,0.18310257272440822,0.2954401848837733,41.0967045391767,0.0015025331291034288,0.5359761309350767,1.3982710901048947,2.0097071246492515e-12,0.1845934822634146,0.1412786322008376,0.014701949410358194,0.1939256858894941,0.011669638586283284,0.2901609262138875,0.24016175729307487,0.0065366724995508715,0.5407170415733936
388,25.747062200483327,0.18931265980512324,0.29245229810476303,181.27658368124045,0.0014776812672870094,0.5361118667036892,1.3989134637886658,1.9540663310248894e-12,0.18455281905731674,0.14121149024085392,0.014696427926865756,0.19391993135590657,0.011655171724804044,0.2901577177564988,0.24015752159315382,0.006506627905827395,0.540708144108375
389,25.978257038458608,0.17926336369472012,0.29446531110443175,193.61786230890107,0.001453001102685663,0.5360015576891153,1.3996186137616222,1.8961668529814285e-12,0.18451573403784086,0.14115019000044896,0.014691239882773426,0.19391463707342432,0.011641990340099276,0.2901547948843916,0.24015356675498944,0.006479313962807516,0.5407000461536764
390,26.98203018291135,0.16488919802965968,0.29556745011359453,172.53283853699574,0.0014284938381758005,0.535677704798849,1.4003815453305473,1.8364860650355216e-12,0.1844816216182279,0.14109378716276796,0.014686378325649736,0.19390971312472932,0.0116298797242593,0.29015210972671146,0.24014982329504903,0.006454278504107225,0.5406926177667386
391,25.93829508443202,0.16478497169064923,0.29420409607701004,38.89218765916727,0.0014041606682069132,0.5356154367060355,1.4010536742391917,1.7844039354886952e-12,0.1844451479228653,0.14103379969768362,0.014681333003732113,0.19390418877230228,0.011617000774618648,0.2901492554753438,0.24014531175056894,0.006427785485608421,0.5406847744500872
392,25.70346786103454,0.16464958700854737,0.2910381038673222,38.24853256806771,0.0013800027787433825,0.5357805607490657,1.401645087914569,1.7388911102852028e-12,0.1844064059015822,0.14097036253679268,0.014676115645942402,0.19389809449088746,0.011603376211539725,0.290146235625469,0.24014008280024488,0.006399883619787102,0.540676525060863
393,26.291625992815035,0.17762060795755588,0.3049433440901339,39.01322403643589,0.001356021347206654,0.5361429340690479,1.4021648218079772,1.6990703452354443e-12,0.18436558070883863,0.1409037640386538,0.014670753799169442,0.1938914837387257,0.01158906855707705,0.2901430641144035,0.2401342099434806,0.0063707086406403525,0.5406679075399632
394,26.32003261024624,0.18178859289442784,0.3044126471504569,173.64019345490888,0.001332217542417869,0.5362524214595633,1.4027532797955662,1.6565756597791139e-12,0.18432822786937872,0.14084279595214463,0.014665760997569551,0.19388540637914542,0.011575987140314213,0.2901401641299213,0.240128781500305,0.006344092805322864,0.5406600357984924
395,25.81257862984137,0.17318876379119105,0.29013791400939226,177.17726975199201,0.001308592524540895,0.5361420419453792,1.4033993194802172,1.6121545033916109e-12,0.18429399366382576,0.14078687201556755,0.014661086450567616,0.19387981157971387,0.011564010501758933,0.29013750918467957,0.24012375336536831,0.006319758492093095,0.540652831974884
396,25.824223757448255,0.1642064357798816,0.29102451098151505,170.70323020846536,0.0012851474450257668,0.5358411904839636,1.4040945558178084,1.566389841099028e-12,0.1842624476773864,0.14073533549609257,0.014656739115216642,0.19387462971686173,0.011552986249761582,0.2901350651541585,0.24011906717226647,0.006297396249908433,0.5406462066552058
397,26.470349569061046,0.1641108426036489,0.3014448389876634,39.92692895931953,0.0012618834465525906,0.5357765365706274,1.404706174368915,1.5264351070143174e-12,0.18422854869476915,0.14068016103919784,0.014652215588395199,0.19386893715758816,0.011541177889893806,0.2901324480872433,0.24011379710397704,0.006273554377363747,0.540639157636471
398,26.054298303768658,0.16398652654062787,0.2983952830545604,38.277193195286735,0.0012388016629758254,0.5359167884659577,1.4052436009351668,1.4915102058856339e-12,0.18419249974132978,0.14062165303492638,0.01464752025972167,0.1938627782485812,0.011528651018630235,0.2901296716690213,0.24010799918304848,0.006248371498732628,0.5406317221715069
399,26.05702439368417,0.17027640890281504,0.28732400899752975,38.547049759449536,0.0012159032192690445,0.5362343749482463,1.4057153309916188,1.4609487966617643e-12,0.18415467048357864,0.14056039749647511,0.014642695665567433,0.193856224265751,0.01151552620213833,0.29012676125503356,0.24010175323815972,0.006222086682347074,0.5406239651108845
400,26.225246227617617,0.17283994080007192,0.30040980596095324,162.60819863003277,0.0011931892314700856,0.5363262572196312,1.4062493476038986,1.4281906593951325e-12,0.1841199400070687,0.14050415430736388,0.014638235644530968,0.19385019213590257,0.011503483747933849,0.290124090273011,0.24009599272059162,0.006198021673174974,0.5406168547769243
401,26.069852247369198,0.16645833375143157,0.30684983683750033,177.3338023547158,0.0011706608066266702,0.5362223182866539,1.406833621054571,1.3939126536026854e-12,0.18408807901000485,0.1404525435851036,0.014634105551442032,0.1938446453903209,0.01149244387469681,0.2901216410852885,0.24009068298588296,0.006175993546390708,0.5406103392886671
402,25.541088693866783,0.16357754082830311,0.30164566403254867,168.59583284159615,0.0011483190427424423,0.5359491693640012,1.4074608193600178,1.358549171201225e-12,0.18405880078869058,0.14040511531434052,0.01463029229191095,0.19383953953909652,0.011482309031189204,0.29011939265111986,0.24008578652965826,0.006155811165250864,0.5406043654713198
403,26.796307387900683,0.16349149517635056,0.29903038614429533,41.82646632596652,0.0011261650287234543,0.5358873819001354,1.40801214724117,1.3276672678626727e-12,0.18402792181032945,0.14035519690355805,0.014626359498924988,0.19383410014897104,0.011471633985588987,0.2901170238164421,0.24008053210131336,0.006134637759712854,0.540598106988509
404,26.707899440376607,0.16338283234462594,0.29666741704568267,40.582509667657035,0.0011041998443250959,0.5360085334208557,1.408496363190105,1.3006701271472252e-12,0.18399577120814828,0.140303293099681,0.014622318574302275,0.19382839528449342,0.011460533933291384,0.29011456055368195,0.24007499217320574,0.0061127018201490935,0.5405916296736654
405,26.31983419105801,0.16353216902121803,0.30448779999278486,39.307039961936965,0.0010824245600994634,0.536287596617547,1.4089228007176127,1.2770467907698717e-12,0.18396365682448135,0.14024948784751678,0.014618159253922796,0.19382501295076965,0.011449000560125107,0.29011199753289196,0.24007422346291707,0.006090008265116883,0.5405849350832125
406,25.055911893485362,0.16523384375257777,0.30109615018591285,160.81871527582047,0.0010608402373431939,0.5363662683431446,1.40940268252818,1.2517214211798914e-12,0.1839342263902741,0.1402002494687291,0.014614345902769181,0.1938218299221077,0.011438452314414807,0.29010965296913566,0.24007335065245716,0.006069290680768221,0.5405788167107276
407,26.170501780231987,0.1630852789612156,0.30488319299183786,158.25381511170326,0.0010394479280457247,0.5362716305000789,1.409929433561032,1.225025689173976e-12,0.18390706225071748,0.14015487363205492,0.014610821694026608,0.19381880253422937,0.011428737605627003,0.290107493161973,0.24007236494045756,0.006050242332797353,0.5405731863079081
408,26.456176697534232,0.16299449967403348,0.28772906912490726,40.94953429707591,0.0010182486748380308,0.5363501006847134,1.4103935307199085,1.2016935500385165e-12,0.18388010173942862,0.14010821723124406,0.014607217587887968,0.1938177094634927,0.011418729269202572,0.29010526558867183,0.24007531859323833,0.00603069556807717,0.5405674152883528
409,25.795061995637884,0.17039459445406493,0.32351879100315273,38.32599250526972,0.0009972435109418076,0.5365777760729477,1.410800286743589,1.1812835401844957e-12,0.18385164616913724,0.1400595723829528,0.014603497847973624,0.19381588797801433,0.011408301801578234,0.29010294558842303,0.24007707976624434,0.00601039579142596,0.5405614275987536
410,26.755157355985705,0.17115206021069085,0.30732987099327147,178.11086063284756,0.0009764334601191078,0.5366243454591569,1.4112539023105883,1.1594597072990395e-12,0.18382546906207295,0.1400149194999116,0.014600063486613144,0.1938140842499951,0.011398736195106942,0.29010081707167357,0.24007844087444732,0.0059918055852818276,0.5405559393447836
411,25.553414942706624,0.1648614132864431,0.31340921903029084,171.61433381448023,0.0009558195366224508,0.53651461296626,1.411746879811338,1.1365700533720717e-12,0.1838014537608961,0.1399740182848744,0.014596880847155934,0.19381232482606356,0.011389984754556904,0.2900988697901359,0.24007947538905275,0.005974819488766823,0.5405509213489792
412,25.696296624852064,0.16269731233576012,0.299369246000424,161.66525310136083,0.000935402745145387,0.5362705628985217,1.4122738723470507,1.1128703265705315e-12,0.18377930992686137,0.13993638590776145,0.014593938932168402,0.19381059784652938,0.011381940083355432,0.29009707981871846,0.24008021594918,0.005959229513502056,0.5405463135313432
413,25.942898356384674,0.1626307442288024,0.29634736897423863,38.22445770668221,0.0009151840807735252,0.536201050376197,1.4127356110576246,1.0921779100296515e-12,0.18375499118305788,0.13989554053760794,0.014590816167017094,0.1938081936498433,0.011373206000397505,0.29009513693809463,0.24008000437040378,0.0059423638194817646,0.5405413373152522
414,26.010690770793566,0.16254393824318783,0.29610196012072265,38.307076318588685,0.0008951645289360467,0.536281959652342,1.4131399665918107,1.0740962607673225e-12,0.1837292113840602,0.13985258180149704,0.014587569235731044,0.1938052797535911,0.011364025102916972,0.2900930955599578,0.24007903975756484,0.005924690240061943,0.5405361287961186
415,25.938115892778853,0.1624375642623811,0.2969241109676659,37.596194676241076,0.0008753450653576639,0.5364920765095519,1.4134933576655149,1.0582847470416967e-12,0.18370174026736652,0.13980712084487953,0.014584175309324396,0.19380184326548824,0.011354313823268392,0.29009093715413087,0.24007734027585595,0.005906052629258642,0.5405306415548807
416,25.742082613573373,0.17206014661468602,0.2951649089809507,36.770368274570764,0.0008557266560110695,0.5368127494397626,1.4138019904475518,1.0444500086589986e-12,0.18367318937877022,0.13976009389721686,0.014580672715619716,0.19379802498087523,0.011344279833306211,0.29008870826375127,0.24007507181906565,0.005886851966821749,0.5405249926755611
417,26.274484185036602,0.17940146579023733,0.29544732300564647,161.88658251822167,0.0008363102570698579,0.5369631061146918,1.4141575531201034,1.0292297458339213e-12,0.18364722035312542,0.13971732067426482,0.014577440512955961,0.1937945134571038,0.011335166048325372,0.29008668375122765,0.2400729275679203,0.005869431125978086,0.540519862587836
418,25.892024206709273,0.1780620768314698,0.30965251196175814,189.35496938548948,0.0008170968148619213,0.5369665641120676,1.4145492539690363,1.0130385154824603e-12,0.1836236088647465,0.13967841874031306,0.014574443621512055,0.19379128663039488,0.011326889294064757,0.2900848453659615,0.24007090716176463,0.005853626900985899,0.5405152054674792
419,26.908231487663507,0.16986119198784808,0.3064053598791361,168.70359200627377,0.0007980872658233266,0.5368439738387077,1.4149739676379254,9.9600936240904e-13,0.18360206387793843,0.13964290862877415,0.014571650258479195,0.19378830801048716,0.011319344188685347,0.2900831698117621,0.24006899500291515,0.0058392416484234965,0.5405109646562991
420,26.258545922953466,0.16206213146297943,0.30422178097069263,156.87085791891093,0.0007792825364526756,0.5366136781070125,1.4154264690555078,9.783528867617807e-13,0.1835822604816385,0.13961028239709897,0.014569058346075513,0.19378553339033597,0.01131241741474916,0.2900816316823751,0.24006716399050432,0.005826055022041245,0.5405070760054362
421,26.234614946000182,0.16200884889843295,0.3000462029594928,40.583158589734154,0.0007606835432659496,0.5365320180313533,1.4158224507267168,9.629492838450726e-13,0.18356141592912695,0.1395760976238165,0.014566388703576036,0.19378246823022843,0.011305157486593793,0.29008001966060565,0.24006494915313567,0.005812274708639645,0.5405030172338268
422,26.4794205996869,0.1619395681570417,0.3035935880616307,40.15028367758756,0.0007422911927518332,0.536577952086389,1.4161685653805487,9.495025764378602e-13,0.18353963835987167,0.13954051513359014,0.01456364925042076,0.19377914721217684,0.01129760189076565,0.29007834259901355,0.2400623969548573,0.005797973128498644,0.5404988096252978
423,25.58876639768053,0.16185697995408932,0.2996634419541806,38.03652008141079,0.0007241063813275485,0.5367330069827463,1.4164707906437417,9.377579828082787e-13,0.18351717248522853,0.1395039062878677,0.014560851324108308,0.19377562249021785,0.011289829097849981,0.29007661717655414,0.24005956877145743,0.005783295429531765,0.5404944934362632
424,26.469532357821265,0.1708194638757533,0.2962707639671862,40.569498924445256,0.0007061299952951432,0.5369809629126356,1.4167344023848047,9.274956691298843e-13,0.1834942226172823,0.1394665986781678,0.014558028322500348,0.1937719391596631,0.011281905262274048,0.29007485767585944,0.240056518843481,0.005768366682867823,0.5404901042497847
425,26.073489611206938,0.17576428853939208,0.278154076077044,158.90681573527004,0.0006883629107983164,0.5370902856262432,1.4170356899629502,9.16215699722083e-13,0.18347330855167227,0.13943259119736506,0.0145554232412331,0.19376856730313682,0.011274690255557414,0.29007325558066016,0.24005370720909047,0.005754784854915267,0.5404861085664662
426,25.54382550629732,0.17394166671099498,0.304712797049433,199.8642082005608,0.0006708059937796987,0.5370806199244208,1.417364270475618,9.042713019669775e-13,0.18345439361368743,0.1394018143575349,0.01455302508138598,0.19376550758492644,0.011268168187355139,0.2900718076683457,0.24005114377659567,0.005742523746267407,0.540482499939163
427,25.802711391518216,0.16730957084283704,0.3244079400319606,180.16218165734628,0.0006534600999386576,0.5369694123265136,1.4177167287673076,8.917806977654429e-13,0.18343716417134368,0.13937376719273262,0.014550808920152196,0.1937627104669943,0.011262233647579264,0.29007049044658284,0.24004878684232095,0.005731380588145035,0.5404792194170717
428,25.724832412663904,0.1615735410635807,0.3006347040645778,166.63499483308834,0.0006363260746895873,0.5367720002221423,1.4180893296608899,8.788744090841972e-13,0.18342136044709095,0.13934804624612324,0.014548768623743635,0.19376013348467538,0.011256795807668132,0.2900692836443198,0.24004660162078106,0.005721183666088023,0.5404762171049627
429,26.39099563941319,0.16153151595603746,0.2960803050082177,39.98280590904549,0.0006194047531207041,0.5366971323432396,1.4184142189854885,8.67628872615792e-13,0.18340429646170323,0.1393203674178385,0.014546631149716202,0.1937572906210406,0.011250936031096092,0.29006798297202585,0.24004412731515182,0.0057102257250253065,0.540472994939736
430,26.86305865904241,0.16147660848171413,0.2935006530024111,41.74444631496685,0.0006026969599533516,0.536726935072857,1.4186973969461483,8.578263748112083e-13,0.18338655442709406,0.13929165046149636,0.0145444493266247,0.1937542910689052,0.011244850869461235,0.2900666317413207,0.24004147314286503,0.005698871160322438,0.5404696579617922
431,25.716999450524,0.16141002793924886,0.2997689349576831,38.34394094131667,0.0005862035095017946,0.5368457420611914,1.418943811296246,8.492790891863506e-13,0.18336810565075382,0.13926183887529156,0.014542209525130337,0.19375113578691328,0.011238532120622204,0.2900652285615683,0.2400386443428669,0.005687106712953297,0.5404662026584642
432,26.53390250547601,0.16619429895037002,0.28972747386433184,39.176881970874845,0.0005699252056335431,0.5370398298921133,1.4191579595563772,8.418246487056846e-13,0.18334913393218155,0.1392312222645211,0.014539929407729708,0.1937478616926304,0.011232041895872544,0.29006378720327314,0.24003567964473177,0.005675046912567296,0.5404626619412503
433,25.821607839067987,0.1692167267874737,0.2707245759665966,172.9165247007031,0.000553862841730158,0.5371226149437697,1.4194004279505084,8.336656970922758e-13,0.18333192749933763,0.13920345264273795,0.014537852029815855,0.19374488845389212,0.01122615941968472,0.29006248083814357,0.24003298260027536,0.005664128638028526,0.540459454785064
434,25.99091619147451,0.16785816058562802,0.3145982089918107,172.6420574056758,0.0005380172006485993,0.537110532238903,1.4196665107706101,8.249525090412716e-13,0.18331647819626776,0.13917826852856313,0.014535946978792135,0.19374249432900434,0.011220825178071606,0.2900612958392163,0.24003112765974213,0.005654239460955481,0.5404565489261429
435,26.010170655211425,0.16300847734634233,0.3095543850213289,169.1531528779526,0.0005223890546830563,0.5370180080262156,1.4199517696563624,8.158143746841743e-13,0.1833024171348436,0.13915534718011408,0.014534196093584223,0.1937403019934725,0.011215973907163385,0.2900602183646696,0.2400294123494569,0.005645255909444714,0.5404539088392448
436,25.94638618008046,0.16117907846783341,0.3138795429840684,153.0529216362704,0.0005069791655273144,0.5368577233685368,1.4202534234014998,8.063389173720344e-13,0.18328956842513355,0.13913440853979703,0.014532589352557765,0.19373828500444418,0.011211544535822314,0.29005923455213706,0.2400278174864081,0.005637060547134236,0.5404514998283658
437,25.628687052716305,0.16114447639528962,0.3066514681559056,37.67881117748407,0.0004917882842376341,0.5367955246926904,1.420515436062921,7.981001773607436e-13,0.18327560661390438,0.13911173959094897,0.014530887299434685,0.1937360272957118,0.011206745137212664,0.290058168595563,0.24002595416403638,0.005628200708870738,0.540448898639885
438,25.951799636186514,0.16109941454265597,0.3077442990615964,38.92623760748515,0.00047681715119613513,0.5368165709528367,1.4207429269224994,7.909355199252242e-13,0.18326107792177765,0.1390881985880201,0.014529133855817063,0.19373363421030806,0.01120176207276569,0.29005706210559745,0.24002392791006497,0.005619019930002359,0.5404462054772045
439,25.88229571682231,0.1610458700711689,0.303702050819993,37.483168217198106,0.0004620664960747236,0.5369078886988335,1.420940211574213,7.847044272472705e-13,0.18324616500000201,0.13906406400966984,0.014527334944576692,0.19373114523977017,0.011196658783807852,0.2900559295846994,0.2400217807651622,0.0056096352190352266,0.5404434548716339
440,25.94358448992938,0.16161483397425017,0.29474370181560516,38.73281076236266,0.0004475370377995175,0.5370581442744288,1.4211110659489778,7.792852852880102e-13,0.18323099527720266,0.13903954703773988,0.014525518452629676,0.19372858217258496,0.01119147281959143,0.2900547782991065,0.24001953719002223,0.005600112687841249,0.5404406639829733
441,26.821420307873122,0.16354281758982908,0.29344129911623895,151.58780130959883,0.0004332294845158176,0.5371211826877313,1.4213054225076254,7.733032598873398e-13,0.18321720827434596,0.13901727108752385,0.014523868060726725,0.19372624588508444,0.011186761109077225,0.2900537321217968,0.24001748518327162,0.005591468274752165,0.540438129208954
442,26.360714741898068,0.1625378750074596,0.30986365699209273,152.92244180547414,0.000419144533553583,0.537110419449602,1.421518518944052,7.668918630575311e-13,0.18320466450807532,0.13899700482301114,0.01452236092475578,0.19372411431123426,0.011182476053918903,0.29005278054318606,0.2400156066503806,0.0055836125002211535,0.5404358247564455
443,26.279237180738114,0.16087773551408163,0.31059640110470355,143.81453447487468,0.00040528287139345574,0.5370376141866139,1.4217471476997237,7.601424011644644e-13,0.18319325944703932,0.13897857766271515,0.014520983792085348,0.19372217094002747,0.011178581285061209,0.29005191553185206,0.24001388843500546,0.005576476714001081,0.5404337308573376
444,26.637873448494187,0.16084391141055576,0.3035674230195582,40.02922608617236,0.00039164517363329224,0.5370361022641837,1.4219456891149362,7.542883967776272e-13,0.18318185468778053,0.13895941604100018,0.01451956602123483,0.19372110021835998,0.011174517350113086,0.29005101129255917,0.24001396813334477,0.005569047751324663,0.5404315520398801
445,25.99396946672428,0.16080290128457764,0.30054465401917696,39.453047209504376,0.0003782321049552411,0.5370944513264808,1.422117353072112,7.492115564228182e-13,0.18317011344836853,0.1389398294544782,0.014518125280182197,0.19371984102302967,0.011170365355964927,0.2900500877805422,0.24001372934894333,0.005561468573773914,0.5404293303422532
446,25.509566898299305,0.16432195364919266,0.30192406801506877,36.085081690881466,0.0003650443190933469,0.5372026993916779,1.4222653812925414,7.448095151450155e-13,0.18315786143621135,0.13891952424544426,0.014516639840523132,0.1937183793047221,0.011166064222067,0.29004913165831314,0.24001317697747743,0.005553629289342983,0.5404270340200851
447,25.9069897102628,0.16555178274792157,0.30284566688351333,158.40270901020662,0.0003520824588016869,0.5372415498876009,1.422430389492815,7.400177545297701e-13,0.18314680770445263,0.13890122062207297,0.014515293475279316,0.19371703639157342,0.011162189630213913,0.29004827038482056,0.24001262886812808,0.005546572393362717,0.5404249662087146
448,26.186839509803168,0.164182638266184,0.30917575606144965,176.93970444814286,0.00033934715582304695,0.5372221233578883,1.4226078290887576,7.349576067664764e-13,0.18313684211727765,0.1388847331614732,0.014514075316086778,0.1937158049613046,0.011158701763885465,0.29004749515954886,0.2400120918387869,0.005540224320520189,0.5404231057087859
449,26.1695442323243,0.16100413965146387,0.311257230816409,164.77818183125376,0.0003268390308581253,0.5371541516128431,1.4227953733643375,7.296907495476956e-13,0.183127833680516,0.13886984156117294,0.014512968479212782,0.19371467187909913,0.011155553553593937,0.2900467954694532,0.24001156544924918,0.00553449805277743,0.5404214271655933
450,26.226720266271855,0.16065825447207374,0.31353933783248067,165.3120631283217,0.0003145586935352887,0.537046088616495,1.4229902720952505,7.242898801163559e-13,0.18311965666031285,0.1388563407260393,0.01451196415518398,0.19371362349931967,0.011152699747155924,0.2900461612090534,0.24001104735200632,0.005529310421354222,0.5404199062943863
451,26.76965763309213,0.16063861714106623,0.30659059016034007,42.12733115814611,0.00030250674238085137,0.5370002442026324,1.4231583460601742,7.19625112107916e-13,0.1831112205577019,0.1388424765065581,0.014510939505515713,0.19371247195569544,0.011149769521052977,0.2900455101055603,0.24001037051358226,0.005523990495691628,0.540418347681111
452,25.03989709468155,0.16061162969859596,0.3030022131279111,35.04692155376097,0.0002906837647899102,0.5370063893025597,1.4233028725134287,7.155975250059228e-13,0.18310228511783067,0.1388278570572283,0.014509865918654784,0.19371118168130982,0.011146680401584152,0.29004482391597686,0.2400095099121038,0.005518390089573516,0.5404167081970161
453,26.051709435356287,0.1605792107046803,0.30498950998298824,39.84410999880673,0.0002790903369977137,0.53705564837409,1.4234270095608552,7.121216030405748e-13,0.18309309610575475,0.13881287680039114,0.014508778789931306,0.19370980252143644,0.011143513725122008,0.29004412048427375,0.24000851915511837,0.005512655202648808,0.5404150298033942
454,26.667462946689387,0.1605430075121099,0.30436400207690895,41.417795629420645,0.0002677270240515765,0.53714032533666,1.4235335169730443,7.091233467205016e-13,0.18308386454718353,0.13879786621486465,0.014507697612733994,0.19370837773941263,0.011140339561620517,0.29004341527894895,0.24000744491346346,0.005506911855066414,0.5404133489745954
455,25.78283435997022,0.16266213407070326,0.3084001380484551,38.82704872560778,0.0002565943797833396,0.5372537548762598,1.4236247630039167,7.06538670350617e-13,0.18307470523698477,0.1387829976225486,0.01450662493271472,0.19370693409608258,0.011137197005903874,0.29004271721317554,0.24000631785000515,0.005501231306302175,0.5404116868985284
456,26.035132924210576,0.16493018618830535,0.28126014210283756,162.43109881942274,0.00024569294678238046,0.5373131083511756,1.4237290678070431,7.036615964926732e-13,0.18306659706209485,0.1387697160892831,0.014505661199086632,0.19370579164018872,0.011134389520142559,0.2900420933620276,0.24000559877062874,0.005496159628150609,0.5404102026326757
457,26.774843820518097,0.16523460581956328,0.3255988610908389,166.62712521503587,0.00023502325636916188,0.5373274840957434,1.4238433892458005,7.005644089306542e-13,0.1830593262541338,0.13875781240793947,0.014504793269644996,0.1937047566261225,0.0111318747476467,0.2900415346129399,0.2400049320878421,0.005491619170581395,0.5404088736912588
458,26.21390462012389,0.1638827370185247,0.31538840592838824,164.51115518544808,0.00022458582856934304,0.5373047664079813,1.423965135641485,6.973118257744558e-13,0.18305281135792933,0.13874715064041462,0.01450401099317434,0.19370382024324884,0.011129623964683472,0.2900410346073378,0.2400043159613789,0.005487557559062811,0.5404076848937812
459,26.30120485707786,0.16140520105376766,0.3060929400380701,168.11229211925425,0.0002143811720884298,0.5372517733352924,1.424092009651926,6.939608731761417e-13,0.18304696331427694,0.13873758500218142,0.014503305682712467,0.1937029711214665,0.011127605591482691,0.29004058626189105,0.24000374524666196,0.005483916938423337,0.5404066192648292
460,25.503922632719494,0.16041653354023994,0.30140836094506085,159.2183473038012,0.00020440978428698246,0.5371743962309729,1.4242222787464873,6.905539002674303e-13,0.18304168034165189,0.13872895087341494,0.01450266851421559,0.1937021949693043,0.011125783786065083,0.29004018156505995,0.24000321148283404,0.005480632353482,0.5404056578109604
461,25.78589077797351,0.16040469253864842,0.30009293486364186,38.82401635556075,0.00019467215115637467,0.5371387045903908,1.4243335127780474,6.876364214491211e-13,0.18303623376722256,0.1387200760659605,0.014502015545809328,0.1937013645097266,0.011123911167325033,0.2900397655734046,0.24000259995617867,0.005477258733897632,0.5404046706801799
462,25.676300921823795,0.1603887718207574,0.3026389128062874,37.62556081212249,0.0001851687472951083,0.5371372689705055,1.4244282866601894,6.851404075590639e-13,0.18303064818718787,0.1387109965853173,0.014501348441934602,0.1937004885403847,0.01112199642724003,0.29003934041763824,0.24000192279261873,0.005473812631383076,0.5404036630425942
463,26.424890332130044,0.16036960808530268,0.298016567947343,38.72777910428661,0.00017590003588567962,0.5371636912065598,1.4245088649863737,6.83007162352122e-13,0.18302498327021283,0.138701807933771,0.014500676862440965,0.19369958035001658,0.01112005888787487,0.2900389103030385,0.24000119556542032,0.0054703284135053645,0.540402644699867
464,25.830703667288226,0.16034756495680114,0.29277238715440035,37.911611105803594,0.00016686646867200534,0.5372124705597364,1.4245771684244706,6.811860219707904e-13,0.18301921500737403,0.1386924717021478,0.01450000086899851,0.19369863741543775,0.01111808921885973,0.2900384729997808,0.24000041864877736,0.005466788810153665,0.5404016102777303
465,26.10152818201584,0.16107128130668685,0.3105574839282781,39.95546857482482,0.00015806848593740948,0.5372788895963877,1.4246349540019014,6.79633245317006e-13,0.18301346188805123,0.1386831758301676,0.01449933356614519,0.19369768294561,0.011116126843410686,0.29003803719564697,0.23999961599605052,0.005463263997726135,0.540400580048857
466,26.02395111838811,0.16214797514827808,0.31089418404735625,157.83142048928474,0.00014950651648315563,0.5373121087179257,1.4246999868925574,6.779222784663988e-13,0.18300837176964888,0.13867495283161504,0.014498742363465027,0.19369683589838038,0.011114391126792612,0.2900376517275271,0.2399989007243151,0.005460147512657682,0.5403996690646063
467,25.626151564951428,0.1622088530941703,0.30402411008253694,170.74008465615688,0.00014118097760755784,0.537318317615311,1.4247698951446597,6.761096936688051e-13,0.18300387024427348,0.1386676813073167,0.014498217819178118,0.19369608441945055,0.011112856493290241,0.29003731088707724,0.23999826345457922,0.005457392630294813,0.5403988636523931
468,26.608232296424987,0.1614405931063395,0.30453369487077,144.84255725305346,0.00013309227508563512,0.5373028489569243,1.4248438183442749,6.742150853277429e-13,0.18299987833017778,0.13866123283496468,0.014497750089713728,0.19369541577894975,0.011111495957147308,0.2900370086964746,0.2399976938612823,0.005454950657002723,0.5403981496437823
469,25.901543677335624,0.16027492803559726,0.3068544298876077,162.09536625838442,0.00012524080314933647,0.5372702310001021,1.4249197000043312,6.722890831795924e-13,0.18299639187491062,0.1386555384451336,0.014497335065996679,0.19369490337137393,0.011110293929305955,0.29003674160802767,0.23999734369628734,0.005452794256561552,0.5403975191462499
470,26.320414214851212,0.16026607762631856,0.30677672987803817,41.734849631249006,0.00011762694446832748,0.5372611336438193,1.42498361412078,6.706610397046708e-13,0.18299294439403183,0.13864992142055496,0.014496925667498906,0.19369438057396912,0.011109108661187724,0.29003647829123014,0.23999696448475596,0.005450669279722557,0.5403968980563064
471,25.540222978910457,0.1602549320089729,0.2979432079009712,36.80173038401078,0.00011025107013133847,0.5372707667322971,1.4250372239967521,6.692873859296877e-13,0.1829894348735376,0.1386442188911931,0.014496511833205121,0.1936938320626748,0.011107905777471574,0.29003621117289324,0.23999654479400626,0.005448514288657542,0.5403962685332461
472,26.193907701336492,0.16057338463480805,0.29654931416735053,38.10169298730211,0.00010311353962807993,0.5372950563650828,1.425082057270323,6.681306881043916e-13,0.18298592028344504,0.13863852088434175,0.014496100634400039,0.19369326975338977,0.011106703635897124,0.2900359442170945,0.23999609811824538,0.00544636179653499,0.5403956398366537
473,25.406050587898815,0.16065383770766317,0.3037753771059215,161.67329992316118,9.621470083171694e-05,0.5373004646172933,1.4251298666125822,6.66913725750966e-13,0.18298286183606385,0.13863356300423835,0.014495741364384519,0.1936927785369568,0.011105658008152757,0.2900357120522226,0.2399957054717138,0.005444490108801887,0.5403950931822075
474,25.878133909390904,0.16022600554463864,0.31931405304931104,166.01783150572635,8.955488998192129e-05,0.5372910469064792,1.4251793609810879,6.656662188856625e-13,0.18298018684497686,0.1386292282516818,0.014495426906757595,0.1936923467851757,0.011104743801152036,0.29003550906517184,0.23999535780540474,0.005442854012260588,0.5403946153147402
475,26.732318623067165,0.16028722996476719,0.3022627830505371,42.2431394147797,8.31344316684771e-05,0.5372962209627629,1.4252205326289826,6.646234732078362e-13,0.18297757788864072,0.13862500703540678,0.014495121802236966,0.19369191874309333,0.011103853278030212,0.29003531129479276,0.2399950048068216,0.005441260740251849,0.5403941499400275
476,26.329450792552247,0.16021236389662408,0.31152587407268584,156.43133822021122,7.695363881546601e-05,0.5372885536484154,1.4252631226809638,6.635550408936113e-13,0.18297530275276733,0.13862132748802874,0.014494856169319779,0.19369154395347252,0.011103077038313511,0.2900351389055333,0.2399946938795329,0.005439872201503394,0.540393744355456
477,26.505050449708836,0.16020560031503026,0.3055833678226918,41.26982105187821,7.101281266601034e-05,0.53729332231597,1.4252983373708403,6.626671697327261e-13,0.1829730880996995,0.1386177499796019,0.014494598136598778,0.19369117451288065,0.01110232255075972,0.2900349713877572,0.23999438169435208,0.005438523259555593,0.5403933504737601
478,26.381959806606506,0.16043513161607095,0.3060378199443221,40.203420828972725,6.531224276759696e-05,0.5373075082811564,1.4253273220691771,6.619317142883553e-13,0.18297093191073996,0.13861427084759648,0.014494347845842522,0.1936908107612467,0.01110158878846461,0.2900348084736974,0.2399940695259512,0.005437211906650752,0.5403929676247229
479,26.65673465666157,0.1604480155901122,0.3104066450614482,150.03915575120774,5.985220695795936e-05,0.5373098982549659,1.4253577936074626,6.611673454567559e-13,0.18296907482569927,0.13861127510647134,0.014494132415966846,0.19369049666380445,0.01110095700784425,0.29003466820379864,0.2399937990133151,0.005436082996861558,0.5403926380347578
480,25.61760061275445,0.16018871354680686,0.3207010058686137,167.40164767623196,5.463297135153983e-05,0.5373033609230385,1.4253885933833337,6.604009474798475e-13,0.18296747747899242,0.1386086991651008,0.014493947420080379,0.1936902258050759,0.011100413769939158,0.2900345475968174,0.23999356491000878,0.005435112465035146,0.5403923546913393
481,26.23803261362699,0.16018412731687237,0.31101348786614835,40.14097276088013,4.9654790326519536e-05,0.5373057952117662,1.4254136727492746,6.597735492662978e-13,0.18296593557926535,0.13860621434352538,0.014493768664164573,0.1936899621718674,0.011099889978020102,0.29003443133697776,0.23999333439052078,0.005434177049977486,0.5403920816873755
482,26.329504130508354,0.16044270956139783,0.31064070388674736,40.63002571127127,4.491790651241681e-05,0.5373148139437485,1.4254339835562801,6.592623089854407e-13,0.18296446649933154,0.13860384882835636,0.014493599071309739,0.1936897091717659,0.011099391237626972,0.29003432063106915,0.23999311112018124,0.005433286602970446,0.5403918218198943
483,26.191446127766802,0.16042983144574308,0.30822300305590034,160.19497541883914,4.042255077826842e-05,0.5373158331533496,1.4254548005629424,6.587440029035493e-13,0.18296323720842275,0.13860184909866138,0.014493455773369423,0.19368952141055681,0.01109896928867673,0.29003422692762004,0.2399929735839131,0.005432533476535955,0.540391602020978
484,25.849543150888266,0.16021118791281383,0.3081376599147916,156.21053911344265,3.616894222136855e-05,0.5373110318477857,1.4254754791044044,6.582328710845715e-13,0.18296220202694433,0.13860016610957396,0.014493335149030092,0.19368936212831614,0.011098614200148946,0.2900341480735133,0.23999285536659024,0.005431899739382675,0.5403914170652326
485,24.83251707650802,0.16017163027877787,0.30589570896700025,172.2177646073371,3.215728815659845e-05,0.537302190419435,1.4254953910204742,6.577433568962548e-13,0.1829613357610374,0.13859875850436,0.01449323421708565,0.19368922788800277,0.011098317228840528,0.2900340821248044,0.23999275450448054,0.005431369761007152,0.5403912623897217
486,26.068106402014628,0.16016962240618327,0.29656140808947384,41.25564440622881,2.8387784106317687e-05,0.537299611691713,1.4255111484162253,6.573540613284023e-13,0.18296051489404383,0.138597427543737,0.014493138971020792,0.1936890974398054,0.011098036420440962,0.2900340197648008,0.23999265231726735,0.005430868728649895,0.5403911161730502
487,26.321465342995044,0.16016725113738917,0.3047030030284077,39.2672118547258,2.4860613790834994e-05,0.5373014710392072,1.4255235043043442,6.570469109466961e-13,0.18295974077334048,0.13859617452496995,0.014493049232489405,0.19368897192203144,0.011097772194321268,0.2900339611099596,0.2399925507522247,0.005430397470467325,0.5403909786981144
488,25.90553562984752,0.16016469920242074,0.31338296504691243,38.453333381674895,2.157594911945631e-05,0.5373062997866848,1.4255330965885449,6.568067380323396e-13,0.18295902259703542,0.13859501380211264,0.014492966225846518,0.19368885356148893,0.011097527459962018,0.2900339067891144,0.23999245259003454,0.005429961074757762,0.5403908514105339
489,25.77281680133301,0.1601620819566982,0.3065207628533244,37.6255991984392,1.85339501821029e-05,0.5373129323126499,1.425540454985853,6.566208479696205e-13,0.18295836057408169,0.13859394537469127,0.01449289011075855,0.19368874294031072,0.011097302177773832,0.29003385679171795,0.23999235899090898,0.005429559469126829,0.5403907342870163
490,26.21223503166823,0.16037884734222488,0.3006681620609015,38.81784255097204,1.5734765241512226e-05,0.5373204608016875,1.4255460289731627,6.564786485606319e-13,0.1829577661195714,0.13859298729400107,0.014492822351345747,0.19368864241077727,0.011097099969339804,0.29003381188988714,0.23999227261690392,0.005429198945783363,0.5403906290953492
491,25.894573645722687,0.16049416926783666,0.30253821215592325,159.21860703968093,1.317853072600837e-05,0.5373240887706572,1.4255516609171746,6.563372664903101e-13,0.18295730148147607,0.13859223852838792,0.014492769331008612,0.19368856368571422,0.011096941967460146,0.2900337768078026,0.2399922047854047,0.005428917266371378,0.5403905469143934
492,26.02338582686216,0.16051762676480552,0.2893211180344224,164.36520879351335,1.0865371222856342e-05,0.5373250935918243,1.4255570140544314,6.562042756702293e-13,0.18295694257350661,0.1385916602030849,0.014492728298015749,0.19368850272669805,0.011096819927405943,0.29003374970992923,0.2399921521007034,0.00542869970990441,0.5403904834412528
493,25.44896769807536,0.16048311815945696,0.28795493207871914,164.95471859112934,8.79539947218588e-06,0.5373244601441823,1.4255618595866253,6.56084776961324e-13,0.18295667039116117,0.1385912216368696,0.014492697087540293,0.19368845639959023,0.011096727392177107,0.29003372916498094,0.23999211194609718,0.005428534764208871,0.5403904353210626
494,26.130663829141607,0.1604188071466986,0.2889139491599053,160.55906229459217,6.9687163615008415e-06,0.5373229271336314,1.4255660773385546,6.559814053647584e-13,0.1829564702491814,0.13859089555147364,0.014492673820046131,0.19368842651663176,0.011096658554801998,0.2900337138765299,0.23999209101705987,0.005428412094449579,0.5403903995378796
495,26.584734263192537,0.16034309249735373,0.28138044313527644,151.42528646045298,5.385410920757513e-06,0.5373210257305493,1.4255696111166518,6.558951383916565e-13,0.18295632358903632,0.13859065680208876,0.014492656802002669,0.19368840439950907,0.01109660815434773,0.2900337026830186,0.23999207523007848,0.005428322280599146,0.540390373339013
496,26.373790464314084,0.1602686668512554,0.2685939781367779,151.53971864400603,4.045560318030737e-06,0.53731911298577,1.4255724509255963,6.558260264114249e-13,0.1829562190985971,0.13859048682029254,0.014492644676462368,0.19368838849650002,0.011096572278170899,0.29003369471618573,0.2399920636803348,0.005428258353107941,0.540390354693003
497,26.501445832680265,0.160202893377641,0.26893790205940604,133.95814083794897,2.9492298557484155e-06,0.5373174011724748,1.4255746555714461,6.557725006588836e-13,0.18295614618632264,0.1385903683152502,0.01449263623344341,0.19368837727908297,0.01109654726224157,0.2900336891602499,0.23999205537824903,0.005428213775230853,0.5403903416893904
498,25.984370066150145,0.16015525046374535,0.2655892700422555,157.59714375379693,2.096472967509925e-06,0.5373159810513639,1.425576296633823,6.557327333106756e-13,0.18295609681908945,0.13859028813797533,0.01449263052380143,0.19368836961564123,0.011096530337385785,0.2900336854013373,0.2399920496170256,0.0054281836159522775,0.5403903328918298
499,26.080802448035037,0.1601552118825964,0.2701161429286003,38.556614210799275,1.4873312154834578e-06,0.5373153068236033,1.425577340715461,6.557073101239943e-13,0.18295605722168679,0.138590223996749,0.014492625960409601,0.19368836327584787,0.01109651680148153,0.2900336823957015,0.2399920445970452,0.005428159495919999,0.5403903258564325
500,26.045784073986624,0.16015514856466098,0.27017863909713924,39.210509715426824,1.121834288378963e-06,0.5373150244452335,1.4255780465657477,6.556900303200239e-13,0.18295602427175348,0.13859017073213975,0.014492622182996587,0.1936883578844868,0.01109650556117198,0.2900336799000757,0.23999204018102396,0.005428139467865728,0.540390320014776
