gamma,C
0.9634406462414161,0.2204840521763904
