gamma,C
0.8408355455786789,8.381018742823825
