gamma,C
0.7976417683432149,8.431442415523328
