gamma,C
1.3015628609033374,9.904475418102258
