gamma,C
1.2151285224703503,27.171370890668925
