gamma,C
1.1801462654745094,40.598856354619315
