gamma,C
0.944798532511661,3.509731362088339
