iteration,training_loss,validation_loss,iter_time,raw_grad_norm,lr,t0,t1,t2,t3,t4,t5,t6,t7,t8,t9
0,0.05397372185577566,0.01745986764080273,5.095292394980788,,,1.8873483400825108,1.8873483400825108,1.8873483400825108,1.8873483400825108,1.8873483400825108,1.8873483400825108,1.8873483400825108,1.8873483400825108,1.8873483400825108,1.8873483400825108
1,0.056319473373586094,0.01745982721787535,1.724437995115295,0.03073805373139141,9.999999999999159e-07,1.8873510877192565,1.887351087718265,1.887351087717278,1.887351087716144,1.8873510877147328,1.8873510877128463,1.8873510877101038,1.8873510877056308,1.8873510876968087,1.8873510876705613
2,0.058880185569543934,0.017458978289830226,1.7335536079481244,0.03183337567023785,2.097999999999987e-05,1.887408766741817,1.8874087885960327,1.8874087917764315,1.887408794269495,1.8874087963002548,1.8874087979411984,1.8874087992608795,1.8874088003027836,1.887408801058744,1.8874088012869585
3,0.05575651544124406,0.017457322832963907,0.019537023967131972,0.030572090067059236,4.095999999999993e-05,1.8875212455706973,1.8875213119005523,1.887521335116026,1.8875213454465112,1.8875213506305095,1.887521353063642,1.8875213536973652,1.887521352949483,1.8875213509214082,1.8875213469760457
4,0.05136144256474612,0.017454871040702702,0.01887118094600737,0.029097445115992986,6.0939999999999996e-05,1.8876881875260743,1.887688211110059,1.8876881704506974,1.8876881151404272,1.8876880586103748,1.8876880037690857,1.8876879509676334,1.8876878998282254,1.8876878496139913,1.887687798324271
5,0.05785406124888627,0.017451607650029694,0.01896101702004671,0.03138013043442787,8.091999999999984e-05,1.8879102592698458,1.8879102861483772,1.8879102149895814,1.8879101145685435,1.8879100102446875,1.8879099085262911,1.8879098106673968,1.8879097162655563,1.8879096241362638,1.8879095309261167
6,0.056570324185406855,0.017447535221859867,0.019821157911792397,0.03116682057081206,0.0001008999999999999,1.8881874312923,1.8881874721153957,1.8881873737560606,1.888187225507621,1.8881870679273633,1.888186912432656,1.8881867618153874,1.8881866159568608,1.8881864733376623,1.888186329073404
7,0.047093536161773225,0.0174426992843472,0.020465092035010457,0.027109017136989266,0.00012087999999999997,1.8885174002445544,1.888517302892239,1.888516957707835,1.8885165640047044,1.8885161754551076,1.8885158039098402,1.8885154503325023,1.888515112364798,1.888514786173146,1.8885144635548856
8,0.050934237903986705,0.017437083672076394,0.020136367063969374,0.02835958352140606,0.00014085999999999992,1.8889012648655241,1.8889004961406364,1.8888998028085557,1.8888990927763094,1.8888984156713895,1.8888977783924223,1.8888971774538161,1.8888966067981467,1.8888960593707067,1.8888955228470878
9,0.04801393836856098,0.0174307037254751,0.020460858941078186,0.027462503491045537,0.00016083999999999998,1.8893383039444398,1.889336339873562,1.8893350814464702,1.889333910119924,1.889332822908247,1.8893318083109847,1.8893308536438778,1.8893299471762517,1.8893290776539593,1.8893282278457024
10,0.05582325538380986,0.017423500726196455,0.02026337687857449,0.03007887202601993,0.00018081999999999983,1.8898305163381273,1.889828076365629,1.8898265278368982,1.8898250584331118,1.889823678736996,1.8898223806830325,1.889821152021267,1.8898199803552398,1.8898188530856286,1.8898177496160755
11,0.05563078412827798,0.01741547264927705,0.02027765684761107,0.03082199678638261,0.0002007999999999999,1.8903788873850897,1.890376188675648,1.8903744481012161,1.8903727495849831,1.8903711279878093,1.8903695835878018,1.890368108001315,1.8903666905762868,1.8903653190118161,1.8903639702671
12,0.051407515150832396,0.017406664266194655,0.0196467989590019,0.028970613905028413,0.00022077999999999996,1.8909815115291873,1.890978459731311,1.8909762887018227,1.8909741553773673,1.8909721230680623,1.890970191848463,1.8909683497023249,1.8909665822740722,1.8909648736693783,1.8909631953895307
13,0.05092041565700953,0.017397080123835975,0.01993523188866675,0.02851471133308261,0.0002407599999999999,1.8916376172696685,1.8916346984678085,1.8916319185674404,1.8916291699822236,1.8916265670892556,1.891624107285799,1.8916217714587358,1.8916195389017647,1.8916173881367038,1.8916152834676516
14,0.06261280146689512,0.01738661365885239,0.020293693989515305,0.03280541666477167,0.00026074,1.8923528853365748,1.8923505226645259,1.8923476290599552,1.8923446604597964,1.8923418307370137,1.892339153317529,1.8923366107912956,1.8923341812632006,1.892331841156807,1.8923295499537054
15,0.05432635003225324,0.017375347892100167,0.019578021951019764,0.03048265428150065,0.00028071999999999993,1.89312456508622,1.8931217811655714,1.8931185337720857,1.8931152403422122,1.8931121321733722,1.893109210368015,1.8931064466031269,1.8931038114776708,1.8931012758787302,1.8930987922726812
16,0.05699221715652069,0.01736327186713651,0.01981969503685832,0.030689738690032164,0.0003007,1.8939528737214475,1.8939488129728819,1.8939451731667307,1.8939416309821941,1.893938353971199,1.8939353087657755,1.893932448516404,1.8939297334041052,1.8939271276308058,1.893924576053526
17,0.05485259250169022,0.017350396186849065,0.019713672110810876,0.030030772858917094,0.00032068000000000005,1.8948363238412649,1.8948307953895966,1.8948269864290905,1.894823419102536,1.894820157313504,1.894817136049293,1.8948142975769544,1.8948115982602551,1.8948090005603364,1.8948064451302278
18,0.0549519269554051,0.017336726149914657,0.019718116847798228,0.030140292829195784,0.00034066,1.8957753028083457,1.895767907207791,1.895763944992535,1.8957604243452524,1.8957572526146633,1.8957543229180076,1.8957515654177812,1.8957489336618083,1.8957463897313493,1.8957438711079155
19,0.06372539735825705,0.017322145292993384,0.019918634789064527,0.03305881112188142,0.00036063999999999996,1.8967746980634903,1.8967667766301903,1.896763476470909,1.8967606371736645,1.8967580856208586,1.8967557088752056,1.896753446064337,1.8967512613320379,1.8967491252962883,1.8967469782146849
20,0.05413288329393227,0.017306798846120228,0.01950700394809246,0.030064983371526195,0.0003806199999999999,1.8978291705227914,1.8978194543527789,1.897816606927294,1.8978143952095796,1.897812453077204,1.8978106302245337,1.8978088639343136,1.897807124688841,1.897805389819239,1.8978036013643438
21,0.06099158317596468,0.017290591159491737,0.019684992963448167,0.03206938357520973,0.0004006,1.8989426008980914,1.8989314150872316,1.8989294792125386,1.898928306555292,1.8989273414541181,1.8989264100172858,1.8989254567501226,1.8989244639951044,1.898923419317708,1.8989222687577019
22,0.05295940722163842,0.01727365467112536,0.019659757148474455,0.029291883408010373,0.00042057999999999993,1.900108185881888,1.9000961881241174,1.900094785741806,1.9000942697548673,1.9000939425788603,1.900093604983435,1.9000932011896103,1.9000927183884817,1.900092148712645,1.9000914375791693
23,0.0565087326802763,0.017255923803778862,0.018676826963201165,0.030525265765090136,0.0004405599999999999,1.9013292854032255,1.9013169698159755,1.9013162580372234,1.9013165211165262,1.9013169435224617,1.9013173027464116,1.9013175431819935,1.9013176576036441,1.9013176435927612,1.9013174465988707
24,0.05805110131695601,0.017237366274995905,0.019765987060964108,0.031229433618885232,0.00046053999999999995,1.902607893945622,1.9025954007169141,1.9025958147836248,1.9025972808200218,1.9025988139175927,1.9026001709478992,1.9026013070578063,1.9026022305665433,1.902602952430538,1.9026034239815175
25,0.060709283775806124,0.017217958676297333,0.019996852846816182,0.031947275309933805,0.0004805199999999999,1.903946066868146,1.903933351946155,1.9039352466902377,1.903938283565916,1.9039412766561525,1.9039439573466126,1.9039462937461853,1.9039483135013529,1.9039500446171436,1.903951447259706
26,0.050491161424355946,0.017197932736110533,0.01984022301621735,0.028280424695762064,0.0005005,1.9053333677879147,1.9053187277100014,1.9053208933741297,1.9053245819424443,1.9053282865745977,1.9053316534575588,1.905334630749505,1.9053372454521667,1.9053395295071172,1.9053414426064543
27,0.053728617171993454,0.017177176277444715,0.020246119936928153,0.029788259948050216,0.00052048,1.9067744900213368,1.9067576526560175,1.9067598816443858,1.9067640153263221,1.9067682202840681,1.906772060994965,1.9067754682765452,1.9067784697553614,1.9067811016912921,1.906783322983972
28,0.052696394798416105,0.017155745696924983,0.02008675318211317,0.029132556643961798,0.00054046,1.9082678908845363,1.9082476279748966,1.908248994852361,1.9082528523724143,1.9082569982687594,1.90826087136462,1.908264353006757,1.9082674491939586,1.9082701850337422,1.9082725075130893
29,0.051269068100545684,0.01713364896863839,0.020058772061020136,0.02873207240953604,0.00056044,1.9098120321134748,1.9097878849634848,1.9097878661771357,1.9097909980302248,1.9097946711623528,1.90979818622722,1.9098013700887453,1.909804204252546,1.9098067004324302,1.909808791519478
30,0.054994378654645786,0.01711079487644051,0.01966797700151801,0.030129141312199462,0.0005804199999999999,1.9114128330419349,1.9113833131007476,1.9113817185840396,1.911384214713455,1.911387547369649,1.9113908275601263,1.9113938178553926,1.91139647584615,1.911398802706653,1.9114007199638114
31,0.05499729109363092,0.017087169286664528,0.01988597703166306,0.030106874372261377,0.0006004,1.9130693104404184,1.9130353956604387,1.9130324396957241,1.913034359247162,1.913037373110211,1.9130404289291074,1.9130432313763381,1.9130457151014661,1.9130478702802896,1.9130496061927507
32,0.05012381395419139,0.01706291619257322,0.01927700685337186,0.028396672401793586,0.00062038,1.9147751564448618,1.9147366913785346,1.9147315794166166,1.9147321877107242,1.9147342312759545,1.914736470666436,1.914738533131519,1.9147403173522441,1.914741793980498,1.9147428541922826
33,0.05331284456846572,0.017037937470766755,0.01950153987854719,0.02931126114786056,0.00064036,1.9165340563157625,1.9164921726644524,1.9164853110931825,1.9164846436737168,1.9164856234552108,1.9164869070294313,1.9164880750355997,1.91648900213172,1.9164896439759125,1.9164898749096053
34,0.057190583716974136,0.01701212563822683,0.019582916982471943,0.03119862986269097,0.00066034,1.9183555037638735,1.9183091082799706,1.918300281143668,1.918298435735793,1.918298561473882,1.9182991430835092,1.9182996869519624,1.9183000309923692,1.9183001095390286,1.9182997766078613
35,0.053333378714755714,0.016985665652187756,0.019697281997650862,0.02863447667287787,0.0006803200000000001,1.9202271970486697,1.920175655159206,1.9201646837785966,1.9201615026099799,1.92016065249986,1.9201604456574537,1.920160310942365,1.920160046438397,1.9201595626126398,1.9201586909286519
36,0.05587207787886549,0.016958400885071882,0.019592321012169123,0.030185487621197424,0.0007003,1.922155770367016,1.9221012056603042,1.9220891186028615,1.922085279403336,1.9220839412446797,1.9220833131858626,1.9220827855292961,1.9220821404559802,1.9220812799571068,1.9220800229492236
37,0.055935548762877346,0.016930375874251863,0.01973146595992148,0.03024836157319915,0.00072028,1.924142822545303,1.9240848198260219,1.924071131223455,1.924066493592532,1.924064693928386,1.9240637566804946,1.9240629961601643,1.924062159948219,1.924061131364818,1.9240597105480148
38,0.05751494297008937,0.016901593677748624,0.019490286009386182,0.030417592550248434,0.00074026,1.9261903415958765,1.9261247471213052,1.9261094214101564,1.9261043689543687,1.9261025877310034,1.9261018458478765,1.9261013590861553,1.9261008326436218,1.9261001288714703,1.926099028894796
39,0.056317583035906144,0.01687202775299796,0.01978502399288118,0.031046733307800986,0.00076024,1.9283016809303994,1.9282241568240623,1.928207056479692,1.9282017328113275,1.9282001450584192,1.9281997630535577,1.9281996959302639,1.9281996055552357,1.928199333956086,1.9281986439454883
40,0.052871791620226385,0.016841829677012345,0.01968252588994801,0.029027291785058855,0.0007802200000000001,1.9304641127610984,1.9303742816846323,1.930355363972488,1.9303495510723248,1.9303478426314788,1.9303474678330519,1.930347458711803,1.930347447700465,1.9303472624949716,1.9303466495245254
41,0.05531172775602727,0.0168109911495713,0.020000156946480274,0.029518697791252067,0.0008002,1.9326825376968777,1.9325759809252272,1.932554326866797,1.9325475662688885,1.9325454706233176,1.9325449419854859,1.9325448998023498,1.9325449298541981,1.932544835900691,1.932544341837689
42,0.06077549360314654,0.016779196205577065,0.019962602062150836,0.03157632354577215,0.00082018,1.9349647282896345,1.9348464557864882,1.9348248925639502,1.9348190423435918,1.9348179636934775,1.934818441954546,1.93481938031513,1.9348203678282359,1.934821213020016,1.9348216348974487
43,0.048039452574105704,0.01674702370322989,0.020375041058287024,0.027245403041864607,0.00084016,1.937288786765372,1.9371543004020813,1.9371305407720596,1.937123944201401,1.9371225221705242,1.937122824641698,1.9371236816381676,1.9371246526579802,1.9371255297405825,1.9371260120789497
44,0.05733844906932905,0.01671402642472603,0.019199050962924957,0.030949191992926568,0.00086014,1.939676560451301,1.9395266943325982,1.9395011905447777,1.939494101722633,1.9394925020587335,1.939492753273638,1.939493632640426,1.9394946790719072,1.939495672131551,1.9394962928125512
45,0.05370417046499121,0.01668039467423697,0.020176243968307972,0.02944094241898628,0.00088012,1.9421191408943932,1.941952504604332,1.9419245572194774,1.941916438274003,1.9419142128127032,1.9419140261660253,1.9419145874408157,1.9419154050220637,1.9419162387813134,1.9419167457375806
46,0.04813298663072458,0.016646357914182387,0.01975814695470035,0.027198684628111515,0.0009001,1.9446011922733748,1.9444191758890925,1.9443873619746048,1.944376598566397,1.944372197303328,1.9443701256602852,1.944369019581585,1.9443683435430557,1.9443678243536855,1.9443670834535833
47,0.050586755579820925,0.016611800430925444,0.0197099968791008,0.02840884533408608,0.0009200800000000001,1.9471343105027106,1.946932620917699,1.9468956524515417,1.9468813683378634,1.9468740451834996,1.9468694102055293,1.9468660026105908,1.9468632304678006,1.9468607795557071,1.9468582299627808
48,0.051862786696779996,0.016576644083115582,0.01982094207778573,0.02849732867747256,0.0009400599999999999,1.9497181608668868,1.9494958336979022,1.9494540884407339,1.9494365814162558,1.949426505541612,1.9494193681350593,1.949413637044517,1.949408684178632,1.9494041691888682,1.949399641413364
49,0.05701508211079268,0.016540659352609247,0.020001727854833007,0.030948351790528076,0.00096004,1.9523720724503335,1.9521253641169705,1.9520784247324072,1.9520579023966529,1.9520454959253748,1.9520363599363193,1.952028837262189,1.9520222396266902,1.9520161892654684,1.952010199201601
50,0.0461230388447189,0.016504400070449537,0.019595399033278227,0.0263343385786465,0.00098002,1.9550604737455028,1.9547892612224445,1.9547349477340352,1.9547091784396136,1.9546923698189216,1.9546793363594053,1.95466827528729,1.9546584145802444,1.9546493185286584,1.954640446908145
51,0.051546976949109403,0.016467596232348457,0.01896860497072339,0.028217888548727352,0.001,1.957800682126862,1.957500435421636,1.9574379928342363,1.9574068366205193,1.9573857466874631,1.9573690525538165,1.9573547387881343,1.9573419166436592,1.9573300756755223,1.9573186135669836
52,0.05292014988789197,0.016430856117342536,0.019496835069730878,0.02908502031674532,0.0009999878275373446,1.9605438525955525,1.960214468649693,1.9601439013851565,1.960107533872285,1.9600823385846184,1.960062122793969,1.9600446550772155,1.960028934640976,1.960014382017592,1.960000337739719
53,0.054226231338379706,0.016394109222295783,0.019671968184411526,0.029799512535925086,0.0009999513107426476,1.9632956086553683,1.9629362938118045,1.9628576756390836,1.9628162913748757,1.9627872006122957,1.9627636575512737,1.962743205886113,1.9627247310844238,1.9627075853589817,1.9626910534605087
54,0.06037914637396041,0.016357124434146973,0.019705341896042228,0.03166440900487878,0.0009998904513956854,1.9660688144901761,1.9656792709986062,1.9655940149418472,1.9655489836263125,1.9655172870348403,1.9654916415657484,1.9654693807008856,1.9654492874386562,1.9654306544099336,1.965412717455949
55,0.053389650914992474,0.01632027545673066,0.01967649208381772,0.029054109274753943,0.000999805252462657,1.968841802761073,1.9684220383362812,1.9683294713425177,1.9682801747529313,1.9682453410523955,1.9682171401570667,1.968192682896077,1.9681706392700968,1.9681502342291504,1.968130648577205
56,0.056641367820191885,0.016283356594264314,0.02054508007131517,0.030182993377431314,0.0009996957180960385,1.9716219121502347,1.9711741081798946,1.9710764622099426,1.9710243831406153,1.970987485595953,1.9709575593184976,1.9709315796730111,1.9709081533519999,1.9708864678408338,1.9708656681887238
57,0.043495583286974164,0.016247109224998446,0.019957306096330285,0.024925733588670868,0.0009995618536343797,1.9743700329170584,1.9738918417285156,1.9737861210603773,1.9737286760016512,1.9736874400299498,1.9736537364257052,1.9736243509989662,1.9735977916048142,1.9735731832992058,1.973549617000533
58,0.0533033037466627,0.01621092835203563,0.020065745105966926,0.02881150467992468,0.0009994036656020464,1.9771181934448525,1.97661236232448,1.97649889297383,1.9764361817820846,1.976390682440554,1.9763532797983054,1.97632057098441,1.9762909626780276,1.9762635156894865,1.9762372657140286
59,0.05392010732175193,0.01617480013413522,0.020152214914560318,0.029114757318450587,0.0009992211617088995,1.9798701383564146,1.9793357397815026,1.9792148454599652,1.9791471484484904,1.9790976548370083,1.9790568256458516,1.979021072093381,1.9789886991392978,1.9789587021906487,1.9789300605985791
60,0.04628938260316007,0.016139083451758258,0.019881483865901828,0.02658834339955962,0.0009990143508499217,1.982607198995917,1.9820400008440002,1.9819102992747937,1.981836300664125,1.981781500471457,1.981735944396046,1.9816958649790506,1.9816594669987007,1.981625678618341,1.9815934196290135
61,0.05411513118060322,0.016103356713420836,0.019598450977355242,0.029139019665600247,0.0009987832431047822,1.985349016238932,1.9847507147266619,1.9846132364889681,1.9845336445984718,1.9844741381413955,1.984424397139981,1.984380491452944,1.984340533176676,1.9843033881346235,1.984267920349073
62,0.049956023687208806,0.016067830530784012,0.019664201186969876,0.0279420784507357,0.0009985278497373468,1.988087427536479,1.9874557543426719,1.9873101270564852,1.9872243609965794,1.9871595026382778,1.9871049128970515,1.987056514817366,1.9870123335526477,1.9869711745855594,1.9869318466620536
63,0.05349373073920338,0.016032332336773838,0.019616962876170874,0.029463841661979878,0.0009982481831951274,1.9908362687082668,1.9901661161920274,1.9900116703862218,1.989919598655242,1.9898494518268004,1.989790164717945,1.9897374663524443,1.9896892705546227,1.9896443089706788,1.9896013273727655
64,0.056270922568106264,0.015996765915923177,0.019326812122017145,0.029772636046079787,0.0009979442571086772,1.993595088360841,1.9928860636387338,1.9927238620142365,1.9926265316096048,1.9925520942882198,1.9924890610207544,1.9924329754865133,1.9923816490828967,1.9923337470929012,1.9922879581042399
65,0.0574993460631407,0.015961106029789604,0.019844416994601488,0.030026276086436546,0.0009976160862909245,1.996365069699848,1.9956156826542477,1.9954476260679435,1.995346738911087,1.9952694971358595,1.995204048984589,1.9951457984348466,1.995092485301075,1.9950427296066273,1.9949951775437316
66,0.05217933450235286,0.015925592058255986,0.020168849965557456,0.02886807656847224,0.0009972636867364526,1.9991375750769338,1.998343865834421,1.9981686545147046,1.9980634599090166,1.9979828933116461,1.997914623550289,1.9978538616378094,1.9977982478937446,1.9977463410095069,1.9976967349345758
67,0.050640903744461896,0.015890379561194372,0.02007769513875246,0.02759879599975183,0.000996887075620718,2.001903317948574,2.0010582253314313,2.000874656246043,2.000764452655195,2.0006800119896626,2.0006084398429467,2.0005447285291167,2.0004864092923977,2.0004319751126403,2.000379965275789
68,0.04796184033671619,0.01585550028289365,0.0198111638892442,0.027297376345772086,0.0009964862712992153,2.004659986816734,2.0037605028711516,2.0035661737186303,2.0034489286969723,2.0033588560023023,2.003282426268772,2.0032143623432828,2.003152050320107,2.0030938914563836,2.0030383512954972
69,0.04993174095292518,0.015820829846907098,0.01997047010809183,0.028001350363573194,0.0009960612933065818,2.0074140879005,2.006458150125911,2.006251592860966,2.0061259279044115,2.00602900907979,2.005946653079193,2.0058732847823775,2.0058061207992983,2.0057434517239825,2.005683654880378
70,0.05103321137176201,0.015786281710802187,0.04429233307018876,0.028473518610347314,0.000995612162355645,2.0101697932403093,2.0091553063052126,2.0089356553903515,2.008801072315064,2.0086969454399672,2.008608360785286,2.0085294135095317,2.008457135868716,2.00838970016631,2.0083253912521046
71,0.05219200821091999,0.015751844321313532,0.02037000097334385,0.02829756689889011,0.0009951389003364144,2.0129248951644216,2.0118514362885342,2.0116186011256536,2.011475047812461,2.0113636994000625,2.011268915677748,2.0111844602397326,2.011107176068947,2.0110351117324585,2.0109664547104593
72,0.050096120159032614,0.015717657950149164,0.019722960889339447,0.027102416139365443,0.0009946415303150127,2.015669977801044,2.01453642644628,2.014289975259027,2.014137097430625,2.014018243341989,2.0139170358734764,2.013826900480422,2.0137444859405047,2.0136677130545926,2.0135946685718684
73,0.04423057163511463,0.01568397951633692,0.026707913959398866,0.025282245452265675,0.0009941200765325531,2.018392265354161,2.0171955404719992,2.016932899063392,2.0167684628776024,2.016640167380649,2.01653083178858,2.0164334905947436,2.016344560072271,2.016261805431844,2.0161831921197244
74,0.06275427068478966,0.015649811439502285,0.01970848790369928,0.03171979378746761,0.0009935745644039575,2.021142071596877,2.019890200715471,2.0196162455131135,2.0194438561711214,2.019309117810386,2.0191942960130915,2.0190921555039205,2.018998948936742,2.0189123295113833,2.018830170926948
75,0.05501048934393069,0.015615565615659993,0.019718206021934748,0.029655754055758824,0.0009930050205167172,2.0239028919431057,2.022596048551849,2.0223115791426514,2.022132082552839,2.02199170871042,2.0218721454178716,2.0217658833262178,2.021669014802318,2.0215790868316676,2.0214938874179387
76,0.054584152252793,0.01558138862923853,0.019790559075772762,0.02842811055132614,0.000992411472629598,2.026663190437139,2.0253020169032836,2.025007759858629,2.024821776714359,2.0246763830863115,2.02455270087295,2.024442948131864,2.0243430573743644,2.0242504699006014,2.024162888682776
77,0.0599201045353252,0.015546931670255181,0.019868592033162713,0.031248017576760205,0.0009917939496712864,2.0294452013921984,2.028032782566503,2.0277306636330477,2.0275399158755625,2.027391090968184,2.027264762945818,2.027152891701655,2.0270512635699545,2.0269572265612985,2.026868409292073
78,0.05859825961006104,0.015512396475681775,0.019391639856621623,0.03014727172400001,0.00099115248173898,2.032240183375226,2.030771036282996,2.0304630514784168,2.0302694997014936,2.030119016063355,2.0299916456851226,2.0298791231561717,2.029777116755326,2.0296829032246606,2.029594053804836
79,0.0569974736384648,0.015477761568194574,0.018886769888922572,0.03058782028783305,0.0009904871000969212,2.035048554295589,2.0335244304477573,2.0332108845231214,2.033014843481583,2.0328630104020666,2.032734878708946,2.032621952066257,2.0325197819238334,2.0324255768673183,2.0323368538932867
80,0.04718566792438416,0.015443551994774238,0.01968900696374476,0.02647258216663536,0.0009897978371748723,2.0378350359857658,2.036257087840667,2.0359366927900457,2.035736582492602,2.0355817977561554,2.0354513473574083,2.0353365191406567,2.0352327462897817,2.0351371625137245,2.0350472226790837
81,0.04528898396077702,0.015409883775626371,0.020104815950617194,0.02565343449674247,0.000989084726566536,2.0405971046608733,2.0389614802264044,2.0386312553403703,2.0384245640547736,2.0382646383388363,2.0381299133034942,2.038011403780561,2.0379043860987966,2.037805891899386,2.037713294138111
82,0.04898694284900638,0.01537645474827039,0.020610792795196176,0.027316617918032873,0.0009883478030279168,2.043349529841622,2.041657271027754,2.0413161272917573,2.041102035997501,2.0409362373383,2.040796527204207,2.0406736235581775,2.040562637021118,2.040460494105226,2.040364485113688
83,0.0510460744270337,0.015343149745238469,0.020504330983385444,0.028017644893834497,0.0009875871024756287,2.046099516256855,2.044349436716042,2.0439985150637328,2.0437775227247323,2.0436060074313986,2.0434612752404497,2.0433338222598643,2.043218633072378,2.0431125512735666,2.043012797635318
84,0.051334412733619376,0.015310019948652049,0.02021614508703351,0.027859598982480513,0.0009868026619851435,2.048847367299661,2.0470358170988345,2.0466737807174304,2.046445407449061,2.0462680480263145,2.046118330263923,2.0459864463284307,2.0458672154643986,2.045757378295855,2.045654075364384
85,0.05455784347508941,0.015276874754831837,0.025019824039191008,0.028584916388107767,0.000985994519788984,2.051596232066333,2.0497265464471597,2.0493561150957995,2.049121997442891,2.048939921322152,2.048786080724469,2.048650479673931,2.0485278327948335,2.0484148120846806,2.048308498373862
86,0.041129501057844874,0.015244442555541126,0.02006019977852702,0.023954363167541636,0.0009851627152748603,2.054310826340756,2.052378223819449,2.0519944148698395,2.051750597403467,2.051560506794854,2.0513996881091674,2.0512578301181548,2.0511294626194156,2.051011135477388,2.0508998326626995
87,0.05418623393450114,0.015211942118257311,0.019698951160535216,0.029252810632422993,0.0009843072889837512,2.057038450447851,2.0550404368105113,2.0546436965923203,2.054390816049175,2.054193362138836,2.0540261957641657,2.0538786823630666,2.053745166175362,2.0536220764026014,2.053506302131811
88,0.04609816119191882,0.01517981352005269,0.0266462170984596,0.026347216017336247,0.0009834282826079275,2.059754545387647,2.0576867686046683,2.057273782434512,2.0570092563651783,2.056802316252106,2.0566269887802906,2.056472227436027,2.0563321340736893,2.0562029784312714,2.0560815270406243
89,0.05295562220744754,0.0151476309125181,0.019615825964137912,0.02868125330615055,0.0009825257389889197,2.0624771048380084,2.0603416887092796,2.0599140136355247,2.059638975988668,2.0594234573253205,2.0592407088465587,2.0590793080639127,2.0589331400977806,2.0587983341469664,2.058671548292589
90,0.05043139834347102,0.015115566400210952,0.019622179912403226,0.02748043671908872,0.0009815997021154303,2.0651962136392124,2.0629922599847847,2.0625504970753146,2.062265596874847,2.062042090350477,2.0618524282663717,2.061684810851783,2.0615329123526385,2.0613927290221885,2.061260817949442
91,0.051028139816118846,0.015083624629316728,0.019902896834537387,0.027635616440332984,0.0009806502171211904,2.0679143289382953,2.0656391405108834,2.065183498942741,2.064888919222408,2.0646575589202127,2.064461087278521,2.064287339801616,2.0641297876517894,2.063984299474435,2.0638473353212854
92,0.048991891205425075,0.015051894630749877,0.019620937993749976,0.02738155444708486,0.0009796773302827588,2.0706313485676158,2.0682778653739575,2.0678068154385523,2.067501604865783,2.067261657982472,2.0670577540119206,2.0668773210736378,2.0667136061043183,2.066562337459903,2.066419869522172
93,0.04803916715179468,0.01502035407656164,0.020238047931343317,0.027062272452356793,0.0009786810890172676,2.0733419306688354,2.0709113716389864,2.070424330994316,2.0701075373220026,2.069857951365218,2.0696455458194176,2.0694573700934216,2.069286456587472,2.0691283955438506,2.0689794347111983
94,0.05104564164226919,0.014988914300384003,0.01921521918848157,0.027822599614373337,0.0009776615418801106,2.076054081546184,2.0735456188914494,2.0730411729412728,2.0727119205929023,2.0724521869029484,2.0722310054289785,2.0720349677723715,2.0718568437115117,2.0716920550224684,2.071536722948045
95,0.05644748366801793,0.01495725759041665,0.01957052107900381,0.029956829543916305,0.000976618738562577,2.078783772484247,2.0762004560413208,2.0756807680077234,2.0753406479490932,2.0750720900817154,2.0748432917870043,2.074640437737441,2.07445606517429,2.0742854468984575,2.0741245909114023
96,0.04808968289493806,0.014925879637985019,0.01980229699984193,0.026449423876901777,0.0009755527298894293,2.081500945454156,2.078841113500114,2.078305145613536,2.0779534345157074,2.077675511015713,2.0774386664140443,2.077228641890575,2.0770377209699538,2.0768610140452792,2.0766944068102267
97,0.05274699352434739,0.014894519605511972,0.019901769002899528,0.02804286776648764,0.0009744635678164261,2.084218748173156,2.0814849524888035,2.080934021323924,2.0805715901433026,2.080284994927436,2.0800407078471053,2.07982406510104,2.0796271164275364,2.079444821236806,2.0792729499319424
98,0.05369044908473045,0.014863091093971164,0.019848902011290193,0.028774229352297825,0.0009733513054277904,2.0869425949661444,2.08413910872444,2.0835745870975195,2.0832025118039144,2.082908125067908,2.0826571286650353,2.0824344853788155,2.0822320339411107,2.0820445999521215,2.081867851702118
99,0.05159322031700493,0.014831746956163941,0.020247661974281073,0.027984343070245978,0.0009722159969336218,2.0896672063483246,2.086791652237232,2.086213945522223,2.0858326901026,2.0855309657053245,2.085273689222732,2.0850454442360733,2.084837856369722,2.0846456171234093,2.08446429324388
100,0.05098273702966149,0.014800548635532124,0.01997189107351005,0.027718331976207586,0.0009710576976672547,2.0923903183131145,2.0894411085801603,2.088849047753696,2.0884578772574423,2.0881482723692315,2.087884278269738,2.087650060555057,2.0874370125713377,2.087239681536679,2.087053526864872
101,0.0506434791155391,0.014769472339719711,0.019123733043670654,0.027647073734940665,0.0009698764640825613,2.0951102060972144,2.092088826608828,2.091482038975904,2.0910805221000786,2.0907626444563183,2.0904915862280893,2.0902510877339,2.090032301850431,2.0898296246595836,2.0896384028609774
102,0.05995144376484405,0.014738152148362868,0.019733796827495098,0.029947911935326185,0.0009686723537511998,2.097845380852741,2.0947539431652236,2.0941365694108214,2.0937282205704744,2.093405108138923,2.0931296942564948,2.092885391782762,2.0926631772530415,2.0924573389993424,2.0922631414007293
103,0.04982728296332296,0.014707027416560416,0.020022453973069787,0.027447631855046905,0.0009674454253598092,2.100574770859314,2.097412173211681,2.096783289000114,2.0963672876213404,2.0960381879400636,2.0957577261967386,2.095508976551948,2.0952827279335686,2.095073151254344,2.0948754207626172
104,0.059275008519394594,0.014675693268569961,0.020137205021455884,0.02989883246388957,0.0009661957387071484,2.103316871045878,2.1000877965809144,2.0994510004426803,2.099030012206173,2.0986971447740794,2.098413595524098,2.0981621898316565,2.0979335798675662,2.0977218511529516,2.097522109387749
105,0.045063828257925514,0.014644867973055836,0.01953961211256683,0.025404956800982568,0.0009649233547011815,2.1060369662597096,2.1027327977194754,2.102085231513556,2.101657133465953,2.1013187154484756,2.1010305032250702,2.1007750070337563,2.1005427026438546,2.1003275642556516,2.100124611288017
106,0.04599397446424003,0.014614458286440172,0.019445173908025026,0.02579728205638269,0.0009636283353561104,2.1087404737894033,2.1053539574265785,2.104693286352554,2.1042562776144784,2.1039107938549533,2.103616578718357,2.1033557697006167,2.1031186325359745,2.1028990087415207,2.102691817134937
107,0.04897564589339814,0.014584277586336012,0.01954824011772871,0.026785145911768702,0.0009623107437893505,2.1114353432293465,2.1079667161839417,2.1072912710316065,2.106843921786421,2.106490140159621,2.1061888410725387,2.1059217589539756,2.10567892860147,2.1054540435361226,2.105241910312006
108,0.048871472033399505,0.014554299765421766,0.018647596007212996,0.026607057244606692,0.000960970644218456,2.114120687227498,2.110568956487299,2.109878973567802,2.1094212306122815,2.1090590268316256,2.1087504902801717,2.1084769632192235,2.1082282534411023,2.1079979085451317,2.1077806243242687
109,0.04917858209094066,0.014524484793634388,0.0196206490509212,0.026919008355621405,0.0009596081019579896,2.1167999759900415,2.113164945856882,2.1124602078223496,2.1119917812523465,2.11162084102079,2.1113047461848065,2.1110244544174646,2.110769549383318,2.110533433364509,2.110310690889654
110,0.0493492584059077,0.014494841344569175,0.01939778495579958,0.026810590685185882,0.0009582231834163388,2.119472855545501,2.1157541179098427,2.115034208272582,2.114554729694466,2.1141746837854334,2.113850658971744,2.113563236260643,2.1133017819918396,2.1130595574923614,2.112831038445441
111,0.04588111113135385,0.014465530050073101,0.019733174005523324,0.02579112570695354,0.000956815956092479,2.1221328324946196,2.118325485725927,2.1175881021765504,2.117095986267699,2.116705574028138,2.116372532938499,2.1160769976593676,2.1158080802715227,2.1155588795884657,2.115323748952917
112,0.052563934362468846,0.014436224259934407,0.02023613592609763,0.027827021179511816,0.0009553864885726854,2.124797948212039,2.1208977983719457,2.120144588794682,2.119641409869637,2.1192420298777273,2.1189012272251215,2.118598720877281,2.1183233912429973,2.1180681912227968,2.117827364297379
113,0.0435643562056645,0.014407381983573192,0.02004000684246421,0.024419652198678893,0.0009539348505271879,2.1274384830809487,2.123441675811339,2.122669975757219,2.1221538014411165,2.121743892739115,2.1213939914724103,2.121083325828238,2.1208005012290942,2.1205382975694524,2.1202908306501103
114,0.047716345665230794,0.014378759499967357,0.020347240148112178,0.02603905159229968,0.0009524611127067768,2.1300706600391677,2.125974313615926,2.1251833618219402,2.124653523921684,2.1242325267393203,2.1238730576572875,2.123553837025056,2.123263182584045,2.1229936919387864,2.1227393463091104
115,0.04558400675219425,0.014350449838359236,0.01950059994123876,0.02539825672720313,0.0009509653469393544,2.1326906051698766,2.1284899163804987,2.1276774645943624,2.1271324183878004,2.1266991279303236,2.1263290893506976,2.1260004519205506,2.125701210915596,2.125423759911515,2.1251619307313248
116,0.04733670494362108,0.014322324509362062,0.01874756393954158,0.02638289337760724,0.000949447626126434,2.135308852842033,2.1309968571191136,2.1301615806987595,2.1296006565972365,2.129154623396921,2.1287736606182874,2.128435299487091,2.128127191729713,2.1278415159871744,2.127571948371677
117,0.05293134122840393,0.01429408276937465,0.019849278032779694,0.027904072588386546,0.0009479080242395868,2.1379346268801966,2.133514548067569,2.1326593907645806,2.1320846738423365,2.1316275176358848,2.131236975242411,2.1308900568806393,2.130574125389971,2.130281177894631,2.1300047564882543
118,0.050132775720882594,0.014265871414744844,0.019590714015066624,0.027338024946537864,0.0009463466163168367,2.1405640330845306,2.136033964944702,2.1351596222198603,2.1345717375140514,2.134103965618126,2.133704248906192,2.133349096079909,2.1330255965148157,2.1327255772550244,2.132442454795493
119,0.05264395442786979,0.014237581264959494,0.01985096000134945,0.027888845048000654,0.0009447634784590033,2.1431983708842766,2.1385648686792766,2.1376726431798105,2.137072373954936,2.1365946390585653,2.1361863510423236,2.1358235374904315,2.1354930197617876,2.1351864564123453,2.134897139038244
120,0.04819494379895213,0.014209487403678849,0.01965127093717456,0.026010918856912157,0.0009431586878259917,2.1458224717622403,2.1410862716172945,2.1401755463812333,2.1395622831221517,2.1390741222394816,2.13865692979823,2.1382862233364244,2.137948532876425,2.137635331571246,2.1373397740644076
121,0.04453457423965729,0.014181762599029037,0.019998766016215086,0.02463786129120028,0.000941532322633034,2.1484265963513303,2.1435842870655257,2.1426532528677034,2.142025810043088,2.1415263125448023,2.141099458871633,2.140720201980661,2.1403747516798943,2.140054378611881,2.139752089568331
122,0.051160362661098385,0.014154057932927417,0.02023914805613458,0.02730201378258227,0.0009398844621468748,2.151035648676611,2.1460844216282093,2.145133666246399,2.1444926586711865,2.1439824177545703,2.1435464613942803,2.143159179034182,2.142806465469303,2.1424793945767333,2.142170830436638
123,0.05272172220652954,0.014126269919315574,0.01982524199411273,0.028063693887380257,0.0009382151866819099,2.1536542031861687,2.148594932311037,2.1476259893631395,2.1469725650199107,2.1464524968874827,2.1460082195045405,2.1456136079079227,2.145254267844831,2.144921091318169,2.144606808928322
124,0.05041413136325077,0.014098545305975173,0.020044881151989102,0.027179020440687613,0.00093652457759627,2.1562743068793813,2.1511053082602216,2.1501182753509274,2.149452645403357,2.148922934745794,2.148470492346639,2.1480686882443476,2.1477028462103944,2.147363680668621,2.1470437911992923
125,0.05243611844279014,0.01407076748558493,0.02028264314867556,0.027625835066255894,0.0009348127172878569,2.1588971009839395,2.153621842448608,2.15261949449909,2.151943447976534,2.151405429075556,2.150945909489351,2.150537846732282,2.150166329438387,2.1498219210268137,2.1494971065385102
126,0.05042368743568992,0.014043036013525271,0.020031144144013524,0.02732850676249557,0.0009330796891903273,2.1615202469424153,2.156141326867664,2.1551235828710493,2.154436920930384,2.1538904347250005,2.1534237090647443,2.1530092696848766,2.152631957599726,2.15228217847152,2.1519522994036215
127,0.05417763877568266,0.014015303443290383,0.020340885035693645,0.02776767449140792,0.0009313255777690251,2.1641487657800074,2.1586627649782124,2.157630678966504,2.156934697420264,2.156381042485486,2.155908352623096,2.1554887169570156,2.155106738550318,2.154752677430357,2.1544187938568364
128,0.045172624586562474,0.013987973275520385,0.019467080011963844,0.024824617594740597,0.0009295504685168668,2.1667578940956886,2.1611580263270556,2.1601090258160007,2.159402050501276,2.1588400062746254,2.1583604022417586,2.1579347983293506,2.157547507073854,2.157188610612334,2.1568502414792876
129,0.04932026274557941,0.013960814098240881,0.01970612700097263,0.02636599423191211,0.0009277544479501732,2.169362190110191,2.1636437286287458,2.162577107794366,2.161858982441532,2.161288585163262,2.160802190134212,2.1603707851641705,2.1599783716919303,2.1596148432224718,2.1592721987326247
130,0.04652537363981818,0.013933883921291709,0.019804609939455986,0.025826551778865982,0.0009259376036044523,2.1719561988609017,2.1661184783261724,2.1650328890542707,2.1643023814150313,2.163722503014855,2.163228272360747,2.162790086989547,2.1623916230512545,2.1620225745468087,2.161674798559762
131,0.047612357705356254,0.01390714720875403,0.01935114781372249,0.026005869177597188,0.0009241000240301347,2.1745427585154524,2.1685836820308633,2.1674776109465808,2.1667339470094813,2.1661441002647948,2.16564168463081,2.1651964467847282,2.164791708784383,2.164416949598707,2.1640638751540204
132,0.04919670756670276,0.013880512796666704,0.01901276595890522,0.026044101739565513,0.0009222417987882565,2.177119484402901,2.1710451305964518,2.1699197115957958,2.169163195533481,2.168563477297357,2.1680529185093746,2.167600662786053,2.167189694900755,2.1668092846378797,2.1664509882930894
133,0.05044273373256097,0.013853870633795786,0.019462522119283676,0.02745128395802489,0.0009203630184460944,2.1797008493559056,2.173513085679508,2.1723688372231056,2.171599717434358,2.170990200433279,2.17047146368346,2.1700120852203044,2.169594733079244,2.169208479424259,2.1688447375721607
134,0.04538993376999524,0.013827500224460103,0.019418937852606177,0.02531125360736751,0.0009184637745727513,2.182268528403693,2.175966415793485,2.174801624047685,2.174018437858019,2.173397839451534,2.1728697679883915,2.1724022006147568,2.1719774650742796,2.17158441970624,2.1712143234439383
135,0.04971055195698632,0.013801223011248557,0.019472746178507805,0.026776017686472132,0.0009165441597346947,2.184837985810039,2.178414583887814,2.177229918664465,2.1764332169726073,2.175801974103878,2.175264933975837,2.1747895034965956,2.1743576892172567,2.173958147174369,2.1735819887625314
136,0.05455150745946113,0.013774773654400309,0.02487242710776627,0.028726001511196794,0.0009146042674912433,2.1874224736590557,2.1808808478562725,2.179677929532873,2.1788690827818558,2.1782283871942534,2.1776834354618138,2.1772010950675265,2.1767630737155668,2.1763578416872384,2.1759763751750745
137,0.04775167037481212,0.01374852922115279,0.019881905987858772,0.02619121957810562,0.0009126441923900084,2.1900005555133775,2.183337576631639,2.182114397415884,2.1812920958893094,2.180640967883246,2.1800873187724896,2.179597411593459,2.179152618544997,2.178741201158949,2.17835398501026
138,0.04588607517419293,0.01372252412903208,0.01973859197460115,0.02575102877366924,0.0009106640299622852,2.192568663946086,2.1857812618886747,2.184536531796192,2.1836996580859016,2.1830370582362875,2.1824737183668788,2.18197528131574,2.1815227739834633,2.1811042423420313,2.180710356421945
139,0.049111436034295575,0.01369664609093309,0.01973300497047603,0.02609835656139461,0.0009086638767183966,2.195129049567797,2.1882171920016242,2.1869520806917095,2.186101148209441,2.1854273933044484,2.184854617109252,2.184347890945519,2.183887915650211,2.183462529329772,2.183062249338382
140,0.05061674647077821,0.0136708108556837,0.019429466919973493,0.026868525849793677,0.0009066438301429902,2.1976884367257563,2.190653853631731,2.1893688721255935,2.1885043524038643,2.1878198438234437,2.187237967456953,2.1867232357917796,2.186256035888884,2.1858240080841385,2.1854175249359438
141,0.04639166944980749,0.013645229681388123,0.019532587146386504,0.025165833264021113,0.0009046039886902862,2.200232870715167,2.1930739472405003,2.1917684099605816,2.190889825763962,2.190194144144126,2.1896027733970587,2.1890796565979627,2.1886048634465776,2.188165835515421,2.18775280058899
142,0.04531195365439775,0.013619897871549477,0.019566009053960443,0.025468976610889038,0.0009025444517792792,2.2027677547862763,2.195478994296171,2.1941515480271,2.193257900036192,2.1925501557320675,2.1919484505948206,2.191416135339562,2.190932951547655,2.1904861362674346,2.190065769118193
143,0.04245133616865357,0.01359493053695359,0.019758879905566573,0.02449129553317582,0.0009004653197888923,2.2052856644470595,2.197861498319561,2.196509578801398,2.1955986906156695,2.194876923595285,2.1942630854012237,2.193719899307798,2.1932267528390956,2.1927706588409204,2.1923415338067533
144,0.0479568392929424,0.013570077831446323,0.0198905470315367,0.025718731527424574,0.000898366694053086,2.2077960249927715,2.2002377709070235,2.198861886075654,2.1979340628394985,2.197198524186875,2.196572797253665,2.1960189940533907,2.195516152727708,2.195051062322739,2.194613475130177
145,0.056364883969573176,0.013544917962448942,0.019706320017576218,0.029279261903149657,0.0008962486768559179,2.2103284175578994,2.2026406958765525,2.2012444124133457,2.200302491049058,2.199555541259302,2.198919969753545,2.1983573738638085,2.1978465016636677,2.197373956361104,2.196929351284916
146,0.046301640977882474,0.013519995559248203,0.019975695060566068,0.02512026402130146,0.0008941113714265575,2.2128458752047537,2.2050296443003545,2.2036117582626176,2.202654779857125,2.201895648213753,2.2012495845686564,2.2006776346596157,2.2001582355732987,2.199677791970105,2.199225769937497
147,0.048628922297350774,0.013495170061822336,0.020027410937473178,0.026073711115749007,0.000891954881934257,2.2153578408464,2.207412499761985,2.2059740668075407,2.205002814223692,2.204232147035115,2.2035761481764196,2.2029953341678605,2.2024678444093766,2.201979893974324,2.2015208081872233
148,0.052359003303050544,0.01347028264187497,0.02024228684604168,0.027513344749860183,0.0008897793134832714,2.2178766248939485,2.2098018940779633,2.2083453053875455,2.2073613731852655,2.2065804007839906,2.20591550074597,2.2053267374370433,2.204791993236583,2.204297317393971,2.203831909345363
149,0.04866067390678388,0.013445529778427357,0.020032590022310615,0.02593723298759126,0.0008875847721077378,2.220387158817947,2.21218527414514,2.2107096847950745,2.209712685844662,2.208921258888288,2.208247424504977,2.207650738972747,2.207108801146708,2.2066074812623797,2.206135846003519
150,0.04894349987893883,0.013420851466805456,0.019638977013528347,0.026801336323653065,0.0008853713647665066,2.222897545806376,2.2145709321640794,2.213074922849215,2.2120636117150734,2.2112606875280725,2.210577036278396,2.209971668111853,2.209421870011042,2.208913312470161,2.2084349141364017
151,0.047275146191291376,0.01339640250529911,0.018844695994630456,0.02539149601275741,0.0008831391993379295,2.22539663651672,2.2169422053217955,2.2154247813341055,2.2143982621299476,2.2135830815735793,2.21288898390446,2.212274416348484,2.211716336837964,2.2112002011995133,2.2107147678820604
152,0.05046323386299615,0.013372004123736307,0.02088197786360979,0.026475976086644686,0.0008808883846146001,2.2278933694818934,2.219310187232453,2.217772724925717,2.2167322870330484,2.2159059782029953,2.2152024236180976,2.21457953772927,2.214013974322725,2.213490993542722,2.2129992079078216
153,0.05028226159134315,0.01334764455055601,0.019425256876274943,0.026729001123340215,0.0008786190302980523,2.2303891219734213,2.221678890772585,2.220121891338688,2.219067911085071,2.2182308164681426,2.2175181190831372,2.2168872008150293,2.216314412493568,2.215784820733653,2.2152868947088824
154,0.048627225388063265,0.013323397044876934,0.019715449074283242,0.026130379615258343,0.0008763312469934144,2.2328788692342236,2.224041245942147,2.2224654386171356,2.221398298949821,2.220550605656123,2.219828844159938,2.219189909361132,2.2186098740866385,2.218073625776731,2.2175694988408163
155,0.05183292242176673,0.013299088946717398,0.019431223860010505,0.027320816218356376,0.0008740251462040166,2.235370161099158,2.226412729457834,2.224819987457256,2.2237407541406253,2.222883188884119,2.222152914308836,2.2215064081926763,2.220919499336289,2.2203769143454894,2.219866863626555
156,0.05004638583564508,0.013274909754702559,0.019312476040795445,0.02598636930923424,0.0008717008403259584,2.2378530593443435,2.2287767287132803,2.227167139289308,2.2260759192270454,2.2252086432269427,2.2244700613411177,2.223816225513012,2.22322271461896,2.2226740906003073,2.2221584374305716
157,0.04763659796452815,0.013250913303805166,0.019575865007936954,0.02590603841956083,0.000869358442642629,2.2403293665079667,2.23112926818108,2.229501775360916,2.2283980971629793,2.2275208289135433,2.2267737403819488,2.2261124147074542,2.225512159962529,2.224957362108365,2.224435972170418
158,0.05217328221301029,0.013226905933872503,0.019988004118204117,0.027443627667889246,0.0008669980673191868,2.2428114677351205,2.2334849507590513,2.2318408165882966,2.230725658209149,2.229839194460428,2.229084295036145,2.2284161163268386,2.2278097184604206,2.2272493244713414,2.226722760152654
159,0.042473491019379334,0.013203315031614375,0.01987288985401392,0.02380267476610539,0.0008646198293969952,2.245267724070846,2.2358129547738472,2.2341486224911193,2.2330193511452694,2.2321215686142013,2.2313570561819485,2.2306804439837045,2.2300664852138103,2.2294992018984936,2.2289662685897267
160,0.052980154618198105,0.013179683502148432,0.01983915502205491,0.027190727858759183,0.0008622238447880152,2.247728149294552,2.238143436621501,2.2364614088890056,2.2353201637922,2.2344129375363946,2.2336404965173857,2.2329569908666698,2.232336898077243,2.2317640616587515,2.231226021817247
161,0.0514301745300501,0.01315604700821178,0.019395553041249514,0.027593598666390842,0.0008598102302691563,2.2501965359833327,2.2404780599554917,2.238778416635647,2.2376256074694463,2.2367093937015046,2.2359294570353088,2.2352394501945696,2.2346135734863415,2.2340354951083916,2.233492625029629
162,0.049051070081630684,0.013132510112382161,0.019271844066679478,0.02653144114829156,0.0008573791034765853,2.2526613635249686,2.2428094083695402,2.241091480326635,2.2399267299237726,2.239001275381151,2.2382136368399164,2.237516935787771,2.2368850808554734,2.236301559172101,2.235753648649336
163,0.045295187704992766,0.013109272550595756,0.019679571967571974,0.024427791277755816,0.0008549305828999922,2.2551049481585705,2.2451179158923003,2.2433811760553897,2.2422039675445147,2.2412687850699675,2.2404729889916553,2.2397691681541523,2.239130937691084,2.2385416018547892,2.2379883048375273
164,0.04717425702295938,0.013086184633739385,0.019237155793234706,0.02543148632460222,0.0008524647878768156,2.257536639428869,2.2474147492648764,2.2456606250179285,2.2444717691983938,2.243527340756738,2.242723668299305,2.2420128717625447,2.241368308302455,2.2407731209717077,2.2402143344779875
165,0.048692706095705564,0.013063201099131738,0.019872939912602305,0.026339485802502408,0.0008499818385864262,2.259966424526988,2.2497065897757165,2.24793442222881,2.246733709934181,2.2457799852913496,2.244968444654004,2.244250701206627,2.243599838789387,2.242998832732321,2.2424345854464436
166,0.0480572910425173,0.013040359074177872,0.019310706993564963,0.025762672150775323,0.0008474818560442692,2.262388276009023,2.251989773478551,2.2501994101714815,2.2489865866248984,2.248023405805512,2.2472039224260896,2.2464792164343756,2.245822077188919,2.245215297643203,2.2446456481282775
167,0.04284811711106046,0.013017856994758981,0.01996594900265336,0.024371445012395354,0.000844964962095967,2.2647918072434297,2.25425316008421,2.252440736450953,2.251212690262916,2.250237464490857,2.2494078152887926,2.248674189047631,2.248009014468984,2.2473948567269355,2.246818321872292
168,0.04715266255472694,0.012995485621264015,0.02001591701991856,0.025454893507219224,0.0008424312794113801,2.267186022891956,2.2565078099440523,2.2546738249322913,2.2534308474614546,2.25244374576232,2.2516040159637836,2.250861494452043,2.250188264451906,2.2495666735257034,2.2489831705652414
169,0.04747461008713415,0.012973196951803339,0.020048876060172915,0.025575611046828123,0.0008398809314786275,2.2695707706283925,2.258757511211061,2.2569038785642515,2.2556467830954485,2.2546481641468796,2.2537984722054145,2.2530470298583523,2.252365625145358,2.251736416902982,2.251145714560008
170,0.04472257505061886,0.012951139716695618,0.019967472879216075,0.024468814153832185,0.0008373140425980697,2.271939037483645,2.2609901174629687,2.259116359745828,2.2578447935109494,2.256834313577585,2.255974307016268,2.2552135805788973,2.25452362817799,2.253886421437693,2.2532881317361677
171,0.04851393245558677,0.012929159086783009,0.019244377966970205,0.025869605833380445,0.0008347307378762498,2.2743038833962026,2.2632179318518957,2.2613248290295838,2.2600393631897036,2.259017476911675,2.258147539846519,2.2573778663158435,2.2566796695749867,2.2560347425776373,2.2554291244719065
172,0.04277838312141434,0.012907480648968886,0.0191632981877774,0.02396271812443794,0.0008321311432197947,2.2766497962112613,2.2654247350624854,2.2635107718362715,2.2622097704743185,2.2611749379894883,2.260293655291614,2.259513734671196,2.258806092452633,2.258152327478042,2.257538333698832
173,0.044510285324734424,0.012886024528421698,0.019755925983190536,0.02407760682222999,0.0008295153853292809,2.2789784075200306,2.2676132443667334,2.2656787311643947,2.2643623878423793,2.263314706952742,2.262422110340142,2.26163193060456,2.2609148022047387,2.2602521396273003,2.259629697918988
174,0.04970622210629999,0.012864583995059341,0.019736464833840728,0.02614310713666611,0.0008268835916930577,2.2813089115870095,2.269800360823258,2.2678467775324194,2.266516376658064,2.2654569835702083,2.264554103765492,2.2637546201408254,2.2630289053579484,2.262358203066782,2.261728138723286
175,0.04999500315845692,0.012843171809927872,0.019288111012429,0.025921541478782874,0.0008242358905810339,2.2836376396269507,2.271986139074017,2.2700142863287005,2.2686707595526854,2.2676006153744135,2.2666884155528924,2.265880583740721,2.265147227910979,2.2644694209737133,2.263832660188236
176,0.04656912597032562,0.012821901651335175,0.019661979051306844,0.0250189320709331,0.0008215724110384265,2.2859570747738793,2.274162605242021,2.272171702511662,2.270814827667984,2.2697339469309408,2.2688125458081636,2.267996529863312,2.2672557137127645,2.2665709847347895,2.2659277041643766
177,0.04685883852822476,0.012800795643977037,0.02007805393077433,0.02510522599792688,0.0008188932828794705,2.288270738653707,2.276325449875718,2.274314926973813,2.2729448492752815,2.271853557969607,2.270923345510577,2.270099563566135,2.2693517201837925,2.268660511587079,2.268011160280469
178,0.04853218883167219,0.01277971543522281,0.020232056034728885,0.026020709274335276,0.000816198636681093,2.2905833881239723,2.2784888560001093,2.2764592348350474,2.275076540610303,2.27397535571165,2.2730367488113816,2.2722055218183703,2.2714508884824154,2.270753366440927,2.2700980502977495
179,0.04610201262480929,0.012758768882367173,0.019743551965802908,0.02496252281041451,0.0008134886037765481,2.292885117314045,2.2806450347591656,2.278596356179945,2.2772005683333294,2.2760888820265532,2.2751412595018374,2.2743019921783536,2.2735400113185658,2.2728356575405604,2.2721738953486725
180,0.04552686678095769,0.012738004530459762,0.019698118092492223,0.024343788129146175,0.0008107633162490162,2.2951712756079097,2.282789068957903,2.2807212683981466,2.279311753016411,2.278188879203864,2.277231614989002,2.2763837620381735,2.275613965845057,2.2749023810111164,2.2742338326178158
181,0.04578448722369822,0.012717391453978719,0.019814805826172233,0.02473537463655955,0.0008080229069251662,2.2974470144726533,2.2849233731751197,2.2828357350476147,2.281412062046665,2.2802777003984307,2.279310553717238,2.2784539028906563,2.2776760933922184,2.2769570870707145,2.276281566426966
182,0.04373768849305177,0.012697030267628362,0.018721706932410598,0.024001738851542703,0.0008052675093686832,2.299708066887477,2.287040698491033,2.284930774800261,2.2834911922537766,2.2823440497053515,2.281366020222388,2.2804997661786874,2.2797132742608297,2.27898627656533,2.2783032887587455
183,0.04196424502650711,0.01267695736305617,0.01846833503805101,0.023389106408293107,0.0008024972578737563,2.301950443613871,2.28913653019303,2.2870023835464233,2.28554548488264,2.2843844161295452,2.283394507388858,2.282517748706575,2.2817217386341384,2.280985961938101,2.2802947562718923
184,0.04068635572215248,0.0126572100310512,0.01855123694986105,0.022867348123739688,0.0007997122874585352,2.304171708984558,2.2912073168003517,2.2890467901089826,2.287570940255409,2.286394591984879,2.2853916366752753,2.284503339700435,2.283696878835292,2.282951469517882,2.28225125590407
185,0.045073608738668246,0.012637604515644118,0.018679311964660883,0.024775124549461305,0.0007969127338585488,2.3063903561434107,2.293267997274677,2.2910801106210363,2.2895848067757067,2.288392850163261,2.2873766054094915,2.2864765774523947,2.2856595055324402,2.284904325759499,2.284194982791784
186,0.04621962744386719,0.012618043312575416,0.018128495197743177,0.025050681500825504,0.0007940987335200903,2.3086046750655305,2.29532846608102,2.2931134730428187,2.29159872091887,2.290391117979429,2.2893615463683226,2.2884497603456992,2.2876220610566556,2.2868571032178706,2.2861386294574864
187,0.0482457485997816,0.01259850692960417,0.018705513095483184,0.025316349757695745,0.0007912704235935661,2.3108179461482647,2.297386414460481,2.295145765882662,2.293612790872658,2.292390614567756,2.2913486742700733,2.2904259975526666,2.289588464667087,2.2888144620101136,2.288087540396118
188,0.04464859877706848,0.012579098834778077,0.018955016043037176,0.02418226814321707,0.0007884279419268118,2.313019562582389,2.2994343869363525,2.2971685000191298,2.2956176514445876,2.294381166747624,2.293327040081453,2.2923935836123994,2.291546269326959,2.290763226429001,2.290027822989756
189,0.047927417492135416,0.012559661777108133,0.018446002854034305,0.025519988686207057,0.0007855714270583737,2.3152193221895705,2.301486285314775,2.2991973682177664,2.2976300137663737,2.2963801616744743,2.295314526073445,2.2943707887720493,2.2935140636572426,2.2927222545765105,2.291978568049484
190,0.048923924622401624,0.01254021824584984,0.018589315935969353,0.02559703204616021,0.0007827010182107565,2.3174183676805957,2.303539903886675,2.3012292890041137,2.2996464941513635,2.2983841868012664,2.2973078462595917,2.2963545527874194,2.2954890828705667,2.2946891302318972,2.2939377511254997
191,0.04668031597007799,0.012520846824080759,0.01838932395912707,0.025010184417673526,0.0007798168552836381,2.3196115841039693,2.305589869503071,2.3032576444378714,2.301659531979499,2.3003848961117064,2.299297971716683,2.2983352369538768,2.2974611316852003,2.296653140208905,2.2958941690157935
192,0.040311677146228436,0.012501810766755043,0.01870582695119083,0.022994912493026064,0.0007769190788470504,2.321785090866621,2.3076167183043794,2.3052592245637373,2.3036428990248337,2.3023535382824227,2.3012539851017313,2.3002800212908494,2.2993956866870513,2.298578212008826,2.29781032252149
193,0.05036115903331637,0.012482695432117627,0.018460876075550914,0.026165733022124767,0.0007740078301345289,2.3239623207196907,2.309651972412866,2.3072714661222657,2.305638424184126,2.304335441895851,2.303224142686355,2.3022396991453684,2.301345798819918,2.300519447067503,2.299743205675432
194,0.04481539196901099,0.012463753664874023,0.018636006163433194,0.0243298991980881,0.0007710832510362287,2.326130944288593,2.311673259191792,2.3092690424550883,2.3076188647941382,2.306301987570611,2.3051787605790506,2.304183717079093,2.303280174171595,2.3024449003876417,2.301660286578639
195,0.05056654303801335,0.012444791486440588,0.018563903868198395,0.0263438274406686,0.0007681454840920088,2.3283068676596206,2.3136981425062784,2.311270617813975,2.3096038746768506,2.308273706341958,2.307139159718485,2.30613412321599,2.305221543860839,2.3043779550557457,2.303585578536672
196,0.04790575012803682,0.012425893353463226,0.01854861481115222,0.02516544548767022,0.0007651946724844859,2.3304786458834896,2.3157159946048615,2.3132667089831003,2.311584672748858,2.3102422710276533,2.3090973126149517,2.308083085807509,2.3071621969605802,2.3063109638962387,2.30551145258763
197,0.046279065400344446,0.012407095688356037,0.018266744911670685,0.0247472102443413,0.0007622309600320546,2.33264124836377,2.3177276956254773,2.3152566670417967,2.3135592198523947,2.3122044576520087,2.3110489811211328,2.310025482759696,2.309096225852228,2.308237308885831,2.3074306384817773
198,0.04427751767276631,0.012388498509239492,0.01848752098158002,0.023721728733116225,0.0007592544911818786,2.33478759091997,2.319723454302066,2.317230089014416,2.3155167034062685,2.31414913406059,2.3129827698769048,2.3119496968754483,2.311011824987207,2.31014502494697,2.309331037439557
199,0.04837473443725135,0.012369923701617488,0.018892774125561118,0.025562718740369583,0.0007562654110028506,2.3369329914957753,2.3217189302180254,2.3192040866607413,2.3174753177935568,2.3160953762512153,2.3149184948851267,2.3138761778140347,2.3129299948685644,2.312055596924449,2.3112345637169254
200,0.04582423928273277,0.012351479388571923,0.018629272934049368,0.024482024138145087,0.0007532638651785215,2.3390681543717426,2.3237056701440486,2.3211692569370452,2.319424696348829,2.31803191376991,2.3168440480545396,2.315792041648219,2.3148371310132063,2.313954748817144,2.313126313527082
201,0.047492886677032414,0.012333083056305066,0.018410735996440053,0.025251983632622415,0.0007502499999999999,2.3411996104033643,2.3256889773060814,2.323131821789878,2.321372172294127,2.3199671464504314,2.318768811540508,2.317707566930553,2.3167443294656556,2.315854323508507,2.315018813378575
202,0.041830680102614384,0.012314943957477146,0.01925321714952588,0.023386831023731857,0.0007472239623588234,2.3433134487362857,2.3276531357241335,2.325073315542053,2.323296981267865,2.3218783301711547,2.3206682971786416,2.319596699366622,2.318624106885579,2.317725516462318,2.3168820242170676
203,0.046652418667690765,0.012296875903887072,0.018707753159105778,0.025230854014208517,0.000744185899739797,2.345424799461015,2.3296146340773776,2.3270114238968795,2.3252179386978544,2.323785318196477,2.3225633118900135,2.321481129600629,2.320498981732946,2.319591629928763,2.318739997517288
204,0.054315612721468245,0.012278598549500865,0.01851711398921907,0.02779828408406684,0.0007411359602138068,2.347551089829116,2.331594918840811,2.328971244402953,2.3271631610970256,2.325718824083344,2.3244868725363017,2.3233959593730154,2.3224059696828894,2.3214914547475245,2.320633183428308
205,0.04324991448371074,0.01226055505350163,0.018419037107378244,0.023399030085721407,0.0007380742924306025,2.3496569816240314,2.3335558892245745,2.3309114283556673,2.3290881260988816,2.3276313750718454,2.3263887768530735,2.3252884560633658,2.324289983102754,2.323367701594144,2.322502225192929
206,0.05000541090989927,0.012242499090460825,0.018657871056348085,0.025791479448627832,0.0007350010456115525,2.3517628241824746,2.335514390002869,2.332852028427342,2.3310159376147532,2.329548821602163,2.328297340621571,2.327189160049001,2.326183583661654,2.325254781576296,2.3243832371113657
207,0.05078502920240444,0.012224454411263052,0.01899046404287219,0.026318924913326602,0.000731916369542371,2.353873943555835,2.3374709877133517,2.3347913480320304,2.332943557619391,2.3314672208938982,2.3302079751970095,2.3290930107479206,2.328081365766435,2.32714704225961,2.326270399184261
208,0.041990419596231336,0.012206686829750974,0.018283481942489743,0.022960318953020503,0.0007288204145658178,2.3559607353648695,2.3394051668313667,2.3367072760075778,2.3348466121395384,2.333359884373885,2.332091757029191,2.330968954716836,2.3299502475866936,2.3290094634864644,2.328126830432912
209,0.04555469500535096,0.012189071925405415,0.018266679951921105,0.024522753154959637,0.0007257133315743707,2.3580386527316883,2.3413271625546255,2.338610279789785,2.336736364105839,2.3352389747980156,2.3339617361124234,2.3328308840665044,2.3318049118791313,2.330857469594414,2.3299686527573864
210,0.04165391407369601,0.012171740790555196,0.018841214943677187,0.02274733945565462,0.0007225952720028712,2.3600934226753845,2.343226257566244,2.3404884237044925,2.3385997224864705,2.3370904571941145,2.335803109986284,2.334663362800844,2.333629390279644,2.3326746374838687,2.3317790493400716
211,0.04957006314731824,0.012154414287272422,0.019035469042137265,0.025178570180032674,0.0007194663878211441,2.3621436761177104,2.3451237334735238,2.3423675296652244,2.3404656844029126,2.338945755842591,2.3376492740381205,2.3365014572692613,2.3354602112349525,2.3344988060636314,2.3335970555753898
212,0.051165256645247986,0.012137019398966392,0.018882666947320104,0.026661332943543854,0.0007163268315265902,2.3642010722025426,2.3470302911359955,2.3442562460046603,2.342341877488308,2.340811914581411,2.339506911782415,2.338351618532809,2.337303671698208,2.336336168005552,2.335428791891757
213,0.042509821771968444,0.012119877531893496,0.018446254078298807,0.0231767138467933,0.0007131767561367538,2.3662381356633553,2.3489178302552087,2.346123661373691,2.3441950582154796,2.3426536920835304,2.3413390310104885,2.3401752936982154,2.3391198086689378,2.3381454719120467,2.337231818735415
214,0.04876372899131761,0.012102763686077928,0.01877416204661131,0.02581491794358129,0.0007100163151818656,2.368277363520815,2.3508040198219753,2.3479895502499977,2.3460471036696413,2.3444948586836536,2.3431710812831086,2.3419994242740763,2.340936898277518,2.339956197753382,2.339036710989499
215,0.04696038338967371,0.012085732259986276,0.01946538803167641,0.024600122690820517,0.0007068456626973587,2.370305916524963,2.3526839689624786,2.3498500636350497,2.3478941397283655,2.346331220775971,2.344998461876249,2.3438189833242893,2.342749492666609,2.3417624904006957,2.3408372221041196
216,0.05443809017114424,0.012068535814294148,0.019723995123058558,0.02753801248271004,0.0007036649532163623,2.3723457368683616,2.354579215781597,2.351728735451156,2.3497614762779575,2.3481896911005546,2.346849553949638,2.345663713079,2.3445886076728173,2.3435965669266383,2.342666709595307
217,0.039152147790442765,0.012051722870140088,0.01926450594328344,0.022074279660057827,0.000700474341762169,2.3743571250513704,2.356442178466191,2.3535723940566404,2.3515915289363933,2.3500088844526195,2.3486595793917786,2.34746574505427,2.346383520266716,2.345385038792844,2.3444492741413026
218,0.04539483719962949,0.012035049388204643,0.019757956033572555,0.024194445222901484,0.00069727398384068,2.376356708257657,2.3582931888917376,2.355404353786429,2.35340982690014,2.351816187095667,2.350457550962783,2.3492555492216742,2.3481660268345195,2.3471609253727963,2.3462190750708385
219,0.046358337803011546,0.012018501101994861,0.02060229517519474,0.02400736345621943,0.0006940640354328255,2.3783425423620876,2.360133250258801,2.357225682858456,2.355217713727349,2.353613262307781,2.3522454703658124,2.351035476393905,2.3499388336049227,2.348927291745322,2.3479795378735373
220,0.046173425254135946,0.012002051608693484,0.01971090491861105,0.024911612008109638,0.0006908446529869618,2.3803240846649154,2.3619654520530577,2.359038899414006,2.357017330009603,2.3554019890877527,2.3540250066635116,2.352807004354651,2.3517032293073017,2.350685231364467,2.349731549911635
221,0.04196661779245134,0.011985838659486232,0.019964320119470358,0.022780058486487637,0.000687615993411248,2.3822833706395823,2.3637783537607997,2.3608318030514868,2.3587955346482725,2.357168261722279,2.3557811231439625,2.354554219261024,2.35344248184101,2.3524172515577764,2.3514569121880133
222,0.0430090841051561,0.011969799700189616,0.020628483965992928,0.023223888713511526,0.0006843782140659967,2.3842248366127885,2.365576870825792,2.362610355548154,2.360558971079682,2.3589192260300043,2.357521354565982,2.3562849651663336,2.355164685559179,2.354131651751154,2.3531640935708436
223,0.04646179803412592,0.01195382147782099,0.019263358786702156,0.024946577430743723,0.0006811314727560052,2.3861638043576656,2.367371307051389,2.3643844544180093,2.362318019483829,2.360665982280088,2.359257580013895,2.3580118984986584,2.356883250805276,2.3558425651608284,2.354867917284466
224,0.043871314574570115,0.011937996143429249,0.019693010952323675,0.023949190021805407,0.0006778759277228646,2.388093086889448,2.369152447109089,2.366144782742949,2.364062915014776,2.3623982537739785,2.3609790175784324,2.359723757043118,2.3585864632608113,2.357537852320578,2.3565558432407694
225,0.04433217007244303,0.011922312645665765,0.020168111892417073,0.02364434501081218,0.0006746117376372467,2.390009826392273,2.3709199266767165,2.3678915867417047,2.365794517766676,2.3641174607014817,2.3626876030093054,2.361422961353788,2.3602772073197675,2.3592208466230296,2.35823164266486
226,0.049728416388854994,0.011906593238986626,0.019212350016459823,0.025770033814256743,0.0006713390615911717,2.3919290904297,2.372691268751441,2.369643670339864,2.3675324173453918,2.3658438144533513,2.364404094409152,2.3631307723370694,2.361977217433912,2.360913735600939,2.359917941793213
227,0.04660494779510266,0.011890908551736154,0.019867340801283717,0.024669615375908338,0.0006680580590902525,2.393839818762789,2.374461601372096,2.371395768117815,2.369270696372113,2.367570679932693,2.366121124985741,2.3648390973188538,2.363677687889644,2.3626070146929345,2.361604550273806
228,0.04457948149412118,0.011875357282056511,0.020149923861026764,0.02413400997481855,0.0006647688900459223,2.3957411615386555,2.3762206646610338,2.3731361630667696,2.3709969449186277,2.3692852447843804,2.3678256159732083,2.3665346621266803,2.365365189104855,2.3642871230297304,2.3632777916274583
229,0.04350250121679737,0.0118599538150632,0.01977264112792909,0.023318064942650995,0.0006614717147676403,2.3976251630758885,2.3779676332995017,2.374864228032379,2.3727105859566597,2.3709869384832833,2.3695169756032946,2.3682168322361634,2.367039026843061,2.365953293346458,2.364936815085909
230,0.04640667637351062,0.011844617185065567,0.020280248951166868,0.02446152451730816,0.0006581666939550778,2.399502367813197,2.3797072441436473,2.3765861956487013,2.3744190838425068,2.3726842075829295,2.3712044679906525,2.3698955796245706,2.3687098048941184,2.367616706496608,2.366593337879917
231,0.04320071587522556,0.011829471267612173,0.01952520594932139,0.022679249687194557,0.0006548539886902863,2.401359286194357,2.3814287065193622,2.378289945194148,2.376109239214815,2.37436304862755,2.3728734893093564,2.3715558486579393,2.370362126775682,2.3692617104988996,2.3682315200925435
232,0.04533101368143379,0.011814426211109258,0.019290006952360272,0.024300685782575913,0.0006515337604298472,2.403210812744848,2.3831404196341146,2.3799837727688344,2.3777896646619663,2.3760324370630923,2.3745333512827176,2.373207244439901,2.372005845578386,2.370898362354891,2.369861580880234
233,0.047018862256357374,0.011799414315587458,0.019420490134507418,0.025046691475802536,0.0006482061709970014,2.4050613538422594,2.384848481138274,2.3816749385321194,2.3794682384973056,2.377700630050668,2.3761925537809527,2.3748584231071033,2.3736497149441558,2.372535471088503,2.371492353011885
234,0.0423747854564038,0.011784601884677752,0.020085674012079835,0.023306044345224177,0.0006448713825737636,2.406898895472652,2.3865393297917037,2.3833473980681728,2.3811270283144976,2.3793481798539,2.377830395694823,2.376487622021951,2.3752710559633576,2.3741495549980196,2.373099643366268
235,0.040527257060793485,0.011770000608645342,0.01840245188213885,0.022267730435383926,0.0006415295576930169,2.4087139416162375,2.388212305761127,2.385001316002799,2.3827663892855107,2.380975420879078,2.3794470785305153,2.378094838450282,2.3768696128258773,2.3757400705599294,2.374682595506454
236,0.04230545155564767,0.01175556118305735,0.019854306941851974,0.023105133585116653,0.0006381808592305912,2.4105154831299886,2.389871086346777,2.3866401673588777,2.384390145885102,2.3825866616921147,2.381047431370645,2.379685426594397,2.378451257995156,2.3773133977622622,2.376248085479502
237,0.04488949519199349,0.011741203211202048,0.020197456004098058,0.02423270548633149,0.0006348254503973253,2.4123124108269542,2.391523095998708,2.388271838129122,2.3860066513788074,2.3841906671478923,2.3826406002370466,2.3812689020893756,2.3800258747479095,2.3788797895689346,2.3778067390682045
238,0.04445911816260315,0.011726946549417559,0.01951498701237142,0.023734459509145402,0.000631463494731112,2.414099879735427,2.3931670364819975,2.3898949884617298,2.387614339280228,2.3857856588728423,2.3842246263601354,2.3828431534396706,2.3815912216858797,2.380436893881526,2.379356110227002
239,0.042089974324480695,0.011712856497400443,0.019803896080702543,0.022937487301826417,0.0006280951560889273,2.4158732513378007,2.394795710139502,2.391502485518541,2.3892059071560943,2.3873640850438242,2.385791673633869,2.3844000421493106,2.3831388471269603,2.381975938621723,2.380887101191697
240,0.04421973028101677,0.01169885659105972,0.019262975081801414,0.023344752783692847,0.0006247205986388449,2.4176349202029113,2.3964136856851894,2.3931007057626394,2.3907892510173356,2.388935108481797,2.3873519824191245,2.3859507429493214,2.384680749385689,2.3835096580070063,2.382413111203387
241,0.0444755903124129,0.011684946441468136,0.019677072996273637,0.023978552123190715,0.000621339986852034,2.419391097155838,2.3980235812186006,2.3946905116901864,2.3923641156789586,2.3904976868777594,2.388903928204831,2.3874931886146795,2.386214519035856,2.385035375709927,2.38393125510084
242,0.04934125396463914,0.011670954906105604,0.019585336092859507,0.025862430663762637,0.0006179534854947438,2.4211521892015333,2.3996417467371787,2.3962902023114054,2.3939501836052486,2.392072569264918,2.390469124396473,2.389049715600922,2.387763110526763,2.386576582677451,2.3854654950287535
243,0.04521081786382857,0.011657056930107771,0.018685567192733288,0.024116416274931787,0.0006145612596202726,2.4229064385942034,2.401252432501646,2.3978817987709564,2.395527794570284,2.3936387757111,2.392025514943311,2.3905973675198013,2.3893028011254094,2.3881088962861163,2.3869908759203144
244,0.047846858657535546,0.011643184310438544,0.019847887801006436,0.02477612615727087,0.000611163474560924,2.4246577597327597,2.4028595762526783,2.3994709133150884,2.3971038885272415,2.3952043291896636,2.393582035097847,2.3921458706257734,2.390844020040693,2.3896433832863933,2.388519052298245
245,0.042253996433961334,0.011629464236443787,0.020106283016502857,0.023290526743226018,0.0006077602959199482,2.426395702307167,2.404453415548789,2.4010462846984533,2.398665699113062,2.396755018316223,2.3951231021544412,2.3936783365779815,2.3923686265014967,2.3911606920153505,2.3900294935742292
246,0.043040051160298624,0.011615875611697813,0.019955627154558897,0.023329653230521965,0.0006043518895634709,2.4281206393441557,2.4060356192040837,2.4026096992737145,2.4002152373085432,2.3982931488555863,2.3966513456976415,2.3951977285429273,2.3938799182349624,2.3926644517060613,2.391526155624875
247,0.04308092593040205,0.011602399391279074,0.019990473054349422,0.023441637833181525,0.0006009384216124095,2.429833464036867,2.407607942689395,2.4041632143735003,2.4017547448185304,2.3998210911302658,2.3981692262587684,2.396706565175809,2.3953804441144046,2.3941572171777774,2.393011578153548
248,0.041439708747139106,0.011589097595503178,0.019178044982254505,0.022617789130123796,0.0005975200584343761,2.4315296679448855,2.4091642220414355,2.4056999804398442,2.4032768892494336,2.4013311625378897,2.3996688093069234,2.3981967370643034,2.3968619816469623,2.3956307032522797,2.3944774551092953
249,0.04543594828451965,0.011575847225883135,0.019636563025414944,0.024439713372891046,0.0005940969666355695,2.433222735855353,2.410715639047578,2.4072321130065744,2.4047947189303684,2.4028372267660445,2.401164661970857,2.3996834229207082,2.398340247982284,2.3971011073152226,2.3959404172919085
250,0.04388572315454734,0.011562732770526097,0.020121149020269513,0.023088861479422348,0.0005906693130526547,2.43490302093396,2.4122532895157445,2.4087505081623686,2.406298812108691,2.4043295617784346,2.402646813353344,2.4011564595952692,2.3998049410950157,2.398558036411256,2.3973900232849887
251,0.04466695163148922,0.011549689586383837,0.019030489958822727,0.023790710423796255,0.0005872372647446318,2.43657484197167,2.4137837087298144,2.4102623040200917,2.4077967792182196,2.4058161266182974,2.404123472019013,2.402624228265892,2.4012645546472533,2.400010048846702,2.398834857140152
252,0.04843082343294217,0.011536606212817723,0.020094154868274927,0.024866653601300404,0.0005838009889846932,2.438243612933948,2.415315541947907,2.4117784008382204,2.4093010795847736,2.4073106225502325,2.405609390151982,2.404102399908086,2.402735579766453,2.401474378755892,2.4002928336520597
253,0.045365077549482366,0.01152359189564344,0.019943180959671736,0.024439029732374613,0.0005803606532520715,2.439908149397102,2.41684244756982,2.413288982107894,2.41079953356415,2.408799025117458,2.4070890115639063,2.405574101540067,2.4041999848544497,2.402931957320684,2.4017439427305742
254,0.044008552995259784,0.011510689438392974,0.020914338994771242,0.02367166203247386,0.0005769164252238771,2.4415629301768402,2.4183589462054234,2.4147889708171313,2.4122872037002394,2.4102764611648726,2.4085575050330124,2.4070345368337778,2.405653005899315,2.404378051547789,2.403183481525223
255,0.04609057364392988,0.011497860920614115,0.01978124096058309,0.024388600408562715,0.0005734684727669247,2.4432133987036972,2.419868109177224,2.4162814442401115,2.4137674820274064,2.411746709102769,2.4100190436353626,2.408488266555358,2.407099582686362,2.405817973487997,2.4046171301543753
256,0.04281811663871522,0.011485165998680042,0.01945629809051752,0.022791963620651577,0.0005700169639295527,2.444846695254367,2.421364041613687,2.4177612267484787,2.41523518101014,2.4132043447539666,2.4114678717769964,2.4099291550717834,2.4085331704710793,2.4072447495688403,2.406037471333946
257,0.04154247219304013,0.011472642604155505,0.02257504197768867,0.022671200040395474,0.0005665620669334328,2.44646423791906,2.422845021879924,2.4192246928338954,2.416685564963904,2.414643877662999,2.4128979410104883,2.411350715586026,2.409946921755659,2.408651224634083,2.4074370801561953
258,0.04587256985189653,0.0114601599079292,0.02055008406750858,0.024623602526833037,0.0005631039501653701,2.4480794917769364,2.4243224179437832,2.4206848387488975,2.418132860361526,2.416080509965995,2.4143252645169198,2.4127696615725776,2.4113581724332867,2.410055300040528,2.4088343802398424
259,0.04461841505662506,0.011447767383019126,0.019327318063005805,0.02350949687953477,0.0005596427821690972,2.4496840777327007,2.425789525033355,2.4221355569791396,2.419571348464173,2.4175088127694306,2.415744644813075,2.4141809880929412,2.4127620826238614,2.4114522807577354,2.4102248062170477
260,0.04949042144106018,0.011435338738761158,0.0203998030629009,0.025322853080320458,0.0005561787316370596,2.451288585965288,2.4272593671547917,2.4235908211034056,2.4210156527820215,2.418943944236307,2.417171721385723,2.415600786043637,2.4141751750503886,2.4128591071782184,2.411625705256947
261,0.047980073643691945,0.011422931149423242,0.019218808971345425,0.024632848315212313,0.000552711967402193,2.4528878262056493,2.4287264758016263,2.425044472827568,2.4224591583357373,2.420378976624904,2.418599332928835,2.4170217074790443,2.415589945466882,2.4142681398591015,2.413029318244411
262,0.038020011436196585,0.011410800068022437,0.021308585070073605,0.021115429726507713,0.0005492426584296951,2.454460471919126,2.430168775431471,2.4264710187294423,2.4238736512554593,2.4217834206444047,2.4199950214050543,2.4184095478243908,2.416970609516401,2.4156421431520587,2.414397059530942
263,0.04656977137121247,0.011398709265025463,0.01941209309734404,0.024469087865541108,0.0005457709738087912,2.4560292428647537,2.431606978332742,2.427893748150367,2.4252846959230667,2.4231848099596807,2.4213880525337577,2.4197951233910997,2.418349393403528,2.4170146421340335,2.415763663800617
264,0.0435448474439742,0.011386760028090909,0.02021985105238855,0.022819265588349364,0.0005422970827444917,2.4575835094357514,2.4330307299301253,2.429301625298554,2.4266807350562574,2.4245711484494814,2.422766051017988,2.4211657278454455,2.4197133000116304,2.418372383261367,2.4171156510075336
265,0.03667730016765524,0.011375106533868591,0.019295176025480032,0.020355890972111892,0.000538821154549346,2.459109288202326,2.4344255071084873,2.4306789505025757,2.428044796828693,2.4259242752218686,2.4241097566783494,2.4225010780987395,2.42104108589786,2.4196932138262954,2.4184300011925317
266,0.04604762443740606,0.011363486119103131,0.02037211204878986,0.024094241921846584,0.0005353433586351906,2.46063113293772,2.4358154586158047,2.4320525700163667,2.429406001181468,2.427275243251211,2.425451910728772,2.4238354226681076,2.422368368359474,2.4210140103924846,2.419744760985275
267,0.043058127898621804,0.011351967877623792,0.019850770011544228,0.023295041541172817,0.0005318638645048921,2.462143509411919,2.4371973108304723,2.43341702415132,2.430757307717266,2.428615774766263,2.4267832115890364,2.425158579599165,2.4236841866178778,2.4223231080906893,2.4210476181455847
268,0.04451542249502208,0.011340504634398157,0.020820785081014037,0.024173380921229892,0.0005283828417440853,2.463652097035889,2.438575101618608,2.434777185073855,2.432104075788812,2.4299515321823963,2.428109513460579,2.4264765209208448,2.4249945781997515,2.42362657128537,2.4223446343883626
269,0.04307834641328134,0.011329156741740372,0.01948441192507744,0.0229857609065312,0.000524900460012909,2.465149326372136,2.4399406880517156,2.4361251813347296,2.433438702291413,2.431275181404804,2.4294237453136973,2.427782432234383,2.4262929806404636,2.42491808688799,2.423629745420394
270,0.04077246634616565,0.011317971711841828,0.020425989059731364,0.022103388341323454,0.0005214168890377352,2.4666298941342135,2.441290715392773,2.4374567245799237,2.434756220952467,2.4325811933383106,2.430719890091214,2.42906986271452,2.427572549942631,2.4261904487682235,2.424895407188753
271,0.04351667966850547,0.011306868799691436,0.019747861893847585,0.023475926410956013,0.0005179322986028993,2.4681033634731118,2.4426321683601406,2.438779731851148,2.436065342245261,2.433878916584383,2.4320078192680485,2.430349123274536,2.4288439752954503,2.4274546785140907,2.4261529383000413
272,0.04367125309252003,0.01129583530624574,0.020537841832265258,0.02359674013227092,0.0005144468585424227,2.4695697309402624,2.4439669507085533,2.440096243558253,2.437368016398871,2.4351701845701,2.433289255409655,2.4316218352409615,2.4301087845718734,2.428712215935741,2.4274036939304677
273,0.04491042926004943,0.011284852463843613,0.018520622979849577,0.023745303840916738,0.0005109607387317369,2.4710297226969216,2.445294664269435,2.4414069810017534,2.4386657951627417,2.4364572194649505,2.434566989459975,2.432891288149003,2.4313707147152854,2.4299672067162175,2.4286521986057865
274,0.04600485172363161,0.011273917777831155,0.019998395116999745,0.02381683810455683,0.0005074741090794031,2.4724833104826978,2.446616201306971,2.442712106037606,2.439958637749395,2.437739978668563,2.435841071302462,2.43415767576136,2.432630135309087,2.431220218567335,2.429899235347943
275,0.0414455529199743,0.011263132377225466,0.01970562804490328,0.02225416690444024,0.0005039871395188318,2.473921456169831,2.4479224874878223,2.444001484508107,2.4412353873453445,2.4390063839182843,2.4370985928686153,2.4354073347410177,2.4338726869512737,2.4324562427078087,2.431129182692016
276,0.04834015510436295,0.011252318604151067,0.02016537799499929,0.025354236952889936,0.0005005,2.475362773281641,2.449230785261407,2.445293608429895,2.4425158683744352,2.440277451227401,2.438361615731892,2.4366632496341545,2.4351221774937573,2.4336998291812835,2.4323672661809894
277,0.048629140070476085,0.011241485022350181,0.019163007149472833,0.02505227803242043,0.0004970128604811682,2.476803416863881,2.4505390532854183,2.4465875785927027,2.443799559258208,2.441552814491728,2.4396298534212693,2.4379251881069837,2.436378423147622,2.4349508455800755,2.4336134111897896
278,0.03814574834061493,0.011230888547159899,0.01966050104238093,0.021260151342551253,0.0004935258909205969,2.4782219806961505,2.4518253849568477,2.4478573738955896,2.4450574235192453,2.442801016498612,2.4408697885989454,2.439157815108904,2.437604446329484,2.436170805065232,2.4348277271314984
279,0.04509252338077155,0.011220352143126514,0.02063315291889012,0.023872640725542495,0.0004900392612682634,2.479634148760674,2.453105729748558,2.449121171630629,2.446309377951239,2.4440434381180225,2.442104087902137,2.4403849541462117,2.4388251281827618,2.437385566971075,2.4360369860556124
280,0.04086136127106449,0.011209959111177779,0.01984061091206968,0.02203626590039722,0.00048655314145757745,2.481028606949946,2.454371321831161,2.450370115111714,2.447546307129305,2.4452706469047385,2.44332297693186,2.4415964771951493,2.4400299810092063,2.4385842803799194,2.4372299715034424
281,0.04652619843875257,0.011199578894302653,0.019532531034201384,0.024588340833459076,0.00048306770139710083,2.4824211993591385,2.4556347919919688,2.451617718417401,2.4487825927082265,2.446497797935789,2.4445423123150896,2.4428088902783633,2.4412361211146187,2.439784641356343,2.438424934561808
282,0.04426737594705369,0.011189268935327882,0.018627583049237728,0.02337933237430311,0.0004795831109622648,2.4838035572533363,2.4568908307669246,2.4528586929622325,2.4500125607794647,2.4477187382087084,2.445755442387628,2.4440150473419013,2.4424359207083195,2.4409785556790897,2.4396133302707583
283,0.05030549267913636,0.011178899013917309,0.019313586875796318,0.02610080275587598,0.00047609953998709113,2.485191528798609,2.4581514860923726,2.4541057675163986,2.451249957157485,2.4489482621828396,2.4469781749845163,2.445231721414655,2.4436470713205187,2.4421845917332567,2.4408145675287076
284,0.042505027275303114,0.0111686533686658,0.019158498849719763,0.023001652528109342,0.00047261715825591466,2.486566315050594,2.459400733473687,2.455340539481075,2.4524743773227615,2.4501642939822723,2.4481869976113284,2.446434128547537,2.444843636686005,2.4433757495610546,2.442000650708026
285,0.04608721904295735,0.011158450074135035,0.019751332933083177,0.02405135246237617,0.00046913613549510796,2.4879328848539504,2.460646383950324,2.4565721083804144,2.4536956776752565,2.451377269134298,2.4493928451451326,2.4476336628177924,2.446037448560264,2.4445642866615724,2.443184256288081
286,0.042753888703229166,0.01114834687784737,0.01986889005638659,0.0230603691400435,0.0004656566413648094,2.489285795891753,2.4618829181960424,2.4577944628591446,2.45490746697219,2.4525803895406217,2.4505884817628014,2.4488226281704235,2.4472203349945705,2.4457415440363555,2.4443562300078145
287,0.04209749953457695,0.011138370129043075,0.020382522838190198,0.022820452189151956,0.0004621788454506542,2.490625599884994,2.4631060445822617,2.459003177324987,2.456105458921419,2.4537695722176167,2.451770038724134,2.4499973643532202,2.4483888335943487,2.4469042457789207,2.4455134717660583
288,0.041130241293377806,0.011128546701330372,0.019892517011612654,0.022333755560107398,0.0004587029172555085,2.49195054729177,2.4643131118809207,2.4601952288583497,2.45728632023761,2.4549412436711124,2.4529337645343254,2.4511539941314844,2.449538984552845,2.448048385086138,2.4466519572042533
289,0.03715502612990628,0.011118959525303743,0.02016009413637221,0.020374546563458905,0.00045522902619120895,2.4932506792570055,2.465495684464146,2.4613616132679743,2.45844053902875,2.456085449719937,2.4540693176040373,2.452281834095564,2.450659800657715,2.4491627030585117,2.4477601833565403
290,0.04385337947927098,0.011109432246345672,0.01955093606375158,0.02346955355451524,0.0004517573415703049,2.4945436395810066,2.4666717940585725,2.462521895787567,2.4595888506337262,2.457223860555392,2.4551991460795426,2.453403997277846,2.451774974354555,2.4502714046689995,2.4488628138302686
291,0.03764788905808019,0.011100100493907772,0.018760649021714926,0.020806955895714258,0.0004482880325978072,2.495815577683836,2.4678275827423706,2.463661097771253,2.4607153821598895,2.4583398525581557,2.4563059720055636,2.4545026200558753,2.452866107117161,2.451355595117864,2.449940487757619
292,0.04398973496085322,0.01109083975252525,0.02009422588162124,0.022837939393530043,0.0004448212683629404,2.497078380058598,2.4689736527747006,2.46479153458026,2.4618338891463307,2.4594484200896045,2.4574058864404833,2.4555947893196493,2.453951208877502,2.4524341540112684,2.4510129147356112
293,0.04698503791675476,0.01108154593679492,0.019710101885721087,0.024743081282289914,0.00044135721783090275,2.4983401056477126,2.470123898283344,2.465927209844553,2.462958219237412,2.460563212652225,2.458512334686705,2.456693745018677,2.455043311645414,2.4535199003924633,2.452092693548434
294,0.046135319735825076,0.011072286493760084,0.019995181122794747,0.024086687655080825,0.0004378960498346301,2.499598170118027,2.471270218837477,2.4670589483902408,2.464078827075638,2.461674608733667,2.4596157662047355,2.457790089422889,2.456133220192563,2.45460387434013,2.453171123118954
295,0.04275208299964557,0.01106311914520594,0.01986432494595647,0.0228110435750868,0.00043443793306656745,2.500844920846425,2.472407184200247,2.4681812678248014,2.4651898438744997,2.4627762380269984,2.4607092721919352,2.4588763696506204,2.4572129448031714,2.4556775612883293,2.454239177119246
296,0.04138956040680816,0.0110540634223956,0.01940185809507966,0.02219315920878996,0.0004309830360704473,2.5020775521652188,2.4735313374121137,2.46929108670647,2.4662885889325064,2.46386574217352,2.4617907336983103,2.4599506357729806,2.458280647368243,2.456739188642411,2.4552951107101313
297,0.04449993170536061,0.01104507624525694,0.020198477897793055,0.02299383509530953,0.0004275315272330755,2.5033005576331595,2.4746472119308742,2.470393092435297,2.4673799009892576,2.4649481501558186,2.4628654121476496,2.461018418188673,2.459342157417487,2.457794909999619,2.4563454225482735
298,0.043627527814532864,0.011036162561329044,0.01959478296339512,0.023549531786365895,0.0004240835747761231,2.5045180638655453,2.4757548913097533,2.471486789265111,2.468462885751156,2.46602223455122,2.4639317794454,2.4620779052146933,2.460395388265031,2.4588423670691806,2.4573874827385698
299,0.04546270795866874,0.011027281000424136,0.02052607899531722,0.023907464776439,0.00042063934674792854,2.5057298568364565,2.476859440207101,2.472577759680117,2.469543347694109,2.467093932401413,2.464995868608654,2.463135209060193,2.4614465234826346,2.4598878116379073,2.4584276108836027
300,0.05036874444278118,0.011018364907122163,0.019921528873965144,0.025299774604194424,0.0004171990110153069,2.5069424203770017,2.477965689241643,2.473672022775752,2.470628363637497,2.4681712407912078,2.4660664893525586,2.464199870987717,2.4625057749549284,2.4609420799423947,2.4594772318618046
301,0.04407581642647362,0.011009523765367868,0.019615443889051676,0.0236841930092707,0.00041376273525536844,2.5081475462554987,2.4790642866746633,2.4747582824698275,2.4717052222967735,2.4692403086374073,2.4671288122601065,2.4652561848285526,2.4635566267729017,2.4619878920679605,2.4605183337794734
302,0.04373859050402438,0.011000755032416298,0.019175637047737837,0.02338416001245044,0.00041033068694734534,2.509342903325321,2.4801548988979696,2.4758367681964124,2.4727744851382445,2.4703019142304377,2.4681837628184087,2.466305178126104,2.4646001774606803,2.463026394868794,2.461552094382877
303,0.04743048071339803,0.010991995203737066,0.019573892932385206,0.02494635725431859,0.0004069030333644306,2.510536176404923,2.4812441370249934,2.476914430458327,2.473843385104852,2.4713635765546793,2.469239156913768,2.467354974150598,2.465644866513328,2.4640663513298806,2.4625876061196386
304,0.045692141494471636,0.010983280832898913,0.01913466304540634,0.024163309004642395,0.000403479941565624,2.511722619988663,2.4823279992462823,2.4779871115171854,2.4749076895518574,2.472420973852894,2.470290562632259,2.4684010125645233,2.4666859904690557,2.4651029031732405,2.4636198465747015
305,0.039876887485612925,0.01097473661436246,0.019385003950446844,0.02145270039819422,0.00040006157838759065,2.5128893568012223,2.483393904198136,2.4790412973531732,2.475952926245203,2.473458755199643,2.4713218419123195,2.469426453613903,2.4677060837848313,2.4661180256827415,2.4646302904219564
306,0.04672743814354079,0.010966222422440641,0.01940823206678033,0.024630071381447766,0.0003966481104365292,2.5140526873931552,2.4844564735612087,2.4800922182982514,2.476995109716722,2.4744937309768047,2.472350565477402,2.470449579001551,2.468724087729224,2.467131270598853,2.4656390545210756
307,0.04411990623223565,0.010957802629636863,0.020105360075831413,0.023028468825132785,0.00039323970408005194,2.515204318673474,2.4855082411277514,2.4811324719304166,2.4780266678761422,2.4755181177013013,2.473368755721461,2.471462253164029,2.469731749222594,2.4681343065238663,2.466637765198162
308,0.04379598596197992,0.010949485176458133,0.020015301182866096,0.02271868631372836,0.0003898365254390762,2.516343434309117,2.4865470031038592,2.4821600526861274,2.4790459677603227,2.4765306607275375,2.474375499381384,2.4724638572286715,2.4707286976112908,2.469126969205076,2.467626427937057
309,0.04158073523687703,0.010941295852642476,0.0194592431653291,0.021943705874508435,0.00038643874037972754,2.5174662902001392,2.4875715412804795,2.4831734637219314,2.4800509875749515,2.477528754705118,2.475367605020098,2.473450631487865,2.471710629793009,2.470104438674621,2.468599731865514
310,0.047662729937712076,0.01093312107106026,0.019698484102264047,0.024388412546053354,0.0003830465145052564,2.518584761814853,2.4885925161803133,2.4841843825057164,2.4810544483220967,2.4785261159152188,2.47635972488983,2.4744381049715094,2.4726938956575446,2.4710838339073478,2.4695755173860103
311,0.04683200960360864,0.010924992678975853,0.022654886124655604,0.023659168375502717,0.00037966001314796604,2.519694409051932,2.489608020420716,2.485190193693089,2.482053128559117,2.479519019762108,2.477347712295787,2.4754217750289684,2.4736736923028873,2.4720600998123827,2.4705485194801997
312,0.03858883112615724,0.01091703938170872,0.01798626407980919,0.021330580590718785,0.0003762794013611551,2.5207859378526716,2.4906063469553783,2.4861773947913344,2.4830320319730323,2.4804911486694134,2.4783140409835474,2.476382986430925,2.4746302946798213,2.4730124867371233,2.4714969992287723
313,0.04604373447901692,0.01090911521015507,0.018816987052559853,0.024400998494250554,0.0003729048439110726,2.5218738028668537,2.49160089312964,2.4871612392129716,2.4840079446442322,2.481460598125057,2.479277955323124,2.477342009175241,2.4755849003920787,2.473963040032328,2.4724437832941257
314,0.04306930183395318,0.010901281195461002,0.018738784827291965,0.022909612992051725,0.00036953650526888804,2.5229506034053824,2.4925855639965278,2.4881352501467946,2.4849739311086374,2.4824199965938876,2.480231685602601,2.478290713501589,2.476529054025243,2.47490300861266,2.4733798508988536
315,0.03644577750751107,0.010893664851055912,0.018225383944809437,0.02026158646489686,0.0003661745496026747,2.5240065181960967,2.4935465281711022,2.489084323577744,2.485914020120987,2.483352674325156,2.4811579638691184,2.479211304425268,2.4774444889470777,2.475813699525687,2.4742861210373137
316,0.03812950865809161,0.010886209661979486,0.018573089968413115,0.02079019098830389,0.000362819140769409,2.5250440738850526,2.494490444937432,2.490015635723437,2.4868356559695988,2.484266275296264,2.4820646074102326,2.480111758080314,2.478339329317267,2.476703375328363,2.475170985499965
317,0.04050706184454723,0.010878868761766672,0.018728156108409166,0.021656505823081876,0.0003594704423069833,2.5260684366622406,2.4954204590271423,2.4909332914910918,2.487743775854644,2.4851664376101255,2.4829578511138988,2.480998826018534,2.479220781519561,2.477579648902252,2.4760424252778486
318,0.042213651078634944,0.01087160021404435,0.018946405965834856,0.022782665971944522,0.0003561286174262365,2.5270847554245925,2.4963426178703982,2.491842941602238,2.488643752446597,2.4860583426177207,2.4838427415770843,2.4818774569003255,2.4800937203714177,2.478447337097372,2.4769052096954765
319,0.04339160934612869,0.010864389928462836,0.017551515018567443,0.02300333896571042,0.0003527938290029988,2.528093362201534,2.497259287765946,2.492746467118269,2.4895373336017546,2.4869437309000397,2.484721070399269,2.4827495254783836,2.480960124180765,2.479308536369301,2.477761564870091
320,0.04274940244339807,0.010857245004103528,0.018691265024244785,0.022948229883352406,0.00034946623957015304,2.5290945263533424,2.4981678937481018,2.4936421481051174,2.490423298052956,2.4878216816429255,2.4855920963975824,2.4836143901536767,2.481819394637107,2.480162650219892,2.4786108643515097
321,0.04616157505552484,0.01085012006323492,0.020109175937250257,0.023624516117695248,0.0003461460113097138,2.530089885240513,2.4990729523051227,2.494535189127861,2.491307308210834,2.4886982488458753,2.4864622443847937,2.4844788414853225,2.48267868872603,2.4810172047857906,2.479461006733812
322,0.04235822707015564,0.010843092188802377,0.020249838940799236,0.021965764403758827,0.00034283330604492255,2.531073053442359,2.4999658031178256,2.4954163808233294,2.4921797280134688,2.4895634353474314,2.4873211911428292,2.4853322509804014,2.483527086653118,2.481860999561338,2.480300519684058
323,0.045469852238118225,0.010836106936716819,0.02258649794384837,0.023419728630503053,0.0003395282852323598,2.532050212324166,2.5008530163535716,2.4962921943803638,2.493047064996277,2.4904238636003773,2.4881757214565017,2.486181594700674,2.4843717733427675,2.482701438734851,2.4811370323722395
324,0.042667066037094456,0.010829191537606845,0.01932222186587751,0.022978834717328585,0.0003362311099540777,2.5330195925513177,2.5017319263945477,2.497159793058554,2.4939062879129485,2.491276246530304,2.48902223954138,2.4870229282761698,2.48520842644432,2.483533800042308,2.481965405832951
325,0.04188076787975442,0.010822360062986766,0.019673330010846257,0.022683474903669013,0.00033294194090974764,2.5339801109102194,2.5026009623181027,2.498017512165012,2.4947556125717907,2.4921186993224502,2.489858782046654,2.487854228747775,2.486034978603376,2.4843559837647367,2.482783517474081
326,0.0475437790109836,0.010815542034142362,0.019856135826557875,0.024284521576845783,0.00032966093840882847,2.534937551330939,2.503467122936113,2.498873268182571,2.4956036162826862,2.4929603284252058,2.490694914882579,2.488685481103961,2.486861809200439,2.485178748363533,2.4836024955758838
327,0.043266245262589376,0.010808783112071797,0.01998299895785749,0.023247573897970237,0.0003263882623627533,2.535887047894399,2.5043266739183427,2.4997225485736156,2.49644517286211,2.493795498491675,2.4915245532501604,2.4895101863109437,2.4876820259603116,2.4859948204824804,2.4844146920692975
328,0.04826080677695058,0.01080202083099704,0.019175309920683503,0.024975708892764258,0.00032312407227713555,2.5368351795752053,2.5051853747761696,2.5005717731646024,2.4972873000895266,2.494631800640968,2.4923558468369698,2.490337041830374,2.488504865266839,2.486813967713733,2.485230398788947
329,0.03973371845234344,0.010795395061682417,0.02455313690006733,0.021496617535905944,0.00031986852724399484,2.537768403689846,2.506028513709331,2.501404970655065,2.498113032940754,2.4954514092538456,2.493170194774828,2.491146732617539,2.4893103447120746,2.487615577931234,2.486028405343453
330,0.043989584123489855,0.010788824746709485,0.019973091082647443,0.023283134875152874,0.0003166217859340035,2.5386934804863017,2.5068649098020015,2.5022317715641047,2.498932587848546,2.49626499597736,2.4939786313978503,2.491950587083304,2.4901100343364644,2.4884114217709827,2.486820650193537
331,0.03931783160824084,0.010782378695146729,0.019441187847405672,0.021693292156792526,0.00031338400658875205,2.5396048954098864,2.5076878528072055,2.5030446976974337,2.4997377768903064,2.4970637161954823,2.494771712524119,2.492738615571081,2.4908934474058846,2.4891905576729054,2.4875957735350114
332,0.03766070414255253,0.010776075343753097,0.019849258940666914,0.02055333228781247,0.0003101553470130382,2.5404983339885017,2.508495488557344,2.5038417590908773,2.500526523913618,2.4978454510018264,2.4955473102095977,2.4935087060898966,2.491658506235428,2.489950955830372,2.4883518036281664
333,0.04948483568039749,0.010769732098732415,0.019153821980580688,0.025455227785770848,0.00030693596456717466,2.541392597293067,2.5093057000978964,2.5046430710692964,2.501320643482725,2.4986334096287717,2.496329826457599,2.4942863085819704,2.492431599347805,2.490719857587614,2.4891167652245727
334,0.04593653565593621,0.010763411844969206,0.019720743177458644,0.024227340483873216,0.00030372601615931996,2.5422823492197595,2.5101130319622897,2.5054417517231475,2.5021124184635495,2.499419280715078,2.49711048014975,2.495062247270135,2.493203206681615,2.491487435051058,2.4898805505400907
335,0.04270110571133839,0.010757171782758354,0.020239525008946657,0.022925538941207853,0.00030052565823783094,2.5431629550717227,2.51091122806696,2.5062311068361436,2.5028947212178867,2.500195561268107,2.497881443507286,2.4958284089128817,2.4939649601054863,2.4922450894453503,2.490634349860877
336,0.045226320320872294,0.010750978611141028,0.019566819071769714,0.023200422547363722,0.00029733504678363775,2.544034655965393,2.5117025001628956,2.5070142579004986,2.503671438313658,2.5009667995645057,2.4986478455006025,2.4965904399469667,2.494722973715079,2.492999362897783,2.491385101496926
337,0.04051518181656362,0.01074488866249035,0.019287077011540532,0.021680317607896897,0.00029415433730264136,2.5448920179792736,2.512482329489555,2.5077857989573045,2.504436299361436,2.5017259586131297,2.499401970357485,2.4973400144383193,2.4954683640506174,2.4937408549796576,2.492122919637074
338,0.04089437559647482,0.01073890157486349,0.019163368036970496,0.02220347699169343,0.0002909836848181345,2.5457386432776654,2.5132506096346936,2.5085452279005493,2.5051886972137267,2.5024723898536174,2.5001431498505076,2.4980764555177926,2.4962004530837443,2.494468892451189,2.492847140909522
339,0.04297518000837708,0.01073299391837454,0.019453244982287288,0.022473220393018186,0.0002878232438632462,2.5465754174556765,2.5140090478590476,2.509294826272073,2.5059313305372255,2.5032091535962713,2.500874779522214,2.4988034801379713,2.4969232716851097,2.4951878160599272,2.4935624138757437
340,0.04517936894866406,0.010727120877462451,0.01982607995159924,0.023649642265495607,0.00028467316847340975,2.547405997112482,2.5147628785086322,2.51004019993277,2.5066700698246906,2.503942297393816,2.5016030255291386,2.4995273329146177,2.4976431140710185,2.4959039479583387,2.4942750716826945
341,0.04312314778567271,0.010721304251159403,0.020096967928111553,0.02321120446783112,0.000281533612178856,2.548228581921591,2.5155106282377067,2.5107795390739645,2.5074026960935676,2.504669199401616,2.5023248793454416,2.5002446343539866,2.498356242915439,2.4966132034440185,2.4949806904535468
342,0.04153852282499839,0.010715577478618217,0.019701765850186348,0.021861268392405465,0.00027840472799712883,2.549038597103941,2.5162473501626237,2.511508071594684,2.508124607868374,2.5053854442722026,2.5030361242315355,2.5009513736933338,2.499058857544275,2.4973119943584825,2.4956758962541197
343,0.04632225879118576,0.01070988890327612,0.026349308900535107,0.022909775704509625,0.00027528666842562943,2.549839572028962,2.5169769892500073,2.512230836961502,2.5088417300493933,2.506097713321542,2.5037441107274363,2.5016555091779713,2.4997594789460016,2.4980093705535062,2.4963702415614843
344,0.045419511361254994,0.010704244396712265,0.019640163984149694,0.0237096055492143,0.0002721795854341824,2.550635078342064,2.5177008436628974,2.5129478563822545,2.5095532837286827,2.5068046397564316,2.5044469974141106,2.5023547913854185,2.500455491510626,2.4987023777572914,2.4970604522192263
345,0.042049387845854796,0.010698682617780354,0.019608550937846303,0.02261449140844894,0.000269083630457629,2.5514209814910727,2.518416379084104,2.513655743698842,2.5102551458613647,2.507501467325377,2.5051394683223407,2.503043397881416,2.50114060652122,2.499384292297353,2.497739394658549
346,0.041431530128243965,0.010693207362135995,0.020098993089050055,0.022362435699626957,0.00026599895438844743,2.552196900708746,2.5191218444394656,2.5143532212182826,2.5109464449927494,2.5081876332218798,2.5058211993599664,2.503721194998642,2.5018148464129744,2.500055267363679,2.498407333398009
347,0.03520474696498252,0.010687898409125722,0.019824472023174167,0.019845620465144986,0.0002629257075693975,2.5529553818926236,2.5198094544669645,2.515031598458388,2.5116176247561253,2.508852827198542,2.5064812251679096,2.504376641255492,2.502466156244694,2.5007027849573347,2.499051328768738
348,0.046793182419587256,0.01068259246651093,0.020081755938008428,0.024259828439012313,0.0002598640397861934,2.553710273773189,2.520495454836994,2.515709312614347,2.512288814216883,2.509518551751572,2.5071422032773976,2.5050333919103487,2.503119071380876,2.5013521698374155,2.499697423001913
349,0.04388285925691285,0.010677339822145278,0.019630491035059094,0.022935033952658498,0.00025681410026020315,2.5544575284374997,2.5211736050282685,2.516379868530778,2.5129533714190853,2.51017803990236,2.5077972556758334,2.5056844708470107,2.50376652977745,2.501996285222049,2.500338414718627
350,0.040708928799684456,0.010672179799198775,0.020469728857278824,0.02234878308496516,0.00025377603764117673,2.55519617782926,2.5218406222658025,2.5170389561013096,2.5136062531939585,2.5108256972877165,2.508440345555734,2.506323465458191,2.504401785011876,2.502628077851841,2.5009669613334573
351,0.045565875741309,0.010667059939509081,0.01972711505368352,0.02308329666433581,0.0002507500000000001,2.555927292062674,2.5225012467479826,2.5176924997295416,2.51425419706415,2.5114689008386772,2.509079396370678,2.506958792210445,2.505033714315224,2.503256865957077,2.5015928101050844
352,0.04339329847899687,0.010662013944453114,0.019725985126569867,0.022159707459412484,0.00024773613482147877,2.556648269934438,2.5231523973968937,2.5183367690949567,2.5148930109283234,2.5121031054445977,2.5097095801144733,2.5075853894776543,2.50565705905163,2.5038772221309866,2.502210387290724
353,0.04613285094265846,0.0106569886778951,0.0202199958730489,0.024222415978940554,0.0002447345889971496,2.5573652565390717,2.523800868370513,2.5189786144554978,2.5155296074742446,2.5127352646317567,2.5103378632075075,2.5082102100700614,2.506278734836316,2.504496003989646,2.5028264739622728
354,0.046082842840924065,0.010651999489897965,0.020021187141537666,0.024039553802595728,0.00024174550881812156,2.558077498583303,2.524445078011929,2.519615996477986,2.516161722713702,2.513363017747781,2.5109618641030407,2.508830899416615,2.506896446099482,2.505110997520259,2.5034389543228155
355,0.0463565916047535,0.010647033798860037,0.019224851857870817,0.024721928310678366,0.00023876903996794554,2.5587867473207595,2.525085671285458,2.5202501937211164,2.5167909762711873,2.5139881588829596,2.511583450757843,2.5094493330184804,2.5075120291871564,2.5057239653390333,2.5040494905790385
356,0.041808326794249694,0.010642160156137118,0.01981258299201727,0.022219551969519278,0.0002358053275155142,2.5594853102239967,2.525715286045138,2.5208730499182037,2.517408712718783,2.514601683230998,2.512193360770727,2.5100560539124457,2.5081158792023466,2.5063251909115567,2.5046482839535
357,0.04450106509703365,0.010637339134918319,0.021915138931944966,0.0231308450524687,0.00023285451590799127,2.5601755131196384,2.526337739098136,2.5214891542219453,2.5180200249666407,2.515209053387947,2.5127973445998113,2.510657044609833,2.5087141697220785,2.5069210072645687,2.5052418016438693
358,0.03703623067776397,0.010632643130702632,0.01966030104085803,0.02055787042972018,0.00022991674896377152,2.5608500655998987,2.526947122135665,2.522091458724218,2.518616780461665,2.515801162961419,2.5133854195524767,2.5112415268616357,2.509295393713945,2.5074992341835642,2.5058172369792744
359,0.03459121676664869,0.010628099794429538,0.020650157937780023,0.01912609197309747,0.0002269921698654712,2.5615062796182952,2.5275394337507917,2.522675862600164,2.51919494878206,2.516374103057809,2.513953816431368,2.5118058778466303,2.5098560766995415,2.508056545488742,2.506371411256865
360,0.04901560301409702,0.010623538162723066,0.020300992066040635,0.025068664366280607,0.00022408092115294966,2.5621608295902925,2.5281327558111615,2.523262132749207,2.5197756543661267,2.516950152952989,2.514525829424809,2.512374302641459,2.5104212536718555,2.508618741029885,2.506930835531965
361,0.041217753705371646,0.010619050369420692,0.019943344173952937,0.02232888563210453,0.00022118314471636204,2.5628065432854736,2.5287171208458954,2.5238392883347305,2.5203471890851663,2.5175169932181625,2.5150885948574615,2.512933438435877,2.5109770955381285,2.509171550506959,2.5074808180971773
362,0.043423088946905025,0.010614613365160508,0.01957764499820769,0.022855922249935174,0.00021829898178924353,2.563444466307436,2.5292950486705195,2.5244102439123686,2.5209126607179773,2.518077863140774,2.5156454603437313,2.5134867326634964,2.5115271477356345,2.5097186189052394,2.5080251067837724
363,0.04459766208969364,0.010610228473333283,0.01990967011079192,0.0227202368225624,0.00021542857294162645,2.5640743760756206,2.529865589841941,2.5249741061983584,2.521471382491881,2.51863232117417,2.516196240461068,2.5140342569932357,2.5120717359648053,2.510260521363981,2.5085645212332905
364,0.04780735698831405,0.01060585556877677,0.01952861901372671,0.024274350559389195,0.0002125720580731883,2.564700046438827,2.5304329944805595,2.5255356703300347,2.522028496454394,2.5191857581167416,2.516746513816212,2.5145817356601774,2.5126166988377197,2.510803186488548,2.509105060167777
365,0.044060450512103944,0.010601533024346592,0.019284172914922237,0.023126449693510527,0.000209729576406434,2.5653182118744025,2.5309940494823495,2.5260910776403613,2.522579579560403,2.519733247719515,2.517290894316869,2.515123354761306,2.5131558194379577,2.511340014316602,2.5096397571887934
366,0.05173993691174275,0.010597194416423861,0.01983713684603572,0.02601970350312427,0.00020690126647990973,2.5659360377993115,2.5315555307126134,2.5266476983890107,2.5231325329074266,2.5202831948702538,2.517838271164224,2.5156684704550245,2.5136989046357,2.5118812472093186,2.510179275968774
367,0.044262141122838855,0.010592913736207688,0.01983427000232041,0.023204919981921764,0.00020408726614145118,2.5665458403877213,2.532109226130121,2.5271968846623345,2.5236782941522393,2.520826119022546,2.5183787461480693,2.516206773066756,2.514235242616411,2.5124157817275874,2.5107121320684875
368,0.0426722107864565,0.010588710437411311,0.01994359213858843,0.02224417569102239,0.00020128771254146493,2.567145153154965,2.532653470894358,2.527736508609598,2.5242144393482744,2.5213594104658954,2.518909593721623,2.516735466613698,2.5147619976142535,2.5129407638671104,2.511235468993878
369,0.039925595296920656,0.010584599575214742,0.019579028943553567,0.021731930756453764,0.0001985027421262438,2.567733161453618,2.5331874873679383,2.5282653917292515,2.5247394221616277,2.521881175462209,2.5194285878983615,2.5172520056967196,2.5152763162666263,2.513453042661614,2.5117458475746
370,0.043280683855163204,0.010580546536577116,0.018828734988346696,0.023005387475501297,0.00019573249063131685,2.5683133222650087,2.5337144772024858,2.528787192360129,2.525257299941091,2.5223958301104723,2.519940471093926,2.517761432278902,2.5157835174936123,2.5139581945963227,2.5122490849385954
371,0.03898469865085535,0.010576591497746249,0.019920504884794354,0.021283726788238984,0.0001929770930748337,2.568881690754108,2.5342306203479827,2.5292975677121325,2.5257632668620724,2.5228981594327586,2.520439666077116,2.5182578465070247,2.516277412452275,2.514449770713047,2.5127384971663003
372,0.04392351146125412,0.01057268869948811,0.02001006598584354,0.02300922983878824,0.000190236683750984,2.5694428359633856,2.534739782006975,2.5298011609879167,2.5262626221097015,2.523394022947419,2.5209325241570886,2.518748040771574,2.5167651955516885,2.514935336330684,2.5132219950418135
373,0.04253508591257123,0.010568845504654693,0.019913852913305163,0.022368363710657195,0.00018751139622345198,2.5699946990118705,2.535242046845489,2.5302978058562244,2.526754948539674,2.52388277783056,2.521418196985675,2.519230976441021,2.5172456497414184,2.515413505532021,2.513698031680417
374,0.045461714168867656,0.010565034790877765,0.019383121049031615,0.023737629340428324,0.00018480136331890698,2.570540731769278,2.535739925008607,2.5307903669006544,2.527243390566463,2.5243678059205488,2.521900279258944,2.519710445034958,2.5177227516963456,2.515888430840925,2.5141709274849404
375,0.04763956673901898,0.010561239165277373,0.020158105064183474,0.02449530310512849,0.00018210671712052948,2.5710821580754413,2.536235132160344,2.531280811578865,2.5277301412832096,2.524851482333769,2.5223812920593165,2.520189086365681,2.5181992398097788,2.516362934396076,2.5146435774017086
376,0.04004410578757376,0.01055753151922289,0.020835774019360542,0.02164366206090274,0.0001794275889615736,2.5716130863402964,2.536719733802715,2.5317603524361507,2.5282057979851933,2.5253239196625836,2.5228509438701967,2.520656258899423,2.5186641609014604,2.5168257796836886,2.515104483164725
377,0.04161336444006728,0.010553892155908939,0.020173716824501753,0.022240699956388672,0.00017676410941896628,2.5721349508036457,2.5371959968139515,2.53223151587342,2.5286730256056167,2.525787868823773,2.523312043235806,2.5211148109889043,2.5191203909508526,2.5172798615551133,2.5155565519877663
378,0.04330835751191003,0.010550303398841306,0.019921407103538513,0.023300001792387375,0.0001741164083069423,2.572650440862373,2.5376658137212096,2.5326962744141928,2.5291338840810402,2.5262454749249836,2.5237668177224526,2.5215670492741054,2.5195703116235006,2.517727632208768,2.516002301870129
379,0.04143757140527134,0.010546787822370786,0.01995206903666258,0.02184106507166111,0.0001714846146707192,2.5731563592241686,2.5381260097222205,2.533151583744553,2.5295853949655243,2.526693811972398,2.5242123921135144,2.522010150974929,2.520011155322233,2.518166382284395,2.5164390847646505
380,0.04134527868639018,0.01054334245989969,0.020100825000554323,0.022103015157174437,0.00016886885678020532,2.573653610436676,2.538577587705359,2.5335981454056604,2.530028053557093,2.527133212459847,2.524648961409204,2.522444190896629,2.5204428895584634,2.5185959821716235,2.516866682276302
381,0.042374806595170476,0.010539954331175792,0.02028312487527728,0.022278315811587148,0.0001662692621237505,2.5741425218265284,2.5390213711607084,2.5340372527568453,2.530463496786356,2.527565567784716,2.5250786090259596,2.5228714005312676,2.5208678623547582,2.5190188732613277,2.5172876117738245
382,0.040411951019062094,0.010536638752892503,0.02043370413593948,0.02155638578096039,0.00016368595740193014,2.574621918184598,2.539456043117761,2.534467204391624,2.5308897628566926,2.5279887339840474,2.5254990578812238,2.5232894015198224,2.521283615496816,2.5194325323320776,2.517699295588476
383,0.041847769822881686,0.010533372537318822,0.020061657996848226,0.022346282673511447,0.00016111906852137245,2.5750931831021777,2.539884589037253,2.5348912427286603,2.531310193596105,2.528406085746548,2.525913680881327,2.5237015433986247,2.5216934600119436,2.5198402204425565,2.5181049356710847
384,0.04237508197564536,0.010530160705586508,0.01985650509595871,0.02259791959046865,0.00015856872058862015,2.57555761286138,2.540305918804105,2.535308101749609,2.5317235454843168,2.528816458756195,2.5263214171798425,2.524106882553962,2.522096578798405,2.5202412538968857,2.5185039871473824
385,0.03881869448694515,0.010527026305886898,0.01956960605457425,0.020808304899100516,0.00015603503790403295,2.576011305968742,2.5407179857927513,2.5357156029005905,2.532127397616291,2.5292171846972904,2.5267193647434114,2.524502299924627,2.5224896518416795,2.520632126387875,2.5188927706268074
386,0.04306886428352168,0.010523937724180503,0.01994004799053073,0.022773976099046963,0.000153518143955731,2.576458716832864,2.541124199700409,2.536117329202725,2.532525504962376,2.5296121814301635,2.527111596340948,2.524892016749355,2.522877043443349,2.5210173404954404,2.519275922550623
387,0.04253344739315887,0.010520897879482195,0.019579858984798193,0.022600680243126066,0.0001510181614135739,2.576899569601792,2.5415237904965013,2.536512639044587,2.532917348972745,2.5300010309160053,2.527497772925199,2.525275754936905,2.5232585218661603,2.5213966991120453,2.519653271004502
388,0.04301177694984381,0.010517904262739915,0.020375971915200353,0.02274901942033065,0.00014853521212318454,2.5773340727610954,2.541917225600619,2.5369018979624283,2.533303241381089,2.5303840230825108,2.527878182020442,2.5256538115101175,2.523634400968257,2.521770537431282,2.5200251752269343
389,0.04464419977034237,0.010514944828745204,0.020376427099108696,0.02356486106757595,0.00014606941710000777,2.5777635951275326,2.5423061466666823,2.5372866231277973,2.533684685246301,2.5307626787267097,2.528254374867298,2.526027774420171,2.5240063091182514,2.5221405267630064,2.520393351346639
390,0.04718999750194384,0.01051200291367693,0.018973038997501135,0.024520885684990994,0.00014362089652341484,2.5781893674406917,2.5426923843832716,2.5376689585267034,2.5340639648969945,2.5311393614629676,2.528628765693548,2.526400092327736,2.5243767191318756,2.5225091570565445,2.5207603014241773
391,0.03914933235188511,0.010509136438393053,0.019432848086580634,0.021245406897825045,0.00014118976973084374,2.5786054504089053,2.5430699402758896,2.5380422109720016,2.5344338618692777,2.531506424552799,2.5289933397668545,2.5267624238301387,2.524736993320613,2.5228675177742237,2.521116860802611
392,0.042947088174489466,0.010506315358678011,0.01968777598813176,0.02292920437985279,0.00013877615521198512,2.5790151520781848,2.5434416905993764,2.538409679046304,2.534798012109158,2.5318677790362454,2.529352240019969,2.527119112465381,2.5250916519475655,2.523220286900594,2.5214678495700875
393,0.04015767048060553,0.010503562632658775,0.020357509143650532,0.021737238191538766,0.00013638017060300502,2.5794168193758673,2.5438047582230463,2.5387682990091935,2.535153249866612,2.532220193831437,2.529702188759133,2.5274668441270736,2.5254373505097325,2.5235640934737558,2.5218098732282765
394,0.04031186855138356,0.010500873006133697,0.020210477989166975,0.021590806809100117,0.00013400193268081322,2.5798100962473947,2.5441600802280067,2.5391190155062104,2.5355004914807213,2.5325645473775173,2.530044026958274,2.527806426950508,2.525774870256703,2.5238996978669306,2.5221436768206336
395,0.035305091416835854,0.010498269277319967,0.020096880849450827,0.019504139727895425,0.00013164155735737116,2.5801914847862095,2.544505483162433,2.5394596622058967,2.5358373790215043,2.5328982329796204,2.530374884454029,2.528134727792772,2.5261008214186003,2.5242234621712174,2.5224653833340507
396,0.049080862319810355,0.010495664437901437,0.019501195987686515,0.024825707778746254,0.00012929915967404152,2.58057008387028,2.544849578850711,2.5397997454835237,2.536174304609792,2.5332324643532202,2.530706728792035,2.528464406864104,2.52642850385598,2.5245492804047776,2.5227894417997336
397,0.04258289178805768,0.010493106344530488,0.01996838510967791,0.022400732059694357,0.0001269748537959834,2.5809419895349097,2.545187540827233,2.540133801970948,2.536505266955988,2.533560787201352,2.531032716879858,2.528788280541559,2.526750430414565,2.524869390967958,2.5231078396509456
398,0.033988065472795,0.010490643844865427,0.01929895207285881,0.019246988732119757,0.0001246687530065856,2.5813025435164936,2.545514723307019,2.5404564339703146,2.536824286970632,2.5338767358350918,2.531345959702625,2.529099083012681,2.527058994528493,2.525175875319529,2.5234123698437356
399,0.04157307071127448,0.010488230658396215,0.02002834901213646,0.021672195012733677,0.00012238096970194773,2.581655993844207,2.545835323761279,2.540772515015119,2.537136837956433,2.534186324012826,2.531652964082368,2.5294037761909682,2.527361582521944,2.525476519167336,2.5237111968151593
400,0.03951597318012568,0.010485870821207267,0.020080354064702988,0.021190406418153944,0.00012011161538540008,2.582001542628641,2.5461493768861496,2.541082039706742,2.537442793640245,2.534489267460412,2.5319532707868566,2.529701718446521,2.527657367517275,2.525770309756345,2.5240031223596566
401,0.047655140947957114,0.010483522291788795,0.019179729046300054,0.024238841310040202,0.00011786080066207054,2.582343975179006,2.546460820186302,2.541389487604549,2.5377471086134724,2.5347909416731866,2.5322526344237897,2.5299990102313212,2.527952768806336,2.526063962967329,2.5242951403482556
402,0.04328565316637675,0.0104812107181199,0.019146669888868928,0.0228426279282332,0.00011562863523349333,2.582681053648583,2.5467671393688156,2.5416919682893173,2.5380465958398433,2.535087912486163,2.5325474064233964,2.530291811770208,2.5282437725643994,2.526353304000818,2.524582925219681
403,0.039263941414635205,0.010478958376794825,0.019276127219200134,0.02118015940719095,0.00011341522789226232,2.5830103664887907,2.5470661303745192,2.5419869822986327,2.5383385236158995,2.535377256465583,2.5328344981594095,2.530576888183961,2.5285270121361365,2.526634845995829,2.5248628794418937
404,0.03737463439140266,0.010476774217682453,0.019590104930102825,0.020629738220423483,0.00011122068651672874,2.583331581362529,2.5473570179444516,2.5422735558290706,2.538621759143216,2.5356577068411066,2.533112527711259,2.530852757107431,2.52880091647911,2.5269069388772736,2.5251332819993397
405,0.04130682186190976,0.010474632140150368,0.018576962873339653,0.02213313524431503,0.00010904511806574296,2.5836468624549895,2.547642456404355,2.5425546566591892,2.5388995575942324,2.535932766184894,2.533385212902797,2.5311233267717315,2.529069564748851,2.527173817085783,2.5253985097542277
406,0.040440375495870436,0.01047253767254775,0.0193197310436517,0.02194911882662308,0.00010688862857344241,2.583956246578364,2.547921558153476,2.542829413011047,2.5391710508477336,2.5362015723158824,2.533651699559063,2.5313877514745893,2.5293321191060385,2.5274346494834656,2.525657736892774
407,0.041544333951639555,0.010470484234729547,0.019727274077013135,0.02216284213144403,0.00010475132314408231,2.584259856634833,2.548195151070995,2.543098751929534,2.53943720790259,2.5364651157990976,2.5339129914541423,2.5316470449756516,2.529589602400204,2.5276904681588404,2.5259120053134922
408,0.04021871347418886,0.010468476048610821,0.02009332785382867,0.021574678355876824,0.00010263330594691398,2.5845568642973213,2.5484627345117477,2.5433622014346042,2.539697560887266,2.5367229200286374,2.5341685963895704,2.531900695292552,2.529841479996118,2.5279407137060383,2.526160729206076
409,0.04110483722081164,0.010466507068972586,0.01984363584779203,0.0221411340925942,0.00010053468021110769,2.584848082882626,2.5487252676333023,2.543620653963603,2.5399529536685903,2.5369757880891397,2.5344192808134456,2.5321494346993676,2.53008845164349,2.5281860545932986,2.526404546784851
410,0.044407854826751726,0.010464563495784493,0.019582509994506836,0.02261475805312398,9.845554822072093e-05,2.5851337215364834,2.548984034259708,2.543875751228265,2.540205241766964,2.5372257392625697,2.534667203023568,2.532395546289567,2.5303329163413943,2.5284289998822675,2.526646073220892
411,0.0449986001247679,0.010462643636728315,0.020022050943225622,0.02326078310255009,9.63960113097138e-05,2.5854146974398033,2.5492393681423047,2.5441276905473518,2.5404545555715417,2.537472862640099,2.534912423801668,2.5326390700522197,2.5305748978409324,2.5286695598452513,2.5268853069052573
412,0.04329471273881211,0.010460755153859946,0.019924855092540383,0.022852062460377277,9.435616985700985e-05,2.585690508389701,2.5494903665953146,2.5443755083337534,2.5406998857062217,2.5377161058332547,2.535153848044718,2.532878867754569,2.5308132141475643,2.528906508018741,2.5271209761616715
413,0.04319130583740224,0.01045889938389392,0.019873427925631404,0.02267498304153277,9.233612328160331e-05,2.585960893618964,2.549736683314508,2.544618954819855,2.540941038025514,2.5379553114825675,2.535391344487363,2.5331148277060684,2.5310477690220154,2.5291397609288855,2.52735300847884
414,0.03820020910614682,0.010457098753569401,0.019403666025027633,0.0207307463542742,9.033597003771483e-05,2.586223735846315,2.549976187605057,2.5448555008732936,2.5411752126372815,2.5381874678251943,2.535621722562739,2.5333436015217283,2.531275070739444,2.529365694143965,2.5275776549454436
415,0.037394973008910405,0.01045535562619586,0.019758471054956317,0.02069488817861148,8.835580760999162e-05,2.5864794935358337,2.5502087656702788,2.545084883368935,2.54140204309403,2.5384121307683403,2.5358444788958328,2.5335646407246837,2.5314945370701474,2.5295837009845004,2.5277942922014156
416,0.03520011225040583,0.010453675014815814,0.019855810096487403,0.01954104083124568,8.639573250875671e-05,2.5867270758011855,2.550433682626544,2.545306483782621,2.541620960548201,2.5386287537388372,2.5360590730742856,2.533777400248437,2.53170561047934,2.529793205505656,2.5280023211982434
417,0.03984800771071251,0.010452034941154181,0.01888906816020608,0.021589817459010816,8.445584026530534e-05,2.586969062907025,2.5506535028029025,2.5455229502008523,2.541834708414816,2.538840176412907,2.5362684403269573,2.5339849095455036,2.5319114130793294,2.529997420898975,2.5282050447023456
418,0.042257993912775536,0.010450425728397323,0.019380809040740132,0.02213531957023727,8.253622542724867e-05,2.587205990428231,2.5508689100676656,2.545735207064641,2.542044416506066,2.539047704453968,2.536474040874935,2.5341887677590855,2.5321136711042698,2.530198191250546,2.528404417223455
419,0.04362425045776558,0.010448842225479418,0.019442778080701828,0.023279235671912812,8.063698155390572e-05,2.587439149134391,2.5510807986370048,2.545943999727483,2.5422507365962623,2.539251919480756,2.536676399543067,2.534389451481165,2.532312818712577,2.5303959123425974,2.5286007990646153
420,0.04326640107663992,0.010447287400273605,0.02028699591755867,0.022273027166690915,7.875820121174347e-05,2.587667201634993,2.5512882028682116,2.546148655713457,2.5424532156729396,2.5394525440107274,2.536875384047748,2.5345869513955397,2.532508952724239,2.5305907741012943,2.5287944629894348
421,0.043357119892260904,0.010445760353039771,0.020125519018620253,0.023123289409395037,7.689997596986535e-05,2.5878911403339173,2.5514917042812777,2.5463495497298045,2.542652043639704,2.539649609620482,2.5370708901699732,2.5347810452101145,2.532701746497301,2.5307823562012706,2.5289849033708696
422,0.04497105853185387,0.010444258225159844,0.019811222096905112,0.02346760967939286,7.506239639554769e-05,2.58811114391606,2.55169157543922,2.546546951541931,2.542847527192115,2.5398434700614385,2.537263320236516,2.534972183103343,2.5328916970434525,2.530971201721174,2.529172708938484
423,0.04493657441395033,0.010442782529767242,0.019771449035033584,0.02321529115661484,7.324555204982707e-05,2.5883267183403964,2.551887795161128,2.546740786438194,2.5430395408647386,2.5400339651594495,2.5374524918270143,2.535160168989679,2.5330786003708003,2.5311571026245288,2.5293576702234817
424,0.0441327591714652,0.010441335464050454,0.01919188816100359,0.02324310884029656,7.144953148313311e-05,2.5885378657465834,2.5520801715990475,2.546930897493488,2.5432278967010826,2.540220849053075,2.537638090016415,2.5353446145953265,2.533261993735528,2.5313395220466184,2.5295391772384805
425,0.03869999830869671,0.010439935393546115,0.020361142000183463,0.02104830590999467,6.96744222309749e-05,2.5887427187138954,2.5522665091808876,2.547115003636205,2.5434102411571513,2.5404016925548847,2.5378176072534044,2.5355229326889615,2.533439209921488,2.5315157130767028,2.529714403996131
426,0.041258860097702514,0.010438573557135459,0.019732187036424875,0.021731834449167046,6.792031080967287e-05,2.5889420101391907,2.552447786222482,2.5472941157421527,2.543587632959073,2.5405776201557955,2.5379922438389544,2.535696404601187,2.533611613834204,2.5316871252974873,2.529884885095904
427,0.04928021358033241,0.010437221652950773,0.02033525798469782,0.025437684636148705,6.61872827121431e-05,2.5891388431450135,2.5526272609941363,2.5474716670975086,2.543763670593751,2.540752374084682,2.538165869431503,2.5358690151802024,2.533783295974405,2.5318579471170564,2.5300549003138864
428,0.04483908132080631,0.010435897296603137,0.01993557484820485,0.023074924956631535,6.447542240373014e-05,2.589330930823539,2.552802817336133,2.547645489849323,2.543936135679248,2.5409236862427536,2.538336164902721,2.5360383926899144,2.5339518307522915,2.532025698314021,2.530221914474572
429,0.044571793395209204,0.010434602430489345,0.019972752081230283,0.023152483329576676,6.278481331809014e-05,2.5895184623495373,2.55297420279957,2.547815309737105,2.5441047225364706,2.5410912248294717,2.538502779473814,2.5362041737318735,2.5341168472698485,2.5321900044462295,2.530385552569889
430,0.04624123759787992,0.010433333657127718,0.0213442191015929,0.023792861494921328,6.111553785312513e-05,2.5897019058867,2.553142005507125,2.5479815929918233,2.5442698481198325,2.541255388314698,2.538666108540216,2.536366759165678,2.534278757056825,2.5323512911961066,2.530546256983685
431,0.04155133572708708,0.010432102371720644,0.01986210304312408,0.022373953507890277,5.946767736696597e-05,2.5898801876133937,2.553305019622871,2.5481430942031396,2.5444301773618734,2.541414732226689,2.538824591291861,2.5365244699798235,2.534435763051705,2.5325076443438532,2.5307019974330425
432,0.03861310725143313,0.010430916903914726,0.019816072890534997,0.02101197636604361,5.7841312174008354e-05,2.5900524631109976,2.5534623301720067,2.5482988053140367,2.544584636597885,2.541568131826967,2.5389770601912525,2.536676101499954,2.534586627869562,2.532657797554375,2.530851481989241
433,0.046364159452668426,0.01042975432318766,0.01980749797075987,0.024141858086505406,5.6236521540996894e-05,2.5902211332363105,2.5536163554722453,2.548451350091764,2.544736045877953,2.5417185882302165,2.539126683446923,2.536824976802149,2.5347348188953718,2.5328053534050414,2.530998440490837
434,0.04598065853881765,0.010428614499332993,0.01962056988850236,0.024076183476592215,5.465338368316338e-05,2.590385898243004,2.553767301572762,2.548600927901708,2.5448845625058003,2.541866211963727,2.539273525782288,2.536971117140797,2.5348803163921065,2.5329502534344734,2.531142777719974
435,0.042327858637691174,0.010427512627092638,0.02033683587796986,0.021881319957580418,5.309197576041336e-05,2.5905453803041163,2.553913283453505,2.5487455551564593,2.5450281394675933,2.542008907632596,2.5394154526172064,2.537112355498326,2.535020926381088,2.533090281395954,2.5312822593379165
436,0.043541464217354,0.010426442811261467,0.01995515520684421,0.022257283521687182,5.155237387356607e-05,2.5906998301644335,2.5540550367900634,2.5488860407190534,2.545167619398981,2.54214753990144,2.5395533449833105,2.537249585766504,2.53515755318692,2.5332263502892514,2.531417805710451
437,0.037156397977261515,0.010425418921371755,0.019181004026904702,0.02024826960858785,5.003465306064572e-05,2.590848281845852,2.5541911105942763,2.549020729195725,2.5453012058188285,2.5422801938620765,2.539685182569871,2.537380691403038,2.535287990987744,2.5333561704361873,2.5315470476090804
438,0.04220973481104586,0.010424425692879177,0.019873800920322537,0.02295674605150404,4.853888729322322e-05,2.5909927341873753,2.554323327681395,2.5491514828929764,2.5454308041689764,2.5424088242703062,2.5398129722987632,2.537507731839739,2.535414350578764,2.533481902031744,2.53167219223172
439,0.051246600081030304,0.010423445257860252,0.019991311011835933,0.024986849435416836,4.706514947281216e-05,2.5911341876771536,2.5544530229410523,2.5492801094546764,2.5455585841796537,2.5425358953869934,2.5399394300084417,2.537633645636587,2.5355397729714926,2.5336068737908466,2.5317967449527066
440,0.04418245799810985,0.010422493506686822,0.02035689982585609,0.022929702679469692,4.5613511427314525e-05,2.591271378142564,2.5545789313535123,2.549405000142586,2.5456826602010127,2.542659287234894,2.540062229405426,2.537755919800408,2.5356615729272436,2.5337282393008516,2.531917706933324
441,0.04548919450800806,0.010421567185900683,0.01958636101335287,0.023950740824279438,4.4184043907520925e-05,2.5914050239052857,2.554701406648989,2.5495264942489246,2.545803381840844,2.5427793631225835,2.5401817473499886,2.537874943845913,2.5357801515731473,2.533846410263271,2.5320354994468897
442,0.04229106632426436,0.010420673665171456,0.019667492946609855,0.022053474423608575,4.2776816583661304e-05,2.5915340215508853,2.554819452997896,2.549643648393276,2.54591982460544,2.5428952019704494,2.54029705783133,2.5379897822479776,2.5358945614306316,2.533960426085401,2.5321491484194687
443,0.04041553565439861,0.010419815010410411,0.0203992638271302,0.02170203351736028,4.139189804201043e-05,2.59165834790377,2.554933078594536,2.5497563225867297,2.546031747375844,2.5430064909324464,2.54040779409769,2.538100025242619,2.5360043564741046,2.5340698086920703,2.5322581463439
444,0.04294590449005982,0.010418985960669628,0.019372296053916216,0.022437973547996082,4.002935578154405e-05,2.5917785247613176,2.5550427536484306,2.549865080469753,2.5461397850751486,2.5431139235270015,2.5405147007261366,2.5382064636490047,2.536110370526676,2.5341754326635044,2.5323634069673457
445,0.04386749002214452,0.010418183331004012,0.019323912914842367,0.02284980139560028,3.868925621064965e-05,2.5918947857937336,2.5551488763932904,2.549970340404095,2.546244371066588,2.543217944861327,2.54061823257799,2.5383095608904145,2.5362130748271925,2.534277776536866,2.5324654157104938
446,0.042765406404721776,0.010417408990682303,0.02063202694989741,0.021935473360146368,3.737166464388974e-05,2.5920066619008497,2.555251286558776,2.5500719420725826,2.5463453322633876,2.5433183662080294,2.540718183652324,2.53840909264768,2.536312226161287,2.5343765780048133,2.532563891272227
447,0.04035978840715139,0.010416665375251157,0.02018817188218236,0.021827489828728664,3.60766452988184e-05,2.5921143418008254,2.555349861303129,2.5501696676704766,2.546442367533553,2.5434148143794753,2.5408141175336563,2.5385045658480245,2.5364072796225945,2.5344712438468564,2.5326581946693096
448,0.04348154971267079,0.010415946069314537,0.019422698067501187,0.02299939298281548,3.480426129285167e-05,2.5922184406035744,2.5554452292535292,2.550264210986946,2.546536245791902,2.54350812865033,2.540906937668007,2.53859694237901,2.5364992506041495,2.5345628387944963,2.532749436457582
449,0.03681207020794523,0.010415261747045292,0.020460518077015877,0.020364645370364986,3.355457464019073e-05,2.592317925058533,2.555536266944994,2.550354338370629,2.5466256357624646,2.543596889574595,2.54099514449385,2.538684649466275,2.536586498998426,2.534649660423033,2.5328358562148385
450,0.040505774599859164,0.01041460524251411,0.019444855162873864,0.02147993333373499,3.232764624880022e-05,2.5924134124701617,2.555623757308811,2.550440891379455,2.546711435972567,2.5436820509224667,2.541079745080077,2.538768745753565,2.5366701335658157,2.5347328663763253,2.5329186594078794
451,0.03880519425380812,0.010413978319511897,0.01938538020476699,0.020928396775541938,3.11235359174388e-05,2.5925048597719833,2.5557075157871236,2.5505236485599805,2.5467933989755487,2.5437633462719416,2.5411604591539136,2.5388489408506856,2.5367498565422104,2.534812153558108,2.532997539147371
452,0.043222031101802186,0.010413373243967726,0.019742433913052082,0.02255398882259524,2.9942302332745304e-05,2.5925929891163415,2.5557883459804285,2.550603527561224,2.5468725215111987,2.5438418322883143,2.5412383912425303,2.538926379161225,2.5368268467543644,2.534888731408729,2.533073732775346
453,0.04243434153940206,0.010412790805588963,0.0195758321788162,0.022402879882724807,2.8784003066378244e-05,2.5926778215345525,2.55586613354724,2.550680407019669,2.546948680565966,2.5439173850797214,2.541313416394207,2.5390009340529347,2.536900975052055,2.5349624673306645,2.5331471032953576
454,0.04028951806494995,0.01041223346944361,0.020267485873773694,0.02111335036929428,2.7648694572209708e-05,2.592758900454038,2.5559406185531923,2.5507540308517407,2.5470216044121803,2.5439897152608406,2.541385228656776,2.5390722847229448,2.5369719075149573,2.535033015881148,2.533217295172622
455,0.04150061303814044,0.010411698186403867,0.0267602251842618,0.02216306730867975,2.6536432183573984e-05,2.592836763341336,2.5560121494125467,2.550824745613343,2.547091652330781,2.5440591954741234,2.5414542119139893,2.5391408236633883,2.5370400426681035,2.5351007792499063,2.533284712124041
456,0.04150562199419283,0.010411184545592688,0.019449027022346854,0.02191359420033481,2.5447270110570865e-05,2.5929113522636986,2.556080794602505,2.5508926257915094,2.5471588979947586,2.5441258979467563,2.5415204374966156,2.5392066220656635,2.537105452275929,2.5351658303714917,2.5333494287255176
457,0.03800815522178971,0.010410696565642603,0.020644264994189143,0.02108824592227276,2.4381261437423013e-05,2.5929825884051843,2.5561462019917105,2.5509572169196835,2.5472228151278724,2.544189238504903,2.541583271464713,2.5392690015729134,2.537167417381046,2.5352274125923944,2.5334106529606975
458,0.03905487863594337,0.010410232376595573,0.019988381071016192,0.020765630589040317,2.3338458119889357e-05,2.5930504487687904,2.5562084571863384,2.5510186768525807,2.547283619961317,2.5442494831672304,2.541643024077687,2.5393283128846376,2.5372263264338457,2.5352859501642744,2.533468843436834
459,0.044940799067335974,0.010409784505553098,0.018963292008265853,0.023263731059992132,2.2318910982732414e-05,2.5931157286381294,2.5562684677819605,2.551077955525,2.547342290251575,2.5443076338415187,2.5417007195237606,2.5393856011499594,2.5372832444737523,2.535342527100807,2.5335251023377428
460,0.04316472630773199,0.010409355991475982,0.019510462880134583,0.021991354079189264,2.1322669717241272e-05,2.593178098994781,2.5563258251000573,2.551134632177801,2.547398405770242,2.5443632728047354,2.541755942890687,2.53944045432491,2.537337762395904,2.5353967373581767,2.5335790268477933
461,0.04079121588713072,0.010408947296662042,0.019494798965752125,0.021920355556981127,2.0349782878809714e-05,2.593237621401679,2.5563805735683283,2.5511887145556087,2.5474519413106536,2.5444163434815215,2.5418086071187114,2.5394927553268722,2.5373897332849604,2.5354484041968686,2.533630410287927
462,0.043671007249340255,0.010408555856112688,0.0195828671567142,0.0227191760116826,1.9400297884569778e-05,2.593294575992849,2.556432897200386,2.551240433543583,2.547503173298182,2.544467164693014,2.541859070566802,2.539542899762107,2.5374395881927234,2.5354979926823775,2.5336797505754727
463,0.04023082343534032,0.01040818424247113,0.02015595301054418,0.021541776884026687,1.8474261011080502e-05,2.5933487136601276,2.5564826034383135,2.551289553003782,2.547551820589676,2.5445154122510925,2.541906968384082,2.539590484382952,2.537486887498093,2.535545028598875,2.5337265404636873
464,0.04392158839734875,0.010407828348314411,0.01976576982997358,0.023333291712561384,1.7571717392072544e-05,2.593400529262158,2.5565301366766597,2.5513365482657564,2.547598389018978,2.5445616198521863,2.541952859365264,2.5396360905132696,2.5375322327611287,2.5355901317128327,2.5337714161205565
465,0.038646896984190916,0.010407492566451494,0.019454014021903276,0.021291561062415542,1.6692711016248833e-05,2.593449614169675,2.556575094065122,2.5513809406592713,2.547642338447425,2.5446051965041554,2.5419961096671377,2.5396790475326605,2.5375749212765313,2.5356325709429655,2.5338136210954616
466,0.042775231025382165,0.010407172763912034,0.019730116007849574,0.02290701732178278,1.583728472513976e-05,2.593496382511111,2.5566178886248574,2.551423201407145,2.5476841843926863,2.544646694246197,2.542037302725961,2.5397199666662957,2.53761558940573,2.535673005769806,2.5338538364068643
467,0.03768815790931313,0.010406872795384223,0.019929788075387478,0.02089067964687085,1.500548021101613e-05,2.593540503388611,2.5566581679055367,2.551462910656031,2.5477234513209717,2.5446855913746105,2.542075877666087,2.539758253132303,2.537653612525059,2.535710784940507,2.533891386770669
468,0.03475147947947634,0.010406593302730818,0.020317005924880505,0.019593646122508506,1.4197338014856435e-05,2.5935818447477814,2.5566958359419774,2.5514999858883725,2.5477600651623624,2.544721818032664,2.542111765776569,2.53979383718574,2.53768891830185,2.5357458324162634,2.5339261916273124
469,0.04510052139756257,0.010406326335558063,0.018901803996413946,0.023285699854958004,1.341289752437115e-05,2.593621145862268,2.5567317194335817,2.5515353515443615,2.547795026545596,2.5447564402400373,2.5421460916482923,2.539827897106556,2.5377227349675833,2.5357794233991235,2.533959570697346
470,0.0414095721396255,0.010406074609126799,0.018465532921254635,0.021897043720156082,1.2652196972083123e-05,2.5936582342567207,2.556765548549643,2.5515686885357844,2.547827981777203,2.5447890768166537,2.542178451067012,2.539860008748645,2.5377546207353685,2.5358111002217782,2.5339910518309567
471,0.044058833849724484,0.01040583552554863,0.018655859865248203,0.023351472263474105,1.1915273433464058e-05,2.5936933861296407,2.5567976217821755,2.5516003187334033,2.5478592703457275,2.5448200805713834,2.542209207010891,2.5398905428703356,2.537784952276261,2.5358412439651166,2.5340210192728843
472,0.042695730019993744,0.010405609646516928,0.01897300500422716,0.022542466370874058,1.1202162825127701e-05,2.593726492199342,2.5568278779957323,2.551630185644504,2.547888834465627,2.544849390207529,2.5422382936381243,2.5399194286294415,2.5378136535881946,2.535869773461194,2.5340493867623723
473,0.04847284601370467,0.010405394624430206,0.019320830004289746,0.024379185910013052,1.051289990307883e-05,2.5937578681150124,2.5568565510288637,2.551658541973232,2.5479169467316862,2.5448772976758036,2.542266021800809,2.5399469954421012,2.5378410724126987,2.535897054616669,2.5340765382724495
474,0.04451025019252272,0.010405192240422039,0.01823728997260332,0.022637232415688706,9.84751826102004e-06,2.5937872784482003,2.5568834923899906,2.5516852125516847,2.5479434060930983,2.544903579235818,2.5422921478115303,2.539972981830004,2.537866931153353,2.535922795019619,2.534102167600073
475,0.044506006213986926,0.010405001892308708,0.018652685917913914,0.023144685510043544,9.206050328713734e-06,2.593814850960321,2.556908812820528,2.5517102942691485,2.547968298892116,2.5449283119873325,2.5423167401163056,2.539997447900462,2.537891281771571,2.535947038617999,2.5341263107784653
476,0.04507599225425585,0.010404823405355519,0.018549767090007663,0.023395619817655235,8.588527370402093e-06,2.5938406888667074,2.5569325189910863,2.551733792342807,2.547991630763222,2.5449515028587606,2.5423398073320778,2.5400204041007646,2.537914136569945,2.535969799545562,2.534148983731217
477,0.044472817464538385,0.01040465667955889,0.01877991296350956,0.023349960474059062,7.99497948328276e-06,2.5938648312188493,2.5569546712961984,2.5517557460764175,2.5480134261299523,2.5449731642746087,2.542361351726235,2.5400418438633885,2.5379354811494483,2.5359910563579384,2.5341701585986116
478,0.045734334464838294,0.010404500994882594,0.018787781009450555,0.02335716779837999,7.4254355960425414e-06,2.593887319886459,2.5569753304274454,2.551776229095249,2.5480337711589236,2.544993394036513,2.5423814815360237,2.5400618846732588,2.5379554411715577,2.536010941965566,2.5341899747517096
479,0.04630895771431248,0.010404355470433346,0.018203619867563248,0.023983141329864933,6.879923467446885e-06,2.5939082594360214,2.5569946093108173,2.5517953597346015,2.5480527864876374,2.5450123131872022,2.542400317216336,2.5400806458691063,2.53797413456211,2.536029572694363,2.534208546774377
480,0.04084903220026834,0.010404221813297716,0.01892445795238018,0.021623583098342263,6.358469684987329e-06,2.593927523532602,2.557012323367121,2.5518129333117856,2.5480702506209103,2.5450296858234154,2.542417610395248,2.540097868186167,2.5379912924511796,2.5360466711327008,2.5342255896051005
481,0.04074581777584713,0.010404099336587327,0.01878637494519353,0.021606167557875602,5.86109966358566e-06,2.593945204564,2.5570285728911055,2.551829048080577,2.5480862588283153,2.545045604392733,2.542433450812569,2.5401136387099323,2.5380069993008756,2.536062319148744,2.5342411825544007
482,0.044438829342647534,0.010403986166169452,0.018739528954029083,0.023355131457952153,5.387837644354875e-06,2.5939615071819566,2.557043575162156,2.5518439345131787,2.548101052898706,2.5450603199999176,2.542448097371812,2.5401282229850204,2.5380215263811627,2.536076792988279,2.534255606211319
483,0.03900699398544405,0.01040388353155326,0.019197019981220365,0.020948507515771927,4.938706693418357e-06,2.5939763571926115,2.5570572003596905,2.551857441240869,2.548114467329484,2.5450736566869088,2.542461365884862,2.5401414301303156,2.538034677276738,2.536089891627038,2.5342686557110583
484,0.04441661017996786,0.010403789145829644,0.018298333045095205,0.023471759980330246,4.513728700784797e-06,2.5939899823541985,2.5570697219943987,2.5518698605675074,2.5481268064454725,2.545085927534165,2.5424735762878052,2.5401535856683095,2.5380467821594452,2.536101949144598,2.5342806684239094
485,0.036988693420887286,0.010403704464402638,0.017701865173876286,0.01976627480128648,4.112924379282113e-06,2.5940022573158914,2.5570809806981796,2.551881013782988,2.548137878105068,2.5450969303668303,2.5424845185727203,2.540164473304141,2.5380576195998072,2.536112739875893,2.5342914151779694
486,0.03912357237063588,0.010403628016297425,0.01833985303528607,0.02137907844050502,3.7363132635474917e-06,2.594013366127332,2.5570911771315554,2.55189110305138,2.5481478830130575,2.5451068637433214,2.542494388918769,2.5401742867280763,2.53806738072978,2.536122452339916,2.5343010818295326
487,0.050321773545812215,0.010403557336387353,0.020245590014383197,0.025259705258458866,3.3839137090753232e-06,2.594023547332548,2.557100561787452,2.5519004090375095,2.54815712754045,2.5451160562198853,2.5425035355341095,2.5401833919220005,2.5380764478644093,2.5361314840475964,2.5343100801637126
488,0.045592876986341735,0.010403493143085897,0.01945565501227975,0.023472644656627056,3.055742891322818e-06,2.5940327802039906,2.5571090707355433,2.551908851245195,2.5481655187184247,2.545124404621513,2.542511846454303,2.5401916690917923,2.5380846940758994,2.536139701469717,2.534318270474953
489,0.04573565556410081,0.010403435020375945,0.020015249028801918,0.023687554410284025,2.751816804872567e-06,2.594041136506614,2.5571167618275026,2.551916487862834,2.5481731131838634,2.54513196342933,2.5425193738564444,2.5401991681316165,2.538092167054414,2.5361471501846484,2.534325696317192
490,0.04101969319815918,0.010403383081670343,0.019923762185499072,0.021799095408300825,2.472150262653337e-06,2.594048616432998,2.557123646116987,2.551923317920493,2.54817990131821,2.545138716442718,2.5425260962418665,2.5402058630796414,2.5380988369433855,2.5361537968439363,2.534332321145418
491,0.038195396835519285,0.010403337018531257,0.020067468052729964,0.020829195310999752,2.216756895217758e-06,2.5940552782551816,2.557129761958047,2.5519293812803534,2.5481859233913187,2.545144703448093,2.542532052395573,2.5402117914467515,2.538104739851498,2.5361596761099854,2.5343381781802683
492,0.042622280669764444,0.010403295710514526,0.019543048925697803,0.022652734794033666,1.9856491500783564e-06,2.5940612518896375,2.557135246227297,2.551934819269392,2.548191324679685,2.5451500732905736,2.542537394355789,2.540217108128265,2.538110033244131,2.536164947777323,2.534343429343184
493,0.04264788551510298,0.010403258721061988,0.019832586171105504,0.022417349089472953,1.7788382911004798e-06,2.594066603657285,2.5571401593186156,2.551939688960313,2.5481961606754027,2.5451548807311997,2.542542176670272,2.540221867803905,2.538114772174208,2.5361696674454297,2.53434813090691
494,0.045480430151541615,0.010403225325581267,0.01946984208188951,0.02375113802090729,1.5963343979537295e-06,2.594071436046469,2.5571445877280694,2.551944079371476,2.548200522722034,2.545159219153131,2.5425464945172416,2.5402261672393753,2.5381190548190515,2.53617393455408,2.5343523834460604
495,0.04420663391264865,0.010403195065229338,0.019769384991377592,0.023135189987908405,1.4381463656202375e-06,2.594075794669036,2.5571486004534765,2.5519480606210836,2.548204479188414,2.5451631545076556,2.542550411262902,2.5402300672094307,2.538122939411513,2.5361778048613055,2.5343562403129103
496,0.04177309404867364,0.010403167693330266,0.02023529796861112,0.022118916133484944,1.3042819039616668e-06,2.5940797399739903,2.557152230527956,2.551951662165802,2.5482080580785076,2.5451667140667515,2.542553953746174,2.5402335942559504,2.53812645226363,2.536181304485339,2.5343597274529346
497,0.0421192338686516,0.010403142651530611,0.02130944817326963,0.022195149879736642,1.1947475373430013e-06,2.594083347803861,2.557155552125999,2.5519549577602008,2.5482113329490548,2.54516997117475,2.542557195096471,2.540236821304615,2.5381296661150325,2.536184505999911,2.5343629172943234
498,0.04192891178588729,0.010403119449317835,0.019785804906859994,0.0221671357609154,1.1095486043146728e-06,2.594086693731048,2.5571586323856916,2.5519580127181896,2.548214367808108,2.5451729888230377,2.5425601974811243,2.5402398098397607,2.538132641876159,2.536187469828802,2.534365869845264
499,0.04297877093514513,0.010403097464155894,0.019370623864233494,0.022841970470678298,1.0486892573525327e-06,2.5940898597445874,2.55716155242367,2.5519609083211128,2.548217244258416,2.545175848958305,2.5425630431426725,2.5402426423285984,2.5381354621632166,2.5361902786638675,2.534368667803922
500,0.04066134151721412,0.010403076346926247,0.020119657972827554,0.02173512605677667,1.012172462655324e-06,2.5940929059280915,2.557164361472558,2.5519636919395143,2.5482200079012727,2.5451785956557713,2.5425657748867554,2.540245360536975,2.538138167897282,2.5361929727442125,2.5343713508629393
