iteration,training_loss,validation_loss,iter_time,raw_grad_norm,lr,t0,t1,t2,t3,t4,t5,t6,t7,t8,beta0,beta1,beta2,beta3,beta4,beta5,beta6,beta7,beta8
0,2.8943579521406315,0.004101449688187046,0.2413049999740906,,,1.2500000000000002,1.2500000000000002,1.2500000000000002,1.2500000000000002,1.2500000000000002,1.2500000000000002,1.2500000000000002,1.2500000000000002,1.2500000000000002,0.0,0.2817535251253208,0.43404278278030195,0.5310638054044796,0.5987785940560387,0.6489233261224009,0.6876458540105603,0.7184998534591345,0.7436910466053832
1,2.8943579521406315,0.004101469154110896,0.3773967500310391,9.244417925337181,1.0000000000000006e-06,1.249997763934328,1.2499977639343034,1.2499977639343143,1.2499977639343092,1.250002236067685,1.2499977639343078,1.2499977639343152,1.2499977639343083,1.2499977639343325,-9.999993885895754e-07,0.2817525251258943,0.4340417827808775,0.5310628054050555,0.5987795940553765,0.6489223261229845,0.6876448540111384,0.7184988534597118,0.7436910466053832
2,2.8943634898189026,0.004101492093458016,0.3314073330257088,9.252020469489171,1.1800000000000006e-06,1.2499951252363422,1.249995125245119,1.2499951253877397,1.2499951253144614,1.250004874609285,1.249995125341585,1.2499951254230541,1.249995125385355,1.2499951254063757,-2.1278610750047717e-06,0.28175134508699606,0.4340406027787587,0.5310616253903082,0.5987807741240242,0.6489211461111576,0.6876436740078224,0.7184976734647356,0.7436910466053832
3,2.894369980732538,0.004101518526709566,0.008713332994375378,9.242923104456686,1.3600000000000005e-06,1.2499920842227494,1.2499920841929602,1.2499920843625216,1.249992084248174,1.250007915596983,1.249992084277879,1.2499920844088497,1.249992084350478,1.2499920843863976,-3.417190082170981e-06,0.281749985086797,0.4340392427854939,0.5310602653890306,0.5987821339152779,0.6489197860818323,0.6876423140035492,0.7184963134663859,0.7436910466053832
4,2.894377452661274,0.004101548458029233,0.008708583016414195,9.234279599713593,1.5400000000000005e-06,1.2499886410046674,1.2499886409622003,1.2499886408394534,1.249988640834572,1.250011359078398,1.2499886408713659,1.2499886408566847,1.2499886408416307,1.249988640868083,-4.875862943828029e-06,0.2817484451750297,0.4340377027993146,0.5310587254233057,0.5987836733703168,0.6489182460986489,0.6876407740160598,0.7184947734662895,0.7436910466053832
5,2.894385912122624,0.00410158188930901,0.008591749996412545,9.239067575154552,1.7200000000000005e-06,1.2499847953904502,1.2499847953280094,1.249984794806094,1.2499847949850966,1.2500152050205584,1.2499847949619005,1.2499847948626384,1.2499847948501026,1.2499847948467726,-6.5067415070141e-06,0.2817467252871062,0.43403598281149797,0.5310570054699306,0.5987853926882838,0.6489165260858826,0.6876390540307495,0.7184930534646085,0.7436910466053832
6,2.894395361849003,0.0041016188208104765,0.008719958015717566,9.239399756378287,1.9000000000000004e-06,1.2499805473844179,1.2499805472583052,1.249980546258349,1.249980546677646,1.2500194534723583,1.2499805466023273,1.2499805463937912,1.2499805463879994,1.249980546367137,-8.311147091758076e-06,0.2817448254110803,0.4340340828180292,0.5310551055233845,0.5987872919925564,0.6489146260892323,0.6876371540533267,0.7184911534658587,0.7436910466053832
7,2.894405803141972,0.0041016592547020335,0.008467916981317103,9.246894357327198,2.0800000000000004e-06,1.2499758965628998,1.2499758964343282,1.2499758952001705,1.2499758957425313,1.2500241042895075,1.2499758956179605,1.249975895523792,1.2499758954304308,1.2499758954512807,-1.0290203140132433e-05,0.28174274545912414,0.4340320028184668,0.5310530255436707,0.5987893712364659,0.6489125460130876,0.6876350740481083,0.7184890734637714,0.7436910466053832
8,2.8944172373932084,0.004101703189022285,0.008487957995384932,9.23979818133935,2.2600000000000004e-06,1.249970843404608,1.2499708432559238,1.2499708416347317,1.2499708423935485,1.250029157687339,1.2499708421440663,1.2499708421512497,1.249970842019693,1.2499708420527507,-1.244409567414725e-05,0.28174048554095293,0.43402974281662327,0.5310507655810397,0.5987916306654629,0.6489102859358127,0.6876328140430248,0.7184868134630885,0.7436910466053832
9,2.894429664371895,0.004101750624812358,0.00812970899278298,9.239063855263456,2.440000000000001e-06,1.2499653878689032,1.2499653877574886,1.2499653855215398,1.249965386646996,1.2500346135468337,1.2499653862342208,1.24996538617981,1.2499653860678566,1.2499653861900988,-1.4773293821868802e-05,0.2817380456727841,0.43402730281745905,0.5310483256444547,0.5987940701011084,0.6489078458941188,0.6876303740285195,0.7184843734442469,0.7436910466053832
10,2.8944430845503204,0.004101801560765974,0.00847145903389901,9.242196148580499,2.6200000000000003e-06,1.2499595298684838,1.2499595297201767,1.2499595269117303,1.2499595283963303,1.2500404720248108,1.2499595278802569,1.2499595277701459,1.249959527647206,1.249959527859249,-1.7278019446089775e-05,0.2817354257756308,0.43402468280431306,0.5310457057022182,0.5987966899915493,0.648905225908072,0.6876277540230358,0.718481753430595,0.7436910466053832
11,2.8944574986086447,0.00410185600219378,0.008273832965642214,9.244200973961888,2.8000000000000003e-06,1.2499532691012478,1.2499532690253572,1.2499532657965486,1.24995326753594,1.2500467326478888,1.2499532668705107,1.24995326698232,1.2499532667301905,1.2499532671690907,-1.9958847891233998e-05,0.281732625838287,0.4340218828054037,0.531042905745423,0.598799489351367,0.6489024257779502,0.6876249539697115,0.7184789534061172,0.7436910466053832
12,2.894472906840586,0.004101913944557853,0.008324166992679238,9.237442243685464,2.9800000000000003e-06,1.2499466063248599,1.2499466061999749,1.2499466020426366,1.2499466044053271,1.2500533959003346,1.2499466034715458,1.2499466036409532,1.249946603419315,1.2499466038403313,-2.281541656634731e-05,0.281729645987316,0.4340189027754929,0.5310399258319405,0.598802468873904,0.648899445690366,0.6876219739242116,0.7184759733903955,0.7436910466053832
13,2.894489308684636,0.004101975387718367,0.008301833993755281,9.239090613295083,3.1600000000000002e-06,1.249939541171917,1.2499395410889016,1.2499395356974232,1.2499395389172923,1.2500604617470847,1.2499395377004705,1.2499395377061742,1.2499395375786133,1.2499395381818246,-2.5848436860392486e-05,0.2817264861864996,0.43401574273181476,0.5310367659501265,0.5988056288272957,0.6488962856936199,0.6876188138721634,0.7184728133598904,0.7436910466053832
14,2.8945067052663878,0.004102040335551134,0.00875341601204127,9.244810585315053,3.340000000000001e-06,1.2499320731823687,1.2499320731844912,1.2499320667595812,1.2499320708268369,1.25006792983868,1.2499320693863916,1.2499320693014495,1.2499320692766969,1.2499320701973047,-2.9058329565734405e-05,0.2817231462825627,0.4340124026556445,0.5310334260395814,0.5988089686853824,0.6488929456679188,0.6876154737755266,0.7184694733318034,0.7436910466053832
15,2.8945250974913637,0.004102108785571797,0.00829620799049735,9.240857080523389,3.520000000000001e-06,1.249924202803188,1.2499242028884407,1.2499241952291793,1.2499242002911135,1.250075800420994,1.2499241986337102,1.2499241984631548,1.2499241984701406,1.249924199897906,-3.244493665753268e-05,0.2817196263956067,0.4340088825655837,0.5310299061440354,0.5988124888090195,0.6488894256799345,0.6876119536716734,0.7184659532943224,0.7436910466053832
16,2.8945444849250124,0.004102180740924265,0.0085988329956308,9.226287398549584,3.700000000000001e-06,1.2499159314639394,1.249915931571503,1.2499159209627773,1.2499159280068328,1.2500840731820413,1.2499159259759927,1.2499159250792529,1.2499159252447996,1.2499159270987334,-3.600763710527153e-05,0.2817159269225416,0.43400518248439557,0.5310262064462054,0.5988161872396439,0.6488857258237126,0.6876082536250081,0.718462253238435,0.7436910466053832
17,2.8945648647933284,0.004102256196560459,0.008490915992297232,9.239622525473566,3.880000000000001e-06,1.2499072577259467,1.2499072578075157,1.24990724391722,1.2499072533883244,1.2500927485421547,1.2499072507688695,1.2499072492468817,1.2499072495612547,1.249907251872359,-3.974739108890602e-05,0.2817120474414728,0.43400130234653733,0.5310223267815833,0.59882006674408,0.6488818459925543,0.6876043735586044,0.7184583731836867,0.7436910466053832
18,2.8945862407513365,0.004102335154185964,0.008461291959974915,9.226051208911294,4.060000000000002e-06,1.2498981831002463,1.2498981830789564,1.2498981641397062,1.2498981770241542,1.2501018264734727,1.249898173515109,1.249898170880473,1.2498981714406912,1.249898174158565,-4.366353134684711e-05,0.2817079883890538,0.43399724221703745,0.5310182673072146,0.5988241256345568,0.6488777862914383,0.6876003135634899,0.7184543131145138,0.7436910466053832
19,2.8946086098692123,0.004102417615998596,0.008249041973613203,9.232640814499883,4.240000000000001e-06,1.2498887064589177,1.2498887064854305,1.2498886817062,1.2498886986098336,1.250111306730633,1.2498886940128155,1.249888690038165,1.2498886909851654,1.249888694163484,-4.7757120709727184e-05,0.2817037494837847,0.43399300205394187,0.5310140279430856,0.5988283641903525,0.648873546620683,0.6875960735428411,0.7184500730444938,0.7436910466053832
20,2.8946319745012423,0.004102503587560522,0.008371666946914047,9.237447516982076,4.420000000000001e-06,1.2498788273385375,1.2498788273888919,1.2498787967309284,1.249878817633354,1.2501211887266206,1.2498788120367939,1.2498788066907378,1.2498788080070358,1.249878811967452,-5.202828836721009e-05,0.28169933057355173,0.43398858191585343,0.5310096085979935,0.5988327815605646,0.6488691268849092,0.6875916534443354,0.7184456529481477,0.7436910466053832
21,2.8946563353393926,0.004102593061982088,0.008362916996702552,9.233555639720036,4.600000000000001e-06,1.2498685465814374,1.249868546318116,1.249868508977383,1.2498685344610487,1.2501314732310527,1.2498685279395296,1.249868520908775,1.2498685226831587,1.2498685273546808,-5.6476394042417374e-05,0.2816947317696184,0.43398398171323344,0.5310050093098218,0.5988373789258914,0.6488645273046371,0.6875870533554422,0.7184410528667287,0.7436910466053832
22,2.894681691885068,0.004102686036683324,0.00839062500745058,9.235851533769535,4.78e-06,1.2498578638326363,1.2498578629604202,1.2498578183758589,1.2498578489652818,1.2501421603804774,1.2498578415713895,1.2498578328207557,1.249857834874073,1.249857840441348,-6.110188669591711e-05,0.28168995297838895,0.43397920142604923,0.5310002300497549,0.598842157319479,0.6488597479356056,0.687582273307414,0.7184362727943527,0.7436910466053832
23,2.894708045556447,0.00410278250590858,0.008620041015092283,9.234483750666032,4.96e-06,1.249846779418206,1.2498467775070832,1.2498467248105103,1.2498467612997244,1.2501532506466184,1.2498467531867312,1.2498467422744053,1.249846744643844,1.249846751129608,-6.590459155554836e-05,0.2816849942340352,0.4339742410103581,0.5309952708341652,0.5988471179953352,0.6488547890318928,0.6875773133450516,0.718431312749109,0.7436910466053832
24,2.8947353967846645,0.004102882480241115,0.008448292035609484,9.229174483287167,5.140000000000001e-06,1.2498352941601436,1.2498352906936268,1.2498352283095877,1.2498352719531105,1.2501647429080274,1.2498352628025808,1.2498352491781064,1.2498352519872205,1.249835259464673,-7.0884042074196e-05,0.2816798557608401,0.43396910052448423,0.5309901318288139,0.5988522578276622,0.6488496503285729,0.6875721734117854,0.7184261726898384,0.7436910466053832
25,2.894763742919716,0.004102985958016149,0.008141250000335276,9.222564813490548,5.320000000000001e-06,1.2498234089028777,1.2498234035055005,1.2498233289099587,1.2498233812372765,1.2501766374286065,1.24982337064439,1.2498233534798058,1.249823356901277,1.2498233654029351,-7.604001055589589e-05,0.2816745378694083,0.43396378003420816,0.5309848131175275,0.5988575766175174,0.6488443318931789,0.6875668535576315,0.7184208525993165,0.7436910466053832
26,2.8947930826011055,0.004103092936947883,0.008469166001304984,9.236004489684339,5.500000000000001e-06,1.249811121261169,1.2498111136148196,1.2498110264570808,1.249811088066821,1.2501889342996673,1.249811076080455,1.2498110554139026,1.2498110593465008,1.2498110692077584,-8.137393251205708e-05,0.2816690398674824,0.43395827942805437,0.5309793144184223,0.5988630769861932,0.6488388336622173,0.6875613536751435,0.7184153525204349,0.7436910466053832
27,2.894823421429788,0.004103203420203472,0.008572958002332598,9.22440128280831,5.680000000000001e-06,1.2497984332186065,1.2497984230443298,1.2497983208821979,1.2497983934165449,1.2502016334256372,1.2497983795576155,1.2497983548988079,1.2497983595631088,1.249798370617108,-8.688495092383635e-05,0.28166336233302075,0.43395259874773134,0.5309736359840576,0.5988687567130109,0.648833155560004,0.687555673805236,0.7184096724383905,0.7436910466053832
28,2.8948547552631685,0.004103317404783605,0.008470417000353336,9.21745818056106,5.860000000000001e-06,1.249785346134277,1.2497853329065478,1.249785212150037,1.2497852977937933,1.250214734989996,1.2497852815865371,1.2497852518189088,1.249785257345477,1.2497852695872804,-9.257214950529284e-05,0.28165750559456043,0.43394673803239564,0.5309677779411807,0.5988746154946673,0.6488272978818165,0.6875498140709003,0.7184038123188904,0.7436910466053832
29,2.894887082110553,0.004103434892742334,0.008413499977905303,9.21756545155497,6.0400000000000015e-06,1.2497718597368666,1.249771843002727,1.2497717002840691,1.2497718010464707,1.2502282388589259,1.249771781920236,1.2497717461472821,1.2497717528369776,1.249771766252891,-9.843579038151165e-05,0.28165146959304893,0.43394069728540224,0.5309617402653319,0.5988806532839236,0.6488212604467204,0.6875437743858048,0.7183977721683765,0.7436910466053832
30,2.8949204024609,0.00410355588545037,0.008599833003245294,9.22307366119767,6.22e-06,1.2497579730566881,1.2497579520428768,1.2497577852473432,1.2497579027721624,1.2502421447043455,1.2497578802611446,1.2497578380057304,1.2497578460815695,1.2497578608580597,-0.00010447620235439281,0.28164525392319145,0.4339344764281892,0.5309555228577999,0.5988868706993866,0.6488150431720693,0.6875375546753814,0.7183915520228467,0.7436910466053832
31,2.8949547185972655,0.004103680379374589,0.008246249984949827,9.223231112573448,6.4000000000000006e-06,1.2497436855005808,1.2497436599966685,1.2497434667919802,1.2497436028952607,1.2502564528622626,1.2497435764073965,1.2497435274552913,1.2497435368561398,1.2497435534182908,-0.0001106943167291432,0.2816388585971004,0.43392807544703477,0.5309491256973481,0.5988932692176269,0.6488086460637875,0.6875311549358699,0.7183851518344774,0.7436910466053832
32,2.8949900324088205,0.00410380837999116,0.00833174999570474,9.21809037198288,6.5800000000000005e-06,1.2497289985442523,1.2497289678420422,1.2497287448792194,1.2497289016615027,1.2502711628306196,1.2497288704004557,1.2497288147930234,1.2497288251505179,1.249728843893393,-0.00011708874125656709,0.2816322839296782,0.4339214944202815,0.5309425488800323,0.5988998466644219,0.6488020689602171,0.6875245752348808,0.718378571597449,0.7436910466053832
33,2.8950263405231436,0.0041039398842369805,0.00826600001892075,9.215330335697383,6.760000000000001e-06,1.2497139124965255,1.2497138759703141,1.2497136195182836,1.2497137995015346,1.2502862747109353,1.249713762844703,1.2497136994715299,1.2497137109339846,1.249713732157639,-0.0001236595262473311,0.2816255299951527,0.4339147333113923,0.530935792488438,0.598906603309342,0.6487953122828022,0.687517815595162,0.7183718112927249,0.7436910466053832
34,2.895063643264284,0.00410407488731343,0.008431499998550862,9.217709396916622,6.940000000000001e-06,1.2496984266655247,1.2496983837181208,1.2496980904812276,1.2496982960941743,1.2503017889460637,1.249698253504673,1.2496981816127741,1.249698194104486,1.24969821821136,-0.00013040716085838485,0.28161859659704264,0.4339077920580531,0.5309288564288123,0.5989135411518763,0.6487883760764656,0.687510876012811,0.7183648709241881,0.7436910466053832
35,2.8951019431760066,0.004104213394789396,0.008168917032890022,9.21619864008645,7.120000000000001e-06,1.249682541239011,1.2496824912094107,1.2496821580001984,1.2496823913315054,1.2503177049928982,1.249682342600274,1.2496822612694167,1.249682274894848,1.249682302366862,-0.0001373316014567057,0.2816114837686455,0.4339006707116491,0.5309217407012428,0.5989206584868609,0.6487812603523194,0.6875037564658278,0.7183577505303109,0.7436910466053832
36,2.8951412396250333,0.004104355397638486,0.00834620901150629,9.212485476779941,7.3e-06,1.2496662574447492,1.2496661992087768,1.2496658216350383,1.2496660857963275,1.2503340237065388,1.2496660305479728,1.2496659384533098,1.2496659533575707,1.2496659846304403,-0.0001444318031471044,0.2816041916868365,0.433893369152803,0.5309144454057876,0.5989279568753604,0.6487739653958285,0.6874964570797765,0.7183504501318886,0.7436910466053832
37,2.8951815316932183,0.004104500900035789,0.008423583989497274,9.214772823402418,7.48e-06,1.2496495740427838,1.2496495069915925,1.2496490813146297,1.2496493792045873,1.250350744622437,1.2496493168808205,1.2496492129727934,1.2496492295021377,1.2496492650239583,-0.0001517089576072808,0.2815967201440345,0.43388588736609657,0.5309069704896144,0.598935436509541,0.6487664909393772,0.6874889776690282,0.7183429696992313,0.7436910466053832
38,2.895222821646695,0.004104649906201689,0.008059874991886318,9.199319966169046,7.660000000000001e-06,1.2496324951129036,1.2496324182452918,1.2496319369738342,1.2496322732642893,1.2503678674602503,1.2496322028605749,1.2496320848529767,1.2496321035005378,1.249632143125596,-0.00015916069208890546,0.2815890702006053,0.4338782254591046,0.5308993164017393,0.5989430929794494,0.6487588372148342,0.6874813184884558,0.7183353092373999,0.7436910466053832
39,2.8952651013321598,0.0041048024131135254,0.008316416991874576,9.210614487477761,7.840000000000001e-06,1.2496150171370044,1.2496149296354375,1.2496143885243831,1.2496147664870665,1.250385392244252,1.2496146872588758,1.2496145544799455,1.2496145752356662,1.2496146193573163,-0.00016678904981993039,0.28158124088552167,0.4338703833086888,0.5308914827636222,0.5989509302220457,0.6487510039539225,0.687473479343104,0.7183274687614167,0.7436910466053832
40,2.89530837848176,0.004104958418795943,0.00884487497387454,9.195381953277748,8.020000000000001e-06,1.2495971440468616,1.249597045025099,1.2495964356796692,1.2495968606437715,1.2504033190621695,1.2495967717313372,1.2495966209801403,1.2495966447107636,1.249596693478973,-0.00017459165978126744,0.28157323333881656,0.4338623610226358,0.5308834700349736,0.5989589453794114,0.6487429918174542,0.6874654604245488,0.7183194482162603,0.7436910466053832
41,2.8953526458814696,0.004105117930551726,0.008476666989736259,9.202918501575423,8.200000000000001e-06,1.2495788734784297,1.2495787618872753,1.2495780789027993,1.2495785541046005,1.2504216475623275,1.2495784550579854,1.2495782855327682,1.2495783118117867,1.249578365776988,-0.00018256948208579752,0.28156504684019745,0.43385415861545185,0.5308752778040384,0.5989671387868749,0.648734800193996,0.6874572616493099,0.7183112476217183,0.7436910466053832
42,2.895397907470913,0.004105280948687069,0.008263708965387195,9.191174849257438,8.380000000000001e-06,1.2495602082715171,1.2495600833000733,1.2495593173447281,1.2495598487705226,1.2504403775443975,1.2495597381673047,1.2495595472730243,1.2495595768104801,1.2495596360233,-0.00019072174449572744,0.28155668224467095,0.433845776017856,0.5308669065639723,0.5989755083990471,0.6487264293086746,0.6874488830749808,0.7183028669766593,0.7436910466053832
43,2.8954441585800086,0.004105447467833422,0.008387958048842847,9.191718242768282,8.560000000000001e-06,1.2495411479592649,1.2495410085783591,1.2495401511938105,1.2495407442604944,1.2504595093474464,1.2495406208211433,1.249540406404366,1.249540439653219,1.2495405044268149,-0.0001990482943094227,0.2815481393550181,0.4338372132409161,0.5308583562224346,0.5989840561439631,0.6487178792146242,0.6874403246973869,0.718294306280509,0.7436910466053832
44,2.8954914007750956,0.004105617483353869,0.008354999998118728,9.19981579182795,8.740000000000001e-06,1.2495216895460515,1.2495215348749018,1.2495205804347744,1.2495212395605637,1.2504790430280477,1.2495211017404706,1.2495208630629262,1.2495209002805305,1.2495209711139215,-0.00020755074989508524,0.2815394173353935,0.43382847018665005,0.5308496265271804,0.5989927861933104,0.6487091495511824,0.6874315862619542,0.7182855655351742,0.7436910466053832
45,2.895539640538053,0.0041057909958161845,0.008444874954875559,9.190717364823984,8.920000000000001e-06,1.249501835875438,1.2495016647368988,1.2495006049007846,1.2495013358209246,1.2504989785337832,1.2495011819924227,1.2495009166586026,1.2495009585776526,1.2495010358684215,-0.00021622732136141829,0.2815305169337194,0.4338195469272628,0.5308407177780112,0.5990016962228569,0.6487002407097474,0.6874226678857995,0.7182766446744915,0.7436910466053832
46,2.8955888727626173,0.004105968006785869,0.00829695799620822,9.189709002121704,9.100000000000001e-06,1.2494815874995178,1.2494813979699035,1.2494802243957817,1.2494810328469186,1.2505193158713181,1.2494808620268798,1.2494805681395313,1.2494806144591935,1.2494806985254088,-0.00022507703114113924,0.28152143804394214,0.43381044336595614,0.5308316298894648,0.5990107852205708,0.6486911528894931,0.6874135697825594,0.7182675437484907,0.7436910466053832
47,2.8956390972013986,0.004106148521033718,0.008521749987266958,9.188503633153493,9.280000000000001e-06,1.2494609436199775,1.2494607345797186,1.2494594391951532,1.2494603302851814,1.2505400546124859,1.2494601412375628,1.2494598171184934,1.2494598680646247,1.2494599597022236,-0.0002341010526130368,0.28151218072787154,0.4338011596441044,0.5308223628424881,0.5990200529105347,0.6486818857295423,0.687404291772911,0.7182582627285754,0.7436910466053832
48,2.895690314766883,0.00410633254120595,0.00846470904070884,9.19251060287269,9.460000000000001e-06,1.2494399022542815,1.2494396728080042,1.249438248933808,1.2494392276401114,1.2505611940968209,1.2494390191259999,1.2494386638085435,1.2494387191400553,1.249438819520002,-0.00024330037431336644,0.2815027444646669,0.43379169563751596,0.5308129165056463,0.5990295003484625,0.6486724391053307,0.6873948337050062,0.7182488015806479,0.7436910466053832
49,2.8957425295792967,0.004106520063170336,0.00836558296578005,9.191003489443784,9.640000000000001e-06,1.249418464041431,1.2494182128582942,1.2494166536667766,1.24941772496926,1.2505827346875484,1.249417495643548,1.2494171091279025,1.249417167725425,1.2494172780045392,-0.0002526743001807832,0.2814931292871557,0.4337820513337279,0.53080329088307,0.5990391282106042,0.6486628130148131,0.6873851957501402,0.7182391603460889,0.7436910466053832
50,2.895795741138307,0.004106711080350637,0.008394125034101307,9.176355817745767,9.820000000000001e-06,1.2493966337530265,1.2493963595438633,1.2493946529221818,1.2493958239871872,1.2506046774281816,1.24939557299659,1.2493951518515574,1.2493952139222066,1.2493953346404187,-0.00026222044616258867,0.2814833366063405,0.4337722268271453,0.5307934863924746,0.5990489341101929,0.6486530084494584,0.6873753781887819,0.7182293390074792,0.7436910466053832
51,2.8958499418292227,0.004106905606240914,0.00837120896903798,9.191990664690945,1e-05,1.2493744049742517,1.2493741063699915,1.2493722473105535,1.2493735222063642,1.2506270199472391,1.2493732493109988,1.2493727919307596,1.249372857648528,1.249372990374765,-0.0002719425653323879,0.28147336454715083,0.4337622220728263,0.5307835025091306,0.5990589200100072,0.6486430247781938,0.6873653804778662,0.7182193376268833,0.7436910466053832
52,2.8959051436944923,0.004107100117168628,0.008362499997019768,9.180941720924055,9.999890338174275e-06,1.249352182599488,1.2493518581104588,1.2493498394728026,1.249351223636184,1.250649362155928,1.2493509276650414,1.2493504315545996,1.249350501863836,1.2493506468512294,-0.00028166252685205695,0.2814633937442984,0.4337522170526818,0.5307735195150408,0.5990689082438975,0.648633042308058,0.6873553829456921,0.7182093363319979,0.7436910466053832
53,2.895960345871314,0.004107294626075418,0.008354084042366594,9.183548788264615,9.999561358041869e-06,1.2493299653367742,1.2493296135539125,1.2493274303130049,1.249328927650683,1.2506717018401576,1.2493286081044435,1.249328071478145,1.2493281468861852,1.249328305248422,-0.0002913807207359012,0.281453423988116,0.43374221209622865,0.5307635374191702,0.5990788954165697,0.6486230608341258,0.6873453856375654,0.7181993353004531,0.7436910466053832
54,2.8960155485271097,0.004107489131460136,0.008373290998861194,9.18390525027335,9.999013075636806e-06,1.2493077526702068,1.2493073726090618,1.2493050204841125,1.249306634243588,1.2506940383673675,1.2493062904544083,1.2493057130528262,1.2493057933898273,1.2493059661471562,-0.0003010976271572145,0.28144345533898835,0.43373220745083774,0.5307535563305052,0.5990888813017987,0.6486130801882485,0.6873353887796668,0.7181893348097006,0.7436910466053832
55,2.8960707515458846,0.004107683623161419,0.008314333972521126,9.169644511212217,9.998245517681596e-06,1.2492855505594969,1.249285140566627,1.2492826099700758,1.2492843463399113,1.2507163720642396,1.249283976723271,1.2492833561758827,1.2492834421645571,1.2492836295195158,-0.0003108093454983497,0.28143348936294565,0.43372220332549605,0.5307435770336779,0.5990988631364672,0.6486031010260549,0.6873253928106104,0.7181793350306241,0.7436910466053832
56,2.8961259433843223,0.004107878083619694,0.008389582973904908,9.166597267804296,9.997258721585931e-06,1.2492633596727476,1.2492629180805908,1.2492601992388188,1.2492620646722086,1.250738703251937,1.2492616677412376,1.249261001114249,1.2492610932338157,1.249261295561233,-0.00032051557076678844,0.2814235263338255,0.43371219994966387,0.5307335997989594,0.5991088437780935,0.6485931241036418,0.6873153980911182,0.7181693361354866,0.7436910466053832
57,2.8961811240377537,0.004108072511183302,0.008508582948707044,9.16953666288178,9.996052735444863e-06,1.2492411774304164,1.249240703684454,1.2492377889461608,1.249239788760001,1.2507610313256647,1.2492393630022822,1.2492386483729525,1.2492387470874031,1.2492389650487308,-0.00033021905904121547,0.2814135659032583,0.4337021975210202,0.5307236246364726,0.5991188247987322,0.6485831491736286,0.687305404582661,0.7181593383327426,0.7436910466053832
58,2.89623629799405,0.004108266912380428,0.008464875048957765,9.171849403663913,9.994627618036455e-06,1.2492190036942907,1.249218496192841,1.2492153790241325,1.2492175183185512,1.2507833543802198,1.2492170626916312,1.2492162986715296,1.2492164040620886,1.249216638853502,-0.00033991816656747344,0.28140360783489987,0.4336921961620074,0.5307136515700791,0.5991288040821972,0.6485731763296443,0.6872954124441982,0.7181493418590855,0.7436910466053832
59,2.896291464380468,0.004108461275743015,0.008199791016522795,9.15857659603747,9.992983438818916e-06,1.2491968433800855,1.2491963003562443,1.2491929702386373,1.2491952558279327,1.2508056730613346,1.2491947688074978,1.2491939523164575,1.2491940650405593,1.24919431676056,-0.00034961045775253914,0.28139365353775386,0.4336821962020266,0.5307036812922984,0.5991387793342432,0.648563206254441,0.687285422197924,0.7181393469373368,0.7436910466053832
60,2.896346613719651,0.004108655595644229,0.008243957941886038,9.159206711304652,9.991120277927224e-06,1.2491746953236986,1.2491741154486962,1.2491705632452519,1.2491730009672817,1.250827986741341,1.2491724811360445,1.2491716096732741,1.249171729925552,1.2491719995953243,-0.0003592967339535976,0.28138370295598464,0.4336721979540818,0.5306937138606214,0.5991487521335362,0.6485532390849864,0.6872754339813717,0.7181293537023714,0.7436910466053832
61,2.89640174788699,0.004108849878026912,0.008063999994192272,9.168138970644542,9.98903822616921e-06,1.2491525555120018,1.2491519376403097,1.2491481583190795,1.2491507524427883,1.2508502937739447,1.2491501990556557,1.2491492718722965,1.249149399500848,1.2491496884928517,-0.0003689793357440234,0.2813737550120843,0.43366220141490247,0.5306837490302102,0.5991587230661741,0.6485432745558345,0.6872654477524418,0.7181193625009534,0.7436910466053832
62,2.8964568739793704,0.0041090441155021435,0.008286125026643276,9.16679538953538,9.986737385021142e-06,1.2491304243370474,1.2491297674818373,1.2491257560864477,1.2491285104331613,1.2508725940712344,1.2491279230015782,1.2491269397911005,1.2491270742794498,1.249127383872271,-0.00037865817824579164,0.28136380996819377,0.43365220686300177,0.5306737869567929,0.5991686926593611,0.6485333129042058,0.6872554638008074,0.718109373579456,0.7436910466053832
63,2.896511991124655,0.004109238304120837,0.008213791996240616,9.14559423030347,9.984217866622771e-06,1.2491083097713862,1.2491076129155303,1.249103356543183,1.2491062789957272,1.250894887599984,1.2491056559864888,1.2491046126298964,1.2491047551211751,1.2491050855103782,-0.00038832936465707887,0.28135387014695706,0.4336422146013836,0.5306638287417964,0.5991786544642785,0.6485233550339984,0.6872454826971128,0.7180993870903654,0.7436910466053832
64,2.896567083521144,0.004109432414253929,0.008151750022079796,9.15470228711548,9.981479793771866e-06,1.2490862085451389,1.2490854698168443,1.2490809601986643,1.249084056966838,1.2509171758634137,1.2490833972649749,1.2490822912064337,1.2490824423572475,1.249082793297784,-0.00039799356184014317,0.2813439343597366,0.43363222458195433,0.5306538740727854,0.5991886181868012,0.6485134014186397,0.6872355045614863,0.7180894033229067,0.7436910466053832
65,2.8966221601240996,0.0041096264679575485,0.008109458955004811,9.147975493372657,9.97852329991824e-06,1.2490641218414553,1.2490633404100535,1.2490585678657469,1.2490618451195195,1.250939456193397,1.2490611473335633,1.2490599761221137,1.2490601361577496,1.2490605082374484,-0.0004076509973487153,0.2813340034323208,0.43362223727842053,0.5306439233275669,0.5991985761152654,0.6485034516337328,0.6872255295117047,0.7180794223584496,0.7436910466053832
66,2.8969756353716023,0.004109818068310708,0.007995416992343962,8.27392259188439,9.97534852915723e-06,1.2490426876373197,1.2490416577433052,1.2490360936294258,1.249039703521915,1.250961815208057,1.2490387107060121,1.249037795027129,1.2490379178071613,1.2490379290726414,-0.0004170125475455083,0.2813241869729211,0.4336122220993869,0.530633976348604,0.5992090219439764,0.6484934895218143,0.6872156579364609,0.7180695168889293,0.7436910466053832
67,2.8970296996841496,0.004110007471678857,0.008125666994601488,8.264785800940116,9.971955636222685e-06,1.2490218458346523,1.2490203793754666,1.2490135463028442,1.2490176290939665,1.2509842443486094,1.2490161116823721,1.2490157352034883,1.2490157785973215,1.2490150919383676,-0.00042610267876123416,0.2813144739040118,0.43360218234407577,0.5306240340849206,0.5992198949285388,0.6484835182775348,0.6872058796308541,0.7180596791746378,0.7436910466053832
68,2.8970830785814523,0.004110194989853733,0.008097457990515977,8.272001868174497,9.968344786479417e-06,1.2490015306807356,1.2489994596717875,1.2489909374953931,1.2489956119756154,1.251006731986198,1.2489933706129779,1.2489937837624783,1.248993711106222,1.2489920299299233,-0.00043495362220241445,0.281304852510732,0.43359212184020846,0.5306140957655165,0.599231126632218,0.6484735387229844,0.6871961842667865,0.7180499021635018,0.7436910466053832
69,2.897135843763712,0.004110380838758818,0.00803662498947233,8.267663926946087,9.964516155915152e-06,1.2489816901987036,1.2489788628335294,1.248968275133322,1.2489736482463254,1.251029270227452,1.248970506453706,1.2489719303018558,1.2489717083728853,1.2489687721172706,-0.0004435885631659391,0.28129531356864856,0.4335820434920265,0.5306041618720148,0.5992426681280442,0.6484635528487105,0.6871865632881332,0.7180401795729539,0.7436910466053832
70,2.897188052147258,0.00411056525010641,0.00816112500615418,8.271858499645864,9.960469931131939e-06,1.2489622715850237,1.2489585526256965,1.2489455681456314,1.2489517306903426,1.2510518504950792,1.2489475358763327,1.2489501644736811,1.248949764329601,1.2489453450089987,-0.0004520329589331069,0.281285847883911,0.4335719503815201,0.5305942319566757,0.5992544690225886,0.6484535616668157,0.6871770084793185,0.7180305056993743,0.7436910466053832
71,2.897239762231356,0.004110748376134225,0.008163042017258704,8.262884858422474,9.956206309337067e-06,1.2489432363446358,1.248938502563521,1.2489228225116435,1.2489298580541708,1.2510744663875875,1.2489244742797285,1.2489284780223036,1.2489278732088893,1.2489217713757677,-0.00046030228807278795,0.28127644868028645,0.4335618447835916,0.5305843069335231,0.5992664938655866,0.6484435671334882,0.6871675132086702,0.7180208755157613,0.7436910466053832
72,2.8972910147324793,0.004110930367267897,0.008115667034871876,8.259578925233392,9.951725498333449e-06,1.248924545969106,1.248918686287611,1.2489000442906102,1.2489080271617146,1.2510971121396581,1.2489013350128597,1.2489068633847402,1.2489060300553891,1.2488980718078138,-0.0004684135986822913,0.28126710926277626,0.43355172891876453,0.5305743871015278,0.5992787095668911,0.6484335705301773,0.6871580712417739,0.7180112844972908,0.7436910466053832
73,2.8973418521115715,0.004111111354047636,0.008526417019311339,8.257504984571128,9.947027716509489e-06,1.2489061647559179,1.248899079412849,1.2488772386266953,1.2488862350222651,1.251119783157106,1.2488781308839418,1.2488853137150107,1.248884230625551,1.248874264834723,-0.0004763829357901234,0.28125782337893157,0.4335416046176253,0.5305644725983927,0.5992910874008279,0.6484235735411826,0.6871486770616114,0.7180017286514075,0.7436910466053832
74,2.8973923156010803,0.004111291474481975,0.008094666001852602,8.255525361238064,9.942113192828446e-06,1.248888060300996,1.248879659810036,1.2488544113821824,1.2488644784711334,1.2511424725806612,1.2488548723183446,1.2488638224772661,1.2488624709145886,1.2488503673451228,-0.0004842253173339501,0.2812485855663885,0.4335314740286764,0.5305545636574562,0.5993035972612921,0.6484135767490785,0.6871393254508819,0.7179922043006555,0.7436910466053832
75,2.8974424396703236,0.004111470833526658,0.008679416961967945,8.253027401215492,9.936982166817273e-06,1.2488702037946913,1.2488604080079486,1.248831566901731,1.2488427552866999,1.2511651760346143,1.2488315692230514,1.2488423839142226,1.24884074761649,1.2488263940418007,-0.0004919535583216099,0.2812393909147267,0.43352133873800947,0.5305446605034853,0.5993162164480312,0.6484035812526007,0.6871300118804933,0.7179827082543461,0.7436910466053832
76,2.897492256772871,0.0041116495401364046,0.008230499981436878,8.251331335031542,9.931634888554937e-06,1.2488525681363678,1.2488413059644028,1.2488087102517964,1.2488210625475282,1.2511878881890026,1.2488082300273073,1.2488209935553207,1.2488190578311387,1.2488023584775787,-0.0004995808664310711,0.28123023499758715,0.43351120053457154,0.530534763237252,0.5993289214382436,0.6483935874173056,0.6871207322100673,0.7179732376331006,0.7436910466053832
77,2.897541796290273,0.00411182768493153,0.00830837496323511,8.252329784913638,9.926071618660238e-06,1.2488351281624908,1.248822336460959,1.2487858450240348,1.2487993976438543,1.2512106053615464,1.2487848623989075,1.2487996473616911,1.2487973992046641,1.2487782724654481,-0.0005071189172315098,0.28122111343675626,0.43350106064776794,0.5305248717958198,0.5993416935378185,0.6483835957852524,0.6871114827411063,0.7179637899308381,0.7436910466053832
78,2.897591087471046,0.00411200534381358,0.00830450002104044,8.247714482339337,9.9202926282791e-06,1.248817864000977,1.248803486611101,1.2487629742484911,1.2487777597331906,1.2512333232688324,1.2487614733750478,1.2487783414094247,1.2487757692150745,1.2487541466371523,-0.0005145767289345379,0.28121202312070315,0.4334909203513365,0.530514986630175,0.5993545160134939,0.648373606909939,0.6871022602172409,0.7179543628063652,0.7436910466053832
79,2.8976401513869856,0.004112182590327296,0.008380874991416931,8.249306701513481,9.914298199071363e-06,1.2488007542944595,1.2487847418307523,1.2487401015012924,1.2487561462783328,1.2512560386057068,1.248738069383057,1.24875707166134,1.2487541658644565,1.2487299906930445,-0.0005219650642993042,0.2812029604449172,0.43348078087353337,0.5305051076547447,0.5993673739050162,0.6483636215118986,0.6870930616199878,0.7179449542412913,0.7436910466053832
80,2.8976890137556475,0.00411235947500076,0.008313832979183644,8.247050530841067,9.908088623197049e-06,1.2487837819997667,1.2487660909285754,1.248717229774346,1.2487345561107044,1.2512787488812114,1.2487146559012894,1.2487358361533138,1.2487325874266975,1.2487058129819126,-0.0005292917022140479,0.2811939227004741,0.43347064330413254,0.5304952350968138,0.5993802563937157,0.6483536401973389,0.6870838845765052,0.7179355624996863,0.7436910466053832
81,2.8977376939322514,0.004112536032346398,0.008178291958756745,8.243717458495926,9.901664203302126e-06,1.2487669333392575,1.2487475244829496,1.2486943609116594,1.2487129892296054,1.2513014525137236,1.2486912385918592,1.2487146317392055,1.2487110323833739,1.2486816209503142,-0.0005365617185204837,0.28118490752917596,0.4334605083476068,0.5304853693357585,0.5993931557152852,0.6483436641748249,0.6870747269434759,0.7179261860564525,0.7436910466053832
82,2.8977862080798054,0.0041127123080055145,0.008117167046293616,8.24264135155502,9.895025252503757e-06,1.2487501940068833,1.2487290329179894,1.248671497375585,1.2486914443281063,1.2513241472391314,1.2486678221259095,1.2486934557654163,1.2486894996368805,1.2486574214939967,-0.0005437815943812664,0.28117591263557057,0.43345037691128807,0.5304755104544575,0.5994060622257575,0.6483336940034767,0.6870655866499963,0.717916823579182,0.7436910466053832
83,2.8978345725537773,0.004112888327038767,0.008193166984710842,8.237846288280984,9.888172094375035e-06,1.2487335537501991,1.2487106095469191,1.2486486411237545,1.2486699217618538,1.2513468311960934,1.2486444104929442,1.2486723069722958,1.2486679878535123,1.2486332203543926,-0.0005509554802118744,0.2811669364269353,0.43344024974485207,0.5304656589753792,0.5994189699958682,0.6483237303174489,0.6870564621770533,0.7179074738429584,0.7436910466053832
84,2.8978827984383675,0.004113064115374097,0.008240290975663811,8.23400335271203,9.881105062929221e-06,1.2487170019671638,1.2486922480564753,1.2486257938186631,1.2486484215834215,1.2513695028618688,1.2486210073927655,1.2486511837907415,1.2486464959313783,1.2486090227502682,-0.0005580885378442468,0.2811579774098588,0.4334301275059028,0.5304558152380826,0.599431873435667,0.6483137736431653,0.6870473519980804,0.7178981357504937,0.7436910466053832
85,2.897930897847669,0.004113239696588443,0.008321916975546628,8.23026705362718,9.87382450260346e-06,1.2487005295543574,1.2486739425821676,1.2486029570636163,1.248626943847935,1.2513921605190714,1.2485976162807289,1.2486300849208094,1.2486250232211593,1.2485848335295981,-0.0005651848226889901,0.28114903422635307,0.4334200108361282,0.5304459795810713,0.5994447670280091,0.6483038245366887,0.6870382548289901,0.7178888084217426,0.7436910466053832
86,2.897978880949237,0.004113415142191361,0.008199083968065679,8.23770164169342,9.866330768241984e-06,1.2486841212519308,1.2486556822916066,1.2485801338455853,1.2486054841882046,1.2514148003671894,1.248574239951906,1.2486090084230614,1.2486035697140752,1.248560657918412,-0.0005722529482502401,0.28114010432296727,0.43340990069699603,0.5304361512304253,0.5994576368085759,0.6482938824906277,0.6870291688872153,0.7178794911084484,0.7436910466053832
87,2.898026765668413,0.004113590450887989,0.008156292024068534,8.230869162077092,9.858624225078841e-06,1.2486677731406763,1.2486374647165637,1.2485573249383368,1.248584044572489,1.2514374211915773,1.2485508816278603,1.2485879527651575,1.2485821342816257,1.2485364991102617,-0.0005792929892392976,0.28113118717062585,0.4333997975020951,0.530426330990025,0.5994704816611568,0.6482839486828486,0.6870200934151103,0.7178701830392238,0.7436910466053832
88,2.898074555536365,0.004113765642615759,0.008134625037200749,8.230799473053425,9.850705248720069e-06,1.248651476705556,1.2486192845214026,1.2485345320210808,1.248562624037217,1.2514600221991736,1.2485275431223977,1.2485669174598442,1.248560716751795,1.2485123606633437,-0.0005863096354916182,0.28112228157090025,0.43338970186110415,0.5304165188674468,0.5994832979961349,0.6482740230409995,0.6870110274392182,0.7178608836718934,0.7436910466053832
89,2.8981222606593295,0.004113940710035595,0.008369208022486418,8.224317278360374,9.842574225125401e-06,1.2486352289211071,1.2486011401690487,1.248511755626682,1.2485412243155412,1.2514826031927357,1.2485042268922832,1.2485459022100942,1.2485393164238625,1.248488245211054,-0.0005933031038098413,0.28111338720659057,0.4333796140564463,0.5304067154927377,0.5994960862412664,0.648264106427352,0.6870019704757737,0.7178515924727625,0.7436910466053832
90,2.898169883917155,0.004114115655840452,0.008243874995969236,8.220966983164232,9.834231550589462e-06,1.2486190253105625,1.2485830286218642,1.2484889967069601,1.248519845877028,1.2515051636022085,1.2484809351410644,1.248524906655918,1.248517933318592,1.2484641555125677,-0.0006002747950961137,0.2811045033759981,0.43336953442984655,0.5303969211754362,0.5995088451228556,0.6482541994808108,0.6869929220048768,0.7178423091117839,0.7436910466053832
91,2.8982174305006807,0.004114290524759715,0.008211875043343753,8.224745595687525,9.825677631722436e-06,1.2486028561269318,1.248564943465474,1.2484662576656735,1.248498486019956,1.2515277004163883,1.2484576692507725,1.2485039303926897,1.2484965674470299,1.2484400946945464,-0.0006072313123073172,0.2810956287261736,0.43335946383823853,0.5303871355341389,0.5995215657988681,0.648244301655643,0.6869838810921636,0.7178330331933936,0.7436910466053832
92,2.898264911612191,0.004114465313771035,0.008174457994755358,8.220940192303262,9.816912885430259e-06,1.2485867186927722,1.2485468830086603,1.2484435391366173,1.2484771457132406,1.251550213176753,1.248434431322265,1.2484829723473274,1.2484752187297554,1.2484160646112967,-0.0006141726655904345,0.2810867629091217,0.4333494025526314,0.5303773589776681,0.5995342479848502,0.6482344137559422,0.6869748473193487,0.7178237644673641,0.7436910466053832
93,2.8983123298407802,0.004114640024778466,0.008212916960474104,8.216360369417906,9.807937738894303e-06,1.2485706103645302,1.2485288463837847,1.2484208417773843,1.2484558257846985,1.2515727009724906,1.24841122262496,1.2484620321821578,1.2484538868819397,1.2483920671713469,-0.0006211001788258658,0.2810779058415603,0.433339350911948,0.5303675919163751,0.5995468906632322,0.6482245360369264,0.6869658203393126,0.7178145026518912,0.7436910466053832
94,2.8983596872998616,0.004114814644034301,0.008200083975680172,8.210069780202602,9.798752629550547e-06,1.2485545307922006,1.2485108335679538,1.2483981659164645,1.248434528015718,1.2515951636748228,1.2483880446831188,1.2484411102394801,1.2484325718745304,1.248368103871838,-0.0006280126841537064,0.28106905760534245,0.43332930912659223,0.5303578349501726,0.5995594953847415,0.6482146691604429,0.6869568000978052,0.7178052475908342,0.7436910466053832
95,2.8984069833940005,0.004114989176891713,0.0082261249772273,8.207993541140128,9.789358005068262e-06,1.2485384766685748,1.2484928424318782,1.2483755124820144,1.2484132523311613,1.2516176004356472,1.2483648988073481,1.248420205982179,1.2484112737720023,1.2483441763786505,-0.00063491193022575,0.2810602178243121,0.43331927759994887,0.5303480882306941,0.599572060598829,0.6482048134994034,0.6869477862938552,0.7177959991596299,0.7436910466053832
96,2.8984542220404292,0.004115163611551891,0.00836766604334116,8.202242813029361,9.779754323328192e-06,1.248522447003031,1.2484748730878326,1.2483528812768252,1.2483920005869142,1.251640011201993,1.248341786251668,1.2483993196261656,1.2483899926943833,1.24832028588682,-0.0006417978495601906,0.28105138661660634,0.43330925643290297,0.5303383523132924,0.5995845878490565,0.6481949695727158,0.6869387788769761,0.7177867572909019,0.7436910466053832
97,2.8985014039309798,0.004115337995055384,0.008198041003197432,8.207774589647764,9.769942052400236e-06,1.2485064336098388,1.2484569198730033,1.2483302747023404,1.2483707693170127,1.2516623928027408,1.2483187074323545,1.2483784505325937,1.2483687293507553,1.2482964343453953,-0.0006486764833070931,0.28104256273825773,0.43329924632407496,0.530328626559687,0.5995970682462737,0.6481851365065953,0.6869297770768018,0.7177775219504484,0.7436910466053832
98,2.898548538431329,0.0041155123395395215,0.00831270799972117,8.206188106038857,9.759921670520634e-06,1.2484904334286888,1.2484389814486154,1.2483076938897728,1.2483495581010178,1.2516847437523932,1.2482956630147346,1.2483575988335283,1.2483474838695887,1.2482726230540362,-0.000655549928279982,0.2810337460697328,0.43328924776482824,0.530318911069776,0.5996094987808713,0.6481753141341566,0.6869207806553118,0.7177682930649699,0.7436910466053832
99,2.8985956278873934,0.004115686597872387,0.00828112498857081,8.199330910470557,9.749693666068666e-06,1.2484744494099158,1.2484210594987695,1.2482851383302185,1.2483283697762595,1.2517070667104613,1.248272654861283,1.2483367650341664,1.248326256015617,1.2482488522842348,-0.000662414392953167,0.2810249369808492,0.43327926058367017,0.530309206530752,0.5996218877017631,0.6481655042676393,0.686911790161992,0.7177590706642255,0.7436910466053832
100,2.8986426703008648,0.004115860816589954,0.008585416013374925,8.205344398483872,9.739258537542836e-06,1.2484584732675668,1.2484031487826976,1.248262610035018,1.2483072011655338,1.2517293585501432,1.248249683181006,1.248315948825845,1.2483050466525698,1.248225123971239,-0.0006692764553495891,0.2810161343786155,0.4332692854330066,0.5302995123177697,0.5996342262344341,0.6481557059163778,0.6869028049204817,0.7177498547894455,0.7436910466053832
101,2.898689675211545,0.004116034983406497,0.008240292023401707,8.201573570694881,9.728616793536588e-06,1.2484425054240083,1.248385249833042,1.2482401093578575,1.2482860535037203,1.2517516191431315,1.2482267486033158,1.2482951507730289,1.2482838561871197,1.2482014387041382,-0.0006761353144312786,0.281007338474927,0.43325932247238624,0.530289828865254,0.599646515974803,0.6481459194126998,0.686893825093509,0.7177406455579803,0.7436910466053832
102,2.8987366413566416,0.00411620906489696,0.008366041991394013,8.193390756364098,9.717768952713514e-06,1.2484265494935827,1.248367365590082,1.248217635917666,1.2482649297553383,1.2517738494008284,1.2482038519559775,1.2482743715133873,1.2482626844394817,1.2481777965905043,-0.0006829876815713423,0.28099855007157204,0.4332493717075248,0.5302801570067754,0.5996587622864696,0.6481361456246837,0.6868848511113036,0.7177314430215481,0.7436910466053832
103,2.8987835635228554,0.004116383083832826,0.008471625042147934,8.19537345461045,9.706715543782065e-06,1.2484106015865595,1.2483494932794006,1.2481951908912683,1.248243828647559,1.2517960471503629,1.2481809933551722,1.24825361149598,1.2482415321512108,1.2481541986079596,-0.0006898362039996829,0.2809897686339398,0.4332394335619716,0.5302704965861066,0.5996709604522428,0.6481263839682552,0.6868758827284923,0.7177222472945116,0.7436910466053832
104,2.8988304454225484,0.004116557016551908,0.008221999974921346,8.189505568584975,9.695457105469805e-06,1.2483946638759396,1.2483316345668973,1.2481727745256848,1.2482227518791353,1.2518182129415194,1.2481581738303373,1.2482328710098545,1.2482203995286347,1.2481306453076286,-0.00069667900138586,0.28098099468573856,0.43322950819469574,0.5302608481296902,0.5996831138243649,0.6481166353691027,0.68686692031181,0.717713058522799,0.7436910466053832
105,2.898877284221701,0.004116730863571824,0.008225833997130394,8.186827669589345,9.683994186497132e-06,1.2483787354062188,1.2483137894130136,1.2481503871969837,1.2482016997162542,1.251840346100303,1.2481353943548155,1.2482121494856664,1.248199287044443,1.2481071373659391,-0.0007035166849724821,0.28097222833322705,0.4332195958029604,0.5302512117930575,0.5996952214163479,0.6481069001960358,0.6868579638705686,0.7177038768586008,0.7436910466053832
106,2.898924080623559,0.004116904609402599,0.008257791982032359,8.184044264233943,9.672327345550544e-06,1.248362817159029,1.2482959579236135,1.2481280291924488,1.248180673182764,1.2518624468836776,1.2481126553583215,1.248191447924431,1.2481781950495356,1.2480836749947954,-0.0007103477740672411,0.280963469656313,0.4332096964981491,0.5302415879044061,0.5997072856318526,0.6480971788438725,0.6868490137079596,0.7176947024701644,0.7436910466053832
107,2.8989708333433164,0.004117078242584359,0.008184042002540082,8.179125295573352,9.66045715125541e-06,1.2483469095921003,1.2482781414643833,1.2481057003863654,1.2481596737783023,1.2518845151199711,1.2480899571766826,1.2481707671216289,1.2481571238318723,1.248060258434379,-0.0007171723894724099,0.28095471910395997,0.4331998103810648,0.5302319769143338,0.599719308052085,0.6480874714708589,0.6868400700408859,0.7176855354917117,0.7436910466053832
108,2.8990175412194246,0.004117251772947076,0.008290583966299891,8.180282983553399,9.648384182148252e-06,1.2483310097981177,1.2482603381139195,1.2480834019853355,1.2481387001677149,1.2519065500751407,1.2480673003015559,1.2481501070133971,1.2481360739148255,1.2480368884897286,-0.0007239928445661405,0.280945976312774,0.4331899377956415,0.5302223785782348,0.5997312865608756,0.6480777781436805,0.6868311328088491,0.7176763760965723,0.7436910466053832
109,2.8990642081742255,0.004117425219241726,0.008120791986584663,8.181975574561674,9.636109026648556e-06,1.2483151147242078,1.2482425457403015,1.2480611353665887,1.2481177510500403,1.25192854992252,1.2480446851198996,1.2481294675063894,1.2481150459926964,1.2480135659296727,-0.0007308114302332215,0.28093724090751515,0.4331800791829637,0.5302127927164821,0.5997432168903395,0.6480680986354128,0.6868222018825861,0.7176672244586991,0.7436910466053832
110,2.899110837178909,0.004117598593065286,0.008198208000976592,8.182982306891304,9.623632283030079e-06,1.2482992217723483,1.2482247630653056,1.2480389012284177,1.2480968257495877,1.2519505134859323,1.2480221115449281,1.2481088488199574,1.2480940407078347,1.2479902914596108,-0.0007376301584175027,0.28092851275479,0.4331702348755876,0.5302032192561614,0.5997550967487186,0.6480584324988868,0.6868132771237394,0.7176580807348849,0.7436910466053832
111,2.899157430510626,0.0041177718794136176,0.008404541993513703,8.179978881997682,9.610954559391704e-06,1.248283332214047,1.248206991040222,1.248016699770345,1.2480759253599474,1.2519724408251942,1.2479995801652122,1.2480882519759857,1.2480730584023392,1.2479670651861179,-0.0007444481345470716,0.280919792147319,0.4331604049609937,0.5301936585403764,0.5997669280752382,0.6480487802573422,0.6868043589452228,0.7176489451432637,0.7436910466053832
112,2.8992039866744275,0.00411794506898149,0.008128541987389326,8.174594501373512,9.598076473627798e-06,1.2482674486167975,1.2481892320308738,1.2479945308919833,1.2480550514839823,1.2519943313079183,1.247977091142444,1.2480676771873953,1.248052099125164,1.2479438871741577,-0.0007512637744925278,0.28091107980240293,0.43315058956951885,0.5301841110913694,0.5997787115192612,0.6480391419916768,0.6867954475902909,0.7176398177898221,0.7436910466053832
113,2.899250500793935,0.004118118124927676,0.008159457996953279,8.169644380726806,9.58499865339809e-06,1.248251573875488,1.2481714876874743,1.247972394455517,1.2480342062409733,1.2520161866162494,1.2479546454161747,1.2480471257296077,1.2480311636749974,1.247920757422239,-0.0007580740781315064,0.2809023760966834,0.43314078859638144,0.5301745774321532,0.599790453235845,0.6480295188220399,0.686786543706465,0.7176306990619876,0.7436910466053832
114,2.8992969701328373,0.0041182910519766995,0.008178374962881207,8.167686209009092,9.571721736097089e-06,1.2482357074412693,1.2481537580979725,1.2479502911377869,1.2480133896776222,1.2520380054927862,1.247932243261984,1.2480265974165616,1.2480102522643077,1.2478976763719707,-0.0007648799647405693,0.28089368123390057,0.43313100238345525,0.5301650577176663,0.5998021515993794,0.6480199107379571,0.6867776473184075,0.7176215890768755,0.7436910466053832
115,2.8993433944618276,0.004118463824179571,0.008182958990801126,8.160136534481602,9.558246368823013e-06,1.2482198526807922,1.248136046288002,1.2479282206537012,1.2479926041580025,1.2520597884752371,1.2479098852561374,1.2480060932851285,1.2479893652356588,1.2478746439517796,-0.0007716791843407003,0.2808849960776597,0.4331212309898086,0.530155552609102,0.5998138101442809,0.6480103183847956,0.6867687590097633,0.7176124880725496,0.7436910466053832
116,2.8993897688486987,0.004118636471291944,0.00816049997229129,8.164930224699907,9.544573208346252e-06,1.2482040045359994,1.2481183487241536,1.2479061846133448,1.2479718470580636,1.2520815336461686,1.2478875711644748,1.2479856134000258,1.2479685033824535,1.247851660893512,-0.0007784756189772719,0.28087631986221573,0.43311147483359447,0.5301460615525346,0.5998254234257961,0.6480007410235867,0.6867598784690705,0.7176033962510667,0.7436910466053832
117,2.8994360991269326,0.00411880898134214,0.008327165967784822,8.161950983689959,9.530702921077358e-06,1.2481881640662833,1.2481006662628662,1.2478841833129093,1.2479511191659285,1.2521032409615311,1.2478653014591075,1.2479651581391518,1.2479476669728913,1.2478287273320976,-0.000785268264936107,0.2808676529215307,0.4331017340944977,0.5301365848262168,0.5998369928703101,0.6479911791269491,0.6867510060355293,0.7175943138161798,0.7436910466053832
118,2.899482383609888,0.0041189813525206575,0.008063625020440668,8.16054703400044,9.516636183034565e-06,1.2481723314312838,1.2480829988367275,1.2478622174341898,1.247930420504289,1.2521249099199927,1.24784307646892,1.2479447278371116,1.2479268566909454,1.2478058437807076,-0.0007920571714731412,0.28085899536387515,0.43309200903496037,0.5301271225387546,0.5998485180042595,0.6479816328147797,0.6867421418906352,0.7175852410356623,0.7436910466053832
119,2.899528621683527,0.004119153565561473,0.007981541974004358,8.155144210815926,9.50237367981084e-06,1.2481565091169922,1.2480653485969786,1.2478402869012462,1.2479097528537917,1.2521465406313428,1.2478208966662836,1.247924323300179,1.2479060729382117,1.2477830102308956,-0.0007988405892429144,0.2808503478081899,0.43308229972275664,0.530117675200369,0.599860001390014,0.6479721025863107,0.6867332864573384,0.7175761781456392,0.7436910466053832
120,2.899574809590502,0.004119325651768111,0.008171625027898699,8.160456397177578,9.487916106540466e-06,1.2481406921714735,1.24804771182411,1.2478183931875917,1.247889113693588,1.2521681309424206,1.2477987621501496,1.2479039443410358,1.2478853165061756,1.2477602274662507,-0.0008056222964031948,0.280841709494035,0.43307260661718594,0.5301082422820317,0.59987143693591,0.6479625878560755,0.6867244394395879,0.7175671253419884,0.7436910466053832
121,2.8996209531658166,0.004119497593227497,0.008392666990403086,8.155577692354912,9.473264167865172e-06,1.2481248827956632,1.2480300909128739,1.247796536277612,1.247868504597041,1.2521896810801243,1.247776673031391,1.2478835916617559,1.247864587527457,1.2477374953970306,-0.0008124012011033549,0.28083308110562966,0.4330629298055167,0.5300988242650806,0.5998828273220044,0.647953088926671,0.6867156012353282,0.7175580828061089,0.7436910466053832
122,2.8996670489814833,0.004119669384657789,0.008089584007393569,8.154163731310424,9.458418577899773e-06,1.248109081392506,1.2480124860418824,1.2477747164992679,1.247847925797918,1.2522111907678408,1.247754629789589,1.2478632659461288,1.2478438865776094,1.2477148142817533,-0.0008191769871922024,0.28082446275256073,0.43305326941050554,0.5300894212580753,0.5998941726736894,0.647943606109088,0.686706772158035,0.7175490507952322,0.7436910466053832
123,2.8997130965012023,0.004119841011975675,0.008233500004280359,8.150900408126205,9.443380060197387e-06,1.2480932891044831,1.247994898510699,1.2477529340222129,1.247827378481796,1.2522326601909994,1.2477326325732767,1.247842967596296,1.2478232139906091,1.2476921841170052,-0.0008259490624014378,0.2808158548577304,0.4330436255625805,0.5300800336294593,0.5999054751937436,0.6479341396586579,0.6866979524702865,0.7175400295243751,0.7436910466053832
124,2.8997590938841125,0.004120012471256292,0.008357707993127406,8.149562673030607,9.428149347714144e-06,1.2480775059709888,1.2479773284770352,1.2477311893338972,1.247806862730579,1.2522540891947895,1.2477106815739267,1.2478226971637625,1.2478025703147257,1.2476696052510845,-0.0008327176525809793,0.2808072575813881,0.43303399847750274,0.5300706614656814,0.5999167350178145,0.6479246896763732,0.686689142406621,0.7175310192400123,0.7436910466053832
125,2.8998050408347487,0.004120183731172629,0.008303083013743162,8.141671904902699,9.412727182773487e-06,1.2480617360789157,1.2479597794079385,1.2477094822048567,1.2477863813701116,1.25227547830298,1.2476887775775545,1.2478024554596774,1.2477819558783845,1.247647077586875,-0.000839479989850217,0.2807986718482629,0.43302438817478356,0.5300613055566984,0.599927956608159,0.6479152570662012,0.6866803425623316,0.7175220201924517,0.7436910466053832
126,2.8998509316965446,0.004120354814256304,0.00812412501545623,8.14496058332874,9.397114317029975e-06,1.2480459765741656,1.2479422487858711,1.2476878136127203,1.247765932576847,1.2522968258589202,1.2476669205709092,1.2477822425605138,1.2477613714364946,1.2476246016574986,-0.000846237941943683,0.28079009713428454,0.433014794944013,0.5300519655200567,0.5999391353402079,0.6479058413498225,0.6866715528031283,0.7175130326155221,0.7436910466053832
127,2.8998967694205877,0.0041205257119922385,0.008245249977335334,8.141909249448734,9.381311511432659e-06,1.2480302275882744,1.24792473773879,1.2476661837306258,1.2477455173909446,1.2523181316414498,1.2476451108061464,1.2477620591971499,1.2477408174586666,1.2476021776540913,-0.0008529927602030263,0.2807815337902987,0.4330052188881248,0.5300426416758335,0.5999502723734176,0.647896442660013,0.6866627733479347,0.7175040567124364,0.7436910466053832
128,2.8999425540275356,0.004120696416270943,0.008385625027585775,8.138953622952618,9.365319536187992e-06,1.2480144912552225,1.2479072473247745,1.2476445925994786,1.2477251364085575,1.2523393954710804,1.247623348853837,1.2477419054032401,1.2477202941296324,1.2475798056343697,-0.000859742127937301,0.2807729821843919,0.43299566012758356,0.5300333342232671,0.599961367978041,0.6478870614779886,0.6866540045226079,0.7174950926661909,0.7436910466053832
129,2.8999882819840934,0.004120866920883616,0.008312208054121584,8.137052903481068,9.34913917072228e-06,1.2479987676423525,1.2478897778712608,1.2476230409004871,1.2477047900253746,1.252360617051547,1.2476016347773746,1.2477217821160265,1.2476998021574646,1.247557485790125,-0.0008664860872405439,0.2807644424819104,0.4329861188724185,0.5300240433554921,0.5999724227257758,0.6478776978159754,0.6866452465768422,0.7174861407711699,0.7436910466053832
130,2.900033952505815,0.004121037204648133,0.008826415985822678,8.13247400995475,9.332771203643714e-06,1.2479830590698298,1.247872331035236,1.2476015287589959,1.2476844797000906,1.2523817967361832,1.247579969234924,1.2477016891038333,1.2476793419670442,1.2475352182305839,-0.000873222803421497,0.280755915222191,0.432976595270171,0.5300147695219345,0.5999834396570268,0.6478683525272186,0.6866364999260408,0.7174772012990184,0.7436910466053832
131,2.9000795626789273,0.0041212072784136055,0.008211167005356401,8.132843452713717,9.316216432703918e-06,1.2479673644956049,1.2478549059643425,1.2475800567679312,1.2476642047382163,1.2524029335433946,1.2475583523454823,1.2476816271995117,1.2476589141735166,1.2475130034210316,-0.0008799537894596438,0.280747400249715,0.4329670895109128,0.5300055126145075,0.5999944160409343,0.6478590252895893,0.6866277646624274,0.7174682744711297,0.7436910466053832
132,2.900125113620894,0.004121377159143717,0.008291500038467348,8.134886900949951,9.29947566475907e-06,1.2479516813905296,1.2478375008972102,1.2475586262739018,1.2476439637720453,1.252424025854193,1.247536784030706,1.247661596693479,1.2476385192778863,1.2474908418727506,-0.0008866803154138905,0.2807388973381739,0.43295760206744055,0.5299962724041978,0.6000053481365041,0.6478497156537812,0.6866190406808261,0.7174593604653153,0.7436910466053832
133,2.9001706067403457,0.004121546803552394,0.008108415990136564,8.12559651475312,9.28254971573058e-06,1.2479360155621517,1.247820120473146,1.2475372364028854,1.2476237601669073,1.2524450752463023,1.247515264915783,1.24764159878767,1.2476181575193883,1.2474687333099166,-0.0008933986239499687,0.28073040764601415,0.4329481327817789,0.5299870497857445,0.6000162427804401,0.6478404247273094,0.6866103288462867,0.7174504595662652,0.7436910466053832
134,2.9002160350174533,0.00412171622627376,0.008170209010131657,8.127027214380567,9.265439410565327e-06,1.2479203648233759,1.2478027632169366,1.2475158880744672,1.247603592859742,1.2524660803960717,1.2474937951037655,1.247621633315191,1.2475978293153829,1.2474466780717668,-0.0009001103410708281,0.2807219309337004,0.43293868196156393,0.5299778445732086,0.6000270968324504,0.6478311522594984,0.6866016290587099,0.7174415719291294,0.7436910466053832
135,2.900261400471889,0.0041218854155314335,0.008048166986554861,8.122942370298922,9.248145583195449e-06,1.247904730670063,1.2477854307461955,1.2474945813965557,1.2475834631165592,1.2524870411038853,1.2474723746962229,1.247601701186168,1.2475775351207694,1.247424676251185,-0.0009068149964480581,0.28071346768736183,0.4329292497211905,0.5299686571554657,0.6000379117379232,0.647821898387176,0.6865929416547054,0.7174326977868924,0.7436910466053832
136,2.9003067006274206,0.004122054375057559,0.008335583028383553,8.123598189130322,9.230669076497688e-06,1.2478891123981013,1.2477681220186023,1.2474733169738852,1.2475633704467965,1.2525079568348743,1.2474510041819495,1.2475818026299077,1.247557275487726,1.2474027280484954,-0.0009135127141741819,0.28070501770233225,0.4329198362236526,0.5299594874613315,0.600048686090002,0.647812663256101,0.6865842667503456,0.7174238373590006,0.7436910466053832
137,2.9003519362755994,0.00412222311629695,0.00822858395986259,8.126609614494539,9.213010742252328e-06,1.2478735068669218,1.247750834975848,1.2474520956961543,1.2475433133137146,1.252528826975467,1.2474296834474072,1.2475619381313594,1.2475370511791855,1.2473808342697308,-0.0009202060439655848,0.28069658063302905,0.4329104418059213,0.5299503351538405,0.6000594178441564,0.6478034465598537,0.6865756043119376,0.7174149908992681,0.7436910466053832
138,2.9003971114989806,0.0041223916004883635,0.008210374973714352,8.115360882101372,9.195171441101669e-06,1.2478579217074053,1.247733575224101,1.247430916743784,1.2475232959253582,1.2525496519971726,1.2474084131596614,1.2475421087349514,1.247516862492401,1.2473589944158325,-0.0009268896437995073,0.2806881578580445,0.43290106631503517,0.5299412013930019,0.6000701120782493,0.647794249156454,0.6865669551309965,0.7174061586741425,0.7436910466053832
139,2.9004422151494698,0.004122559833009691,0.008243417018093169,8.115513468548968,9.177152042508079e-06,1.247842354968145,1.2477163420221136,1.2474097808400664,1.2475033176989303,1.2525704313651613,1.2473871933865759,1.2475223148387538,1.2474967099018432,1.2473372087616048,-0.000933565591579796,0.2806797492864045,0.43289170997953075,0.5299320860884897,0.6000807676195223,0.6477850709220904,0.6865583192544544,0.717397340868884,0.7436910466053832
140,2.900487249665457,0.004122727812437764,0.00825995800551027,8.114059327471645,9.158953424711625e-06,1.2478268066420848,1.247699135387866,1.2473886888137484,1.24748337859586,1.2525911644944776,1.2473660244430147,1.2475025558325228,1.2474765940260792,1.2473154777924447,-0.0009402336881947926,0.2806713550802042,0.43288237312195105,0.5299229893433721,0.6000913841324783,0.6477759120491738,0.6865496966958203,0.7173885376984965,0.7436910466053832
141,2.900532214170204,0.004122895546225383,0.008263582945801318,8.115298537637699,9.140576474687263e-06,1.247811275210185,1.2476819540436381,1.2473676415598325,1.2474634777638465,1.2526118505877353,1.2473449064983448,1.2474828323269975,1.2474565152552262,1.2472938018197253,-0.000946895442497332,0.2806629750335765,0.4328730560307482,0.5299139110243584,0.6001019597217726,0.6477667724526182,0.686541087590176,0.7173797493974888,0.7436910466053832
142,2.900577110668452,0.0041230630353038715,0.008336416038218886,8.114207679505558,9.122022088101615e-06,1.2477957608007724,1.2476647981715558,1.247346639198344,1.2474436154168558,1.2526324888226275,1.2473238397042001,1.24746314524423,1.2474364740175081,1.2472721811786105,-0.0009535505720877095,0.2806546092918005,0.43286375883714234,0.5299048512350459,0.6001124933409017,0.6477576520986634,0.6865324921707776,0.7173709761593181,0.7436910466053832
143,2.9006219381043654,0.0041232302435401744,0.008225750003475696,8.106166339252516,9.1032911692693e-06,1.2477802679247214,1.2476476717674512,1.247325681192498,1.2474237944763167,1.2526530806671914,1.2473028245462137,1.247443495799503,1.247416470491784,1.247250615488798,-0.0009601962621525346,0.28064625884348915,0.4328544814335126,0.5298958107378464,0.6001229907147012,0.6477485517881029,0.6865239111168376,0.717362218205833,0.7436910466053832
144,2.900666690680899,0.004123397187097012,0.008349000010639429,8.108576364854887,9.084384631108884e-06,1.2477647939738097,1.2476305727845494,1.2473047685754617,1.2474040133902127,1.2526736248351311,1.2472818612896055,1.2474238834042444,1.247396505300141,1.2472291053510614,-0.0009668344074987253,0.2806379233245578,0.4328452241666099,0.5298867892345337,0.600133448475153,0.6477394714035858,0.6865153442930209,0.7173534757534125,0.7436910466053832
145,2.9007113714443227,0.00412356385419697,0.008280957990791649,8.103407611481542,9.06530339509836e-06,1.2477493415911967,1.2476135035222908,1.2472839014009842,1.247384273860297,1.2526941207947004,1.2472609499300382,1.247404308890346,1.2473765785605686,1.247207650624771,-0.0009734634283922017,0.2806296034081857,0.43283598717726046,0.5298777872641063,0.6001438677360653,0.6477304110047366,0.6865067920525589,0.7173447489435683,0.7436910466053832
146,2.900755975538707,0.004123730234853664,0.008457084011752158,8.101735776257739,9.046048391230248e-06,1.2477339119288615,1.2475964642994362,1.2472630795285449,1.247364576437421,1.2527145689260586,1.2472400907800751,1.247384773422759,1.2473566909021554,1.2471862515726435,-0.0009800821073246656,0.280621299158007,0.43282677041302703,0.5298688049518753,0.6001542496577594,0.6477213708528446,0.6864982547747625,0.7173360380490371,0.7436910466053832
147,2.900800501717029,0.004123896320112404,0.008581125002820045,8.096948157537197,9.02662055796628e-06,1.2477185062816243,1.2475794566390332,1.2472423039335119,1.2473449220501307,1.2527349684456657,1.247219284432007,1.2473652767229306,1.2473368426525262,1.247164908469124,-0.000986690121138131,0.28061301115204657,0.432817574287751,0.5298598427207871,0.6001645946135141,0.647712351421308,0.6864897327085647,0.717327343284068,0.7436910466053832
148,2.90084494725427,0.004124062104728004,0.008401166996918619,8.09592046035505,9.007020842191636e-06,1.2477031248448598,1.247562480386603,1.247221574887561,1.247325310720381,1.2527553195376175,1.2471985312464013,1.2473458191105746,1.2473170344298428,1.2471436216138658,-0.0009932872152930163,0.280604739382627,0.43280839886954564,0.5298509005815264,0.6001749031227442,0.6477033529825122,0.6864812260466358,0.7173186648897525,0.7436910466053832
149,2.9008893122114197,0.004124227584404607,0.008386333007365465,8.09500966146992,8.98725019916881e-06,1.2476877673200721,1.2475455354575202,1.2472008927203262,1.2473057424755833,1.2527756222282775,1.2471778314252753,1.2473264011270158,1.2472972663610615,1.2471223910977867,-0.0009998736983963664,0.2805964839067132,0.43279924430328887,0.5298419785771934,0.6001851756401287,0.6476943757341548,0.6864727350266991,0.7173100030254848,0.7436910466053832
150,2.9009335971413335,0.004124392766170477,0.008388833026401699,8.09501362571532,8.967309592491052e-06,1.2476724328981386,1.2475286211111893,1.247180258120802,1.2472862168593057,1.2527958754800401,1.2471571851250263,1.2473070234624395,1.2472775392101787,1.2471012174009755,-0.0010064503682751659,0.28058824462641047,0.43279011080943064,0.5298330766775146,0.6001954100953805,0.6476854195024946,0.6864642597524397,0.7173013579488737,0.7436910466053832
151,2.900977802486614,0.004124557644081659,0.008419666963163763,8.091617463768753,8.947199994035402e-06,1.247657122519526,1.247511738699001,1.2471596710756605,1.2472667347818782,1.2528160790235274,1.2471365927258595,1.2472876862956477,1.2472578533176895,1.2470801006072971,-0.0010130168353359133,0.2805800219545214,0.4327809984739343,0.5298241951557399,0.6002056067965299,0.6476764844331999,0.6864558003927299,0.7172927298252099,0.7436910466053832
152,2.901021926242489,0.004124722209888698,0.008297917025629431,8.089610517268671,8.926922383915316e-06,1.247641837303299,1.2474948885949695,1.247139132039593,1.247247296743067,1.2528362327058435,1.2471160544066553,1.2472683902732802,1.2472382093317114,1.2470590410045164,-0.0010195721641061322,0.28057181603503284,0.4327719074368703,0.5298153342186634,0.6002157665343848,0.6476675707509224,0.6864473572301893,0.7172841189246848,0.7436910466053832
153,2.901065966676594,0.004124886457300597,0.008389208000153303,8.086814424235312,8.906477750432904e-06,1.247626577833762,1.2474780716582923,1.2471186413237179,1.2472279033260314,1.252856336204641,1.2470955703483215,1.2472491360498341,1.2472186075006682,1.247038038795787,-0.0010261161083726874,0.28056362720127315,0.43276283789216574,0.5298064940881448,0.6002258897020297,0.64765867863042,0.6864389305477597,0.717275525422537,0.7436910466053832
154,2.90110992236367,0.004125050420697692,0.008271125028841197,8.090904524806112,8.885867090030761e-06,1.2476113398420752,1.247461285190999,1.2470981999843171,1.247208552235853,1.252876387170987,1.2470751402405773,1.2472299236948323,1.2471990485079179,1.2470170947221382,-0.0010326521679388744,0.28055545497820056,0.4327537902515083,0.529797674276754,0.6002359696719304,0.6476498070504673,0.6864305199457492,0.7172669494507347,0.7436910466053832
155,2.901153797192333,0.004125214052344442,0.008191582979634404,8.08171345338577,8.865091407243393e-06,1.2475961296607334,1.2474445336002082,1.2470778074923732,1.2471892470371042,1.2528963875440284,1.2470547652384834,1.2472107534835886,1.2471795324231427,1.2469962083413353,-0.0010391758430315827,0.2805473004069508,0.43274476436361914,0.529788875722721,0.6002460139146941,0.6476409575840016,0.6864221262746183,0.7172583912671269,0.7436910466053832
156,2.9011975839830915,0.004125377340055933,0.008273500017821789,8.078084989210927,8.844151714648274e-06,1.2475809480375641,1.2474278181767555,1.247057463783813,1.2471699888968701,1.2529163375652428,1.2470344454278726,1.247191625657701,1.2471600595101562,1.2469753796553344,-0.0010456871332941665,0.28053916388868977,0.43273576031183936,0.5297800987647047,0.6002560244201944,0.6476321304541695,0.6864137497681774,0.7172498510369734,0.7436910466053832
157,2.901241281667388,0.004125540318250039,0.008138415985740721,8.084129917105052,8.823049032816478e-06,1.2475657901048003,1.2474111349781076,1.2470371702333907,1.247150774694119,1.2529362351664868,1.2470141807215813,1.2471725405980811,1.2471406304913137,1.2469546096077129,-0.0010521894616421675,0.2805310445957767,0.43272677849847085,0.5297713426807625,0.6002659945788651,0.647623324929449,0.6864053901317356,0.7172413289452207,0.7436910466053832
158,2.901284895889529,0.004125702948238038,0.0083119579940103,8.074714406869838,8.801784390262945e-06,1.2475506613225777,1.2473944885252455,1.247016926541631,1.2471316078264594,1.2529560814815468,1.2469939716429497,1.2471534993906095,1.2471212454916443,1.246933897838376,-0.0010586792799281608,0.28052294364577657,0.43271781888294614,0.5297626084143454,0.600275930263261,0.6476145418680272,0.6863970480789394,0.7172328251946641,0.7436910466053832
159,2.9013284191001656,0.004125865268368616,0.008325999951921403,8.080980042975565,8.780358823396352e-06,1.247535557038086,1.2473778745865718,1.246996734032367,1.2471124855857154,1.2529758737206684,1.2469738182395014,1.2471345015409259,1.247101905332757,1.2469132454553902,-0.0010651594743629246,0.2805148601425068,0.43270888187522705,0.529753895365852,0.6002858238796113,0.6476057805430635,0.6863887231819279,0.7172243399760114,0.7436910466053832
160,2.9013718561547646,0.0041260272673762565,0.008287834003567696,8.079913454879136,8.758773376468606e-06,1.2475204771048864,1.2473612935652851,1.2469765927644643,1.2470934080516243,1.252995612779388,1.246953720835044,1.2471155477152078,1.24708261033232,1.24689265254613,-0.0010716306892681136,0.28050679429104336,0.43269996759203627,0.5297452035714244,0.6002956773388501,0.6475970413623837,0.6863804157665994,0.7172158734886546,0.7436910466053832
161,2.9014152082126348,0.004126188921049867,0.008197499962989241,8.073519022956724,8.737029101523931e-06,1.2475054258532898,1.2473447486133777,1.246956502606706,1.2470743775228548,1.2530152991297137,1.2469336797491741,1.2470966383458906,1.247063360659327,1.246872118765285,-0.0010780894727807138,0.2804987468580643,0.4326910760038691,0.529736533679304,0.600305494010809,0.647588324824961,0.6863721262827608,0.7172074259212162,0.7436910466053832
162,2.9014584685778946,0.004126350216827219,0.0081685830373317,8.070242565713196,8.715127058347615e-06,1.247490404275266,1.2473282409290976,1.246936463667087,1.2470553950348502,1.2530349330623765,1.2469136952064326,1.2470777742240284,1.2470441567183037,1.2468516441177737,-0.0010845357628103704,0.28049071816628035,0.4326822071591087,0.5297278859860106,0.6003152757206311,0.647579631194804,0.6863638550478987,0.7171989974807906,0.7436910466053832
163,2.9015016361369064,0.004126511203261116,0.008153041999321431,8.07815192213633,8.693068314414345e-06,1.2474754055107842,1.2473117652940258,1.2469164778208377,1.2470364565309737,1.2530545115472085,1.2468937675246645,1.2470589546185664,1.2470249996251803,1.2468312305854672,-0.0010909744913762216,0.2804827072768607,0.43267336177347004,0.5297192595790544,0.6003250128249042,0.6475709596997434,0.686355601476959,0.7171905883805434,0.7436910466053832
164,2.901544718513538,0.004126671813496272,0.008258416957687587,8.064599617954899,8.670853944836177e-06,1.247460438931942,1.2472953291322335,1.2468965436209056,1.2470175675493618,1.2530740374716651,1.2468738969570354,1.2470401812496075,1.2470058887392972,1.2468108764608672,-0.0010973990317871044,0.2804747158558,0.432664539421458,0.5297106558953242,0.6003347167298045,0.6475623116595867,0.6863473667503998,0.7171821987426166,0.7436910466053832
165,2.90158770377826,0.004126832061587942,0.008297207998111844,8.064934894295847,8.648485032310147e-06,1.2474455035902843,1.247278931306347,1.2468766618716658,1.2469987274344334,1.2530935091941469,1.2468540837032627,1.2470214541609486,1.246986824935259,1.2467905822758072,-0.0011038100900672338,0.280466743698375,0.4326557403391828,0.5297020748605441,0.600344383959927,0.6475536867758033,0.6863391507834962,0.7171738288159055,0.7436910466053832
166,2.901630592083402,0.004126991931717134,0.008217666007112712,8.060697405602319,8.625962667065488e-06,1.2474306016610732,1.2472625733461435,1.2468568326750922,1.2469799373064743,1.253112927037497,1.2468343282557228,1.2470027736004448,1.2469678083050526,1.2467703481155812,-0.001110206009698167,0.28045879126744067,0.4326469646487295,0.5296935168240853,0.600354016555812,0.6475450856210628,0.6863309539475907,0.7171654787582501,0.7436910466053832
167,2.90167338043947,0.004127151426029668,0.008291625010315329,8.059589665936787,8.603287946810515e-06,1.2474157324236521,1.247246255034733,1.2468370565509121,1.2469611970416292,1.2531322903865723,1.2468146307598762,1.246984140130369,1.24694883921161,1.2467501742668654,-0.0011165877039169005,0.2804508586077615,0.4326382125535578,0.5296849818211343,0.6003636135464777,0.647536508180793,0.686322776402583,0.7171571487505127,0.7436910466053832
168,2.9017160694277235,0.0041273105355540225,0.008245124947279692,8.054911130818502,8.5804619766791e-06,1.2474008971937893,1.2472299781522358,1.2468173335848545,1.2469425077122722,1.25315159912107,1.2467949914202658,1.246965554062068,1.2469299179567896,1.2467300607916596,-0.0011229549586771728,0.2804429462464971,0.4326294841753812,0.529676470188032,0.600373175856211,0.6475279546224093,0.6863146183704917,0.7171488389405446,0.7436910466053832
169,2.9017586566943985,0.004127469271060756,0.008378333004657179,8.058406862295946,8.557485869176826e-06,1.247386093080462,1.247213740175695,1.246797664529694,1.2469238678881969,1.2531708528223646,1.2467754103998558,1.2469470150660893,1.2469110449316023,1.24671000816028,-0.0011293097633481473,0.280435053621683,0.43262077971237417,0.529667981587309,0.6003827018027437,0.6475194248742113,0.6863064797171985,0.717140549479148,0.7436910466053832
170,2.9018011466899747,0.004127627635691214,0.008449124987237155,8.057370000118567,8.534360744126755e-06,1.2473713202089989,1.2471975410519158,1.2467780496701772,1.2469052776981489,1.253190050597622,1.2467558877505514,1.2469285243097747,1.246892220679933,1.2466900168029715,-0.0011356519862114728,0.2804271807883849,0.4326120992941063,0.5296595161095783,0.6003921899198094,0.6475109187389249,0.6862983606196194,0.717132280556953,0.7436910466053832
171,2.9018435382898238,0.004127785615775536,0.008324708964210004,8.053254811293238,8.511087728614863e-06,1.2473565804694482,1.2471813823406603,1.2467584893409276,1.2468867381520552,1.2532091925803457,1.2467364240502303,1.2469100816902052,1.2468734454000248,1.2466700867871232,-0.0011419802254124074,0.2804193282137652,0.43260344307533166,0.5296510740881958,0.6004016417314113,0.6475024368063017,0.6862902614033006,0.717124032351387,0.7436910466053832
172,2.9018858285981577,0.00412794320016754,0.008343791007064283,8.049903811194506,8.487667956935089e-06,1.2473418754929826,1.2471652651695422,1.246738983442321,1.2468682502829695,1.2532282788955456,1.2467170196291717,1.2468916874724676,1.2468547196455873,1.2466502181906318,-0.001148292986215631,0.28041149619033506,0.43259481106592235,0.5296426558234125,0.6004110586059318,0.6474939793520204,0.6862821822977686,0.7171158050872738,0.7436910466053832
173,2.901928015016041,0.004128100378633948,0.008200792013667524,8.045556436726601,8.464102570534063e-06,1.247327206260184,1.2471491911208208,1.2467195320557574,1.2468498151996454,1.2532473096223715,1.2466976747155547,1.2468733426904495,1.2468360436084551,1.2466304109944604,-0.0011545907173886557,0.28040368517197595,0.43258620334803694,0.5296342616324186,0.6004204417499618,0.6474855465470489,0.6862741236337937,0.7171075989046581,0.7436910466053832
174,2.9019700962506834,0.004128257139485811,0.008228750026319176,8.041099430358635,8.440392717955476e-06,1.2473125741354676,1.247133161565018,1.2467001352992328,1.246831434019526,1.2532662847326657,1.2466783896030493,1.246855047668186,1.2468174176944324,1.2466106653240365,-0.001160872771762669,0.2803958955809257,0.4325776200458762,0.5296258918691789,0.6004297925758288,0.6474771387173072,0.6862660856985155,0.7170994140015718,0.7436910466053832
175,2.9020120701670304,0.004128413509080718,0.008320000022649765,8.045862093592135,8.41653955478409e-06,1.247297975592984,1.2471171732693704,1.2466807942394065,1.2468131043627586,1.2532852026432106,1.2466591642137457,1.2468368020468312,1.246798842375352,1.2465909819522745,-0.0011671410552991418,0.280388126712427,0.4325690614468424,0.5296175459845217,0.6004391061284683,0.6474687553481253,0.686258068201654,0.7170912505182797,0.7436910466053832
176,2.902053940617236,0.004128569470036834,0.008308792021125555,8.040991737702685,8.392544243589428e-06,1.247283413076212,1.247101228144276,1.2466615088257187,1.2467948277717968,1.253304063723835,1.2466399988449652,1.246818606955195,1.246780317963652,1.2465713609183016,-0.0011733938388132842,0.2803803790683523,0.4325605275795294,0.5296092244090905,0.6004483846940897,0.6474603967749712,0.6862500715659123,0.7170831086375983,0.7436910466053832
177,2.902095703937011,0.004128725039925602,0.008470917004160583,8.042558180102324,8.368407953869105e-06,1.2472688841441328,1.2470853247548588,1.2466422800648418,1.2467766027923028,1.2533228665949092,1.2466208933579834,1.246800462341177,1.2467618446481636,1.2465518026998887,-0.0011796335521503192,0.2803726524748344,0.4325520188401895,0.5296009269036386,0.6004576247931527,0.6474520625693878,0.6862420956488359,0.7170749884446215,0.7436910466053832
178,2.9021373625755644,0.004128880201114381,0.008300291025079787,8.039578077301165,8.34413186199183e-06,1.2472543906536586,1.2470694641572306,1.2466231077931313,1.2467584304625272,1.2533416120824479,1.2466018483916481,1.2467823685369066,1.2467434226689416,1.2465323071786292,-0.001185858386537397,0.28036494718946214,0.43254353518891925,0.5295926537179309,0.6004668290356555,0.6474437534305861,0.6862341408194649,0.71706689012255,0.7436910466053832
179,2.9021789146127333,0.004129034959824312,0.008323667047079653,8.036902385608183,8.319717151140072e-06,1.2472399329814907,1.247053646863798,1.2466039928236725,1.2467403110368458,1.253360298606289,1.246582863859239,1.2467643257097767,1.246725052712238,1.246512874885914,-0.0011920687720493356,0.2803572634997418,0.43253507697667726,0.5295844050926916,0.6004759952649572,0.6474354690159226,0.6862262071053189,0.7170588138785221,0.7436910466053832
180,2.902220357831511,0.0041291893015114435,0.00827283295802772,8.03740114965475,8.295165011252398e-06,1.2472255108958927,1.247037872263619,1.24658493488899,1.2467222446644928,1.2533789276374736,1.2465639403343214,1.246746334491235,1.2467067350996084,1.2464935058307685,-0.001198264117622606,0.28034960116196705,0.4325266440212685,0.529576180951988,0.6004851262837475,0.6474272099900321,0.6862182948368898,0.7170507599175711,0.7436910466053832
181,2.902261694269273,0.0041293432363342,0.008137958007864654,8.03655569572646,8.270476638965463e-06,1.2472111239499617,1.247022140093484,1.2465659348159295,1.2467042308705574,1.2533974976667024,1.2465450779162366,1.2467283953365942,1.246688470154785,1.2464742004580345,-0.001204444994615539,0.2803419602882928,0.4325182366878823,0.5295679813190035,0.6004942191814804,0.6474189761088979,0.6862104040694333,0.7170427283872901,0.7436910466053832
182,2.9023029230569266,0.004129496743474351,0.008427291992120445,8.0300083978339,8.245653237555705e-06,1.2471967751733575,1.2470064533146068,1.2465469923590349,1.2466862718466734,1.253416009196913,1.246526276795112,1.2467105086468075,1.246670258152231,1.2464549586487916,-0.0012106099806198374,0.28033434161483395,0.4325098549491828,0.5295598067932542,0.6005032771021032,0.6474107677184091,0.6862025351459544,0.7170347194309477,0.7436910466053832
183,2.9023440398090274,0.004129649802413715,0.008258584013674408,8.022989658355177,8.220696016880687e-06,1.2471824669429843,1.2469908146587991,1.2465281070797651,1.2466683696995757,1.2534344627360197,1.2465075377323551,1.2466926746418407,1.2466520992589463,1.2464357802035395,-0.001216758498262596,0.28032674586288336,0.4325014987971576,0.5295516579479442,0.6005123028563538,0.6474025855291095,0.6861946884943428,0.717026733198507,0.7436910466053832
184,2.902385041862388,0.004129802436149982,0.008291249978356063,8.028471711272296,8.195606193320137e-06,1.2471681958015794,1.2469752205689777,1.2465092802355635,1.2466505218945592,1.2534528570925076,1.246488860331771,1.2466748934709913,1.2466339938837487,1.2464166658808402,-0.0012228919059944945,0.28031917224304725,0.43249316853790615,0.5295435341896624,0.6005212924527233,0.6473944289342679,0.6861868638486966,0.7170187698168504,0.7436910466053832
185,2.902425932913366,0.004129954648660845,0.008474832982756197,8.030177107088502,8.170384989716657e-06,1.2471539609301638,1.2469596695613654,1.2464905122897956,1.2466327276105527,1.2534711919929318,1.2464702448646647,1.2466571656822618,1.2466159425822283,1.2463976160893602,-0.0012290102208698597,0.2803116204566734,0.4324848643222963,0.529535435334515,0.6005302446812024,0.6473862979911755,0.686179061343023,0.7170108295070525,0.7436910466053832
186,2.9024667141774723,0.004130106423729392,0.008200125012081116,8.023421474019996,8.14503363531613e-06,1.2471397647860152,1.2469441645314188,1.24647180342737,1.2466149888445524,1.2534894672848347,1.246451691676869,1.2466394914012655,1.2465979456772547,1.2463786308507865,-0.0012351128580092687,0.2803040912816539,0.43247658627197744,0.5295273619992369,0.6005391615483883,0.6473781930600272,0.6861712812577395,0.7170029124212293,0.7436910466053832
187,2.9025073816857616,0.004130257783002058,0.00829908304149285,8.029201163333331,8.119553365707802e-06,1.2471256036408085,1.2469287018754485,1.2464531545341913,1.2465973030666702,1.2535076819191278,1.246433201033623,1.246621870557753,1.2465800035525372,1.24635971100726,-0.001241201338743285,0.28029658399679985,0.43246833471291474,0.5295193135615469,0.6005480388733616,0.647370113979957,0.6861635234273029,0.7169950186994775,0.7436910466053832
188,2.9025479401067322,0.004130408713506964,0.008338332991115749,8.02408697726488,8.09394542276407e-06,1.2471114805943753,1.2469132841207156,1.2464345654813453,1.2465796719119804,1.2535258358762342,1.2464147728365491,1.2466043037365593,1.2465621163699563,1.2463408563050729,-0.0012472737893896267,0.2802890992328433,0.43246010965538023,0.5295112905216242,0.6005568783119526,0.6473620607288895,0.686155788109569,0.7169871484479279,0.7436910466053832
189,2.9025883842277334,0.004130559206044327,0.008228582970332354,8.020597061933259,8.068211054579944e-06,1.2470973964622243,1.2468979125804107,1.2464160362146053,1.2465620964679107,1.2535439290813928,1.246396407389528,1.246586791485978,1.2465442844282815,1.2463220667701245,-0.0012533302400697093,0.2802816373217753,0.4324519111015288,0.5295032931849933,0.6005656809030061,0.6473540335846834,0.6861480755945795,0.7169793018359315,0.7436910466053832
190,2.902628712911172,0.004130709253877858,0.008287582953926176,8.021432982778254,8.042351515412222e-06,1.247083351055781,1.246882586229129,1.2463975670054526,1.246544576473497,1.2535619621377978,1.2463781053319163,1.246569333839555,1.2465265082074444,1.2463033426859274,-0.0012593699860041412,0.280274198021903,0.43244373909283385,0.5294953214535295,0.60057444759353,0.6473460330760198,0.6861403860588375,0.7169714790779239,0.7436910466053832
191,2.90266892728862,0.004130858866075694,0.0085657499730587,8.018405232279461,8.016368065618363e-06,1.2470693443634353,1.2468673060358262,1.246379158624481,1.2465271120927401,1.2535799333612374,1.2463598667026452,1.2465519307432735,1.2465087878679406,1.2462846844294821,-0.001265394315355979,0.2802667817439565,0.4324355939843546,0.5294873755316966,0.600583175671767,0.6473380589327095,0.6861327194900748,0.7169636802369797,0.7436910466053832
192,2.902709025716399,0.00413100802767531,0.008328917028848082,8.013698259682078,7.99026197159505e-06,1.2470553786639156,1.2468520738264561,1.2463608109654976,1.2465097047541052,1.2535978429533674,1.2463416916615533,1.246534582935665,1.246491123808475,1.2462660919137667,-0.0012714017261598197,0.28025938895249763,0.4324274757867661,0.5294794558449076,0.6005918671606753,0.647330111397028,0.686125076233906,0.7169559055054692,0.7436910466053832
193,2.902749004739443,0.0041311567223432,0.00834316702093929,8.009175263528105,7.964034505716476e-06,1.2470414556968434,1.2468368912490173,1.2463425238611932,1.246492355769544,1.253615691559861,1.2463235806672626,1.2465172908829596,1.2464735160687141,1.2462475650922833,-0.0012773912564429234,0.28025202006173155,0.4324193844816708,0.5294715627241687,0.6006005244540337,0.64732219098788,0.6861174566462899,0.7169481550006849,0.7436910466053832
194,2.9027888623553926,0.0041313049565562514,0.00837250001495704,8.009344164095216,7.93768694627233e-06,1.2470275746034862,1.2468217574739842,1.2463242976618296,1.2464750646235574,1.2536334784823364,1.2463055337624016,1.2465000546111211,1.246455964838488,1.2462291042706493,-0.0012833633229126277,0.28024467496796523,0.43241132025040685,0.5294636961036324,0.6006091460631054,0.647314297576979,0.686109860737385,0.7169404288272414,0.7436910466053832
195,2.90282859920514,0.004131452728890149,0.00832562503637746,8.006481192870062,7.911220577405485e-06,1.247013735867715,1.2468066732143357,1.2463061328722715,1.2464578319031998,1.2536512031088856,1.2462875507354307,1.2464828744143848,1.2464384707051646,1.246210709632574,-0.0012893180498706716,0.28023735390644117,0.4324032832598824,0.5294558562125764,0.6006177318488959,0.6473064309329479,0.6861022885238347,0.7169327271443249,0.7436910466053832
196,2.902868213539197,0.004131600023215543,0.008206124999560416,8.004809591169941,7.884636689049425e-06,1.2469999405605852,1.2467916386700661,1.2462880292924359,1.24644065813059,1.2536688665909228,1.2462696320023832,1.2464657510077886,1.2464210338863757,1.2461923810901292,-0.0012952540296938683,0.28023005690704517,0.4323952734436856,0.5294480431495868,0.6006262845415439,0.6472985916289322,0.68609474039771,0.7169250501442467,0.7436910466053832
197,2.9029077049721312,0.004131746853560987,0.008351082971785218,8.003963532307772,7.857936576865356e-06,1.2469861876161035,1.2467766533413698,1.2462699878360313,1.2464235425665489,1.253686467335251,1.2462517778524238,1.2464486842804656,1.2464036547700987,1.246174119289853,-0.001301172579759814,0.28022278399436557,0.4323872911392475,0.5294402568509105,0.6006348005620835,0.6472907794783755,0.6860872162918503,0.716917397944719,0.7436910466053832
198,2.9029470736986775,0.004131893211609741,0.008241374976933002,8.00318928979835,7.831121542179087e-06,1.2469724769961312,1.2467617171698184,1.2462520084889144,1.2464064854328287,1.2537040059609557,1.2462339883017615,1.2464316753364049,1.2463863333529992,1.2461559241629592,-0.0013070736451883578,0.2802155351696286,0.43237933635557907,0.5294324973575857,0.6006432813954429,0.6472829946375722,0.6860797165148315,0.7169097706576584,0.7436910466053832
199,2.902986320317787,0.0041320390989811676,0.008336583035998046,7.998302155155689,7.804192891917572e-06,1.2469588098858009,1.2467468317783639,1.2462340917558388,1.2463894874769237,1.2537214811839923,1.246216263562992,1.2464147235787906,1.2463690701017343,1.246137795987711,-0.001312957050676618,0.28020831096674836,0.4323714093562425,0.5294247650037314,0.60065172569797,0.6472752370439583,0.6860722410175107,0.7169021683950638,0.7436910466053832
200,2.903025441439902,0.004132184525309038,0.008397333964239806,8.000664293037426,7.777151938545238e-06,1.246945184780479,1.2467319953242355,1.2462162377366708,1.2463725479551824,1.2537388922564525,1.24619860381911,1.2463978291442432,1.246351865353682,1.2461197351845947,-0.0013188233040982954,0.28020111094422573,0.43236351016949987,0.5294170595912538,0.6006601315336048,0.6472675066152667,0.6860647897700622,0.7168945912918079,0.7436910466053832
201,2.903064439209898,0.00413232948365086,0.008249292033724487,7.999694684500247,7.75e-06,1.2469316018042296,1.246717207903947,1.2461984467479157,1.246355666916699,1.2537562396589224,1.2461810088660592,1.2463809926791403,1.2463347194146683,1.2461017417585687,-0.0013246720899940034,0.2801939351990784,0.432355638929482,0.5294093811699095,0.6006685002011949,0.6472598033210781,0.6860573629397515,0.7168870395004316,0.7436910466053832
202,2.903103313203639,0.004132473956442679,0.008349500014446676,7.991468240814865,7.72273839962904e-06,1.2469180640090602,1.2467024729368623,1.2461807184832305,1.2463388466206073,1.253773523375494,1.2461634792993113,1.2463642142873261,1.2463176323173408,1.2460838155945684,-0.0013305025642679678,0.2801867846169431,0.4323477956591137,0.5294017303920474,0.6006768337339335,0.6472521276947789,0.6860499608934634,0.7168795131062742,0.7436910466053832
203,2.9031420590425374,0.004132617946930382,0.008189957996364683,7.994476189239325,7.695368466124298e-06,1.2469045693529852,1.246687788248074,1.246163053668636,1.2463220856006965,1.253790743810732,1.2461460153994017,1.2463474942531625,1.2463006043187594,1.2460659571330226,-0.0013363153389379975,0.2801796586915793,0.4323399804900314,0.5293941068568123,0.6006851316315611,0.6472444799451045,0.6860425836956326,0.7168720122676205,0.7436910466053832
204,2.903180680122569,0.0041327614511116675,0.008206582977436483,7.991046462305049,7.667891533457718e-06,1.246891118700884,1.2466731547635412,1.2461454526597677,1.2463053846158114,1.2538079004999314,1.2461286174406287,1.2463308328555918,1.2462836359548073,1.246048166614191,-0.0013421106864463725,0.2801725576874076,0.43233219353661717,0.5293865108329744,0.6006933938853614,0.6472368601603662,0.68603523148277,0.7168645371483764,0.7436910466053832
205,2.903219175008557,0.004132904490381829,0.008299500041175634,7.995292454884957,7.64030894081624e-06,1.246877709886187,1.2466585698338568,1.2461279160628411,1.2462887418201867,1.2538249919895206,1.2461112852195053,1.2463142302480112,1.2462667275910813,1.2460304445323067,-0.0013478887324732717,0.280165481082167,0.43232443504517626,0.5293789418965479,0.6007016162866994,0.6472292678018344,0.6860279040515559,0.7168570878526784,0.7436910466053832
206,2.9032575451415923,0.0041330470576275615,0.008295082952827215,7.990647244598437,7.612622032536508e-06,1.246864344029847,1.2466440354358186,1.2461104441134738,1.246272158087074,1.2538420181137229,1.2460940187681806,1.2462976868114923,1.246249879210126,1.2460127908653302,-0.0013536498217670957,0.28015842947024144,0.4323167051997104,0.5293714003736266,0.6007097995218853,0.6472217029189407,0.6860206016135936,0.7168496644418703,0.7436910466053832
207,2.903295788315197,0.004133189131245064,0.008200208016205579,7.98720790447779,7.584832158039379e-06,1.246851023513003,1.2466295526647408,1.2460930365412968,1.246255634891736,1.2538589799046858,1.2460768187503362,1.2462812027989163,1.2462330911304949,1.2459952054936707,-0.0013593917452829451,0.2801514030286596,0.4323090038419882,0.5293638866028536,0.6007179469899012,0.647214166323829,0.6860133245891662,0.7168422671176268,0.7436910466053832
208,2.9033339023644475,0.004133330713908772,0.008166790998075157,7.985804494431306,7.556940671764125e-06,1.2468377484612796,1.2466151215853993,1.2460756936725925,1.2462391722414128,1.2538758767902234,1.2460596851190167,1.246264778729641,1.2462163637183272,1.2459776886797282,-0.0013651142319383617,0.2801444018448455,0.43230133111292357,0.5293564006350757,0.6007260576528372,0.6472066578029227,0.686006073028974,0.7168348960052804,0.7436910466053832
209,2.9033718860346935,0.0041334717957362,0.008326167007908225,7.983152924759803,7.528948933102439e-06,1.2468245180962143,1.2466007430354733,1.2460584154686254,1.2462227709353375,1.2538927093631562,1.2460426182695685,1.2462484146148007,1.2461996969446687,1.245960240442985,-0.0013708196363573768,0.28013742611743214,0.4322936869944097,0.5293489426636662,0.6007341335238807,0.6471991777661229,0.6859988470929261,0.7168275511562682,0.7436910466053832
210,2.9034097418887495,0.004133612370333132,0.008513584034517407,7.979768033340633,7.500858306332174e-06,1.246811334543126,1.246586417956017,1.2460412019429676,1.2462064316022747,1.2539094773694217,1.2460256183635394,1.246232110784645,1.246183091077099,1.245942860790238,-0.0013765054926717269,0.2801304761318934,0.43228607156453014,0.5293415129034907,0.6007421748484839,0.6471917263661542,0.6859916470112021,0.7168202327156802,0.7436910466053832
211,2.903447465947911,0.0041337524245828585,0.008177999989129603,7.974812970130426,7.472670160550849e-06,1.2467981995759365,1.246572147875134,1.2460240529576467,1.2461901555517247,1.2539261810294706,1.2460086857292343,1.2462158676536501,1.2461665464741651,1.2459255497117423,-0.0013821709697659026,0.2801235522871423,0.4322784848399015,0.5293341117345446,0.6007501833709245,0.6471843039320496,0.6859844730687645,0.7168129408389724,0.7436910466053832
212,2.9034850558743486,0.004133891961459893,0.008264000003691763,7.975995269423803,7.444385869608921e-06,1.2467851118180375,1.2465579314386392,1.2460069688424515,1.246173941980612,1.2539428203823721,1.2459918206347183,1.2461996853748385,1.2461500634683662,1.2459083075525317,-0.0013878168389777955,0.28011665425914134,0.4322709268689188,0.5293267389264865,0.6007581584739898,0.6471769106349715,0.6859773253378482,0.7168056756887851,0.7436910466053832
213,2.903522514166959,0.0041340309912028,0.00818820798303932,7.9750079912284315,7.416006812042827e-06,1.2467720713188746,1.246543768365493,1.2459899504025622,1.2461577904587833,1.2539593940573222,1.2459750228757749,1.2461835640355665,1.2461336421828648,1.2458911346158985,-0.0013934425455860652,0.28010978211761195,0.43226339796063706,0.5293193944970814,0.6007660975659249,0.6471695460638897,0.6859702037367551,0.7167984373002292,0.7436910466053832
214,2.903559838669442,0.00413416951237336,0.008336291997693479,7.976861651664689,7.387534371007798e-06,1.2467590767431298,1.246529657246364,1.2459729978856406,1.246141700214306,1.2539759026565265,1.2459582927761126,1.2461675036246262,1.2461172828370315,1.2458740311839878,-0.0013990486552034156,0.2801029355472001,0.4322558981776986,0.5293120782233051,0.6007740011300271,0.6471622105084401,0.685963108310729,0.7167912257921267,0.7436910466053832
215,2.903597032187131,0.004134307547688396,0.008366124995518476,7.975764758549024,7.358969934210439e-06,1.2467461268563877,1.2465155981086349,1.2459561121220608,1.2461256705565626,1.2539923436741243,1.2459416297589774,1.246151504501378,1.2461009855573097,1.2458569976768004,-0.0014046370025062038,0.28009611477777885,0.4322484279428193,0.5293047901062207,0.6007818642585514,0.6471549030001821,0.6859560388427632,0.7167840411641746,0.7436910466053832
216,2.9036340935845297,0.004134445053613193,0.008249750011600554,7.967925610726354,7.330314893841102e-06,1.2467332258694737,1.246501594092575,1.2459392923214814,1.246109704482217,1.2540087195936693,1.2459250349660917,1.2461355667387164,1.2460847507542134,1.2458400335874114,-0.001410204759573717,0.2800893204072144,0.4322409869211114,0.5292975308324314,0.6007896943939167,0.6471476250697781,0.6859489960093297,0.7167768836650623,0.7436910466053832
217,2.9036710195930153,0.004134582061713832,0.008301916997879744,7.973287607033386,7.301570646506028e-06,1.246720370075115,1.2464876421051283,1.245922539408729,1.246093799491075,1.254025028504932,1.2459085077381562,1.2461196909549563,1.2460685785771457,1.2458231396390143,-0.0014157543095772475,0.280082551842052,0.4322335754537675,0.5292902998366797,0.6007974858207042,0.6471403756565104,0.6859419794768906,0.7167697533183615,0.7436910466053832
218,2.9037078136062844,0.0041347185699530985,0.008564916031900793,7.971947925825161,7.272738593159281e-06,1.246707559838945,1.2464737423296415,1.2459058535615597,1.246077955849521,1.2540412701280366,1.2458920483900304,1.2461038768530506,1.2460524692910817,1.2458063159824437,-0.0014212851844322407,0.2800758091738293,0.4322261936274902,0.529283097226919,0.6008052384423862,0.6471331549599108,0.6859349892965798,0.7167626502334371,0.7436910466053832
219,2.9037444747839083,0.0041348545552719945,0.008370416995603591,7.9637915744895285,7.243820139034464e-06,1.2466947985034278,1.2464598982420885,1.2458892343071013,1.2460621759222625,1.2540574451469795,1.2458756571517138,1.2460881251862954,1.2460364228513925,1.245789562218604,-0.0014267960546766418,0.2800690932333198,0.4322188413594702,0.5292759236396506,0.6008129556872056,0.6471259634309047,0.6859280259667778,0.716755574513933,0.7436910466053832
220,2.903780998641833,0.004134990023396807,0.008415625023189932,7.965708536207482,7.214816693576234e-06,1.2466820846607853,1.2464461082128555,1.2458726820470076,1.2460464588461746,1.2540735532589464,1.2458593342793136,1.2460724357906858,1.2460204395617223,1.2457728787139803,-0.0014322873811940908,0.2800624036597063,0.4322115187489624,0.5292687788608472,0.6008206364853366,0.6471188011566557,0.6859210894115072,0.716748526256881,0.7436910466053832
221,2.903817387297371,0.00413512497696481,0.00832054199418053,7.964567754678133,7.185729670371604e-06,1.2466694184704352,1.2464323722191124,1.245856197073476,1.246030804461381,1.254089594086396,1.2458430800342906,1.2460568086227721,1.246004519667288,1.2457562657658183,-0.0014377589596905173,0.28005574050288917,0.4322042259076044,0.5292616628788714,0.6008282797416913,0.6471116681803811,0.6859141796793419,0.7167415055502502,0.7436910466053832
222,2.9038536400173625,0.004135259409530709,0.00841416697949171,7.961053009353662,7.156560487081052e-06,1.246656801915248,1.2464186913227857,1.24583977951438,1.2460152134617637,1.25410556731041,1.2458268942673336,1.246041244379028,1.2459886634064912,1.2457397233226877,-0.0014432086256683453,0.2800491040802018,0.43219696294041293,0.52925457595304,0.6008358858741704,0.6471045644528196,0.6859072970148684,0.716734512535419,0.7436910466053832
223,2.903889752744139,0.004135393316791211,0.008319000015035272,7.960690122741487,7.127310565369416e-06,1.2466442334901058,1.246405065221954,1.2458234295015846,1.2459996858684776,1.2541214735462292,1.245810777153725,1.2460257431801958,1.2459728710107045,1.2457232514687544,-0.0014486385802192762,0.28004249431313505,0.4321897298519036,0.5292475180647934,0.6008434561274762,0.6470974901316172,0.6859004414527345,0.7167275473029151,0.7436910466053832
224,2.903925728783412,0.00413552667725664,0.008442958991508931,7.950847410602853,7.097981330836617e-06,1.2466317169317132,1.2463914975942392,1.2458071466118583,1.245984224405136,1.254137312890382,1.2457947292593738,1.2460103054301015,1.2459571427238214,1.2457068500009008,-0.0014540474775670566,0.28003591211167655,0.43218252661322537,0.5292404899807889,0.600850993132602,0.6470904457705533,0.6858936134547395,0.7167206099822312,0.7436910466053832
225,2.9039615629222717,0.004135659505942454,0.008317250001709908,7.955299064048239,7.068574212948169e-06,1.246619249398341,1.2463779856657682,1.2457909317358309,1.2459688270376543,1.2541530848594817,1.2457787503622244,1.2459949309423792,1.2459414786894902,1.2456905193346564,-0.001459436518141477,0.2800293568605373,0.43217535343197144,0.5292334911958038,0.600858494606401,0.6470834310768435,0.6858868127904465,0.7167137006334483,0.7436910466053832
226,2.903997258773673,0.004135791801548877,0.0084190409979783,7.953319221476626,7.0390906449655104e-06,1.2466068312217333,1.2463645297814299,1.245774784897173,1.2459534941308192,1.2541687892372553,1.2457628404107692,1.2459796201496305,1.2459258791070085,1.2456742595790704,-0.001464805565348777,0.2800228286756279,0.4321682103506144,0.5292265218271228,0.6008659605004706,0.6470764459401452,0.6858800395420077,0.7167068193355197,0.7436910466053832
227,2.904032815413396,0.004135923541028118,0.008215834037400782,7.9491828174327885,7.009532063876149e-06,1.2465944643856304,1.2463511310926567,1.2457587056243622,1.2459382270205097,1.2541844274267657,1.2457470002690099,1.2459643731309575,1.245910344215558,1.2456580705877052,-0.0014701530355152672,0.2800163277751991,0.43216109720909945,0.5292195821586938,0.6008733945778342,0.6470694913686608,0.6858732941466106,0.7166999662635459,0.7436910466053832
228,2.9040682318462325,0.004136054763573885,0.008278833993244916,7.956100345772352,6.979899910323626e-06,1.2465821444032914,1.2463377858507207,1.2457426951902095,1.245923022543732,1.254199997045989,1.2457312291635354,1.245949190148852,1.2458948740967448,1.2456419531942098,-0.001475481164139209,0.28000985348692753,0.432154014488883,0.529212671478469,0.6008807897574966,0.6470625661019532,0.685866576069776,0.7166931413773042,0.7436910466053832
229,2.904103511469383,0.004136185433735249,0.008242709038313478,7.946789021111747,6.950195628537301e-06,1.2465698757457635,1.246324497909371,1.245726752709716,1.2459078838958428,1.2542154996654886,1.2457155277801681,1.2459340714916025,1.2458794689542538,1.245625906852655,-0.0014807877025145458,0.2800034066208168,0.43214696190764257,0.5292057905833879,0.6008881517962823,0.6470556711426922,0.685859885924493,0.7166863448560542,0.7436910466053832
230,2.904138649609893,0.004136315566050369,0.008304000017233193,7.947304778384744,6.920420666261962e-06,1.2465576575276032,1.2463112662465843,1.2457108791544493,1.2458928099684219,1.2542309338288562,1.2456998960051104,1.2459190168458185,1.2458641288665049,1.2456099319536895,-0.0014860730619527327,0.2799969870634664,0.432139939798864,0.5291989393166481,0.6008954775156155,0.6470488061832581,0.6858532235780116,0.7166795767369243,0.7436910466053832
231,2.904173646064746,0.0041364451734850136,0.008298375003505498,7.94602901896446,6.890576474687264e-06,1.2465454883710085,1.2462980909377617,1.2456950749800353,1.2458778003471964,1.254246298402193,1.2456843334907692,1.245904026234443,1.2458488540645094,1.2455940287584992,-0.0014913393974534065,0.2799905949573354,0.4321329483913147,0.5291921176621922,0.6009027644228644,0.6470419705934792,0.6858465888182337,0.7166728370390646,0.7436910466053832
232,2.9042085014035637,0.004136574251210401,0.008300375018734485,7.948426953598463,6.8606645083770015e-06,1.2465333678116304,1.2462849703726206,1.2456793401556534,1.2458628543825288,1.2542615941619681,1.245668840682743,1.2458890999477559,1.2458336448239837,1.2455781974617672,-0.0014965854873894722,0.27998422988446603,0.43212598762149096,0.5291853253747716,0.6009100133985918,0.6470351648461868,0.6858399818092306,0.7166661259125499,0.7436910466053832
233,2.904243217217075,0.004136702770021268,0.008489249972626567,7.9428722748343175,6.830686225198211e-06,1.2465212988612533,1.2462719067167374,1.2456636739954303,1.245847974301641,1.2542768227461627,1.2456534180104784,1.245874238782506,1.2458185013096206,1.2455624376626648,-0.0015018092718437767,0.27997789222195024,0.4321190572034508,0.529178562958281,0.6009172294926884,0.6470283897139623,0.6858334030964381,0.716659443506684,0.7436910466053832
234,2.9042777908357373,0.004136830751193552,0.008385916997212917,7.9431915395953805,6.8006430862501224e-06,1.2465092793530093,1.246258899215076,1.2456480775103211,1.2458331589169669,1.2542919823125571,1.2456380649283605,1.2458594427928324,1.2458034236555058,1.2455467498614532,-0.001507013413170729,0.2799715819942604,0.43211215756114474,0.529171830263754,0.6009244086122599,0.6470216443706176,0.6858268523843639,0.7166527898194379,0.7436910466053832
235,2.904312223371456,0.0041369581788309176,0.014448458969127387,7.940394621077086,6.770536555792945e-06,1.2464973111179143,1.2462459485521131,1.2456325505459163,1.2458184090207474,1.2543070738023299,1.2456227821432688,1.2458447117568083,1.2457884121220246,1.2455311339663078,-0.0015121958736882435,0.2799652993052479,0.4321052885899933,0.52916512745994,0.6009315531809596,0.6470149295687039,0.6858203299537221,0.716646164997908,0.7436910466053832
236,2.904346513155112,0.004137085062375796,0.008421792008448392,7.941718895075687,6.740368101176498e-06,1.246485392829868,1.246233053674216,1.2456170932738222,1.2458037239381134,1.254322096529274,1.245607569555606,1.2458300459682827,1.245773466803031,1.245515590178005,-0.0015173574395728503,0.2799590439582575,0.4320984503833007,0.52915845438665,0.6009386614141792,0.6470082450418613,0.685813835732385,0.7166395690805822,0.7436910466053832
237,2.9043806615223233,0.004137211397397486,0.008420832979027182,7.936938315046572,6.710139192768696e-06,1.2464735258703545,1.2462202162752176,1.2456017058413962,1.245789104504359,1.2543370501068207,1.2455924271596326,1.2458154454358563,1.245758587631149,1.2455001184417867,-0.00152249781595375,0.2799528164394258,0.43209164306916453,0.5291518113485613,0.6009457335107081,0.6470015908044893,0.6858073698601672,0.7166330020933055,0.7436910466053832
238,2.9044146657296133,0.004137337175966589,0.008353790966793895,7.932576983899801,6.679851303883892e-06,1.2464617117510728,1.2462074375509784,1.2455863882627194,1.245774551545672,1.2543519345303638,1.245577355296102,1.2458009103840457,1.2457437747888942,1.245484718766969,-0.0015276161185776588,0.27994661706052143,0.4320848666817943,0.5291451985891515,0.6009527701800346,0.6469949671472174,0.6858009325627812,0.7166264641405069,0.7436910466053832
239,2.904448523529902,0.004137462414344798,0.008329792006406933,7.936756245932076,6.649505910711058e-06,1.2464499475582649,1.2461947151540398,1.2455711409507957,1.245760063530302,1.2543667491624857,1.2455623535465936,1.2457864409256896,1.2457290285991591,1.245469391513142,-0.0015327140302442695,0.279940445320226,0.4320781213538832,0.5291386157163736,0.6009597690363794,0.6469883734755747,0.6857945235358849,0.716619955266698,0.7436910466053832
240,2.9044822405574826,0.004137587095695277,0.008147874963469803,7.930864948914544,6.619104492241847e-06,1.2464382360881108,1.2461820511421728,1.2455559635162985,1.2457456420341961,1.2543814944600173,1.245547422357259,1.2457720373816772,1.245714349238564,1.245454136456069,-0.0015377896639903667,0.27993430166957534,0.4320714069755189,0.5291320631458151,0.6009667323562395,0.6469818103209364,0.685788143155767,0.7166134755927632,0.7436910466053832
241,2.904515813032976,0.004137711221581476,0.008304749964736402,7.9300154115624375,6.588648530198505e-06,1.2464265764605393,1.2461694452916974,1.2455408564022021,1.2457312868044559,1.254396170307412,1.2455325617330344,1.245757699602869,1.2456997366723048,1.245438953834549,-0.0015428441796237217,0.27992818612295906,0.4320647236977397,0.5291255408443171,0.6009736598878828,0.6469752776908088,0.6857817914056742,0.716607025137713,0.7436910466053832
242,2.9045492402219653,0.004137834790670352,0.008333666017279029,7.927834812853978,6.558139508961655e-06,1.24641496943618,1.2461568978870377,1.2455258196797534,1.2457169980967697,1.2544107764453443,1.245517771771262,1.245743427928015,1.245685191219444,1.2454238437012786,-0.0015478768486503508,0.2799220987509692,0.4320580715389167,0.5291190489080564,0.6009805513828965,0.6469687755801283,0.6857754683917274,0.7166006040131042,0.7436910466053832
243,2.9045825206476312,0.00413795780167399,0.008256165951024741,7.92632371901528,6.527578915497952e-06,1.2464034150376422,1.2461444089607208,1.2455108535033834,1.2457027760062742,1.254425312803655,1.2455030526117519,1.2457292222583412,1.2456707129000468,1.2454088060227035,-0.0015528877694669936,0.2799160396020197,0.43205145056971533,0.5291125873780028,0.6009874069167617,0.6469623041041233,0.6857691741521015,0.716594212250561,0.7436910466053832
244,2.9046156542899326,0.004138080255333044,0.008181750017683953,7.92567427499141,6.496968239287604e-06,1.2463919125917555,1.2461319782174118,1.2454959580693161,1.2456886203555537,1.2544397793242088,1.2454884042001668,1.2457150829602581,1.2456563019426876,1.2453938410102876,-0.0015578774743604672,0.27991000862554655,0.4320448608457296,0.5291061562243895,0.600994226356886,0.6469558631638797,0.6857629087119574,0.7165878499331654,0.7436910466053832
245,2.904648641877905,0.0041382021588530086,0.0082878329558298,7.927271838633003,6.466308972251786e-06,1.2463804611510902,1.2461196044920093,1.2454811335650096,1.2456745303869405,1.2544541757109964,1.2454738266297969,1.245701009974905,1.2456419583821354,1.245378948833813,-0.0015628460727963249,0.27990400557983464,0.43203830243413344,0.5290997552378399,0.6010010083066062,0.646949452682556,0.6857566720011454,0.7165815170818216,0.7436910466053832
246,2.904681484472378,0.004138323514134777,0.00831287499750033,7.926447287964302,6.4356026086799176e-06,1.2463690609581326,1.246107287691549,1.245466380177503,1.2456605058821046,1.2544685015684411,1.2454593198154797,1.2456870035313137,1.2456276823696704,1.2453641297051474,-0.0015677929743908251,0.27989803052408824,0.432031775457066,0.5290933844050497,0.6010077520584731,0.6469430725899221,0.6857504640717498,0.7165752137669154,0.7436910466053832
247,2.9047141810143113,0.004138444296205462,0.008470875036437064,7.917898553190447,6.4048506451568416e-06,1.2463577148237024,1.2460950310825871,1.245451697408889,1.2456465493514217,1.254482757977904,1.2454448841505896,1.2456730637770055,1.245613473937428,1.2453493831225348,-0.0015727177429298593,0.2798920841404691,0.43202527972425525,0.5290870443657527,0.601014461833936,0.6469367234802404,0.6857442853138448,0.7165689400584584,0.7436910466053832
248,2.904746728673168,0.004138564505750907,0.008308499993290752,7.916631274436294,6.374054580489874e-06,1.2463464225733318,1.2460828344142028,1.2454370855161476,1.2456326605222396,1.2544969447641643,1.2454305196778452,1.2456591907300107,1.2455993332374407,1.245334709297508,-0.0015776205751989166,0.27988616643122644,0.43201881534938147,0.5290807350887129,0.6010211373169382,0.64693040541302,0.6857381357885439,0.7165626960389174,0.7436910466053832
249,2.904779127668414,0.004138684145574622,0.008324208029080182,7.916821866172469,6.343215915635761e-06,1.2463351833135923,1.2460706970591264,1.2454225445223364,1.2456188390993874,1.2545110619107698,1.2454162264306083,1.2456453845870483,1.2455852602559003,1.2453201082352683,-0.0015825020065929514,0.2798802772332224,0.43201238231458666,0.5290744564690031,0.6010277781249544,0.6469241183336008,0.6857320154656332,0.7165564817119235,0.7436910466053832
250,2.904811379313621,0.004138803224537163,0.00840504199732095,7.916480008185706,6.31233615362752e-06,1.2463239966335953,1.2460586185252192,1.2454080747764233,1.2456050846897406,1.2545251084337212,1.2454020039723976,1.245631645564818,1.2455712552573235,1.2453055801953354,-0.0015873621853551572,0.27987441650908795,0.4320059807819175,0.5290682084782437,0.6010343824731921,0.6469178617644001,0.6857259242615403,0.7165502971512006,0.7436910466053832
251,2.904843482937667,0.004138921732585162,0.008163958031218499,7.913106051316344,6.281416799501188e-06,1.2463128634539198,1.2460465996957621,1.2453936761881428,1.2455913979352258,1.2545390849728844,1.2453878526904727,1.2456179736375397,1.2455573182588497,1.2452911249761462,-0.0015922005947210365,0.2798685844525033,0.43199961070924586,0.5290619912671315,0.6010409519588816,0.6469116361038105,0.6857198623390202,0.7165441423984102,0.7436910466053832
252,2.9048754377418895,0.004139039679299986,0.00836370897013694,7.91614789125173,6.25045936022246e-06,1.2463017821810705,1.2460346386783139,1.245379349124616,1.2455777774992067,1.2545529912195381,1.2453737726124594,1.2456043689569725,1.2455434494199271,1.2452767429524252,-0.0015970175221941153,0.2798627806753028,0.43199327221903566,0.529055804487804,0.6010474848598125,0.6469054412394237,0.6857138296096116,0.7165380175080895,0.7436910466053832
253,2.904907245725474,0.004139157057139044,0.008374457946047187,7.910683297766992,6.219465344613258e-06,1.2462907546696569,1.2460227371979455,1.245365093688391,1.2455642244516452,1.254566826939318,1.245359763942733,1.2455908313203825,1.2455296486781882,1.2452624340195215,-0.001601812230017387,0.2798570056268703,0.4319869653846552,0.5290496484901184,0.6010539818635162,0.6468992774048364,0.6857078262466461,0.7165319225034212,0.7436910466053832
254,2.9049389039131785,0.004139273884376631,0.00860274996375665,7.911675738518712,6.188436263278172e-06,1.2462797794306504,1.2460108942244963,1.245350910321119,1.245550737852949,1.2545805906454077,1.2453458261731698,1.2455773612050782,1.2455159162598624,1.245248198507284,-0.0016065858491644922,0.27985125917812326,0.4319806904190675,0.5290435230997291,0.6010604394573511,0.646893143811052,0.6857018520226942,0.7165258573947804,0.7436910466053832
255,2.904970412653133,0.004139390136889698,0.008174541988410056,7.9075744485348585,6.157373628530853e-06,1.2462688574225982,1.245999111117989,1.2453367985202894,1.2455373191486547,1.254594284265992,1.2453319596688222,1.245563958691602,1.245502252343744,1.2452340360123484,-0.0016113386510576112,0.27984554151181146,0.4319744470651457,0.5290374286109432,0.6010668625695783,0.6468870411543528,0.6856959072426488,0.7165198223010072,0.7436910466053832
256,2.9050017729027138,0.004139505808968167,0.0083046670188196,7.904141133096191,6.126278954320295e-06,1.2462579905532587,1.2459873884932386,1.2453227583373863,1.245523968743768,1.2546079077040104,1.2453181648864762,1.2455506235732112,1.2454886569661148,1.2452199465725322,-0.0016160684247120902,0.2798398527922778,0.43196823535259443,0.5290313651468092,0.6010732513344637,0.6468809698757473,0.6856899921188857,0.7165138172996527,0.7436910466053832
257,2.905032981688098,0.004139620897642936,0.00824579200707376,7.901734465951166,6.095153756157053e-06,1.2462471790270537,1.2459757266673628,1.2453087897669617,1.2455106869676802,1.2546214610323387,1.245304441786067,1.245537355995101,1.2454751302388165,1.2452059301843106,-0.0016207751932833898,0.27983419310109137,0.4319620552857546,0.5290253328002408,0.6010796062667335,0.6468749299683386,0.6856841067030017,0.7165078424274476,0.7436910466053832
258,2.9050640386494906,0.004139735417029473,0.008293124963529408,7.90664192820103,6.06399955103937e-06,1.2462364204417447,1.2459641230669536,1.2452948931426306,1.2454974719819598,1.254634943921204,1.2452907902109185,1.2455241561025343,1.2454616722331877,1.2451919872100077,-0.0016254596026589823,0.2798285618903939,0.4319559069805325,0.5290193310749287,0.6010859251598564,0.6468689211474622,0.6856782507998991,0.716501897702839,0.7436910466053832
259,2.905094946877017,0.004139849368538064,0.008309207973070443,7.90377582425206,6.032817857379255e-06,1.246225715210294,1.245952578422529,1.2452810684812603,1.2454843242560036,1.2546483557602521,1.2452772101271654,1.2455110239460443,1.2454482829673215,1.245178117524702,-0.0016301217585405034,0.2798229593588232,0.43194979047330934,0.5290133601305201,0.6010922074115616,0.646862943293344,0.685672424416325,0.7164959831319782,0.7436910466053832
260,2.905125705100356,0.0041399627444274455,0.008459499978926033,7.900325294741456,6.001610194928465e-06,1.2462150641469445,1.2459410937363344,1.2452673156619405,1.2454712444645741,1.2546616970315707,1.2452637014765762,1.2454979597384859,1.2454349626208678,1.245164321036671,-0.001634761681783297,0.27981738570883447,0.43194370570412505,0.5290074201431028,0.6010984544106318,0.6468569964605954,0.6856666277004952,0.7164900987899606,0.7436910466053832
261,2.9051563124662314,0.004140075539151696,0.008372833020985126,7.897756897686724,5.970378084704441e-06,1.2462044677785793,1.2459296693732314,1.2452536347122805,1.245458232937084,1.2546749678862648,1.2452502645554007,1.24548496330996,1.2454217110879207,1.2451505978228097,-0.001639379150442215,0.27981184105427315,0.43193765270763473,0.5290015112140939,0.601104666941225,0.6468510809926706,0.685660860771137,0.7164842446880163,0.7436910466053832
262,2.9051867686636497,0.004140187746178893,0.00843587494455278,7.894026370832048,5.939123048916173e-06,1.2461939271356437,1.2459183061663104,1.2452400256539933,1.2454452902575368,1.254688168525961,1.2452368993888026,1.2454720348256245,1.2454085284793162,1.2451369477239747,-0.0016439735201732653,0.27980632559525404,0.4319316314906431,0.5289956335083398,0.6011108459403508,0.6468451969970532,0.6856551237670573,0.7164784208850818,0.7436910466053832
263,2.9052170723836714,0.0041402993817347316,0.008349500014446676,7.8977829572640665,5.907846610890011e-06,1.2461834401921918,1.2459070020797738,1.2452264886548357,1.245432414960767,1.254701298214216,1.2452236056520076,1.2454591743069214,1.2453954148969124,1.2451233710048277,-0.0016485452710386613,0.2798008389070621,0.43192564213567064,0.5289897866317538,0.601116988751379,0.6468393439789117,0.6856494164177678,0.7164726273813963,0.7436910466053832
264,2.905247376779596,0.004140410434625562,0.008414375013671815,7.893019304102605,5.87655029499542e-06,1.246173008402244,1.245895758433703,1.2452130237188117,1.2454196080525957,1.2547143573145219,1.2452103836275303,1.2454463817612158,1.2453823702990647,1.2451098674476426,-0.0016530939509113406,0.2797953812785267,0.43191968462365693,0.5289839708699727,0.6011230970420125,0.6468335223211678,0.6856437389523937,0.7164668642122995,0.7436910466053832
265,2.9052775295548527,0.00414052090658379,0.008503874996677041,7.892934279084752,5.845235626570686e-06,1.2461626310523164,1.2458845747819722,1.2451996308353832,1.2454068692356721,1.2547273459128225,1.245197233235608,1.2454336571206897,1.2453693947208335,1.245096437127181,-0.0016576200461295308,0.2797899526057428,0.43191375894737777,0.5289781861333576,0.6011291707545252,0.6468277319640443,0.6856380913227402,0.7164611313940521,0.7436910466053832
266,2.905307531810852,0.004140630801509776,0.008386915957089514,7.892177202657762,5.813904131848565e-06,1.2461523077983025,1.245873450854785,1.2451863102655598,1.2453941982087575,1.254740263692758,1.245184154348649,1.2454210007380873,1.2453564882351844,1.245083080124632,-0.0016621240161793106,0.27978455286007997,0.4319078651937805,0.5289724323692109,0.6011352090758432,0.6468219727150852,0.6856324735199146,0.7164554289474764,0.7436910466053832
267,2.9053373836967706,0.004140740116694961,0.008414667041506618,7.890125004845619,5.782557337881911e-06,1.2461420391000697,1.2458623869592635,1.2451730619019952,1.2453815952272957,1.254753110735967,1.2451711470086224,1.2454084126931508,1.2453436509108395,1.2450697963832467,-0.0016666053223181366,0.27977918210524916,0.4319020033293497,0.5289667096357679,0.6011412123419436,0.6468162446443979,0.6856268856181716,0.7164497569096396,0.7436910466053832
268,2.905367084425056,0.004140848849391017,0.008235457993578166,7.886685566133714,5.7511967724692374e-06,1.2461318253475935,1.2458513839149499,1.2451598855727277,1.2453690608213963,1.2547658870108727,1.2451582111786286,1.2453958932577016,1.245330882786889,1.2450565858621794,-0.001671064148931823,0.27977384054096444,0.43189617332676017,0.5289610180634161,0.6011471808873087,0.6468105477301233,0.6856213277051348,0.7164441152998796,0.7436910466053832
269,2.9053966332735883,0.004140957002648664,0.008311707992106676,7.888108033817222,5.719823964080261e-06,1.2461216657195127,1.245840440484605,1.2451467817254667,1.2453565941089544,1.254778592668013,1.2451453470514378,1.2453834420405572,1.2453181839312732,1.245043448744395,-0.0016755007840786153,0.2797685279034728,0.4318903752919001,0.5289553574387036,0.6011531142846148,0.646804882106934,0.685615799696167,0.7164385041464025,0.7436910466053832
270,2.9054260318323752,0.004141064583294498,0.008325375034473836,7.888270432513863,5.688440441781399e-06,1.2461115598549515,1.2458295561535428,1.2451337504111186,1.245344194649597,1.2547912271453638,1.2451325544173435,1.245371059201717,1.2453055544350518,1.245030385111532,-0.0016799148466111748,0.2797632441035852,0.43188460926585215,0.5289497276560263,0.6011590111690255,0.6467992475094025,0.6856103015306231,0.7164329234647464,0.7436910466053832
271,2.905455279664294,0.004141171561859006,0.008319249958731234,7.879135180549062,5.657047735161255e-06,1.2461015107293851,1.2458187339140856,1.2451207908131245,1.245331864986125,1.2548037920922726,1.2451198339005831,1.2453587445705694,1.2452929944495963,1.2450173944471192,-0.0016843054517787393,0.27975798971992255,0.43187887496008653,0.5289441293132681,0.601164876693212,0.6467936448560024,0.6856048336554941,0.716427373366214,0.7436910466053832
272,2.905484374609591,0.004141277964182924,0.00816279201535508,7.884975450814206,5.6256473742560615e-06,1.246091515641989,1.2458079708660086,1.2451079037117256,1.2453196028091809,1.2548162860601657,1.2451071848904425,1.2453464984004616,1.2452805038600703,1.245004477216388,-0.0016886733417395524,0.2797527641932936,0.431873172647804,0.5289385618663907,0.6011707063742238,0.646788073314585,0.6855993956958057,0.7164218537798545,0.7436910466053832
273,2.905513318661689,0.004141383806550515,0.008226957987062633,7.886918131840618,5.594240889475107e-06,1.2460815732238364,1.2457972658224687,1.24509508928062,1.2453074071453676,1.2548287079782603,1.2450946071952533,1.245334320674826,1.2452680827777998,1.2449916338051252,-0.001693019284109804,0.27974756731880046,0.4318675024407279,0.5289330250709828,0.601176497079814,0.6467825324174544,0.6855939874330228,0.7164163646783965,0.7436910466053832
274,2.905542112660899,0.004141489062865118,0.008350374992005527,7.877161748881454,5.562829811526155e-06,1.2460716864946333,1.245786622133892,1.245082347184156,1.2452952803497643,1.2548410589718386,1.2450821011883664,1.2453222112945241,1.245255731115533,1.244978863584558,-0.00169734256666131,0.2797423997861249,0.4318618641726167,0.5289275195544765,0.6011822532798125,0.6467770228637696,0.6855886092723473,0.7164109061179902,0.7436910466053832
275,2.905570753535461,0.004141593730589145,0.008536666980944574,7.8762366521620635,5.531415671340827e-06,1.2460618554142182,1.245776039575041,1.245069677225566,1.245283222379713,1.2548533394511487,1.2450696669312058,1.2453101702296079,1.2452434487634672,1.2449661663789173,-0.0017016428844372784,0.2797372615253147,0.43185625778359554,0.5289220452722693,0.6011879755957678,0.6467715447780285,0.6855832612631245,0.7164054781016762,0.7436910466053832
276,2.9055992417122574,0.004141697822250709,0.008294125029351562,7.879699903420969,5.500000000000001e-06,1.2460520781720645,1.2457655162824712,1.2450570797970284,1.2452712318522208,1.2548655489544052,1.2450573039507453,1.2452981977685504,1.2452312358357707,1.24495354247994,-0.0017059208318083857,0.2797321521699768,0.4318506834143586,0.5289166018759939,0.6011936621501047,0.6467660976707829,0.6855779431906294,0.7164000806276151,0.7436910466053832
277,2.90562757897446,0.004141801320767806,0.008449291985016316,7.873632349087849,5.468584328659173e-06,1.2460423568990364,1.24575505409401,1.2450445544253252,1.2452593102619773,1.2548776883371513,1.2450450125516175,1.2452862938969522,1.2452190922093458,1.244940991450298,-0.0017101754864191614,0.2797270720706444,0.431845140894182,0.5289111897310707,0.6011993158392478,0.6467606820726175,0.6855726553703836,0.7163947137337812,0.7436910466053832
278,2.9056557634115077,0.004141904225567939,0.008287124976050109,7.869896003506055,5.437170188473847e-06,1.2460326921750577,1.2457446536158288,1.2450321011934256,1.2452474579069115,1.2548897572953075,1.2450327927621798,1.2452744583934954,1.2452070180802064,1.2449285133990873,-0.0017144068058423125,0.2797220214013991,0.4318396302741181,0.5289058089568519,0.6012049364797885,0.646755297989285,0.685567397810097,0.7163893774578408,0.7436910466053832
279,2.9056837938805993,0.004142006549149398,0.008439833007287234,7.8709060768935535,5.405759110524895e-06,1.2460230827663676,1.2457343138178936,1.245019720374375,1.2452356738392178,1.2549017551351103,1.2450206443539087,1.245262691390747,1.2451950134681826,1.2449161084457936,-0.0017186153859765519,0.2797169999598037,0.4318341516385134,0.5289004593168068,0.6012105218192034,0.646749945005594,0.6855621703290922,0.7163840717730783,0.7436910466053832
280,2.905711671208462,0.004142108287341961,0.008204915968235582,7.870293416120005,5.3743526257439416e-06,1.246013528473971,1.2457240344519616,1.2450074120056223,1.245223958021562,1.2549136824560008,1.2450085671340718,1.2452509931487274,1.245183078331937,1.2449037764200441,-0.0017228011828609021,0.27971200765667464,0.4318287049543552,0.5288951407708211,0.6012160730177882,0.6467446231244149,0.6855569729716766,0.7163787966842754,0.7436910466053832
281,2.905739395997704,0.004142209436138986,0.008581125002820045,7.867581178442869,5.342952264838746e-06,1.2460040301264186,1.245713815832304,1.2449951759159565,1.245212310808947,1.2549255393546794,1.2449965614828549,1.2452393632576308,1.245171212694237,1.2448915172905395,-0.0017269636321350888,0.2797070445393771,0.431823290160236,0.528889853397987,0.6012215905296382,0.646739332694339,0.6855518058090907,0.7163735522115997,0.7436910466053832
282,2.9057669676344395,0.004142310008932487,0.008296082960441709,7.870697912446452,5.3115595582186016e-06,1.2459945856206174,1.245703656382617,1.2449830123417807,1.2452007308661348,1.2549373254285119,1.244984626958666,1.2452278019578318,1.245159416571507,1.2448793312844988,-0.001731103716742397,0.279702110297852,0.4318179073521129,0.528884596841581,0.6012270723664493,0.6467340731958179,0.6855466686001817,0.7163683383199867,0.7436910466053832
283,2.905794388210153,0.004142409980077233,0.008425499952863902,7.858987363915099,5.280176035919741e-06,1.2459851983845955,1.2456935598015628,1.2449709205122903,1.245189220874845,1.2549490416468394,1.2449727638597716,1.2452163091898718,1.2451476899527483,1.2448672177903257,-0.0017352206789508259,0.27969720574112494,0.43181255634209686,0.5288793718132581,0.6012325227605457,0.6467288452585426,0.6855415618042678,0.7163631550729832,0.7436910466053832
284,2.905821654067659,0.004142509369722291,0.008573792001698166,7.86666158143434,5.248803227530763e-06,1.245975865558714,1.245683522617798,1.2449589010189162,1.2451777784456772,1.254960687432903,1.2449609719060701,1.2452048847892365,1.2451360328192722,1.2448551772199217,-0.0017393149572876164,0.279692330083933,0.4318072372488363,0.5288741776626364,0.6012379386313856,0.6467236484504638,0.6855364850405791,0.7163580024240537,0.7436910466053832
285,2.905848768661955,0.004142608175520965,0.008335250022355467,7.862882783687408,5.217442662118091e-06,1.2459665879388637,1.2456735457475026,1.2449469537976032,1.2451664042741202,1.2549722626175386,1.2449492508594455,1.2451935291391298,1.2451244450690389,1.2448432093837611,-0.0017433864267306376,0.2796874835199084,0.43180195004153965,0.5288690145850236,0.6012433202927885,0.6467184825870994,0.6855314383748786,0.7163528803475312,0.7436910466053832
286,2.9058757266709896,0.0041427063923180265,0.008440041972789913,7.860730106090223,5.186095868151436e-06,1.2459573661473737,1.2456636294060721,1.2449350785746018,1.2451550983893804,1.2549837676729432,1.2449376010425377,1.2451822419952552,1.2451129265782426,1.2448313141454057,-0.0017474342656072692,0.27968266609010445,0.43179669465325876,0.5288638825560962,0.6012486685070089,0.6467133480781536,0.6855264219554897,0.7163477888687041,0.7436910466053832
287,2.905902531014,0.004142804018483237,0.008347207971382886,7.858265903361424,5.154764373429317e-06,1.245948200312175,1.2456537739249653,1.2449232753616168,1.2451438610972496,1.2549952026937776,1.2449260222706071,1.245171022827024,1.2451014773927724,1.2448194914337498,-0.0017514588985304827,0.27967787787039355,0.4317914710862963,0.528858781674946,0.6012539839438433,0.6467082448333177,0.6855214356578179,0.7163427279496694,0.7436910466053832
288,2.905929182058729,0.004142901044143333,0.008446249994449317,7.8536735979926116,5.123449705004582e-06,1.2459390913082788,1.2456439802447081,1.2449115437174114,1.2451326931282336,1.2550065683673677,1.2449145148359009,1.24515987217915,1.2450900975891888,1.2448077410003466,-0.0017554599151191437,0.2796731190112537,0.43178627917350987,0.5288537120664288,0.6012592681185837,0.6467031732036821,0.6855164797697091,0.7163376976659986,0.7436910466053832
289,2.90595567929125,0.0041429974812546766,0.008439833007287234,7.855182014934655,5.092153389109991e-06,1.2459300378122082,1.2456342472599642,1.2448998839130183,1.2451215935487803,1.2550178641130052,1.244903078234577,1.2451487901900014,1.2450787870838267,1.2447960629691996,-0.001759437828642708,0.2796683892794626,0.43178111898572963,0.5288486734955584,0.6012645192169791,0.6466981326508018,0.6855115540543382,0.7163326979375438,0.7436910466053832
290,2.905982023541541,0.004143093345988545,0.00847979198442772,7.856318393317563,5.060876951083828e-06,1.245921038705608,1.2456245739101046,1.2448882964531878,1.245110561248027,1.255029088744761,1.2448917121743113,1.2451377764387763,1.2450675457973768,1.2447844575598526,-0.0017633932721852598,0.27966368853230106,0.43177599073285405,0.5288436657455948,0.6012697342406127,0.6466931227073621,0.6855066582288728,0.7163277286995998,0.7436910466053832
291,2.9060082151137774,0.004143188625422239,0.008306792005896568,7.852660311694363,5.02962191529556e-06,1.245912094836615,1.2456149610409062,1.2448767809418455,1.2450995970617182,1.2550402433226353,1.244880416760543,1.2451268309624652,1.2450563737981104,1.2447729244512094,-0.00176732603213517,0.27965901686554867,0.43177089422357784,0.5288386889719485,0.6012749158409672,0.6466881437171328,0.6855017924631265,0.7163227899937642,0.7436910466053832
292,2.90603425400199,0.004143283329582363,0.008298667031340301,7.85546324055073,4.998389805071535e-06,1.2459032051443213,1.245605407021346,1.2448653376354293,1.2450886998794057,1.2550513274159258,1.244869191927175,1.2451159537004928,1.2450452710545568,1.2447614638621347,-0.001771235890597149,0.279654373945148,0.4317658295464834,0.5288337428830572,0.6012800622574584,0.6466831955043797,0.6854969565969138,0.7163178817865427,0.7436910466053832
293,2.90606014119834,0.004143377459033817,0.008255707973148674,7.8510974229127495,4.967182142620746e-06,1.2458943701934013,1.2455959130051963,1.2448539663644616,1.245077870153437,1.2550623407205597,1.2448580374677751,1.24510514465193,1.245034237367707,1.2447500756190908,-0.0017751231148370441,0.2796497600579555,0.43176079669263745,0.5288288276188701,0.6012851732577464,0.6466782778992479,0.6854921506450469,0.7163130040191779,0.7436910466053832
294,2.906085875350556,0.0041434710030336845,0.008358624996617436,7.849444048083112,4.936000448960632e-06,1.2458855900450883,1.2455864791018123,1.2448426667707466,1.2450671082996219,1.2550732844087535,1.2448469535966873,1.2450944035582323,1.2450232726662283,1.2447387594760086,-0.0017789879810608143,0.2796451751372911,0.4317557954854374,0.5288239432090023,0.60129025132107,0.6466733913379018,0.68548737471835,0.7163081567007424,0.7436910466053832
295,2.906111458018165,0.00414356396975505,0.008272625040262938,7.850565997030914,4.90484624384295e-06,1.245876864367752,1.245577104340388,1.2448314390935944,1.2450564135220819,1.2550841580840117,1.2448359401205071,1.245083730419852,1.2450123770119192,1.24472751548004,-0.0017828298455589543,0.279640618976913,0.4317508259841259,0.5288190894546323,0.6012952949294044,0.6466685355421083,0.6854826286848887,0.7163033398279736,0.7436910466053832
296,2.9061368888354866,0.0041436563539396214,0.008268666977528483,7.847296280891982,4.8737210456797054e-06,1.2458681936421196,1.2455677893758326,1.2448202830861297,1.245045786349929,1.2550949620291758,1.2448249969434197,1.245073125346989,1.2450015504049925,1.244716343430996,-0.0017866487984803153,0.27963609168822723,0.4317458880994593,0.5288142664821975,0.6013003051895014,0.6466637105699291,0.6854779126219515,0.7162985534029045,0.7436910466053832
297,2.9061621674900593,0.004143748160237807,0.008468166983220726,7.847877009429043,4.842626371469149e-06,1.2458595774982675,1.2455585334955506,1.244809198774852,1.2450352262088669,1.2551056962004228,1.2448141240067494,1.2450625881636914,1.2449907927546369,1.2447052433157215,-0.0017904446092111513,0.2796315931188511,0.4317409818413768,0.5288094741206756,0.6013052813610477,0.6466589163506151,0.6854732264431767,0.71629379738712,0.7436910466053832
298,2.906187294343191,0.004143839380020276,0.008238083973992616,7.843334399332603,4.811563736721829e-06,1.2458510170855155,1.2455493377918119,1.2447981857478376,1.2450247338949278,1.2551163611081735,1.2448033213182002,1.2450521191358976,1.2449801039001545,1.2446942147918918,-0.0017942167882633285,0.2796271234653059,0.431736107072344,0.5288047125458066,0.6013102249782,0.6466541530654666,0.6854685703445491,0.7162890717740826,0.7436910466053832
299,2.9062122682639395,0.004143930016896238,0.008403125044424087,7.843352205735979,4.780534655386744e-06,1.245842511487212,1.2455402017143564,1.244787244180511,1.2450143088918302,1.2551269568072494,1.2447925887316025,1.2450417176850908,1.244969483823927,1.2446832579303422,-0.0017979661639910352,0.27962268261651435,0.4317312638336649,0.5287999816276913,0.6013151358692244,0.646649420628558,0.6854639441401704,0.716284376510912,0.7436910466053832
300,2.906237090641094,0.004144020072309043,0.008357000013347715,7.840814988714672,4.74954063977754e-06,1.245834061164686,1.2455311255116217,1.2447763739349504,1.2450039513978213,1.2551374830288637,1.2447819260891329,1.2450313840415521,1.2449589325062087,1.2446723726012578,-0.0018016923500647746,0.2796182706163304,0.4317264520861898,0.5287952814151101,0.6013200136395254,0.646644718886087,0.6854593478450199,0.7162797115816867,0.7436910466053832
301,2.9062617604035776,0.004144109544091108,0.008704582985956222,7.835143002239665,4.718583200498814e-06,1.2458256668328231,1.2455221104318965,1.2447655748180166,1.2449936620417605,1.2551479396760699,1.2447713333160093,1.245021118111757,1.2449484498636372,1.2446615586457852,-0.0018053955792598534,0.2796138877575655,0.4317216718001821,0.5287906120885307,0.6013248585276992,0.6466400477922954,0.6854547815011804,0.7162750769518109,0.7436910466053832
302,2.906286276264426,0.004144198437360913,0.00841100001707673,7.83967349253517,4.687663846372481e-06,1.2458173273436701,1.2455131544314832,1.2447548468125114,1.2449834396610193,1.2551583271761868,1.2447608102932446,1.2450109198012667,1.2449380357774085,1.2446508161328422,-0.0018090752888219718,0.2796095335081662,0.4317169228932616,0.5287859732663278,0.6013296702382457,0.6466354073017492,0.6854502449576968,0.716270472577448,0.7436910466053832
303,2.906310640241374,0.004144286745933315,0.008353208017069846,7.836633532182272,4.65678408436424e-06,1.2458090427567594,1.2455042580152575,1.244744189682295,1.2449732845761015,1.2551686461578078,1.2447503571042597,1.2450007888854804,1.2449276902171533,1.2446401448140192,-0.0018127321051891554,0.27960520794740634,0.4317122052751153,0.5287813650034331,0.6013344502012701,0.64663079764484,0.6854457382707771,0.7162658984608296,0.7436910466053832
304,2.9063348531761077,0.004144374469121559,0.008370124967768788,7.8332761747259925,4.625945419510126e-06,1.2458008127013565,1.2454954216977954,1.24473360343749,1.244963197029685,1.255178896732676,1.2447399736590974,1.244990725240743,1.2449174130379848,1.2446295445694173,-0.0018163674038078569,0.27960091118796987,0.43170751893286297,0.5287767873536949,0.6013391987846901,0.6466262187882638,0.6854412614237504,0.7162613545446835,0.7436910466053832
305,2.9063589159545926,0.0041444616158039715,0.008260667033027858,7.834681760147895,4.595149354843159e-06,1.2457926371186325,1.2454866443995523,1.2447230882156046,1.2449531761365362,1.2551890784324644,1.2447296597648225,1.2449807285872572,1.244907204191361,1.2446190153283878,-0.0018199799715106566,0.27959664298959747,0.43170286390212403,0.5287722400896774,0.601343914363019,0.6466216705136986,0.6854368142543613,0.7162568407978847,0.7436910466053832
306,2.9063828278098116,0.004144548183906695,0.008324958034791052,7.831572536378467,4.564397391320083e-06,1.2457845165522061,1.2454779266018758,1.2447126436655953,1.2449432222786416,1.2551991914038656,1.2447194152531453,1.2449707991886985,1.2448970637336418,1.2446085570105234,-0.0018235694605214954,0.2795924034144943,0.4316982400619691,0.5287677232852267,0.6013485973881962,0.6466171527077021,0.6854323967928155,0.7162523572089184,0.7436910466053832
307,2.906406587895313,0.0041446341780563955,0.008515707973856479,7.830488476551442,4.533691027748216e-06,1.2457764507495996,1.2454692680483705,1.2447022698326136,1.2449333351768326,1.2552092353142645,1.2447092399067627,1.244960936917999,1.244886991515637,1.2445981694922479,-0.0018271359371612817,0.2795881924156778,0.4316936474295246,0.5287632368688584,0.6013532471236988,0.6466126652141673,0.6854280089680449,0.7162479037256952,0.7436910466053832
308,2.9064301961767054,0.004144719605740848,0.00831008399836719,7.834862793549914,4.503031760712399e-06,1.2457684381251777,1.245460666927924,1.2446919667049303,1.244923513585927,1.2552192105043998,1.2446991335265203,1.2449511417819867,1.2448769874733507,1.2445878528413363,-0.001830679496604837,0.27958400957112334,0.4316890859802595,0.528758780444521,0.6013578628495724,0.646608207834088,0.6854236505712338,0.7162434802809325,0.7436910466053832
309,2.9064536549034283,0.004144804466616951,0.008402874984312803,7.831732995577435,4.4724210845020495e-06,1.2457604788289676,1.24545212390161,1.2446817342284324,1.24491375773712,1.2552291169143688,1.244689095958939,1.244941413471626,1.2448670512616025,1.244577606860039,-0.0018342007738204776,0.27957985504236593,0.4316845557166526,0.528754354095226,0.601362444808879,0.6466037805365797,0.6854193215782455,0.7162390867809739,0.7436910466053832
310,2.9064769639336623,0.00414488875816513,0.008340290980413556,7.830626181339804,4.441860491038346e-06,1.2457525730715047,1.245443638903373,1.2446715721577963,1.2449040677014445,1.2552389549314404,1.2446791271218327,1.2449317519474747,1.2448571828371853,1.2445674313639914,-0.0018376994291867692,0.2795757287545248,0.43168005652069014,0.5287499577938646,0.601366993715323,0.6465993833834577,0.6854150220107723,0.7162347232115819,0.7436910466053832
311,2.9065001233696917,0.004144972477030257,0.008235999965108931,7.828893727014149,4.4113514698014955e-06,1.2457447213076802,1.2454352119655812,1.244661480359577,1.24489444366571,1.2552487248738975,1.2446692270465043,1.2449221570105085,1.2448473821174542,1.2445573261681746,-0.0018411750023956093,0.27957163066429036,0.4316755883093366,0.5287455915626399,0.6013715103072348,0.6465950165152321,0.6854107519015544,0.7162303895479832,0.7436910466053832
312,2.906523132983286,0.00414505561385337,0.008366791997104883,7.820839813795305,4.380895507758154e-06,1.245736924696101,1.2454268450621555,1.2446514583916195,1.2448848868641462,1.255258427166034,1.244659395768962,1.2449126283332046,1.2448376490581763,1.2445472909534707,-0.0018446281916622556,0.2795675611810662,0.43167115095463365,0.5287412557219111,0.6013759963437039,0.6465906801000307,0.6854065113570296,0.7162260857670748,0.7436910466053832
313,2.9065459917984735,0.004145138169190592,0.00845925003523007,7.8226687377054915,4.350494089288943e-06,1.2457291828887245,1.2454185370163129,1.244641506139712,1.2448753965523678,1.2552680623746293,1.2446496331971892,1.2449031660473613,1.2448279835160108,1.2445373256136865,-0.0018480580678510246,0.27956351998020923,0.4316667443621742,0.5287369500053095,0.6013804521079616,0.6465863742008822,0.6854023003687751,0.7162218118442472,0.7436910466053832
314,2.906568700656107,0.004145220152247046,0.008283625007607043,7.8226751283670035,4.320148696116109e-06,1.2457214949069984,1.245410287289149,1.244631623808383,1.2448659721463258,1.2552776300025519,1.2446399388456824,1.2448937702701233,1.2448183853043895,1.2445274300552422,-0.0018514653525378902,0.2795595069716655,0.4316623686011149,0.5287326742780377,0.6013848762877282,0.6465820983346241,0.6853981187320906,0.7162175676721053,0.7436910466053832
315,2.906591260073225,0.004145301574350438,0.008279583998955786,7.8254861423634114,4.2898608072313035e-06,1.2457138595505877,1.2454020945788453,1.244621811364012,1.2448566125665168,1.2552871298169106,1.2446303125040066,1.2448844407260438,1.2448088543131832,1.2445176043837516,-0.001854850135340194,0.27955552187792976,0.4316580236792143,0.528728428213846,0.601389267148713,0.6465778521980482,0.6853939661946267,0.7162133531598384,0.7436910466053832
316,2.90661367118,0.004145382429305371,0.008300250046886504,7.820627815852269,4.259631898823504e-06,1.2457062779653734,1.2453939599293768,1.2446120684092747,1.2448473185820437,1.255296562068852,1.2446207542324352,1.244875177144517,1.2447993904061068,1.244507848226066,-0.0018582121558064165,0.2795515648599076,0.4316537094396653,0.5287242120006159,0.6013936258177179,0.6465736359812271,0.6853898428666585,0.7162091682936987,0.7436910466053832
317,2.9066359329639475,0.004145462709048866,0.008300792018417269,7.815532031704573,4.229463444207056e-06,1.2456987508195918,1.2453858843828451,1.2446023946313738,1.2448380909182242,1.2553059273973255,1.2446112638785007,1.2448659794514232,1.2447899934426014,1.244498161234915,-0.0018615517771475819,0.2795476360996127,0.43164942576263443,0.5287200258041022,0.6013979541069987,0.6465694497892095,0.6853857488379556,0.7162050130337756,0.7436910466053832
318,2.906658045198206,0.00414554241333901,0.008346625021658838,7.81246419088855,4.199356913749878e-06,1.2456912784960192,1.2453778681434913,1.244592789850645,1.2448289295721342,1.2553152259380034,1.2446018413566011,1.2448568475651074,1.2447806634057894,1.2444885432744672,-0.0018648686500078479,0.2795437356233945,0.43164517258491664,0.5287158696011269,0.6014022521111827,0.646565293605701,0.6853816841079735,0.716200887356417,0.7436910466053832
319,2.9066800073201065,0.004145621540684174,0.008313541009556502,7.80882362634125,4.169313774801791e-06,1.2456838610273098,1.2453699115899772,1.2445832536920545,1.2448198348709836,1.2553244578694156,1.2445924866112945,1.2448477812791923,1.2447714001703356,1.2444789940947851,-0.0018681632032528609,0.2795398634713977,0.4316409497893243,0.5287117434474469,0.6014065203907721,0.6465611674454118,0.6853776486470139,0.7161967911986118,0.7436910466053832
320,2.9067018196821217,0.004145700091239794,0.008314917038660496,7.807041944616474,4.139335491623001e-06,1.2456764985302664,1.2453620144533901,1.2445737860220443,1.244810806543156,1.2553336234474939,1.2445831996437504,1.2448387805949073,1.2447622035281571,1.2444695135586143,-0.001871435025777134,0.2795360195518374,0.4316367573119235,0.5287076472375543,0.6014107590040267,0.6465570713914253,0.6853736424813847,0.7161927245143329,0.7436910466053832
321,2.9067234823811723,0.004145778084454187,0.008381958992686123,7.815150117496144,4.109423525312737e-06,1.2456691884743647,1.2453541738869653,1.2445643872195744,1.2448018424504381,1.255342722216086,1.2445739797795963,1.244829845335728,1.244753073222314,1.24446010185207,-0.0018746843914655975,0.2795322032356815,0.43163259522805947,0.528703580375524,0.6014149653519169,0.6465530047796209,0.6853696651521799,0.7161886871511957,0.7436910466053832
322,2.9067449979940676,0.004145855523105575,0.008321083965711296,7.814285541620486,4.07957933373804e-06,1.2456619306756345,1.2453463897233688,1.2445550572254604,1.2447929424106525,1.2553517541670791,1.2445648268111513,1.2448209753737802,1.2447440091568067,1.2444507588326943,-0.0018779114433085,0.27952841445452986,0.43162846348836764,0.5286995427940067,0.6014191391845084,0.6465489674636249,0.6853657165750621,0.7161846790543044,0.7436910466053832
323,2.906766366691387,0.0041459324076756204,0.008520166971720755,7.813714659772408,4.0498043714627015e-06,1.24565472487774,1.2453386617668716,1.2445457958700095,1.244784106202167,1.255360719605488,1.244555740575159,1.2448121704655795,1.2447350111161164,1.2444414843928564,-0.0018811163101403558,0.2795246531475224,0.43162436203620963,0.5286955344004308,0.6014232808250404,0.6465449594216953,0.6853617966824119,0.7161807001426874,0.7436910466053832
324,2.906787589076636,0.004146008730109931,0.008314916980452836,7.80807097307422,4.020100089676376e-06,1.2456475720285367,1.2453309912248234,1.244536602713726,1.244775334763521,1.2553696190455303,1.244546720981597,1.2448034304713602,1.2447260790365502,1.2444322780732058,-0.001884299155689243,0.27952091949897334,0.43162029069289537,0.5286915554122625,0.6014273919983427,0.6465409807544311,0.6853579055626349,0.7161767503952364,0.7436910466053832
325,2.9068086645073192,0.004146084496180009,0.008353999990504235,7.807705150077037,3.990467936123853e-06,1.2456404719377028,1.2453233776026038,1.2445274777590885,1.244766627589314,1.255378452280585,1.2445377678894227,1.244794755286122,1.2447172127971506,1.2444231397882262,-0.001887459720148767,0.27951721337795093,0.43161624943240057,0.5286876056828267,0.6014314717419748,0.6465370313100979,0.6853540431099147,0.7161728297452181,0.7436910466053832
326,2.906829592914425,0.0041461597051083675,0.008256708970293403,7.8056009407354265,3.960909355034491e-06,1.24563342456654,1.2453158209876174,1.2445184207743283,1.2447579847696075,1.255387219605478,1.2445288811609312,1.2447861445907513,1.24470841228426,1.2444140693268944,-0.0018905982959117585,0.27951353475482094,0.4316122381547034,0.5286836851991342,0.6014355206024768,0.6465331110695125,0.6853502092577984,0.7161689381307064,0.7436910466053832
327,2.9068503747431755,0.004146234349976665,0.008274583029560745,7.800513097898183,3.931425787051832e-06,1.2456264306229576,1.2453083222138683,1.2445094312396614,1.2447494068427003,1.255395921623877,1.244520060868493,1.244777598054112,1.2446996773496517,1.2444050664038098,-0.0018937146888670976,0.2795098837828328,0.4316082567203074,0.5286797940604632,0.6014395400251646,0.6465292202821217,0.6853464040858307,0.7161650755118137,0.7436910466053832
328,2.9068710096690378,0.004146308430828449,0.008402291976381093,7.799364891000325,3.902018669163383e-06,1.2456194901679571,1.2453008809260564,1.244500509023306,1.244740893649364,1.2554045586409142,1.2445113068764269,1.2447691158458694,1.244691007806853,1.2443961307651907,-0.0018968085139195918,0.27950626031593434,0.43160430502680763,0.5286759321771681,0.6014435302728139,0.6465253589060117,0.6853426275787636,0.7161612418192057,0.7436910466053832
329,2.906891497818512,0.004146381961809755,0.00829475000500679,7.805419787020146,3.8726894346305845e-06,1.2456126012189281,1.2452934950037315,1.2444916543817064,1.2447324434695126,1.2554131305161635,1.244502618612002,1.2447606979806738,1.244682403398073,1.2443872625144623,-0.0018998801099686874,0.2795026638830129,0.4316003831162189,0.5286720990561181,0.6014474895545769,0.6465215264431502,0.6853388794280125,0.7161574369245083,0.7436910466053832
330,2.906587441447716,0.004146455971769106,0.00848091597435996,8.610927071582733,3.843439512918951e-06,1.245605353783575,1.2452859040970399,1.2444829109591289,1.2447240433179165,1.2554215813960836,1.244494088320386,1.2447522173917351,1.2446738579109942,1.2443785926363466,-0.0019030791562300517,0.27949903822011474,0.4315965096445526,0.5286683010689454,0.6014512386380141,0.646517737953735,0.6853351018841188,0.716153630483114,0.7436910466053832
331,2.9066076320467165,0.004146530321808295,0.008462917001452297,8.590205957889735,3.8142703296283967e-06,1.2455978000736394,1.2452781440390457,1.2444742726099043,1.2447156969384479,1.2554299203077857,1.2444857041968223,1.244743688912124,1.2446653711494347,1.244370105476657,-0.001906389001396063,0.279495391202794,0.43159268231387965,0.5286645379735205,0.6014548019682976,0.6465139915778999,0.6853313018411562,0.7161498256753158,0.7436910466053832
332,2.906628069911749,0.004146604919078467,0.008513999986462295,8.595206478429613,3.785183306423768e-06,1.2455899824446806,1.2452702400422448,1.2444657349002313,1.2447074043924489,1.2554381519123259,1.2444774566129593,1.2447351257967612,1.244656943959551,1.2443617871202584,-0.001909793083212956,0.2794917281166542,0.4315888990704745,0.5286608087543209,0.6014581955394644,0.6465102854673077,0.685327485256851,0.7161460257692295,0.7436910466053832
333,2.9066487083239525,0.004146679678183488,0.00844574999064207,8.603899642776513,3.7561798609655374e-06,1.2455819379652489,1.2452622136416196,1.2444572937386595,1.2446991655715496,1.2554462804668693,1.2444693371939557,1.244726540016343,1.244648577077823,1.2443536251144758,-0.0019132762401804745,0.27948805344727984,0.43158515803283803,0.5286571124312615,0.6014614344471149,0.6465066181259543,0.6853236574464394,0.7161422337335783,0.7436910466053832
334,2.9066695070250175,0.004146754513768363,0.008477542025502771,8.601355614200353,3.7272614068407203e-06,1.2455737014380144,1.2452540869291324,1.2444489451928014,1.24469098184292,1.2554543107878853,1.2444613377711278,1.2447179423080494,1.2446402707749395,1.2443456081960456,-0.0019168261988107504,0.27948437190291947,0.43158145752374016,0.5286534485103633,0.6014645339221177,0.646502988054259,0.6853198231942654,0.7161384520017663,0.7436910466053832
335,2.9066904278930163,0.004146829326120994,0.008576124964747578,8.579120397453034,3.6984293534939723e-06,1.2455653069158998,1.2452458845784493,1.2444406850876124,1.2446828560802954,1.255462250202456,1.244453450705228,1.2447093415266293,1.2446320243470117,1.2443377263290254,-0.001920432681223633,0.2794806890304989,0.43157779611608155,0.5286498169365035,0.6014675118870283,0.6464993943607783,0.6853159869291406,0.7161346824109713,0.7436910466053832
336,2.906711433483443,0.004146904052443656,0.008612624951638281,8.584698808049472,3.669685106158899e-06,1.2455567807030539,1.245237621533586,1.2444325104143164,1.244674788127639,1.255470102216537,1.2444456702890385,1.2447007461452368,1.2446238382492825,1.2443299704465112,-0.0019240845634439447,0.27947700784387636,0.43157417233984585,0.528646216922004,0.6014703794470664,0.6464958362582741,0.6853121524965783,0.7161309270487746,0.7436910466053832
337,2.906732495888034,0.004146978635278065,0.008532292034942657,8.577757308211694,3.641030065789562e-06,1.2455481477289805,1.2452293141488482,1.2444244182910777,1.244666778869206,1.2554778699934552,1.2444379903757135,1.2446921638071977,1.2446157123681556,1.2443223326935733,-0.0019277733282711364,0.2794733319355453,0.43157058508805557,0.5286426481361192,0.601473146857072,0.6464923124171266,0.6853083232455639,0.7161271875527584,0.7436910466053832
338,2.906753587021054,0.004147053044250748,0.009226457972545177,8.595571417416823,3.612465628992203e-06,1.2455394266978563,1.2452209708616082,1.2444164067773948,1.2446588266583531,1.2554855540706735,1.2444304066256855,1.2446836013092994,1.2446076479868355,1.2443148058155094,-0.0019314895135228926,0.27946966280213803,0.43156703317313344,0.5286391096131927,0.6014758194447722,0.6464888217785925,0.6853045019791331,0.7161234658461025,0.7436910466053832
339,2.906774686749265,0.0041471272234148305,0.008425707987044007,8.585176158206043,3.5839931879571733e-06,1.245530638152186,1.245212606205607,1.2444084733664633,1.2446509327085513,1.2554931585885203,1.2444229141363856,1.2446750646025913,1.2445996447614307,1.2443073835053693,-0.0019352267896010893,0.27946600365025454,0.4315635156439269,0.5286356011384468,0.6014784073205521,0.6464853635792169,0.6853006914636667,0.7161197631237053,0.7436910466053832
340,2.9067957724753426,0.004147201140921661,0.008489375002682209,8.590930168943453,3.555614130391079e-06,1.2455217981594693,1.2452042290934522,1.2444006161177958,1.2446430968034108,1.2555006847028796,1.244415508977,1.2446665586396086,1.2445917029961435,1.244300059842389,-0.0019389784806707682,0.27946235628698735,0.4315600316058012,0.5286321222414375,0.6014809164040313,0.6464819369579318,0.685296893934471,0.7161160806875455,0.7436910466053832
341,2.9068168267572236,0.0041472747547244395,0.00844804203370586,8.590260107407344,3.527329839449153e-06,1.2455129220456238,1.2451958490911625,1.244392833065379,1.2446353192847548,1.255508135326206,1.244408187605765,1.2446580879257123,1.2445838226661725,1.2442928296352516,-0.0019427389068848526,0.27945872270477856,0.43155658020482796,0.5286286725748476,0.6014833546591345,0.646478541480076,0.6852931115261081,0.7161124195925633,0.7436910466053832
342,2.906837833675363,0.0041473480261065175,0.008524874981958419,8.584505821750936,3.499141693667828e-06,1.245504024191424,1.2451874759094985,1.2443851222677025,1.244627601071684,1.25551551318181,1.2444009462942365,1.2446496563977842,1.2445760036512072,1.244285688159857,-0.0019465031496514284,0.27945510500194537,0.4315531607009721,0.5286252520034371,0.6014857295738031,0.6464751764345931,0.6852893460710755,0.7161087806925511,0.7436910466053832
343,2.9068587773828365,0.004147420934288259,0.008727874956093729,8.58905718657138,3.471051066897563e-06,1.245495115139951,1.245179115568303,1.2443774824633085,1.2446199416228274,1.2555228192207513,1.244393782758984,1.244641267920618,1.2445682460113234,1.2442786313346856,-0.0019502672643809042,0.27945150435247107,0.43154977241443915,0.5286218600417675,0.6014880446999294,0.6464718414905164,0.6852855992314131,0.7161051648761206,0.7436910466053832
344,2.9068796471620075,0.004147493440904353,0.008551708015147597,8.574720628961858,3.4430593282358775e-06,1.2454862079114049,1.2451707780643608,1.244369911900081,1.2446123423403819,1.2555300568245782,1.2443866933905179,1.244632924742138,1.2445605493837153,1.2442716553373119,-0.0019540276665956737,0.279447923051137,0.4315464148299855,0.5286184967726019,0.6014903077668536,0.6464685359469048,0.6852818723641099,0.7161015726469735,0.7436910466053832
345,2.9069004281363457,0.004147565530028031,0.008532416017260402,8.575606916980886,3.4151678419606222e-06,1.245477311285333,1.2451624684846925,1.2443624094496037,1.2446048028272296,1.2555372266963358,1.2443796759610468,1.2446246302790644,1.2445529136388016,1.2442647570684808,-0.0019577807697176283,0.2794443621361268,0.43154308742520453,0.5286151618401158,0.6014925215799874,0.646465259268529,0.68527816680271,0.7160980046722406,0.7436910466053832
346,2.9069211106391135,0.004147637174443162,0.008408666006289423,8.569896293006355,3.387377967463491e-06,1.24546843380847,1.2451541929773953,1.2443549738504955,1.2445973235985088,1.2555443312880004,1.2443727282529407,1.24461638689414,1.2445453385471454,1.2442579335031072,-0.001961524587788602,0.27944082289676175,0.4315397896704227,0.5286118550964537,0.6014946916991476,0.6464620111816547,0.6852744836961345,0.7160944614276455,0.7436910466053832
347,2.906941686451951,0.004147708367171162,0.008493208035361022,8.58133261339111,3.3596910591837613e-06,1.2454595814764597,1.2451459529418787,1.2443476043161599,1.2445899034233314,1.2555513703236014,1.244365848915191,1.2446081970316445,1.2445378244121343,1.244251181669753,-0.0019652543365768506,0.279437305436687,0.43153652105446855,0.528608575998836,0.6014968194710091,0.6464587914340492,0.6852708240299688,0.7160909436032191,0.7436910466053832
348,2.906962149164645,0.004147779086613195,0.008513083041179925,8.571982670119668,3.3321084665422826e-06,1.2454507621683466,1.2451377544682625,1.2443402995482442,1.2445825430756547,1.2555583458851012,1.244359035672294,1.2446000626606568,1.2445303708535018,1.2442444992125525,-0.0019689678324751807,0.27943381110699217,0.43153328115368694,0.5286053245212977,0.6014989092135308,0.6464555995220248,0.6852671887076969,0.7160874514708155,0.7436910466053832
349,2.9069824898247187,0.004147849308155935,0.008499083982314914,8.55893816377059,3.304631533875704e-06,1.2454419827366652,1.245129603672217,1.2443330583685432,1.2445752435941038,1.2555652604240026,1.2443522866868901,1.244591985106226,1.24452297721888,1.2442378839014232,-0.001972664181052946,0.279430341307826,0.431530069619824,0.5286021007288315,0.6015009659267845,0.6464524352860258,0.6852635785276928,0.7160839851799841,0.7436910466053832
350,2.907002701412918,0.004147919030359514,0.008673249976709485,8.56796799211769,3.277261600370962e-06,1.2454332471256306,1.2451215010048053,1.244325880135016,1.244568004002756,1.2555721135846956,1.2443456007825582,1.2445839659875289,1.2445156439108704,1.2442313338316944,-0.0019763401557902917,0.2794268959237094,0.4315268860078808,0.5285989041927501,0.6015029902645311,0.6464492983009683,0.685259994059921,0.7160805452203932,0.7436910466053832
351,2.9070227798576047,0.004147988250762042,0.008373167016543448,8.570929878213686,3.2500000000000015e-06,1.2454245588840054,1.245113448130864,1.2443187644616174,1.2445608235370094,1.25557890535026,1.2443389768686268,1.2445760062797846,1.2445083709283082,1.2442248471486785,-0.001979994356046617,0.2794234752518331,0.43152373007282707,0.528595734606765,0.6015049829911545,0.6464461882649023,0.6852564357880014,0.7160771319136938,0.7436910466053832
352,2.9070427215925845,0.004148056959765388,0.008541124989278615,8.568873906719864,3.222848061454764e-06,1.245415922033113,1.245105447659002,1.2443117106073351,1.2445537023200943,1.2555856365406197,1.244332413552581,1.244568107444559,1.2445011580017493,1.244218422225409,-0.001983625437753865,0.27942007980892897,0.43152060150752225,0.5285925918656097,0.6015069463681909,0.6464431047835713,0.6852529042204619,0.7160737454273612,0.7436910466053832
353,2.9070625223547477,0.004148125147444512,0.008514166984241456,8.563768961569581,3.195807108082429e-06,1.2454073404606363,1.245097502587222,1.2443047178781612,1.2445466404007426,1.2555923084996052,1.2443259096307249,1.2445602699317702,1.2444940048477149,1.2442120576222553,-0.001987232356602983,0.2794167102456238,0.4315175000631293,0.5285894758373624,0.6015088826882888,0.6464400476241329,0.6852493997430406,0.716070385876989,0.7436910466053832
354,2.907082177996182,0.004148192814074552,0.008422625018283725,8.568329897248809,3.1688784578209146e-06,1.2453988162784595,1.2450896133462703,1.2442977856497515,1.2445396370559905,1.25559892105921,1.2443194646542035,1.244552494523011,1.2444869114542574,1.2442057519476184,-0.001990813588677055,0.27941336652037935,0.43151442540768103,0.5285863861951957,0.6015107920521314,0.6464370167642272,0.6852459227065065,0.7160670535010691,0.7436910466053832
355,2.9071016868484056,0.004148259923287794,0.00847508298465982,8.539654117502906,3.1420634231346447e-06,1.2453903554468209,1.2450817874263478,1.2442909127621447,1.2445326948637274,1.2556054783145623,1.2443130766420605,1.2445447815374224,1.2444798766806247,1.2441995040108806,-0.0019943704341944895,0.2794100504863716,0.4315113773917805,0.5285833234843552,0.6015126822819434,0.6464340121191003,0.6852424735590541,0.7160637480086747,0.7436910466053832
356,2.907121043095119,0.0041483264979341955,0.00850616703974083,8.562169657504189,3.115363310950579e-06,1.2453819570138867,1.245074020562292,1.2442840993453985,1.2445258109908988,1.255611977891694,1.244306745607837,1.2445371318037617,1.2444729012749316,1.2441933127526699,-0.001997899907117193,0.27940676089618194,0.4315083557141972,0.5285802868754216,0.601514549315991,0.646431033299088,0.685239052379877,0.7160604698497518,0.7436910466053832
357,2.9071402477748984,0.00414839253169622,0.00864279200322926,8.558098867989084,3.088779422594516e-06,1.2453736234338797,1.2450663145472616,1.2442773448167412,1.2445189856958485,1.2556184206201058,1.2443004705363094,1.2445295460393149,1.24446598485929,1.2441871771790713,-0.0020014012149876205,0.27940349809799214,0.4315053601449827,0.528577276320306,0.6015163948055101,0.6464280800096469,0.6852356594133665,0.7160572190156623,0.7436910466053832
358,2.9071592981738004,0.004148458021141427,0.008459082979243249,8.555663500755582,3.0623130537276713e-06,1.2453653563082914,1.2450586705300803,1.244270648830188,1.2445122187917403,1.2556248071064562,1.244294250833066,1.2445220243150368,1.2444591272121492,1.2441810964498086,-0.002004874093819637,0.2794002622987882,0.43150239051075945,0.5285742916847944,0.6015182198754733,0.6464251521471928,0.6852322947832229,0.7160539955246861,0.7436910466053832
359,2.9071781930045306,0.0041485229454821,0.008588750031776726,8.542400316059458,3.035965494283524e-06,1.2453571587875205,1.2450510919052016,1.2442640102215095,1.2445055113334555,1.2556311401151954,1.24428808549364,1.244514566912611,1.244452327554109,1.2441750695639624,-0.002008318464514603,0.2793970542526264,0.4314994465114514,0.5285713330688192,0.6015200292304329,0.6464222498514597,0.685228958824393,0.7160507992281653,0.7436910466053832
360,2.907196930040846,0.0041485873158158704,0.008672999974805862,8.552191547660776,3.009738028404952e-06,1.2453490303632606,1.245043576676198,1.244257429078588,1.2444988619417057,1.2556374185555672,1.244281974404469,1.2445071738019111,1.244445586253132,1.2441690958331926,-0.0020117336087598415,0.2793938733369595,0.43149652796300714,0.528568400063801,0.6015218212962867,0.6464193729192649,0.6852256514745018,0.7160476303164598,0.7436910466053832
361,2.907215510453084,0.004148651135574841,0.008627959003206342,8.543279373436334,2.98363193438164e-06,1.2453409727439633,1.245036126910067,1.2442509049769679,1.2444922709051562,1.2556436424746122,1.2442759162640196,1.2444998451290397,1.2444389028815852,1.2441631744639976,-0.0020151197528332993,0.2793907200663228,0.431493634804168,0.528565492722924,0.6015235958890233,0.6464165205979063,0.6852223726763346,0.7160444886335796,0.7436910466053832
362,2.907233931079748,0.00414871440673681,0.008542541996575892,8.545350346317615,2.9576484845877794e-06,1.2453329860814795,1.245028742100706,1.2442444375710182,1.2444857375795657,1.255649811841666,1.2442699109333542,1.2444925811455372,1.2444322772291698,1.2441573049975265,-0.0020184763840571905,0.27938759423432374,0.4314907668430225,0.5285626107954077,0.6015253530415151,0.6464136928974088,0.6852191224999373,0.7160413742102057,0.7436910466053832
363,2.9072521924568684,0.004148777131619928,0.008525832963641733,8.547708160218031,2.931788945420058e-06,1.2453250708156693,1.2450214217929363,1.2442380266099218,1.2444792612066127,1.2556559268515681,1.2442639581414199,1.2444853816438646,1.2444257092063065,1.244151486820126,-0.002021802501315437,0.27938449564363776,0.4314879239059226,0.528559754011234,0.6015270928235263,0.6464108897451606,0.6852159009306911,0.7160382870590424,0.7436910466053832
364,2.9072702943919797,0.004148839303026952,0.008587541000451893,8.540246969585139,2.906054577235931e-06,1.245317227995646,1.245014167538259,1.2442316715018642,1.2444728421922628,1.2556619888790164,1.2442580569904436,1.2444782468239344,1.2444191982802748,1.2441457193547527,-0.002025098563906497,0.27938142462584237,0.431485105822422,0.5285569223779158,0.6015288174110678,0.6464081109133569,0.6852127080310699,0.7160352270156002,0.7436910466053832
365,2.907288236195491,0.004148900930178152,0.008535083965398371,8.545584657354992,2.8804466342921984e-06,1.2453094571946544,1.2450069780020754,1.244225372094521,1.2444664795432818,1.2556679972209528,1.2442522075274285,1.2444711765358072,1.2444127444253765,1.2441400020608986,-0.0020283641146066162,0.2793783807550417,0.43148231242326734,0.528554115584571,0.6015305253746404,0.6464053563435465,0.685209543730127,0.716032194114916,0.7436910466053832
366,2.907306018873136,0.0041489619984047856,0.01137983298394829,8.530780427950686,2.8549663646838717e-06,1.245301760418673,1.244999855986576,1.2442191276327634,1.244460174387609,1.2556739539834687,1.2442464087589382,1.2444641707146198,1.2444063468824198,1.2441343343727687,-0.0020315998316129914,0.2793753646836634,0.43147954354771206,0.5285513338343609,0.6015322203498341,0.6464026259311981,0.6852064080846154,0.7160291880842328,0.7436910466053832
367,2.9073236408132015,0.004149022525768442,0.00850545900175348,8.544330841924289,2.8296150102833444e-06,1.245294135714431,1.2449927983205153,1.2442129382549856,1.2444539249285573,1.255679857559692,1.2442406609977283,1.2444572290787221,1.2444000059570315,1.2441287158478276,-0.0020348048432953943,0.2793723755263241,0.4314767990423985,0.5285485766193116,0.6015338992906997,0.6463999195192571,0.6852033009021941,0.7160262090554417,0.7436910466053832
368,2.9073411044207935,0.004149082487202891,0.00851662497734651,8.523572110191438,2.8043938066798638e-06,1.2452865857215156,1.2449858089135732,1.244206802995832,1.244447732650162,1.2556857114286644,1.2442349632119023,1.2444503512421607,1.2443937207263007,1.244123146048572,-0.002037979976858032,0.27936941422788,0.4314740787370226,0.5285458441994344,0.6015355680258389,0.6463972372796956,0.6852002222856328,0.716023256677753,0.7436910466053832
369,2.9073584079656283,0.0041491419090131584,0.008557041990570724,8.537277565760622,2.7793039831193134e-06,1.2452791081335548,1.2449788843895606,1.2442007219713869,1.2444415958502508,1.2556915129279969,1.2442293154794182,1.2444435371889035,1.2443874914318953,1.2441176246404244,-0.002041124833501432,0.2793664798630419,0.43147138250117995,0.5285431361281339,0.6015372218218831,0.646394578710415,0.6851971719729193,0.7160203310478389,0.7436910466053832
370,2.9073755536022814,0.004149200779522409,0.008558583038393408,8.516920546496047,2.754346762444296e-06,1.245271705057068,1.2449720282374792,1.2441946946307623,1.2444355156305555,1.255697264154699,1.2442237167278014,1.24443678653198,1.2443813172612834,1.244112151245226,-0.002044240459674852,0.2793635733102237,0.4314687102869773,0.5285404526388808,0.6015388635284143,0.6463919435652725,0.685194149908446,0.7160174318077244,0.7436910466053832
371,2.9073925387707105,0.004149259098251006,0.00850970798637718,8.522549899285893,2.729523361034538e-06,1.2452643757325303,1.2449652386899395,1.2441887206042668,1.2444294911428098,1.2557029656082141,1.244218167038873,1.2444300992170503,1.2443751980649158,1.2441067253827,-0.002047325820374821,0.2793606940017733,0.4314660618314545,0.5285377933894234,0.6015404940385335,0.6463893320682158,0.6851911561000938,0.7160145589581663,0.7436910466053832
372,2.9074093657096585,0.004149316873558243,0.00848633301211521,8.519129885880506,2.7048349887476038e-06,1.2452571199630038,1.2449585156758296,1.2441827997237624,1.2444235220406215,1.2557086169546687,1.2442126659216874,1.2444234748790242,1.2443691337146445,1.244101346836714,-0.002050381285600097,0.27935784187955776,0.4314634370554339,0.5285351582811137,0.6015421122795649,0.6463867437790936,0.6851881902973375,0.7160117123710632,0.7436910466053832
373,2.9074260342412424,0.004149374119137801,0.008525499957613647,8.530536344390223,2.680282848859928e-06,1.2452499360425817,1.244951856371836,1.2441769320360927,1.2444176069160164,1.2557142170773,1.2442072135687081,1.2444169133365435,1.2443631242902826,1.244096015194229,-0.0020534062955993625,0.2793550161413057,0.4314608358020843,0.5285325469010592,0.6015437161553534,0.646384178599929,0.685185252348576,0.7160088921081526,0.7436910466053832
374,2.907442546897245,0.004149430835158772,0.00851812498876825,8.526407602674205,2.6558681380081714e-06,1.245242823849054,1.2449452611447405,1.2441711170025318,1.2444117457960715,1.255719766556956,1.2442018095169647,1.2444104142535373,1.2443571693891369,1.2440907302076083,-0.002056401464805254,0.2793522168271217,0.43145825790990083,0.528529959184379,0.6015453064092017,0.6463816363748356,0.6851823421238783,0.7160060979851096,0.7436910466053832
375,2.9074589043714973,0.0041494870260507825,0.00860487500904128,8.52684850831622,2.6315920461308963e-06,1.2452357831351735,1.244938729366518,1.2441653545430449,1.2444059381568455,1.2557252654505817,1.2441964535013503,1.2444039775229685,1.2443512687292981,1.2440854914864852,-0.0020593664352475997,0.27934944372293535,0.4314557032795632,0.528527394953012,0.6015468826666853,0.6463791169387633,0.6851794595125414,0.7160033298854729,0.7436910466053832
376,2.9074751069779206,0.0041495426897946094,0.008525833021849394,8.533406948615502,2.607455756410573e-06,1.2452288130593103,1.2449322594576733,1.2441596441753182,1.2444001834649403,1.255730714535448,1.2441911457285542,1.2443976028228736,1.2443454222079595,1.2440802986027788,-0.002062300598096947,0.2793466962825026,0.43145317160610624,0.5285248539363444,0.6015484461628734,0.6463766205881883,0.6851766044411656,0.7160005877769566,0.7436910466053832
377,2.9074911573545346,0.004149597809880347,0.008522459014784545,8.503633524239227,2.583460445215913e-06,1.245221916261391,1.244925856316611,1.2441539850761494,1.2443944834257588,1.2557361164882468,1.2441858848468854,1.244391289500017,1.2443396287324717,1.244075151351912,-0.0020652056917131083,0.2793439757930405,0.43145066288753575,0.5285223365389002,0.6015500008011151,0.6463741470377009,0.6851737768376779,0.7159978711712939,0.7436910466053832
378,2.9075070522382145,0.004149652399071119,0.008715708972886205,8.506201828515529,2.5596072820445255e-06,1.245215091490284,1.2449195185124098,1.2441483772983,1.2443888371707945,1.2557414704551253,1.2441806705061613,1.2443850371576886,1.2443338880465293,1.2440700493926702,-0.002068081927960933,0.27934128185469004,0.4314481770591009,0.5285198425228307,0.6015515448343277,0.6463716959021705,0.6851709764384175,0.7159951799447709,0.7436910466053832
379,2.90752279288505,0.004149706475388406,0.008458625001367182,8.517338750623479,2.535897429465939e-06,1.2452083368495739,1.2449132431866174,1.2441428208477001,1.2443832433096695,1.2557467749603584,1.2441755027958519,1.244378845607549,1.244328200454437,1.2440649925100822,-0.0020709287202607288,0.27933861364229173,0.431445713944867,0.5285173714858996,0.6015530752721577,0.6463692668676416,0.6851682029804111,0.7159925141580155,0.7436910466053832
380,2.907538381400417,0.004149760025213745,0.008459208998829126,8.501148350091524,2.5123320430649127e-06,1.2452016533309143,1.2449070326035867,1.2441373149243569,1.244377702662369,1.2557520323427147,1.2441703811695857,1.2443727141457,1.244322565035571,1.2440599804037267,-0.002073747189229108,0.27933597170486846,0.4314432734007071,0.5285149235418651,0.601554595667688,0.6463668600851362,0.6851654564049383,0.7159898734534741,0.7436910466053832
381,2.9075538178637865,0.004149813051889824,0.008501375035848469,8.502413181444833,2.4889122713851393e-06,1.2451950402709238,1.2449008857016701,1.2441318591692028,1.2443722146684744,1.2557572428363613,1.2441653053535984,1.2443666425334892,1.244316981588897,1.2440550126196583,-0.002076537060867879,0.2793333556866046,0.431440855236216,0.5285124984731031,0.6015561062075954,0.6463644754506201,0.6851627365783403,0.7159872577322869,0.7436910466053832
382,2.907569103698185,0.004149865566353007,0.008448917011264712,8.50220384445901,2.4656392558732443e-06,1.245188496587113,1.2448948016834656,1.2441264533895091,1.2443667786934745,1.2557624060522574,1.2441602749842682,1.244360630417474,1.2443114500028782,1.2440500889444706,-0.0020792990341511387,0.27933076533321854,0.4314384593369868,0.5285100960810696,0.6015576054912783,0.6463621125368229,0.6851600432120794,0.715984666869304,0.7436910466053832
383,2.9075842401172833,0.004149917557904238,0.00851212500128895,8.485066534951468,2.4425141308231755e-06,1.2451820232524922,1.2448887823778674,1.2441210970302483,1.2443613954968653,1.2557675234379164,1.2441552898174184,1.2443546777516692,1.244305969508987,1.2440452092564767,-0.0020820339433791912,0.2793282010881912,0.4314360856093471,0.528507716513309,0.6015590959444622,0.646359771550854,0.6851573763520412,0.7159821005850356,0.7436910466053832
384,2.907599226918524,0.004149969055065004,0.008486374979838729,8.51213716576657,2.4195380233209025e-06,1.2451756171050012,1.244882822358784,1.2441157904129378,1.2443560625317542,1.2557725925653092,1.2441503501004894,1.244348784121539,1.2443005405693006,1.2440403732381373,-0.0020847399233321308,0.27932566144351156,0.43143373384521705,0.5285053590591906,0.6015605728400244,0.6463574520709776,0.6851547356052727,0.7159795590200675,0.7436910466053832
385,2.90761406746509,0.004150020044437154,0.008490000036545098,8.4977982012134,2.396712053189486e-06,1.2451692792202662,1.2448769235408188,1.244110532881304,1.2443507804560996,1.255777615756149,1.2441454552595197,1.2443429491599274,1.2442951624675977,1.2440355804627583,-0.002087417449734872,0.2793231468249365,0.4314314038793574,0.5285030237796446,0.6015620395578918,0.6463551542285242,0.6851521209642254,0.7159770418842942,0.7436910466053832
386,2.907628761484326,0.004150070548490817,0.008484582998789847,8.51607470851689,2.3740373329345136e-06,1.2451630064470764,1.24487108207822,1.2441053245218643,1.2443455475941199,1.2557825909496352,1.2441406057107347,1.244337172502494,1.244289835418283,1.244030830727031,-0.0020900667114770793,0.2793206561818006,0.43142909555942804,0.5285007102203424,0.6015634924003538,0.6463528777954806,0.6851495320891042,0.7159745492178922,0.7436910466053832
387,2.9076433130918367,0.004150120493242943,0.008517542039044201,8.540317591137828,2.351514967689855e-06,1.245156805891007,1.244865300389095,1.2441001563991976,1.2443403647981397,1.2557875339476283,1.2441357949808907,1.244331476685067,1.244284547203559,1.244026124315883,-0.00209268377396437,0.27931818898837846,0.43142680588664656,0.5284984174247104,0.6015649527370719,0.6463506188371912,0.6851469722895474,0.7159720786045213,0.7436910466053832
388,2.907657724915879,0.004150169890083213,0.008496749971527606,8.536402124039824,2.3291460551638252e-06,1.245150676564982,1.244859578361647,1.2440950292009598,1.2443352317929284,1.2557924435029788,1.2441310234819742,1.2443258586194457,1.2442792988757132,1.2440214608544942,-0.0020952694951303624,0.27931574528175396,0.4314245350639888,0.5284961453844221,0.6015664181558985,0.6463483776414466,0.6851444409925104,0.7159696301239504,0.7436910466053832
389,2.9076719970787606,0.004150218751918708,0.008412000024691224,8.539135005708854,2.3069316855856555e-06,1.2451446166235294,1.2448539148208497,1.2440899436606334,1.244330147919035,1.255797318003323,1.2441262914469164,1.2443203150620197,1.2442740915186432,1.2440168401294565,-0.0020978248591895453,0.27931332483634386,0.43142228329417465,0.5284938940206956,0.6015678865789349,0.646346154425974,0.6851419375445342,0.7159672038711974,0.7436910466053832
390,2.9076861312046436,0.004150267084093617,0.008543833973817527,8.53313197406893,2.2848729416523864e-06,1.2451386257361234,1.2448483100149799,1.2440849000985548,1.2443251131458386,1.2558021569514668,1.2441215992220944,1.2443148433982847,1.2442689257944668,1.2440122616541123,-0.002100350192131421,0.279310927740615,0.43142005067187605,0.5284916633470852,0.6015693569183104,0.6463439495298764,0.6851394614948774,0.7159647998503614,0.7436910466053832
391,2.9077001270988836,0.0041503148980158965,0.008501833013724536,8.53291216230115,2.2629708984760696e-06,1.245132702437596,1.2448427632202048,1.244079898989872,1.2443201269651194,1.2558069591121126,1.2441169468859492,1.2443094411622582,1.2442638022886396,1.2440077251677992,-0.002102846364718992,0.279308553873336,0.43141783734591804,0.5284894532893591,0.6015708273264414,0.6463417630583254,0.6851370123238726,0.715962418056753,0.7436910466053832
392,2.907713985881074,0.004150362199717136,0.008443667029496282,8.52630938504712,2.241226623531397e-06,1.245126846299152,1.2448372746517375,1.244074940552865,1.2443151892458306,1.2558117241742641,1.2441123347783567,1.244304106112136,1.2442587215684682,1.2440032302766826,-0.002105313974912177,0.27930620329232586,0.431415643363757,0.5284872638114501,0.6015722966079423,0.646339595273047,0.6851345896200004,0.7159600584747187,0.7436910466053832
393,2.9077277077187587,0.004150408994622661,0.00858879100997001,8.52854028192295,2.2196411766036492e-06,1.2451210562099435,1.2448318432219676,1.2440700249584598,1.2443102995061803,1.255816451657144,1.2441077629914863,1.2442988363430274,1.2442536840590799,1.2439987766382332,-0.002107753070214466,0.27930387570866605,0.43141346872086817,0.5284850947850869,0.6015737642785107,0.6463374464092078,0.6851321930083457,0.7159577210987724,0.7436910466053832
394,2.9077412940921064,0.004150455296150259,0.008519250026438385,8.530969786491653,2.198215609737056e-06,1.245115330561418,1.2448264678088938,1.2440651526251953,1.2443054570744359,1.255821140270029,1.2441032313089864,1.2442936298778473,1.244248690265166,1.2439943641289277,-0.0021101644943679067,0.279301570877809,0.4314113135240531,0.5284829460938653,0.6015752283778386,0.6463353162925477,0.685129821969626,0.7159554059048976,0.7436910466053832
395,2.907754746278323,0.004150501112236647,0.008379000006243587,8.526759196104468,2.1769509671835234e-06,1.2451096687180583,1.2448211483557476,1.244060323629391,1.2443006617172854,1.2558257895275424,1.2440987397477705,1.2442884849029716,1.2442437403448368,1.243989992369286,-0.0021125488392254033,0.2792992887876434,0.43140917779118837,0.5284808176800124,0.6015766876754207,0.6463332049599296,0.6851274761074647,0.715953112790888,0.7436910466053832
396,2.9077680646546478,0.004150546449365997,0.008496124995872378,8.526334022365281,2.1558482853517252e-06,1.2451040697506233,1.2448158842562256,1.244055537962162,1.2442959129747373,1.2558303991792248,1.2440942882579278,1.244283399892019,1.244238834463877,1.2439856610826308,-0.0021149065024837527,0.2792970292767093,0.4314070614960729,0.5284787094042585,0.6015781414905831,0.6463311124539366,0.6851251550659919,0.7159508416719224,0.7436910466053832
397,2.907781250380623,0.004150591308952108,0.00845324998954311,8.51700337757203,2.134908592756607e-06,1.2450985337934282,1.244810676064083,1.2440507955962623,1.2442912109668234,1.2558349694949915,1.2440898769557318,1.2442783733424487,1.244233972659703,1.2439813697584674,-0.0021172376250995725,0.27929479245523836,0.43140496460824446,0.528476621271122,0.6015795897065264,0.6463290389339341,0.6851228585524781,0.715948592420127,0.7436910466053832
398,2.9077943030934597,0.004150635701351779,0.008518500020727515,8.522722747264043,2.11413290996924e-06,1.2450930590968872,1.2448055222083532,1.2440460965715243,1.2442865548495017,1.2558394998007087,1.2440855055445137,1.2442734041117731,1.2442291551380964,1.243977118305546,-0.0021195428480105176,0.27929257790667433,0.4314028870836065,0.5284745530528314,0.6015810312526606,0.6463269842374231,0.6851205862010278,0.7159463649840969,0.7436910466053832
399,2.9078072251077773,0.004150679630735459,0.00853495899355039,8.515109487587708,2.0935222495670967e-06,1.2450876459911366,1.2448004230216685,1.2440414406812845,1.2442819445039508,1.2558439901751093,1.2440811741072484,1.2442684908968114,1.2442243818096956,1.243972906252714,-0.002121821609349576,0.2792903856776088,0.4314008288445602,0.5284725046744667,0.6015824653724802,0.6463249484747461,0.6851183377551427,0.7159441592202241,0.7436910466053832
400,2.9078200155280767,0.004150723106847218,0.008569708035793155,8.524102743017297,2.0730776160846853e-06,1.2450822920059126,1.2447953764545787,1.2440368281560459,1.244277378941209,1.255848439886704,1.2440768823546586,1.244263632441874,1.2442196528182126,1.2439687337368759,-0.002124075407625587,0.2792882152495909,0.431398789897842,0.5284704758991883,0.6015838914654408,0.6463229315235391,0.6851161128259035,0.7159419750728081,0.7436910466053832
401,2.9078326782367845,0.0041507661336592895,0.008500124968122691,8.520007248339324,2.0528000059646e-06,1.2450769969306699,1.2447903825060067,1.2440322587213128,1.2442728580740672,1.2558528491904029,1.2440726300443619,1.2442588277790432,1.2442149680737484,1.2439646002040299,-0.0021263043684460396,0.2792860665593404,0.43139677011790084,0.5284684666466408,0.6015853093212619,0.646320933269373,0.685113911129099,0.7159398123900739,0.7436910466053832
402,2.907845213444029,0.004150808713295016,0.00857104198075831,8.510891510595334,2.032690407508949e-06,1.2450717606723793,1.244785441731155,1.2440277320853874,1.2442683819162526,1.2558572185965278,1.2440684171513927,1.244254075850298,1.2442103273568468,1.2439605051816778,-0.002128509127586049,0.27928393969488174,0.4313947693947746,0.5284664768581296,0.6015867188956169,0.6463189537590311,0.685111732429454,0.7159376709888982,0.7436910466053832
403,2.9078576215103555,0.004150850853364068,0.008473499969113618,8.515627071996823,2.012749800831192e-06,1.2450665819318036,1.2447805527365847,1.2440232481986633,1.2442639496990395,1.2558615478128103,1.2440642433512612,1.2442493758407576,1.2442057306016527,1.2439564485010213,-0.00213068979913286,0.27928183426786524,0.43139278765032857,0.52846450630731,0.6015881196456038,0.6463169928332271,0.6851095764271651,0.7159355507621946,0.7436910466053832
404,2.9078699042084266,0.004150892553782819,0.00838895799824968,8.502122859600519,1.992979157808367e-06,1.2450614614871227,1.244775716549287,1.244018806579222,1.24425956173559,1.255865837536407,1.2440601087903742,1.2442447268319077,1.2442011774315036,1.2439524295086504,-0.002132846257530695,0.27927975046633113,0.43139082473011053,0.5284625549949846,0.6015895115742489,0.6463150506535491,0.6851074429711416,0.7159334514997516,0.7436910466053832
405,2.907882060671675,0.004150933824124292,0.008469957974739373,8.512290608006529,1.9733794420337206e-06,1.2450563973409774,1.2447709310829975,1.2440144071511317,1.2442552169777035,1.255870087268348,1.2440560128385985,1.24424012796558,1.2441966678466383,1.2439484481241976,-0.002134978912100061,0.2792776877317822,0.4313888805466733,0.5284606226335747,0.6015908943252871,0.6463131268826997,0.6851053316819936,0.715931373104658,0.7436910466053832
406,2.907894093746931,0.004150974670642777,0.008515792025718838,8.508742873233194,1.9539516087697514e-06,1.245051389061422,1.2447661960918397,1.2440100497557511,1.244250915159145,1.2558742969982906,1.2440519552515854,1.2442355784395684,1.2441922016294873,1.2439445041056558,-0.002137088054917465,0.2792756459451946,0.43138695499835233,0.5284587091109135,0.601592267225616,0.6463112213478348,0.6851032422875386,0.7159293154075859,0.7436910466053832
407,2.907906003890055,0.004151015093655549,0.008555208041798323,8.500484536669093,1.9346966049016423e-06,1.2450464365880196,1.2447615119044375,1.2440057339868593,1.2442466561977437,1.2558784674964052,1.244047936079453,1.2442310775315248,1.2441877783762745,1.2439405969588604,-0.0021391740697235396,0.27927362512122506,0.4313850479300211,0.528456814323144,0.6015936306111523,0.6463093341792319,0.6851011746357828,0.7159272782086001,0.7436910466053832
408,2.9079177918145027,0.004151055100930588,0.008491499989759177,8.506049253428646,1.9156153688911174e-06,1.2450415383830788,1.2447568770722697,1.2440014597065248,1.2442424393207683,1.255882598573683,1.2440439547876823,1.2442266244633235,1.244183398007665,1.2439367265717396,-0.0021412375425852613,0.2792716248452056,0.4313831592319788,0.5284549380384438,0.6015949842476392,0.646307465078647,0.6850991283880502,0.7159252613819205,0.7436910466053832
409,2.907929459861028,0.004151094701523472,0.008676833007484674,8.5098744307366,1.8967088307307e-06,1.2450366932156078,1.2447522903599113,1.243997226830406,1.2442382638822043,1.2558866897875087,1.2440400111036025,1.2442222182316673,1.244179060425268,1.2439328928422135,-0.0021432788474353287,0.2792696447609153,0.43138128881774657,0.5284530800633667,0.601596327245404,0.6463056138708745,0.6850971032110965,0.715923264795894,0.7436910466053832
410,2.9079410097142286,0.004151133895335138,0.008648332965094596,8.50434216742472,1.8779779118983872e-06,1.245031901046051,1.2447477519398467,1.2439930348466055,1.2442341296948765,1.255890742044768,1.2440361047814117,1.2442178584763262,1.2441747651135515,1.2439290952325504,-0.002145298145754037,0.2792676848346435,0.4313794364969144,0.5284512402577607,0.6015976603072459,0.6463037805225941,0.6850950989754196,0.7159212882319836,0.7436910466053832
411,2.907952442075611,0.004151172690663916,0.008546957978978753,8.510416117954756,1.859423525312737e-06,1.24502716052081,1.2447432603248874,1.2439888836522606,1.2442300360201843,1.2558947549218775,1.2440322354869016,1.2442135443177598,1.244170511932346,1.2439253336664073,-0.002147295588132241,0.2792657446537915,0.43137760218126514,0.5284494184062923,0.6015989828198574,0.6463019648512097,0.685093115371416,0.7159193315652912,0.7436910466053832
412,2.907963758834425,0.004151211088053769,0.008487207989674062,8.498446601626547,1.8410465752883771e-06,1.2450224720743561,1.2447388164772426,1.2439847726744555,1.2442259829707507,1.2558987294470205,1.2440284030007691,1.2442092753442207,1.244166300351831,1.2439216074874644,-0.002149271612739478,0.2792638243676054,0.43137578566869156,0.5284476144394612,0.601600295097553,0.6463001667510087,0.685091152244082,0.7159173945428564,0.7436910466053832
413,2.907974959799548,0.004151249091714186,0.008489666972309351,8.500123365724843,1.822847957491922e-06,1.2450178348434697,1.244734419464041,1.2439807016348339,1.244221970053563,1.2559026657815742,1.244024607029038,1.244205050933672,1.2441621299984575,1.2439179164824226,-0.0021512263341908196,0.27926192367723174,0.4313739868142038,0.528445828169264,0.6016015972479121,0.6462983861318959,0.6850892093701979,0.7159154769859991,0.7436910466053832
414,2.9079860465750285,0.004151286704144657,0.008511833031661808,8.489609225289522,1.804828558898332e-06,1.245013249048945,1.2447300698502766,1.2439766700687551,1.2442179972365408,1.2559065646605538,1.2440208473530454,1.2442008707207461,1.2441580005115362,1.2439142600884956,-0.002153159979964733,0.2792600426345188,0.4313722054325989,0.5284440595016705,0.601602889170963,0.6462966228396193,0.6850872865786041,0.7159135786796077,0.7436910466053832
415,2.907997018994081,0.004151323930570868,0.008638292027171701,8.490796684983856,1.7869892577476718e-06,1.2450087136870942,1.2447257667169636,1.2439726776650073,1.2442140640216626,1.2559104261873721,1.244017123539028,1.244196733854863,1.2441539115982132,1.2439106380570433,-0.0021550729507578107,0.27925818094874066,0.4313704413799612,0.5284423082568941,0.6016041710075782,0.6462948766748757,0.6850853835629627,0.7159116994414176,0.7436910466053832
416,2.9080078788374877,0.004151360773399068,0.008492125023622066,8.486916858492224,1.7693309235023125e-06,1.2450042285423126,1.2447215097771338,1.2439687239571753,1.244210170095772,1.255914250910953,1.2440134353370147,1.2441926401007557,1.2441498627442218,1.243907049955088,-0.00215696505565007,0.27925633846799486,0.4313686944676073,0.5284405742656284,0.6016054429075264,0.6462931475593072,0.6850835002023619,0.7159098390697682,0.7436910466053832
417,2.9080186267618475,0.004151397236677779,0.008523957978468388,8.481784505811062,1.7518544168045527e-06,1.2449997931542043,1.2447172987970185,1.2439648085706432,1.2442063151739513,1.2559180391365965,1.2440097825341223,1.244188588742571,1.2441458535885366,1.243903495465807,-0.0021588367226249355,0.279254515065005,0.43136696454034734,0.5284388573909127,0.6016067047953231,0.6462914354075612,0.6850816362686424,0.7159079973668346,0.7436910466053832
418,2.908029263819583,0.004151433328202125,0.008431082998868078,8.48415938382988,1.734560589434673e-06,1.244995406458101,1.244713132711865,1.243960931288812,1.2442024986281854,1.255921790776381,1.244006164594148,1.2441845791989563,1.2441418838180647,1.2438999743291883,-0.0021606882857042194,0.27925271041075267,0.4313652514678792,0.5284371574267802,0.6016079562649203,0.6462897398745837,0.6850797914513432,0.7159061741471541,0.7436910466053832
419,2.9080397915378473,0.004151469052160673,0.008481791999656707,8.484488642219892,1.717450284269421e-06,1.2449910675494205,1.2447090107457326,1.2439570917418517,1.2441987199829814,1.2559255061845993,1.2440025812006303,1.2441806107834117,1.2441379531676984,1.2438964862957314,-0.0021625202050190337,0.2792509242247713,0.43136355506642104,0.5284354741763897,0.6016091975134821,0.6462880608307471,0.6850779655008625,0.7159043692400451,0.7436910466053832
420,2.908050211771275,0.004151504408944527,0.008508874976541847,8.48203938701656,1.7005243352409323e-06,1.2449867761878448,1.2447049324948374,1.243953289431375,1.244194978883454,1.2559291861937498,1.2439990321060248,1.2441766832714785,1.2441340612033938,1.2438930309208298,-0.002164332256767623,0.27924915630324343,0.4313618751111823,0.5284338074439893,0.6016104292406025,0.6462863982393945,0.685076158295479,0.715902582459788,0.7436910466053832
421,2.9080605255468375,0.004151539408684299,0.008404000021982938,8.486983813410061,1.6837835672960843e-06,1.2449825309539866,1.2447008966561126,1.2439495242383853,1.244191274485199,1.2559328304031925,1.243995516806612,1.2441727959025703,1.2441302076266514,1.2438896081203024,-0.0021661251074016905,0.2792474062868013,0.4313602115213946,0.5284321569925091,0.6016116506091094,0.6462847517701994,0.6850743695035847,0.7159008136306887,0.7436910466053832
422,2.908070734886145,0.004151574055527533,0.008499749994371086,8.4860437497825,1.6672287963562855e-06,1.2449783312010867,1.244696902729804,1.2439457957361013,1.2441876064330328,1.2559364391967645,1.2439920348590492,1.244168948273923,1.2441263920327785,1.2438862175312322,-0.002167899056395386,0.27924567396968425,0.431358564113057,0.5284305226536599,0.6016128617672767,0.6462831211864829,0.6850725989031988,0.7158990625488835,0.7436910466053832
423,2.9080808410281414,0.004151608353097668,0.008575583982747048,8.484168470242025,1.6508608292777214e-06,1.2449741764830557,1.2446929503069195,1.2439421034789253,1.2441839743466947,1.2559400130192935,1.2439885859230777,1.2441651398981985,1.2441226139953032,1.2438828587885917,-0.002169654254233735,0.2792439591689798,0.4313569327009281,0.528428904252657,0.6016140628609222,0.6462815063369872,0.6850708462888024,0.715897329009755,0.7436910466053832
424,2.9080908450221337,0.004151642306281989,0.008452874957583845,8.48463789126106,1.63468046381201e-06,1.2449700660588257,1.2446890386962024,1.2439384471001658,1.2441803777745413,1.2559435521638225,1.2439851696596238,1.244161370231058,1.244118873138336,1.243879531538004,-0.002171390983900669,0.27924226162835813,0.43135531710689035,0.5284273015993068,0.6016152538629609,0.6462799070463778,0.68506911142334,0.7158956128199689,0.7436910466053832
425,2.908100748317152,0.0041516759177986605,0.008392333984375,8.480376749478165,1.6186884885673414e-06,1.2449659996678086,1.2446851677454693,1.243934826109055,1.2441768164953597,1.2559470571400173,1.2439817856849744,1.2441576387656603,1.2441151689742749,1.2438762353773138,-0.002173109397125541,0.27924058123270634,0.4313537171451052,0.5284257145592463,0.601616435076437,0.6462783231539897,0.6850673941100944,0.7158939137582049,0.7436910466053832
426,2.9081105516657026,0.0041517091911966175,0.008566916978452355,8.474545741464997,1.602885682970026e-06,1.244961977087178,1.2446813373952847,1.243931240112359,1.244173290233392,1.2559505285202763,1.2439784337936062,1.2441539449636394,1.2441115010481514,1.243872969911389,-0.0021748097509447645,0.2792389178774147,0.4313521326323782,0.5284241429789273,0.6016176064573516,0.646276754544928,0.6850656941343415,0.7158922315929425,0.7436910466053832
427,2.9081202557663626,0.004151742130465136,0.008454874972812831,8.475980020681895,1.5872728172265144e-06,1.2449579976646918,1.2446775468039906,1.2439276887010107,1.2441697984550089,1.2559539666406776,1.243975113582364,1.2441502884026039,1.244107868918691,1.243869734798999,-0.00217649201488881,0.27923727127071024,0.4313505633813813,0.5284225866418393,0.6016187682164568,0.6462752010657911,0.6850640113022335,0.7158905661348504,0.7436910466053832
428,2.9081298620331895,0.0041517747392110955,0.008504958997946233,8.469839305216302,1.5718506522858574e-06,1.244954060874324,1.2446737959442842,1.2439241713978222,1.244166340860757,1.2559573720728243,1.2439718247574667,1.2441466686300537,1.244104272079694,1.2438665296609608,-0.002178156867017387,0.27923564132719536,0.4313490092079281,0.5284210453901345,0.6016199204397048,0.6462736625670773,0.6850623454128807,0.7158889171525232,0.7436910466053832
429,2.9081393716897344,0.004151807024702315,0.0085054169758223,8.478833245784278,1.5566199398026138e-06,1.2449501653198016,1.2446700831543145,1.2439206880110354,1.2441629165621522,1.2559607447012908,1.243968566779446,1.2441430849648578,1.2441007103111055,1.2438633543417863,-0.0021798045192500397,0.27923402756894455,0.4313474699776237,0.5284195189508093,0.601621063039488,0.6462721387899077,0.6850606961681533,0.7158872845061558,0.7436910466053832
430,2.908148787083935,0.004151838989842149,0.008532667008694261,8.473457731430672,1.5415814221002266e-06,1.2449463108395213,1.2446664084144639,1.2439172379893604,1.2441595253368478,1.255964085163656,1.2439653393556274,1.2441395369139066,1.2440971831020202,1.2438602083623518,-0.002181435045809692,0.2792324298985851,0.43134594547462013,0.5284180071709712,0.6016221961906003,0.6462706295936408,0.6850590633718614,0.7158856679589218,0.7436910466053832
431,2.908158108822186,0.004151870643546497,0.008407417044509202,8.481234944053265,1.5267358321348285e-06,1.244942496246006,1.2446627702116557,1.2439138211408034,1.2441561664383503,1.255967393087594,1.2439621420806917,1.244136023855241,1.2440936901657322,1.2438570916161253,-0.0021830484979354792,0.2792308478683521,0.4313444355616072,0.5284165098142662,0.6016233191675442,0.6462691347367413,0.6850574467486092,0.7158840673540396,0.7436910466053832
432,2.9081673386857854,0.004151901984093041,0.00849845795892179,8.472273724574556,1.5120838934595347e-06,1.244938721603472,1.2446591689962105,1.24391043683315,1.2441528397950248,1.2559706697415982,1.2439589746008235,1.2441325455362027,1.2440902308569675,1.2438540035100862,-0.002184645299285734,0.2792292814915776,0.43134294000415097,0.528415026749985,0.6016244331676859,0.6462676541279584,0.6850558461622813,0.7158824824222858,0.7436910466053832
433,2.9081764774988055,0.004151933013667461,0.008462500001769513,8.450153827501982,1.4976263201891611e-06,1.2449349875823121,1.2446556061810536,1.2439070843519886,1.2441495458082605,1.2559739158040144,1.2439558368540884,1.2441291014353297,1.2440868046964648,1.2438509434171883,-0.002186225953522536,0.2792277310299428,0.4313414585820131,0.5284135579825328,0.6016255378458671,0.646266187698321,0.6850542614643628,0.7158809128987152,0.7436910466053832
434,2.9081855244711186,0.0041519637378339596,0.008374375000130385,8.467454126524782,1.4833638169654358e-06,1.2449312923957934,1.2446520793561506,1.2439037635158616,1.2441462832492702,1.2559771315502033,1.243952728113398,1.2441256911003875,1.2440834113185368,1.2438479111500655,-0.002187790419020772,0.2792261957935419,0.4313399911181831,0.5284121031301484,0.6016266339637214,0.6462647351375673,0.6850526923533037,0.7158793586296318,0.7436910466053832
435,2.908194482914512,0.004151994161427403,0.008466583967674524,8.461392992610465,1.469297078922643e-06,1.244927635822392,1.2446485884428617,1.243900473863009,1.2441430517946417,1.2559803173540065,1.2439496480556704,1.2441223142491173,1.24408005014532,1.2438449062443744,-0.0021893387900211057,0.2792246756880789,0.43133853743368133,0.5284106620279857,0.6016277211868509,0.6462632962648927,0.6850511386657431,0.7158778193765906,0.7436910466053832
436,2.9082033532899865,0.004152024290647968,0.00859287497587502,8.465743826630149,1.4554267916537485e-06,1.2449240167889324,1.244645132340621,1.2438972150877579,1.2441398507442063,1.255983473397942,1.2439465961989569,1.2441189702059772,1.2440767208673413,1.2438419284908762,-0.0021908714869774888,0.2792231703619828,0.4313370973643152,0.5284092344352548,0.6016287995245078,0.6462618708251862,0.685049600109941,0.7158762949598089,0.7436910466053832
437,2.908212137592978,0.004152054130248845,0.008556374988984317,8.463256628479625,1.4417536311769883e-06,1.2449204347870595,1.2446417106604786,1.2438939867626264,1.2441366797401179,1.2559866000397322,1.2439435720858434,1.2441156586084101,1.2440734230312105,1.2438389774656304,-0.0021923888460951895,0.2792216796320112,0.4313356707216674,0.5284078201827678,0.6016298689637162,0.6462604585615613,0.6850480764674671,0.7158747851596282,0.7436910466053832
438,2.908220836876631,0.004152083681821262,0.008507666003424674,8.457652163264713,1.428278263902912e-06,1.2449168897010894,1.2446383232943758,1.2438907883192625,1.244133538543844,1.2559896980088787,1.2439405755178916,1.2441123789835336,1.2440701560361436,1.2438360526866294,-0.002193890823767009,0.27922020337310893,0.4313342572803256,0.52840641910765,0.6016309298969039,0.6462590594533468,0.6850465675867011,0.7158732897400121,0.7436910466053832
439,2.9082294519512986,0.004152112952175388,0.008452625013887882,8.46270682451191,1.4150013466019114e-06,1.2449133802783188,1.2446349691099108,1.2438876194419655,1.2441304264640383,1.2559927674286806,1.2439376059369656,1.244109130654243,1.2440669195828782,1.2438331539279692,-0.0021953780192659144,0.27921874122635204,0.4313328568735496,0.5284050309700377,0.6016319823221149,0.6462576731875548,0.6850450731491312,0.7158718085123466,0.7436910466053832
440,2.9082379849962323,0.004152141942554215,0.008529416983947158,8.45360296104771,1.401923526372203e-06,1.2449099066712193,1.2446316483109148,1.2438844795484603,1.2441273434074482,1.2559958090659247,1.2439346630883859,1.2441059133002872,1.2440637131100334,1.2438302806450772,-0.002196850345956709,0.27921729314527355,0.4313314692780502,0.5284036556462086,0.6016330265957608,0.6462562996766069,0.6850435930142333,0.7158703412350679,0.7436910466053832
441,2.9082464362737968,0.004152170658025135,0.008498916984535754,8.448004441598801,1.3890454406082965e-06,1.2449064684341982,1.2446283606831503,1.2438813681555974,1.2441242890255364,1.2559988233002495,1.243931746669342,1.2441027263004443,1.2440605361985182,1.2438274324421479,-0.002198308239030286,0.2792158589897165,0.43133009429694746,0.5284022929649145,0.6016340625206302,0.6462549387540599,0.6850421269540243,0.7158688876915729,0.7436910466053832
442,2.908254806827942,0.004152199105044196,0.00893320795148611,8.451578917339747,1.3763677169699216e-06,1.2449030645412857,1.2446251052040265,1.2438782849641867,1.2441212626505989,1.2560018103257242,1.2439288561116013,1.2440995690808168,1.2440573884435615,1.2438246090286993,-0.0021997520830419294,0.279214438425148,0.43132873176367775,0.5284009426895624,0.6016350900839141,0.6462535901083457,0.6850406746713085,0.7158674476728041,0.7436910466053832
443,2.9082630984934608,0.004152227289593373,0.008616167004220188,8.454418691026559,1.3638909733514451e-06,1.2448996941824937,1.2446218809337128,1.2438752296020412,1.2441182636677863,1.2560047702833392,1.2439259909470697,1.2440964412123812,1.2440542693998178,1.2438218101163514,-0.0022011819601157967,0.27921303113934876,0.4313273815025372,0.528399604592858,0.6016361091580733,0.6462522534996438,0.6850392359372216,0.7158660209802009,0.7436910466053832
444,2.9082713127078446,0.004152255213851519,0.008590332989115268,8.453558477998657,1.3516158178517484e-06,1.2448963568247375,1.2446186873438723,1.2438722015789907,1.2441152916654352,1.2560077038647173,1.2439231508526873,1.244093342182506,1.2440511785741208,1.243819035303576,-0.002202598063794073,0.27921163690393735,0.43132604329670976,0.5283982784731769,0.6016371203183472,0.6462509288332744,0.6850378105480419,0.7158646073964894,0.7436910466053832
445,2.9082794509737835,0.00415228287995331,0.008464499958790839,8.442135800471526,1.3395428487445914e-06,1.2448930526026323,1.2446155247885695,1.243869200334137,1.244112346530865,1.2560106117874124,1.243920335571935,1.2440902716205053,1.2440481153954503,1.2438162840190976,-0.002204000532749223,0.27921025571401786,0.4313247169338311,0.5283969642060258,0.601638123703877,0.6462496160090776,0.6850363983593792,0.7158632066713579,0.7436910466053832
446,2.9082875135395234,0.004152310295569354,0.008495540998410434,8.453461840838953,1.3276726544494572e-06,1.2448897800163607,1.2446123916028335,1.2438662256145878,1.2441094273406943,1.2560134940612702,1.2439175444055146,1.2440872289900657,1.2440450795745952,1.243813556093446,-0.002205389736717468,0.27920888707586206,0.4313234022495792,0.5283956614971348,0.6016391193501311,0.6462483146393204,0.6850349990497515,0.7158618186370393,0.7436910466053832
447,2.9082955029142217,0.0041523374642728084,0.008519083028659225,8.446565562824386,1.3160058135028686e-06,1.244886538905178,1.2446092877947463,1.243863276875804,1.2441065338452242,1.2560163512705322,1.2439147770523713,1.2440842138364596,1.2440420705771924,1.2438108510235746,-0.0022067659137887455,0.27920753089383915,0.43132209902501845,0.5283943701868885,0.6016401072839287,0.6462470245822054,0.6850336124289936,0.7158604430499981,0.7436910466053832
448,2.9083034198033317,0.004152364390274877,0.008542875002603978,8.446374025415151,1.3045428945301953e-06,1.2448833285781393,1.2446062127392528,1.2438603536752175,1.2441036655962576,1.2560191838518202,1.2439120330765272,1.2440812256109106,1.244039087967456,1.243808168449424,-0.0022081293940580025,0.27920618692231347,0.43132080706020504,0.5283930900783136,0.6016410877580551,0.6462457456308973,0.6850322382512732,0.7158590796962637,0.7436910466053832
449,2.9083112657215078,0.004152391077426836,0.008682333980686963,8.445890952518301,1.2932844562179345e-06,1.2448801484506118,1.2446031658524783,1.2438574555555755,1.2441008221098675,1.2560219922918114,1.243909312071458,1.2440782639178796,1.2440361312417565,1.2438055079766963,-0.002209480329464539,0.27920485492688607,0.43131952615322533,0.5283918209597022,0.6016420610026217,0.646244477608596,0.6850308763158252,0.7158577283574865,0.7436910466053832
450,2.90831904202317,0.004152417529848169,0.008669041970279068,8.442924954176634,1.2822310472864884e-06,1.2448769980893852,1.2446001467582106,1.2438545820595919,1.244098002997609,1.2560247770520254,1.2439066136336454,1.2440753282475185,1.2440331999002159,1.2438028691801,-0.0022108188796406783,0.27920353472567644,0.43131825610665236,0.5283905626470807,0.6016430271366694,0.6462432203238019,0.6850295263982263,0.7158563888004252,0.7436910466053832
451,2.908326749717832,0.004152443752473141,0.008505832985974848,8.442254844263422,1.2713832064634127e-06,1.2448738769409937,1.2445971548626018,1.2438517327104073,1.2440952078058514,1.2560275384899797,1.243903937389633,1.2440724180387719,1.2440302934899543,1.2438002516325406,-0.002212145212094718,0.2792022260763125,0.43131699671118146,0.528389314937152,0.6016439861346042,0.6462419736061057,0.6850281882745971,0.7158550608167723,0.7436910466053832
452,2.908334390093862,0.004152469748167649,0.008490750042255968,8.445378903613703,1.2607414624571648e-06,1.2448707842150957,1.2445941892929586,1.2438489070574579,1.2440924359597283,1.2560302772008096,1.2439012829301617,1.2440695328663667,1.244027411615691,1.2437976550150731,-0.002213459535636299,0.27920092865727814,0.43131574774384307,0.5283880775890119,0.6016449386008066,0.6462407373043938,0.6850268617311849,0.7158537442146179,0.7436910466053832
453,2.9083419650716924,0.004152495523544902,0.008441250014584512,8.444188344078396,1.2503063339313353e-06,1.2448677193047397,1.2445912495580589,1.2438461047036495,1.244089686940686,1.2560329933843206,1.243898649727983,1.2440666722047393,1.2440245537778287,1.2437950789492975,-0.0022147621328175485,0.2791996422793024,0.43131450904325236,0.5283868504057347,0.6016458842378235,0.6462395111042667,0.6850255465053926,0.7158524387596513,0.7436910466053832
454,2.9083494756445467,0.0041525210809369795,0.008522666001226753,8.438279663133414,1.240078329479367e-06,1.2448646820137648,1.2445883355403682,1.2438433250991592,1.2440869605194964,1.2560356877358065,1.2438960374624017,1.2440638357076859,1.2440217194446623,1.243792522905741,-0.0022160531676834777,0.27919836680561927,0.43131328037576033,0.5283856332266296,0.6016468233865953,0.6462382948773779,0.6850242424266707,0.7158511442147776,0.7436910466053832
455,2.9083569227063246,0.004152546428084094,0.008591999998316169,8.437041029987821,1.2300579475997657e-06,1.2448616715511862,1.2445854467026891,1.2438405678537925,1.2440842561549752,1.2560383603943732,1.2438934456422925,1.2440610227494528,1.244018908136651,1.2437899865543065,-0.002217333260827678,0.27919710203002185,0.4313120615734347,0.5283844258448289,0.6016477555516242,0.6462370883092118,0.6850229492082087,0.7158498603448294,0.7436910466053832
456,2.908364307622449,0.004152571566675423,0.008468167041428387,8.436281778236953,1.2202456766718096e-06,1.2448586874542518,1.2445825824889278,1.2438378324255148,1.2440815734145931,1.2560410120630199,1.243890873876155,1.2440582328884102,1.2440161193971488,1.2437874694337643,-0.0022186023992104243,0.27919584771023087,0.43131085240247324,0.5283832280482339,0.6016486814567344,0.646235891294592,0.6850216666603733,0.7158485869446425,0.7436910466053832
457,2.908371631801038,0.004152596503064717,0.008477458031848073,8.436435511824707,1.2106419949317388e-06,1.2448557290053905,1.2445797422565614,1.2438351184237413,1.244078911755118,1.25604364296945,1.243888321646529,1.2440554656209593,1.244013352754478,1.2437849711953193,-0.0022198609090145417,0.2791946036070587,0.43130965268481,0.5283820396268539,0.6016496009058367,0.6462347035397398,0.6850203945271894,0.7158473237902317,0.7436910466053832
458,2.908378896539627,0.004152621238762569,0.008610707998741418,8.430001787543107,1.2012473704494538e-06,1.244852796181732,1.244576925890056,1.2438324252462802,1.2440762709253883,1.2560462538672448,1.2438857887162749,1.2440527204471068,1.244010607636053,1.243782491312769,-0.0022211085945758784,0.2791933695880775,0.43130846218066154,0.5283808604098801,0.6016505143635809,0.6462335250021376,0.6850191326411573,0.7158460706401191,0.7436910466053832
459,2.9083861025161677,0.004152645781001895,0.008512749976944178,8.43825909699502,1.1920622611056974e-06,1.2448498875944878,1.244574132091338,1.243829752603414,1.2440736501470353,1.2560488448875538,1.2438832744898547,1.2440499968242573,1.244007883724563,1.2437800295468655,-0.002222346204729884,0.2791921452408747,0.43130728071115015,0.5283796901302984,0.6016514218104072,0.6462323553437134,0.6850178807019421,0.7158448273146341,0.7436910466053832
460,2.90839325226058,0.004152670133158302,0.008477790979668498,8.43562208430262,1.1830871145697413e-06,1.2448470028059677,1.2445713604993318,1.2438270999839698,1.24407104902634,1.256051416594495,1.2438807785802317,1.244047294259186,1.244005180488421,1.2437775854372413,-0.0022235738841064317,0.27919093038485815,0.4313061080637953,0.5283785285918677,0.6016523235268767,0.6462311944154672,0.6850166385072229,0.7158435935799196,0.7436910466053832
461,2.9084003469265967,0.0041526942999424,0.008581625006627291,8.436514607504805,1.174322368277565e-06,1.2448441412332236,1.2445686104436493,1.2438244669713694,1.2440684670620283,1.2560539693724062,1.2438783005691447,1.244044612193355,1.2440024974727024,1.2437751586312193,-0.0022247917689254193,0.2791897247602924,0.43130494403758285,0.5283773755809786,0.6016532196151901,0.6462300420211887,0.6850154058149096,0.7158423692196869,0.7436910466053832
462,2.9084073878280257,0.004152718286887263,0.008581750036682934,8.43504240175652,1.1657684494105386e-06,1.2448413023058695,1.2445658814774225,1.243821853089334,1.2440659037627761,1.2560565036031557,1.2438758399722505,1.2440419501928004,1.2439998341991525,1.2437727486904893,-0.0022260002183241007,0.2791885281671717,0.43130378843446526,0.5283762308950701,0.6016541099955546,0.64622889788684,0.6850141823865931,0.7158411540058619,0.7436910466053832
463,2.9084143761760632,0.004152742095304239,0.008377708960324526,8.424685483736747,1.1574257748745992e-06,1.2448384862507482,1.2445631738026748,1.2438192577360174,1.2440633589894445,1.2560590200919266,1.2438733965026014,1.2440393078334246,1.243997190036879,1.2437703550148027,-0.002227199047294781,0.2791873405533684,0.4313026410202271,0.5283750943936482,0.6016549950743724,0.6462277619357392,0.685012968069713,0.7158399476773876,0.7436910466053832
464,2.9084213121808515,0.004152765732780689,0.008607209019828588,8.432917274439086,1.1492947512799328e-06,1.2448356917249397,1.2445604861543293,1.243816680566912,1.2440608319557913,1.2560615189518944,1.2438709695617278,1.2440366845905044,1.2439945646564667,1.2437679773645318,-0.0022283888576159817,0.27918616151583453,0.43130150160693714,0.5283739658021062,0.6016558747389665,0.6462266338176712,0.6850117625601371,0.715838750046957,0.7436910466053832
465,2.9084281982007716,0.004152789202939088,0.008571624988690019,8.428073431111601,1.1413757749211606e-06,1.2448329184557216,1.2445578183234514,1.2438141210320086,1.2440583223703572,1.2560640007285864,1.2438685587843965,1.244034079949426,1.2439919575082703,1.2437656152334307,-0.0022295698309248596,0.27918499089988996,0.43130036996653925,0.5283728449494175,0.601656749155807,0.6462255133778818,0.685010565649634,0.7158375608711293,0.7436910466053832
466,2.9084350351729267,0.004152812510294033,0.008475209004245698,8.430396558765358,1.1336692317580158e-06,1.244830165749933,1.2445551695184478,1.2438115787209763,1.244055829619225,1.2560664658662566,1.2438661637369748,1.2440314934151673,1.2439893681690082,1.2437632682225428,-0.0022307420887699506,0.2791838284188799,0.4312992459020355,0.5283717315949302,0.6016576185327367,0.6462244004140596,0.6850093771015724,0.7158363799460321,0.7436910466053832
467,2.908441824628546,0.004152835656858533,0.008518791990354657,8.417704062909705,1.1261754973965417e-06,1.2448274336846878,1.2445525401087636,1.2438090530054062,1.2440533535880312,1.256068915142185,1.2438637840864541,1.2440289245962686,1.2439867959418227,1.2437609357474622,-0.0022319058868143326,0.2791826740708197,0.43129812918561355,0.5283706256042319,0.6016584831566142,0.6462232948165506,0.6850081967710377,0.7158352069951724,0.7436910466053832
468,2.908448567013227,0.004152858648334404,0.008507582999300212,8.422517044424731,1.1188949370707787e-06,1.2448247213365176,1.2445499290913054,1.2438065434785746,1.2440508936062709,1.2560713488900825,1.2438614192666964,1.2440263729209784,1.243984240455333,1.243758617459246,-0.0022330614976282135,0.27918152751187175,0.4312970196143368,0.5283695267265729,0.6016593432093794,0.6462221962873893,0.6850070243700241,0.7158340418168289,0.7436910466053832
469,2.908455264155916,0.004152881490010604,0.008582375012338161,8.419878598668879,1.1118279056249653e-06,1.244822028256103,1.2445473360300403,1.2438040496695084,1.2440484492305723,1.2560737674647446,1.243859068829497,1.2440238379548982,1.2439817011775332,1.2437563129541804,-0.0022342090578720895,0.2791803885436459,0.4312959169853231,0.5283684347625203,0.6016601985802368,0.6462211045903778,0.6850058596754354,0.7158328841755363,0.7436910466053832
470,2.9084619170303605,0.004152904185401918,0.008528459002263844,8.41467499474701,1.1049747474962444e-06,1.24481935395366,1.2445447606551663,1.2438015710442993,1.2440460201336108,1.256076171479198,1.2438567324241339,1.2440213192240677,1.2439791776628206,1.2437540217431393,-0.0022353490420779503,0.2791792569912274,0.43129482106433176,0.5283673495270365,0.6016610495071376,0.6462200195681925,0.6850047024765119,0.715831733847861,0.7436910466053832
471,2.9084685270129826,0.004152926738587557,0.008517707989085466,8.416393712650118,1.0983357966978744e-06,1.2448166976804254,1.2445422022102397,1.2437991071879362,1.2440436057502433,1.2560785613974002,1.2438544095650221,1.2440188161038217,1.2439766693671725,1.2437517434297316,-0.0022364816944061357,0.279178132579323,0.4312937316566454,0.5283662707917102,0.6016618963995538,0.6462189410278906,0.6850035525226479,0.7158305906023888,0.7436910466053832
472,2.908475095788895,0.0041529491544312425,0.008529958024155349,8.427698122059551,1.0919113768029524e-06,1.2448140583805993,1.244539659235974,1.2437966577010107,1.2440412052381227,1.2560809375194344,1.243852099810177,1.244016328122212,1.2439741759525242,1.2437494777994131,-0.002237606929142712,0.2791770148472511,0.431292648548912,0.5283651982525326,0.6016627395723314,0.6462178688060002,0.6850024095864351,0.7158294542782758,0.7436910466053832
473,2.9084816255794816,0.004152971437507472,0.008491125016007572,8.416640924656583,1.085701800928638e-06,1.244811435993606,1.2445371320201704,1.2437942220013565,1.244038818402978,1.2560833004638203,1.243849802717125,1.2440138548994584,1.2439716968165435,1.2437472242235887,-0.0022387251768973375,0.2791759037688958,0.4312915715188573,0.5283641317653005,0.6016635788856876,0.6462168026370464,0.6850012734572151,0.7158283246006634,0.7436910466053832
474,2.908488116804459,0.004152993593722422,0.008499082992784679,8.417553476221144,1.0797073717209012e-06,1.244808829788364,1.2445346198784257,1.2437917996772982,1.2440364447352967,1.256085650471443,1.2438475177318635,1.244011395870209,1.243969231504573,1.2437449823248292,-0.002239836801256014,0.2791747990881608,0.431290500378136,0.5283630711264726,0.6016644143388138,0.6462157422217697,0.6850001438606762,0.7158272013432578,0.7436910466053832
475,2.9084945708936636,0.004153015627119362,0.008509374980349094,8.418229270441865,1.0739283813397635e-06,1.244806239125968,1.2445321221777743,1.2437893902632997,1.2440340836851382,1.2560879880713662,1.2438452444181098,1.2440089504730527,1.243966779546558,1.2437427516922346,-0.002240942004076592,0.27917370055410695,0.43128943491596716,0.5283620161038798,0.6016652462373063,0.6462146873789931,0.6849990205624081,0.7158260842897071,0.7436910466053832
476,2.9085009893592506,0.004153037541635593,0.00857795897172764,8.41265892909792,1.068365111445064e-06,1.244803663694669,1.2445296387185714,1.2437869932233803,1.2440317349153946,1.2560903138077777,1.2438429824211916,1.2440065181501556,1.2439643404027834,1.2437405317939243,-0.0022420410432812377,0.27917260801884763,0.4312883749115881,0.528360966516478,0.6016660746933465,0.6462136379533232,0.6849979033470677,0.7158249731974918,0.7436910466053832
477,2.908507373208088,0.004153059342248131,0.008631000004243106,8.409537352847511,1.0630178331827277e-06,1.2448011030240829,1.2445271691041713,1.2437846080601787,1.244029398022063,1.2560926281049296,1.243840731261229,1.2440040984395788,1.24396191358478,1.2437383221861114,-0.0022431341329494695,0.2791715212847972,0.4312873201459212,0.52835992216866,0.6016668997108978,0.6462125936955768,0.6849967919815768,0.7158238678325347,0.7436910466053832
478,2.908513723498717,0.004153081034624187,0.008427584019955248,8.411675542555981,1.0578868071715544e-06,1.2447985564149788,1.2445247125522758,1.2437822343396643,1.2440270724160567,1.2560949312483327,1.2438384904164366,1.2440016909471974,1.2439594985991698,1.2437361224926107,-0.0022442214640235394,0.27917044006808517,0.4312862704205754,0.5283588828299811,0.6016677212845903,0.6462115543346166,0.6849956862337465,0.7158227679758093,0.7436910466053832
479,2.908520041676255,0.0041531026202815315,0.00851045799208805,8.40548572043035,1.0529722834905124e-06,1.244796023564524,1.2445222689046054,1.2437798714908292,1.2440247577879138,1.256097224068629,1.2438362595650674,1.2439992951236116,1.2439570948535044,1.2437339321869694,-0.0022453032603793953,0.27916936422781574,0.4312852255007418,0.5283578483134185,0.6016685400632059,0.6462105197972478,0.6849945859148027,0.7158216733794308,0.7436910466053832
480,2.9085263289706003,0.004153124103814234,0.008612249977886677,8.400871318540794,1.0482745016665526e-06,1.2447935040277063,1.2445198378148266,1.2437775189969864,1.2440224537309832,1.256099507003271,1.2438340382909812,1.2439969105610158,1.2439547018683228,1.2437317507859709,-0.002246379787802548,0.2791682935800958,0.43128418516665007,0.5283568184226386,0.6016693560594842,0.6462094898812756,0.6849934908197108,0.7158205838207724,0.7436910466053832
481,2.908532586507338,0.004153145490359845,0.00854445795994252,8.412987113427887,1.0437936906629338e-06,1.2447909967366655,1.2445174178325196,1.243775176501481,1.2440201593922222,1.2561017804269734,1.2438318260297678,1.2439945366278977,1.2439523192778186,1.2437295780292437,-0.0022474510348958004,0.27916722766377217,0.43128314921072397,0.5283557928551507,0.6016701697131972,0.6462084643391087,0.6849924006600367,0.7158194991144261,0.7436910466053832
482,2.9085388164857107,0.0041531667869042985,0.00854745804099366,8.412270124609885,1.039530068868062e-06,1.2447885010415591,1.2445150084414514,1.2437728435564912,1.2440178742604149,1.2561040445676384,1.2438296222611946,1.243992172845319,1.2439499466292114,1.2437274135216525,-0.0022485174195872224,0.2791661662621855,0.43128211743630845,0.5283547714021035,0.6016709806696979,0.6462074428479357,0.6849913151725106,0.715818419033079,0.7436910466053832
483,2.9085450201103322,0.00415318799602797,0.00852799997664988,8.412374121931668,1.0354838440848502e-06,1.2447860164601028,1.2445126090936471,1.2437705196394957,1.2440155978967704,1.2561063000882327,1.2438274265754323,1.2439898187352065,1.243947583403954,1.2437252567875172,-0.002249579068402265,0.2791651091320874,0.43128108960851974,0.5283537538496615,0.6016717894965811,0.6462064252704265,0.6849902341559705,0.7158173433523842,0.7436910466053832
484,2.9085511988502626,0.004153209123405374,0.008554792031645775,8.408669988902096,1.0316552135205838e-06,1.2447835425343607,1.2445102194942725,1.2437682042651406,1.2440133298734988,1.256108547346979,1.2438252384580917,1.2439874737837486,1.2439452290714954,1.2437231073391248,-0.0022506363035469687,0.2791640561164263,0.4312800655310752,0.5283527400071142,0.6016725960700784,0.6462054113242062,0.6849891573632234,0.7158162718265642,0.7436910466053832
485,2.908557353666592,0.004153230173178616,0.008448665961623192,8.40302107276519,1.0280443637773162e-06,1.244781079013666,1.2445078394412923,1.2437658968829453,1.2440110699068672,1.2561107868637034,1.2438230575324494,1.2439851374880662,1.2439428830907295,1.2437209646570946,-0.0022516892823666174,0.27916300705727276,0.43127904496786357,0.5283517297003775,0.6016734004344553,0.6462044008316468,0.6849880845816176,0.7158152042102764,0.7436910466053832
486,2.908563485412729,0.004153251150438485,0.008588208991568536,8.405608249827127,1.02465147084277e-06,1.244778625101595,1.2445054681745062,1.2437635970587129,1.2440088173035855,1.256113019085613,1.243820883316778,1.2439828092899872,1.243940544974559,1.243718828369011,-0.00225273834125083,0.27916196168249524,0.43127802772489077,0.5283507226682846,0.6016742027716356,0.6462033935756027,0.684987015564745,0.7158141402846682,0.7436910466053832
487,2.9085695958486895,0.0041532720571775305,0.008509999956004322,8.397121404627773,1.0214767000817597e-06,1.2447761806610376,1.244503105670578,1.243761304252603,1.2440065718139877,1.2561152447541841,1.2438187154436848,1.2439804888168446,1.2439382141393425,1.243716697902999,-0.002253783606242961,0.2791609198832656,0.43127701357434806,0.5283497187449311,0.601675003522371,0.6462023894271453,0.6849859501443916,0.7158130798019597,0.7436910466053832
488,2.908575685760792,0.004153292901473072,0.008586165960878134,8.409552465334032,1.0185202062281336e-06,1.2447737444326703,1.2445007504349077,1.2437590181263334,1.2440043325513066,1.2561174638284118,1.2438165533820091,1.243978175408192,1.243935890230389,1.2437145731148203,-0.002254825275272121,0.2791598812070004,0.43127600233521135,0.5283487176337435,0.6016758024300626,0.6462013881027522,0.6849848880211755,0.7158120225843831,0.7436910466053832
489,2.9085817573730033,0.004153313686493153,0.008586417010519654,8.404836611163079,1.0157821333772303e-06,1.244771316096925,1.2444984023008878,1.2437567381119468,1.2440020991924274,1.2561196770180907,1.243814396617451,1.243975868617253,1.2439335727353156,1.2437124533913093,-0.002255863696698724,0.2791588455025492,0.4312749937672777,0.5283477191523291,0.6016765999385839,0.6462003893599702,0.68498382896645,0.7158109683857348,0.7436910466053832
490,2.9085878117846824,0.004153334415173138,0.008604833972640336,8.392662625879733,1.013262614978859e-06,1.2447688956785157,1.2444960615123142,1.243754463573276,1.2439998715808622,1.2561218850291922,1.2438122448117956,1.2439735680512467,1.2439312610523843,1.2437103381297443,-0.002256899090690063,0.27915781272389917,0.43127398762493696,0.5283467231529295,0.6016773961880547,0.6461993930492401,0.6849827728053279,0.7158099169428103,0.7436910466053832
491,2.9085938494933723,0.004153355090254932,0.008439292025286704,8.383581632615773,1.0109617738307905e-06,1.2447664829812062,1.2444937279889097,1.2437521938836618,1.2439976494827862,1.2561240884698526,1.2438100976553013,1.243971273298561,1.2439289546417398,1.2437082268318,-0.002257931641802555,0.2791567827458852,0.4312729836630426,0.5283457294683893,0.6016781914295053,0.6461983990706959,0.6849817193740153,0.7158088680205694,0.7436910466053832
492,2.908599871442005,0.004153375719311315,0.008710082969628274,8.4003693108022,1.0088797220727778e-06,1.2447640764896641,1.2444913999818317,1.2437499288570495,1.2439954318375155,1.2561262874685397,1.2438079544005842,1.2439689836722112,1.2439266531133868,1.2437061192427947,-0.0022589617323886396,0.2791557550576678,0.43127198172951553,0.5283447377690618,0.6016789858735813,0.6461974070341457,0.6849806683243629,0.7158078214280598,0.7436910466053832
493,2.9086058803208,0.00415339630684873,0.00857700000051409,8.399268945737584,1.0070165611810854e-06,1.2447616757867652,1.244489077016085,1.2437476679767863,1.243993218161525,1.2561284825033048,1.2438058145964237,1.243966698669401,1.2439243559678481,1.2437040148982674,-0.002259989390452679,0.27915472944254455,0.43127098160117344,0.5283437478366932,0.6016797796369986,0.6461964167331672,0.6849796194308873,0.7158067769375979,0.7436910466053832
494,2.9086118771962397,0.004153416856531175,0.008518457994796336,8.388932062272872,1.005372381963547e-06,1.244759280826738,1.2444867592054583,1.2437454106481285,1.2439910082181422,1.2561306741999452,1.2438036778896961,1.2439644179427638,1.2439220625910667,1.243701913203079,-0.002261014803499291,0.27915370582622223,0.43126998304390896,0.5283427595074737,0.6016805727187162,0.646195427999474,0.6849785725227406,0.7158057342916393,0.7436910466053832
495,2.90861786261332,0.004153437371617066,0.0084071250166744,8.395333194198054,1.0039472645551373e-06,1.2447568907259754,1.2444844455323807,1.243743156401446,1.2439888013880083,1.256132863139046,1.2438015437756558,1.2439621409330592,1.243919772589248,1.2436998138020336,-0.0022620381722930133,0.2791526838446909,0.43126898581985973,0.5283417725215663,0.6016813658265922,0.646194440646881,0.6849775273485447,0.7158046932908289,0.7436910466053832
496,2.908623838695984,0.00415345785850539,0.008497499977238476,8.39464364638822,1.002741278414069e-06,1.244754504857403,1.2444821354643831,1.2437409047892247,1.2439865971436277,1.2561350495842294,1.2437994117293103,1.243959867049421,1.2439174854765278,1.2436977162727614,-0.0022630598254857566,0.2791516632853255,0.4312679897410506,0.5283407866688262,0.6016821587792989,0.6461934543770588,0.6849764836381145,0.7158036537050816,0.7436910466053832
497,2.9086298066489964,0.0041534783213265205,0.008565708994865417,8.387655586194622,1.0017544823184053e-06,1.2447521229234846,1.2444798288988141,1.2437386552575702,1.2439843951559908,1.2561372341100827,1.2437972813989135,1.2439575958050275,1.2439152006606473,1.2436956200466835,-0.002264080113791138,0.2791506440179497,0.43126699457572637,0.5283398017645037,0.6016829516227136,0.6461924690310196,0.6849754411878308,0.7158026152766729,0.7436910466053832
498,2.908635767489844,0.004153498764863437,0.008606834046076983,8.394861617711276,1.0009869243631953e-06,1.244749744083929,1.2444775247519297,1.2437364074232073,1.2439821947115903,1.25613941708363,1.2437951522073751,1.2439553267031715,1.243912917758335,1.2436935248124683,-0.0022650991012213764,0.279149625679671,0.4312660001234591,0.5283388175444017,0.6016837447095857,0.6461914843509061,0.6849743997473453,0.7158015778180707,0.7436910466053832
499,2.908641723007232,0.004153519193770212,0.008483499987050891,8.394469061045685,1.000438641958131e-06,1.2447473677495566,1.2444752224921194,1.2437341608274703,1.2439799952853052,1.256141598943321,1.243793023709534,1.2439530591623658,1.243910636242535,1.2436914301308992,-0.002266117038493203,0.27914860805346187,0.4312650061863569,0.5283378337875303,0.6016845381830832,0.6461905001430845,0.6849733590829256,0.7158005410987774,0.7436910466053832
500,2.9086476745697443,0.00415353961198399,0.008644625020679086,8.387242679857223,1.0001096618257237e-06,1.2447449936860546,1.24447292206288,1.243731914881296,1.2439777966346626,1.2561437802735032,1.2437908954489358,1.2439507927263629,1.2439083555775847,1.243689335431284,-0.002267134288358676,0.27914759101511727,0.4312640125218387,0.5283368503323774,0.6016853322057039,0.6461895161760661,0.6849723189710359,0.7157995048647551,0.7436910466053832
