iteration,training_loss,validation_loss,iter_time,raw_grad_norm,lr,t0,t1,t2,t3,t4,t5,t6,t7,t8,t9,t10,t11,beta0,beta1,beta2,beta3,beta4,beta5,beta6,beta7,beta8,beta9,beta10,beta11
0,1.9492001457726673,0.0016235802486169017,0.2521884580492042,,,1.2500000000000002,1.2500000000000002,1.2500000000000002,1.2500000000000002,1.2500000000000002,1.2500000000000002,1.2500000000000002,1.2500000000000002,1.2500000000000002,1.2500000000000002,1.2500000000000002,1.2500000000000002,0.0,0.2817535251253208,0.43404278278030195,0.5310638054044796,0.5987785940560387,0.6489233261224009,0.6876458540105603,0.7184998534591345,0.7436910466053832,0.7646647176173081,0.7824092432280134,0.7976243809601434
1,1.9492001457726673,0.0016235885499806017,0.40213208302157,7.2534555522021185,1.0000000000000006e-06,1.250002236067683,1.2499977639343152,1.2499977639343947,1.2500022360676841,1.2499977639343092,1.2499977639343203,1.2499977639343172,1.2499977639343098,1.250002236067677,1.2499977639343092,1.2499977639343098,1.2499977639343196,9.999994203454378e-07,0.2817525251259017,0.43404178278088873,0.5310648054038353,0.5987775940566191,0.6489223261229797,0.6876448540111367,0.7184988534597089,0.7436900466059628,0.7646637176178852,0.7824082432285923,0.7976243809601434
2,1.9491982245362205,0.0016235983453036793,0.3482074170024134,7.261985958353866,1.1800000000000006e-06,1.25000487470865,1.2499951253995745,1.2499951255271784,1.2500048747589434,1.2499951253707484,1.2499951254724884,1.2499951254641009,1.2499951254173172,1.2500048745443906,1.2499951253120791,1.249995125260589,1.249995125231612,2.1810211885449867e-06,0.2817513451240194,0.4340406027749782,0.5310659855404608,0.5987764140496465,0.6489211461466363,0.6876436740312115,0.7184976734799352,0.7436888666443511,0.7646625376208754,0.7824070632019328,0.7976243809601434
3,1.9491959566269295,0.0016236096350681058,0.018603334028739482,7.261774560097693,1.3600000000000005e-06,1.250007915976384,1.249992084399838,1.2499920845437913,1.250007915914899,1.2499920843737635,1.2499920845151846,1.2499920845238115,1.2499920845368417,1.2500079153648846,1.2499920841801897,1.24999208384279,1.2499920838744392,3.5427050993369217e-06,0.2817499851309157,0.4340392427562398,0.5310673454207314,0.5987750540441162,0.6489197861714532,0.6876423140515807,0.718496313530379,0.7436875067363258,0.7646611776435722,0.7824057031187484,0.7976243809601434
4,1.9491933422803749,0.0016236224193732498,0.0182632909854874,7.262365786292761,1.5400000000000005e-06,1.2500113599577178,1.2499886407447511,1.2499886412583627,1.250011359776538,1.2499886410258478,1.2499886414171166,1.2499886412420496,1.2499886414214492,1.2500113578257965,1.2499886404218257,1.249988639412882,1.2499886394610222,5.084954823778975e-06,0.2817484450517391,0.43403770266216823,0.5310688849967755,0.59877351402791,0.648918246274981,0.6876407741200142,0.718494773653033,0.7436859668657715,0.7646596376579343,0.7824041628955403,0.7976243809601434
5,1.9491903815787195,0.0016236366980407523,0.01833591697504744,7.259786959730134,1.7200000000000005e-06,1.2500152062685277,1.2499847947282716,1.2499847959937689,1.250015206014771,1.2499847951792082,1.2499847958358832,1.2499847955125216,1.249984795769167,1.2500152024514826,1.249984794292434,1.249984792585735,1.2499847926579624,6.807534650042672e-06,0.28174672503302933,0.434035982655259,0.5310706046020761,0.5987717940316664,0.6489165264008979,0.6876390542272292,0.7184930537767251,0.7436842469237205,0.7646579176785836,0.7824024426937435,0.7976243809601434
6,1.9491870739934771,0.0016236524710791826,0.018334666965529323,7.261306373864973,1.9000000000000004e-06,1.2500194549851198,1.2499805463481442,1.2499805480748807,1.2500194546502739,1.2499805467096212,1.2499805475546881,1.2499805471613972,1.2499805474946704,1.2500194503537911,1.2499805456658737,1.2499805437137188,1.2499805437895115,8.710418938276105e-06,0.28174482507185555,0.4340340826916129,0.5310725044806913,0.5987698940197135,0.6489146264688481,0.687637154293772,0.718491153857529,0.7436823469962335,0.7646560176954268,0.7824005426056697,0.7976243809601434
7,1.9491834192857471,0.0016236697383631101,0.01841950003290549,7.260532948191315,2.0800000000000004e-06,1.2500241064052502,1.249975895151264,1.2499758988304717,1.2500241058702644,1.2499758959839908,1.2499758967466263,1.249975896968971,1.2499758969262156,1.2500241005508097,1.2499758944853228,1.249975891770119,1.2499758917945984,1.0793707586591828e-05,0.2817427449465683,0.4340320027201797,0.5310745838995781,0.5987678140554257,0.6489125465857073,0.6876350744791951,0.7184890740357767,0.743680267263014,0.7646539377793161,0.7823984623979562,0.7976243809601434
8,1.94917941780124,0.001623688500280444,0.018161625019274652,7.261296821859042,2.2600000000000004e-06,1.2500291605297948,1.2499708412258188,1.2499708472258835,1.250029159883599,1.2499708428126683,1.2499708440594188,1.2499708444478723,1.2499708440169996,1.2500291523235634,1.2499708406871897,1.249970836972453,1.2499708368956748,1.3057384762521015e-05,0.28174048470975177,0.43402974266586586,0.5310768433542965,0.5987655540767408,0.6489102868366828,0.6876328147489286,0.7184868142840014,0.743678007538209,0.7646516778506199,0.7823962020880562,0.7976243809601434
9,1.9491750693918943,0.0016237087571684317,0.018162375024985522,7.262954779708995,2.440000000000001e-06,1.250034617383827,1.2499653844156304,1.249965393303367,1.2500346169999097,1.2499653872940357,1.2499653890946971,1.2499653896678993,1.2499653888835416,1.2500346055306948,1.2499653840304576,1.2499653793220884,1.2499653787790321,1.5501439559298434e-05,0.28173804428506316,0.4340273024590963,0.5310792830301716,0.5987631140807238,0.6489078471351575,0.687630375054399,0.7184843746028176,0.7436755678160379,0.7646492378308466,0.7823937616262779,0.7976243809601434
10,1.9491703737639272,0.0016237305091021301,0.01829554099822417,7.257643121295547,2.6200000000000003e-06,1.2500404761394166,1.2499595255569618,1.2499595355347684,1.250040475669567,1.249959529083069,1.249959530659906,1.2499595315387053,1.2499595307499112,1.2500404630058024,1.2499595257139429,1.2499595211568089,1.2499595204706173,1.8125452198854818e-05,0.2817354241357809,0.4340246824866365,0.5310819032867329,0.5987604941952462,0.6489052272096816,0.687627755198279,0.7184817547178541,0.7436729477909964,0.7646466178517463,0.782391141685254,0.7976243809601434
11,1.949165330125017,0.0016237537569878911,0.018335375003516674,7.25972617027405,2.8000000000000003e-06,1.2500467370785135,1.2499532640475675,1.2499532740162036,1.2500467363618422,1.2499532683759185,1.249953269014678,1.2499532704006777,1.2499532699448814,1.250046723678253,1.2499532651257148,1.2499532617362095,1.2499532606787125,2.0929539766916932e-05,0.28173262395090576,0.4340218824647396,0.5310847033983457,0.5987576943728506,0.6489024271334924,0.6876249552232303,0.7184789547290753,0.743670147587118,0.7646438178361639,0.7823883420267664,0.7976243809601434
12,1.9491599391647785,0.0016237784994219747,0.018476750003173947,7.257987026715435,2.9800000000000003e-06,1.2500534005286987,1.2499466002124184,1.2499466112831603,1.2500533995221235,1.249946605430154,1.2499466051878703,1.2499466069466019,1.2499466070333223,1.2500533860931107,1.2499466020199492,1.2499465995780978,1.2499465979553035,2.391385290467768e-05,0.2817296437992232,0.43401890252661196,0.5310876833441255,0.5987547146467314,0.6488994471981623,0.68762197536325,0.7184759748672035,0.7436671674890454,0.7646408378573035,0.7823853623027623,0.7976243809601434
13,1.949154200270479,0.0016238047376526236,0.018180917017161846,7.261633161713408,3.1600000000000002e-06,1.2500604669890472,1.2499395338283734,1.249939547639356,1.2500604658412267,1.2499395402706523,1.2499395393465325,1.2499395419612411,1.2499395423115067,1.2500604485528777,1.2499395355143614,1.249939533363952,1.2499395305871226,2.7078611040520076e-05,0.28172648354170476,0.4340157424787535,0.5310908423179181,0.5987515547795549,0.6488962874079469,0.6876188157085503,0.7184728152618185,0.743664007626313,0.7646376777674896,0.7823822021052508,0.7976243809601434
14,1.949148113948249,0.0016238324707929517,0.017962749989237636,7.2603972142299575,3.340000000000001e-06,1.2500679365924439,1.249932065139526,1.2499320823499225,1.2500679352040878,1.2499320727892422,1.2499320709601707,1.2499320749069054,1.249932075712919,1.2500679125619258,1.2499320661504798,1.2499320641631584,1.2499320598359565,3.042383071516178e-05,0.2817231432938779,0.43401240239963973,0.5310941816035977,0.5987482148847819,0.6488929476126382,0.6876154760984667,0.7184694758137721,0.7436606679683904,0.764634337663021,0.7823788617462273,0.7976243809601434
15,1.9491416790955987,0.001623861698925016,0.01836970803560689,7.257674113605032,3.520000000000001e-06,1.2500758088620234,1.2499241940564305,1.2499242153149175,1.2500758070491864,1.2499242028655089,1.2499241998833122,1.2499242057341757,1.249924207055893,1.2500757784777303,1.2499241944029291,1.2499241928994285,1.2499241866854331,3.3949246635737146e-05,0.28171962308572096,0.4340088823772541,0.5310977010003771,0.5987446950146816,0.6488894277986665,0.6876119565817599,0.7184659564864556,0.7436571483976466,0.7646308176276039,0.7823753415141256,0.7976243809601434
16,1.9491348960659738,0.0016238924219722994,0.01813362498069182,7.2551474110503875,3.700000000000001e-06,1.2500840830564206,1.2499159216305311,1.2499159447345665,1.250084080653848,1.2499159302578327,1.2499159259787624,1.2499159335114856,1.2499159361284562,1.2500840478135051,1.2499159206713342,1.249915920362692,1.2499159125414145,3.765453381100299e-05,0.2817159233946036,0.4340051825872024,0.5311014008146225,0.5987409952375201,0.6488857279648804,0.687608257075542,0.7184622572143512,0.743653448900263,0.7646271177354672,0.7823716416611903,0.7976243809601434
17,1.9491277647059453,0.0016239246412648649,0.0182994159986265,7.2548546555630375,3.880000000000001e-06,1.250092759128148,1.2499072475733644,1.2499072705228724,1.250092755202532,1.2499072548921502,1.249907248236426,1.2499072577003572,1.2499072624948537,1.2500927217523614,1.249907245428018,1.2499072479288829,1.2499072386648657,4.1539629367189545e-05,0.2817120441610084,0.434001303151017,0.5311052803584465,0.5987371155250392,0.6488818478441853,0.6876043773888791,0.718458377800842,0.7436495692309506,0.7646232379770262,0.7823677625334793,0.7976243809601434
18,1.9491202848608715,0.0016239583553740518,0.018292332999408245,7.257099456369112,4.060000000000002e-06,1.2501018380331708,1.2498981706425736,1.2498981967064489,1.2501018327787323,1.249898177781494,1.2498981683798567,1.2498981805206466,1.2498981871917536,1.2501017966648957,1.2498981668748597,1.249898172007234,1.2498981606417654,4.560500040925171e-05,0.28170798472425307,0.4339972437634724,0.5311093393700272,0.5987330560135861,0.648877787992293,0.687600317992336,0.7184543187031247,0.7436455100013138,0.7646191782222013,0.7823637031204962,0.7976243809601434
19,1.9491124572820167,0.0016239935644020368,0.018518250028137118,7.253773409660281,4.240000000000001e-06,1.2501113193967002,1.2498886925788129,1.2498887201882198,1.25011131160115,1.2498886980615826,1.2498886851583735,1.2498887005204729,1.24988870937273,1.250111275887043,1.2498886865471073,1.249888695644618,1.2498886823822857,4.985038028196869e-05,0.28170374590728464,0.43399300485717657,0.5311135787910601,0.5987288166633571,0.6488735479999718,0.6875960785821388,0.7184500795895981,0.7436412708235104,0.7646149386418759,0.7823594642958048,0.7976243809601434
20,1.9491042808077628,0.0016240302688074262,0.018327124998904765,7.253063263045081,4.420000000000001e-06,1.2501212026602364,1.2498788126675195,1.2498788424698613,1.2501211915422576,1.2498788157381175,1.2498787981358221,1.24987881791541,1.2498788291218337,1.2501211591282797,1.24987880442975,1.2498788190791248,1.2498788038276156,5.427552523978245e-05,0.2816993274352099,0.43398858645165134,0.5311179983455047,0.598724397488746,0.6488691278172372,0.6875916592197796,0.7184456604824222,0.7436368516349726,0.7646105191976397,0.782355046082377,0.7976243809601434
21,1.9490957559521684,0.0016240684715963765,0.0180840419488959,7.254081066465604,4.600000000000001e-06,1.250131487458946,1.2498685317003746,1.2498685617677496,1.2501314713941614,1.2498685305351989,1.2498685060036547,1.2498685317537295,1.2498685454962666,1.2501314472197411,1.2498685203296684,1.2498685439986583,1.2498685263695508,5.8880249820338385e-05,0.2816947297385704,0.43398398879225264,0.531122596998463,0.5987197983434452,0.6488645270730733,0.6875870596216802,0.7184410611001539,0.743632251984824,0.7646059196230311,0.7823504487781232,0.7976243809601434
22,1.9490868827767835,0.0016241081705863378,0.018118792038876563,7.2558495537004015,4.78e-06,1.250142175390606,1.249857848206956,1.2498578815867818,1.2501421545233882,1.2498578433541856,1.249857811089197,1.2498578444597486,1.2498578607001891,1.2501421351370372,1.2498578325271614,1.2498578654301546,1.2498578441355037,6.366533646742872e-05,0.28168995194050767,0.4339792111284504,0.5311273750980207,0.5987150191945453,0.648859746424126,0.6875822803262279,0.7184362821583746,0.7436274728395186,0.7646011399538861,0.7823456711108642,0.7976243809601434
23,1.9490776624720496,0.0016241493632299828,0.01829716598149389,7.255250100741874,4.96e-06,1.250153267411152,1.249846762795311,1.2498468045749964,1.2501532422858768,1.2498467545035314,1.2498467148928378,1.2498467566291842,1.2498467755956273,1.2501532208906339,1.2498467406427605,1.2498467813917031,1.2498467551636108,6.863121967988764e-05,0.28168499416878473,0.4339742535341383,0.5311323337573559,0.5987100600824585,0.648854786313016,0.6875773216121822,0.7184313239705057,0.7436225145727464,0.7645961802794717,0.782340712614035,0.7976243809601434
24,1.9490680940394374,0.001624192053821092,0.01818695798283443,7.25277911465126,5.140000000000001e-06,1.2501647616130918,1.2498352746774204,1.2498353274124332,1.2501647319181666,1.2498352641861086,1.2498352163980402,1.2498352682617784,1.2498352883647263,1.2501647056701917,1.2498352453968966,1.2498352952333602,1.2498352628903118,7.377697796295593e-05,0.2816798562450809,0.4339691159840608,0.5311374698663761,0.5987049212135941,0.6488496465250564,0.6875721834633354,0.7184261861306926,0.7436173763722105,0.7645910404210259,0.7823355740555731,0.7976243809601434
25,1.9490581815969272,0.0016242362398992335,0.018169415998272598,7.250319744316644,5.320000000000001e-06,1.2501766580033484,1.2498233855787668,1.2498234505612509,1.2501766224484807,1.249823371610804,1.2498233138080221,1.2498233774719365,1.2498233997914896,1.25017659337095,1.2498233478291312,1.2498234082970034,1.2498233693274192,7.910256040741319e-05,0.2816745389941059,0.43396379916831457,0.5311427856779747,0.5986996026104142,0.6488443265999863,0.6875668654254483,0.7184208685908288,0.7436120586660013,0.764585720838941,0.7823302560308185,0.7976243809601434
26,1.9490479220500052,0.001624281921555153,0.018171542033087462,7.255040754722678,5.500000000000001e-06,1.250188958851506,1.2498110940107043,1.2498111762684967,1.2501889179774044,1.2498110776181353,1.2498110097367132,1.2498110866942933,1.2498111111771502,1.2501888773767633,1.2498110455971951,1.2498111150740971,1.249811067855206,8.460906728231198e-05,0.2816690415356241,0.43395830219219567,0.5311482812042649,0.5986941039804743,0.6488388272562027,0.6875613681115776,0.7184153719479334,0.7436065619162124,0.764580221119246,0.7823247568632622,0.7976243809601434
27,1.94903731715523,0.0016243290987381662,0.018622124975081533,7.251810769694457,5.680000000000001e-06,1.2502016627550823,1.2497983993937738,1.2497985014488402,1.2502016163526715,1.249798381764451,1.2497983029177002,1.2497983943872681,1.2497984218760136,1.2502015623490295,1.2497983397035712,1.2497984200670555,1.2497983629868212,9.02957582539139e-05,0.2816633638243057,0.4339526251681654,0.5311539572671823,0.5986884256577468,0.6488331481708859,0.6875556911966052,0.7184096958622352,0.7436008858782087,0.7645745414147818,0.7823190778348856,0.7976243809601434
28,1.9490263682500482,0.0016243777717250803,0.0184172079898417,7.251437014974737,5.860000000000001e-06,1.250214770367744,1.249785302253398,1.2497854268099453,1.2502147182264125,1.2497852843039206,1.2497851930726844,1.24978530076878,1.2497853318329013,1.2502146454713534,1.2497852302348005,1.2497853228397955,1.2497852541278163,9.616290659084784e-05,0.28165750601901157,0.433946768179388,0.531159814305117,0.5986825676998143,0.6488272894038198,0.6875498347688956,0.7184038404060369,0.7435950303615325,0.7645686816948118,0.7823132188115068,0.7976243809601434
29,1.9490150752143875,0.0016244279423098021,0.01830170798348263,7.2481777070874935,6.0400000000000015e-06,1.2502282797388005,1.2497718038900065,1.2497719497365198,1.2502282204788735,1.2497717840751228,1.2497716798114076,1.2497718042696746,1.2497718402195315,1.2502281314138202,1.2497717184813706,1.249771826980839,1.2497717453110802,0.00010220958648396828,0.28165146882213604,0.4339407317144792,0.5311658504167232,0.5986765297961968,0.6488212505700779,0.6875437985684015,0.7183978052562491,0.7435889951308293,0.7645626421595167,0.7823071808405972,0.7976243809601434
30,1.9490034398482874,0.0016244796091447946,0.018295457994099706,7.247294528709455,6.22e-06,1.250242190633273,1.2497579034944628,1.2497580675726012,1.2502421238283041,1.249757881101059,1.2497577614856954,1.2497579046874014,1.2497579472730087,1.2502420230422602,1.2497578042600836,1.249757934344205,1.2497578379062932,0.00010843567497462588,0.28164525192648565,0.4339345154120263,0.5311720680055569,0.5986703122603304,0.648815031437294,0.687537582455049,0.7183915903910693,0.7435827804398087,0.7645564227962749,0.7823009643838584,0.7976243809601434
31,1.9489914631150604,0.0016245327722970867,0.01793545897817239,7.249478026808737,6.4000000000000006e-06,1.2502565052732157,1.2497436011374443,1.2497437872063082,1.2502564306929658,1.2497435767729157,1.2497434389883293,1.249743605015544,1.2497436544749936,1.2502563124042223,1.2497434855951963,1.2497436386602483,1.2497435251455005,0.00011484221004042773,0.28163885514080794,0.4339281193111223,0.5311784658907192,0.5986639150389411,0.6488086324486393,0.6875311870051632,0.7183851964324763,0.7435763867192353,0.7645500233444811,0.7822945676296161,0.7976243809601434
32,1.9489791450002334,0.0016245874322157498,0.017840416985563934,7.244448135635557,6.5800000000000005e-06,1.25027122073743,1.249728899793527,1.2497291071358498,1.2502711368736332,1.24972886986813,1.2497287115094535,1.249728903828056,1.249728960307174,1.250271005430953,1.2497287638997023,1.249728945128025,1.249728813019066,0.00012142785771479821,0.2816322799154718,0.43392154448017345,0.5311850424800615,0.5986573379949963,0.648802053237155,0.6875246120185582,0.7183786229631212,0.7435698136283199,0.7645434439742159,0.7822879920408868,0.7976243809601434
33,1.9489664864435443,0.001624643588135063,0.017939999990630895,7.245941647262355,6.760000000000001e-06,1.2502863391705852,1.2497137968329377,1.2497140277606347,1.2502862453216184,1.2497137618813536,1.2497135805303272,1.2497138014513036,1.2497138663697898,1.2502860981945827,1.2497136381044094,1.2497138502031655,1.2497136971146396,0.00012819356971826196,0.28162552503170973,0.4339147900271897,0.5311917988409129,0.5986505815806172,0.6487952943988974,0.6875178576577374,0.718371870380136,0.7435630616245645,0.7645366846321213,0.7822812366601734,0.7976243809601434
34,1.948953489388104,0.0016247012419641858,0.018328209000173956,7.241613937533698,6.940000000000001e-06,1.2503018579622234,1.2496982943075228,1.249698542924635,1.2503017506534768,1.249698251236642,1.2496980407264477,1.2496982948410726,1.249698369698348,1.2503016021571327,1.2496981115328014,1.2496983628871197,1.2496981875437692,0.0001351379958643041,0.281618591625935,0.4339078568217619,0.5311987346403007,0.5986436459508855,0.6487883546706916,0.6875109231763622,0.7183649377063056,0.7435561299692575,0.7645297457159953,0.7822743040040342,0.7976243809601434
35,1.9489401544169622,0.0016247603943433757,0.018220166966784745,7.240562826537078,7.120000000000001e-06,1.2503177779893175,1.2496823916546609,1.2496826507037628,1.2503176542892616,1.249682337531183,1.2496820943617102,1.2496823848549343,1.2496824722031206,1.2503175126118253,1.2496821837205025,1.2496824806091362,1.2496822817001323,0.00014226153607549747,0.28161147942554715,0.4339007442670642,0.5312058494365904,0.5986365307014557,0.6487812344348852,0.6875038088960593,0.7183578254673033,0.7435490190383143,0.7645226273455612,0.7822671934979633,0.7976243809601434
36,1.9489264851457753,0.0016248210462820648,0.01823279104428366,7.242341884662697,7.3e-06,1.2503341006768156,1.2496660870197163,1.2496663570076285,1.250333958343785,1.249666022531793,1.2496657425618154,1.2496660730332134,1.2496661751228897,1.2503338238969346,1.2496658521172943,1.2496661992998392,1.2496659744768295,0.0001495648319921224,0.28160418748806476,0.4338934520585865,0.5312131417665801,0.5986292360040744,0.6487739341214589,0.6874965150338485,0.7183505340941556,0.743541729190155,0.7645153290599124,0.7822599038183488,0.7976243809601434
37,1.9489124830570994,0.0016248831959685844,0.018364417017437518,7.242043093121783,7.48e-06,1.250350826340147,1.2496493799894963,1.2496496668154962,1.2503506644809097,1.2496493066763865,1.2496489868773029,1.2496493619291171,1.2496494791252164,1.2503505326456616,1.2496491157317282,1.2496495160773848,1.2496492622135382,0.0001570481160046981,0.2815967154847375,0.43388598011321505,0.5312206116334438,0.5986217617806062,0.6487664542239728,0.6874890422085124,0.7183430639922463,0.7435342608699476,0.7645078507795658,0.7822524341691593,0.7976243809601434
38,1.9488981498583093,0.0016249468431918078,0.01857512502465397,7.241287403186786,7.660000000000001e-06,1.250367954548694,1.2496322716004125,1.2496325802044628,1.2503677713950212,1.2496321894092484,1.2496318253144756,1.2496322499904415,1.2496323844039479,1.2503676433581108,1.2496319748874438,1.249632432764103,1.2496321464317965,0.0001647111733268262,0.2815890638965781,0.4338783289298534,0.5312282597583723,0.5986141079345194,0.6487587941410667,0.6874813899114469,0.7183354149785507,0.7435266143664908,0.7645001927039952,0.7822447851077412,0.7976243809601434
39,1.948883502932276,0.0016250119898516243,0.018366499978583306,7.24056392455661,7.840000000000001e-06,1.2503854859974286,1.2496147624139857,1.249615098340944,1.2503852792151053,1.2496146715897007,1.2496142578687546,1.2496147390386847,1.2496148907679208,1.250385150410697,1.249614428385598,1.2496149478948195,1.2496146256359473,0.00017255430682176423,0.28158123298798765,0.43387049867412303,0.5312360844071575,0.5986062746408081,0.6487509541974614,0.6874735587314715,0.7183275873377493,0.7435187893282794,0.7644923544166112,0.7822369560344553,0.7976243809601434
40,1.948868548056457,0.0016250786347766074,0.018214624957181513,7.236234711880357,8.020000000000001e-06,1.2504034181662276,1.2495968527005576,1.2495972116251794,1.2504031857274949,1.2495967519118267,1.2495962827705658,1.249596825561536,1.249596997651727,1.250403063219438,1.2495964789641023,1.2495970692758636,1.2495967076465366,0.00018057628944912827,0.2815732230551748,0.43386248909057645,0.5312440885574786,0.5985982622159923,0.648742933794433,0.6874655479559006,0.718319580509134,0.7435107855291709,0.7644843364058909,0.7822289492033794,0.7976243809601434
41,1.9488532668149317,0.001625146779222463,0.01843683299375698,7.23362885937866,8.200000000000001e-06,1.2504217499801935,1.2495785435124231,1.2495789188045836,1.2504214884495037,1.249578429795151,1.249577900088864,1.2495785090392912,1.249578704163591,1.2504213835110574,1.2495781279385039,1.2495787985459124,1.249578394897596,0.00018877658931526798,0.28156503468388266,0.43385430064282726,0.5312522704472056,0.5985900706079345,0.6487347329258898,0.687457357649229,0.7183113943170852,0.7435026027179311,0.7644761389073776,0.7822207651624409,0.7976243809601434
42,1.9488376619076522,0.001625216424121358,0.01811008300865069,7.237346802391781,8.380000000000001e-06,1.2504404847759247,1.2495598319037624,1.249560228045705,1.2504401926664568,1.2495597073186173,1.249559111193048,1.2495597932390905,1.2495600126560062,1.2504401004230348,1.2495593707409203,1.249560127676098,1.2495596768188297,0.00019715676436725542,0.281556666292778,0.4338459324267606,0.5312606292268641,0.5985816997177099,0.6487263523235672,0.6874489884962993,0.7183030296778992,0.7434942417431547,0.7644677611518093,0.7822124014230931,0.7976243809601434
43,1.9488217352900796,0.0016252875657030677,0.018061083974316716,7.234686501371746,8.560000000000001e-06,1.2504596229353033,1.249540720704286,1.249541142544367,1.25045929617247,1.2495405837153706,1.2495399146088915,1.2495406767300852,1.249540922632019,1.2504592197053253,1.2495402089594714,1.2495410593227816,1.2495405570338949,0.00020571686043626745,0.28154811919950146,0.43383738573104524,0.5312691663065513,0.5985731495902235,0.6487177915478746,0.6874404402063106,0.7182944863989055,0.7434857030048331,0.7644592037347333,0.7822038589934988,0.7976243809601434
44,1.9488054837878241,0.0016253602027287066,0.018335625005420297,7.232458293426707,8.740000000000001e-06,1.250479164158828,1.2495212094795287,1.249521660947403,1.250478799731905,1.2495210595607462,1.2495203103632075,1.2495211617224633,1.2495214344696495,1.25047873988138,1.2495206428668735,1.249521593304288,1.2495210353476076,0.0002144567559498384,0.28153939306890147,0.43382866016787064,0.5312778824473072,0.59856442056858,0.6487090508189438,0.6874317132098152,0.7182857647128233,0.7434769865875803,0.7644504667212965,0.7821951378360337,0.7976243809601434
45,1.9487889110642818,0.001625434338881944,0.01800358295440674,7.228542256498487,8.920000000000001e-06,1.2504991044373108,1.2495012994173411,1.2495017743248493,1.250498697359325,1.2495011329116035,1.2495002953964942,1.249501244061785,1.249501545209591,1.2504986712566946,1.249500675219096,1.2495017396199968,1.2495011225964154,0.0002233744823802806,0.281530488894287,0.4338197564873111,0.5312867768037877,0.5985555127555201,0.648700129268304,0.6874228068097525,0.7182768636384989,0.7434680913479275,0.7644415501470692,0.7821862405587682,0.7976243809601434
46,1.9487720207089878,0.0016255099745756776,0.018282208999153227,7.230908417618266,9.100000000000001e-06,1.250519447088172,1.2494809903036233,1.2494814904552607,1.250518993791492,1.2494808047631707,1.249479872088488,1.2494809247405874,1.2494812573727074,1.250519002019874,1.2494803028457449,1.2494814902128135,1.2494808096569836,0.0002324716650955745,0.28152140631908695,0.43381067432061043,0.5312958497853854,0.5985464258113629,0.6486910276421229,0.687413721391695,0.7182677839967478,0.7434590178305801,0.7644324536554862,0.7821771649245828,0.7976243809601434
47,1.948754811697667,0.0016255871090564353,0.018261332996189594,7.230110518351877,9.280000000000001e-06,1.2505401934589588,1.2494602795560636,1.2494608095869162,1.2505396910142093,1.2494600769625692,1.2494590420373723,1.2494602073217604,1.2494605737595759,1.2505397293714713,1.2494595235597097,1.2494608404336953,1.249460090961733,0.00024174893680466156,0.2815121440587824,0.43380141268791983,0.5313050991292316,0.5985371599531264,0.6486817465547206,0.6874044576402571,0.7182585266417141,0.7434497673708481,0.7644231771945482,0.782167909661021,0.7976243809601434
48,1.9487372901458195,0.0016256657420240055,0.01838204200612381,7.227498225066961,9.460000000000001e-06,1.250561342595942,1.2494391702630123,1.2494397279969434,1.25056078650124,1.2494389479297885,1.2494378039591634,1.249439089844756,1.2494394931223967,1.2505608581011154,1.2494383383195538,1.249439795561715,1.2494389713093785,0.00025120573762268695,0.28150270356443147,0.4337919723476162,0.5313145258762099,0.5985277150075441,0.6486722855595588,0.6873950151825867,0.7182490912091174,0.7434403398488442,0.7644137209464118,0.7821584762286296,0.7976243809601434
49,1.9487194559951242,0.0016257458713936806,0.018535790964961052,7.22701452810345,9.640000000000001e-06,1.2505828949527602,1.2494176606198284,1.2494182521320871,1.2505822830021012,1.2494174192512677,1.2494161582872891,1.249417574636915,1.249418016618463,1.2505823823807851,1.2494167463155326,1.2494183514088317,1.2494174465849022,0.00026084235358294337,0.2814930838860112,0.43378235304100327,0.5313241315831836,0.598518091419365,0.6486626451393711,0.6873853945706889,0.7182394781881356,0.7434307355274561,0.7644040848218034,0.7821488635275936,0.7976243809601434
50,1.948701310402186,0.0016258274955588783,0.018411958997603506,7.223308989981895,9.820000000000001e-06,1.2506048492145232,1.2493957519466994,1.2493963823578873,1.250604176964613,1.2493954911010372,1.2493941006383433,1.2493956614112809,1.249396142701024,1.2506043083271057,1.2493947494259245,1.2493965130262625,1.2493955220695638,0.0002706580130025888,0.28148328575093345,0.4337725557830021,0.5313339165349602,0.5985082899940415,0.6486528246844944,0.6873755957099705,0.7182296872114688,0.743420954308291,0.7643942692405072,0.782139073091432,0.7976243809601434
51,1.9486828535027783,0.0016259106194585753,0.01812391699058935,7.219641882092703,1e-05,1.2506272010785258,1.2493734461321566,1.2493741015976498,1.2506264637290927,1.2493731606126757,1.2493716295295354,1.2493733442705341,1.2493738688411236,1.2506266462765039,1.2493723509474672,1.24937429142224,1.2493732095704804,0.0002806507927897104,0.28147331039938617,0.43376258044707783,0.5313438814179177,0.5984983103742509,0.648642823322524,0.6873656176277135,0.7182197172327971,0.7434109948337414,0.7643842742575497,0.7821291077227093,0.7976243809601434
52,1.9486640902146664,0.001625993744665532,0.018523832957725972,7.221085649894091,9.999890338174275e-06,1.2506495509165532,1.2493511420139698,1.2493518212183834,1.2506487471113283,1.2493508309046457,1.249349153701186,1.2493510293590842,1.2493515992145316,1.2506489829065426,1.2493499501302676,1.249352078998453,1.2493509006316283,0.0002906421316378053,0.2814633358930101,0.4337526059633315,0.5313538466840316,0.5984883317281371,0.648632822051612,0.6873556407689818,0.7182097488317601,0.7434010374786512,0.7643742794201863,0.7821191446907665,0.7976243809601434
53,1.9486453592119937,0.0016260768688844374,0.018166666966862977,7.221276879065468,9.999561358041869e-06,1.250671901757372,1.249328841889779,1.2493295471054242,1.2506710284418003,1.2493285034341317,1.2493266745072158,1.2493287199274212,1.2493293360192372,1.2506713102864284,1.249327545274483,1.2493298693097366,1.2493285893335282,0.0003006333747789738,0.28145336301912754,0.433742632835141,0.5313638106629346,0.5984783540447064,0.6486228215740489,0.6873456660506592,0.718199782973576,0.7433910830956586,0.7643642846509467,0.7821091822343674,0.7976243809601434
54,1.9486266588853378,0.001626159991981433,0.018369292025454342,7.215879012396553,9.999013075636806e-06,1.2506942488624768,1.2493065470602736,1.2493072714082172,1.2506933003591896,1.2493061775268823,1.249304188182501,1.2493064105126859,1.2493070762841507,1.250693640064591,1.2493051419716943,1.2493076743948224,1.2493062898111331,0.0003106221664803428,0.28144339293990833,0.4337326622676339,0.5313737727582828,0.5984683784520474,0.6486128212641362,0.6873356926847236,0.718189818624997,0.7433811305346745,0.764354290878935,0.7820992239625691,0.7976243809601434
55,1.9486079900819826,0.0016262431108057126,0.01818245800677687,7.217475135255885,9.998245517681596e-06,1.250716594849172,1.2492842565397604,1.2492850022234205,1.2507155680450843,1.249283855837099,1.2492816980711803,1.2492841068838,1.249284824220762,1.250715963492379,1.2492827366262722,1.2492854834599079,1.2492839892739713,0.0003206099341325823,0.28143342466739846,0.43372269334923647,0.5313837307783313,0.5984584047243304,0.6486028220078445,0.6873257216395087,0.7181798572296852,0.7433711819275084,0.7643442980270582,0.7820892669494137,0.7976243809601434
56,1.9485893539518115,0.0016263262201626318,0.018330583989154547,7.215624099058521,9.997258721585931e-06,1.2507389395215707,1.249261971904821,1.2492627446989557,1.2507378314185575,1.249261539007052,1.249259204790354,1.2492618097718915,1.2492625809258338,1.2507382789380836,1.2492603294442797,1.2492632965094652,1.2492616877144573,0.0003305965911979819,0.28142345886788206,0.43371272696448476,0.5313936866046354,0.5984484332955518,0.6485928242134459,0.6873157532553114,0.7181698991396827,0.743361237622225,0.764334306303094,0.78207931130383,0.7976243809601434
57,1.948570747627453,0.0016264093236495816,0.018703125009778887,7.2120359095739355,9.996052735444863e-06,1.2507612789483515,1.2492396935483028,1.249240487559577,1.2507600840539888,1.2492392259551701,1.2492367040789183,1.249239514235312,1.2492403438054025,1.2507605963591892,1.2492379242952227,1.2492411254876794,1.2492393980800696,0.00034058009988559995,0.2814134961365051,0.43370276350219517,0.5314036392869124,0.5984384647088624,0.6485828268108059,0.6873057864882962,0.7181599433474255,0.7433512964046745,0.7643243161040595,0.7820693602828701,0.7976243809601434
58,1.9485521752009174,0.001626492415327022,0.018280500022228807,7.213888652112973,9.994627618036455e-06,1.2507836174462172,1.24921742103932,1.2492182416981659,1.250782332809265,1.2492169180701351,1.249214202915628,1.2492172266692483,1.2492181174645236,1.2507829030615636,1.2492155183300555,1.249218956442613,1.2492171055373942,0.00035056269419413366,0.28140353576145033,0.43369280229546797,0.5314135879516371,0.5984284981614536,0.6485728315502549,0.6872958230387952,0.7181499915866353,0.7433413603083802,0.7643143276038374,0.78205941037632,0.7976243809601434
59,1.9485336572253413,0.0016265754968639691,0.018449458002578467,7.208522408418115,9.992983438818916e-06,1.2508059506413638,1.2491951549312328,1.2491959937018178,1.250804570914433,1.249194614171289,1.2491916986360616,1.2491949432087273,1.2491958995076677,1.2508052070056912,1.2491931148634883,1.2491968029613065,1.249194823684487,0.00036054218189679097,0.2813935785822599,0.4336828437989609,0.5314235325660646,0.5984185344782482,0.6485628378422823,0.6872858624513597,0.7181400430862894,0.7433314280250849,0.7643043411262159,0.7820494652441672,0.7976243809601434
60,1.9485151758412373,0.0016266585644009888,0.018076333042699844,7.210179173073113,9.991120277927224e-06,1.2508282795506374,1.249172896104502,1.249173756087764,1.2508268015392254,1.2491723165664317,1.2491691916267118,1.2491726676163712,1.2491736918015415,1.250827503428367,1.2491707111153025,1.2491746569171884,1.2491725437391048,0.000370519225246661,0.28138362459879884,0.43367288850367347,0.531433472581821,0.5984085737581142,0.6485528460812223,0.6872759052422065,0.7181300986272878,0.743321501031109,0.7642943565805744,0.7820395227344297,0.7976243809601434
61,1.948496728118488,0.0016267416162265905,0.018297707953024656,7.2081285149324374,9.98903822616921e-06,1.2508506033651565,1.249150644351574,1.2491515261126624,1.250849023160216,1.2491500245454965,1.2491466852765678,1.2491503997595035,1.2491514927525342,1.2508497916790133,1.2491483087844308,1.249152522489432,1.2491502703779704,0.00038049335013212336,0.2813736738505281,0.4336629365944619,0.5314434088030054,0.598398616032844,0.6485428569629508,0.6872659517324583,0.7181201580371361,0.7433115785511096,0.7642843741405334,0.7820295840668764,0.7976243809601434
62,1.9484783170604105,0.0016268246507417008,0.018431124975904822,7.203283806422403,9.986737385021142e-06,1.250872919766282,1.2491284063456183,1.2491293014204514,1.2508712278991008,1.249127737134484,1.2491241730758416,1.249128135265184,1.2491293017754963,1.2508720851047987,1.2491259112942288,1.2491304083725359,1.2491280137346166,0.00039046329644868783,0.28136372951308924,0.43365299037837524,0.5314533390558399,0.5983886617294542,0.6485328690062081,0.6872560009488974,0.7181102207918514,0.7433016609763886,0.7642743947325346,0.7820196518744742,0.7976243809601434
63,1.9484603525092734,0.001626907670398053,0.018090333964210004,7.202572085331283,9.984217866622771e-06,1.2508952270840215,1.2491061766962186,1.2491070800373012,1.2508934174688164,1.2491054566030093,1.2491016583896464,1.2491058755943272,1.2491071197481847,1.2508943762154645,1.249103518443411,1.2491083122523527,1.2491057712982432,0.0004004284326697397,0.2813537892475139,0.43364304827339595,0.5314632612798269,0.598378711519151,0.6485228833066469,0.6872460534761883,0.7181002872590048,0.7432917478731914,0.7642644182086286,0.7820097254635066,0.7976243809601434
64,1.9484459243702925,0.0016269906704691056,0.018042457988485694,7.204367770172184,9.981479793771866e-06,1.2509175290795462,1.2490839567893273,1.2490848703862334,1.250915598382068,1.2490831843055181,1.249079144851954,1.2490836267998884,1.2490849501724997,1.2509166527924949,1.2490811271687436,1.249086223936589,1.249083531777666,0.00041039073332811807,0.2813438531645403,0.4336331100944308,0.5314731772746136,0.5983687648146145,0.6485129006101642,0.6872361103894098,0.7180903587482378,0.7432818404056423,0.7642544442359397,0.781999801967668,0.7976243809601434
65,1.9484315538731565,0.0016270736507616225,0.01845420798053965,7.199099766446207,9.97852329991824e-06,1.2509398223242592,1.24906174829119,1.2490626597451178,1.2509377638133645,1.2490609182965897,1.2490566295354453,1.2490613850949595,1.2490627908244507,1.2509389267083244,1.249058743070015,1.249064155583351,1.2490613090443496,0.00042034834505587647,0.2813339224523829,0.4336231764297479,0.5314830872475607,0.5983588220311186,0.6485029199898891,0.6872261710011435,0.7180804343688302,0.7432719377446073,0.7642444738720904,0.7819898849986171,0.7976243809601434
66,1.9484172389073273,0.001627156606419451,0.018229209003038704,7.201277240628754,9.97534852915723e-06,1.25096210933963,1.2490395487123975,1.2490404566607332,1.2509599212363947,1.2490386624408136,1.2490341184708493,1.2490391553289382,1.2490406443310318,1.2509611864099357,1.2490363622162926,1.2490420959951993,1.2490390905555526,0.00043030272617430816,0.2813239955360811,0.43361324608844365,0.5314929918531264,0.5983488837231483,0.6484929433834917,0.6872162365226279,0.7180705153114696,0.7432620411178463,0.7642345067070078,0.7819799714425596,0.7976243809601434
67,1.9484029748483302,0.0016272395389013451,0.018099334032740444,7.197402755149804,9.971955636222685e-06,1.2509843879622051,1.2490173622720586,1.2490182631334361,1.2509820616116927,1.2490164137649737,1.249011607497898,1.2490169357047256,1.2490185085865644,1.2509834388098964,1.2490139887780183,1.2490200544142802,1.2490168875729524,0.0004402525799340239,0.28131407471192793,0.43360332187552403,0.531502888325922,0.5983389493379779,0.6484829692944191,0.6872063062799318,0.7180606008312074,0.7432521494609047,0.7642245434403019,0.7819700640564572,0.7976243809601434
68,1.9483887577942187,0.0016273224468379645,0.018181207997258753,7.194896050908771,9.968344786479417e-06,1.2510066556859463,1.2489951886679431,1.2489960757769927,1.251004184762032,1.248994173273347,1.2489890984804797,1.2489947256997713,1.2489963835329887,1.2510056839416426,1.2489916238578873,1.248998033484085,1.2489947018376601,0.00045019692870217504,0.281304159798821,0.4335934032886969,0.5315127769287471,0.5983290194228482,0.6484729983075733,0.6871963804267959,0.7180506909120284,0.7432422625059263,0.7642145842170353,0.7819601634897487,0.7976243809601434
69,1.9483745903042469,0.0016274053270639859,0.018207791028544307,7.197062271197571,9.964516155915152e-06,1.2510289169632023,1.2489730242370833,1.2489738949006535,1.2510262991547296,1.248971942866507,1.2489665969847428,1.2489725289469413,1.2489742740876872,1.2510279092042011,1.2489692643509636,1.2489760227599016,1.248972522198881,0.00046013794693501944,0.281294248790488,0.4335834881569404,0.5315226595954036,0.5983190937738476,0.6484630319352561,0.6871864599699106,0.7180407870615617,0.7432323816609016,0.7642046288346902,0.7819502669740974,0.7976243809601434
70,1.9483604745868472,0.001627488177659908,0.01830183301353827,7.191484122647966,9.960469931131939e-06,1.2510511679327656,1.2489508730404066,1.2489517100244636,1.2510483962900858,1.2489497198443418,1.2489441002529675,1.2489503400181308,1.2489521769351948,1.2510501292838128,1.248946916533244,1.2489540362290807,1.248950365400832,0.0004700735155810987,0.28128434400174346,0.4335735782262073,0.5315325382679441,0.5983091727772457,0.6484530690340021,0.6871765439191507,0.7180308880560492,0.7432225056544506,0.7641946783438341,0.7819403786482843,0.7976243809601434
71,1.948346409826708,0.0016275709974366852,0.018072416016366333,7.192331438372304,9.956206309337067e-06,1.2510734093387827,1.248928735610169,1.2489295340280773,1.2510704778011876,1.2489275063557386,1.2489216089360506,1.2489281616927588,1.248930092983103,1.2510723366130156,1.2489245779926144,1.2489320684470706,1.248928224948447,0.0004800041534869631,0.2812744454096959,0.43356367421077463,0.5315424109341976,0.598299256587808,0.6484431101749555,0.6871666327563494,0.7180209944308587,0.7432126349401059,0.7641847323975858,0.7819304968441914,0.7976243809601434
72,1.9483323934168433,0.001627653784708665,0.018408874981105328,7.190429821457143,9.951725498333449e-06,1.2510956402705338,1.2489066113137746,1.2489073630549516,1.2510925431775768,1.2489053032138857,1.248899126256307,1.2489059950851198,1.2489080224990838,1.2510945319216555,1.2489022486438834,1.24891011997111,1.2489061014366305,0.0004899294607689079,0.2812645527713538,0.43355377562538455,0.5315522757184127,0.5982893455498265,0.6484331562209122,0.6871567270637225,0.7180111064455026,0.7432027699125111,0.764174791260072,0.7819206218659093,0.7976243809601434
73,1.9483184294359408,0.0016277365401655372,0.018422375025693327,7.189872519126706,9.947027716509489e-06,1.2511178604836934,1.2488844986517398,1.2488851905704594,1.2511145943044506,1.2488831097385014,1.2488766520976067,1.2488838415861403,1.2488859665862604,1.2511167119733215,1.248879930584023,1.2488881905096043,1.2488839949053623,0.0004998494171367815,0.28125466552982764,0.43354388154228884,0.5315621343693175,0.5982794392874667,0.6484232067005541,0.6871468268085683,0.7180012243364321,0.7431929105212816,0.7641648553606362,0.7819107538674909,0.7976243809601434
74,1.9483045216977104,0.001627819256536507,0.01849708304507658,7.186209991152288,9.942113192828446e-06,1.2511400692330539,1.2488623999538173,1.2488630211232017,1.2511366299786488,1.248860926465394,1.2488541894705016,1.2488617005840743,1.2488639267755683,1.2511388778399024,1.2488576248134036,1.2488662813010356,1.2488619071276839,0.0005097636345512083,0.28124478459906094,0.4335339929900192,0.5315719885357475,0.5982695382691873,0.6484132624899978,0.6871369323868682,0.7179913485263173,0.7431830571973562,0.7641549250600752,0.7819008932427584,0.7976243809601434
75,1.948290669337546,0.0016279019396893875,0.01845891698030755,7.186685113865535,9.936982166817273e-06,1.251162266556346,1.2488403155504162,1.2488408465792666,1.2511586479985006,1.2488387525353608,1.2488317368213773,1.2488395699926307,1.248841901946221,1.2511610320866131,1.2488353317707461,1.2488443956188804,1.2488398408535155,0.000519672019538904,0.28123491023970926,0.4335241096063255,0.5315818348379575,0.598259642010478,0.6484033230074758,0.6871270432562193,0.717981478637116,0.7431732096088897,0.764145000417042,0.7818910408996579,0.7976243809601434
76,1.948276876445108,0.001627984583113716,0.018006375001277775,7.18504391581131,9.931634888554937e-06,1.2511844525566163,1.2488182444853904,1.2488186807585335,1.2511806509577708,1.2488165916868914,1.2488092968810511,1.2488174570905637,1.2488198943970008,1.2511831656264452,1.2488130494780054,1.2488225252846727,1.248817787401295,0.0005295748564491513,0.2812250417115862,0.43351423171597553,0.5315916711897832,0.5982497514228119,0.6483933895240869,0.687117160898857,0.7179716158829872,0.7431633692536148,0.7641350816500144,0.7818811948404957,0.7976243809601434
77,1.9482631443796476,0.0016280671893143387,0.018495541997253895,7.185797072184313,9.926071618660238e-06,1.251206626713162,1.2487961864636505,1.2487965238127472,1.2512026399398883,1.2487944440430714,1.2487868698721425,1.2487953593983905,1.2487979037595816,1.2512052722046205,1.2487907783180148,1.248800672025412,1.2487957483749863,0.0005394720237987184,0.28121517904594784,0.433504359443759,0.5316015002821967,0.5982398664776175,0.6483834619937977,0.687107284940267,0.7179617599921635,0.7431535344353951,0.7641251681576847,0.7818713551276629,0.7976243809601434
78,1.9482494729933322,0.0016281497532524558,0.018245625018607825,7.183173957197737,9.9202926282791e-06,1.251228789332165,1.2487741400613448,1.2487743774280058,1.2512246156843962,1.2487723118480416,1.2487644575060584,1.2487732824503026,1.2487759323912853,1.2512273523396908,1.2487685184206794,1.2487788317227677,1.2487737195496411,0.0005493636495607065,0.2812053212779698,0.43349449196515755,0.5316113178812786,0.5982299877551374,0.6483735413600265,0.6870974166590107,0.7179519119941972,0.7431437071774005,0.7641152607278422,0.7818615210796205,0.7976243809601434
79,1.9482358685781032,0.0016282322742157426,0.018214457959402353,7.180223312544011,9.914298199071363e-06,1.2512509373729581,1.248752110113315,1.2487522316087558,1.2512465714525889,1.2487501916176595,1.2487420573215458,1.248751217813937,1.2487539770860012,1.2512494200643438,1.2487462740379374,1.2487570186402832,1.2487517165987676,0.0005592480690906146,0.2811954710010978,0.4334846310038078,0.5316211285763235,0.5982201151937382,0.6483636264191314,0.6870875544194923,0.7179420704831114,0.7431338859112147,0.7641053597187714,0.7818516964983611,0.7976243809601434
80,1.9482223291937864,0.0016283147532992674,0.018418582971207798,7.180422372148292,9.908088623197049e-06,1.2512730733783435,1.2487300930047904,1.248730093137195,1.2512685108487438,1.2487280855703513,1.2487196758723171,1.2487291720167066,1.2487320414648235,1.2512714596045094,1.2487240430294049,1.2487352218327368,1.248729727949039,0.0005691266206451286,0.2811856264299973,0.4334747754662141,0.5316309257172825,0.5982102483608779,0.6483537188462168,0.6870776998806619,0.7179322369646252,0.7431240716806473,0.764095465171888,0.7818418785871755,0.7976243809601434
81,1.9482088625057004,0.001628397184859601,0.01830199995310977,7.182301500801489,9.901664203302126e-06,1.251295199307261,1.2487080889390538,1.2487079664466878,1.2512904396009208,1.2487059951136832,1.2486973139312074,1.2487071462443176,1.2487101276191603,1.2512934650458847,1.2487018238813883,1.2487134356078475,1.2487077475975252,0.0005790003773723959,0.2811757873707273,0.43346492502519846,0.5316407154473181,0.5982003875603591,0.6483438190638897,0.6870678532408397,0.7179224120469104,0.7431142651978282,0.7640855770113923,0.7818320658505142,0.7976243809601434
82,1.948195466506469,0.0016284795695659339,0.01833454199368134,7.17688388143425,9.895025252503757e-06,1.2513173108339253,1.2486861009031371,1.2486858355602795,1.251312349886012,1.2486839179193423,1.2486749682077074,1.248685135226373,1.2486882332868658,1.2513154496635128,1.248679621954864,1.248691673876063,1.2486857913368865,0.0005888670258223313,0.2811659556135019,0.4334550804571154,0.5316504982377084,0.5981905332563178,0.6483339260181431,0.6870580135779936,0.7179125947626848,0.7431044653910538,0.764075696108166,0.7818222623052546,0.7976243809601434
83,1.9481821465111995,0.001628561899663291,0.018163875036407262,7.177780607400506,9.888172094375035e-06,1.2513394108915967,1.248664127176477,1.24866371876887,1.2513342469597621,1.2486618574183235,1.248652643407231,1.2486631464283087,1.2486663602270278,1.2513374019442234,1.2486574343165715,1.2486699258816996,1.2486638474501521,0.0005987281965165132,0.28115612992151845,0.4334452419022423,0.5316602735719382,0.5981806858786093,0.648324041449815,0.6870481825956047,0.7179027863671555,0.7430946737203401,0.7640658224626422,0.7818124651758318,0.7976243809601434
84,1.9481689023355648,0.0016286441797393424,0.018381500034593046,7.174277783101299,9.881105062929221e-06,1.2513614960872745,1.2486421714371094,1.2486416014425004,1.2513561235379513,1.2486398104014995,1.2486303365795426,1.2486411734125844,1.248644507307549,1.2513593324202281,1.2486352653972983,1.248648202861436,1.24864192890489,0.0006085820753045281,0.2811463123666675,0.43343541008164765,0.5316700401436708,0.5981708449682815,0.6483141640426764,0.6870383590249536,0.7178929859578358,0.7430848890396988,0.764055956633274,0.78180267757816,0.7976243809601434
85,1.9481557389921988,0.0016287264069453336,0.018353749997913837,7.173947622392412,9.87382450260346e-06,1.251383564486769,1.2486202321575928,1.2486194959231944,1.251377982018289,1.2486177803820897,1.248608050663586,1.2486192196989976,1.2486226764612767,1.2513812338934516,1.248613112563597,1.2486264979643888,1.2486200264676497,0.0006184281627577548,0.28113650204247836,0.43342558514487983,0.5316797950036741,0.5981610112438538,0.6483042950539566,0.6870285437352844,0.7178831943823887,0.7430751124426435,0.7640460984075073,0.7817928976276901,0.7976243809601434
86,1.9481426603080978,0.0016288085797049026,0.018054916989058256,7.17415396153592,9.866330768241984e-06,1.2514056175305315,1.2485983081507461,1.2485973933266283,1.2513998241630644,1.2485957676307393,1.2485857870864567,1.248597286147097,1.248600868284816,1.2514031074491594,1.248590975283356,1.2486048115475867,1.248598141292363,0.0006282670544360207,0.28112669838280724,0.43341576586290775,0.5316895401938672,0.5981511848705842,0.6482944347889786,0.6870187369850741,0.7178734118136799,0.7430653441916435,0.7640362479289248,0.7817831254817778,0.7976243809601434
87,1.9481296723688857,0.0016288906960506729,0.01838875003159046,7.174890840781206,9.858624225078841e-06,1.251427656957052,1.248576399764887,1.2485753029714433,1.251421651695316,1.2485737732903421,1.2485635459834175,1.2485753736524787,1.248579084641452,1.2514249465737448,1.2485688529322367,1.2485831391679827,1.2485762689497009,0.0006380995648107848,0.2811169014722386,0.43340595292440437,0.5316992756462738,0.5981413658533368,0.648284583488449,0.6870089389222942,0.7178636388393457,0.7430555848288516,0.7640264051603137,0.7817733599595732,0.7976243809601434
88,1.9481167752487334,0.0016289727554566942,0.029439124977216125,7.173429086841884,9.850705248720069e-06,1.251449682212671,1.2485545086389014,1.248553224247268,1.251443463794787,1.2485517978674463,1.2485413288305443,1.2485534839591386,1.2485573251878532,1.251446747642562,1.2485467463780542,1.2485614812167543,1.2485544096419015,0.000647925483062093,0.2811071119171115,0.4333961465555689,0.5317090001687541,0.5981315542964818,0.6482747415881206,0.6869991501101221,0.7178538756446832,0.7430458339766122,0.7640165701527023,0.7817636011238618,0.7976243809601434
89,1.9481039737875954,0.0016290547595021567,0.01834562496514991,7.167987622253335,9.842574225125401e-06,1.2514716868301763,1.2485326368341976,1.2485311461533326,1.2514652504107782,1.2485298384536203,1.2485191313546589,1.2485316105875721,1.2485355850654278,1.251468528368382,1.2485246621881894,1.2485398559208734,1.2485325833596304,0.000657741523654605,0.28109733136833953,0.43338634830070394,0.5317187134974174,0.5981217505235086,0.6482649075328129,0.686989369214161,0.7178441205619528,0.7430360898415723,0.7640067437273775,0.781753854040754,0.7976243809601434
90,1.9480912736529075,0.0016291367002590528,0.018395416962448508,7.169002556628291,9.834231550589462e-06,1.2514936764502305,1.2485107833856357,1.2485090761043653,1.2514870208087054,1.248507898535384,1.2484969607433136,1.2485097616537373,1.248513870234016,1.2514902702222668,1.248502595562685,1.2485182477171008,1.2485107738852002,0.0006675505443619524,0.28108755864453416,0.43337655665451474,0.5317284173985642,0.5981119547928687,0.6482550835768266,0.6869795982743055,0.7178343758141031,0.7430263546680895,0.7639969257546856,0.7817441146806753,0.7976243809601434
91,1.948078679748535,0.0016292185807252047,0.018146333983168006,7.167684973657196,9.825677631722436e-06,1.2515156483362597,1.2484889493284157,1.2484870220722597,1.2515087699713208,1.2484859789693417,1.248474816997752,1.248487938325191,1.2484921779512541,1.2515119740561815,1.2484805475400362,1.2484966589063793,1.2484889830221877,0.000677351315383291,0.2810777944005567,0.43336677327652895,0.5317381049450914,0.5981021672158602,0.6482452697657912,0.6869698374959089,0.7178246409599548,0.7430166276139685,0.7639871161582162,0.7817343835536137,0.7976243809601434
92,1.9480661972417663,0.0016293003941179331,0.018125457980204374,7.164073159465452,9.816912885430259e-06,1.2515375990940918,1.248467137914803,1.2484649802519139,1.251530496221565,1.2484640778390907,1.2484526968594196,1.248466136395712,1.2484705088078865,1.2515336473568541,1.2484585208515553,1.2484750976404377,1.2484672194190194,0.0006871422517328371,0.2810680402356079,0.4333569990963298,0.5317477844655571,0.5980923882353696,0.6482354653116162,0.6869600860713344,0.7178149156975768,0.7430069085280575,0.7639773155699591,0.7817246630644271,0.7976243809601434
93,1.9480538276307333,0.001629382142566427,0.018690249999053776,7.163267138642686,9.807937738894303e-06,1.2515595286277403,1.2484453473879353,1.2484429419385707,1.2515521972438817,1.2484421944864037,1.2484305985633495,1.2484443519780533,1.2484488611171385,1.2515552958539884,1.248436518812827,1.2484535699398847,1.2484454899600004,0.0006969230553621432,0.2810582956986623,0.4333472337547821,0.5317574565061475,0.598082618119291,0.648225669742859,0.6869503433229124,0.7178051993674721,0.7429971966160512,0.7639675244460571,0.7817149549282492,0.7976243809601434
94,1.948041578863363,0.0016294638228481538,0.01842508395202458,7.165551335062384,9.798752629550547e-06,1.25158144163606,1.2484235747979753,1.2484209189829756,1.2515738804087948,1.2484203329962495,1.2484085286756943,1.2484225923434507,1.2484272403634902,1.2515769023821248,1.2484145361805534,1.2484320594869418,1.2484237773376512,0.000706696172794136,0.281048558963937,0.4333374760650079,0.53176711712187,0.5980728569533438,0.6482158851656709,0.6869406109304019,0.7177954939617862,0.7429874941693623,0.7639577425490892,0.7817052548915326,0.7976243809601434
95,1.9480294593910072,0.0016295454346895934,0.01817329099867493,7.16537452314179,9.789358005068262e-06,1.251603338124375,1.2484018211664336,1.2483989115422172,1.251595545074465,1.248398493138741,1.2483864875304045,1.248400858552848,1.248405647237045,1.2515984681147045,1.2483925733696917,1.2484105659873066,1.2484020812427965,0.0007164616462724035,0.2810388303871777,0.4333277261618412,0.5317767644845667,0.5980631042700334,0.6482061114126828,0.6869308889792507,0.7177857996553181,0.74297780163293,0.763947970111356,0.7816955629206302,0.7976243809601434
96,1.948017476877253,0.0016296269712466596,0.01831025001592934,7.160576034885671,9.779754323328192e-06,1.2516252155020342,1.2483800879128348,1.2483769145949446,1.2516171890444836,1.248376675293133,1.2483644748189622,1.248379151882464,1.2483840811889295,1.25161999806948,1.2483706328617974,1.248389095263281,1.2483804074748213,0.0007262182313918401,0.281029110667979,0.4333179843187075,0.5317864013095109,0.5980533611345763,0.6481963486705414,0.6869211779460325,0.7177761165219244,0.7429681193202481,0.763938207941399,0.7816858809725232,0.7976243809601434
97,1.9480056406518471,0.0016297084354763096,0.018301083997357637,7.161540909896101,9.769942052400236e-06,1.2516470734719223,1.2483583758456733,1.2483549301644368,1.2516388113583998,1.2483548779514395,1.2483424908868146,1.2483574704715994,1.2483625429310432,1.25164149125846,1.248348715013208,1.2483676469732987,1.2483587568894197,0.000735965778626951,0.28101940021673066,0.4333082510578521,0.5317960259890124,0.59804362651962,0.6481865965905398,0.6869114773877959,0.7177664445506191,0.74295844703891,0.7639284559228344,0.7816762088145303,0.7976243809601434
98,1.9479939590076698,0.0016297898277556142,0.018472291994839907,7.160296522510746,9.759921670520634e-06,1.2516689120285833,1.2483366858875575,1.248332957734812,1.2516604105394018,1.2483331018487096,1.2483205372615338,1.2483358132736229,1.248341031801926,1.2516629446376768,1.2483268209388172,1.2483462229567943,1.2483371314021021,0.0007457042270680961,0.28100969955668187,0.43329852685764575,0.5318056376166537,0.5980339008399698,0.6481768555354631,0.6869017873032475,0.7177567836570294,0.7429487840143497,0.7639187141019598,0.7816665469502381,0.7976243809601434
99,1.947982441830475,0.0016298711429187603,0.01848829200025648,7.158542084862607,9.749693666068666e-06,1.2516907308001513,1.2483150178845126,1.2483109967464565,1.251681987519264,1.248311347846816,1.248298612407577,1.2483141821941508,1.2483195477687743,1.2516843581474322,1.2483049523073808,1.2483248239562554,1.248315532589923,0.0007554334192376924,0.28100000860860164,0.43328881169828387,0.5318152397534912,0.5980241848726165,0.6481671256220946,0.6868921081684948,0.7177471340377813,0.7429391304873674,0.7639089830142088,0.7816568957896178,0.7976243809601434
100,1.9479710995844188,0.0016299523788739431,0.018447665963321924,7.154460195659729,9.739258537542836e-06,1.2517125255565962,1.2482933764397988,1.2482890452895987,1.2517035331565807,1.24828961464078,1.2482767139184172,1.2482925734645784,1.2482980874982401,1.251705748352768,1.2482831125860496,1.248303460193439,1.2482939729879567,0.000765151174414955,0.28099032984821637,0.4332791079416622,0.5318248302639875,0.5980144791174374,0.6481574061028774,0.6868824392701658,0.7177374946203952,0.7429294860204828,0.7638992633868034,0.7816472583032985,0.7976243809601434
101,1.9479599339441716,0.0016300335350695576,0.018341374990995973,7.154561515274572,9.728616793536588e-06,1.2517342983319202,1.248271762041028,1.2482671060568442,1.251725049030102,1.2482679031639652,1.2482548428994036,1.2482709866562667,1.248276654008582,1.2517271112587736,1.248261300723029,1.248282127972802,1.2482724480133731,0.0007748584235152702,0.2809806632390141,0.4332694153571253,0.5318344075371145,0.5980047834225534,0.648147697259461,0.6868727805507296,0.7177278660552103,0.74291985158201,0.7638895553875498,0.7816376336108265,0.7976243809601434
102,1.9479489663321394,0.0016301146065793681,0.018156917009036988,7.152261493101032,9.717768952713514e-06,1.2517560478858656,1.2482501708134999,1.2482451792891167,1.2517465397013605,1.248246215402499,1.2482330052391652,1.2482494269466349,1.2482552485441347,1.2517484371835952,1.2482395164668423,1.2482608254081593,1.2482509537563005,0.0007845548799800322,0.2809710068355083,0.43325973238748583,0.5318439738019429,0.5979950983312626,0.6481380007429302,0.6868631334277996,0.7177182491871638,0.7429102272069474,0.7638798588635811,0.7816280211155977,0.7976243809601434
103,1.9479382172115034,0.0016301955944903676,0.018357916036620736,7.151463091128148,9.706715543782065e-06,1.251777773304459,1.2482286038408408,1.2482232681493965,1.251768004531846,1.2482245515393016,1.2482112024019016,1.248227894605887,1.2482338728114681,1.2517697220576771,1.2482177599170956,1.2482395481469206,1.2482294872951525,0.0007942402326475452,0.2809613612199052,0.4332500595676326,0.5318535250660443,0.5979854235878884,0.6481283169651507,0.686853498229124,0.7177086445348588,0.7429006133915753,0.7638701742660843,0.7816184199973057,0.7976243809601434
104,1.947927705815148,0.0016302765029560164,0.018413917045108974,7.15394696998315,9.695457105469805e-06,1.2517994758221505,1.2482070622209098,1.2482013772164453,1.2517894440282284,1.248202912651424,1.2481894318690347,1.2482063917736161,1.2482125274655103,1.2517909612467,1.248196028431231,1.248218292771601,1.248208044064629,0.0008039152176300422,0.2809517267239941,0.4332403972695608,0.5318630583393336,0.597975758730092,0.6481186452874074,0.6868438749072961,0.7176990523109317,0.7428910101997234,0.7638605009322376,0.7816088288939878,0.7976243809601434
105,1.9479174511640267,0.0016303573231956255,0.01863291603513062,7.151737982191833,9.683994186497132e-06,1.2518211565732031,1.248185546107643,1.2481795056058171,1.2518108596344997,1.248181299304438,1.2481676982382235,1.2481849191222092,1.2481912132314767,1.2518121549839925,1.2481743234466867,1.2481970596925067,1.2481866250683757,0.0008135802163278347,0.28094210330464015,0.4332307453577937,0.5318725779628073,0.5979661044054818,0.6481089869173363,0.6868342640457717,0.7176894728937954,0.7428814181901844,0.7638508394795019,0.7815992482688084,0.7976243809601434
106,1.947907475511127,0.0016304380571275272,0.01835162495262921,7.149380494791126,9.672327345550544e-06,1.2518428136701445,1.248164055011816,1.2481576386464144,1.2518322488252984,1.2481597092081838,1.2481460009939458,1.2481634740372747,1.2481699296209916,1.2518333104261798,1.2481526484019518,1.248175856754639,1.2481652389639724,0.0008232341758719186,0.28093249096708667,0.43322110290591465,0.5318820839905338,0.5979564601603543,0.6480993411967179,0.6868246651524363,0.7176799058974717,0.7428718370353756,0.7638411905391854,0.7815896804129083,0.7976243809601434
107,1.9478978106500557,0.001630518704616559,0.018192333984188735,7.150207038746002,9.66045715125541e-06,1.2518644471953793,1.2481425887924622,1.2481357872030272,1.251853612835626,1.248138145653265,1.2481243419400867,1.2481420600519668,1.248148678111369,1.251854419642452,1.2481309999139203,1.2481546773691863,1.2481438779689864,0.0008328774219733342,0.28092288943077814,0.43321147036730284,0.5318915723097456,0.597946826510202,0.6480897090101929,0.6868150789618307,0.7176703520255946,0.7428622672254837,0.7638315535413283,0.781580123351898,0.7976243809601434
108,1.9478884870437887,0.0016305992629835227,0.01835920801386237,7.147788838406195,9.648384182148252e-06,1.251886055272151,1.2481211497549238,1.2481139508874133,1.251874948946798,1.2481166082760005,1.248102719505267,1.248120673502516,1.2481274568104426,1.2518754857556185,1.248109381552236,1.248133528048855,1.2481225492730759,0.0008425089983443252,0.2809132999664613,0.4332018489361349,0.5319010464024816,0.5979372041277784,0.6480800900468292,0.6868055048720078,0.717660810644227,0.7428527076928998,0.7638219289329304,0.7815705788950988,0.7976243809601434
109,1.9478795374771285,0.0016306797289870325,0.0185094999615103,7.148395281588419,9.636109026648556e-06,1.2519076414925971,1.2480997350842875,1.2480921323003566,1.2518962625286294,1.248095099643064,1.2480811392373248,1.248099320240507,1.2481062692639486,1.251896496150283,1.2480877914434056,1.2481123991168288,1.2481012439152745,0.000852130671432572,0.28090372097854577,0.43319223731246614,0.5319105054395032,0.597927593210175,0.6480704858954209,0.686795944278779,0.7176512830703746,0.7428431594018192,0.763812316781488,0.7815610446264962,0.7976243809601434
110,1.9478710063365958,0.00163076010116678,0.018332417006604373,7.1456293991845214,9.623632283030079e-06,1.2519292024783377,1.2480783466148793,1.2480703248751779,1.251917548976772,1.2480736180661307,1.2480595948205242,1.2480779975800633,1.2480851137926865,1.2519174624506246,1.2480662331365138,1.2480913008035899,1.2480799724383054,0.0008617406830588358,0.280894153605049,0.43318263635910403,0.5319199527633116,0.5979179941903683,0.6480608949417583,0.6867863962973111,0.7176417685149331,0.7428336218006579,0.7638027176682513,0.7815515233802582,0.7976243809601434
111,1.9478629426084362,0.0016308403785132864,0.018016292015090585,7.145094930859131,9.610954559391704e-06,1.251950739765844,1.2480569862046762,1.2480485275878699,1.2519388074045477,1.2480521627680674,1.2480380909583682,1.248056704224996,1.2480639897554044,1.2519383841393712,1.2480447078422163,1.2480702336650054,1.2480587365688582,0.0008713396319784451,0.28088459862190074,0.4331730463480033,0.5319293868256686,0.5979084065036183,0.6480513179016374,0.6867768609385869,0.7176322669322885,0.7428240948565613,0.7637931320241962,0.7815420155507526,0.7976243809601434
112,1.9478554049185772,0.0016309205611650208,0.018464583030436188,7.144358201641765,9.598076473627798e-06,1.2519722510312499,1.2480356515008981,1.2480267464868755,1.251960038411698,1.2480307370497028,1.2480166300336644,1.2480354414031556,1.2480428969957824,1.2519592532751727,1.2480232147344967,1.248049195622508,1.2480375336332965,0.0008809266909967378,0.2808750550267775,0.433163467401058,0.5319388061376205,0.5978988313173916,0.6480417558342942,0.6867673387869542,0.7176227785423279,0.7428145778345497,0.7637835593971926,0.7815325203632171,0.7976243809601434
113,1.9478484650797825,0.0016310006482545786,0.018086459022015333,7.144107177617678,9.58499865339809e-06,1.2519937365301161,1.2480143442394531,1.2480049726701832,1.2519812417437002,1.2480093378428312,1.2479952128433485,1.2480142093290247,1.2480218371047507,1.2519800769052412,1.2480017548114424,1.2480281888133686,1.2480163653954064,0.0008905019287214878,0.28086552347166877,0.43315389875766325,0.5319482106981684,0.5978892670471238,0.6480322080553038,0.6867578295879926,0.7176133034895935,0.7428050719306086,0.7637740005100989,0.7815230386963229,0.7976243809601434
114,1.947842211073301,0.001631080634446075,0.01829512498807162,7.140040914247221,9.571721736097089e-06,1.2520151938469666,1.2479930666510357,1.24798320927395,1.2520024148976083,1.2479879651581822,1.2479738394490787,1.2479930084052233,1.2480008098412554,1.2520008562796827,1.2479803311516129,1.2480072173327998,1.2479952374843803,0.0009000641829256387,0.28085600502072033,0.433144341773682,0.5319576024786348,0.5978797143589678,0.6480226746247586,0.6867483334685862,0.7176038417281398,0.7427955765969657,0.7637644558739105,0.7815135718116791,0.7976243809601434
115,1.9478367449110887,0.0016311605191183184,0.018287041049916297,7.142360638385027,9.558246368823013e-06,1.2520366272118517,1.247971814832967,1.2479614656032616,1.2520235647917268,1.2479666230524065,1.2479525172076469,1.247971844661169,1.2479798193374134,1.2520215714159877,1.247958940106044,1.247986266006198,1.247974134604279,0.0009096157630004691,0.28084649758511,0.4331347951320918,0.5319669774999529,0.5978701734536984,0.6480131578675348,0.6867388521150162,0.7175943949090532,0.7427860929147871,0.7637549251735107,0.781504115615689,0.7976243809601434
116,1.9478321966836492,0.0016312403032188378,0.0183811669703573,7.139953765954121,9.544573208346252e-06,1.2520580339904217,1.2479505909402855,1.2479397396511511,1.2520446850648401,1.2479453094056512,1.2479312431899023,1.2479507163314827,1.2479588635543355,1.252042233317391,1.247937584733688,1.2479653442344831,1.2479530662172833,0.0009191551908543177,0.28083700235667847,0.4331252600570686,0.5319763335374892,0.5978606439002022,0.6480036565199264,0.6867293847338923,0.7175849621991552,0.7427766203750183,0.7637454089470311,0.7814946727287606,0.7976243809601434
117,1.9478287264885463,0.0016313199845044927,0.01830054202582687,7.139449844954211,9.530702921077358e-06,1.2520794157288493,1.2479293933488962,1.2479180293537278,1.2520657786495095,1.2479240260856086,1.247910020908919,1.2479296250059537,1.247937945671266,1.2520628353312209,1.2479162650713769,1.2479444467851621,1.2479320281504096,0.0009286833213965344,0.28082751846629805,0.43311573555325883,0.5319856707435044,0.5978511261835778,0.6479941715111277,0.686719931790339,0.7175755444097259,0.7427671596133534,0.7637359074955355,0.7814852419207069,0.7976243809601434
118,1.9478265380646507,0.001631399564314811,0.01837483304552734,7.136044958395588,9.516636183034565e-06,1.2521007682507561,1.2479082236037453,1.2478963256284767,1.252086839524083,1.2479027710250516,1.2478888503659462,1.2479085660727756,1.2479170614785533,1.2520833858521032,1.247894985023697,1.2479235864339089,1.2479110338712252,0.0009381979937687878,0.280818047108863,0.43310622253289766,0.5319949898763192,0.5978416205321067,0.6479847025413902,0.6867104926865829,0.717566140325236,0.742757708607569,0.7637264210207151,0.7814758265317224,0.7976243809601434
119,1.947825889644969,0.0016314790367528236,0.018392166995909065,7.137828316671069,9.50237367981084e-06,1.2521220959976764,1.2478870836533615,1.2478746387329667,1.252107871963339,1.2478815450535319,1.2478677344267515,1.2478875418773423,1.247896213936313,1.2521038779713285,1.2478737440171959,1.2479027538904575,1.247890074846982,0.0009477013291789389,0.28080858872971826,0.43309672143772915,0.5320042929282542,0.5978321264505678,0.647975250045124,0.6867010675950203,0.7175567507599577,0.742748268841768,0.7637169502091922,0.7814664245155744,0.7976243809601434
120,1.947827110576061,0.0016315584009134745,0.018305000034160912,7.1353777977737725,9.487916106540466e-06,1.2521433976990615,1.2478659752288181,1.2478529604818034,1.2521288719065382,1.2478603466698328,1.2478466737536382,1.2478665503800372,1.2478754011409494,1.2521243200622203,1.2478525455514522,1.2478819567261392,1.2478691606515304,0.0009571925129927633,0.2807991443007126,0.4330872328011528,0.5320135801407806,0.597822643907859,0.6479658136854047,0.6866916560232577,0.7175473750138406,0.7427388395350637,0.7637074955794066,0.7814570380442486,0.7976243809601434
121,1.9478306395018288,0.0016316376596132946,0.018445042020175606,7.136400702885017,9.473264167865172e-06,1.2521646731679734,1.2478448927831147,1.2478312928321122,1.2521498451907338,1.247839180211224,1.247825674693199,1.247845598980457,1.2478546258626058,1.2521446944670298,1.2478313873327764,1.2478611849091978,1.247848280278433,0.0009666719986922419,0.28078971105071043,0.4330777544653258,0.5320228472921733,0.5978131733460795,0.6479563950678533,0.6866822593243748,0.7175380141365563,0.7427294205660324,0.7636980566090193,0.7814476641561203,0.7976243809601434
122,1.9478370279275847,0.0016317168123814322,0.0182043329696171,7.135659962145612,9.458418577899773e-06,1.2521859225281424,1.247823834986076,1.247809631232985,1.2521707928246613,1.2478180440214592,1.2478047415032882,1.2478246858506472,1.2478338887809366,1.2521649966944808,1.2478102724722697,1.2478404405654648,1.2478274369497322,0.000976139803244296,0.2807802884996702,0.43306828586177853,0.5320320973859413,0.5978037141869628,0.6479469944941592,0.6866728771979455,0.7175286680210663,0.7427200108967754,0.7636886338903873,0.7814383036800908,0.7976243809601434
123,1.9474431338897478,0.0016317945848937936,0.018636541964951903,7.012843744340301,9.443380060197387e-06,1.252207057575762,1.247803220142725,1.2477888014495913,1.2521917662212214,1.2477972095198493,1.2477841391356763,1.247803245633827,1.2478136548262324,1.2521849000992404,1.2477888855239223,1.247819133169682,1.2478080229834876,0.000985590303291157,0.2807711751687123,0.43305916249545173,0.5320422684928698,0.5977944492516567,0.647937647830777,0.6866634623957797,0.7175194112063336,0.7427107973510032,0.7636791650868016,0.7814288453174942,0.7976243809601434
124,1.9474327893905052,0.0016318711318147419,0.018974500009790063,7.0079729009841145,9.428149347714144e-06,1.252228084158786,1.2477830081283892,1.247768701981622,1.2522127518666115,1.247776645419124,1.2477638304541105,1.247781344912602,1.2477938690824386,1.2522044556828258,1.2477672683402585,1.2477973376254792,1.2477899027230943,0.0009950220679054128,0.28076234165631775,0.43305034943976506,0.5320532207896355,0.5977853583956213,0.6479283499512546,0.6866540207201346,0.717510235179615,0.7427017609241945,0.7636696591459297,0.7814193039230636,0.7976243809601434
125,1.9474232692572488,0.0016319465703158395,0.018418207997456193,7.011554378822587,9.412727182773487e-06,1.2522490154123054,1.2477631575261126,1.247749275787833,1.252233751486209,1.2477563286597138,1.247743793318475,1.2477590453798746,1.2477744974132612,1.2522236806620335,1.24774544152503,1.2477751099473517,1.2477729425297983,0.0010044377941552602,0.28075375921453216,0.43304181627998845,0.5320648516962615,0.5977764256767456,0.6479190984875894,0.686644557115507,0.7175011344324687,0.742692886071421,0.763660120021007,0.7814096889016203,0.7976243809601434
126,1.9474155064247416,0.0016320207729588357,0.018622750008944422,6.666831955888753,9.397114317029975e-06,1.2522700723828424,1.24774356684862,1.2477301519969446,1.2522547733260692,1.247736173857565,1.2477245733152453,1.247736275257705,1.2477557764972336,1.252241882488181,1.2477233525541436,1.2477530773699803,1.2477571688582305,0.0010139014715569515,0.28074536845910397,0.43303349061960683,0.5320771477436771,0.5977675952442486,0.6479099831492059,0.6866350883944615,0.7174921660909677,0.7426841687705011,0.7636505672430876,0.7814001117255859,0.7976243809601434
127,1.947397911385684,0.00163209411117315,0.01869741699192673,7.009034891048577,9.381311511432659e-06,1.2522910243333318,1.247724277477794,1.2477116061719538,1.2522757964207636,1.247716228701058,1.2477055174681624,1.2477132229556465,1.2477373659610282,1.252259885908179,1.2477011172943189,1.2477306529237358,1.2477423237149616,0.001023342379842648,0.28073718475403214,0.43302539664694256,0.5320899233158883,0.5977588978884091,0.6479008983055897,0.6866256053201703,0.7174832545434887,0.7426755829019525,0.7636409907879053,0.7813904696247487,0.7976243809601434
128,1.9473789716597472,0.0016321666874269767,0.018550375010818243,7.004954575629694,9.365319536187992e-06,1.2523118732302627,1.247705263624452,1.2476935540699599,1.2522968088384387,1.2476964722269932,1.2476866040802053,1.2476899265829153,1.2477192265616817,1.2522777243840655,1.2476787653821302,1.2477078950014937,1.2477283221641138,0.0010327584311645547,0.2807291888868339,0.43301750992522076,0.5321030940382127,0.5977503199871822,0.6478918410385127,0.6866161115490714,0.7174743939123489,0.7426671145258124,0.7636313969777194,0.7813807741817901,0.7976243809601434
129,1.947359789692173,0.0016322385722536065,0.018683333008084446,7.006413128776822,9.34913917072228e-06,1.2523326295502626,1.247686497949639,1.2476759613488422,1.2523178101807464,1.2476768876419126,1.2476678249484112,1.2476664228720258,1.2477013373858912,1.252295401698946,1.2476563123960862,1.2476848452651261,1.2477150781785122,0.0010421519310612512,0.2807213618337682,0.4330098107688192,0.5321166008023236,0.5977418500886932,0.6478828106542821,0.6866066105114933,0.7174655810436253,0.7426587526038482,0.7636217891286469,0.7813710326548591,0.7976243809601434
130,1.947340363988174,0.0016323098406822332,0.0190802090219222,7.004528241032652,9.332771203643714e-06,1.2523532964638695,1.2476679587355266,1.2476587750614088,1.2523387931588394,1.2476574586991673,1.2476491633825268,1.2476427414490736,1.2476836687522237,1.2523129413757963,1.2476337810031777,1.247661548058315,1.2477025207366002,0.0010515219391699384,0.2807136877924517,0.43300228062463814,0.5321303829773698,0.5977334774709477,0.6478738049927708,0.6865971049084985,0.7174568114101998,0.7426504861730139,0.7636121721405253,0.7813612537326942,0.7976243809601434
131,1.947320706490592,0.001632380554495454,0.018668541975785047,7.004882097439537,9.316216432703918e-06,1.2523738796349402,1.247649623735785,1.2476419474735216,1.252359757079712,1.2476381718246023,1.2476306091145863,1.247618910869534,1.247666198019795,1.2523303559113026,1.2476111866297002,1.2476380413913863,1.247690582995651,0.0010608689864496802,0.28070615111475394,0.43299490153188597,0.5321443944189389,0.5977251931110911,0.6478648230349993,0.6865875974211895,0.7174480815799322,0.742642305411421,0.7636025490559509,0.7813514443624996,0.7976243809601434
132,1.947300831956749,0.0016324507622756965,0.018725375004578382,7.0071108033829415,9.29947566475907e-06,1.2523943856705169,1.247631471043922,1.2476254543335927,1.252380704513226,1.2476190165398735,1.2476121592162335,1.2475949573498792,1.2476489114314337,1.25234764217761,1.2475885379421094,1.247614353962386,1.247679199815038,0.0010701945081236367,0.28069873705999454,0.43298765848353904,0.5321585982978214,0.5977169894257057,0.6478558650168892,0.6865780905848675,0.7174393894340131,0.7426342018923593,0.7635929214267715,0.7813416091933904,0.7976243809601434
133,1.9472807524891562,0.0016325205158363597,0.018607874982990324,7.003304818740675,9.28254971573058e-06,1.2524148160917346,1.2476134851236282,1.2476092548794615,1.2524016282323236,1.247599980258988,1.2475938029216276,1.2475709027180077,1.2476317876534475,1.2523648198538273,1.2475658543093229,1.2475905175514883,1.247668319909361,0.0010794974325978768,0.2806914341438701,0.4329805378711955,0.5321729517839269,0.5977088582582032,0.6478469295368744,0.6865685866614203,0.7174307318736116,0.7426261679898059,0.7635832937504331,0.7813317549171855,0.7976243809601434
134,1.9472604923554553,0.0016325898485300453,0.018565500038675964,7.0058709217536395,9.265439410565327e-06,1.252435178292517,1.2475956476404568,1.2475933372954338,1.2524225319960658,1.2475810561364062,1.247575537205456,1.2475467691178062,1.2476148179954267,1.2523818834237315,1.2475431407845108,1.2475665528876154,1.2476578885403835,0.0010887798024726229,0.28068423011418725,0.43297352796997524,0.5321874298408392,0.5977007943739607,0.6478380169707008,0.6865590877202267,0.7174221075753823,0.7426181975605376,0.7635736670007439,0.7813218847130591,0.7976243809601434
135,1.9472400635980291,0.0016326588007722447,0.018575541966129094,7.003855358212559,9.248145583195449e-06,1.2524554742151461,1.2475779485843859,1.2475776709736324,1.2524434102005764,1.2475622326929787,1.2475573543395195,1.2475225734411726,1.2475979850049232,1.2523988478818602,1.2475204119825836,1.247542485450021,1.2476478640388942,0.0010980411061730943,0.2806771167570299,0.4329666185642385,0.5322020006827541,0.5976927905033637,0.6478291260639596,0.6865495954851228,0.7174135140346124,0.7426102843289136,0.7635640445510724,0.7813120038877973,0.7976243809601434
136,1.947219487865825,0.0016327274139577561,0.018318124988581985,7.002793486836261,9.230669076497688e-06,1.2524757068157484,1.2475603747303796,1.2475622167369596,1.2524642589565498,1.2475435014440828,1.2475392457877639,1.2474983317650996,1.2475812717979995,1.2524157239169407,1.2474976799463857,1.2475183396158283,1.2476382090460199,0.001107281288990182,0.28067008488075995,0.4329597984311469,0.5322166362000402,0.5976848409132682,0.6478202557219749,0.6865401116175605,0.7174049487890827,0.7426024218189768,0.7635544288249821,0.7813021173073135,0.7976243809601434
137,1.947198793098921,0.0016327957065603491,0.018608834012411535,7.005146890712263,9.213010742252328e-06,1.2524958808591002,1.2475429134775298,1.2475469741193264,1.2524850815601343,1.2475248567857922,1.247521211708302,1.2474740593939546,1.2475646739959894,1.2524325099339195,1.2474749470015016,1.2474941291331718,1.2476288819165,0.001116501713526819,0.2806631258128625,0.4329530598093007,0.5322313213451387,0.5976769414335854,0.6478114064753698,0.6865306375105555,0.7173964111576117,0.7425946064976001,0.763544820508343,0.7812922270825361,0.7976243809601434
138,1.9471779910076357,0.001632863704615391,0.01873045798856765,7.005933378728473,9.195171441101669e-06,1.2525159988977077,1.2475255554878089,1.247531926296061,1.2525058774719873,1.2475062935385008,1.2475032472947991,1.2474497695151359,1.2475481825288397,1.2524492081372212,1.2474522184975567,1.2474698705243974,1.2476198493256487,0.0011257026908981663,0.2806562325772609,0.43294639487504427,0.5322460386617288,0.5976690881859463,0.6478025778552589,0.6865211743449119,0.7173878997538895,0.7425868337443249,0.7635352205250262,0.7812823360705504,0.7976243809601434
139,1.9471570985577082,0.001632931435495109,0.01876341598108411,7.0039531226363,9.177152042508079e-06,1.25253606280303,1.2475082925142296,1.2475170488118126,1.2525266422239547,1.2474878057633634,1.247485347515277,1.2474254748176732,1.2475317849818057,1.2524658241812652,1.2474295035628842,1.2474455805132643,1.247611084370159,0.0011348840550735623,0.280649399088962,0.4329397963110107,0.5322607680763911,0.597661277122081,0.647793769464468,0.6865117238459895,0.7173794130703803,0.7425790989550167,0.7635256308526737,0.7812724477344483,0.7976243809601434
140,1.9471361380791874,0.001632998926103518,0.01879162498516962,7.001183978817914,9.158953424711625e-06,1.2525560715885322,1.2474911176677859,1.2475023100297709,1.2525473709254964,1.2474693860443,1.2474675046082815,1.2474011837980092,1.24751546860053,1.2524823747174074,1.2474068142476504,1.2474212761816472,1.2476025639874473,0.0011440444431423092,0.2806426200841702,0.43293325674632127,0.5322754910086718,0.5976535037443906,0.6477849800159183,0.6865022868617405,0.7173709492687874,0.7425713985473269,0.7635160544683203,0.7812625661735444,0.7976243809601434
141,1.94711513236952,0.0016330661814702315,0.01858562498819083,7.0056495583137695,9.140576474687263e-06,1.2525760317628085,1.2474740223580707,1.24748772359713,1.2525680705251965,1.247451033371185,1.2474497223079866,1.2473769072003689,1.247499235766905,1.2524988424284693,1.2473841453810834,1.2473969626604602,1.2475942569789251,0.0011531864398884974,0.2806358897455121,0.4329267719238917,0.5322902057415225,0.5976457666601643,0.6477762108691794,0.6864928645092195,0.7173625087420031,0.7425637299982344,0.7635064899316835,0.7812526911997891,0.7976243809601434
142,1.9470940862276087,0.0016331332225075076,0.018490416987333447,7.003348109851263,9.122022088101615e-06,1.252595941753288,1.2474570007234473,1.2474732683688003,1.252588735911623,1.2474327424755642,1.2474319940921619,1.2473526517543636,1.2474830763629707,1.2525152407424225,1.2473615067048485,1.2473726530900306,1.2475861443164162,0.0011623086543382075,0.28062920362299204,0.4329203363021756,0.5323048968266447,0.5976380625438139,0.6477674610709537,0.6864834574543186,0.7173540900452965,0.7425560905580281,0.7634969397320873,0.7812428260917219,0.7976243809601434
143,1.9470730186092498,0.001633200059550147,0.018600541981868446,7.005832846320315,9.1032911692693e-06,1.2526158054308554,1.2474400451372145,1.2474589401539626,1.2526093697581775,1.247414511201037,1.2474143198697587,1.2473284256150186,1.2474669878710902,1.2525315662102254,1.2473388980532667,1.2473483551875921,1.2475782040195769,0.0011714123438469582,0.28062255675723247,0.43291394520805865,0.5323195588332338,0.5976303894578422,0.6477587309312992,0.6864740665047405,0.7173456928137849,0.7425484780069336,0.7634874037289393,0.7812329718965729,0.7976243809601434
144,1.9470519388754404,0.0016332667024508648,0.018897707981523126,7.004000198449264,9.084384631108884e-06,1.2526356233368074,1.2474231527378488,1.247444731301569,1.252629969828167,1.2473963362258393,1.2473966988029852,1.2473042372051175,1.2474509656698956,1.2525478200556301,1.2473163239110627,1.2473240764458013,1.247570418192446,0.0011804972924915936,0.28061594633664716,0.4329075952045186,0.5323341828425425,0.5976227451542038,0.6477500205970838,0.6864646929639386,0.7173373167359939,0.7425408905098154,0.7634778831196332,0.7812231302031855,0.7976243809601434
145,1.9470308584412184,0.0016333331620851947,0.018688499985728413,7.004559107615181,9.06530339509836e-06,1.2526553964511198,1.2474063179171242,1.2474306320472621,1.2526505360772522,1.2473782146799912,1.2473791276745694,1.247280091376263,1.247435004670531,1.252564006534691,1.247293788054212,1.247299825232524,1.2475627712100563,0.0011895635068626222,0.28060936854775953,0.4329012822555109,0.5323487631678626,0.5976151277732468,0.6477413298130225,0.6864553372784146,0.7173289610470559,0.7425333260935062,0.7634683788234596,0.7812133028269509,0.7976243809601434
146,1.9470097873638113,0.0016333994594092836,0.018564124999102205,6.999640361507306,9.046048391230248e-06,1.2526751213280294,1.2473895394707533,1.2474166061972576,1.2526710597040196,1.2473601412899602,1.2473615993496967,1.2472559915213806,1.2474190925316182,1.2525801468794704,1.247271302182766,1.2472756142927672,1.247555255981588,0.0011986087630996708,0.2806028215382247,0.4328950015152639,0.5323632840939825,0.5976075341881052,0.6477326573518654,0.6864460000438214,0.7173206241912382,0.7425257828477523,0.7634588939119051,0.7812034934416459,0.7976243809601434
147,1.947380289731995,0.0016334667874590347,0.01798483298625797,7.111068511246625,9.02662055796628e-06,1.2526948858352698,1.2473723903971947,1.2474017803085675,1.2526914839082228,1.2473418492881194,1.2473438467410118,1.2472324644339663,1.247402765566358,1.252596566125061,1.247249153899958,1.2472519876072172,1.2475463561964761,0.0012076392588434967,0.28059599494761706,0.4328884022809644,0.5323770278422572,0.5975997809942444,0.6477239703398869,0.6864367298992025,0.7173122360674057,0.7425180784860541,0.7634494882279291,0.7811938076458048,0.7976243809601434
148,1.9473597646494234,0.0016335350231574195,0.018596542009618133,7.1104585558487425,9.007020842191636e-06,1.2527146804102705,1.247354915087571,1.247386244819597,1.2527118118481113,1.2473233644763109,1.2473258981897217,1.2472094549560342,1.2473860707488682,1.2526132350130423,1.247227313268549,1.2472288922504708,1.2475362217213628,0.001216653977810911,0.28058892053239975,0.4328815204925844,0.5323900699263939,0.5975918861032263,0.647715272114448,0.6864275217924755,0.717303803884671,0.7425102319548136,0.7634401558081031,0.7811842354911059,0.7976243809601434
149,1.947340244067068,0.0016336040555566041,0.01840895798522979,7.109555436537096,8.98725019916881e-06,1.2527344962562346,1.2473371507149156,1.2473700744418406,1.252732047853669,1.2473047122890037,1.2473077763775613,1.2471869132796731,1.247369049344049,1.252630127579212,1.247205753448841,1.2472062830212534,1.2475249904860095,0.0012256518533417127,0.2805816256416039,0.43287438729807015,0.5324024814816627,0.5975838671800042,0.6477065656972273,0.6864183711774835,0.7172953338891942,0.7425022595520611,0.763430891064371,0.7811747685498405,0.7976243809601434
150,1.9473216202294759,0.0016336737829049828,0.018225666019134223,7.108354322332979,8.967309592491052e-06,1.2527543278108224,1.2473191329899718,1.247353343804436,1.2527521975805327,1.2472859157414515,1.24728950533672,1.2471647981858827,1.2473517425736538,1.252647210730765,1.247184450260118,1.2471841096539376,1.2475127758049163,0.0012346332292276837,0.2805741355402585,0.432867031085472,0.5324143231851202,0.5975757391689045,0.6476978544936786,0.6864092748621656,0.7172868329613796,0.7424941775183976,0.763421689532775,0.78116539694204,0.7976243809601434
151,1.9473037976934378,0.0016337441134833604,0.018461833999026567,7.104621427674445,8.947199994035402e-06,1.2527741664616734,1.2473008977287425,1.2473361141307022,1.2527722582814378,1.24726699210036,1.2472711008662636,1.2471430654829907,1.2473341818605166,1.2526644744549655,1.2471633853875215,1.2471623425364227,1.2474996985275326,0.0012435962130676853,0.28056647520499733,0.4328594794786103,0.5324256528157099,0.5975675157630175,0.6476891400146491,0.6864002284164051,0.7172783054471914,0.742485998696382,0.7634125473469336,0.7811561160069183,0.7976243809601434
152,1.9472866872885566,0.0016338149673871345,0.018558209005277604,7.105916901710064,8.926922383915316e-06,1.2527940080251072,1.2472824694852116,1.2473184461317395,1.2527922402930147,1.247247962302328,1.247252585735747,1.2471216846728663,1.2473164009631983,1.2526818796075136,1.2471425362394688,1.247140936681447,1.247485842448627,0.0012525415543767756,0.2805586628630261,0.43285175348107224,0.5324365206022498,0.5975592093540265,0.6476804260917597,0.6863912299780152,0.717269757305795,0.7424777354735275,0.763403459995724,0.7811469161899722,0.7976243809601434
153,1.947270218141942,0.001633886271459934,0.018486457993276417,7.10333639834916,8.906477750432904e-06,1.252813845322627,1.247263875465356,1.2473003860366976,1.2528121427189713,1.2472288401938254,1.247233973148345,1.2471006209138396,1.2472984255244566,1.2526994160493716,1.2471218880305326,1.2471198670674035,1.247471303830916,0.00126146767133773,0.2805507179392574,0.43284387463393753,0.5324469737819415,0.5975508308882328,0.6476717139836017,0.6863822761752948,0.7172611922099333,0.7424693983028093,0.7633944243997406,0.781137793458269,0.7976243809601434
154,1.9472543226826002,0.0016339579596281511,0.01827537501230836,7.104274055094794,8.885867090030761e-06,1.2528336742828543,1.2472451353054328,1.247281988761849,1.2528319737042428,1.2472096437171691,1.2472152805897685,1.247079850474218,1.2472802843047057,1.2527170523909807,1.2471014216514555,1.2470990951467311,1.2474561473673502,0.0012703749767149991,0.2805426549002229,0.43283586024602044,0.5324570521605927,0.5975423905813134,0.6476630067574901,0.6863733654886514,0.7172526152887737,0.7424609980373817,0.7633854368937718,0.7811287394748748,0.7976243809601434
155,1.9472389441510063,0.0016340299730208448,0.018341417016927153,7.104293089557256,8.865091407243393e-06,1.2528534925494228,1.2472262679857626,1.2472632913134276,1.2528517368283845,1.247190385858879,1.2471965236075253,1.2470593486171393,1.247262000921951,1.2527347733854481,1.2470811227183851,1.2470785933854882,1.2474404409711297,0.0012792639828879673,0.2805344877142122,0.4328277258949682,0.5324667911341575,0.5975338968710188,0.6476543065070132,0.6863644959497618,0.7172440304009584,0.7424525443461177,0.7633764949261199,0.7811197490265761,0.7976243809601434
156,1.9472240331854158,0.0016341022562018903,0.018053209001664072,7.102875039917454,8.844151714648274e-06,1.2528732949538788,1.2472072935307676,1.2472443366798858,1.2528714329136528,1.2471710776663711,1.247177713992249,1.247039091316937,1.2472435946045095,1.2527525652056861,1.2470609791502534,1.2470583403744833,1.24742424991085,0.0012881337389377982,0.28052623038263047,0.43281948774959417,0.5324762256242481,0.5975253578271239,0.6476456148570204,0.6863556654882376,0.7172354405703846,0.7424440448264041,0.7633675960477451,0.7811108182549937,0.7976243809601434
157,1.9472095395850921,0.0016341747650943687,0.01858112501213327,7.100448732190634,8.823049032816478e-06,1.2528930753103917,1.2471882277029416,1.2472251514470467,1.2528910605997665,1.2471517299188188,1.2471588595083636,1.2470190567874948,1.2472250830391205,1.2527704206113888,1.2470409809347687,1.247038320067078,1.2474076360611128,0.0012969826600948914,0.2805178946718835,0.4328111588668263,0.5324853831083781,0.5975167809970554,0.6476369324780645,0.686346871898878,0.7172268482654739,0.7424355061671558,0.7633587380592367,0.7811019444305811,0.7976243809601434
158,1.9471954254133514,0.0016342474537331645,0.018160416977480054,7.100835863270304,8.801784390262945e-06,1.2529128330001351,1.2471690880411423,1.2472057733885444,1.2529106251005626,1.2471323532195944,1.2471399731055066,1.2469992295166283,1.2472064843242758,1.252788317501547,1.247021116217245,1.2470185060368553,1.2473906412085505,0.0013058118308624006,0.2805094919991895,0.43280275172632954,0.5324942907111977,0.5975081725671969,0.6476282617178557,0.6863381144603807,0.717218256912963,0.7424269354271658,0.76334991877969,0.7810931219281425,0.7976243809601434
159,1.9471816504172437,0.0016343202850592328,0.01802220899844542,7.100952845763627,8.780358823396352e-06,1.2529325660885764,1.2471498879467198,1.24718622921862,1.2529301268969055,1.247112955631206,1.2471210626241647,1.2469795920928757,1.2471878131293732,1.2528062466630507,1.247001376268808,1.2469988815524562,1.2473733112058643,0.001314621303859602,0.2805010320397737,0.4327942773386491,0.5325029713215096,0.5974995380236094,0.6476196034357363,0.686329391507428,0.7172096687699593,0.74241833848572,0.7633411365664885,0.7810843476708523,0.7976243809601434
160,1.9471681810661958,0.0016343932232268704,0.018669000011868775,7.096789732596759,8.758773376468606e-06,1.2529522682528385,1.2471306409044636,1.2471665411151298,1.252949561790408,1.2470935436370691,1.2471021329162106,1.2469601268282038,1.2471690806227602,1.252824208688243,1.2469817556052105,1.2469794396944578,1.2473556957088163,0.001323408955072839,0.28049252445328277,0.4327857466520312,0.5325114465138503,0.5974908830137089,0.6476109579856372,0.6863207012477666,0.7172010852692289,0.7424097202070603,0.7633323903824699,0.7810756212602008,0.7976243809601434
161,1.9471549874078988,0.0016344662374839633,0.018249416025355458,7.095723719961087,8.737029101523931e-06,1.252971936574735,1.2471113587081069,1.247146723509107,1.2529689311840904,1.2470741226911939,1.2470831900606565,1.2469408178724952,1.2471502981536182,1.252842198828293,1.2469622485770882,1.2469601711824987,1.2473378364315797,0.0013321742166390405,0.2804839773931223,0.43277716795820087,0.5325197388593157,0.5974822119873513,0.6476023258008607,0.6863120420173874,0.7171925078567115,0.7424010844355962,0.7633236787953488,0.7810669411905484,0.7976243809601434
162,1.9471418181298674,0.001634539297001182,0.01843520801048726,7.097676798286406,8.715127058347615e-06,1.252991572805891,1.2470920471575133,1.2471268039323253,1.2529882427799144,1.2470547029606922,1.247064245871614,1.2469216599094228,1.2471314801831506,1.2528601958087433,1.2469428440624353,1.2469410512318302,1.2473197508170806,0.0013409189864683807,0.28047539556759116,0.43276854758520106,0.5325278633230018,0.5974735294523277,0.6475937095981924,0.6863034143532291,0.71718393979293,0.7423924372607803,0.7633150001232144,0.7810583017060243,0.7976243809601434
163,1.9471287371969397,0.0016346123759182999,0.018160416977480054,7.093604700486948,8.693068314414345e-06,1.2530111722251598,1.2470727162117823,1.2471067964132474,1.2530074932296176,1.2470352881197633,1.2470453040097775,1.2469026383008588,1.2471126336926555,1.2528781973106728,1.2469235398044065,1.2469220778582817,1.2473014786411476,0.0013496414757733605,0.2804667862663649,0.43275989368032297,0.532535837986083,0.5974648396572603,0.6475851098245303,0.6862948169764895,0.7171753818892979,0.7423837809634549,0.7633063536341872,0.7810497033355438,0.7976243809601434
164,1.9471158516959,0.0016346854496269332,0.01833479100605473,7.094979624232315,8.670853944836177e-06,1.2530307351614955,1.2470533734940639,1.2470867197514273,1.2530266869245013,1.2470158852133297,1.2470263713649605,1.2468837460922175,1.2470937695715578,1.2528961926821542,1.2469043278474123,1.2469032346690199,1.2472830385988989,0.0013583426909038387,0.2804581545649697,0.4327512119410562,0.53254367700161,0.597456146044924,0.6475765277010233,0.686286249472824,0.7171668362079175,0.7423751201072615,0.7632977380304178,0.781041142371987,0.7976243809601434
165,1.9471031435299844,0.0016347585004258458,0.018376749998424202,7.092073698326905,8.648485032310147e-06,1.2530502575892526,1.2470340286653967,1.2470665754974555,1.2530458193907836,1.246996496677509,1.2470074487431926,1.2468649707871289,1.247074892031515,1.2529141888539106,1.2468852066951766,1.2468845235093877,1.2472644670946427,0.0013670209858226232,0.28044950707087113,0.43274250853111046,0.5325513931254525,0.5974474516386261,0.6475679626424252,0.6862777101625575,0.7171583028706918,0.7423664566414759,0.7632891526390161,0.7810326200626824,0.7976243809601434
166,1.9470905975765918,0.0016348315058991145,0.018652542028576136,7.089320416133705,8.625962667065488e-06,1.2530697366379608,1.2470146861654314,1.247046384568665,1.2530648913908298,1.2469771279634918,1.2469885421950935,1.2468463078655436,1.2470560086360254,1.2529321768681818,1.2468661717965726,1.246865935247945,1.2472457831530976,0.0013756756794831165,0.2804408473682982,0.43273378881741453,0.5325589972854373,0.5974387598151295,0.6475594160756779,0.6862691993618205,0.7171497835070905,0.7423577935894461,0.7632805967126117,0.7810241346267809,0.7976243809601434
167,1.94707820069169,0.001634904451049844,0.01831775001483038,7.092010751008454,8.603287946810515e-06,1.2530891740606642,1.2469953515890055,1.2470261613876972,1.2530839068969013,1.2469577829207719,1.2469696572990063,1.2468277522115316,1.2470371283243604,1.2529501455566376,1.2468472173555736,1.2468474546137465,1.2472269966322505,0.001384308231757303,0.2804321790906166,0.4327250566461274,0.5325664979056975,0.5974300719716148,0.6475508887856797,0.6862607167326044,0.7171412798384839,0.7423491345832364,0.763272069595917,0.781015682647655,0.7976243809601434
168,1.9470659400658277,0.00163497731927925,0.01819545798934996,7.089768848430918,8.5804619766791e-06,1.2531085683507954,1.2469760300650878,1.2470059153408344,1.2531028636713855,1.2469384649975153,1.2469507963942452,1.2468092958029189,1.247018257262875,1.252968097051356,1.2468283408518765,1.2468290783184464,1.2472081285758154,0.0013929181708698174,0.2804235061373128,0.4327163166742396,0.5325739034658078,0.5974213907775668,0.6475423809095138,0.6862522613643489,0.7171327927007605,0.7423404823090808,0.7632635710131143,0.7810072639401335,0.7976243809601434
169,1.9470538039963357,0.0016350500979383845,0.018347000004723668,7.090596666951927,8.557485869176826e-06,1.2531279195546026,1.2469567252467406,1.2469856543871418,1.2531217680282125,1.2469191784364615,1.2469319663997018,1.2467909363990586,1.2469994031878895,1.2529860130954682,1.2468095380120394,1.246810792723114,1.2471891853086203,0.0014015062405662879,0.2804148309782126,0.43270757108265956,0.5325812229430688,0.5974127179729577,0.647533894034975,0.6862438338732411,0.7171243239006114,0.742331838733954,0.7632551000134152,0.7809988751652821,0.7976243809601434
170,1.9470417854143691,0.0016351227760914922,0.01815766596700996,7.088493775444976,8.534360744126755e-06,1.2531472243575539,1.2469374413341612,1.246965383316303,1.2531406141136558,1.2468999235387463,1.246913165357252,1.2467726641024548,1.2469805666992513,1.2530039042013057,1.2467908088397814,1.2467926052766112,1.2471701935790764,0.0014100707667323346,0.28040615715031453,0.4326988244345689,0.5325884650060966,0.5974040555564928,0.6475254271753031,0.6862354326577936,0.7171158728591942,0.7423232044361785,0.7632466563012918,0.7809905187809395,0.7976243809601434
171,1.9470298731047748,0.0016351953400195022,0.01815474999602884,7.088856375707943,8.511087728614863e-06,1.2531664828216638,1.2469181834702934,1.2469451192010481,1.2531594064341351,1.246880705464283,1.246894399661151,1.2467544797159897,1.2469617551966081,1.2530217552641052,1.2467721479255356,1.2467744999383943,1.2471511534955895,0.0014186125866885119,0.280397487334661,0.43269007951560945,0.5325956338443214,0.5973954050606795,0.6475169820328736,0.6862270586353336,0.7171074415723903,0.7423145825216408,0.763238239293969,0.7809821908876123,0.7976243809601434
172,1.9470180590427262,0.0016352677781561445,0.018456791003700346,7.0884172998723,8.487667956935089e-06,1.2531856950947715,1.246898955778134,1.2469248677302003,1.2531781452479696,1.24686152601368,1.2468756713082922,1.2467363786389212,1.2469429720063774,1.2530395648472032,1.2467535534633878,1.2467564742151382,1.2471320780274364,0.0014271318986559618,0.28038882430006973,0.4326813392801525,0.5326027372741458,0.5973867680151054,0.6475085588678104,0.6862187114020559,0.717099030555799,0.7423059743542177,0.7632298486524484,0.7809738911805754,0.7976243809601434
173,1.947006334200182,0.0016353400837260494,0.018507624976336956,7.085756620986779,8.464102570534063e-06,1.2532048564053406,1.2468797650448875,1.246904630449775,1.2531968243582003,1.2468423843719312,1.246856977553162,1.2467183511024964,1.2469242176343678,1.253057343272829,1.2467350259806105,1.2467385357118608,1.2471129895102586,0.0014356264423582845,0.28038017240137,0.43267260793206097,0.5326097814907365,0.5973781456044428,0.6475001565007824,0.686210389305334,0.7170906391885578,0.7422973800073328,0.763221484073695,0.7809656219808756,0.7976243809601434
174,1.9469946888716405,0.0016354122433045154,0.018735458026640117,7.083923617872246,8.440392717955476e-06,1.2532239683504356,1.2468606116500718,1.2468844164010977,1.2532154454316768,1.2468232843343316,1.2468383222824746,1.2467003975881268,1.2469054966152702,1.2530750856913848,1.246716564292903,1.2467206771168884,1.2470938926808368,0.001444097132815426,0.2803715322992939,0.43266388710094233,0.5326167708435582,0.597369539692163,0.6474917760999067,0.6862020929543948,0.7170822686673444,0.7422888020306654,0.7632131459841448,0.7809573819717641,0.7976243809601434
175,1.946983118754526,0.0016354842512578153,0.01822108298074454,7.084457444244065,8.41653955478409e-06,1.2532430299388084,1.2468414960430492,1.2468642302707593,1.2532340125945611,1.246804229236836,1.2468197096335796,1.2466825179164176,1.2468868136126339,1.2530927798964122,1.2466981653514366,1.24670288958825,1.2470747887976918,0.0014525440767714525,0.2803629045408905,0.43265517740634163,0.5326237090128689,0.5973609514142849,0.647483418757976,0.6861938228761092,0.7170739201467715,0.742280241507108,0.7632048337305869,0.7809491688682924,0.7976243809601434
176,1.9469716224454496,0.0016355561000388008,0.018338541965931654,7.081006922622839,8.392544243589428e-06,1.2532620392819334,1.246822424233421,1.246844070269358,1.2532525187958972,1.2467852178917436,1.246801136473803,1.2466647039419632,1.2468681671982043,1.2531104410042289,1.2466798310618568,1.246685183306319,1.2470556999180158,0.0014609660121638003,0.2803542929044319,0.43264648240738596,0.5326306011087942,0.5973523819119687,0.6474750834694476,0.6861855777745668,0.7170655927572029,0.7422716984708473,0.7631965474607344,0.7809409857443387,0.7976243809601434
177,1.9469601914539765,0.0016356277834501031,0.018288457999005914,7.082439238704632,8.368407953869105e-06,1.2532809966657026,1.2468033953854556,1.2468239446070801,1.2532709692714874,1.2467662530950088,1.2467826099778236,1.2466469567488703,1.2468495623463136,1.2531280557332851,1.246661557926866,1.2466675470858608,1.2470366214452178,0.0014693636374711481,0.2803456971624744,0.4326378023755526,0.5326374494514591,0.5973438316511549,0.6474667717772706,0.6861773583923405,0.7170572878754575,0.7422631746268781,0.7631882867983341,0.780932829816103,0.7976243809601434
178,1.9469488250226081,0.0016356992963788568,0.018330833001527935,7.080865748824995,8.34413186199183e-06,1.2532999006539083,1.246784411056457,1.246803853376218,1.2532893636665376,1.2467473369466053,1.2467641297242187,1.2466292759651711,1.2468310011431651,1.2531456221200843,1.2466433449600225,1.2466499784788785,1.2470175593006823,0.001477736440177561,0.28033711852399046,0.43262913835121614,0.5326442563041718,0.5973353019175048,0.647458483849496,0.6861691649149934,0.7170490060562845,0.742254671135258,0.7631800517426072,0.7809247007216035,0.7976243809601434
179,1.94693752225638,0.0016357706325133801,0.01834091602358967,7.079947022194838,8.319717151140072e-06,1.2533187516551756,1.2467654736504366,1.2467838068202872,1.2533077008732854,1.2467284707331234,1.2467456962676777,1.2466116602099275,1.246812485580442,1.2531631387837796,1.246625191527176,1.2466324762409122,1.2469985189884794,0.0014860847204032181,0.2803285584018772,0.43262049258497903,0.5326510237766705,0.5973267933650048,0.6474502196357563,0.6861609971403665,0.7170407476035652,0.7422461886158966,0.763171842169946,0.7809165982668806,0.7976243809601434
180,1.9469262765430904,0.001635841788306797,0.018340834008995444,7.079690548395006,8.295165011252398e-06,1.2533375486617335,1.2467465839585914,1.2467638061974495,1.2533259831132526,1.246709656506505,1.246727311780642,1.24659410897879,1.246794018490822,1.2531805986309943,1.2466070958615112,1.2466150361718638,1.2469795023438028,0.0014944082911521322,0.2803200174215134,0.4326118655575222,0.5326577546499558,0.5973183067500307,0.6474419796804477,0.6861528552739337,0.7170325131879495,0.7422377276034232,0.7631636576939522,0.7809085214005947,0.7976243809601434
181,1.9469150870507475,0.0016359127579706919,0.018377791973762214,7.077844530005443,8.270476638965463e-06,1.2533562918520245,1.2467277413991418,1.2467438475265793,1.2533442098414904,1.2466908938828833,1.2467089778490499,1.2465766194654602,1.246775601836045,1.2531980065656267,1.2465890585744805,1.2465976617394794,1.2469605177868726,0.0015027071429122795,0.2803114956962753,0.4326032574874617,0.5326644524710545,0.5973098424805541,0.647433764084279,0.6861447390686911,0.7170243029946033,0.7422292889290147,0.7631554985128808,0.7809004712400933,0.7976243809601434
182,1.9469039534846362,0.0016359835345232943,0.01825795799959451,7.076613627084792,8.245653237555705e-06,1.2533749802660792,1.246708949519423,1.2467239355844872,1.2533623804992378,1.2466721833395618,1.2466906949832819,1.2465591910464158,1.246757236040855,1.2532153638367862,1.2465710795764275,1.2465803509362763,1.2469415696033401,0.0015109809178176642,0.28030299516509133,0.43259467020187775,0.5326711200865366,0.5973014011844983,0.6474255729571787,0.6861366486209023,0.7170161172880473,0.7422208736442041,0.7631473650214269,0.7808924477299659,0.7976243809601434
183,1.9468928713374807,0.0016360541180885687,0.01863254199270159,7.075913560473296,8.220696016880687e-06,1.2533936123999598,1.2466902108617501,1.2467040761035841,1.2533804927531214,1.2466535268053844,1.2466724621898393,1.2465418228914031,1.2467389217563034,1.253232667131203,1.246553157770869,1.2465631020855643,1.2469226603588552,0.0015192290523408983,0.2802945172558205,0.4325861053445556,0.5326777557421363,0.5972929835356598,0.6474174062648376,0.6861285838237082,0.7170079561849929,0.7422124817654263,0.763139256835376,0.7808844503706406,0.7976243809601434
184,1.9468818382366913,0.0016361245060855147,0.018571791995782405,7.076893451355276,8.195606193320137e-06,1.2534121887762553,1.246671524299471,1.2466842683921329,1.253398550740778,1.246634926053107,1.2466542809872287,1.2465245153507123,1.2467206624683405,1.2532499096384622,1.24653529158825,1.2465459100673282,1.2469037884820469,0.0015274520933554413,0.2802860614786088,0.432577562281556,0.5326843624292256,0.5972845900254229,0.6474092644900772,0.6861205449312388,0.7169998204377157,0.7422041139354053,0.7631311735809999,0.7808764777081777,0.7976243809601434
185,1.946870838167766,0.0016361946919059515,0.01826320798136294,7.074898019632347,8.170384989716657e-06,1.2534307095613384,1.246652892309979,1.2466645169384092,1.2534165534330621,1.2466163813586233,1.2466361539270872,1.2465072677763054,1.246702458022539,1.253267091496552,1.2465174818123486,1.2465287755093426,1.246884958605986,0.00153565004134245,0.28027762914068655,0.43256904247744354,0.5326909424182206,0.5972762211482149,0.6474011481305025,0.6861125321368097,0.7169917101898912,0.7421957705332889,0.7631231155767424,0.7808685302261676,0.7976243809601434
186,1.946859875555397,0.0016362646764214808,0.01846991601632908,7.0745308251906796,8.14503363531613e-06,1.2534491732226771,1.2466343152416859,1.2466448213277384,1.2534344995607176,1.2465978939378572,1.246618081011185,1.246490078717166,1.2466843091789326,1.2532842121853467,1.2464997278513452,1.2465116978864241,1.246866173184203,0.001543822296451805,0.2802692207068973,0.4325605464308585,0.5326974941745464,0.5972678773285371,0.6473930572694728,0.6861045453011181,0.7169836255116881,0.742187451719262,0.7631150826097922,0.7808606077679436,0.7976243809601434
187,1.946848962746594,0.0016363344523273116,0.018525708001106977,7.07285139916084,8.119553365707802e-06,1.253467579938187,1.2466157942594365,1.2466251844118685,1.2534523890484517,1.246579463838199,1.246600063009714,1.2464729475971215,1.2466662172814549,1.2533012750733963,1.2464820299509014,1.2464946780066721,1.246847435630602,0.0015519689246999062,0.28026083677193625,0.4325520749190421,0.5327040210583727,0.5972595590438101,0.6473849921145305,0.6860965845245164,0.7169755666955794,0.7421791584234824,0.7631070749959395,0.780852710771559,0.7976243809601434
188,1.946838094347319,0.0016364040209226143,0.018735499994363636,7.07350826802961,8.09394542276407e-06,1.253485929970725,1.2465973290482966,1.2466056049748089,1.253470222115904,1.2465610917131662,1.246582100134327,1.2464558739009217,1.2466481826637923,1.253318276199407,1.2464643872333343,1.2464777153116413,1.246828747677735,0.0015600900664181434,0.2802524774255525,0.43254362813730013,0.5327105230570763,0.5972512664457079,0.6473769526509225,0.6860886497449158,0.7169675338481062,0.7421708905053092,0.7630990924653273,0.7808448390654176,0.7976243809601434
189,1.9468272700610476,0.0016364733764811608,0.01831558404956013,7.071406297846897,8.068211054579944e-06,1.2535042220640318,1.246578920808582,1.2465860852591737,1.2534879982386575,1.2465427784155318,1.2465641913771017,1.2464388578313317,1.246630206909736,1.2533352193027298,1.2464468005166351,1.2464608092490355,1.246810111543882,0.0015681852498337424,0.2802441433022362,0.43253520673473406,0.5327170018678422,0.5972430002252896,0.6473689388329286,0.6860807410634864,0.71695952728394,0.7421626489786121,0.7630911354646225,0.7808369927418196,0.7976243809601434
190,1.9468164882965375,0.0016365425194919746,0.018471207993570715,7.071389290311682,8.042351515412222e-06,1.2535224556645779,1.2465605716257753,1.246566629060733,1.2535057154886375,1.2465245237643672,1.2465463373643226,1.2464218975398162,1.2466122887908493,1.2533521023523415,1.2464292700797788,1.2464439603445978,1.2467915304699417,0.0015762541971483324,0.28023583561720966,0.4325268121194339,0.5327234569894931,0.5972347603043224,0.6473609506335297,0.6860728582298032,0.7169515468013186,0.7421544333915834,0.7630832039350586,0.7808291720530632,0.7976243809601434
191,1.9468057471088132,0.0016366114472101151,0.01841037505073473,7.067543875014496,8.016368065618363e-06,1.25354062835599,1.246542283221918,1.2465472321988484,1.2535233697707433,1.2465063266681173,1.2465285375321329,1.2464049890282973,1.2465944273433434,1.2533689332082425,1.2464117986013759,1.2464271760416403,1.2467730141204394,0.0015842955873359868,0.28022755558801155,0.4325184452517788,0.5327298898444279,0.5972265472454975,0.6473529879558723,0.6860650008650181,0.716943591900645,0.7421462432470534,0.7630752982757011,0.7808213791472185,0.7976243809601434
192,1.9467950460566614,0.0016366801563003173,0.018290665990207344,7.069631043454367,7.99026197159505e-06,1.2535587417785001,1.2465240537246995,1.2465279012159953,1.2535409665674693,1.2464881895663862,1.2465107956810888,1.24638813698478,1.2465766265461042,1.2533857026264072,1.2463943828772488,1.2464104460054293,1.2467545526176742,0.0015923105900143163,0.2802193019449927,0.4325101052788092,0.5327363002783999,0.5972183609630499,0.647345051743836,0.6860571697798866,0.716935663772858,0.7421380802200175,0.7630674182980656,0.7808136113056755,0.7976243809601434
193,1.9467843864068515,0.0016367486448022692,0.018037417030427605,7.0688741071179315,7.964034505716476e-06,1.2535767969368576,1.2465058836722158,1.246508634938646,1.25355850609866,1.2464701131562423,1.2464931126152528,1.2463713414629496,1.2465588876622524,1.2534024089750264,1.2463770222008907,1.246393770109599,1.24673614723977,0.0016002996365225206,0.2802110749833379,0.43250179228727303,0.5327426889434197,0.5972102017859166,0.647337142145837,0.6860493651347369,0.7169277627643834,0.7421299446493915,0.7630595639134364,0.780805868500406,0.7976243809601434
194,1.946773768176129,0.0016368169128403683,0.018261542019899935,7.068008742807279,7.93768694627233e-06,1.2535947931399651,1.2464877738451718,1.2464894306241912,1.2535759882786934,1.2464520976136377,1.2464754879147837,1.2463546029272132,1.2465412104633533,1.2534190494056916,1.246359716930866,1.246377149056533,1.246717800427575,0.0016082624351369194,0.2802028751262988,0.43249350634773737,0.5327490567216725,0.597202069845025,0.6473292591115495,0.6860415871071788,0.7169198889541522,0.7421218362099252,0.7630517350806592,0.7807981509569978,0.7976243809601434
195,1.9467631922626154,0.0016368849564379734,0.018184084037784487,7.06493123955058,7.911220577405485e-06,1.253612727519925,1.2464697276003507,1.2464702896085156,1.2535934067349244,1.2464341412517308,1.2464579183200912,1.2463379165884565,1.246523591809537,1.2534356401947844,1.2463424687744167,1.2463605934395912,1.24669952398074,0.00161619731155588,0.2801947043432039,0.43248524965531415,0.5327554047183282,0.5971939656060281,0.6473214018966592,0.6860338347858406,0.7169120413705999,0.7421137548080724,0.7630439320650808,0.7807904615681275,0.7976243809601434
196,1.9467526541839286,0.0016369527715939293,0.018541667028330266,7.064555544937966,7.884636689049425e-06,1.253630602512956,1.2464517431788629,1.246451217600002,1.2536107652825879,1.2464162456544232,1.2464404075535604,1.2463212855218524,1.2465060348936823,1.2534521692519314,1.2463252780553393,1.2463440956958909,1.2466813115944197,0.0016241055517533507,0.28018656166543493,0.4324770218217742,0.5327617345269047,0.5971858892891488,0.647313571469215,0.6860261090261379,0.7169042209864716,0.7421057010022799,0.7630361552828933,0.7807827986459237,0.7976243809601434
197,1.946742154038696,0.0016370203578432983,0.018326417019125074,7.0630087268340525,7.857936576865356e-06,1.2536484157510779,1.2464338230919287,1.2464322192520347,1.2536280617059352,1.246398411405736,1.246422953222065,1.2463047093832713,1.246488539352914,1.2534686382724427,1.2463081451640092,1.2463276568328505,1.2466631652593196,0.0016319861951577372,0.2801784482996912,0.4324688242019611,0.5327680450110349,0.5971778412004556,0.6473057674523633,0.6860184096533554,0.7168964276562632,0.742097674672071,0.763028404720055,0.7807751624104593,0.7976243809601434
198,1.9467316896327214,0.0016370877154713668,0.018300666008144617,7.064070484869367,7.831121542179087e-06,1.2536661683503632,1.2464159654802967,1.2464132898636235,1.2536453009451005,1.2463806401714985,1.2464055606350302,1.2462881913196777,1.2464711079141966,1.2534850373272137,1.2462910680346926,1.2463112696895056,1.2466450779239038,0.0016398401097863257,0.2801703631110486,0.4324606548691348,0.5327743353284601,0.5971698211821167,0.6472979910812179,0.6860107376232241,0.7168886623549325,0.7420896765443706,0.7630206800964331,0.7807675508778034,0.7976243809601434
199,1.9467212667460387,0.0016371548416894703,0.018319500028155744,7.060649958630162,7.804192891917572e-06,1.253683857913501,1.2463981735236316,1.2463944233695705,1.2536624755299295,1.246362929111432,1.2463882240118564,1.2462717240901733,1.2464537359715235,1.2535013873142087,1.2462740502371374,1.2462949500347764,1.246627067016038,0.0016476655383209872,0.280162308273458,0.43245251590481226,0.5327806092613453,0.5971618297419448,0.6472902408765276,0.6860030914558579,0.7168809235252371,0.7420817056708401,0.76301298173357,0.7807599682471079,0.7976243809601434
200,1.9467108804233912,0.0016372217372773684,0.018127540999557823,7.062247769377046,7.777151938545238e-06,1.253701486479532,1.2463804448566795,1.2463756249979567,1.2536795906007883,1.246345280491148,1.2463709491894057,1.2462553122425566,1.2464364280786209,1.253517670249792,1.24625708879305,1.2462786857692312,1.2466091200729958,0.0016554638628055254,0.28015428231869144,0.4324444060781073,0.5327868639864177,0.597153866579762,0.6472825183118727,0.6859954722907464,0.7168732126263972,0.7420737631019291,0.7630053095447806,0.780752411439075,0.7976243809601434
201,1.9467005348555626,0.0016372884000910878,0.01828858396038413,7.061385477421047,7.75e-06,1.253719053268629,1.2463627813215916,1.2463568935897793,1.2536966443049256,1.2463276929646434,1.2463537330229872,1.2462389540660297,1.2464191837603928,1.2535338958699727,1.2462401849963127,1.2462624808306353,1.246591242433101,0.0016632345886648048,0.28014628615690457,0.4324363259703236,0.532793100490895,0.597145931509015,0.6472748224072744,0.6859878795622268,0.7168655293266311,0.742065849331237,0.7629976639466651,0.7807448817199863,0.7976243809601434
202,1.9466902278530025,0.0016373548326528774,0.01835924998158589,7.056949068824632,7.72273839962904e-06,1.253736555046458,1.246345184947039,1.2463382243201668,1.2537136296585314,1.246310166463601,1.2463365722337751,1.2462226474379958,1.24640200009156,1.2535500707325076,1.2462233421301576,1.2462463435800002,1.2465734441660314,0.001670975975813396,0.280138321171015,0.43242827696296693,0.5327993164717634,0.5971380252218,0.6472671524729141,0.6859803128420272,0.7168578727693767,0.7420579629356404,0.7629900450925948,0.7807373812750906,0.7976243809601434
203,1.946679960579904,0.001637421030471985,0.01871400000527501,7.059812949828393,7.695368466124298e-06,1.2537539955052641,1.24632765082059,1.2463196255800595,1.2537305562901038,1.2462927044689276,1.2463194742858639,1.2462063992370978,1.2463848826027095,1.2535661761549384,1.2462065558975994,1.2462302588249081,1.2465557079289447,0.0016786902769630643,0.2801303845083025,0.43242025691194313,0.5328055122291377,0.5971301477931722,0.6472595106055103,0.6859727737651916,0.7168502448652555,0.7420501059308994,0.7629824528462277,0.7807299061566371,0.7976243809601434
204,1.9466697367247803,0.0016374869946206162,0.018477542034815997,7.0590094209113765,7.667891533457718e-06,1.2537713740191734,1.2463101801293028,1.2463010958939267,1.253747424787749,1.246275308234527,1.2463024403614946,1.2461902103313587,1.2463678314819533,1.253582205651256,1.2461898256688797,1.2462142254825948,1.2465380334155018,0.001686377355536743,0.2801224765996597,0.4324122657207151,0.5328116874837127,0.5971222995556016,0.6472518972806803,0.685965262791904,0.7168426458396894,0.7420422776391048,0.7629748867398168,0.7807224558020237,0.7976243809601434
205,1.9466595576623091,0.0016375527231869483,0.018514166004024446,7.056220273158663,7.64030894081624e-06,1.2537886883944434,1.2462927770953312,1.2462826313962632,1.2537642265965243,1.2462579739041955,1.2462854632108438,1.2461740736246618,1.2463508422142917,1.2535981829535914,1.246173155684144,1.2461982581820146,1.2465204370129415,0.0016940355359714384,0.28011459999732835,0.4324043058702528,0.5328178442907907,0.5971144804504344,0.6472443104328368,0.6859577781419206,0.7168350740512998,0.7420344775960144,0.7629673475930945,0.7807150344256021,0.7976243809601434
206,1.9466494172978859,0.0016376182117602222,0.018298084032721817,7.056817897917077,7.612622032536508e-06,1.2538059408172069,1.2462754388481145,1.2462642392246923,1.253780969371728,1.2462407050232684,1.246268549495933,1.2461579954582005,1.2463339191991682,1.2536140886976734,1.2461565426733077,1.2461823447327878,1.2465029050583445,0.0017016663402458507,0.2801067529269359,0.4323963759414883,0.5328239832667121,0.5971066909520877,0.6472367521519657,0.685950321515113,0.7168275311768472,0.7420267069699715,0.7629598351876778,0.7807076388364884,0.7976243809601434
207,1.9466393187342235,0.001637683461994682,0.018487125053070486,7.054785579411068,7.584832158039379e-06,1.2538231303899416,1.2462581662099352,1.2462459183890255,1.2537976493807528,1.2462235013495842,1.246251698636117,1.2461419751584235,1.2463170621017123,1.2536299270835418,1.2461399882173902,1.2461664876489889,1.2464854406922872,0.001709269235463677,0.2800989358392603,0.43238847648921697,0.5328301006191374,0.5970989309274735,0.6472292220333714,0.6859428926395581,0.716820017014683,0.7420189657881827,0.7629523499132103,0.7807002698419558,0.7976243809601434
208,1.946629263467045,0.0016377484731903967,0.018754832970444113,7.055109401978819,7.556940671764125e-06,1.253840256156078,1.246240960028221,1.2462276689891616,1.2538142674025015,1.2462063630978335,1.2462349083093631,1.2461260125900344,1.2463002707329602,1.253645698187143,1.2461234917395212,1.2461506872805876,1.2464680445566332,0.0017168438737398177,0.2800911491353157,0.4323806077002284,0.5328361986869901,0.5970912006498683,0.64722171979622,0.6859354914288515,0.7168125315197116,0.7420112538988259,0.7629448915283569,0.7806929273890866,0.7976243809601434
209,1.9466192501961936,0.0016378132402831305,0.01829833397641778,7.054616969305758,7.528948933102439e-06,1.2538573192538147,1.2462238186868582,1.2462094895543312,1.2538308256754107,1.2461892897639415,1.2462181804100747,1.246110107787628,1.2462835454789927,1.2536614031903626,1.2461070537796073,1.2461349446568644,1.2464507172945198,0.0017243906593231845,0.280083392094915,0.43237276903022986,0.5328422813434084,0.5970835001885464,0.6472142458552647,0.6859281180491394,0.7168050748622996,0.742003571851328,0.7629374604452468,0.7806856120377059,0.7976243809601434
210,1.9466092789750473,0.0016378777657232626,0.018308208032976836,7.053992810799139,7.500858306332174e-06,1.2538743190577653,1.246206742951139,1.2461913807652125,1.2538473238021366,1.2461722829679422,1.2462015147241663,1.2460942625502494,1.2462668881162615,1.2536770383329456,1.2460906740716846,1.2461192558905898,1.2464334556322085,0.0017319095502895067,0.28007566491591673,0.4323649603462815,0.5328483445134018,0.5970758296307109,0.6472068002762124,0.685920772792156,0.7167976474626669,0.7419959198763899,0.7629300565747623,0.780678322627153,0.7976243809601434
211,1.9465993522383258,0.00163794204835388,0.018561250006314367,7.053071707902402,7.472670160550849e-06,1.2538912558389235,1.246189733756708,1.2461733435807876,1.2538637608681227,1.2461553424356777,1.2461849141705235,1.2460784774220177,1.2462502985067827,1.2536926024497936,1.2460743522975255,1.2461036209266103,1.2464162596493833,0.0017394006627873158,0.2800679679956112,0.4323571820201559,0.5328543870102083,0.5970681886975624,0.6471993835871827,0.6859134560639334,0.7167902495108529,0.741988298106485,0.7629226799216253,0.7806710591556529,0.7976243809601434
212,1.9465894707451543,0.0016380060899340379,0.018130416981875896,7.050748799082302,7.444385869608921e-06,1.2539081261722682,1.246172791682137,1.2461553736939839,1.2538801323628281,1.246138466238984,1.2461683747261167,1.2460627460775315,1.2462337734394127,1.2537081051486885,1.2460580916903565,1.2460880514984294,1.2463991412839768,0.001746862079383788,0.2800603021251788,0.43234943495417893,0.5328604116102312,0.597060577742746,0.6471919946229202,0.6859061665151165,0.7167828797135791,0.7419807047487763,0.7629153305819156,0.7806638246902303,0.7976243809601434
213,1.9465796323875997,0.0016380698870137112,0.018378207983914763,7.051029487506109,7.416006812042827e-06,1.2539249323996302,1.246155916053188,1.2461374746901661,1.2538964420326062,1.2461216569538272,1.2461518994173941,1.2460470746576477,1.2462173156378653,1.2537235387387409,1.2460418903634567,1.2460725375408153,1.2463820905430345,0.0017542951824776228,0.2800526665625107,0.43234171838049906,0.5328664156261151,0.5970529969498389,0.6471846345852578,0.6858989054869753,0.7167755392918657,0.7419731416657913,0.7629080088956122,0.7806566168506254,0.7976243809601434
214,1.946569840247292,0.0016381334363385395,0.018822541984263808,7.049126476086238,7.387534371007798e-06,1.2539416741851979,1.2461391081846465,1.2461196476757226,1.2539126875213304,1.2461049131560806,1.246135487030574,1.2460314598642916,1.2462009243836754,1.25373890913506,1.2460257502480678,1.2460570841325778,1.246365113173601,0.001761699535069811,0.28004506216196134,0.4323340334115915,0.5328724020142952,0.5970454464389318,0.6471773029986353,0.68589167232919,0.7167682278492951,0.7419656086836751,0.7629007152773463,0.7806494371781274,0.7976243809601434
215,1.9465600906964833,0.001638196737185697,0.018053208012133837,7.048001675693129,7.358969934210439e-06,1.2539583510784285,1.2461223682195568,1.246101893076384,1.2539288693202693,1.246088235396982,1.2461191386996944,1.24601590350418,1.2461846002554817,1.253754213536465,1.2460096710334474,1.2460416901401157,1.2463482072924692,0.001769075066289915,0.28003748882651436,0.4323263798066307,0.5328783700025661,0.597037926259237,0.6471700002332381,0.6858844674996821,0.7167609456786995,0.7419581059781614,0.7628934497451354,0.7806422853468575,0.7976243809601434
216,1.9465503854836952,0.0016382597906618402,0.018329333048313856,7.048777218989675,7.330314893841102e-06,1.2539749632493182,1.2461056951786986,1.246084212798376,1.253944988812452,1.2460716250740058,1.2461028562165744,1.2460004074254378,1.2461683448314478,1.2537694482726618,1.2459936515348762,1.2460263506533074,1.246331368295068,0.0017764220841844918,0.2800299459697844,0.43231875709789325,0.5328843165622317,0.597030436285643,0.6471627267838459,0.6858772913769952,0.7167536932575543,0.7419506341199769,0.7628862121381902,0.7806351599909938,0.7976243809601434
217,1.946540727175514,0.0016383225948583264,0.018627125013154,7.0462810396643105,7.301570646506028e-06,1.2539915088716385,1.2460890901449688,1.2460666075757925,1.2539610438398434,1.246055081773306,1.2460866384538556,1.2459849710185977,1.246152156929177,1.2537846161797044,1.2459776921383974,1.2460110706460772,1.2463146005985553,0.0017837396355302984,0.2800224342243734,0.4323111660441753,0.5328902431728251,0.5970229768570202,0.6471554824093587,0.6858701439021081,0.716746470346041,0.7419431926971376,0.7628790024036667,0.7806280623540978,0.7976243809601434
218,1.946531114853907,0.0016383851484072748,0.01837445900309831,7.046177672212497,7.272738593159281e-06,1.2540079887438822,1.246072551681948,1.2460490747138284,1.2539770355294653,1.246038605290644,1.2460704853695534,1.2459695936946438,1.2461360367591015,1.2537997179633842,1.2459617936110265,1.245995850959034,1.2462979050984595,0.001791027969063501,0.28001495306532803,0.432303606242527,0.5328961519417413,0.5970155480958231,0.6471482671040183,0.6858630249257887,0.7167392769318124,0.7419357817791596,0.7628718207876932,0.7806209928063506,0.7976243809601434
219,1.9465215490161158,0.0016384474510148226,0.018203709041699767,7.046526091937756,7.243820139034464e-06,1.2540244032697794,1.2460560807707004,1.246031618588621,1.253992964704858,1.2460221963764035,1.2460543973617935,1.2459542764658609,1.2461199855507503,1.2538147507927353,1.2459459555465822,1.245980687492104,1.2462812779126342,0.0017982874783893468,0.28000750266919383,0.4322960778509699,0.5329020410528855,0.5970081498365406,0.6471410811387521,0.6858559347386692,0.7167321133945896,0.7419284018472851,0.7628646673546461,0.7806139502894912,0.7976243809601434
220,1.9465120292253322,0.0016385095055479388,0.018311124993488193,7.047252396268413,7.214816693576234e-06,1.2540407529783146,1.2460396767727724,1.2460142312449232,1.254008834270582,1.246005855599143,1.2460383798840244,1.2459390205474146,1.2461040044271228,1.2538297070371873,1.2459301771037392,1.2459655766661835,1.2462647157032545,0.0018055186622844487,0.2800000824881722,0.4322885792525672,0.5329079089289628,0.5970007816437389,0.6471339256409852,0.6858488740479702,0.7167249801823797,0.7419210524934076,0.76285754162459,0.7806069335997338,0.7976243809601434
221,1.946502561990581,0.0016385713088735356,0.01809045800473541,7.045276865151438,7.185729670371604e-06,1.2540570375506142,1.2460233406418209,1.245996917729796,1.2540246409775113,1.2459895829104364,1.2460224279794971,1.2459238247756164,1.2460880924913769,1.2538445925693162,1.2459144594312181,1.2459505230471066,1.2462482228281302,0.001812721061273672,0.2799926932834453,0.43228111199491526,0.5329137571112078,0.5969934442704738,0.6471267997245501,0.6858418423019799,0.7167178769363707,0.7419137338816147,0.7628504440723195,0.7805999441821289,0.7976243809601434
222,1.946493142919653,0.001638632863013681,0.01836537499912083,7.043298485979063,7.156560487081052e-06,1.2540732544832598,1.2460070705847412,1.245979670209361,1.2540403817607608,1.2459733772627042,1.2460065401366294,1.2459086871890954,1.2460722479515782,1.2538594151241556,1.2458988039932266,1.245935534005835,1.2462318059821493,0.0018198933112109207,0.27998533464161085,0.4322736757632311,0.5329195852557779,0.5969861377754143,0.6471197026998134,0.6858348389488356,0.7167108030821256,0.741906445622643,0.762843374916363,0.7805929840356719,0.7976243809601434
223,1.9464837753052266,0.001638694163701437,0.018392833007965237,7.041820276634315,7.127310565369416e-06,1.2540894028651126,1.2459908717574093,1.245962496913716,1.2540560536254437,1.2459572375136312,1.2459907142870879,1.24589360633124,1.24605647013036,1.2538741824455069,1.2458832107627746,1.2459206116860435,1.246215467725594,0.001827034934453255,0.2799780087744573,0.4322662726162909,0.5329253936319156,0.5969788619184527,0.6471126340847712,0.6858278636383172,0.7167037584179526,0.7418991883433678,0.7628363343659422,0.7805860538090895,0.7976243809601434
224,1.9464744528326676,0.0016387552117604327,0.01843987498432398,7.043540723886462,7.097981330836617e-06,1.2541054870021704,1.2459747400660364,1.2459453949141217,1.2540716633603972,1.2459411664651252,1.2459749581531196,1.2458785872518263,1.246040762614354,1.253888876012248,1.2458676790535927,1.2459057436809826,1.246199196788446,0.0018341482297742457,0.27997071342436736,0.43225890015626006,0.5329311804204945,0.5969716166996173,0.6471055959047131,0.6858209178991096,0.716696744267162,0.7418919623757255,0.762829322406626,0.7805791503223988,0.7976243809601434
225,1.9464651823952122,0.0016388160052346658,0.018627041019499302,7.040486554123028,7.068574212948169e-06,1.2541215032527755,1.2459586768200634,1.2459283641286827,1.254087207490058,1.2459251632022876,1.2459592666975832,1.2458636279111261,1.2460251225814798,1.2539035039498718,1.2458522096198896,1.2458909398488922,1.246183001553755,0.0018412313295571709,0.2799634495978861,0.4322515596355963,0.5329369489466472,0.5969644028433533,0.6470985871537107,0.6858140011137225,0.7166897598532322,0.7418847669821866,0.7628223389821146,0.7805722760907875,0.7976243809601434
226,1.9464559615049244,0.0016388765454819173,0.018231290974654257,7.0418507504823,7.0390906449655104e-06,1.2541374539047048,1.2459426838512209,1.2459114090752876,1.2541026886108029,1.2459092290677045,1.2459436431028008,1.2458487315396904,1.2460095533145632,1.25391805626077,1.2458368021758672,1.2458761889336238,1.2461668726290134,0.0018482856887856959,0.2799562175841131,0.43224425073590295,0.5329426948429369,0.5969572196718265,0.6470916086084968,0.685807114145891,0.7166828061185315,0.741877602825666,0.762815384204689,0.7805654281553593,0.7976243809601434
227,1.9464467911486312,0.0016389368295581248,0.023622624983545393,7.0399996708056625,7.009532063876149e-06,1.2541533379582182,1.2459267604822892,1.245894529927429,1.2541181051098924,1.2458933640688519,1.2459280864867903,1.2458338975674357,1.2459940538409338,1.2539325382982227,1.2458214566829815,1.2458614956647818,1.2461508135628487,0.0018553106535535227,0.2799490172567458,0.4322369738447359,0.5329484195943116,0.5969500676629879,0.647084660061411,0.6858002566982931,0.7166758828351525,0.7418704702208029,0.7628084582654747,0.780558607907184,0.7976243809601434
228,1.9464376711243172,0.001638996858477999,0.01841358299134299,7.039922746892877,6.979899910323626e-06,1.254169154604041,1.2459109056994109,1.245877724470279,1.2541334569544482,1.2458775676557587,1.2459125958846369,1.2458191248268102,1.2459786237491954,1.2539469505451917,1.2458061734659351,1.2458468627085906,1.2461348263016985,0.0018623058142720275,0.2799418483452304,0.43222972874714,0.5329541246451568,0.5969429468200128,0.6470777412292992,0.6857934285063741,0.7166689897895038,0.7418633686497521,0.762801561046036,0.7805518159644531,0.7976243809601434
229,1.9464286021576762,0.0016390566309488527,0.018148292030673474,7.036922725180462,6.950195628537301e-06,1.25418490229454,1.2458951203494861,1.245860991616889,1.2541487414682104,1.2458618402970474,1.2458971705518758,1.245804412046096,1.245963261603653,1.2539612967783746,1.2457909539569088,1.2458322939651547,1.2461189150056262,0.001869270336488195,0.2799347113643667,0.43222251608788614,0.5329598098577615,0.5969358578516256,0.6470708520945063,0.6857866294188385,0.716662126638601,0.7418562978023665,0.7627946928382735,0.7805450534654405,0.7976243809601434
230,1.9464195844471621,0.0016391161482647192,0.018521333986427635,7.034715851186857,6.920420666261962e-06,1.2542005808046925,1.2458794065396361,1.2458443306208644,1.2541639546237768,1.2458461801974376,1.245881808986899,1.2457897572740277,1.2459479664676831,1.253975582514112,1.2457757998201118,1.245817793924906,1.2461030850854833,0.0018762038300997915,0.2799276074380702,0.43221533678295043,0.5329654730790778,0.5969288002343666,0.6470639920704616,0.6857798590934512,0.7166552930408883,0.7418492573693097,0.7627878538897005,0.780538321651759,0.7976243809601434
231,1.9464106173195632,0.0016391754078479927,0.018304041994269937,7.036259192850594,6.890576474687264e-06,1.254216191703955,1.2458637617889912,1.24582774588982,1.2541791026711293,1.2458305900081394,1.2458665160310896,1.2457751661960446,1.2459327415174655,1.2539897955456942,1.2457607086898885,1.2458033518118359,1.2460873250150917,0.0018831075088974502,0.2799205349761247,0.43220818948829753,0.5329711140836726,0.5969217740593801,0.647057162547278,0.685773118769687,0.7166484901634712,0.7418422484045308,0.7627810440339835,0.7805316176940232,0.7976243809601434
232,1.94640170391934,0.001639234410338894,0.018444916990119964,7.033975990524026,6.8606645083770015e-06,1.2542317336703863,1.2458481879054049,1.2458112327086548,1.2541941825218204,1.2458150678918558,1.2458512888942097,1.2457606354627784,1.2459175851131903,1.2540039419889053,1.2457456820926625,1.2457889753427462,1.2460716424095268,0.0018899804833149268,0.2799134950551469,0.432201074818367,0.5329767346914136,0.5969147792599458,0.6470503626271805,0.6857664076998932,0.7166417173836934,0.7418352701729743,0.7627742634075916,0.7805249436283017,0.7976243809601434
233,1.9463928430360316,0.0016392931529228042,0.018578833958599716,7.032286998220938,6.830686225198211e-06,1.2542472062286265,1.2458326854053374,1.245794792815193,1.2542091934789774,1.2457996142326386,1.245836127832017,1.2457461656965343,1.2459024978403475,1.2540180254351905,1.2457307202475265,1.245774663363026,1.2460560364104232,0.0018968225730725762,0.27990648788394673,0.4321939931005219,0.5329823337600855,0.5969078159816218,0.6470435924923295,0.6857597260669491,0.716634974918642,0.7418283236366728,0.7627675124448532,0.7805182994130443,0.7976243809601434
234,1.9463840351744208,0.001639351636254104,0.018543749989476055,7.031434308125116,6.8006430862501224e-06,1.254262609525269,1.2458172557005183,1.245778426965838,1.2542241337684725,1.245784228513138,1.245821032302097,1.2457317559308059,1.245887478410128,1.254032047707559,1.245715824037697,1.2457604184255773,1.2460405098168024,0.0019036337112562618,0.2798995140760973,0.43218694488576026,0.5329879109427504,0.5969008841303952,0.64703685192733,0.6857530736394462,0.716628262394599,0.7418214081490069,0.7627607910702755,0.780511685585285,0.7976243809601434
235,1.9463752789511748,0.0016394098592231007,0.018251917033921927,7.032863145930792,6.770536555792945e-06,1.2542779444800547,1.2458018950409624,1.2457621352839854,1.2542390087747461,1.2457689130040674,1.2458060045901425,1.245717410039098,1.245872529640365,1.2540460006977816,1.24570099112728,1.2457462334932865,1.2460250544105684,0.001910414667363957,0.2798925717518056,0.4321799285412316,0.5329934664901106,0.5968939839648573,0.6470301418224271,0.6857464512029483,0.7166215807156185,0.7418145246937831,0.7627540990690049,0.7805051002376345,0.7976243809601434
236,1.94636657861784,0.0016394678206836145,0.01864912500604987,7.033180874311406,6.740368101176498e-06,1.254293211358637,1.2457866046404067,1.2457459179846535,1.2542538188888264,1.2457536671804872,1.2457910448391445,1.2457031261776494,1.2458576515052753,1.2540598853176748,1.2456862216166147,1.2457321088910913,1.2460096702554588,0.00191716557237115,0.27988566144134464,0.43217294435319425,0.5329990021113991,0.5968871153850238,0.6470234621795841,0.6857398585099443,0.7166149298131262,0.7418076733015476,0.76274743649175,0.7804985434656447,0.7976243809601434
237,1.9463579323766167,0.0016395255225870788,0.018154374964069575,7.031317043168845,6.710139192768696e-06,1.254308409157468,1.245771384058752,1.2457297688040645,1.254268561317176,1.2457384893708734,1.2457761516780128,1.2456889023654136,1.2458428424028838,1.2540737066429741,1.2456715171223618,1.2457180516798425,1.2459943647222365,0.001923885655840474,0.27987878320197423,0.4321659922792731,0.533004518217771,0.5968802782314052,0.6470168123016273,0.6857332950997087,0.7166083091303815,0.7418008530808554,0.7627408034000697,0.7804920171486179,0.7976243809601434
238,1.946349342013273,0.0016395829621439104,0.01824916701298207,7.03020848831085,6.679851303883892e-06,1.2543235386218408,1.2457562354633542,1.2457136936265112,1.2542832348777007,1.2457233806690964,1.245761323530133,1.2456747405211894,1.245828103131423,1.25408746669934,1.2456568774152852,1.2457040588894173,1.2459791352791654,0.0019305752909537463,0.2798719378605048,0.4321590732623249,0.5330100127517519,0.5968734727428763,0.6470101921222173,0.6857267611531487,0.7166017189581309,0.7417940651439192,0.7627342001733266,0.7804855206901772,0.7976243809601434
239,1.9463408055515687,0.0016396401403061616,0.018414666992612183,7.030169294351845,6.649505910711058e-06,1.2543385986681217,1.2457411571193169,1.245697694867366,1.2542978419258266,1.2457083421608273,1.2457465636415126,1.2456606421309526,1.2458134346894174,1.2541011560273914,1.245642301912449,1.2456901262917295,1.2459639769773285,0.0019372342926720187,0.27986512454094986,0.4321521867562917,0.5330154850966674,0.5968666989851781,0.6470036025907511,0.6857202572901714,0.7165951597440833,0.7417873091921607,0.7627276266118812,0.7804790529173294,0.7976243809601434
240,1.9463323276885336,0.0016396970554527668,0.01825962500879541,7.031176518181435,6.619104492241847e-06,1.254353591491355,1.2457261487659248,1.2456817706517085,1.2543123854737592,1.245693374799896,1.245731874368714,1.24564660843455,1.2457988378909195,1.2541147712813152,1.2456277897520462,1.2456762509547383,1.2459488871356197,0.0019438637624308835,0.2798583428826481,0.43214533198185673,0.5330209363371887,0.5968599570311255,0.6469970443398458,0.6857137839159109,0.7165886318258664,0.7417805854293585,0.7627210825123525,0.7804726129370668,0.7976243809601434
241,1.9463239076566845,0.0016397537103199787,0.01845808298094198,7.029269566832026,6.588648530198505e-06,1.2543685155730226,1.2457112102030055,1.2456659237487975,1.2543268628422481,1.2456784793055713,1.245717256168931,1.2456326407174176,1.2457843119794754,1.2541283108137082,1.2456133415119077,1.2456624335998747,1.2459338664257755,0.0019504630539616153,0.27985159282559363,0.4321385093063951,0.5330263619787238,0.5968532469421981,0.6469905174417566,0.6857073412927396,0.716582135133338,0.7417738933225793,0.7627145677898389,0.7804662008666572,0.7976243809601434
242,1.94631554731807,0.0016398101019940224,0.018428915995173156,7.028584199001819,6.558139508961655e-06,1.2543833707090282,1.2456963426036727,1.2456501502919473,1.2543412735727948,1.2456636539774149,1.2457027071442952,1.2456187366638114,1.2457698567874451,1.254141781229321,1.2455989573341684,1.2456486782437624,1.2459189184705928,0.001957031860949703,0.27984487507020245,0.4321317190423538,0.5330317660537567,0.5968465685701252,0.6469840212927525,0.6857009288708937,0.7165756694548189,0.7417672333339691,0.7627080827790771,0.7804598179509761,0.7976243809601434
243,1.9463072449427403,0.0016398662294271468,0.018139708030503243,7.028730027355909,6.527578915497952e-06,1.2543981570813452,1.2456815453726282,1.24563445282547,1.2543556193303582,1.2456488992827133,1.2456882280013404,1.2456048968397315,1.2457554725828588,1.2541551787139766,1.2455846376398068,1.2456349830367281,1.245904041626079,0.0019635703702864846,0.279838189301372,0.43212496109330073,0.533037149823149,0.5968399220875321,0.6469775561918444,0.6856945468214751,0.7165692349174977,0.7417606052416859,0.7627016274695584,0.7804534636922013,0.7976243809601434
244,1.9462990001266423,0.0016399220945744843,0.018393791979178786,7.0265125397028765,6.496968239287604e-06,1.254412873239132,1.2456668182904187,1.245618829240087,1.2543698968248964,1.2456342155188171,1.245673817212169,1.2455911204567622,1.2457411584286,1.2541685082619978,1.2455703830603955,1.2456213516300279,1.2458892389910394,0.001970077797617215,0.27983153560291046,0.4321182356585271,0.533042509913634,0.5968333076932139,0.646971121824307,0.6856881949103605,0.7165628312464484,0.7417540090898265,0.7626952020205039,0.7804471390907405,0.7976243809601434
245,1.9462908154376763,0.0016399776972446168,0.018629791971761733,7.028128853118557,6.466308972251786e-06,1.2544275213661633,1.2456521628533774,1.2456032788658524,1.2543841107371831,1.2456196028651765,1.2456594786206638,1.245577410470342,1.2457269168551774,1.2541817594643876,1.2455561930804866,1.2456077758306339,1.2458745040010313,0.0019765555036415578,0.2798249141077355,0.4321115418161801,0.5330478467141554,0.596826724693557,0.6469647190381698,0.6856818740183863,0.716556459236581,0.7417474449190775,0.7626888062181949,0.7804408418785646,0.7976243809601434
246,1.9462826919054872,0.001640033036856894,0.018564250029157847,7.025574168296783,6.4356026086799176e-06,1.2544420998677785,1.245637578203541,1.2455878028534932,1.2543982561804492,1.245605060551813,1.2456452081122498,1.2455637637534847,1.2457127448827832,1.2541949418861824,1.245542068983999,1.245594265365958,1.2458598448730511,0.001983002257435302,0.2798183249631866,0.43210488075723424,0.533053161081894,0.5968201736963321,0.6469583468067687,0.6856755831719247,0.7165501180007204,0.7417409123163704,0.7626824404087833,0.7804345748052359,0.7976243809601434
247,1.9462746277948544,0.0016400881106596885,0.018126916023902595,7.0238534620590745,6.4048506451568416e-06,1.254456607853355,1.245623065255739,1.2455724011225944,1.2544123317211233,1.245590587790207,1.2456310047735888,1.245550179011457,1.2456986425613648,1.2542080613879152,1.2455280109197602,1.245580822979202,1.2458452640903308,0.0019894175561712348,0.27981176871184144,0.43209825303351834,0.533058454458533,0.5968136547940546,0.6469520048551993,0.6856693221149266,0.7165438074453769,0.7417344117266484,0.7626761048019787,0.7804283386794559,0.7976243809601434
248,1.9462666221814713,0.0016401429213651288,0.01840045803692192,7.0247596621420945,6.374054580489874e-06,1.2544710460525261,1.2456086230431762,1.2455570748607814,1.2544263393069597,1.2455761867353763,1.2456168707279798,1.2455366587424437,1.2456846117647131,1.2542211100986351,1.2455140180638253,1.245567441299653,1.2458307549623995,0.0019958020770605715,0.2798052446018521,0.43209165780251324,0.5330637228116957,0.5968071680021281,0.6469456939369058,0.6856630914603461,0.7165375281676712,0.7417279434738246,0.7626697992423037,0.7804221314948119,0.7976243809601434
249,1.946258678750914,0.0016401974666432847,0.018551665998529643,7.024131747151464,6.343215915635761e-06,1.2544854152971507,1.245594252548327,1.2455418219328895,1.254440279769681,1.2455618564250868,1.2456028055075183,1.2455232026618903,1.2456706516531402,1.254234087929235,1.2455000905881763,1.2455541234031595,1.245816320037291,0.002002156037334541,0.2797987531476811,0.43208509525392114,0.533068970220379,0.5968007133232979,0.6469394138532645,0.6856568911595989,0.7165312800261737,0.7417215071279729,0.7626635236643462,0.7804159540039312,0.7976243809601434
250,1.9462507956879187,0.0016402517475125789,0.018345082993619144,7.021559101362206,6.31233615362752e-06,1.254499712001353,1.2455799531541487,1.2455266405836443,1.2544541497820962,1.2455475959356501,1.2455888076621011,1.24550980874729,1.2456567603413544,1.254247002606679,1.2454862298190328,1.2455408756376716,1.2458019649351137,0.0020084777074983206,0.27979229437700476,0.43207856570995135,0.5330741958874217,0.59679429088635,0.6469331641414923,0.6856507207882683,0.716525062399201,0.7417151021607918,0.7626572781626597,0.7804098078537653,0.7976243809601434
251,1.9462429749099308,0.0016403057629223942,0.018363500013947487,7.021325034416561,6.281416799501188e-06,1.2545139377584478,1.2455657261954298,1.2455115360936568,1.2544679495687947,1.2455334059420253,1.2455748778729243,1.2454964785982698,1.2456429391262918,1.2542598501495665,1.2454724356481712,1.2455276928232484,1.245787685675488,0.0020147678833468785,0.2797858686979036,0.43207206970792367,0.5330793979509516,0.596787900523673,0.6469269451226263,0.6856445806679813,0.7165188757565075,0.74170872927246,0.7626510630390008,0.7804036919105712,0.7976243809601434
252,1.9462352154144225,0.0016403595115117725,0.01839666604064405,7.02035222299181,6.25045936022246e-06,1.2545280924461575,1.2455515723632185,1.2454965026586877,1.2544816782441022,1.2455192850040289,1.2455610149716392,1.2454832100956195,1.245629187334611,1.2542726395278354,1.2454587087079494,1.2455145803340109,1.2457734870039143,0.002021026298961401,0.27977947649315477,0.4320656070881571,0.5330845784416016,0.596781542059786,0.6469207561931423,0.6856384702275647,0.7165127196656802,0.7417023885210867,0.7626448783884938,0.7803976075583654,0.7976243809601434
253,1.9462275170256664,0.0016404129956344405,0.01858091598842293,7.0227818683785745,6.219465344613258e-06,1.2545421775808205,1.2455374894484055,1.24548154610612,1.2544953395286,1.2455052353369194,1.2455472223434492,1.2454700060602295,1.2456155073860236,1.2542853565871552,1.2454450474067416,1.2455015285317501,1.2457593592785334,0.002027254072042098,0.27977311655583725,0.432059177184171,0.533089734848193,0.5967752154552782,0.6469145983980814,0.6856323902607478,0.7165065949447245,0.7416960799857667,0.7626387238883099,0.7803915521329119,0.7976243809601434
254,1.9462198820908945,0.0016404662118637756,0.018516916024964303,7.019685842582084,6.188436263278172e-06,1.254556192338606,1.245523478424166,1.2454666667866088,1.2545089328687673,1.2454912569242993,1.2455335004246075,1.2454568678965847,1.2456018994609834,1.2542980029223738,1.2454314525156263,1.2454885378034417,1.2457453032138164,0.002033450802871495,0.2797667892535471,0.432052780214642,0.5330948673028786,0.5967689209193351,0.6469084719771505,0.6856263411779276,0.7165005018168393,0.7416898041765447,0.7626325999557625,0.780385525973531,0.7976243809601434
255,1.9462123115056542,0.0016405191617946634,0.018534041999373585,7.01935279560972,6.157373628530853e-06,1.2545701367222788,1.2455095372595453,1.2454518615615273,1.2545224582830414,1.2454773503703416,1.245519849594329,1.245443794949602,1.245588363827624,1.2543105787287705,1.245417924026092,1.245475608784015,1.2457313192499058,0.0020396164610520864,0.2797604937201779,0.432046415467688,0.5330999748871077,0.5967626586486073,0.6469023770070964,0.6856203228306025,0.7164944402565688,0.74168356104646,0.7626265065638106,0.7803795292315164,0.7976243809601434
256,1.9462048082520322,0.0016405718430887917,0.018457665981259197,7.015283620693247,6.126278954320295e-06,1.2545840098020664,1.2454956702753737,1.2454371290233355,1.2545359112283858,1.2454635131429166,1.2455062665927041,1.245430783801575,1.2455748976685022,1.2543230930433584,1.2454044647723774,1.2454627505179598,1.245717417450819,0.0020457501909384172,0.2797542322234208,0.43204008472897004,0.5331050606001267,0.5967564286292468,0.6468963124758778,0.6856143345187824,0.7164884094083156,0.7416773496258637,0.7626204440618334,0.7803735643715876,0.7976243809601434
257,1.9461973676249933,0.001640624257301482,0.01835695799672976,7.01830642331116,6.095153756157053e-06,1.2545978132153224,1.245481874698581,1.2454224722881304,1.2545492969787593,1.2454497477535527,1.2454927553086725,1.2454178389538415,1.2455615029297709,1.254335532616046,1.2453910720255215,1.2454499536787116,1.2457035873497257,0.002051853197245436,0.27974800310953746,0.4320337866215544,0.53311012284873,0.5967502308299578,0.6468902795687295,0.685608377203695,0.7164824100946038,0.7416711702436908,0.7626144119157151,0.7803676287427995,0.7976243809601434
258,1.946189993272449,0.0016406764037663795,0.018215666990727186,7.016963354317747,6.06399955103937e-06,1.2546115460218246,1.2454681499448577,1.2454078926230137,1.2545626144347144,1.2454360543754042,1.2454793147730807,1.2454049596499253,1.2455481797354515,1.2543479009411767,1.245377745965549,1.245437219586872,1.2456898298642307,0.0020579250364573354,0.27974180622647776,0.43202752133202305,0.5331151608314486,0.5967440654719735,0.6468842781761108,0.6856024507500825,0.7164764422643091,0.741665023196992,0.7626084102858622,0.7803617227523912,0.7976243809601434
259,1.9461826858872864,0.0016407282813430029,0.018617041991092265,7.015587593929718,6.032817857379255e-06,1.25462520812856,1.2454544966480348,1.2453933884938457,1.2545758626965011,1.2454224322625709,1.245465943291114,1.2453921457012367,1.2455349271958762,1.2543602008201162,1.2453644873812004,1.2454245511204667,1.245676147988852,0.002063965483130833,0.27973564196942774,0.43202128917836713,0.5331201762688523,0.5967379326255791,0.6468783078382147,0.6855965549181017,0.7164705056680961,0.741658908384189,0.7626024393797433,0.7803558472695539,0.7976243809601434
260,1.9461754448354303,0.0016407798896073795,0.018394249957054853,7.0152568609367805,6.001610194928465e-06,1.2546387994280896,1.2454409143949494,1.2453789609564887,1.254589042353304,1.245408881814579,1.24545264162459,1.2453793966651543,1.245521746029048,1.2543724314540752,1.2453512960498532,1.2454119469714815,1.245662540440783,0.0020699745738269066,0.2797295101256422,0.43201508996810345,0.5331251691396041,0.5967318323629455,0.646872368815303,0.6855906897509639,0.7164646004741747,0.7416528259531252,0.7625964991443785,0.78035000191535,0.7976243809601434
261,1.946168270793739,0.0016408312265843985,0.018198249978013337,7.013244317532098,5.970378084704441e-06,1.2546523196920325,1.2454274039183955,1.2453646070742896,1.2546021533603586,1.2453954028063532,1.2454394102783282,1.2453667135277322,1.2455086364591144,1.25438459612658,1.2453381720511483,1.2453994079961668,1.245649007660999,0.002075952198981805,0.27972341086389835,0.4320089234668725,0.5331301393350093,0.5967257646114253,0.646866461133681,0.6855848554298691,0.7164587268012095,0.7416467765026254,0.7625905898131832,0.7803441870165276,0.7976243809601434
262,1.9461611654418491,0.0016408822963802784,0.018335834029130638,7.014418177436881,5.939123048916173e-06,1.2546657692418686,1.2454139660356134,1.2453503275957862,1.254615195354262,1.245381995274979,1.245426249372177,1.2453540961592133,1.2454955982201557,1.2543966903750614,1.2453251149802715,1.2453869325554472,1.2456355483643398,0.0020818985762369817,0.2797173445171812,0.4320027898820334,0.5331350849535451,0.596719728960202,0.6468605846383401,0.6855790518586913,0.716452884564158,0.7416407593755446,0.762584711049603,0.7803384019564069,0.7976243809601434
263,1.9461541291605609,0.0016409330972615144,0.018250333960168064,7.014196984040492,5.907846610890011e-06,1.2546791486919178,1.2454005991653136,1.2453361232098157,1.254628170248647,1.2453686598790032,1.2454131598055531,1.2453415450878464,1.2454826319656944,1.2544087117947134,1.2453121249961792,1.2453745189513412,1.245622160980901,0.0020878140347023342,0.2797113103676984,0.43199668875121494,0.5331400073014977,0.5967137257239646,0.6468547397771387,0.6855732792614071,0.7164470739759174,0.7416347746823292,0.762578862943865,0.7803326463672192,0.7976243809601434
264,1.9461471628303366,0.0016409836293188223,0.018269749998580664,7.01240729508716,5.87655029499542e-06,1.2546924579300047,1.2453873039568757,1.2453219879153836,1.2546410746612453,1.2453553946960518,1.2454001388807145,1.245329057069335,1.2454697360770628,1.2544206708076797,1.2452992034420858,1.2453621746639785,1.2456088529133802,0.0020936981031040563,0.27970530907571844,0.4319906205259464,0.5331449073582515,0.5967077548219347,0.646848925643606,0.6855675368512306,0.716441294365755,0.7416288222477547,0.7625730457781963,0.7803269223091325,0.7976243809601434
265,1.9461402662984397,0.0016410338913790407,0.018145541020203382,7.013218184337886,5.845235626570686e-06,1.2547056967395964,1.2453740806305842,1.2453079305036447,1.2546539117361453,1.2453422014769646,1.2453871892172201,1.245316635724873,1.245456911910338,1.2544325588758323,1.2452863492566781,1.2453498917769328,1.2455956160671127,0.00209955115354823,0.27969934028440174,0.43198458513973725,0.5331497834967774,0.5967018161672021,0.6468431431377976,0.6855618254600254,0.7164355463583052,0.74162290243464,0.7625672594144749,0.7803212276718976,0.7976243809601434
266,1.946133439690582,0.0016410838849545075,0.018213416973594576,7.011461628061745,5.813904131848565e-06,1.254718864373201,1.2453609290259577,1.2452939480129464,1.254666679904917,1.245329080415975,1.2453743098678525,1.2453042801323304,1.2454441588881406,1.2544443759067083,1.2452735626268658,1.2453376728108083,1.2455824528881188,0.002105372739125808,0.2796934040871511,0.43197858263872657,0.5331546355738022,0.5966959100847241,0.6468373921427256,0.6855561449342458,0.7164298297940264,0.7416170148256223,0.7625615037520127,0.7803155630355151,0.7976243809601434
267,1.946126684767901,0.0016411336091200907,0.018712541030254215,7.011505353993248,5.782557337881911e-06,1.2547319612069319,1.2453478502809174,1.2452800404285977,1.2546793787990462,1.2453160305625979,1.2453614998679046,1.2452919894513803,1.245431476383045,1.2544561259781812,1.2452608436375976,1.2453255192021184,1.2455693647126418,0.002111162925236681,0.27968750100124684,0.4319726133326749,0.5331594642926277,0.5966900363122337,0.6468316722479186,0.6855504950202318,0.7164241444943186,0.7416111596595409,0.7625557789509162,0.7803099288349962,0.7976243809601434
268,1.946120000310435,0.0016411830629113665,0.018447000009473413,7.008602273645263,5.7511967724692374e-06,1.2547449870612932,1.2453348436604237,1.24526620810642,1.2546920072547307,1.245303051355803,1.2453487603731357,1.2452797642993596,1.2454188652335354,1.2544678083188041,1.2452481930754966,1.2453134322634203,1.2455563531103135,0.002116921594371057,0.27968163080226477,0.4319666773717698,0.5331642694601346,0.5966841946934907,0.6468259835253823,0.6855448758585104,0.7164184906230338,0.7416053368689274,0.7625500851618312,0.7803043255082162,0.7976243809601434
269,1.946113387899902,0.0016412322490217755,0.018248041975311935,7.00899837128363,5.719823964080261e-06,1.2547579410719305,1.2453219106035152,1.2452524487716683,1.2547045636137022,1.2452901426342298,1.2453360889042537,1.2452676030822931,1.2454063236892334,1.2544794288244283,1.245235611116625,1.245301414786433,1.2455434202640774,0.002122648289387429,0.279675794148007,0.43196077497322266,0.5331690498460874,0.5966783852000471,0.646820325283194,0.6855392868495213,0.7164128675692523,0.7415995460680215,0.7625444221934947,0.7802987536104232,0.7976243809601434
270,1.9461068473549439,0.0016412811650167018,0.018784207990393043,7.010221965611975,5.688440441781399e-06,1.2547708253308756,1.2453090489609946,1.2452387648200343,1.254717053135625,1.2452773057886048,1.245323489570646,1.245255508605912,1.2453938542458378,1.2544909762731309,1.2452230963393436,1.2452894588629884,1.2455305587551715,0.0021283442359718834,0.2796699897911748,0.43195490506106954,0.533173806896251,0.5966726079089957,0.646814698835972,0.6855337289961637,0.7164072762753899,0.7415937878194007,0.7625387899935395,0.780293211145062,0.7976243809601434
271,1.9461003807389983,0.0016413298105266794,0.01852866605622694,7.00505688931029,5.657047735161255e-06,1.2547836376044592,1.2452962603905686,1.2452251539991963,1.2547294700640692,1.2452645396910882,1.245310959591406,1.2452434780391362,1.2453814546941975,1.2545024620560126,1.2452106511492003,1.245277573110411,1.2455177772614,0.0021340080503224556,0.27966421880701847,0.43194906869661137,0.533178539595841,0.5966668631811209,0.6468091033951412,0.6855282016313167,0.7164017159495573,0.7415880616306263,0.7625331889528513,0.7802877004668709,0.7976243809601434
272,1.9460939879502526,0.0016413781877319645,0.01842495903838426,7.008156790371675,5.6256473742560615e-06,1.254796379120308,1.245283543487071,1.2452116179207677,1.2547418183980146,1.245251845647485,1.2452985009988051,1.2452315140426038,1.245369126669082,1.2545138763049621,1.245198272879073,1.2452657507301428,1.2455050681445066,0.002139640639791877,0.2796584803226453,0.4319432650253464,0.533183247110249,0.596661150733619,0.6468035395194519,0.6855227052715501,0.7163961871907052,0.7415823677694031,0.7625276185448474,0.7802822196081385,0.7976243809601434
273,1.9460876712458492,0.0016414262959689994,0.018522625032346696,7.00590275514081,5.594240889475107e-06,1.2548090485210088,1.2452708985549454,1.2451981567542636,1.2547540954014662,1.2452392228339517,1.2452861118154366,1.245219614616973,1.245356868472995,1.2545252266298366,1.2451859627383746,1.2452539973282721,1.2454924366558044,0.0021452411792326816,0.27965277469340727,0.43193749467893444,0.5331879298482272,0.5966554707641473,0.6467980066737212,0.6855172394161483,0.7163906894218685,0.7415767058575798,0.7625220788715897,0.7802767700015648,0.7976243809601434
274,1.9460814299352893,0.0016414741354113145,0.018630499951541424,7.006467768267402,5.562829811526155e-06,1.254821646727743,1.245258325840199,1.2451847685821036,1.2547663035015846,1.2452266709086572,1.2452737929391213,1.245207779889266,1.2453446826498649,1.2545365091251024,1.245173720537984,1.2452423081121844,1.2454798786598398,0.002150810254214825,0.27964710186964326,0.4319317570231431,0.5331925880687206,0.59664982273154,0.6467925049899302,0.6855118041332027,0.7163852231984252,0.7415710767010658,0.7625165702369114,0.7802713505957533,0.7976243809601434
275,1.946075265532264,0.001641521704435814,0.01946195896016434,7.0054119493655,5.531415671340827e-06,1.2548341741552884,1.245245825574849,1.245171454945569,1.2547784419655745,1.245214190166271,1.2452615456747345,1.245196010362526,1.2453325673292344,1.254547725453928,1.2451615464069732,1.2452306846527312,1.2454673954268198,0.002156347950896228,0.2796414619512898,0.43192605239329573,0.5331972216696391,0.596644206902575,0.646787034828869,0.6855063995858293,0.7163797882578755,0.7415654800685574,0.7625110925943754,0.7802659618126945,0.7976243809601434
276,1.9460691778737744,0.0016415690049008495,0.039311791013460606,7.0037773929343645,5.500000000000001e-06,1.2548466310262991,1.2452333975028316,1.2451582134451917,1.2547905098387917,1.2452017809390479,1.2452493685966297,1.2451843059044712,1.2453205229564057,1.2545588742692853,1.2451494412041464,1.2452191272307602,1.2454549880910284,0.0021618542790086412,0.27963585491485055,0.43192038072198335,0.5332018299871363,0.5966386235220165,0.6467815958577694,0.6855010256521705,0.7163743845950142,0.7415599155898323,0.7625056460206318,0.7802606037273613,0.7976243809601434
277,1.946063168583823,0.0016416160346002402,0.054265583981759846,7.001691656477099,5.468584328659173e-06,1.254859015815218,1.2452210445537069,1.2451450449763368,1.254802504462876,1.2451894410169786,1.2452372582065754,1.2451726621133166,1.2453085474564245,1.2545699656605107,1.245137406721345,1.2452076429093761,1.245442664573058,0.002167328318152643,0.27963028232058534,0.4319147434032524,0.5332064167635454,0.5966330724041939,0.6467761871259824,0.6854956814471604,0.71636901140859,0.7415543826251613,0.7625002305760245,0.7802552781476202,0.7976243809601434
278,1.9460572329369166,0.00164166279461556,0.05898712499765679,7.002243814860139,5.437170188473847e-06,1.2548713280997283,1.2452087632446993,1.245131950090878,1.2548144290362233,1.2451771726361816,1.2452252181186472,1.2451610841969822,1.2452966421303175,1.2545809919318713,1.2451254400081813,1.245196225858083,1.2454304164523977,0.002172770245917542,0.2796247422834885,0.4319091388782944,0.533210978740895,0.5966275537240613,0.6467708097501971,0.6854903680267068,0.7163636694120287,0.7415488819610444,0.7624948459376574,0.7802499834287384,0.7976243809601434
279,1.946051377678186,0.001641709284455461,0.048005082993768156,7.004047505883054,5.405759110524895e-06,1.2548835704262962,1.2451965527194457,1.2451189318993263,1.2548262875155782,1.2451649768179487,1.2452132513781196,1.2451495751668287,1.2452848087675887,1.254591942469794,1.2451135404386071,1.245184868444735,1.2454182369855702,0.0021781814612681317,0.2796192341306646,0.43190356656511936,0.5332155161635999,0.596622067288765,0.6467654644828639,0.6854850860928445,0.7163583592698958,0.7415434137611738,0.762489492050405,0.7802447176235318,0.7976243809601434
280,1.9460456035410167,0.0016417555046746063,0.05546391702955589,7.002629696752599,5.3743526257439416e-06,1.2548957420902827,1.245184413318689,1.2451059883185671,1.2548380782027098,1.2451528529063116,1.2452013580155565,1.245138133111138,1.2452730468591888,1.2546028209900575,1.2451017084676745,1.245173573193271,1.2454061285150106,0.0021835615261918046,0.2796137581560581,0.4318980266490523,0.5332200285667815,0.5966166130418933,0.6467601511930501,0.6854798353168935,0.7163530807362979,0.7415379779543243,0.7624841690142282,0.7802394814385337,0.7976243809601434
281,1.946039911612954,0.001641801455465303,0.046717041986994445,7.002397534135457,5.342952264838746e-06,1.254907843558394,1.245172345119231,1.2450931200830528,1.2548498008294946,1.2451408005337479,1.2451895366170043,1.2451267579301635,1.2452613559235057,1.2546136287395102,1.245089944485418,1.2451623410642123,1.2453940920617577,0.0021889105921262344,0.27960831443854334,0.43189251928605465,0.5332245161359235,0.5966111908703332,0.6467548695095806,0.685474615533824,0.7163478336619702,0.7415325744591499,0.7624788769175656,0.7802342751403437,0.7976243809601434
282,1.9460343015314299,0.001641847137517863,0.05137987498892471,7.002928018583262,5.3115595582186016e-06,1.254919875078754,1.2451603480026168,1.2450803268403636,1.2548614567695673,1.2451288197626253,1.2451777882170567,1.245115450865561,1.245249736480949,1.2546243618583295,1.2450782480744063,1.2451511694690232,1.2453821250509258,0.0021942289069015086,0.27960290278828853,0.43188704411608975,0.5332289789420053,0.5966058005703219,0.6467496197124843,0.6854694270860119,0.7163426182581437,0.7415272031615151,0.7624736155860031,0.7802290979780757,0.7976243809601434
283,1.9460287749023921,0.001641892550834564,0.0546314159873873,7.000259068227502,5.280176035919741e-06,1.2549318360554524,1.2451484225029945,1.245067604181083,1.2548730431110087,1.24511690904292,1.245166110221068,1.245104208312704,1.2452381871912752,1.2546350284596202,1.2450666207946601,1.2451400655252824,1.2453702347750022,0.0021995158129380116,0.279597523794957,0.43188160161719075,0.5332334184724594,0.5966004422315279,0.6467444009412718,0.6854642691311418,0.7163374339144382,0.7415218636911451,0.7624683853044602,0.780223951924657,0.7976243809601434
284,1.9460233314048705,0.0016419376942185752,0.05534008296672255,6.99995981763714,5.248803227530763e-06,1.2549437263562533,1.2451365681895834,1.2450549580590407,1.2548845610859294,1.2451050701422017,1.2451545038659135,1.2450930328391696,1.245226708524439,1.2546456243256443,1.2450550613916527,1.24512902541509,1.245358417038507,0.0022047714941492084,0.27959217707420575,0.43187619189528637,0.533237833619627,0.5965951161826718,0.6467392137380644,0.6854591421463856,0.7163322809267033,0.7415165563194795,0.7624631858604489,0.7802188358935406,0.7976243809601434
285,1.946017971476028,0.0016419825691369224,0.048871375038288534,7.000651495878343,5.217442662118091e-06,1.2549555465794493,1.2451247850491878,1.2450423859929873,1.2548960114505572,1.245093303076483,1.2451429693402167,1.2450819246330802,1.245215301166565,1.254656149226193,1.2450435694508852,1.245118047514136,1.2453466700229825,0.0022099963110964686,0.27958686250319376,0.43187081441690217,0.5332422234715409,0.5965898221860227,0.6467340580892615,0.6854540461284767,0.7163271594079589,0.7415112812384248,0.7624580171535628,0.7802137493752628,0.7976243809601434
286,1.9460126970370453,0.0016420271752594438,0.045869958004914224,6.9994227060437275,5.186095868151436e-06,1.2549672962735632,1.2451130734897888,1.2450298887203803,1.254907393526066,1.245081607304831,1.2451315057715304,1.2450708827964878,1.2452039643604613,1.2546666035510554,1.2450321455991544,1.245107133209239,1.2453349955490045,0.002215189967113682,0.2795815803987202,0.4318654696368735,0.533246589075021,0.5965845603014149,0.6467289338149529,0.6854489809183876,0.7163220691825591,0.7415060381767433,0.7624528793338773,0.7802086928538475,0.7976243809601434
287,1.9460075077228454,0.001642071511319011,0.045138082990888506,6.997374027443181,5.154764373429317e-06,1.2549789759176335,1.2451014327671348,1.245017464455287,1.2549187075294566,1.2450699829584835,1.2451201135948338,1.245059907199332,1.2451926983639123,1.2546769880267963,1.2450207904105706,1.2450962835810988,1.2453233947897067,0.0022203525777904206,0.2795763304087802,0.43186015716600573,0.5332509312191466,0.5965793307954497,0.6467238410935031,0.6854439465971682,0.7163170102823178,0.7415008270877455,0.7624477724730893,0.7802036666019063,0.7976243809601434
288,1.9460024049725986,0.0016421155795744184,0.04878316598478705,6.9988795372457,5.123449705004582e-06,1.254990584896394,1.245089861891726,1.2450051172018268,1.254929953720628,1.2450584307139854,1.2451087931198157,1.2450489988205062,1.2451815033145495,1.2546873011331012,1.2450095029194115,1.2450854956771422,1.2453118644042709,0.0022254840691420105,0.2795711119827112,0.4318548769986727,0.5332552473319317,0.5965741334357836,0.6467187799598753,0.6854389431973823,0.7163119827414127,0.741495648093421,0.762442696368745,0.780198669759445,0.7976243809601434
289,1.9459973902751562,0.0016421593803864498,0.047972625005058944,6.9971543952371675,5.092153389109991e-06,1.2550021233208835,1.2450783622302095,1.244992842930216,1.2549411313039043,1.24504694966731,1.2450975440059513,1.2450381571082882,1.2451703787497028,1.2546975438359094,1.2449982830157562,1.245074771974394,1.245300406833883,0.002230584360771023,0.27956592583852646,0.4318496292070235,0.5332595381376144,0.5965689680586034,0.6467137501962749,0.685433970653004,0.7163069864871001,0.741490500988919,0.7624376509273441,0.7801937029089082,0.7976243809601434
290,1.9459924645947204,0.0016422029130406122,0.047991500003263354,6.997904340219717,5.060876951083828e-06,1.2550135917334175,1.2450669330617332,1.2449806434057757,1.254952242178947,1.2450355401786106,1.245086366708131,1.2450273830386478,1.2451593250980015,1.2547077141415175,1.2449871308509879,1.245064109755974,1.2452890192726818,0.0022356538347303406,0.27956077150085823,0.43184441347150554,0.5332638043162027,0.5965638346263031,0.64670875199008,0.6854290291158878,0.7163020216173753,0.7414853858676425,0.7624326362215689,0.7801887654040344,0.7976243809601434
291,1.9459876283400313,0.0016422461779921334,0.047619333025068045,6.997147859842509,5.02962191529556e-06,1.2550249897071148,1.2450555740706328,1.2449685189392008,1.2549632853266905,1.2450242021067208,1.2450752611981402,1.2450166755684975,1.2451483421124818,1.2547178143037299,1.2449760464246125,1.2450535099956672,1.2452777026913346,0.002240692249000362,0.2795556489307083,0.43183922995485224,0.5332680451839887,0.596558733143493,0.6467037852808207,0.6854241183725372,0.7162970879765734,0.7414803027359201,0.7624276522744037,0.7801838575136911,0.7976243809601434
292,1.9459828824917094,0.0016422891753071723,0.047731999948155135,6.99701200073123,4.998389805071535e-06,1.2550363176166126,1.2450442865245441,1.244956469618588,1.2549742612175494,1.245012935120427,1.245064227451267,1.2450060351531713,1.245137429683104,1.254727843122383,1.2449650294961392,1.2450429720533145,1.2452664564527276,0.002245699810360324,0.27955055859205136,0.43183407876856844,0.5332722611489072,0.59655366339076,0.6466988500099303,0.6854192384803719,0.7162921855928847,0.7414752515071857,0.762422698975822,0.7801789790128368,0.7976243809601434
293,1.945978226984342,0.0016423319061277986,0.04818295896984637,6.9970693450391925,4.967182142620746e-06,1.2550475753918715,1.2450330709819524,1.244944498754248,1.2549851679110575,1.245001738766441,1.2450532632583098,1.2449954599436615,1.2451265864471703,1.254737802612285,1.2449540804674635,1.2450324983208145,1.245255282965994,0.0022506763436526255,0.27954550094102676,0.43182896088610695,0.5332764525386706,0.5965486254484111,0.6466939456132812,0.6854143889198999,0.7162873139994338,0.7414702315729068,0.7624177762287904,0.7801741304525495,0.7976243809601434
294,1.9459736599217405,0.0016423743704638467,0.05304754199460149,6.9967106662858045,4.936000448960632e-06,1.2550587635861647,1.2450219246466068,1.2449326012320878,1.2549960074085424,1.24499061354563,1.2450423706827898,1.2449849512022337,1.245115813316557,1.2547476921447083,1.2449431992467548,1.2450220873078421,1.245244180640397,0.0022556221532530653,0.2795404745941631,0.43182387477555445,0.5332806189519622,0.5965436193537964,0.6466890725856331,0.6854095700405544,0.7162824734690162,0.741465243353914,0.7624128841229331,0.780169311487057,0.7976243809601434
295,1.945969186352674,0.0016424165670307954,0.077412957965862,6.993711709516569,4.90484624384295e-06,1.2550698819334478,1.2450108483734708,1.244920773656382,1.2550067787065085,1.2449795587661796,1.2450315486022967,1.2449745079387535,1.2451051099120316,1.254757515918188,1.2449323868117974,1.2450117422899933,1.2452331525322466,0.0022605369476999555,0.27953548001954553,0.43181882048937986,0.5332847615328585,0.5965386452025534,0.6466842306140722,0.6854047816133693,0.7162776638089875,0.7414602868940579,0.7624080229343773,0.7801645230886333,0.7976243809601434
296,1.945964806978674,0.001642458496623442,0.0492960840347223,6.9948199338076575,4.8737210456797054e-06,1.2550809309164423,1.2449998431417448,1.244909019956109,1.2550174828731273,1.2449685748584474,1.2450207984079273,1.2449641316139244,1.2450944768648808,1.2547672691847662,1.244921641983563,1.245001458853631,1.24522219461464,0.00226542117138722,0.279530517485069,0.43181379828345906,0.533288878963722,0.5965337026817034,0.6466794200253888,0.6854000239488713,0.7162728852917647,0.7414553622609977,0.7624031923920336,0.7801597640050327,0.7976243809601434
297,1.9455661716258823,0.0016424994795687226,0.07041079201735556,6.944824485930375,4.842626371469149e-06,1.2550918669874893,1.2449891378768565,1.2448978288526473,1.2550281794622313,1.244957806146383,1.245010268838755,1.244953517916841,1.2450841573435651,1.2547767374451806,1.244910794286271,1.2449908965600884,1.2452120645482607,0.0022702736621284685,0.2795257484229104,0.4318089909449157,0.5332934903173578,0.5965288904361579,0.6466746575438864,0.6853952662196645,0.716268172350132,0.7414505574697916,0.7623983544389862,0.7801549712810821,0.7976243809601434
298,1.945559844769099,0.0016425396039743648,0.051060291996691376,6.939994523305418,4.811563736721829e-06,1.2551026921890194,1.2449787081847457,1.2448871337199356,1.2550388567035,1.2449472349805573,1.2449999392835702,1.2449427011125211,1.245074120092642,1.2547859546600237,1.2448998673011176,1.2449800987587685,1.2452026809977792,0.0022750931292759213,0.27952115527358595,0.4318043773315609,0.5332985226744927,0.5965241965625299,0.646669940514565,0.6853905117761369,0.7162635204263087,0.7414458622323417,0.7623935144251536,0.7801501533288141,0.7976243809601434
299,1.9455532804460085,0.0016425789364200862,0.07885012496262789,6.943342330890876,4.780534655386744e-06,1.2551134137430027,1.2449685291387782,1.2448768922656372,1.2550495125756316,1.244936846942241,1.2449897968490091,1.2449317141984442,1.245064342808175,1.254794935310684,1.2448888755410978,1.2449690995827614,1.2451939662258014,0.0022798809308383545,0.2795167209723254,0.4317999390322872,0.5333039240471299,0.596519611331769,0.6466652676325294,0.6853857638656474,0.7162589263199989,0.7414412675316139,0.7623886753897984,0.7801453159839797,0.7976243809601434
300,1.945547476104357,0.0016426175410543295,0.06772312498651445,6.943788716228829,4.74954063977754e-06,1.2551240359834712,1.244958579148462,1.2448670602068774,1.2550601421133338,1.2449266289640677,1.2449798279245763,1.2449205859572239,1.245054804047452,1.2548036968871448,1.2448778340999114,1.2449579303024387,1.2451858521730579,0.00228463729493254,0.27951243058135283,0.4317956592754334,0.5333096434545198,0.5965151258271131,0.6466606373821214,0.6853810253202574,0.71625438695616,0.7414367653271395,0.762383840634193,0.7801404648620877,0.7976243809601434
301,1.9455417139687203,0.001642655474219051,0.06133033300284296,6.943751040809818,4.718583200498814e-06,1.2551345628873731,1.2449488392097956,1.2448575977647027,1.255070740314091,1.2449165688790713,1.2449700200311589,1.2449093417591155,1.2450454837134768,1.2548122587502348,1.2448667572447798,1.244946619393534,1.2451782779740366,0.002289362421885538,0.27950827085470126,0.4317915232044492,0.5333156355252978,0.5965107319395418,0.6466560483860937,0.6853762986465416,0.7162498994420115,0.741432348651524,0.7623790134232964,0.7801356052613481,0.7976243809601434
302,1.9455361044836448,0.0016426927853033933,0.05934583302587271,6.943891804629761,4.687663846372481e-06,1.2551449978039013,1.2449392922631655,1.2448484726876738,1.2550813033117225,1.2449066560179223,1.2449603632689878,1.2448980049758736,1.2450363651593612,1.2548206350194353,1.2448556567687092,1.2449351912123692,1.245171188428714,0.0022940564718774764,0.2795042299219486,0.43178751770780655,0.5333218602926427,0.5965064223778299,0.6466514995557263,0.6853715861741918,0.7162454614197521,0.7414280113161055,0.7623741963945972,0.7801307415353286,0.7976243809601434
303,1.945532450931005,0.0016427295226647757,0.056374625011812896,6.942214139638715,4.65678408436424e-06,1.255155344067253,1.2449299241461225,1.244839646583478,1.2550918257220374,1.2448968801091236,1.244950846508349,1.244886595626344,1.2450274309934026,1.254828841885755,1.2448445454699129,1.2449236698148523,1.2451645362617583,0.002298719586824983,0.27950029761320944,0.4317836305645858,0.5333282800752258,0.5965021903109498,0.6466469894591128,0.685366889877774,0.7162410703907506,0.7414237473384628,0.7623693924178283,0.7801258783141829,0.7976243809601434
304,1.9455294089429565,0.0016427657243829987,0.05563512502703816,6.9429277790386035,4.625945419510126e-06,1.2551656051247604,1.2449207210584923,1.2448310941943121,1.255102305233722,1.2448872328640077,1.244941462695086,1.2448751329000702,1.245018668245829,1.2548368893222146,1.2448334320128465,1.2449120741572481,1.2451582767807925,0.0023033522816797614,0.2794964643460372,0.43177985124165963,0.5333348646296795,0.596498029987105,0.6466425173556897,0.6853622116434421,0.7162367245090621,0.7414195518553465,0.7623646034339412,0.7801210188869993,0.7976243809601434
305,1.9455248276288462,0.0016428014320528062,0.04906133399344981,6.939407127452489,4.595149354843159e-06,1.255175781834018,1.2449116701641145,1.244822780180982,1.2551127364422305,1.2448777063349974,1.2449322029175662,1.2448636318808028,1.245010062107029,1.2548447916945404,1.2448223280066972,1.2449004240425012,1.2451523731699115,0.002307953888367139,0.27949272135373104,0.4317761692593707,0.5333415819109394,0.5964939359940375,0.6466380821896723,0.6853575530662214,0.7162324216518416,0.7414154197976711,0.7623598319929323,0.7801161671930554,0.7976243809601434
306,1.9455183006469006,0.0016428366785195146,0.04938916704850271,6.9397875893643235,4.564397391320083e-06,1.2551858763650547,1.2449027616140242,1.2448146798644413,1.2551231163562218,1.2448682927593222,1.2449230609108535,1.2448521069113057,1.2450016013196357,1.2548525601582439,1.2448112408923688,1.2448887351776474,1.2451467905582259,0.002312524472881539,0.27948906146051106,0.4317725760556233,0.5333484068724169,0.5964899031581742,0.6466336830869202,0.6853529155451062,0.7162281602144943,0.7414113471862809,0.7623550797062071,0.780111325959611,0.7976243809601434
307,1.9455097883851227,0.0016428714880037506,0.05364050000207499,6.9431531384071175,4.533691027748216e-06,1.2551958923016246,1.2448939840909983,1.2448067833484928,1.2551334456902137,1.244858986326781,1.2449140330879134,1.2448405715545159,1.2449932789416271,1.2548601951168301,1.244800174650555,1.2448770190478897,1.245141495454403,0.0023170649256684913,0.27948547723079464,0.43176906446267543,0.5333553220409014,0.5964859275040976,0.6466293198084448,0.6853483004680783,0.7162239392336927,0.7414073304329337,0.762350347345234,0.7801064969163177,0.7976243809601434
308,1.9454994322758932,0.0016429058859539609,0.047752708953339607,6.945231175264662,4.503031760712399e-06,1.255205831690746,1.2448853286423558,1.2447990721250362,1.2551437235343368,1.2448497822738829,1.2449051134941531,1.2448290372347641,1.2449850852239588,1.2548677021644299,1.2447891341404052,1.2448652878814044,1.2451364595572751,0.0023215754374649347,0.27948196245727125,0.43176562745740443,0.5333623098315939,0.5964820058396081,0.6466249919659809,0.6853437091181331,0.7162197573772264,0.7414033659222867,0.762345635792199,0.7801016821160186,0.7976243809601434
309,1.945487435185951,0.0016429398991606439,0.049123416014481336,6.9457695890284885,4.4724210845020495e-06,1.255215695567959,1.2448767878683171,1.244791522882735,1.2551539471268434,1.2448406751747807,1.24489629493644,1.2448175132269683,1.2449770112917322,1.2548750895880507,1.2447781252630339,1.2448535534632823,1.245131658832076,0.0023260557814382284,0.2794785118296164,0.4317622583322128,0.5333693519547544,0.5964781346267123,0.6466206985809105,0.6853391423967949,0.7162156133949507,0.7413994505657205,0.762340946281452,0.780096883773274,0.7976243809601434
310,1.9454738645191032,0.0016429735471594274,0.04618525004480034,6.948135594442839,4.441860491038346e-06,1.2552254856321492,1.2448683552550979,1.2447841208265524,1.2551641159216982,1.2448316611400876,1.2448875725075088,1.244806009029762,1.2449690507678204,1.2548823605566664,1.2447671501236244,1.2448418248107789,1.2451270700179315,0.0023305061733352368,0.2794751205591729,0.4317589514042845,0.5333764350720929,0.5964743113272063,0.6466164394199506,0.6853346014612369,0.7162115065515142,0.741395581970226,0.7623362792525256,0.7800921033265739,0.7976243809601434
311,1.945456856448196,0.00164300685149583,0.0623417500173673,6.951071217905217,4.4113514698014955e-06,1.25523520211159,1.2448600240542946,1.2447768480362609,1.255174227122568,1.2448227364713225,1.2448789371346551,1.2447945325233891,1.2449611969693473,1.2548895240543463,1.2447562103798224,1.2448301109981885,1.2451226723302566,0.0023349262161952255,0.27947178406750733,0.431755701340554,0.5333835445339006,0.5964705336284591,0.6466122135013055,0.6853300870920834,0.7162074360227423,0.7413917585916586,0.7623316352806998,0.7800873424822685,0.7976243809601434
312,1.9454378442003617,0.0016430398334535072,0.04475937498500571,6.950239791094038,4.380895507758154e-06,1.2552448443462119,1.2448517905024452,1.2447696771343884,1.2551842767990733,1.2448138969371487,1.2448703782682657,1.2447830906631163,1.2449534414040857,1.2548965934411902,1.2447453100049293,1.244818421934444,1.245118449529847,0.002339315087536097,0.2794684990812391,0.4317525027145376,0.5333906661797815,0.5964667992490983,0.6466080196496635,0.6853256002006357,0.7162034008927992,0.741387979076419,0.7623270155849486,0.7800826034630037,0.7976243809601434
313,1.9458059179378582,0.001643073100430212,0.04406400001607835,6.973301985902245,4.350494089288943e-06,1.2552544521207056,1.2448434390043828,1.2447621487914022,1.2551942064282007,1.244805011642648,1.244861758323726,1.2447719577787368,1.244945566514305,1.2549037489295414,1.244734602339694,1.2448070621807301,1.2451136746843705,0.0023436739390510627,0.27946511363784327,0.4317491840485444,0.5333973672730066,0.5964630173818253,0.6466038443608855,0.6853211709582038,0.7161993719811981,0.7413841638787065,0.7623224547494939,0.7800779421337686,0.7976243809601434
314,1.9457410332778506,0.0016431065928501924,0.06463829101994634,6.967482905022894,4.320148696116109e-06,1.255264018338678,1.2448349912428738,1.2447543068319182,1.2552040176415178,1.244796093838966,1.2448530762964953,1.2447611076201384,1.244937592741936,1.2549109847253874,1.2447240690691475,1.24479600752389,1.245108414063817,0.0023480011356196207,0.27946164282430175,0.43174576239996465,0.5334036896466573,0.5964591979166808,0.64659968765333,0.6853167969254883,0.7161953526557596,0.7413803231640905,0.7623179491505127,0.7800733544307852,0.7976243809601434
315,1.945684201263013,0.0016431402572941517,0.04561854095663875,6.96313089905791,4.2898608072313035e-06,1.25527353751792,1.244826467111199,1.2447461918482536,1.255213713124528,1.244787155260358,1.2448443328229282,1.2447505167622228,1.2449295381331917,1.2549182937326882,1.244713694493185,1.2447852349333837,1.2451027261305105,0.0023522956758473376,0.279458100255321,0.4317422530410154,0.5334096713724463,0.5964553494914694,0.6465955496669712,0.6853124758715029,0.716191345817181,0.7413764654805177,0.7623134955548455,0.7800688363705756,0.7976243809601434
316,1.9456406388809007,0.0016431740464796642,0.04787345801014453,6.960213076551936,4.259631898823504e-06,1.2552830056429267,1.2448178841064745,1.2447378416735173,1.2552232957744593,1.2447782060528787,1.2448355309593102,1.2447401640117806,1.2449214184314221,1.2549256699313978,1.244703466101661,1.244774723344232,1.245096662941593,0.002356557074799579,0.27945449789290316,0.43173866956517315,0.5334153460385079,0.5964514793906677,0.6465914305125215,0.6853082054759856,0.7161873537016077,0.7413725977996541,0.762309091319278,0.7800643843060232,0.7976243809601434
317,1.94561024830186,0.0016432079193906732,0.06111912499181926,6.957899216954232,4.229463444207056e-06,1.2552924191011472,1.2448092570483644,1.244729289485372,1.2552327690070626,1.2447692550596108,1.2448266768987863,1.2447300305842002,1.2449132476986629,1.254933105113299,1.2446933733555918,1.244764453161728,1.2450902707633986,0.002360784929553786,0.2794508460371423,0.4317350237426521,0.5334207432049448,0.5964475937674507,0.6465873306220064,0.6853039836217735,0.7161833781654336,0.7413687256170514,0.7623047341306547,0.7800599947501635,0.7976243809601434
318,1.9455896204913434,0.0016432418392025793,0.04681433294899762,6.956684526376962,4.199356913749878e-06,1.2553017759889777,1.2448005977281325,1.2447205647014785,1.2552421370547058,1.244760310103032,1.2448177786052423,1.244720099806925,1.2449050380649733,1.2549405905863464,1.244683408026777,1.2447544069658734,1.2450835920631589,0.002364979414598289,0.27944715323340036,0.43173132567525574,0.533425890439675,0.5964436979619699,0.6465832504862833,0.6852998082267319,0.7161794206002489,0.7413648531313011,0.7623004220338587,0.7800556646113915,0.7976243809601434
319,1.9455611259233765,0.0016432757716345692,0.04614462499739602,6.9555135379429425,4.169313774801791e-06,1.25531107490154,1.244791917533485,1.2447116955015902,1.2552514043456051,1.2447513783341895,1.2448088418988108,1.244710357743531,1.2448968009579935,1.2549481184923856,1.244673562336511,1.2447445670483532,1.2450766621888505,0.002369140914449283,0.279443427396249,0.431727584595321,0.5334308120894511,0.5964397968084251,0.6465791906109736,0.6852956778409087,0.7161754826004437,0.741360984729772,0.7622961533219137,0.7800513906595847,0.7976243809601434
320,1.9455030982828012,0.0016433096855728504,0.050299290975090116,6.954359978062702,4.139335491623001e-06,1.2553203118436356,1.244783227863847,1.24470270981862,1.2552605722041406,1.2447424664089877,1.2447998660947885,1.2447007884092305,1.2448885450004628,1.2549556897019887,1.2446638272330768,1.2447349225940432,1.2450695156441234,0.00237326843927823,0.2794396764262807,0.43172380988095255,0.5334355318288769,0.596435895426228,0.6465751506507165,0.6852915905685486,0.7161715652188958,0.741357124639259,0.7622919259044553,0.7800471710693639,0.7976243809601434
321,1.945474300719414,0.0016433435539306817,0.04622095904778689,6.954333479520524,4.109423525312737e-06,1.255329485354858,1.2447745370417875,1.24469363328511,1.255269644692739,1.2447335797902075,1.2447908592296981,1.2446913795375378,1.2448802786163462,1.2549632966974207,1.2446541974555665,1.2447254596343158,1.2450621819965346,0.002377362128715162,0.2794359063422798,0.431720008969922,0.5334400698721408,0.5964319974232704,0.6465711312454754,0.6852875448643401,0.7161676692877659,0.7413532753282874,0.7622877383965129,0.7800430032001144,0.7976243809601434
322,1.9454540545123322,0.001643377353021401,0.037531625013798475,6.9527440499092945,4.07957933373804e-06,1.2553385941723796,1.2447658526508376,1.244684488508588,1.255278623704863,1.2447247226453082,1.2447818302826432,1.2446821195007065,1.2448720083450695,1.254970934389701,1.2446446687119799,1.2447161689363595,1.2450546907780256,0.002381421938420875,0.2794321226782744,0.4317161887481518,0.5334444435647039,0.5964281058165474,0.6465671328691343,0.6852835390912786,0.7161637952165802,0.741349438498215,0.7622835895814483,0.7800388854746706,0.7976243809601434
323,1.9454372443080157,0.0016434110624335588,0.0399785420158878,6.954298143611577,4.0498043714627015e-06,1.2553476378837833,1.2447571803631512,1.2446752920896242,1.2552875147989235,1.2447158997118406,1.244772789194478,1.2446729986481289,1.2448637412611916,1.254978592735727,1.2446352374002108,1.2447070366128812,1.2450470637099749,0.002385448435462295,0.27942832965601805,0.4317123541874126,0.5334486692295973,0.5964242233189229,0.6465631565966988,0.6852795720189374,0.7161599436671185,0.7413456157835377,0.7622794783869611,0.7800348150552161,0.7976243809601434
324,1.9454220920577816,0.0016434446645170835,0.051881165942177176,6.955321279729788,4.020100089676376e-06,1.2553566168096169,1.2447485265984,1.2446660591987688,1.255296321129769,1.2447071145191542,1.2447637441868864,1.2446640082427927,1.2448554834411452,1.254986264706566,1.2446259003764208,1.2446980511912047,1.2450393214071298,0.002389442333036388,0.2794245316772589,0.43170851024744056,0.5334527601827982,0.5964203520623416,0.6465592030315518,0.6852756424327818,0.7161561151712967,0.7413418087522459,0.7622754039322467,0.7800307896799693,0.7976243809601434
325,1.9454078821097005,0.0016434781425894432,0.0480974160018377,6.95331179436252,3.990467936123853e-06,1.2553655293641799,1.2447398960364995,1.244656806048036,1.2553050438142328,1.244698370278068,1.2447547016515428,1.2446551402771036,1.2448472396867851,1.254993946122113,1.2446166547804316,1.244689205687796,1.245031484539317,0.0023934033096063238,0.27942073242629273,0.4317046617848256,0.5334567284338739,0.5964164943499028,0.6465552726262211,0.6852717491792134,0.7161523100279974,0.7413380186987379,0.762271365440015,0.7800268081888139,0.7976243809601434
326,1.9453946441396224,0.001643511480385721,0.0623670420027338,6.949783287835268,3.960909355034491e-06,1.2553743744250483,1.2447312962325046,1.2446475495777838,1.2553136815858459,1.2446896687379267,1.2447456658102949,1.2446463869045932,1.2448390137029983,1.25500163759753,1.2446074978608606,1.2446804964679896,1.2450235739087183,0.002397331070526261,0.2794169366895377,0.43170081429965257,0.5334605847848136,0.5964126519321372,0.6465513652324665,0.6852678909749407,0.7161485283364593,0.7413342469150979,0.7622673622149299,0.7800228702057215,0.7976243809601434
327,1.9453862904952868,0.0016435446675143288,0.04256920801708475,6.954450710870826,3.931425787051832e-06,1.2553831532347342,1.244722728035992,1.244638295649038,1.2553222405279791,1.2446810130330583,1.2447366445849206,1.2446377422618906,1.2448308104251835,1.2550093279217518,1.244598427109716,1.2446719124420222,1.2450156015675937,0.00240122673466488,0.2794131459288241,0.4316969697457208,0.5334643407490444,0.5964088263725249,0.6465474817346625,0.6852640669985448,0.7161447705442101,0.7413304940456114,0.7622633933438115,0.780018973219848,0.7976243809601434
328,1.9453778941442108,0.001643577720852276,0.04651650000596419,7.376304679411532,3.902018669163383e-06,1.2553918808523932,1.2447142098175785,1.2446291826935771,1.2553307854264149,1.244672402241639,1.2447276975726307,1.244629205275439,1.2448225874906635,1.2550168052872055,1.2445893295305825,1.244663186418133,1.2450074835826928,0.002405100518945737,0.27940937686878575,0.43169316345156145,0.5334681435829743,0.5964050165176724,0.6465436310535136,0.6852602827565044,0.7161410389240184,0.7413267560403216,0.7622593872566963,0.7800150980011267,0.7976243809601434
329,1.9453693480230665,0.0016436106296068872,0.037527125037740916,7.3721428963596916,3.8726894346305845e-06,1.2554005536315396,1.244705743175038,1.2446201916176125,1.255339309304193,1.2446638388875446,1.2447188228462562,1.2446207697652605,1.2448143522398862,1.2550240918746651,1.2445802171939244,1.2446543465987188,1.2449992454650602,0.002408950683772642,0.279405630344558,0.43168939361707576,0.5334719844781027,0.5964012241865635,0.6465398124062491,0.6852565365951022,0.7161373332114672,0.741323034234653,0.762255352327835,0.7800112463987268,0.7976243809601434
330,1.9453606787413997,0.0016436433836391471,0.04060283303260803,7.3718950521183215,3.843439512918951e-06,1.2554091697209684,1.2446973287918623,1.244611313721826,1.2553478073206323,1.2446553252390038,1.2447100191558316,1.2446124309001807,1.2448061128528627,1.2550312032161284,1.2445710992601662,1.2446454153915163,1.244990908391997,0.0024127763560771844,0.2794019066847873,0.43168565887151455,0.5334758555682307,0.5963974508437938,0.6465360253357944,0.6852528273208772,0.7161336535321232,0.7413193296780439,0.7622512952879938,0.7800074191167259,0.7976243809601434
331,1.9453519168869973,0.0016436759722333408,0.031689625000581145,7.370734760844543,3.8142703296283967e-06,1.2554177278392196,1.2446889691600802,1.244602541313364,1.2553562746468738,1.2446468624822564,1.2447012845684713,1.2446041845410274,1.2447978761691372,1.2550381570523081,1.24456198461358,1.244636413164863,1.2449824914463545,0.0024165768862158396,0.279398206977533,0.431681958402887,0.5334797501212671,0.5963936974986337,0.6465322691614793,0.6852491537974693,0.7161299999063494,0.7413156437472258,0.7622472225087074,0.7800036170264114,0.7976243809601434
332,1.9453430943432388,0.0016437083858544296,0.03377312497468665,7.372575093923539,3.785183306423768e-06,1.2554262274298162,1.2446806639112566,1.2445938746781005,1.2553647078061074,1.244638452308588,1.244692617505567,1.2445960270950303,1.244789649501479,1.2550449649778572,1.2445528804307224,1.2446273556806766,1.244974010208382,0.0024203519855537812,0.2793945311177979,0.4316782916847887,0.5334836622882021,0.596389965290925,0.6465285435116804,0.685245515068414,0.716126372531235,0.741311977471337,0.7622431393270951,0.7799998402677836,0.7976243809601434
333,1.945334242673775,0.0016437399834722164,0.03248324996093288,6.601974371132808,3.7561798609655374e-06,1.2554347296168875,1.2446725366728946,1.244585478016435,1.2553731164810822,1.2446301767707701,1.2446844066924743,1.2445876723930418,1.2447817930840714,1.255051260352742,1.2445437690919168,1.2446184610506594,1.24496623585219,0.0024241273154006968,0.279390970886337,0.4316747487563636,0.533487862960542,0.5963863073651597,0.6465248983133494,0.685241882554113,0.7161228188795363,0.7413083910440714,0.7622390990589876,0.7799960941281066,0.7976243809601434
334,1.945325077572352,0.0016437709295937148,0.03136337496107444,6.947451384136817,3.7272614068407203e-06,1.2554431398575123,1.2446646060159,1.2445774395812146,1.2553814937487313,1.24462205218792,1.2446763716511353,1.2445791978561587,1.2447741512798305,1.2550574398761236,1.2445346871003475,1.2446094787878308,1.2449590369407306,0.0024278732602352046,0.2793875322785701,0.4316713363112153,0.5334922808053885,0.5963827350847163,0.6465212884994609,0.6852382519312835,0.7161193059550562,0.7413048753534646,0.7622350936092881,0.7799923356345844,0.7976243809601434
335,1.9453155896790095,0.0016438012763383338,0.032824833993799984,6.946701497701134,3.6984293534939723e-06,1.2554514608927045,1.2446568565291654,1.2445697202358188,1.2553898348482717,1.244614068007586,1.2446684962868273,1.2445706247486734,1.2447667047050175,1.255063514571531,1.2445256399160194,1.2446004289988124,1.2449523555232014,0.0024315896539099046,0.27938420443799,0.4316680419781585,0.5334968828350269,0.5963792417231484,0.646517712725634,0.6852346260564454,0.7161158318827957,0.7413014252170682,0.7622311227178322,0.7799885699894766,0.7976243809601434
336,1.9453058517654183,0.0016438310667728853,0.030639791977591813,6.947846099937151,3.669685106158899e-06,1.2554596955893709,1.2446492736303154,1.2445622910960779,1.2553981369223006,1.2446062149070598,1.2446607674776728,1.244561973413815,1.2447594376262239,1.2550694929037525,1.2445166302617634,1.2445913286697874,1.2449461382812859,0.0024352766068662657,0.2793809772975549,0.4316648550309205,0.5335016417208954,0.5963758212795156,0.646514169932862,0.68523100764065,0.7161123952693725,0.7412980364799827,0.7622271857076397,0.7799848014565729,0.7976243809601434
337,1.9452959279354187,0.0016438603418617642,0.033248666964937,6.945606133967882,3.641030065789562e-06,1.255467845495048,1.244641845261088,1.2445551198126188,1.2554063961194875,1.244598484442894,1.2446531732159225,1.2445532617807722,1.2447523345229503,1.2550753829699257,1.2445076622838427,1.2445821934731898,1.244940338708017,0.002438933753507666,0.27937784226279005,0.4316617654707023,0.5335065313863161,0.5963724683787074,0.6465106593216166,0.6852273992833902,0.7161089947441349,0.741294705074997,0.7622232823173228,0.7799810340926263,0.7976243809601434
338,1.9452858791377874,0.0016438891336297038,0.03531000000657514,6.949569140778316,3.612465628992203e-06,1.2554759138380567,1.2446345591200794,1.2445481910084997,1.2554146119133198,1.2445908699517907,1.2446457035330465,1.2445445057188769,1.2447453842542067,1.255081187094973,1.244498736493269,1.2445730356713303,1.244934912671108,0.0024425616444319924,0.27937479102793894,0.43165876521508906,0.5335115327955916,0.5963691786474744,0.6465071801984917,0.6852238029314418,0.7161056292899467,0.7412914275865155,0.7622194115177255,0.7799772708096074,0.7976243809601434
339,1.9452757534221803,0.0016439174759129145,0.021197209018282592,6.947008115410984,3.5839931879571733e-06,1.2554839017631048,1.2446274054837894,1.2445414773912946,1.2554227804352178,1.2445833643956843,1.244638348493615,1.2445357184635488,1.2447385742248385,1.2550869129635627,1.244489857338329,1.2445638674982311,1.2449298232466617,0.0024461598879283765,0.27937181671942446,0.4316558462259151,0.5335166242918294,0.5963659476489533,0.6465037317988175,0.6852202204928179,0.7161022977437193,0.7412882008268964,0.7622155734699249,0.7799735149974868,0.7976243809601434
340,1.9456573792581207,0.0016439458938388284,0.021155082969926298,6.983376213123801,3.555614130391079e-06,1.255491848391708,1.2446201986260974,1.2445345942373414,1.255430855600059,1.2445758532778708,1.244631016972039,1.2445271278231036,1.2447317146370862,1.255092700327034,1.2444811587426956,1.2445549428761087,1.2449244619837465,0.002449730971174366,0.2793687891017919,0.4316528621498142,0.5335214411420818,0.5963626949687064,0.6465003038939983,0.6852166757681555,0.7160989730522801,0.7412849498255875,0.7622117960850655,0.779969814013761,0.7976243809601434
341,1.9456405588294508,0.0016439743525847753,0.020714915997814387,6.9849325041775305,3.527329839449153e-06,1.2554997521453937,1.2446129518611229,1.2445275679068646,1.2554388417622202,1.244568344629985,1.244623710567599,1.244518719508969,1.2447248181107982,1.255098537683277,1.2444726264530634,1.2445462392847113,1.2449188617136837,0.002453275272108972,0.2793657172026605,0.43164982312443884,0.5335260105115813,0.5963594262213566,0.6464968971536788,0.6852131678092813,0.7160956577329841,0.7412816811924375,0.7622080756375055,0.7799661641714498,0.7976243809601434
342,1.9456250638494663,0.0016440028218356157,0.01920320902718231,6.983912066430774,3.499141693667828e-06,1.2555076102163532,1.2446056757862456,1.2445204220586352,1.255446741400102,1.244560845432207,1.2446164307545482,1.2445104807015976,1.2447178943378607,1.255104415594649,1.2444642481292836,1.2445377401328692,1.244913054893781,0.002456792389574703,0.2793626086876607,0.4316467382754374,0.5335303563590563,0.5963561465886187,0.64649351206139,0.6852096957402907,0.7160923537412265,0.741278400253513,0.7622044087626124,0.7799625631077604,0.7976243809601434
343,1.945610863783761,0.001644031272577732,0.018899249960668385,6.981356318619795,3.471051066897563e-06,1.2555154196924783,1.244598381781755,1.2445131791405943,1.2554545557341015,1.2445533610336055,1.2446091776420671,1.2445023983361911,1.244710952026524,1.2551103304014273,1.2444560131464677,1.2445294322316796,1.2449070720667674,0.0024602817170787934,0.2793594713447467,0.4316436165296029,0.5335345010982412,0.5963528605807256,0.6464901487301433,0.6852062584127755,0.7160890626704304,0.7412751120475489,0.7622007926489183,0.7799590092248172,0.7976243809601434
344,1.945597935846891,0.0016440596807753844,0.019241333997342736,6.98052715764895,3.4430593282358775e-06,1.2555231788319632,1.244591079135852,1.2445058574027652,1.2554622870140382,1.2445458965619025,1.2446019526958016,1.244494461538009,1.244703999381034,1.2551162742130435,1.2444479119624008,1.2445213013226988,1.2449009386278664,0.0024637431678699024,0.27935631163121166,0.4316404651956818,0.5335384640495181,0.5963495721292786,0.6464868076117734,0.6852028551051309,0.7160857861142833,0.7412718207897181,0.7621972246597383,0.7799555003668206,0.7976243809601434
345,1.9455862738141805,0.0016440880243995142,0.0188265839824453,6.979885689586589,3.4151678419606222e-06,1.255530886127063,1.2445837759120564,1.2444984741412781,1.2554699376052243,1.2445384565379216,1.2445947565572508,1.244486660677495,1.2446970438301224,1.2551222396920718,1.2444399360028837,1.2445133350269437,1.2448946772806804,0.00246717669578756,0.2793531352320488,0.4316372909390005,0.5335422636949967,0.5963462847583074,0.6464834888686891,0.6851994849885085,0.7160825254655341,0.7412685302583144,0.7621937024567391,0.779952034729138,0.7976243809601434
346,1.945575886625958,0.0016441162852006436,0.01919620798435062,6.979785458597093,3.387377967463491e-06,1.2555385397754515,1.2445764792647174,1.2444910429547107,1.2554775097177566,1.2445310455955314,1.2445875903259076,1.2444789879770244,1.2446900918973252,1.2551282201501697,1.2444320771136423,1.2445055209497866,1.2448883070689232,0.002470582150887655,0.2793499471212407,0.43163409931220936,0.5335459148398591,0.596343001665819,0.6464801928511573,0.6851961475550222,0.7160792820064953,0.7412652438597196,0.7621902237871313,0.7799486102519102,0.7976243809601434
347,1.9455668054935804,0.0016441444468479603,0.019355083990376443,6.9803978307852255,3.3596910591837613e-06,1.2555461388631446,1.2445691952680396,1.2444835773030678,1.2554850054368523,1.2445236672946123,1.2445804554193858,1.2444714353238633,1.2446831495849835,1.2551342093350635,1.2444243281949854,1.244497848703172,1.244881845593544,0.0024739596354140503,0.2793467516580439,0.4316308954378422,0.5335494313040262,0.5963397254899492,0.6464769198349606,0.6851928420857727,0.7160760568146172,0.7412619644890296,0.7621867866640273,0.7799452252904183,0.7976243809601434
348,1.9455590843597217,0.0016441724945918336,0.01903479197062552,6.979281517689697,3.3321084665422826e-06,1.2555536826305111,1.2445619295615278,1.2444760871508913,1.2554924261175326,1.2445163250104043,1.2445733526284672,1.2444639960741366,1.244676221887685,1.2551402024834517,1.2444166831831336,1.2444903097611633,1.244875309451687,0.002477309206930727,0.27934355280835965,0.4316276837587865,0.5335528254580081,0.5963364587810458,0.6464736699952652,0.6851895680423199,0.716072850811579,0.7412586946983664,0.7621833893658377,0.7799418785833987,0.7976243809601434
349,1.9455528093012198,0.0016442004148642954,0.018702125002164394,6.9799518050001925,3.304631533875704e-06,1.2555611701914355,1.244554687069044,1.2444685830965594,1.255499773497991,1.2445090211717302,1.2445662830329753,1.2444566635814318,1.24466931310957,1.255146196316762,1.2444091364583316,1.2444828962842414,1.2448687131980423,0.002480630862062499,0.27934035408593594,0.4316244683675607,0.5335561089951171,0.5963332035557618,0.6464704434814206,0.6851863248085901,0.7160696647457088,0.7412554368501338,0.7621800303483774,0.7799385689698352,0.7976243809601434
350,1.945548106482407,0.0016442281956140473,0.019723500008694828,6.9773886731636034,3.277261600370962e-06,1.255568600345585,1.2445474726482821,1.244461074265917,1.2555070483819122,1.2445017583116098,1.2445592474745693,1.244449432858732,1.2446624276092633,1.2551521866244129,1.2444016834548373,1.2444756008722737,1.2448620699973387,0.0024839244146456782,0.2793371588218156,0.43162125300983956,0.5335592915270813,0.5963299617769415,0.6464672404054398,0.6851831119878059,0.7160664994252001,0.7412521930273727,0.7621767083385926,0.7799352953429111,0.7976243809601434
351,1.9455451587665313,0.0016442558276144844,0.01919462502701208,6.978323272792702,3.2500000000000015e-06,1.2555759728647706,1.2445402907017955,1.2444535682203666,1.2555142515144035,1.244494537730235,1.2445522459543032,1.2444422977563212,1.2446555678076616,1.2551581708577069,1.2443943203371326,1.2444684189178954,1.244855393165939,0.0024871899628948627,0.2793339701459518,0.4316180412232481,0.53356238275095,0.5963267349023244,0.6464640605724431,0.6851799288253148,0.7160633551170086,0.741248964439346,0.7621734220362696,0.7799320571542454,0.7976243809601434
352,1.9455442261633376,0.0016442833011142619,0.019298791012261063,6.978536011947085,3.222848061454764e-06,1.2555832875208843,1.2445331438661202,1.244446072676087,1.2555213854936493,1.2444873622782,1.2445452797066676,1.2444352556675111,1.2446487379421283,1.2551641433510348,1.2443870425171628,1.2444613417976051,1.2448486901016376,0.002490427839701723,0.27933078999338334,0.4316148353691741,0.5335653903560772,0.5963235245758449,0.6464609043462959,0.6851767752399963,0.7160602327061816,0.7412457530646183,0.7621701702839316,0.7799288527351113,0.7976243809601434
353,1.9455456843256465,0.001644310608624726,0.018757208017632365,6.978673784568414,3.195807108082429e-06,1.25559054364754,1.2445260351093401,1.2444385938954925,1.2555284513834633,1.2444802335853813,1.2445383501001726,1.244428302422888,1.2446419408985936,1.255170101396859,1.244379846715346,1.2444543636095988,1.244841969210736,0.002493638047806712,0.2793276204579633,0.43161163787824386,0.5335683208440599,0.5963203319741329,0.6464577718978847,0.6851736507932938,0.7160571326349134,0.7412425602805742,0.7621669521271005,0.7799256811112989,0.7976243809601434
354,1.9455500795062384,0.0016443377428706609,0.018838000018149614,6.978978988518863,3.1688784578209146e-06,1.255597741365787,1.2445189668023322,1.2444311368418095,1.2555354505847158,1.2444731531154556,1.244531458052688,1.2444214352159082,1.2446351791117507,1.255176041459194,1.2443727299166978,1.2444474788556839,1.2448352381576004,0.0024968208671500925,0.279324463329953,0.43160845087308286,0.5335711810590247,0.5963171582714033,0.6464546633473596,0.6851705552502746,0.7160540553484149,0.7412393872746903,0.7621637666703697,0.7799225413217193,0.7976243809601434
355,1.945558223995632,0.001644364698767721,0.01878475002013147,6.979361301539122,3.1420634231346447e-06,1.2556048806126838,1.2445119415025163,1.244423704248455,1.255542383781614,1.2444661217355744,1.244524604093888,1.2444146498353303,1.2446284546072017,1.2551819617702593,1.244365689360688,1.2444406841943538,1.2448285049968508,0.0024999764040291197,0.2793213204665797,0.43160527623274175,0.5335739767449971,0.5963140043517791,0.6464515786425802,0.6851674880529035,0.7160510010699267,0.7412362349512992,0.7621606130555435,0.7799194329202597,0.7976243809601434
356,1.945571378146293,0.001644391471394994,0.018750458024442196,6.978915441463187,3.115363310950579e-06,1.2556119605153064,1.244504961500601,1.2444162996449806,1.2555492505337116,1.2444591400182463,1.2445177884190435,1.2444079430361494,1.2446217688910517,1.255187864157254,1.2443587226432657,1.2444339768524062,1.244821776986691,0.00250310442182237,0.27931819351831627,0.43160211584447616,0.5335767119756166,0.5963108708892697,0.6464485175721897,0.6851644486986206,0.7160479699435646,0.7412331044870932,0.7621574906617041,0.7799163556018072,0.7976243809601434
357,1.9451753917103773,0.001644417634547259,0.01939941698219627,6.957531807321631,3.088779422594516e-06,1.255618952519001,1.244498176698062,1.2444092142726766,1.2555560953585556,1.2444523013825342,1.244511103734579,1.2444011249780411,1.2446152816838103,1.2551936000536388,1.2443517082131177,1.2444271339819126,1.2448155641847278,0.0025062041510078114,0.27931518830087876,0.43159908676425185,0.5335797042546603,0.5963078231634038,0.6464454909081102,0.6851614177217488,0.716044984997878,0.7412300554805753,0.7621543724999084,0.7799132680167838,0.7976243809601434
358,1.9451830811733237,0.0016444432350776325,0.01940437499433756,6.959526928172401,3.0623130537276713e-06,1.2556258612272626,1.2444915710628657,1.2444024165136427,1.2555629140242888,1.2444455952691733,1.2445045411537445,1.2443942160771393,1.244608976188217,1.2551991823521573,1.2443446577022104,1.2444201780533937,1.2448098138348498,0.0025092762303985995,0.27931229363953775,0.43159617665432926,0.5335829187411113,0.5963048540169706,0.6464424976552483,0.685158397190271,0.7160420438700029,0.7412270817670564,0.76215126095511,0.7799101743049173,0.7976243809601434
359,1.9451992886903295,0.0016444683153055365,0.01916195801459253,6.9593444491271,3.035965494283524e-06,1.255632690117476,1.244485129371592,1.2443958733150506,1.2555697023178163,1.2444390120850777,1.2444980934081686,1.2443872353209329,1.244602837927493,1.2552046245414272,1.2443375814888162,1.244413129220474,1.2448044790499948,0.0025123209525592894,0.2793094991721967,0.43159337390948305,0.5335863234208573,0.5963019569122366,0.6464395369783424,0.6851553891047095,0.7160391446077083,0.741224178265637,0.7621481582468966,0.779907078190379,0.7976243809601434
360,1.945230023848077,0.0016444933466620792,0.019118124968372285,7.369986324439302,3.009738028404952e-06,1.2556394612418866,1.2444787126951509,1.2443893358873845,1.255576441755557,1.2444324596071967,1.2444916270759665,1.244380387725157,1.244596668691568,1.2552099594190074,1.2443304872097385,1.2444060378368804,1.2447989417858476,0.0025153387844167037,0.2793067090687809,0.4315905821631625,0.5335896909443871,0.5962990703608287,0.6464365988825754,0.6851524233241892,0.7160362704545589,0.7412212959644636,0.7621450329658753,0.7799040132667009,0.7976243809601434
361,1.9452802958511457,0.0016445182826902852,0.0191660420387052,6.951769841494877,2.98363193438164e-06,1.2556461655651918,1.244472312305127,1.244382710106589,1.2555830888420147,1.24442594151922,1.244485120202875,1.2443736638418055,1.2445905159178046,1.2552153438092335,1.2443234718069414,1.2443991035148256,1.2447933017142254,0.0025183237373858727,0.2793039142131023,0.4315877773523172,0.5335929245097252,0.5962961965791264,0.6464336787293858,0.6851494934693934,0.7160334202123403,0.7412184391383411,0.7621419449256991,0.7799009897466556,0.7976243809601434
362,1.945265015760512,0.0016445431063419093,0.018933417042717338,6.945664607231693,2.9576484845877794e-06,1.2556528035498566,1.2444659346618518,1.2443760221081963,1.2555896437063714,1.2444194601332463,1.2444785812103758,1.244367054721568,1.2445843820041858,1.2552207752910758,1.2443165334411928,1.2443923193920208,1.244787580049419,0.002521276060040458,0.2793011190634656,0.43158496564470794,0.5335960356327966,0.5962933373567498,0.6464307767080922,0.6851465979057693,0.7160305934926781,0.7412156078843731,0.7621388932037678,0.7798980071775384,0.7976243809601434
363,1.9452437052542075,0.0016445678072056374,0.019426583021413535,6.942631247632296,2.931788945420058e-06,1.2556593755606342,1.2444595837772505,1.2443692867242864,1.2555961094619168,1.2444130180501272,1.244472019360783,1.2443605528300647,1.2445782703763781,1.2552262444696698,1.2443096703677567,1.2443856759749121,1.244781792893241,0.0025241962668537074,0.2792983266020341,0.43158215081631346,0.5335990338134453,0.5962904940302418,0.6464278934320508,0.6851437354604526,0.7160277902452072,0.7412128017751439,0.7621358765844676,0.7798950640513739,0.7976243809601434
364,1.9452272775851147,0.0016445923733543356,0.01888016698649153,6.947059913907447,2.906054577235931e-06,1.2556658831098153,1.2444532613898007,1.2443625182163385,1.2556024939234935,1.2444066176777235,1.2444654439946663,1.2443541522491695,1.2445721846311262,1.2552317392046428,1.2443028806713485,1.2443791607552785,1.2447759508831415,0.0025270855630023566,0.27929553851153727,0.43157933554893596,0.5336019326987947,0.596287667782704,0.6464250298141812,0.6851409051748096,0.7160250105228683,0.7412100204164701,0.7621328938770461,0.7798921579723799,0.7976243809601434
365,1.9452139066467038,0.00164461679448314,0.018885541998315603,6.941966904235543,2.8804466342921984e-06,1.255672326402353,1.2444469722689062,1.2443557335572504,1.255608797441153,1.2444002601317792,1.2444588614035308,1.2443478466801876,1.2445661268359465,1.2552372555218994,1.2442961628430338,1.24437276904005,1.2447700693813553,0.002529944118202156,0.279292757991728,0.43157652401471974,0.5336047402968256,0.5962848594997464,0.6464221858791313,0.6851381058519661,0.7160222540741046,0.7412072635564907,0.7621299442406265,0.7798892885468769,0.7976243809601434
366,1.9452024334814964,0.0016446410924534415,0.01900512503925711,7.365456676266886,2.8549663646838717e-06,1.2556787180060145,1.2444407270198377,1.2443490263488943,1.2556150693135635,1.2443939453174593,1.2444523166410446,1.2443416338874391,1.2445600670811403,1.2552426300363573,1.24428943179866,1.2443663060691366,1.2447640876247266,0.002532780078741478,0.27928999606083493,0.4315737405408173,0.5336075595299422,0.5962820681699853,0.6464193679523628,0.6851353410950584,0.7160195224531299,0.741204526903571,0.7621269749646925,0.7798864419987422,0.7976243809601434
367,1.9451920773866958,0.0016446652576904207,0.01908083399757743,7.363172327240248,2.8296150102833444e-06,1.255685056763018,1.24443452762973,1.2443423930199895,1.2556213064788693,1.2443876744626594,1.2444458113504955,1.24433550817638,1.2445540107801876,1.2552478751789409,1.2442826966862763,1.2443597888579354,1.244758024726514,0.002535592887619803,0.27928725370595087,0.43157098477808115,0.5336103864642463,0.5962792945888061,0.6464165755806893,0.685132609387423,0.7160168152390397,0.7412018105040024,0.7621239916842134,0.7798836189761251,0.7976243809601434
368,1.9451824172219279,0.0016446892810366384,0.018774916999973357,7.359254720906248,2.8043938066798638e-06,1.2556913418573834,1.2444283755566024,1.2443358279927004,1.255627506203104,1.2443814488467577,1.244439347501636,1.244329465265526,1.2445479628911011,1.2552530031641462,1.244275965664316,1.2443532324162205,1.2447518976732677,0.002538382121412789,0.2792845316538529,0.4315682560419402,0.5336132172082498,0.5962765396049738,0.6464138085877642,0.6851299096431914,0.7160141321651033,0.7411991146268039,0.7621209994401426,0.7798808199868973,0.7976243809601434
369,1.9451734303496835,0.0016447127552605947,0.018997957988176495,6.95666928979362,2.7793039831193134e-06,1.2556975578754208,1.2444223873751876,1.2443295395010177,1.255633681632836,1.2443753468767127,1.2444330438454596,1.2443233269058505,1.2445421010039723,1.2552579965095936,1.244269246056863,1.2443466147067321,1.2447462452451907,0.002541148617164575,0.2792819101938363,0.43156563382164137,0.5336162339164757,0.5962738550259703,0.6464110753413259,0.6851272146111236,0.7160114870508759,0.7411964802986294,0.7621180326758247,0.779878016032813,0.7976243809601434
370,1.9451648974898879,0.0016447357227311608,0.01873258303385228,6.9557293842813745,2.754346762444296e-06,1.2557037062852336,1.2444165493639703,1.2443235025631845,1.2556398291804238,1.2443693602543757,1.2444268880076095,1.2443171110811129,1.2445364088379125,1.2552628652748976,1.2442625441707715,1.2443399504277783,1.2447410182968868,0.002543892082396579,0.27927937998689273,0.43156310828461414,0.5336194091366468,0.5962712352566149,0.6464083746371591,0.6851245265139961,0.7160088779945835,0.7411939025570778,0.7621150914976993,0.7798752106723296,0.7976243809601434
371,1.9451563327821884,0.0016447582200210188,0.018979749991558492,6.95867467087474,2.729523361034538e-06,1.25570978906654,1.2444108497704554,1.2443176963706424,1.255645947069541,1.2443634815544633,1.2444208700058248,1.2443108328527472,1.2445308730516367,1.255267615637915,1.2442558643971364,1.2443332513802636,1.2447361723319958,0.0025466125989639203,0.2792769329156917,0.43156067078514754,0.5336227207122172,0.5962686753836605,0.6464057055981395,0.6851218471802909,0.716006303420576,0.7411913769902976,0.7621121756775615,0.7798724066276376,0.7976243809601434
372,1.945147741497164,0.0016447802784283296,0.019238875014707446,6.96014352439313,2.7048349887476038e-06,1.2557158081742217,1.2444052778686134,1.2443121048747972,1.2556520333608752,1.2443577044658363,1.2444149800914135,1.2443045071167973,1.2445254820522194,1.255272254275918,1.2442492104412242,1.2443265277794857,1.2447316671568462,0.002549310322402247,0.27927456162264597,0.4315583138195264,0.5336261484147697,0.5962661711419166,0.6464030672923146,0.6851191784097327,0.7160037620381273,0.7411889000421837,0.7621092850794481,0.7798696062812858,0.7976243809601434
373,1.9451391576192243,0.0016448019315971204,0.01895537500968203,6.957673181588151,2.680282848859928e-06,1.255721763976605,1.2443998237773488,1.2443067021911827,1.2556580842924336,1.2443520228190046,1.2444092086177465,1.2442981457019526,1.244520222952966,1.2552767913821345,1.2442425876746463,1.2443197908035466,1.244727469063219,0.00255198469131921,0.2792722593846861,0.4315560296479802,0.5336296709133039,0.5962637184011678,0.6464004587504621,0.6851165217256814,0.7160012523230845,0.7411864681172413,0.7621064200010151,0.779866812449012,0.7976243809601434
374,1.9451306372264785,0.0016448232049298744,0.019153041997924447,6.957609298490003,2.6558681380081714e-06,1.2557276577952259,1.2443944790690242,1.2443014740080112,1.2556640979994798,1.2443464311143344,1.244403548089688,1.244291759731034,1.24451508602493,1.255281233830816,1.244235999873496,1.244313048619014,1.244723546198036,0.0025546357158180285,0.27927002039488213,0.43155381219741135,0.5336332719049651,0.5962613135620893,0.6463978792463784,0.685113878482662,0.7159987731384374,0.7411840783700323,0.7621035805499037,0.7798640271374585,0.7976243809601434
375,1.9451222387528029,0.0016448441239047611,0.018936792039312422,6.958629372117518,2.6315920461308963e-06,1.2557334909297948,1.2443892360016453,1.2442964030315051,1.2556700727057803,1.2443409246472674,1.2443979910258973,1.2442853590022176,1.2445100614642428,1.2552855870047002,1.2442294501091908,1.244306309420084,1.244719871136953,0.0025572634253153213,0.2792678393584152,0.43155165559476344,0.5336369366577265,0.5962589534733466,0.6463953279860091,0.6851112498509379,0.7159963232864177,0.7411817277336735,0.7621007665578388,0.7798612522309826,0.7976243809601434
376,1.9451140222789585,0.0016448647093033411,0.018861333024688065,6.961894430204413,2.607455756410573e-06,1.2557392651177635,1.2443840878887973,1.2442914768640287,1.2556760078441065,1.2443354988345439,1.2443925314914264,1.2442789519169075,1.244505142109527,1.2552898550487614,1.2442229400976779,1.24429957963821,1.2447164182413215,0.002559868131363055,0.2792657116559393,0.4315495548245599,0.5336406534178216,0.5962566351549811,0.6463928042977334,0.6851086367570153,0.7159939018911925,0.7411794138866519,0.7620979777473331,0.7798584891559924,0.7976243809601434
377,1.9451060404049625,0.001644884976782754,0.01897520897909999,6.9640370853469244,2.583460445215913e-06,1.2557449816347368,1.244379028158689,1.2442866902733771,1.255681903354136,1.2443301501460862,1.244387164919191,1.244272547163192,1.2445003216260035,1.255294040750018,1.2442164712960753,1.2442928641314308,1.244713163753791,0.0025624500575711774,0.2792636329010219,0.43154750584445395,0.5336444125404536,0.5962543562659264,0.6463903078515791,0.6851060402374678,0.7159915082458983,0.7411771349206306,0.7620952138702406,0.7798557389924101,0.7976243809601434
378,1.9450983350347402,0.0016449049494482316,0.018759333004709333,6.961188638371305,2.5596072820445255e-06,1.2557506408387458,1.2443740511419759,1.2442820215727626,1.2556877556100656,1.2443248743950608,1.244381884951469,1.2442661503486112,1.244495591573959,1.255298152122412,1.2442100481446183,1.2442861696302001,1.2447100898372672,0.0025650088411982405,0.27926159926822064,0.43154550371704825,0.5336482001165977,0.5962521140673132,0.6463878377882479,0.6851034609753583,0.715989141265761,0.7411748885449426,0.7620924754177716,0.7798530035662998,0.7976243809601434
379,1.945090942824238,0.0016449246380578408,0.040446833008900285,6.9642517995231685,2.535897429465939e-06,1.2557562442406163,1.244369151424639,1.244277469158727,1.2556935660000343,1.2443196688527902,1.2443766889379775,1.2442597684262708,1.2444909480512512,1.2553021884398141,1.2442036705745425,1.2442794997283932,1.2447071768905529,0.0025675449350135117,0.2792596071728219,0.43154354531043476,0.5336520107101486,0.5962499068143816,0.6463853940267107,0.6851008998052268,0.7159868005222361,0.7411726731355756,0.7620897617979959,0.779850283485042,0.7976243809601434
380,1.9450838775358668,0.0016449440581600696,0.02049654198344797,6.96501620472078,2.5123320430649127e-06,1.2557617925853506,1.244364325028416,1.2442730224517227,1.2556993331094655,1.2443145305798593,1.2443715719505017,1.2442534062331418,1.2444863852995083,1.255306154016164,1.244197340762449,1.2442728585593823,1.2447044093687363,0.0025700583361514236,0.2792576538240976,0.43154162732660556,0.5336558354447625,0.5962477325458075,0.6463829758931335,0.6850983571999526,0.7159844852297896,0.7411704870046744,0.7620870730633565,0.7798475797786592,0.7976243809601434
381,1.945077142358283,0.0016449632221294218,0.020643124997150153,6.965659667404725,2.4889122713851393e-06,1.2557672863691478,1.2443595682384772,1.244268675242284,1.2557050558766694,1.2443094569505075,1.2443665307432876,1.2442470685577212,1.2444818984278918,1.2553100518843197,1.2441910598686245,1.244266249839766,1.2447017729263932,0.002572549012118065,0.27925573663564063,0.4315397470830479,0.5336596671669976,0.5962455895218913,0.6463805830154657,0.6850958336974152,0.7159821947513435,0.7411683286529417,0.7620844090195777,0.7798448932446828,0.7976243809601434
382,1.9450707267127574,0.0016449821417620935,0.01874174998374656,6.965375874448775,2.4656392558732443e-06,1.2557727264158325,1.2443548776702815,1.2442644181310893,1.255710733488803,1.2443044455086627,1.2443615623450508,1.244240759288743,1.24447748311385,1.2553138851426386,1.2441848295702136,1.2442596767314116,1.2446992552484641,0.002575017074928474,0.279253853266578,0.43153790178182877,0.5336634993444556,0.5962434761544956,0.6463782150089433,0.6850933297348833,0.7159799285346362,0.7411661968019125,0.7620817696997533,0.7798422246611515,0.7976243809601434
383,1.9450646109329175,0.0016450008285791007,0.019880082982126623,6.96613921919394,2.4425141308231755e-06,1.2557781134709283,1.244350250100877,1.2442602418516586,1.2557163650469403,1.2442994936017329,1.2443566628246552,1.244234480786187,1.2444731350228837,1.255317658375985,1.244178651825248,1.2442531425508616,1.2446968456507939,0.0025774625908477275,0.279252001580002,0.43153608890174927,0.53366732641067,0.596241390880332,0.6463758712940713,0.6850908454536914,0.7159776859140041,0.7411640902424289,0.7620791552481276,0.7798395748869292,0.7976243809601434
384,1.9450587678977938,0.001645019294518492,0.020071916980668902,6.9636430530537785,2.4195380233209025e-06,1.2557834471884073,1.2443456826536392,1.2442561362052473,1.255721948653884,1.24429459898647,1.2443518294871836,1.2442282364811958,1.244468849196626,1.2553213761700228,1.2441725285482876,1.2442466507207897,1.2446945349499738,0.002579885187454462,0.2792501796305534,0.43153430598056325,0.5336711412177635,0.5962393321798071,0.6463735514567592,0.6850883812759777,0.7159754662315638,0.7411620076913954,0.7620765657177778,0.779836944727281,0.7976243809601434
385,1.945053169758716,0.001645037547250959,0.01988166698720306,6.964597912128232,2.396712053189486e-06,1.2557887285740739,1.2443411722899071,1.2442520972240163,1.2557274846704185,1.2442897600211733,1.244347060300578,1.2442220289081671,1.2444646229013347,1.2553250388474861,1.2441664606115874,1.244240202985139,1.2446923139087984,0.0025822851396091126,0.2792483855144071,0.4315325511558632,0.5336749406301715,0.5962372990424902,0.6463712552426635,0.6850859374069906,0.7159732690668623,0.7411599480608975,0.7620740009871054,0.7798343345672962,0.7976243809601434
386,1.9450477843027285,0.001645055590206728,0.0430503329844214,6.968851824630449,2.3740373329345136e-06,1.2557939593472838,1.2443367164199535,1.2442481288567635,1.2557329746601185,1.2442849758345376,1.244342354888929,1.244215861528815,1.2444604556538763,1.2553286437927833,1.244160446399161,1.2442337994564545,1.2446901726023416,0.0025846631364629205,0.27924661753605023,0.4315308233133822,0.533678723350743,0.5962352907501671,0.6463689826391716,0.6850835141333554,0.7159710943492197,0.7411579107849642,0.7620714604094854,0.7798317441934354,0.7976243809601434
387,1.9450425781784972,0.0016450734278135645,0.019052374991588295,6.973353043682978,2.351514967689855e-06,1.255799140785985,1.2443323123908683,1.2442442315391873,1.2557384198445423,1.2442802448572754,1.2443377123299242,1.2442097371737728,1.2444563460181932,1.2553321910878597,1.2441544852162245,1.244227440691126,1.2446881026105372,0.002587019661808113,0.27924487407235266,0.4315291211676429,0.5336824878446447,0.5962333063229828,0.6463667334347137,0.6850811116827384,0.715968941869448,0.7411558953451429,0.7620689436148048,0.7798291735806507,0.7976243809601434
388,1.9450375228888332,0.0016450910684205618,0.019047749985475093,6.9712727247329624,2.3291460551638252e-06,1.2558042729128507,1.2443279589132465,1.2442403971533798,1.2557438189094658,1.2442755654612903,1.2443331305315,1.2442036567035468,1.2444522905826036,1.2553356833889289,1.244148578873992,1.2442211290738607,1.2446860987668689,0.002589354557328102,0.27924315412771394,0.43152744315149505,0.5336862301917294,0.596231344820605,0.6463645073140449,0.6850787300987476,0.7159668110725211,0.7411539006527438,0.7620664507280195,0.7798266233777215,0.7976243809601434
389,1.9450325972842888,0.0016451085183213727,0.020227250002790242,6.972138577752199,2.3069316855856555e-06,1.255809356372709,1.2443236539504177,1.2442366212822242,1.2557491715536477,1.244270936530435,1.2443286080389553,1.2441976213890966,1.2444482873334024,1.2553391220335484,1.2441427277223691,1.2442148657307506,1.2446841553854187,0.0025916679856699478,0.2792414564590529,0.4315257879041389,0.533689947480093,0.5962294054940355,0.6463623040414123,0.6850763694500799,0.7159647016309681,0.7411519260637092,0.7620639816239413,0.7798240938126346,0.7976243809601434
390,1.9450277829452998,0.0016451257821229305,0.019680875004269183,6.971463441575046,2.2848729416523864e-06,1.2558143914981879,1.2443193962997985,1.2442329010318018,1.2557544774164897,1.2442663567167875,1.2443241435929413,1.2441916327637663,1.2444443341385891,1.255342509303541,1.2441369324474338,1.244208651670417,1.2446822675537808,0.002593959990404572,0.2792397801794105,0.43152415442458925,0.5336936374509639,0.5962274875588703,0.6463601233886256,0.6850740298693808,0.7159626132243716,0.7411499710493852,0.7620615362970008,0.7798215851267948,0.7976243809601434
391,1.945023063965837,0.001645142865907767,0.019950791960582137,6.971682196645718,2.2629708984760696e-06,1.2558193786581862,1.244315184650549,1.2442292311148504,1.255759736173632,1.2442618249078181,1.2443197358180818,1.2441856917475547,1.2444404289922049,1.2553458462353337,1.2441311932691048,1.244202488116043,1.2446804309997797,0.0025962306409391773,0.279238124452703,0.4315225415330451,0.5336972976951594,0.596225590294712,0.6463579650739096,0.685071711389454,0.7159605455185641,0.7411480349419326,0.7620591145807417,0.7798190975252295,0.7976243809601434
392,1.945018428265713,0.0016451597693560485,0.01972045801812783,6.977066761216849,2.241226623531397e-06,1.2558243192488812,1.2443110169352527,1.2442256185329106,1.2557649498712602,1.2442573406305961,1.2443153850544224,1.2441798004659181,1.2444365719186612,1.2553491310343619,1.244125508439479,1.2441963742881672,1.2446786398451193,0.0025984805470686263,0.2792364881083397,0.431520948952865,0.5337009294366832,0.5962237134015471,0.6463558291269377,0.6850694141097624,0.7159584984623455,0.7411461175261442,0.7620567158716471,0.7798166305722464,0.7976243809601434
393,1.9450142751469515,0.0016451764987138059,0.01990858296630904,6.974701343783013,2.2196411766036492e-06,1.255829212830855,1.244306892363722,1.2442220569627753,1.2557701172126665,1.2442529027234295,1.24431108925198,1.2441739589085117,1.2444327605608438,1.2553523668923343,1.244119879268659,1.244190311648115,1.2446768916250637,0.002600709429559499,0.2792348705647165,0.4315193756432761,0.5337045297342351,0.59622185619577,0.6463537151517249,0.6850671379389502,0.7159564716248155,0.7411442181819308,0.7620543403227393,0.7798141847160159,0.7976243809601434
394,1.945010441614671,0.0016451930579336428,0.01991479203570634,6.9755871965561225,2.198215609737056e-06,1.2558340603241163,1.2443028098131235,1.2442185426292034,1.2557752384643723,1.2442485103181502,1.2443068477144634,1.244168167230647,1.2444289939434015,1.2553555542166648,1.2441143059116366,1.2441843005224673,1.2446751830591851,0.002602917608834506,0.27923327114081004,0.4315178206897229,0.5337080975417663,0.5962200181719005,0.6463516229591932,0.68506488278843,0.7159544647918108,0.7411423365068894,0.7620519878436465,0.7798117600216815,0.7976243809601434
395,1.945006564606059,0.001645209449633903,0.019481415976770222,6.974944183854496,2.1769509671835234e-06,1.2558388621471956,1.2442987685060554,1.2442150739629412,1.2557803135882986,1.2442441624532843,1.2443026596282531,1.2441624259894541,1.2444252707527208,1.2553586949042728,1.2441087886933413,1.2441783413486907,1.244673511249543,0.0026051052046229504,0.2792316893170214,0.43151628353296934,0.5337116319138099,0.5962181988297993,0.6463495523755008,0.6850626486558286,0.7159524777190752,0.7411404722281951,0.7620496584229595,0.7798093566047152,0.7976243809601434
396,1.9450026450137048,0.0016452256786320828,0.018861459044273943,6.975707917898804,2.1558482853517252e-06,1.2558436183972619,1.244294767240529,1.2442116477137464,1.2557853423560474,1.2442398584648051,1.24429852369244,1.2441567351767693,1.2444215894324375,1.255361789939934,1.2441033277408442,1.2441724348139236,1.2446718740755598,0.0026072722101531534,0.2792301244085008,0.4315147633717863,0.5337151314493264,0.5962163977181343,0.6463475030630572,0.6850604353659115,0.7159505100536953,0.7411386247610373,0.7620473518734058,0.7798069745486498,0.7976243809601434
397,1.9449986849357084,0.0016452417474672487,0.01899029198102653,6.974381830416808,2.134908592756607e-06,1.255848329670069,1.244290805875005,1.2442082616010222,1.2557903245834416,1.2442355972983907,1.2442944391833068,1.2441510951653527,1.2444179488130593,1.2553648408340743,1.2440979233615006,1.2441665812797646,1.2446702694259963,0.002609418817390326,0.2792285762123292,0.4315132597709206,0.5337185952979067,0.5962146143085413,0.6463454748115505,0.6850582429304932,0.7159485616002932,0.741136793843138,0.7620450681867408,0.7798046139564823,0.7976243809601434
398,1.9449946856190332,0.0016452576606838132,0.018838207994122058,6.9726961864694825,2.11413290996924e-06,1.2558529958351479,1.2442868836569936,1.2442049109834519,1.2557952593147987,1.244231378033303,1.244290404384017,1.2441455059299003,1.244414346793702,1.255367851197274,1.2440925763096267,1.244160781609425,1.2446686960397653,0.0026115448989775373,0.2792270442922011,0.4315117720342423,0.5337220214629927,0.5962128480565411,0.6463434672167705,0.6850560712192484,0.715946631971733,0.7411349791507711,0.7620428074448256,0.7798022750564582,0.7976243809601434
399,1.9449906502079544,0.0016452734194578726,0.018737458041869104,6.975666789392099,2.0935222495670967e-06,1.2558576176900034,1.2442829998576654,1.2442015980035317,1.255800147834874,1.2442272004419752,1.2442864190852365,1.2441399676411984,1.2444107832323588,1.2553708186185955,1.2440872853798672,1.244155035197919,1.24466715144322,0.002613650819442565,0.27922552823561375,0.4315102999861373,0.5337254111158922,0.5962110988773076,0.6463414802270221,0.6850539201267684,0.7159447210437585,0.7411331802755037,0.7620405691843837,0.7797999575410387,0.7976243809601434
400,1.944986578314827,0.0016452890222495348,0.020350791979581118,6.9803470876442155,2.0730776160846853e-06,1.2558621966233003,1.2442791530759825,1.2441983284707474,1.255804992208178,1.2442230642823613,1.2442824841332163,1.2441344811415243,1.2444072592181412,1.2553737408700543,1.2440820484990316,1.2441493407338562,1.2446656322439218,0.002615737206151462,0.2792240273236305,0.4315088435651413,0.5337287662620307,0.5962093666849021,0.6463395139643202,0.6850517896586034,0.715942828912378,0.7411313973260477,0.7620383528552194,0.7797976609168472,0.7976243809601434
401,1.9449824686861086,0.0016453044740832785,0.01978729199618101,6.978080316359019,2.0528000059646e-06,1.2558667322006505,1.2442753434908336,1.244195096469698,1.2558097911654778,1.244218968961185,1.2442785977267066,1.2441290458177856,1.244403772857957,1.2553766208233492,1.2440768663043116,1.244143699132227,1.244664138034701,0.0026178038359995753,0.27922254155059567,0.43150740217537825,0.533732084771291,0.5962076510887285,0.6463375680118332,0.6850496796012537,0.7159409551872928,0.7411296298687521,0.7620361584704004,0.7797953854167847,0.7976243809601434
402,1.9449783252664357,0.0016453197752709257,0.018902750045526773,6.979537242008416,2.032690407508949e-06,1.2558712250480053,1.2442715700701892,1.244191903737457,1.2558145455302496,1.244214914054146,1.2442747596139394,1.2441236619922758,1.2444003239552899,1.255379459186497,1.244071738199842,1.2441381097010613,1.244662667082808,0.0026198509688723833,0.27922107036773425,0.43150597557221776,0.5337353672532297,0.5962059519062893,0.646335642254497,0.6850475898804061,0.71593909977021,0.7411278779225976,0.7620339858640848,0.7797931308335242,0.7976243809601434
403,1.944974149068476,0.0016453349283713288,0.01886708301026374,6.978231543861101,2.012749800831192e-06,1.2558756753277085,1.2442678320354403,1.2441887468496602,1.25581925535443,1.2442108989499898,1.2442709693507088,1.2441183300008434,1.2443969111989774,1.2553822573472573,1.2440666640790488,1.2441325729265402,1.24466121844293,0.002621878637310874,0.2792196133515489,0.43150456313993046,0.5337386131499423,0.5962042688414807,0.6463337365715148,0.6850455205273039,0.7159372624386621,0.7411261412259096,0.7620318348885384,0.7797908972355463,0.7976243809601434
404,1.9449699437610488,0.0016453499356016775,0.01945329102454707,6.979969665973405,1.992979157808367e-06,1.255880083623027,1.2442641293279781,1.2441856255210069,1.2558239210399622,1.2442069229568054,1.2442672254964915,1.244113049506759,1.2443935342517956,1.2553850147825558,1.2440616433785205,1.244127088605629,1.2446597910687631,0.002623887096644263,0.2792181704539683,0.4315031647634465,0.5337418230084308,0.5962026015995364,0.6463318505925518,0.6850434713216776,0.7159354430233484,0.7411244194766703,0.7620297052808104,0.7797886844728452,0.7976243809601434
405,1.9449657106052343,0.0016453647974200404,0.01902383303968236,6.983395594060739,1.9733794420337206e-06,1.2558844505298172,1.2442604611413357,1.2441825421338404,1.2558285436166108,1.244202985912579,1.2442635279764163,1.2441078205345895,1.24439019331012,1.255387731067397,1.2440566747972939,1.24412165580184,1.244658383065831,0.0026258766274245954,0.2792167412568316,0.4315017803270418,0.5337449976909167,0.5962009500834609,0.6463299842120519,0.6850414420966762,0.7159336414328087,0.7411227126677082,0.7620275966627582,0.7797864921950558,0.7976243809601434
406,1.9449614506151152,0.0016453795152994513,0.018944625044241548,6.984484729496004,1.9539516087697514e-06,1.255888776544641,1.2442568271840584,1.2441794964251094,1.255833123261983,1.2441990873760098,1.2442598762177635,1.2441026425688693,1.2443868876728803,1.255390407239132,1.2440517580087125,1.2441162742659502,1.2446569936134049,0.0026278474350329537,0.27921532561272117,0.4315004096907822,0.5337481373145018,0.5961993141091975,0.646328137263926,0.6850394326734205,0.7159318574565257,0.7411210206425756,0.7620255088952306,0.7797843203108319,0.7976243809601434
407,1.9449571656870184,0.0016453940911279458,0.019229917030315846,6.98532955215908,1.9346966049016423e-06,1.2558930619456037,1.2442532270223776,1.244176486926047,1.2558376604602373,1.2441952268623917,1.2442562695508799,1.2440975155681078,1.2443836167955367,1.2553930434245555,1.2440468923344181,1.244110943961546,1.2446556219844338,0.0026297996387696543,0.2792139232902441,0.43149905250297005,0.5337512421902032,0.5961976934664877,0.6463263095457987,0.6850374429637952,0.7159300909501857,0.7411193431920626,0.7620234417022405,0.7797821687136853,0.7976243809601434
408,1.944952858563252,0.0016454085284416998,0.018837542040273547,6.9827448568275,1.9156153688911174e-06,1.2558973065014571,1.2442496605343192,1.2441735086863128,1.2558421545303085,1.2441914036835324,1.2442527064612923,1.2440924387589376,1.2443803790763062,1.2553956423904564,1.2440420784711188,1.2441056655023335,1.244654268387445,0.0026317330918262443,0.2792125342203693,0.43149770828527934,0.5337543112332866,0.5961960878402398,0.6463245007321335,0.6850354727876782,0.7159283415898487,0.7411176800340412,0.762021395167291,0.7797800376025334,0.7976243809601434
409,1.944948533513012,0.001645422826012471,0.03284745797282085,6.98856730394517,1.8967088307307e-06,1.2559015116558383,1.244246127121283,1.2441705669685188,1.2558466070115346,1.2441876176111875,1.2442491872175867,1.2440874123211476,1.2443771754144612,1.2553982029488209,1.2440373145096495,1.2441004373739017,1.244652930815544,0.002633648453752606,0.2792111581052455,0.4314963772535332,0.533757346300425,0.5961944971510802,0.6463227107366601,0.6850335219750174,0.7159266093816016,0.7411160313439142,0.7620193688143757,0.7797779264446022,0.7976243809601434
410,1.944944190015018,0.00164543698839847,0.021524582989513874,6.982963850204741,1.8779779118983872e-06,1.2559056768174843,1.2442426269109068,1.2441676549508967,1.255851016117401,1.2441838679907575,1.244245709869116,1.2440824353352173,1.2443740034911799,1.2554007291548024,1.2440326019020123,1.2440952605723201,1.2446516103275906,0.0026355453923656994,0.27920979498426524,0.43149505889679035,0.5337603451800508,0.5961929210881401,0.6463209391745294,0.6850315903573753,0.7159248939217098,0.741114396784739,0.7620173629290025,0.779775835609158,0.7976243809601434
411,1.9449398335078334,0.0016454510166944484,0.020262375008314848,6.985591154657481,1.859423525312737e-06,1.2559098023164095,1.2442391593455797,1.24416477399455,1.2558553827238061,1.2441801545866311,1.2442422744863566,1.2440775075177015,1.2443708634305461,1.2554032197698861,1.2440279392220792,1.2440901344724329,1.2446503058431033,0.0026374240907671544,0.27920844461046157,0.4314937531182841,0.5337633086929252,0.5961913595375362,0.6463191859595712,0.6850296777798378,0.7159231951201757,0.7411127761757869,0.7620153770380722,0.7797737647675526,0.7976243809601434
412,1.9449354657360365,0.0016454649120849995,0.019055250042583793,6.986178493210535,1.8410465752883771e-06,1.255913888731635,1.2442357241446498,1.244161923007475,1.2558597074417648,1.2441764769280945,1.244238879600031,1.2440726284906183,1.244367755021341,1.2554056756375598,1.2440233261649745,1.2440850585718852,1.244649016877154,0.0026392847889716137,0.27920710685324623,0.43149245969829053,0.5337662375810676,0.5961898123689952,0.6463174507508216,0.6850277840526139,0.71592151285846,0.7411111695201692,0.7620134110527006,0.7797717137910448,0.7976243809601434
413,1.9449310887978937,0.0016454786741798065,0.01951916702091694,6.990347421963152,1.822847957491922e-06,1.2559179366855926,1.2442323206320227,1.2441591057919748,1.2558639916167562,1.244172834934128,1.2442355256620812,1.2440677984756427,1.2443646785136218,1.2554080954939228,1.2440187609476132,1.2440800319287597,1.2446477420574855,0.0026411278101146967,0.2792057813808968,0.431491178694089,0.5337691333212206,0.596188279563748,0.64631573355592,0.6850259090610402,0.7159198470514845,0.7411095767497438,0.762011464437741,0.7797696822665856,0.7976243809601434
414,1.9449267033794109,0.0016454923032976415,0.020019959018100053,6.992974392920687,1.804828558898332e-06,1.2559219467508276,1.2442289482361042,1.2441563236570694,1.2558682362679732,1.244169228214903,1.24423221223523,1.2440630172319853,1.2443616337840282,1.2554104792616263,1.2440142427811383,1.244075053874426,1.2446464805389097,0.0026429534263204533,0.2792044679374913,0.4314899100283532,0.5337719972201911,0.5961867610316002,0.6463140342150877,0.6850240526582814,0.7159181975725113,0.7411079977792173,0.7620095369293152,0.7797676699367783,0.7976243809601434
415,1.9449223108225133,0.0016455058022622822,0.019757665984798223,6.989868427379438,1.7869892577476718e-06,1.2559259189369258,1.2442256071209297,1.2441535724523707,1.2558724405500192,1.2441656563045242,1.244228938377927,1.2440582841831598,1.244358619899558,1.255412829219244,1.244009771930958,1.2440701245744572,1.2446452326451303,0.002644761603985438,0.279203166576494,0.4314886533513782,0.5337748280244179,0.5961852565296443,0.6463123524866702,0.6850222147052887,0.7159165642118959,0.74110643250522,0.7620076285580216,0.7797656768736709,0.7976243809601434
416,1.944917915247668,0.0016455191738453587,0.018859790987335145,6.99049992028352,1.7693309235023125e-06,1.2559298533597274,1.2442222968789096,1.2441508502691425,1.255876604248647,1.2441621187676524,1.2442257029010635,1.2440535987488042,1.2443556358400236,1.2554151467083203,1.2440053480743278,1.2440652439747484,1.2446439983632764,0.0026465523901217157,0.2792018771427341,0.43148740843024197,0.5337776253134728,0.5961837658396065,0.6463106880378786,0.6850203949676766,0.7159149467055949,0.7411048807320112,0.7620057391609601,0.779763703019646,0.7976243809601434
417,1.9449135196551515,0.0016455324177416576,0.019760166003834456,6.993465261724156,1.7518544168045527e-06,1.2559337508479935,1.244219017210145,1.2441481594941823,1.2558807286000948,1.2441586154009576,1.2442225056244964,1.2440489607180394,1.2443526817418573,1.2554174310090451,1.244000970008447,1.24406041127456,1.244642776854465,0.0026483261640855324,0.2792005994958107,0.4314861753316402,0.5337803907145333,0.5961822889575269,0.6463090407806988,0.6850185932995914,0.7159133449650629,0.7411033423807446,0.7620038683630657,0.7797617480447969,0.7976243809601434
418,1.9449091245855543,0.0016455455377164425,0.019002582994289696,6.989197320332269,1.734560589434673e-06,1.255937611107149,1.2442157682562858,1.2441454944974952,1.2558848123697088,1.2441551453858566,1.2442193452540729,1.2440443691630239,1.2443497558715024,1.2554196855660598,1.2439966386810106,1.244055627032627,1.2446415689649244,0.002650082748394716,0.2791993336988245,0.43148495362897904,0.5337831226714291,0.5961808254838681,0.6463074103628944,0.6850168094962223,0.7159117586531439,0.7411018172390079,0.7620020163555602,0.7797598121673455,0.7976243809601434
419,1.9449047346204094,0.001645558533407186,0.021531042002607137,6.992271359914365,1.717450284269421e-06,1.2559414349039804,1.2442125494868597,1.2441428575593227,1.255888857150077,1.2441517086974165,1.244216221742479,1.244039824082678,1.2443468589314288,1.25542190857985,1.2439923525112866,1.2440508901427387,1.2446403735951963,0.002651822529374299,0.2791980795070972,0.4314837432646961,0.5337858229978163,0.5961793754907102,0.6463057967176785,0.6850150434436956,0.7159101877753953,0.7411003052820639,0.7620001826693175,0.7797578949538471,0.7976243809601434
420,1.9449003505608953,0.001645571405119591,0.018896042020060122,6.995318822901305,1.7005243352409323e-06,1.2559452227713959,1.2442093602649116,1.244140250713236,1.2558928637798277,1.244148305086622,1.244213134733599,1.2440353252109462,1.2443439909681824,1.255424100476437,1.2439881104316062,1.2440461997252772,1.244639190010796,0.002653545768069647,0.27919683665532563,0.4314825442528795,0.5337884925873728,0.5961779388906181,0.6463041996672277,0.6850132949299715,0.7159086322028283,0.74109880654585,0.7619983670097372,0.7797559960962415,0.7976243809601434
421,1.944895973513372,0.0016455841561470118,0.019032207957934588,6.991933889534464,1.6837835672960843e-06,1.2559489744411374,1.2442062006865051,1.2441376693909214,1.2558968315480545,1.2441449339399007,1.2442100827414777,1.244030871730328,1.2443411506970037,1.2554262636603448,1.2439839128752062,1.244041556218679,1.2446380188535968,0.002655252326011571,0.2791956051940733,0.4314813562243323,0.5337911305128988,0.5961765154051165,0.6463026188498585,0.6850115637459594,0.7159070916578215,0.7410973208158679,0.7619965694111497,0.779754115720957,0.7976243809601434
422,1.9448916073404692,0.0016455967862442967,0.09555862500565127,6.995415714697601,1.6672287963562855e-06,1.2559526907253624,1.2442030698070696,1.2441351172938684,1.2559007615198736,1.2441415952310386,1.2442070663188844,1.2440264636249498,1.2443383383624338,1.2554283967750581,1.2439797584538692,1.2440369584246844,1.2446368590845598,0.0026569425874517095,0.27919438473305824,0.43148017927257626,0.5337937379295867,0.5961751050479783,0.6463010542902513,0.6850098497882517,0.7159055660639904,0.7410958480275547,0.7619947894558929,0.7797522533905472,0.7976243809601434
423,1.9448872527756396,0.0016456092949196394,0.03871595801319927,7.001363498341048,1.6508608292777214e-06,1.255956372926808,1.244199967158619,1.2441325974587985,1.255904655282936,1.2441382885226355,1.2442040848497167,1.244022100516119,1.244335554729997,1.255430499146912,1.2439756457435094,1.2440324051410159,1.2446357094662244,0.00265861712793445,0.27919317506497543,0.4314790134812754,0.5337963169304589,0.5961737077296366,0.6462995057505726,0.6850081527983091,0.7159040553861602,0.7410943882693997,0.7619930267526757,0.7797504086538308,0.7976243809601434
424,1.944882909488545,0.0016456216864955135,0.020823833998292685,6.996285772496627,1.63468046381201e-06,1.2559600203749286,1.2441968932444283,1.2441301028665586,1.2559085115963469,1.244135013321264,1.244201136978548,1.2440177815465905,1.2443327979119796,1.2554325735863179,1.2439715754717784,1.2440278970487437,1.24463457127332,0.0026602756500612255,0.27919197642015553,0.4314778583566158,0.5337988658265522,0.5961723231849927,0.6462979728985327,0.6850064726038939,0.7159025592644636,0.7410929411791418,0.7619912813790477,0.7797485817278428,0.7976243809601434
425,1.944878582356899,0.0016456339608572049,0.019039583043195307,6.99994725644034,1.6186884885673414e-06,1.2559636338759275,1.2441938469439144,1.2441276362897726,1.2559123318162564,1.244131769375413,1.2441982227109585,1.2440135062845674,1.2443300682112224,1.25543461943857,1.243967546716071,1.2440234330959057,1.2446334435794884,0.0026619185305986623,0.2791907883352669,0.43147671385811,0.5338013861144436,0.5961709513790062,0.6462964556455608,0.6850048089932255,0.715901077594006,0.7410915067098017,0.7619895530450042,0.7797467722603998,0.7976243809601434
426,1.9448742719786187,0.00164564612150841,0.020155917038209736,6.997234799725267,1.602885682970026e-06,1.2559672133810516,1.2441908285577283,1.2441251925949226,1.2559161153443656,1.2441285560302917,1.24419534066248,1.2440092739044517,1.2443273642637471,1.2554366389060165,1.2439635597662022,1.2440190137000684,1.244632327226828,0.0026635457153507077,0.2791896109279814,0.4314755795610237,0.5338038769291114,0.596169592005103,0.6462949536151597,0.6850031617480427,0.7158996100794602,0.7410900846011532,0.7619878417476698,0.7797449803676796,0.7976243809601434
427,1.9448699819609219,0.0016456581684617625,0.019840291992295533,7.000716188510559,1.5872728172265144e-06,1.2559707595113836,1.2441878377415125,1.244122774271189,1.255919863275005,1.244125372999822,1.244192490729254,1.2440050842451733,1.2443246864838307,1.2554386312027177,1.2439596132013966,1.2440146378859591,1.244631221437718,0.0026651575256114645,0.27918844406778937,0.43147445556468667,0.5338063396535603,0.5961682449728325,0.6462934666699581,0.6850015307005495,0.7158981566555701,0.7410886748195683,0.7619861470523489,0.7797432056388414,0.7976243809601434
428,1.9448657126941447,0.0016456701030098425,0.018803083978127688,6.999958115061165,1.5718506522858574e-06,1.2559742723814105,1.2441848741024641,1.2441203806031507,1.2559235757485168,1.2441222200052118,1.2441896724861978,1.2440009366965152,1.2443220341410697,1.2554405974996161,1.2439557067970297,1.2440103052815243,1.2446301260874622,0.0026667540216713343,0.2791872876006352,0.4314733417332738,0.5338087744305667,0.5961669102181831,0.6462919946933035,0.684999915679873,0.7158967171088282,0.741087277250808,0.7619844688527276,0.779741447961364,0.7976243809601434
429,1.9448614662502732,0.0016456819261184683,0.019933875009883195,7.001723879534479,1.5566199398026138e-06,1.2559777526031355,1.2441819372095162,1.2441180125943623,1.255927253370456,1.244119096757712,1.2441868853470577,1.2439968309458613,1.2443194071674426,1.2554425379455165,1.2439518397896685,1.2440060151843864,1.2446290407459761,0.002668335479568849,0.27918614134680264,0.431472238026488,0.533811181812653,0.5961655876070193,0.6462905374480079,0.6849983164805751,0.7158952912997291,0.7410858918210199,0.7619828068923568,0.7797397070760194,0.7976243809601434
430,1.9448572436663913,0.0016456936392647491,0.019631333998404443,7.00212040816451,1.5415814221002266e-06,1.25598120047505,1.244179026770613,1.244115669978214,1.2559308964396894,1.2441160028645226,1.244184128602909,1.2439927663830501,1.2443168050467315,1.2554444531696887,1.2439480118587922,1.2440017671601638,1.2446279653407812,0.002669902036590797,0.27918500519782957,0.4314711443526876,0.5338135621799259,0.5961642770043293,0.6462890947064224,0.6849967328825848,0.7158938790177554,0.7410845183518031,0.7619811610092501,0.7797379828175423,0.7976243809601434
431,1.9448530463769023,0.001645705244575856,0.019484791962895542,7.000751228002467,1.5267358321348285e-06,1.2559846160751975,1.2441761421544542,1.244113350657177,1.25593450487569,1.244112937923761,1.244181401790438,1.2439887424083813,1.244314227180635,1.2554463445062098,1.2439442228068407,1.2439975609397345,1.244626899915976,0.002671453725825021,0.2791838789078029,0.4314700603989855,0.5338159151423713,0.5961629782168327,0.6462876662869373,0.6849951647133716,0.7158924800765203,0.7410831567502485,0.7619795311037909,0.7797362750894639,0.7976243809601434
432,1.9448488771901937,0.0016457167445734628,0.018977667030412704,6.999038773254906,1.5120838934595347e-06,1.2559879997578085,1.2441732838593766,1.244111052237719,1.2559380784067122,1.2441099013920978,1.2441787036636107,1.2439847583068375,1.24431167266549,1.2554482131419187,1.2439404726430143,1.2439933965045196,1.2446258449282774,0.002672990691383894,0.27918276269765874,0.4314689860484965,0.533818240463203,0.5961616909965343,0.6462862518169683,0.6849936117329071,0.7158910942125395,0.7410818067393569,0.7619779170725166,0.7797345838346922,0.7976243809601434
433,1.9448447377615947,0.0016457281397592013,0.018826874962542206,7.002026356016775,1.4976263201891611e-06,1.2559913519624502,1.2441704511953264,1.2441087753387339,1.2559416182416612,1.2441068929508112,1.2441760341621695,1.2439808137258312,1.2443091416534187,1.255450059175844,1.2439367601502591,1.243989273031083,1.2446247997209667,0.002674513169711357,0.2791816562846072,0.4314679211185368,0.5338205392956495,0.5961604152427714,0.6462848511745102,0.6849920737396434,0.7158897213154124,0.7410804683296639,0.7619763185585131,0.7797329087305026,0.7976243809601434
434,1.9448406290756037,0.0016457394304739516,0.019468250044155866,7.005353801999672,1.4833638169654358e-06,1.2559946735574852,1.244167643715791,1.2441065222539338,1.2559451253579057,1.2441039124264912,1.2441733931033296,1.2439769083182513,1.2443066342998845,1.2554518816394322,1.2439330841510827,1.243985189596131,1.2446237636945934,0.0026760215570019504,0.27918055948390025,0.4314668656792695,0.5338228128255709,0.5961591509242137,0.6462834642314622,0.6849905505435214,0.7158883612784024,0.7410791413947247,0.7619747351810048,0.7797312494115507,0.7976243809601434
435,1.944836551074851,0.001645750618092172,0.019291084026917815,7.005465374391528,1.469297078922643e-06,1.255997964902952,1.2441648612432106,1.2441042923218104,1.255948600207438,1.2441009594299655,1.2441707801485222,1.2439730416468606,1.2443041502340804,1.2554536805302592,1.2439294441596556,1.2439811456786536,1.244622736754506,0.0026775160245611023,0.27917947222765427,0.4314658195945035,0.5338250615021812,0.5961578979000521,0.6462820908180231,0.6849890419891314,0.7158870139449136,0.741077825759581,0.7619731667317308,0.7797296056719027,0.7976243809601434
436,1.9448325050495763,0.0016457617036512132,0.019158792041707784,7.007857302339513,1.4554267916537485e-06,1.2560012265891043,1.2441621033028738,1.244102085763789,1.2559520433094744,1.2440980335601493,1.2441681948178733,1.243969213126016,1.2443016892327685,1.255455456971762,1.2439258394878696,1.2439771405390534,1.244621718470975,0.002678996836832319,0.279178394338586,0.4314647827669693,0.533827285785291,0.5961566560128531,0.6462807307260056,0.684987547828205,0.7158856791395857,0.7410765214394122,0.7619716130088817,0.7797279772604566,0.7976243809601434
437,1.944828491781058,0.0016457726883933876,0.01892437500646338,7.008309550310914,1.4417536311769883e-06,1.2560044587473724,1.2441593696792013,1.244099902961196,1.2559554551774792,1.2440951344511366,1.2441656365109335,1.2439654223652763,1.2442992508654602,1.2554572112305886,1.243922269541114,1.243973173854486,1.244620708753864,0.002680464085554818,0.2791773257240718,0.4314637551435839,0.5338294863033004,0.5961554251258444,0.6462793837270974,0.6849860678741676,0.7158843566637416,0.741075228198305,0.7619700737423647,0.7797263639808122,0.7976243809601434
438,1.9448245119346093,0.0016457835759380503,0.01863266696454957,7.00352937872961,1.428278263902912e-06,1.256007661363819,1.2441566601175988,1.244097738574626,1.2559588350851807,1.2440922615919339,1.2441631041842518,1.2439616683656796,1.244296833905897,1.2554589452110039,1.2439187349880676,1.2439692458184404,1.2446197084288473,0.002681917731147507,0.2791762663069031,0.4314627362457931,0.5338316618884232,0.5961542049911951,0.6462780495452393,0.6849846019093442,0.7158830462369077,0.7410739457678165,0.7619685490290133,0.7797247659350628,0.7976243809601434
439,1.9448205687991829,0.0016457943683827203,0.018767625035252422,7.001669860056609,1.4150013466019114e-06,1.256010834701954,1.2441539745841128,1.2440955905354576,1.2559621829903371,1.2440894143902144,1.2441605969557303,1.243957950403417,1.244294437389479,1.255460660614519,1.243915235847554,1.2439653563324335,1.2446187177980443,0.002683357873637743,0.2791752160802423,0.43146172587115933,0.5338338124682888,0.5961529953668799,0.6462767279040453,0.6849831497096913,0.7158817475982554,0.7410726739625951,0.7619670387939281,0.7797231830610241,0.7976243809601434
440,1.9448166637160198,0.0016458050653182883,0.018617791996803135,7.007215202371409,1.401923526372203e-06,1.2560139796990695,1.2441513121785204,1.2440934631338287,1.2559655003983605,1.2440865929503697,1.2441581152103751,1.2439542683667772,1.2442920622395006,1.2554623552743591,1.243911770221247,1.2439615038560585,1.2446177357031523,0.002684784973984577,0.2791741746714446,0.4314607241372482,0.5338359396345379,0.5961517963293944,0.6462754187654571,0.6849817110948162,0.7158804607355348,0.7410714127608747,0.7619655424866737,0.7797216147803993,0.7976243809601434
441,1.944812795688442,0.0016458156679067585,0.0186437499942258,7.00846406934935,1.3890454406082965e-06,1.256017096783534,1.244148672820112,1.2440913560486846,1.2559687878949464,1.2440837966799099,1.2441556585784832,1.243950621559563,1.2442897082543882,1.2554640299892128,1.2439083375233944,1.2439576878337524,1.2446167618724415,0.0026861992383887794,0.2791731420635823,0.4314597309561225,0.533838044021784,0.5961506076432365,0.6462741218984808,0.6849802858169028,0.7158791854749922,0.7410701620799547,0.7619640599004619,0.7797200608794195,0.7976243809601434
442,1.9448089649935718,0.0016458261776858443,0.018830916029401124,7.007335881857812,1.3763677169699216e-06,1.256020186216332,1.2441460559273834,1.2440892687374965,1.2559720457628876,1.2440810253025991,1.2441532265713946,1.2439470095221703,1.2442873748707792,1.2554656850848604,1.2439049374512996,1.2439539077968464,1.2446157963169424,0.0026876007841036315,0.27917211802347347,0.43145874615005714,0.533840125761333,0.5961494292174856,0.6462728371710585,0.6849788737311056,0.7158779216337551,0.7410689217409682,0.7619625908876392,0.779718521202715,0.7976243809601434
443,1.9448051726765738,0.001645836595118192,0.01840166701003909,7.010976164667744,1.3638909733514451e-06,1.2560232486000626,1.2441434610834798,1.2440872031966326,1.2559752751318174,1.2440782784588722,1.2441508190644437,1.2439434320474139,1.2442850622161168,1.2554673199694533,1.2439015688868291,1.2439501628323277,1.2446148383490339,0.0026889899199245846,0.27917110238933124,0.43145776974199196,0.5338421860844379,0.5961482609212446,0.6462715644005735,0.6849774746374718,0.7158766690745384,0.7410676916095623,0.7619611350533874,0.7797169953558613,0.7976243809601434
444,1.9448014180564117,0.0016458469230979762,0.01840208302019164,7.007916373406871,1.3516158178517484e-06,1.2560262842272067,1.2441408882703657,1.2440851552908716,1.255978475593087,1.2440755554475285,1.244148435021316,1.2439398882958588,1.244282769176995,1.2554689367301282,1.24389823223395,1.2439464529134139,1.2446138885392912,0.0026903667453008796,0.27917009517421204,0.43145680138055337,0.5338442243599061,0.5961471024377117,0.6462703032607328,0.6849760883034198,0.7158754275326908,0.7410664715222843,0.7619596924625465,0.7797154833667802,0.7976243809601434
445,1.9447977029613557,0.0016458571625671279,0.018304791010450572,7.007870464059244,1.3395428487445914e-06,1.25602929356984,1.2441383372647128,1.244083125579556,1.2559816475650942,1.2440728558723138,1.24414607403492,1.2439363776242476,1.2442804956670421,1.2554705359010956,1.2438949269553015,1.24394277734227,1.2446129466445046,0.0026917314689549354,0.27916909629104125,0.4314558410435525,0.5338462410329277,0.5961459536188962,0.6462690535670468,0.6849747145138283,0.7158741968649222,0.7410652614156001,0.761958262932364,0.77971398500766,0.7976243809601434
446,1.9447940272460085,0.0016458673146165028,0.0183887499733828,7.01088398810885,1.3276726544494572e-06,1.25603227710015,1.2441358073307531,1.2440811152527724,1.2559847920485994,1.244070179709677,1.2441437357712013,1.2439328997255348,1.2442782417351244,1.2554721165515985,1.2438916518809178,1.2439391353124951,1.2446120121838509,0.0026930843404683064,0.27916810543364906,0.43145488860976816,0.5338482370395047,0.5961448144715625,0.6462678151607364,0.6849733530608227,0.7158729769216853,0.7410640610754887,0.7619568460287515,0.7797124998957428,0.7976243809601434
447,1.9447903906160793,0.0016458773795666847,0.018786708009429276,7.0136893444646775,1.3160058135028686e-06,1.2560352353684683,1.2441332980145607,1.2440791258679618,1.255987909954684,1.244067526509068,1.2441414202907124,1.2439294542687718,1.2442760072148522,1.255473679297173,1.243888406034855,1.2439355260758393,1.2446110846022649,0.002694425632298343,0.27916712242556685,0.43145394408416926,0.5338502132909242,0.5961436848198753,0.646266587923415,0.6849720037557481,0.7158717675398625,0.7410628704748095,0.7619554414492298,0.7797110277316294,0.7976243809601434
448,1.9447867923967461,0.0016458873596413256,0.018189458991400898,7.010403410198344,1.3045428945301953e-06,1.2560381685339224,1.2441308093291403,1.2440771553173484,1.2559910009153639,1.2440648957567009,1.2441391267882562,1.2439260403083359,1.2442737915398951,1.2554752255795691,1.2438851896118397,1.2439319493016197,1.2446101641819742,0.0026957554005005834,0.27916614729360695,0.431453007301314,0.5338521693180853,0.5961425644542087,0.6462653715930275,0.6849706663506342,0.7158705685103083,0.7410616894724364,0.7619540492059295,0.7797095684540155,0.7976243809601434
449,1.9447832333857502,0.001645897256821499,0.01871387497521937,7.011796016756347,1.2932844562179345e-06,1.25604107718192,1.2441283407374513,1.2440752025805628,1.2559940656980468,1.2440622870834799,1.244136854817542,1.2439226573372237,1.2442715941152294,1.2554767547944259,1.2438820020495915,1.2439284046013195,1.24460925091814,0.0026970739086301355,0.2791651798179025,0.4314520780010757,0.533854105758237,0.5961414532303756,0.6462641659747989,0.6849693406509499,0.7158693796103568,0.7410605177152766,0.7619526690038277,0.7797081218492737,0.7976243809601434
450,1.9447797137069598,0.0016459070731015427,0.018588499980978668,7.0098919792133705,1.2822310472864884e-06,1.2560439614749956,1.2441258923287162,1.2440732658322657,1.2559971041334677,1.2440596998647908,1.2441346033405278,1.2439193045512862,1.2442694143479136,1.2554782693680961,1.2438788432068337,1.2439248917741323,1.2446083450539684,0.0026983812323682927,0.27916422003795427,0.43145115601551665,0.5338560223681426,0.5961403508507115,0.6462629707059322,0.684968026367791,0.7158682006081292,0.7410593551755998,0.7619513007769169,0.7797066878335441,0.7976243809601434
451,1.9447762336737446,0.0016459168099325523,0.01852608402259648,7.011198587632402,1.2713832064634127e-06,1.2560468220348988,1.2441234635135219,1.2440713452664502,1.2560001169684447,1.2440571338849784,1.2441323723615196,1.2439159817230383,1.2442672519016782,1.255479768026528,1.2438757122458395,1.2439214100604687,1.2446074462609935,0.0026996776514128912,0.2791632677367171,0.43145024121729897,0.5338579197170539,0.596139257241574,0.6462617857150924,0.6849667233927071,0.715867031348769,0.7410582015527734,0.7619499441810788,0.7797052660872241,0.7976243809601434
452,1.9447727931555998,0.0016459264703862818,0.018543791957199574,7.006051538769224,1.2607414624571648e-06,1.2560496588506576,1.244121054049636,1.2440694367576022,1.2560031036914665,1.244054588361666,1.2441301607447488,1.2439126877166835,1.2442651055516682,1.2554812534839062,1.243872609971206,1.2439179595839274,1.2446065552366163,0.0027009631357692303,0.27916232283693704,0.43144933323491536,0.5338597970990054,0.5961381720604948,0.6462606106441708,0.6849654314370843,0.7158658715167872,0.7410570566292949,0.7619485993557755,0.7797038566848821,0.7976243809601434
453,1.944769393491792,0.0016459360538589039,0.018603125005029142,7.012240633809646,1.2503063339313353e-06,1.2560524729525684,1.2441186632787549,1.2440675443884317,1.2560060660771502,1.244052063351644,1.2441279689086127,1.2439094226434428,1.244262976091014,1.2554827234851473,1.24386953433976,1.2439145388863955,1.2446056708028364,0.002702238192054268,0.279161385048083,0.4314484321641379,0.5338616563772904,0.5961370953795015,0.6462594454782125,0.6849641503597085,0.7158647210889628,0.7410559203476723,0.7619472656885558,0.7797024590414549,0.7976243809601434
454,1.9447660677787366,0.0016459455626549114,0.019111666944809258,7.00963738478222,1.240078329479367e-06,1.2560552645302518,1.2441162909563717,1.244065666123809,1.256009004008216,1.2440495582824687,1.2441257962067827,1.243906185645211,1.2442608627983716,1.2554841797460463,1.2438664853366699,1.2439111478065217,1.2446047931557973,0.002703502897861001,0.2791604542798943,0.43144753774644473,0.533863497126289,0.5961360269209272,0.6462582899658886,0.68496287991757,0.7158635798239676,0.7410547925567601,0.761945943111327,0.779701073090717,0.7976243809601434
455,1.9447637179222315,0.0016459549970910348,0.018255708971992135,7.014250765441119,1.2300579475997657e-06,1.2560580342041632,1.2441139363541613,1.2440638051917738,1.2560119186095604,1.2440470729721684,1.2441236425199051,1.2439029762661136,1.2442587658959685,1.255485621446975,1.2438634617613293,1.2439077851849352,1.244603921557949,0.002704757563148788,0.27915953026005275,0.43144665011550304,0.5338653206020755,0.5961349666490924,0.646257143955228,0.6849616198520561,0.7158624475735363,0.7410536731284209,0.7619446312312806,0.7796996983966008,0.7976243809601434
456,1.944761388354917,0.001645964359652714,0.018769708985928446,7.011888193402525,1.2202456766718096e-06,1.2560607823439414,1.24411159951584,1.2440619590310111,1.2560148099992896,1.2440446067984863,1.2441215071583276,1.2438997939332606,1.2442566845044256,1.2554870490378713,1.2438604636600883,1.2439044508668755,1.2446030564379151,0.0027060023414895835,0.27915861302945494,0.4314457690331641,0.5338671267762152,0.5961339142867492,0.6462560071623621,0.6849603699611563,0.715861324088112,0.741052561733001,0.7619433299403339,0.7796983348733622,0.7976243809601434
457,1.9447590788730458,0.0016459736521801636,0.018681124958675355,7.010187295502528,1.2106419949317388e-06,1.2560635092399537,1.2441092800193758,1.2440601257833077,1.2560176784173642,1.2440421592244386,1.2441193898844083,1.2438966377579963,1.244254618224562,1.2554884639554738,1.2438574908042705,1.2439011444939445,1.2446021977729353,0.0027072373675360623,0.2791577024145869,0.431444894204397,0.5338689156109585,0.5961328695826666,0.6462548793991384,0.684959130002306,0.7158602091745284,0.7410514582853254,0.7619420391182347,0.7796969823797956,0.7976243809601434
458,1.9447567893748545,0.0016459828759103172,0.018653209030162543,7.010376012641643,1.2012473704494538e-06,1.2560662154287348,1.244106977440379,1.2440583060929198,1.256020524464834,1.2440397300622916,1.2441172902242663,1.243893507327633,1.244252566823442,1.255489865976286,1.2438545425122907,1.2438978654111095,1.244601345345905,0.002708462889688822,0.27915679824535045,0.4314440255586297,0.5338706876397061,0.5961318324740251,0.6462537604743687,0.6849578997717425,0.7158591026541811,0.7410503625638493,0.7619407584959362,0.7796956406465012,0.7976243809601434
459,1.9447545185869939,0.0016459920314197821,0.01820616703480482,7.012812529506592,1.1920622611056974e-06,1.2560689016023312,1.2441046916746785,1.2440565020417567,1.2560233488875203,1.2440373188127005,1.2441152081477014,1.2438904022485857,1.2442505302198146,1.2554912547254231,1.2438516178703722,1.2438946126705883,1.2446004986376527,0.002709679230695098,0.2791559004980492,0.4314431632299004,0.5338724437474237,0.5961308027700314,0.6462526502453945,0.6849566790752389,0.7158580043753084,0.7410492744355986,0.7619394877533175,0.7796943093157119,0.7976243809601434
460,1.9447522644343969,0.001646001119731874,0.018332458043005317,7.015629447158751,1.1830871145697413e-06,1.2560715683820078,1.24410242209156,1.2440547141783638,1.25602615250608,1.2440349251794491,1.24411314326152,1.2438873219280266,1.2442485083487487,1.2554926307898695,1.243848716022136,1.2438913854672369,1.2445996571898794,0.0027108866812194997,0.2791550089178998,0.4314423070866701,0.5338741846315889,0.5961297803566742,0.646251548511499,0.6849554676473587,0.7158569141598792,0.7410481938457003,0.7619382266117544,0.779692988077286,0.7976243809601434
461,1.9447500256649373,0.001646010142698416,0.018462041043676436,7.015608501051035,1.174322368277565e-06,1.2560742162432599,1.2441001680070263,1.2440529415661425,1.256028935820238,1.244032548804922,1.2441110952244676,1.243884265802352,1.2442465009347146,1.2554939942812091,1.243845836505058,1.243888183259349,1.2445988208914438,0.002712085455740985,0.27915412323208777,0.4314414568641034,0.5338759104779657,0.5961287650675758,0.6462504550731593,0.6849542652741628,0.7158558318326649,0.7410471206098715,0.7619369748642543,0.7796916767182344,0.7976243809601434
462,1.944747801994342,0.0016460191015247774,0.0184307909803465,7.01685720711759,1.1657684494105386e-06,1.2560768456280815,1.2440979291880052,1.2440511845250732,1.2560316994868346,1.2440301891773082,1.2441090637155037,1.2438812332218183,1.2442445076557258,1.2554953454104978,1.243842978738885,1.2438850054049986,1.244597989495209,0.002713275767269048,0.27915324337121783,0.43144061251282756,0.5338776219775588,0.5961277567094734,0.646249369743565,0.6849530717293255,0.7158547571984408,0.7410460545503317,0.7619357322738813,0.7796903749828277,0.7976243809601434
463,1.9447455921994163,0.001646027998848919,0.018364041985478252,7.0125887098716655,1.1574257748745992e-06,1.2560794564939728,1.2440957053145294,1.244049440836638,1.2560344430217836,1.2440278458841743,1.244107047932673,1.2438782235540125,1.244242527630174,1.255496685969018,1.2438401427770145,1.243881851736568,1.244597163427545,0.002714457591319588,0.2791523692101682,0.4314397737910605,0.5338793183309178,0.5961267550598531,0.6462482922462417,0.6849518867981453,0.7158536900039538,0.7410449954724663,0.7619344987798612,0.7796890828038509,0.7976243809601434
464,1.944743396855965,0.0016460368357736348,0.018331707979086787,7.014086249441335,1.1492947512799328e-06,1.2560820495782206,1.2440934959744168,1.2440477107103638,1.2560371673256234,1.2440255185715434,1.2441050475473945,1.243875236166788,1.244240560703017,1.25549801584712,1.2438373279698625,1.243878721558961,1.244596342373094,0.0027156312597336318,0.2791515005758811,0.43143894056805693,0.5338810003938712,0.5961257600060071,0.6462472224043385,0.6849507102366693,0.7158526300674806,0.7410439431957058,0.7619332741181751,0.7796877999028894,0.7976243809601434
465,1.9447412147204006,0.001646045613623733,0.01878995803417638,7.017051100252277,1.1413757749211606e-06,1.25608462548939,1.2440913008195578,1.2440459947300793,1.2560398733067741,1.2440232067886883,1.2441030623438125,1.2438722706480152,1.2442386066782387,1.2554993343565586,1.2438345333808554,1.2438756140906146,1.24459552593683,0.002716797060593136,0.27915063733258255,0.43143811275155813,0.5338826690025719,0.5961247713648038,0.6462461600375076,0.6849495418392592,0.7158515772217885,0.7410428975035571,0.7619320579361054,0.7796865259463606,0.7976243809601434
466,1.9447390445736745,0.0016460543340541104,0.01857733295764774,7.013912479901553,1.1336692317580158e-06,1.2560871845146742,1.2440891196796455,1.244044291676064,1.2560425610413495,1.2440209100271575,1.2441010918000606,1.2438693263651195,1.24423666495271,1.2555006426040145,1.2438317588759982,1.243872529041217,1.2445947142932163,0.002717955118999807,0.27914977942583913,0.4314372902017987,0.5338843241905487,0.5961237889454096,0.6462451049458858,0.6849483814109024,0.7158505312589539,0.7410418582290761,0.7619308501282643,0.7796852608157351,0.7976243809601434
467,1.9447368861611865,0.0016460629999559013,0.018650167039595544,7.011917686549093,1.1261754973965417e-06,1.2560897269571776,1.2440869521938902,1.2440425988943977,1.2560452306226577,1.244018627775068,1.2440991350872017,1.2438664025233632,1.2442347346310723,1.255501941259551,1.2438290044218718,1.2438694662133507,1.2445939078033423,0.002719105560006163,0.27914892672332603,0.4314364725942193,0.5338859657640784,0.5961228125043125,0.6462440568399378,0.6849472287081452,0.7158494919054201,0.7410408250346207,0.7619296505628147,0.7796840044077642,0.7976243809601434
468,1.9447347398443557,0.0016460716113033509,0.018363499955739826,7.016941378513493,1.1188949370707787e-06,1.2560922536593806,1.244084797792079,1.2440409198093125,1.2560478833642774,1.2440163597775042,1.2440971924108128,1.2438634989851842,1.2442328162100245,1.2555032291518249,1.2438262685749124,1.2438664242773565,1.2445931054739252,0.002720248791773743,0.27914807899298344,0.431435660028333,0.5338875950180748,0.5961218419457975,0.6462430156072673,0.68494608354899,0.7158484590835297,0.7410397978736876,0.7619284587946735,0.7796827562182629,0.7976243809601434
469,1.9447326033803172,0.001646080169856727,0.018765584041830152,7.017463776683941,1.1118279056249653e-06,1.2560947650182523,1.2440826559870286,1.2440392539509215,1.2560505197657712,1.2440141056196488,1.2440952632234095,1.24386061504958,1.2442309093001906,1.255504506826176,1.2438235508152542,1.2438634027390572,1.2445923071934826,0.002721384997288854,0.27914723604154107,0.4314348523219996,0.5338892122552256,0.5961208770978315,0.646241981023194,0.6849449456775214,0.7158474325812032,0.7410387765601758,0.7619272745987613,0.7796815160344173,0.7976243809601434
470,1.944730476245526,0.0016460886775722093,0.01860670803580433,7.013575728862472,1.1049747474962444e-06,1.2560972613829555,1.244080526284065,1.2440375981157474,1.2560531400487702,1.244011864804665,1.2440933471132691,1.24385775024497,1.244229013421128,1.255505775736261,1.2438208511014688,1.2438604012126857,1.2445915131097192,0.0027225143248844545,0.27914639764640925,0.4314340490069474,0.5338908173227456,0.5961199177415984,0.646240952898475,0.6849438149356637,0.7158464122254526,0.7410377610358019,0.7619260979325474,0.7796802837494728,0.7976243809601434
471,1.9447283593179565,0.0016460971363021896,0.018391249992419034,7.014309984232217,1.0983357966978744e-06,1.2560997430786704,1.2440784084672776,1.2440359529397782,1.2560557444312952,1.2440096368472577,1.2440914434598354,1.2438549037112487,1.2442271279208543,1.2555070363296097,1.2438181689900625,1.2438574191430825,1.2445907231070685,0.0027236369268143767,0.27914556376687083,0.43143325014952644,0.5338924104576406,0.5961189636787828,0.6462399309861638,0.6849426910346489,0.7158453977492167,0.7410367510233632,0.761924928570335,0.7796790591392309,0.7976243809601434
472,1.944726251503607,0.0016461055475186395,0.018658083048649132,7.01633953940149,1.0919113768029524e-06,1.2561022106965307,1.2440763021074297,1.244034318924183,1.2560583337105926,1.2440074213360959,1.244089551989268,1.2438520750096471,1.2442252526696844,1.2555082879495707,1.243815503599703,1.2438544558157643,1.2445899368453655,0.0027247530783606434,0.2791447342334682,0.4314324556410402,0.5338939923314081,0.5961180147331328,0.646238915088703,0.6849415737640152,0.7158443889881989,0.7410357462955739,0.7619237661672484,0.7796778418806434,0.7976243809601434
473,1.9447241518416085,0.0016461139142568836,0.018143042048905045,7.010255153530271,1.085701800928638e-06,1.2561046644739333,1.2440742072577822,1.2440326916138627,1.2560609073218632,1.2440052176663998,1.2440876715596179,1.2438492631636253,1.2442233862643024,1.2555095331739337,1.2438128554943695,1.2438515113104003,1.244589155105157,0.0027258628523644875,0.2791439090912373,0.4314316651416183,0.5338955622061274,0.5961170706377826,0.6462379048961312,0.6849404628795979,0.715843385620461,0.7410347466206179,0.7619226108035294,0.7796766320161042,0.7976243809601434
474,1.944722061349509,0.00164612223601635,0.018596042005810887,7.0168722062646465,1.0797073717209012e-06,1.2561071051329837,1.2440721228976408,1.2440310757538025,1.2560634669939463,1.2440030256758507,1.244085802554392,1.2438464680587564,1.2442215296205315,1.2555107704424913,1.2438102228437893,1.243848584201221,1.2445883766036399,0.002726966627261251,0.27914308790699044,0.43143087874507446,0.5338971217532367,0.5961161313617709,0.6462369003388765,0.6849393581794045,0.7158423876043581,0.7410337519854407,0.7619214619283639,0.7796754289834934,0.7976243809601434
475,1.9447199775688613,0.0016461305156454348,0.01874695799779147,7.014569965588763,1.0739283813397635e-06,1.2561095330617262,1.2440700489590097,1.2440294686088667,1.256066012708503,1.2440008448967104,1.2440839444411889,1.2438436890692488,1.2442196818768323,1.2555120001507165,1.2438076054346667,1.243845674235293,1.2445876017084345,0.002728064564482343,0.27914227066665726,0.4314300961554458,0.5338986706039014,0.5961151966573842,0.6462359011763675,0.6849382594614886,0.7158413946927994,0.7410327620645627,0.7619203193622303,0.7796742326416234,0.7976243809601434
476,1.9447179009931541,0.001646138755186872,0.018714291974902153,7.0134191808654744,1.068365111445064e-06,1.2561119486370045,1.2440679851374197,1.2440278689484305,1.2560685448189906,1.2439986748076053,1.2440820965448134,1.2438409253432694,1.2442178425492014,1.255513222865188,1.2438050030402563,1.2438427809643895,1.2445868304393342,0.002729156827573362,0.2791414572674072,0.4314293171893814,0.5339002090048146,0.5961142663174672,0.6462349071552069,0.6849371664556366,0.7158404066566787,0.7410317766261507,0.7619191829518058,0.7796730428177785,0.7976243809601434
477,1.944715831339096,0.0016461469555103037,0.018681042012758553,7.013857989420144,1.0630178331827277e-06,1.2561143522926899,1.2440659307307753,1.2440262775125621,1.2560710640017947,1.2439965150170302,1.2440802586275108,1.2438381764559516,1.2442160114513618,1.2555144394754711,1.243802414984042,1.2438399035951393,1.2445860623506175,0.0027302436260079515,0.27914064741374817,0.4314285417150199,0.5339017374439922,0.5961133401932522,0.6462339181171598,0.6849360789606321,0.7158394233300712,0.7410307956458775,0.7619180524845106,0.7796718592367158,0.7976243809601434
478,1.944713767895638,0.0016461551186648547,0.018629124970175326,7.013750347199024,1.0578868071715544e-06,1.256116744615647,1.2440638853371118,1.2440246928676404,1.2560735706536528,1.2439943650563987,1.244078429815,1.2438354417483564,1.244214188024775,1.2555156510008991,1.2437998408639117,1.2438370417585078,1.244585297608052,0.0027313252071019603,0.27913984094056926,0.4314277694930583,0.5339032561992183,0.5961124180822431,0.6462329337495509,0.6849349967069182,0.7158384444738481,0.7410298189196428,0.7619169277607359,0.7796706817212726,0.7976243809601434
479,1.9447117103887763,0.001646163246178913,0.01850095798727125,7.015245473164933,1.0529722834905124e-06,1.2561191261711893,1.2440618484584434,1.2440231158250448,1.2560760654926637,1.243992224505833,1.2440766101957537,1.2438327208427427,1.244212372109026,1.2555168562203785,1.2437972797830656,1.2438341946775393,1.2445845357123022,0.002732401837631446,0.2791390376600922,0.43142700043678217,0.533904765762211,0.5961114997982427,0.6462319539450677,0.6849339195347817,0.7158374699348181,0.7410288461847153,0.7619158084272898,0.7796695099400027,0.7976243809601434
480,1.944709658072484,0.0016461713397972796,0.018521292018704116,7.014607303559418,1.0482745016665526e-06,1.256121497452758,1.244059819936941,1.2440215456496881,1.256078548907469,1.2439900929451932,1.2440747992221255,1.243830013073074,1.2442105632384912,1.2555180554514578,1.2437947313228,1.2438313617721708,1.2445837766767402,0.002733473740474571,0.27913823751435374,0.43142623441433325,0.5339062664325922,0.5961105851766849,0.6462309784872012,0.6849328472146298,0.7158364995049917,0.7410278772309751,0.7619146942878662,0.7796683436691665,0.7976243809601434
481,1.9447076104463228,0.0016461793996148048,0.0183673330466263,7.018858019242405,1.0437936906629338e-06,1.2561238592259283,1.2440577992622148,1.2440199852472353,1.2560810220610592,1.243987970114142,1.244072996914851,1.2438273181262955,1.2442087616079271,1.2555192481938033,1.2437921942577979,1.2438285419312936,1.2445830197275707,0.0027345412763785004,0.27913744030606663,0.43142547152392957,0.5339077593949282,0.5961096741459281,0.6462300072627587,0.6849317795428022,0.7158355330596792,0.7410269119893085,0.7619135849491111,0.7796671824733565,0.7976243809601434
482,1.9447055655350127,0.0016461874284072915,0.01843624998582527,7.015486110227186,1.039530068868062e-06,1.2561262115012823,1.2440557863015527,1.2440184324225454,1.2560834849185547,1.2439858555417644,1.2440712027482597,1.243824635382409,1.2442069664459958,1.2555204346899786,1.2437896684203267,1.243825734862044,1.2445822651128062,0.0027356044625421985,0.27913664599488064,0.43142471150989375,0.5339092442748072,0.5961087664608251,0.6462290400404753,0.684930716320205,0.7158345703629666,0.7410259501377009,0.7619124802452498,0.7796660262147931,0.7976243809601434
483,1.944703523918167,0.0016461954270196627,0.01842325000325218,7.018561509952314,1.0354838440848502e-06,1.256128555020497,1.2440537802455414,1.2440168875679114,1.2560859385878997,1.2439837488277907,1.2440694165617807,1.2438219643886594,1.2442051778055403,1.2555216152469137,1.2437871528972655,1.243822939710362,1.2445815123435626,0.002736663643665607,0.27913585423332715,0.4314239541433088,0.5339107219897342,0.5961078619826854,0.6462280766675602,0.6849296573287709,0.7158336112686982,0.7410249916141185,0.7619113798773199,0.7796648745618264,0.7976243809601434
484,1.9447014847936641,0.0016462033964681267,0.018360291956923902,7.020209874505201,1.0316552135205838e-06,1.256130890575745,1.244051780768701,1.2440153516470718,1.256088383614357,1.2439816495204368,1.2440676379069435,1.243819304526726,1.2442033955571516,1.2555227903485513,1.2437846470551917,1.2438201556868522,1.244580760973837,0.0027377191638057463,0.2791350649003098,0.4314231994253624,0.5339121930802477,0.5961069605380477,0.6462271169242826,0.6849286023181308,0.7158326556014535,0.7410240363407928,0.7619102836260758,0.7796637272239569,0.7976243809601434
485,1.9446994469274463,0.001646211339805312,0.01839774998370558,7.017555988336453,1.0280443637773162e-06,1.256133218367098,1.2440497873495175,1.2440138215727414,1.2560908201530068,1.2439795571087036,1.2440658660962411,1.2438166550323138,1.2442016186876552,1.2555239604424164,1.2437821508547926,1.243817382737529,1.2445800115247965,0.0027387711012796,0.27913427779341804,0.43142244695840387,0.5339136573587993,0.596106061904477,0.6462261605675529,0.6849275510696812,0.7158317030808296,0.7410230839106855,0.7619091913385236,0.7796625841309582,0.7976243809601434
486,1.9446974111866526,0.0016462192587183835,0.01828241697512567,7.0163898475649065,1.02465147084277e-06,1.2561355387358075,1.2440477998115826,1.2440122965079086,1.2560932484714686,1.2439774711172324,1.244064100713763,1.2438140152937889,1.2441998467589694,1.2555251264984875,1.2437796638436225,1.243814620326627,1.2445792638931004,0.0027398196171484444,0.2791334928510774,0.4314216965991943,0.5339151149447267,0.5961051658650423,0.6462252073704985,0.6849265033509783,0.7158307534976682,0.7410221341943329,0.7619081028314703,0.7796614450792037,0.7976243809601434
487,1.9446953772945608,0.0016462271561820915,0.018720292020589113,7.011835755044188,1.0214767000817597e-06,1.2561378518596038,1.2440458179347076,1.2440107738340387,1.2560956683942084,1.2439753909220865,1.244062340703057,1.243811384476566,1.2441980787243712,1.2555262896926094,1.243777186337742,1.2438118683678008,1.2445785185709692,0.002740864778211994,0.27913270999860107,0.43142094807491127,0.5339165654568662,0.5961042721379542,0.6462242570047324,0.6849254589055497,0.7158298065494133,0.7410211868349067,0.7619070180578189,0.7796603100094173,0.7976243809601434
488,1.9446933457652857,0.0016462350328280628,0.02060433296719566,7.015253297234377,1.0185202062281336e-06,1.2561401585839236,1.244043841165113,1.2440092546969999,1.256098080958783,1.2439733161718343,1.2440605861537617,1.2438087622713496,1.2441963148358715,1.2555274498317013,1.2437747170221016,1.2438091258425261,1.2445777748756832,0.0027419069691272916,0.2791319290100797,0.43142020129093284,0.5339180097028916,0.5961033805719467,0.6462233093486371,0.6849244175394791,0.7158288621423272,0.7410202418499012,0.7619059366413813,0.7796591785373925,0.7976243809601434
489,1.9446913155112668,0.0016462428902787943,0.01852679200237617,7.0153401050860085,1.0157821333772303e-06,1.2561424592500103,1.2440418689489787,1.2440077391766033,1.2561004868662085,1.2439712465356545,1.2440588365150234,1.24380614813996,1.244194554668113,1.2555286068250162,1.2437722554035286,1.2438063921298856,1.2445770326284953,0.002742946357891572,0.2791311496589516,0.431419456089205,0.5339194482411868,0.5961024910540293,0.6462223641944165,0.6849233790301733,0.7158279200550762,0.7410192989602541,0.7619048583368679,0.7796580504052456,0.7976243809601434
490,1.944689285946618,0.001646250729667897,0.018291832995601,7.017696989789102,1.013262614978859e-06,1.2561447544930342,1.2440399008411662,1.2440062282436113,1.256102886932153,1.2439691816264513,1.24405709193017,1.2438035416063367,1.2441927982021068,1.2555297600850153,1.2437698004731281,1.2438036664101018,1.2445762913380893,0.0027439832421132424,0.2791303717612933,0.43141871238844515,0.5339208817331238,0.5961016034159259,0.6462214214295064,0.6849223431735678,0.7158269801398796,0.7410183579948694,0.7619037827785957,0.7796569252611115,0.7976243809601434
491,1.944687256114316,0.0016462585528319602,0.018622291972860694,7.0191054308193195,1.0109617738307905e-06,1.256147044906132,1.244037936224126,1.2440047215662418,1.2561052817490896,1.2439671209711898,1.2440553517274513,1.2438009420303155,1.244191045184792,1.2555309099528356,1.2437673517008674,1.243800948041712,1.2445755507957228,0.002745017884573386,0.2791295950758825,0.4314179699983884,0.5339223105491119,0.5961007174607041,0.6462204807810402,0.6849213097030227,0.7158260421937589,0.741017418774048,0.7619027097365935,0.7796558028508426,0.7976243809601434
492,1.9446852255307079,0.0016462663619901182,0.01831145799951628,7.017342234664061,1.0088797220727778e-06,1.2561493307276312,1.2440359749031522,1.2440032183022136,1.2561076712737782,1.243965064052993,1.2440536152189887,1.2437983487133986,1.2441892948707323,1.2555320574173372,1.2437649088292195,1.2437982366389622,1.244574811083243,0.0027460503915322366,0.2791288195522115,0.4314172288282559,0.5339237345074899,0.596099832945563,0.646219541987737,0.6849202783763321,0.7158251059621734,0.7410164810657865,0.7619016390524208,0.7796546830078385,0.7976243809601434
493,1.9446831940383333,0.0016462741586222185,0.018585125042591244,7.016746234240047,1.0070165611810854e-06,1.256151612537207,1.2440340167021424,1.2440017176260814,1.2561100562324077,1.243963010478414,1.2440518819375745,1.2437957612433654,1.2441875469178323,1.2555332023835704,1.2437624712996966,1.2437955316223752,1.2445740721725624,0.0027470810268767315,0.27912804511260375,0.4314164886774266,0.5339251541906693,0.5960989497274587,0.6462186048486005,0.6849192490090096,0.7158241712688665,0.7410155446573528,0.7619005704827814,0.7796535654881599,0.7976243809601434
494,1.944681161140449,0.0016462819444834408,0.01842870796099305,7.016386366751117,1.005372381963547e-06,1.2561538907523402,1.2440320608403412,1.244000219108666,1.2561124371002264,1.2439609597517212,1.244050151750642,1.2437931789553611,1.2441858009317102,1.2555343452892807,1.243760038729916,1.243792832363314,1.2445733337874525,0.0027481099771878895,0.2791272714395429,0.43141574931187376,0.5339265697608795,0.5960980675926815,0.6462176692195876,0.6849182213818867,0.7158232379066779,0.7410146093697816,0.7618995038507613,0.7796524500717212,0.7976243809601434
495,1.9446791267814167,0.00164628972085986,0.018440832966007292,7.018609258298683,1.0039472645551373e-06,1.2561561660726244,1.2440301070773185,1.2439987229190916,1.256114814711717,1.2439589115171792,1.2440484244155112,1.2437906014661686,1.2441840567851372,1.2555354858347367,1.2437576101542724,1.2437901380942369,1.2445725956025457,0.002749137563112851,0.2791264984357885,0.43141501061493087,0.5339279819009046,0.5960971863881915,0.6462167349060113,0.6849171952844216,0.7158223057156133,0.7410136750370777,0.7618984388073209,0.7796513364226657,0.7976243809601434
496,1.9446770900578805,0.00164629749018691,0.01848674996290356,7.014655411540759,1.002741278414069e-06,1.2561584386455413,1.2440281550142662,1.2439972273064852,1.2561171890612348,1.243956865209605,1.244046699345754,1.243788027925567,1.2441823135899446,1.2555366251294517,1.2437551856593918,1.2437874486493685,1.2445718579473926,0.0027501638463893648,0.2791257259468621,0.4314142723463535,0.5339293903701836,0.596096305855465,0.6462158016706236,0.684916170474982,0.715821374421913,0.7410127413721163,0.7618973752744084,0.779650224468438,0.7976243809601434
497,1.9446750513046964,0.0016463052533174669,0.018524957995396107,7.016590210222088,1.0017544823184053e-06,1.2561607091126217,1.2440262041880241,1.2439957337478906,1.2561195608564013,1.2439548205022914,1.2440449761013612,1.2437854578540277,1.2441805713858798,1.2555377633788667,1.2437527644382151,1.2437847630083105,1.2445711202124163,0.002751189125086248,0.2791249537951309,0.43141353450791914,0.5339307957795107,0.5960954258869503,0.6462148693248692,0.6849151467156026,0.7158204438713708,0.7410118083194247,0.7618963129880839,0.7796491138510024,0.7976243809601434
498,1.9446730092717284,0.0016463130130432045,0.018564083031378686,7.013549987771343,1.0009869243631953e-06,1.2561629778578984,1.2440242541614397,1.2439942390259988,1.2561219303302333,1.243952776823541,1.2440432540298185,1.2437828905354202,1.2441788292804483,1.2555389013095135,1.2437503464290087,1.2437820810676476,1.2445703828234793,0.002752213555585492,0.27912418180404547,0.4314127966807613,0.5339321980592366,0.5960945462313688,0.6462139376134967,0.684914123792571,0.7158195138073713,0.7410108755482908,0.7618952518109463,0.7796480044757996,0.7976243809601434
499,1.9446709647163045,0.00164632077111742,0.01846170797944069,7.013390924329048,1.000438641958131e-06,1.2561652453846264,1.2440223047806713,1.243992742812605,1.2561242977418943,1.2439507336332714,1.244041532756168,1.2437803254158002,1.2441770867375024,1.2555400397638155,1.243747931080035,1.2437794022677964,1.2445696457013984,0.0027532373636951738,0.2791234099239376,0.4314120587801101,0.5339335973179166,0.5960936666263404,0.6462130063008888,0.6849131014715342,0.7158185840019219,0.7410099428928403,0.7618941915136985,0.7796468961079339,0.7976243809601434
500,1.9446689170899447,0.0016463285277884387,0.018589042010717094,7.018379165780735,1.0001096618257237e-06,1.2561675124789442,1.2440203552897018,1.243991248088984,1.2561266645410436,1.2439486906954618,1.2440398122100862,1.243777762064576,1.2441753442027463,1.2555411774058394,1.2437455171344416,1.2437767254104273,1.2445689078648987,0.002754260923281507,0.2791226378413175,0.4314113208238639,0.5339349949509743,0.5960927870390015,0.6462120752805032,0.6849120795234046,0.7158176543500512,0.7410090102412893,0.7618931316883512,0.7796457882959683,0.7976243809601434
