iteration,training_loss,validation_loss,iter_time,raw_grad_norm,lr,t0,t1,t2,t3,t4,t5,t6,t7,t8,t9,t10,t11,t12,t13,t14,beta0,beta1,beta2,beta3,beta4,beta5,beta6,beta7,beta8,beta9,beta10,beta11,beta12,beta13,beta14
0,0.8052834165685577,0.0007747838573971273,0.9634164269082248,,,1.2426494076450263,1.2426494076450263,1.2426494076450263,1.2426494076450263,1.2426494076450263,1.2426494076450263,1.2426494076450263,1.2426494076450263,1.2426494076450263,1.2426494076450263,1.2426494076450263,1.2426494076450263,1.2426494076450263,1.2426494076450263,1.2426494076450263,0.0,0.2817535251253208,0.43404278278030195,0.5310638054044796,0.5987785940560387,0.6489233261224009,0.6876458540105603,0.7184998534591345,0.7436910466053832,0.7646647176173081,0.7824092432280134,0.7976243809601434,0.8108199838000862,0.8223766390185734,0.8325843815233089
1,0.8052834165685577,0.0007747850147904285,1.412540097720921,7.492001197534718,9.999999999999159e-07,1.242647178145407,1.2426471781453752,1.242647178145357,1.2426516371466885,1.2426471781456336,1.242647178145347,1.2426471781455386,1.2426516371466756,1.2426471781453405,1.242651637146701,1.2426516371466856,1.2426471781453525,1.242651637146684,1.242651637146688,1.242651637146701,-1.0000075627413142e-06,0.28175252511774884,0.4340417827727248,0.531064805412079,0.5987795940635362,0.6489223261147941,0.6876448540029554,0.7184988534515392,0.7436900465977719,0.7646637176097008,0.7824082432204083,0.7976233809525389,0.8108209838076099,0.8223776390261577,0.8325843815233089
2,0.8052832023824343,0.0007748092602911217,1.0449796761386096,7.491017550058323,2.097999999999987e-05,1.2426004047152417,1.2426004044013486,1.2426004036768978,1.242698412025385,1.2426004099196484,1.2426004041940393,1.2426004024505746,1.2426984137049621,1.242600403915279,1.2426984123025513,1.242698412226859,1.2426004040743337,1.242698412349482,1.2426984123185316,1.2426984122070677,-2.156140570743675e-05,0.28173154535972933,0.4340208024334151,0.5310857853156298,0.5988005746617348,0.6489013461533997,0.6876238739684144,0.7184778736653787,0.7436690665590011,0.764642737612087,0.7823872633006758,0.79760240103906,0.8108419642642942,0.8223986192401448,0.8325843815233089
3,0.8052786485584932,0.0007748566391404861,0.06602718913927674,7.487459869042084,4.095999999999993e-05,1.2425090393929878,1.2425090856219796,1.2425090911652792,1.2427897300265378,1.242509035183196,1.242509087333861,1.2425091174917244,1.2427897140779351,1.2425090901133469,1.2427897372170953,1.2427897350139154,1.2425090873696822,1.2427897361966789,1.2427897334094153,1.2427897327558564,-6.163994235611186e-05,0.28169058431947375,0.43397984518867616,0.5311267435899293,0.5988415145202626,0.6488603852332734,0.6875829142182563,0.7184369100248396,0.7436281072285224,0.7646017786266579,0.7823463031878439,0.797561440413118,0.8108829236906047,0.8224395768081392,0.8325843815233089
4,0.8052698368686927,0.0007749271986869472,0.06443878309801221,7.486220390149069,6.0939999999999996e-05,1.2423731898556518,1.2423732351125698,1.2423732376971806,1.2429256087293532,1.2423731465927723,1.2423732384987898,1.2423732732610373,1.2429255851756174,1.2423732418926499,1.2429256027073172,1.2429256051485054,1.2423732253347233,1.2429256125808141,1.242925595654556,1.2429256039115073,-0.00012118725852595695,0.28162964501420473,0.4339189055936694,0.5311876839000594,0.5989024418044357,0.6487994469635587,0.6875219767830597,0.7183759717611475,0.7435671693681929,0.7645408393965933,0.7822853643721905,0.7975004984513164,0.8109438522494159,0.8225005124063379,0.8325843815233089
5,0.8052568950113659,0.0007750210126465708,0.06707713380455971,7.484853011233676,8.091999999999984e-05,1.2421930195377064,1.2421928865059786,1.2421928352647802,1.2431060717934783,1.242192846518516,1.242192871573757,1.242192837617813,1.2431061064514446,1.2421928671146734,1.2431059899277765,1.2431060125894886,1.2421928005413758,1.2431060679811698,1.2431059850584754,1.2431060308631954,-0.00020014339862137707,0.2815487413156947,0.43383797556496445,0.5312686113598268,0.5989833857414621,0.6487185357245722,0.6874410653075503,0.7182950745121363,0.7434862542422089,0.7644599173404376,0.7822044487692157,0.797419570896898,0.8110247378026276,0.8225814276609018,0.8325843815233089
6,0.8052400583536684,0.0007751382860633158,0.06480629509314895,7.475437470988227,0.0001008999999999999,1.2419683941105324,1.2419680352736961,1.2419679095267009,1.2433311291298548,1.241967886357938,1.2419680072594588,1.2419678974369994,1.2433312087041832,1.2419679924209095,1.2433308903417866,1.2433309605400251,1.2419678146881685,1.2433310952026888,1.2433308801415945,1.2433310079986934,-0.0002986243373337178,0.28144786297419905,0.4337370679091516,0.5313695250005079,0.5990842800929289,0.6486176541408873,0.6873401863592599,0.7181942100274441,0.7433853680278849,0.7643590168068005,0.7821035583247987,0.7973186544776177,0.8111255464000279,0.8226823069310361,0.8325843815233089
7,0.8052198575274098,0.0007752791976262222,0.06459772400557995,7.469339710097058,0.00012087999999999997,1.2416994540457018,1.2416987177040402,1.2416984580860662,1.2436008152269082,1.2416982703387165,1.2416986765444316,1.2416984415309924,1.243600943034194,1.2416986418142892,1.2436002647545035,1.243600437854515,1.2416982326128763,1.2436007138172638,1.243600222899407,1.2436005358200826,-0.0004165689826141166,0.2813270196891518,0.4336161750457756,0.5314904302541957,0.5992051178771949,0.6484968108190632,0.687219350052391,0.7180733932111262,0.7432645161331476,0.7642381363919566,0.7819826980168458,0.7971977402062872,0.8112462250802767,0.8228031382011975,0.8325843815233089
8,0.8051972306823888,0.0007754440642594796,0.06597416894510388,7.458828544054145,0.00014085999999999992,1.241386032594663,1.2413849651917344,1.2413845008793676,1.2439151529007721,1.2413836099377624,1.2413849205210863,1.2413845576115319,1.243915262120908,1.2413848586874476,1.2439140745091046,1.243914417597305,1.2413840044823012,1.243914945650652,1.243913913021371,1.2439146042542615,-0.0005541094166180026,0.2811862184528671,0.43347530935086764,0.5316313284808766,0.5993457766483209,0.6483560137582706,0.6870785707836838,0.7179326230574092,0.7431237090373648,0.7640972814403293,0.7818418729476134,0.7970568134339273,0.8113867088689329,0.8229438939767187,0.8325843815233089
9,0.8051746761568551,0.000775633038445382,0.067102184984833,7.450290258131066,0.00016083999999999998,1.2410287820316734,1.2410269030356906,1.241025965859179,1.2442742431833735,1.2410243905269676,1.2410268012163916,1.2410258825994729,1.2442744913157788,1.2410266782082073,1.2442721675178332,1.2442728400385192,1.2410250115677848,1.2442738218534997,1.2442717069132752,1.2442732279136277,-0.0007109007313275151,0.28102551263786985,0.4333144177390911,0.5317922442100079,0.5995063870373757,0.6481952897945898,0.6869178721928538,0.7177719740765584,0.74296295763613,0.7639364455129585,0.7816811017969655,0.7968958582331037,0.8115468941016521,0.823104561923062,0.8325843815233089
10,0.8051607364851291,0.0007758466334864425,0.06503751501441002,7.438846261343087,0.00018081999999999983,1.2406271074917574,1.2406246881096257,1.2406228125375733,1.2446781683900103,1.2406201654118116,1.2406243864558117,1.2406222769779922,1.2446787275631348,1.2406241614485867,1.2446743933527478,1.2446756426398213,1.2406209977202596,1.2446773630809758,1.244673000876848,1.2446764153942431,-0.0008873760190712887,0.2808449849048658,0.4331334988088094,0.5319731981644287,0.5996867757792695,0.6480146561822756,0.6867372858489573,0.7175914735965387,0.7427822753465939,0.7637556439333155,0.7815004211270355,0.7967148383374444,0.8117266389690061,0.8232850875569211,0.8325843815233089
11,0.8049434012750819,0.0007760912996679613,0.06644320208579302,7.056888690470055,0.0002007999999999999,1.2402019687378836,1.2401767684140959,1.2401744102888774,1.2451308410104094,1.2402301388492891,1.2401761725631693,1.240243006565395,1.2451272382838083,1.2401794787199916,1.245106319658362,1.2451033302233276,1.2401743925039408,1.2451312308484197,1.2451093879164117,1.2451171129653316,-0.0010664427900967095,0.28064344247893563,0.4329325320125804,0.5321755877521496,0.5998894787287598,0.6478141041694174,0.6865382182115545,0.7173917679751796,0.7425822688626004,0.7635538215640598,0.7812982865825867,0.7965117883794166,0.8118617800331668,0.8234766967883848,0.8325843815233089
12,0.8048896943786171,0.0007763928851551305,0.06737428577616811,7.072874977445288,0.00022077999999999996,1.2397719713898456,1.2396843319991966,1.2396764897427703,1.2456275922179485,1.2399616912389089,1.2396794887310434,1.2398054445299467,1.2456295885832116,1.2396960246498614,1.245545693429785,1.245506990579647,1.2396798637909694,1.2456366494183766,1.2454255360389441,1.2455957492131526,-0.001250340653711953,0.2804210994192381,0.4327085316496478,0.5323981904776348,0.6001155821188074,0.6475919951120102,0.6863180939431538,0.7171825071769453,0.7423649350090439,0.763331460666616,0.7810733727125252,0.7962846677633415,0.8119103857475222,0.8236796511786002,0.8325843815233089
13,0.8048345731468649,0.0007767472377043465,0.06576037779450417,7.074396735124397,0.0002407599999999999,1.2393386544781322,1.2391476458641173,1.2391292668740623,1.2461687044007628,1.239801023900297,1.2391347164163669,1.23930974478918,1.2461857073133162,1.2391736519112426,1.245990250471475,1.2458859340474382,1.2391371076807343,1.246196999942864,1.2456264067476237,1.246112582980938,-0.001438199448199805,0.28017809121862386,0.4324616159334349,0.5326410306408202,0.6003663114468092,0.6473485003132772,0.6860770327817816,0.716963963545039,0.7421302098785374,0.7630885774195504,0.7808258664236642,0.7960333519338355,0.8118936788627203,0.82389349688365,0.8325843815233089
14,0.8048289813225646,0.0007771259642560804,0.06651563197374344,7.024689494640052,0.00026074,1.238881389121872,1.2385666090803156,1.2385382156445628,1.2467599314171673,1.2396722198486456,1.2385456130777932,1.2388414351009247,1.2467844476097658,1.238608179490359,1.246463798403079,1.2462902657896926,1.238552711233866,1.2468014763486828,1.2458652037209845,1.246668436605746,-0.0016266871553786957,0.2799149722252743,0.4321957620781946,0.5329055884106535,0.6006417135962839,0.6470858603431805,0.6858182864244314,0.7167250123956959,0.7418756841307187,0.7628247312842488,0.7805578191042779,0.7957619484600548,0.8118500192112283,0.8241183876362616,0.8325843815233089
15,0.804735150384594,0.0007775313429983455,0.06680034287273884,6.996339757393898,0.00028071999999999993,1.2384020580322266,1.237940408430103,1.2379037214288708,1.2474009364661491,1.2395591028854578,1.2379121997576272,1.2384137964816246,1.2474239094012276,1.2380000145656624,1.2469682250762026,1.2467207447747903,1.2379260148814144,1.2474499558333876,1.2461454725234404,1.2472618587423134,-0.00181328036421623,0.27963120193408597,0.4319111766903108,0.5331917510354265,0.600940951712418,0.6468039069237996,0.6855418670583521,0.7164651778109011,0.7416014127872081,0.7625398532718082,0.7802691276350647,0.7954700899185734,0.811774891204979,0.8243532044538665,0.8325843815233089
16,0.8046130869711083,0.0007779611086877007,0.06886953301727772,6.991809419433396,0.0003007,1.2378977462060101,1.2372694826713206,1.2372256542318427,1.2480916804097832,1.2394790323534333,1.2372344611831956,1.2380203970685482,1.248104332104748,1.2373489167339535,1.2475028852744416,1.247179138701344,1.2372585282820974,1.248142445205636,1.246468797728769,1.2478938439209533,-0.0019995266447081954,0.27932701901261003,0.4316077064876905,0.5334994948730684,0.6012647807143271,0.6465027272020973,0.6852476060001877,0.7161845166469901,0.7413073925465401,0.7622341557343234,0.7799599904876094,0.7951582737992999,0.8116720992658005,0.8245989243858242,0.8325843815233089
17,0.8046243427389456,0.0007784272592011559,0.06746743619441986,6.993043674433567,0.00032068000000000005,1.2373444993719636,1.23655543801794,1.2365044634821454,1.248828954304371,1.2393659247963198,1.236513904369988,1.2376659152328398,1.248791098836471,1.2366548864092828,1.248086898311317,1.2476813054815301,1.2365439008971402,1.2488755065985626,1.2468299858384213,1.2485637236052718,-0.0022034738717478697,0.27900294577660345,0.43128535121838796,0.5338276660208221,0.6016066610400327,0.6461823750346389,0.6849355978418952,0.7158793606255346,0.7409936246953946,0.7619090349692054,0.7796307155588795,0.7948260665468148,0.8115429124118554,0.8248550187105407,0.8325843815233089
18,0.8043795412651349,0.00077895031244888,0.06648090109229088,7.016451178227671,0.00034066,1.23680951252618,1.2357981489509149,1.2357325193151816,1.2496089575361515,1.2394083889014968,1.2357437441992074,1.2372083257623139,1.2495432285034287,1.2359234116772218,1.248665115080606,1.2481231014128509,1.235782674262921,1.249674204206453,1.2470426337414597,1.2492718844979982,-0.002401636090210237,0.2786586901699321,0.4309390466014775,0.5341758145377585,0.6019762319572898,0.6458398887596525,0.6846010257563707,0.7155693862743296,0.7406634035400977,0.7615635975751559,0.7792775048346368,0.794467296357205,0.8113568081606701,0.825121402273343,0.8325843815233089
19,0.8042856927609792,0.0007795292946648325,0.06659820210188627,7.0003079629292495,0.00036063999999999996,1.2363009066833095,1.2349979919675578,1.2349107340963716,1.2504322256240137,1.23959540863737,1.234924481558368,1.2366514300059863,1.2503592194854978,1.2351543367387336,1.2492363370861306,1.2484989723378865,1.2349760586346326,1.2505368479360048,1.2471161245336735,1.250018405274584,-0.002588831269791141,0.2782945059404107,0.4305694198481846,0.5345440748288656,0.6023735371718951,0.6454755589091095,0.6842440521779999,0.7152549526451991,0.7403166660926466,0.7611978250889504,0.7789004257304647,0.7940824494611595,0.8111194249469034,0.8253979832337325,0.8325843815233089
20,0.8042474289930532,0.0007801318202861408,0.06657948205247521,6.916979479722162,0.0003806199999999999,1.2357734002927296,1.2341533192542975,1.234049013380045,1.2513070242206885,1.2398041714186872,1.2340628646476668,1.2361479094978207,1.2512161835671927,1.2343420417113093,1.2498388980304735,1.2489055183005682,1.2341283589906928,1.2514370794924927,1.2472459144408132,1.250802662562653,-0.002765820126293636,0.2779101609058017,0.4301835363513652,0.5349342428683327,0.6027943119710619,0.6450929509558997,0.6838703568274741,0.7149182531832208,0.7399496784947204,0.760810566662982,0.7785033919639057,0.7936788258645536,0.8108555495251163,0.8256837035425391,0.8325843815233089
21,0.8041086428594549,0.000780778990507772,0.0679476479999721,6.912519737277235,0.0004006,1.2351914761750205,1.2332675276811997,1.233145793190934,1.2522295132601475,1.2399291383489948,1.2331619672923202,1.2356949087760651,1.2520803378477234,1.23348654987878,1.2504959337855586,1.2493598923493296,1.2332275683798635,1.2523712976734085,1.2474117100097593,1.251624632835838,-0.002959631201850452,0.27750682328929777,0.4297801461142826,0.535344929906965,0.6032249956574629,0.6446922279837665,0.6834804845030844,0.714555491117787,0.7395625696560282,0.760403854158468,0.7780872543964591,0.7932554032791646,0.8105659742753021,0.8259768357909191,0.8325843815233089
22,0.8040128863294013,0.0007814716021929997,0.06772066792473197,6.875778337216839,0.00042057999999999993,1.2345416632383968,1.2323414754543252,1.2322001192065,1.2531994889297091,1.2399759065636256,1.2322213019909052,1.2352855936600642,1.252949995219127,1.2325881873964046,1.2512072101291833,1.2498646275969725,1.232275983662043,1.2533402597370518,1.2476110980833888,1.2524859785901827,-0.0031808723675962117,0.27708493538449885,0.42935864388584377,0.5357760663766709,0.6036652246045704,0.6442731032734891,0.6830742010842814,0.7141665420860677,0.7391554277204906,0.7599782049112106,0.7776527452389159,0.7928130461504238,0.8102543970612787,0.8262783525575395,0.8325843815233089
23,0.8038550555143676,0.0007822116634194383,0.06750527583062649,6.853082023584472,0.0004405599999999999,1.2338253626742706,1.2313746678386324,1.2312117162861864,1.2542166046722096,1.23993675418062,1.2312409767771424,1.2349226012202268,1.2538229421969618,1.2316472310025748,1.2519729004828373,1.25042037507674,1.231273964578238,1.2543443036247555,1.2478450417781766,1.2533862395680646,-0.003429545185359033,0.2766440972184859,0.42891863408621,0.5362275032675508,0.6041140627567981,0.6438355228065392,0.6826514562432592,0.7137515009938366,0.7387283678796102,0.7595336893702181,0.7771999066939107,0.7923516873349167,0.8099203596674999,0.8265879411889782,0.8325843815233089
24,0.8036975973044691,0.0007829844964127249,0.06746728578582406,6.826840446232762,0.00046053999999999995,1.2330895623479445,1.230365023208684,1.2301796104867555,1.2552854399317392,1.2398772883594744,1.2302189213220531,1.234627670692766,1.254746513427141,1.2306642806656893,1.2527649690010052,1.2510001426944017,1.2302267249711192,1.2553882346486358,1.2481189727938042,1.25432535188993,-0.003671537298882427,0.2761834586700574,0.42845980836326636,0.5367008599233835,0.6045830238012913,0.643379336942467,0.6822125241091749,0.7133168335450001,0.7382815925592732,0.7590680598805547,0.7767281184073388,0.7918710994871513,0.8095600836776562,0.8269050059050518,0.8325843815233089
25,0.803540852795819,0.0007837892285334682,0.06750323623418808,6.802031135324284,0.0004805199999999999,1.2323337286218101,1.2293107816498279,1.229105524383779,1.256405376852483,1.2398029577735155,1.2291547896767887,1.234404419793087,1.2557169238335308,1.22963962058684,1.2535848062292496,1.251607467025326,1.2291365200623945,1.256471961982186,1.2484424350482748,1.2553016751148076,-0.0039054347562962654,0.2757020416234568,0.42798303853336855,0.5371959262342095,0.6050739739501398,0.642904548402368,0.6817570626815967,0.7128617556098534,0.7378151941643447,0.7585812014754996,0.7762369394676085,0.7913712207477966,0.8091723691615776,0.8272295943188176,0.8325843815233089
26,0.8033800941150964,0.0007846447325510779,0.06825563870370388,6.329127134113239,0.0005005,1.2315687482673272,1.2282185617541628,1.2279750231139999,1.2575635343721336,1.2399298305335142,1.2280427622965704,1.2339845067343216,1.2567532851397565,1.228583360417967,1.2543719949706407,1.2522237208876084,1.2280303891287563,1.257583460355032,1.24870407955425,1.2563133135476179,-0.004167097797760858,0.2752026831691666,0.42747741526186844,0.5377093051178934,0.6055938505485932,0.6424068150299154,0.6812766968508311,0.7124030932016323,0.7373345516400881,0.7580748177248336,0.7757234211764517,0.7908486590489892,0.8087503443140509,0.8275881784727716,0.8325843815233089
27,0.8032133858874408,0.0007855490510507366,0.06809747777879238,6.330910584629227,0.00052048,1.2308115737215295,1.2270892155179487,1.2267902496513485,1.2587616621654383,1.2402633241536676,1.226882506644398,1.2333794502184154,1.2578568167353479,1.2274950799938302,1.255126003567166,1.2528316056586755,1.226911168359314,1.2587248312581687,1.2489035853108497,1.2573597117112558,-0.004445814896684254,0.274686238285997,0.4269448958701486,0.5382417801952822,0.6061462867816666,0.6418864871947547,0.6807713201398847,0.7119412558901008,0.7368395252663126,0.7575486449717919,0.775186686999485,0.7903034067531631,0.808293133425244,0.8279792719762361,0.8325843815233089
28,0.8030397059704584,0.0007865034687658072,0.06778514804318547,6.317530262312677,0.00054046,1.2300678192249401,1.2259229391507258,1.2255525538608771,1.2600008575396693,1.2407822637541204,1.2256745343971696,1.2326062111064884,1.2590257415327848,1.22637436227689,1.2558469864059814,1.2534274021298923,1.2257790036033123,1.2598967392328488,1.2490392083681605,1.258440908689056,-0.004737587692116414,0.27415290057749925,0.42638653650333586,0.5387936866114121,0.6067312875144008,0.6413439547740432,0.6802412321296274,0.7114758257381448,0.7363299583991185,0.7570026935212711,0.7746267700778577,0.789735709063538,0.8078009567768021,0.8284011732907232,0.8325843815233089
29,0.8028596781097099,0.0007875086851178735,0.06726654479280114,6.31748642686116,0.00056044,1.2293429536447125,1.2247206478335366,1.2242620328554132,1.2612824990774543,1.2414735849244307,1.224419346269839,1.231682032489071,1.2602594153846027,1.2252207161939002,1.2565341113298463,1.2540096828632918,1.2246318143274413,1.2610993336981742,1.2491067039199935,1.2595570869849317,-0.005038817307381562,0.27360310590037423,0.4258026201903428,0.5393654715375005,0.6073488232901928,0.6407796063458618,0.6796869409785858,0.7110064890899191,0.7358055857668773,0.7564368762978193,0.774043982767754,0.7891456801966779,0.8072742907713857,0.8288523874901853,0.8325843815233089
30,0.8026703947857109,0.000788566934136933,0.06750260712578893,6.295126240396678,0.0005804199999999999,1.2286373042238223,1.2234821597720031,1.2229192940850613,1.2626071055533155,1.2423148386936298,1.2231179483502665,1.230624210767409,1.2615549760921068,1.2240338027816484,1.2571880273183258,1.2545804175706832,1.2234675757635949,1.2623320082438592,1.2491035135648527,1.260708440927153,-0.005348077334402022,0.27303657546315985,0.4251934529446708,0.5399571562445094,0.6079970332618849,0.6401938481022441,0.6791091828304977,0.7105327659082186,0.735266259028544,0.7558513275368413,0.7734387825101978,0.7885335907132157,0.806713470048961,0.8293312096235719,0.8325843815233089
31,0.8024725483289539,0.0007896713341648542,0.06747957598417997,6.367409386803642,0.0006004,1.2279307620245083,1.2221926793189082,1.2215287734253584,1.263984218686543,1.2431993901794547,1.2217801893253326,1.2294344019484857,1.262886831234695,1.2228070565791933,1.2578352850243313,1.255307653785331,1.2222934106792158,1.263604819837882,1.249029092822821,1.2618949866823277,-0.00566517393324452,0.27244265965476844,0.4245589459853311,0.54057104667675,0.6086735294032583,0.6395917257774997,0.6785106779479784,0.7100533281411121,0.7347113254699691,0.7552484645873707,0.7728123690619875,0.7878980150211256,0.8061140788896065,0.8298260014555305,0.8325843815233089
32,0.8022721546147279,0.0007908213594571672,0.06696758372709155,6.354112947998061,0.00062038,1.2272330350832015,1.2208539463898214,1.2200904865117053,1.2654145136910284,1.2441353720196102,1.2204060175522646,1.2281267124168518,1.2642566139519718,1.2215404902351752,1.2584739736518396,1.2561741588098765,1.2211086373081823,1.2649180540914737,1.2488808477487443,1.2631169777248386,-0.005984104855752258,0.27182245631137836,0.4238994772308072,0.5412073639576764,0.6093786011823638,0.6389733007027606,0.6778918397344466,0.7095684785561838,0.7341407017009777,0.7546281110011651,0.7721646613859482,0.7872391695236552,0.8054772059008429,0.8303360813113069,0.8325843815233089
33,0.8020676088475552,0.0007920189101613775,0.06739930575713515,6.321559689775898,0.00064036,1.226543366952395,1.2194669764451282,1.2186053715691423,1.266897865434452,1.2451184393775818,1.2189957082517804,1.2267131534323166,1.265663047994505,1.220234396572868,1.259103122769781,1.2571656544848968,1.2199130287018838,1.2662718909138202,1.2486583957298059,1.264374392856012,-0.006304072584615885,0.27117656979981936,0.42321589740431326,0.5418660144346766,0.6101111842332476,0.6383386349777971,0.6772531191606936,0.7090781853340531,0.7335544672082313,0.7539902860053497,0.7714955413125156,0.7865573067809762,0.8048036004851045,0.83086057422806,0.8325843815233089
34,0.8018687164263701,0.0007932649326458654,0.06788535788655281,6.300478223173769,0.00066034,1.2258680380258566,1.2180333999717408,1.2170735291309929,1.268434694745079,1.2461475091133913,1.2175495093201414,1.2252057210241547,1.267106825162337,1.2188889064976678,1.2597212674504827,1.2582718630523575,1.2187044804725056,1.2676651820063334,1.2483570833590873,1.2656671722282982,-0.00662057029841198,0.2705058700515228,0.42250854241851576,0.5425470829284833,0.6108705627998682,0.6376878312720832,0.6765951094098284,0.7085826439971752,0.7329525672331044,0.7533348947815308,0.7708052444994019,0.7858526882560821,0.8040938261032786,0.8313983489445664,0.8325843815233089
35,0.801724389864566,0.0007946056092216288,0.07179989479482174,6.730605557692083,0.0006803200000000001,1.2252900849509716,1.2165671135923293,1.215491746775294,1.2700154552936183,1.2472932509247217,1.216053856370976,1.2236843173628171,1.268635551997037,1.2175085209336185,1.2603085590884262,1.2591185943094392,1.2174177548234721,1.2691645582827493,1.2477798638113609,1.2670005450775221,-0.0068730912614374615,0.2698202659666803,0.42177961854864754,0.5432483047053045,0.6116574126959164,0.6370155544115393,0.6759185436015009,0.7080904798453953,0.7323349050938788,0.7526598582756862,0.7700894279582577,0.7851176789564166,0.8033321026603455,0.8319201515222755,0.8325843815233089
36,0.8015093840624471,0.0007960375199825755,0.0700120972469449,6.716091785055207,0.0007003,1.2248222967276323,1.2150694538367737,1.2138607105464538,1.2716415686897875,1.248554144613135,1.2145092199418472,1.2221431665722102,1.2702452862633418,1.2160932010320324,1.260865118000958,1.2597154612259422,1.2160570259641637,1.270762868825691,1.2469574441047189,1.2683742058310237,-0.007054788383081506,0.2691204305320476,0.4210296288705601,0.543970104431449,0.6124724606773089,0.6363220901103529,0.6752233618838742,0.7076007664112913,0.7317013932205084,0.7519652900660058,0.769348580986637,0.7843534298549591,0.8025217774762655,0.8324262078815671,0.8325843815233089
37,0.8012938735547281,0.0007975642223115364,0.06973366625607014,6.693319542297207,0.00072028,1.2244460447720462,1.213540471602123,1.2121798339035181,1.2733122715908487,1.2498937269141595,1.212917636586806,1.2205881483802539,1.2719303223180167,1.2146429454123002,1.2613919553154662,1.2600883560548046,1.2146201675973727,1.2724529794444281,1.2459098275148495,1.2697884014395062,-0.007177087556508917,0.2684058070375269,0.4202576800803885,0.544711919733886,0.6133103843440496,0.6356078330380611,0.6745103463789723,0.7071124808138045,0.7310519678846152,0.751251638487379,0.7685842915433551,0.7835609747288514,0.8016663430744525,0.8329144441734709,0.8325843815233089
38,0.8011144368582079,0.0007991923199926406,0.06723249470815063,6.6748438520581805,0.00074026,1.2241423820156623,1.2119819783338082,1.2104468992718598,1.27502572087435,1.2512665818422029,1.2112818932975007,1.2190324510799475,1.2736852713557505,1.2131582400238305,1.2618867479693059,1.2602649082840118,1.2131000866096762,1.2742277982529944,1.2446489749953231,1.2712434810075317,-0.0072515717394397924,0.2676764947585666,0.41946178245038424,0.5454727237550472,0.6141623981177731,0.6348732079347109,0.6737808831840442,0.7066243939080766,0.7303865991196969,0.7505193798698774,0.7677989374143009,0.7827410677456806,0.8007684992965663,0.8333802037124538,0.8325843815233089
39,0.8008964424779935,0.0008009197757712931,0.06931022414937615,6.656406577079716,0.00076024,1.2239318813359765,1.2103909580374588,1.2086656652657801,1.2767845460076699,1.2526703602652676,1.209602207025538,1.2174794097026373,1.275507530041888,1.2116388873464399,1.2623548113114988,1.260217427645623,1.2115086021041717,1.2760856672909655,1.243204656964161,1.2727373903558166,-0.007265112786173485,0.266931221455439,0.4186444843361802,0.5462535947317484,0.6150322057715776,0.6341185427299721,0.6730347101300376,0.7061370448032969,0.7297054798370807,0.7497682769577403,0.7669900956696764,0.7818937730332837,0.799827756614193,0.8338259527156029,0.8325843815233089
40,0.8008094217156803,0.000802728919476019,0.06843734113499522,6.369020587010704,0.0007802200000000001,1.2236610843252491,1.2087773734152487,1.2068588396885147,1.278602405123988,1.2537257923313567,1.2078943511754103,1.2160807212912708,1.27737379235388,1.2100790342085108,1.2628755603780977,1.2602005613071705,1.2098329116865434,1.2779632024431211,1.241808715666254,1.2742691140151565,-0.007269969904076369,0.26617708308851334,0.4178242884708396,0.5470569179411268,0.6158835888237241,0.6333499201259676,0.6722816963003638,0.7056137131405601,0.7290012322385622,0.7489947712199762,0.7661715036105247,0.7810340542427602,0.7988732233487302,0.8342465636734575,0.8325843815233089
41,0.8006187853495758,0.0008046463973712128,0.06713709468021989,6.8957651626581775,0.0008002,1.2235700862832528,1.2071223770998292,1.2050139315147668,1.2804623696515978,1.2545636762015129,1.2061491940500557,1.2147561205550317,1.2792264076137987,1.2084789582343893,1.2634516393013155,1.2602969576799123,1.2080162854400023,1.2798832971019352,1.2402026775106536,1.2758310993330158,-0.007149114970201607,0.2653982144747931,0.4169872630651221,0.5478780171593446,0.6167287056405566,0.6325638778843561,0.6715172962122349,0.7050507964532298,0.7282760119067453,0.7482004190646057,0.765346538250582,0.7801460906667939,0.7978690777783133,0.834611452400155,0.8325843815233089
42,0.8003679366017074,0.0008066725520609255,0.06952472496777773,6.859382812179935,0.00082018,1.2236331556081421,1.2054261344200181,1.2031297260388483,1.282365969787709,1.2551951945574042,1.2043658026696253,1.213494106347951,1.281056429533049,1.2068396259780794,1.264083832027512,1.2605065897982828,1.2060726356653022,1.2818456525879751,1.238409218432985,1.277423200788935,-0.006923956871067857,0.26459468917612405,0.4161325496302704,0.5487175229520365,0.6175713359913219,0.6317602088920174,0.6707407490941616,0.7044464574801209,0.7275302908564604,0.7473860894806741,0.7645152076517425,0.779231369525512,0.796819441481359,0.8349214878898331,0.8325843815233089
43,0.8001196748504742,0.0008088162205373639,0.06754841702058911,6.507802024379367,0.00084016,1.2237568836310657,1.203708545338452,1.2011892597775655,1.2843120699127886,1.25580880632653,1.202540749971733,1.2121663469919635,1.2829438778674644,1.2051703509491423,1.2646787043846655,1.260522663023623,1.2040756667757861,1.2838835364768024,1.236450715105387,1.2790561577185122,-0.0066688581600822475,0.2637801084746398,0.4152508540395845,0.5495758692502751,0.6184250523548962,0.6309363455315786,0.66994600996077,0.703839934604072,0.7267705119215278,0.7465560942543472,0.7636638699887489,0.7782931628837598,0.7957358040450531,0.8352050129586164,0.8325843815233089
44,0.7998962002694143,0.0008110799252146894,0.06719282502308488,6.465362321275437,0.00086014,1.2239412741958888,1.2019693824733277,1.1991941681526586,1.2863016968189565,1.2563801949288074,1.200674661977051,1.2107639019763594,1.2848824497932678,1.2034714630940242,1.2652410417835425,1.2603566033395326,1.2020291583687153,1.2859929540208879,1.234341926702418,1.2807291071530207,-0.006384043064155828,0.2629542351947551,0.4143431511998857,0.550453345256815,0.6192897479048083,0.6300925866295132,0.669132949986828,0.7032289217358304,0.7259966797165623,0.7457106583585288,0.7627930574156733,0.7773324592116978,0.7946193602183799,0.835461532522474,0.8325843815233089
45,0.7996972402200347,0.0008134000470946345,0.06789111671969295,6.527662634961435,0.00088012,1.2249173880547715,1.2003090524401476,1.1972184666023147,1.28839684577212,1.256772471032647,1.1987696014007416,1.2092725998470213,1.2868577141630455,1.2017436967629176,1.2657897602216395,1.2600130853836193,1.1999334988625887,1.2881738651507288,1.2320813497835352,1.282441890463044,-0.005774270221447697,0.2621632303085383,0.41347569618110513,0.5513634469803568,0.6201541812003545,0.6292290967868248,0.668301465854113,0.7026095146401683,0.7252085756092893,0.7448500785393088,0.76190239536265,0.7763488666897063,0.7934691948104199,0.8356842758956945,0.8325843815233089
46,0.7992513105358251,0.0008157200377865754,0.06746203592047095,5.974770853641742,0.0009001,1.2263572568861885,1.1987015852336347,1.1952781584713716,1.290598796226897,1.256846494246077,1.1968583771687973,1.2075627696183315,1.288810019043217,1.1999749912302176,1.2663514752790068,1.2601413975102795,1.197891874189168,1.2903290300158365,1.2298002443452014,1.2841836241056215,-0.004974179338867592,0.2613889704578662,0.41265697795766215,0.5523075687408178,0.6210093098440786,0.6283591267395158,0.667451502571109,0.701984928670648,0.7244071818174602,0.7439775964074189,0.7610016177971833,0.7753551645708022,0.7922985760592894,0.8359084973931742,0.8325843815233089
47,0.7987150001872103,0.0008180163201082218,0.06756625603884459,5.930700310497873,0.0009200800000000001,1.2281113879663068,1.1971976735907321,1.1935339842280042,1.2929233237218936,1.2565884897885815,1.19493766887365,1.205641614701293,1.2907419539333425,1.198166736013379,1.2669063488305463,1.2606789240213185,1.1959139152616416,1.2924687935573882,1.2275058634069997,1.2859565057568945,-0.0040229677901281605,0.2606517550939488,0.4119909291047572,0.5532833730805218,0.6218587456243557,0.6274815052466173,0.6665817168163999,0.7013600650903845,0.7235937567240435,0.7430916963900854,0.7600861877340401,0.7743494515898807,0.7911060711288348,0.8361411355352237,0.8325843815233089
48,0.7980524698760345,0.0008201653675036176,0.07109904196113348,5.409927466905542,0.0009400599999999999,1.2298565772617547,1.195664731308191,1.1917821403250688,1.2951927879868137,1.257675301044786,1.192950250936003,1.2037412925059905,1.2925890283006403,1.1963610759680023,1.2672813158182639,1.2613244643677952,1.1940438326109994,1.2947525590496383,1.2253042596736792,1.2877173665083301,-0.003051218588471196,0.2598928710736064,0.41130018098947235,0.5542403801272722,0.6228377493947562,0.6265846125355933,0.6656944954899641,0.7007035530930849,0.7227799001315423,0.742191340586892,0.7591438287990522,0.7733362835980228,0.7899706564145971,0.8365080467918685,0.8325843815233089
49,0.7974018371079652,0.0008222781120749454,0.06897354312241077,5.422877504035277,0.00096004,1.2316027533124543,1.1940932041833094,1.190014767590961,1.2974098041622488,1.259386485532471,1.1909047478076342,1.2017406560134953,1.294377888075136,1.1945469704123803,1.2676233330282953,1.2619856699577825,1.1922406828931056,1.2971005187482723,1.2231447447968309,1.289474224350762,-0.002059874844658447,0.25910965576142486,0.4105805547789337,0.5551803832065046,0.6239126213670987,0.6256660158348103,0.664783216539107,0.7000332286975919,0.721964685329373,0.7412838912632486,0.7581641477537131,0.7723055441830846,0.7888999145702094,0.8369998231192232,0.8325843815233089
50,0.796799705468264,0.0008243814774217617,0.06879226211458445,5.386598276929465,0.00098002,1.2333371518064662,1.1924847639323317,1.1882336942015543,1.299580024084358,1.2615476996923671,1.1888023030891517,1.199648345176408,1.2961058759941015,1.1927233397633035,1.2679374814524549,1.2626648298324492,1.1905015806861845,1.2995033272375835,1.2210114608780627,1.2912290586838269,-0.0010549472598569076,0.2583035792714528,0.40983614086445236,0.5561061150233119,0.6250728534517707,0.6247257780048868,0.6638483166838967,0.6993483826944935,0.7211475625979944,0.7403696217318796,0.7571491201034461,0.7712572257367006,0.7878828201674992,0.8376000202560987,0.8325843815233089
51,0.796264418169786,0.0008264919290699393,0.06840474996715784,5.360452394693261,0.001,1.2350453131629795,1.1908416574904488,1.186441483212678,1.3017090628032524,1.264065996571548,1.1866423310643095,1.1974744712132335,1.2977689746981214,1.1908893852083702,1.2682306691603584,1.2633662466879152,1.188823569913406,1.3019523280138596,1.2188889164396903,1.292983761197095,-4.237870051265985e-05,0.2574764044824067,0.40907143625179904,0.5570203365704465,0.626310728758754,0.6237633975105472,0.6628899206714959,0.6986472817420328,0.7203279406598404,0.7394490397345245,0.7561009477091845,0.7701914357564751,0.7869093889612375,0.8382947343648287,0.8325843815233089
52,0.7958316664995844,0.0008285785193066544,0.06907581305131316,5.349074820571817,0.0009999878275373446,1.2366738479732429,1.1891996501219193,1.184677080366213,1.3037615117915313,1.2668281640816144,1.184465154355634,1.1952788051891696,1.2993302873588566,1.1890808766183179,1.2685068373343953,1.2640820722061479,1.1872347018362426,1.304390605033546,1.2168037670106577,1.294705766822984,0.0009509251169558977,0.2566469209124988,0.40830679841568474,0.5579080862407247,0.6275951990131509,0.6227967960496834,0.6619270285871768,0.6979405091266179,0.7195212597155606,0.7385411220812464,0.755043466696921,0.7691297277791521,0.7859896282073927,0.8390570256622077,0.8325843815233089
53,0.7955443029748508,0.000830650122498569,0.07048457860946655,5.339757338806351,0.0009999513107426476,1.238208894793862,1.1875636390418152,1.1829430708086053,1.305744338706744,1.2697838178504657,1.1822679203599373,1.1930867248378412,1.3007824700478918,1.1872968664179193,1.2687758318548403,1.2648190363903367,1.185725713279924,1.3068123513000078,1.2147438171876748,1.2963977291009847,0.00191913502249942,0.2558185435691787,0.40754707735873624,0.558772635743311,0.6289190043558524,0.6218244253501742,0.6609598102161955,0.6972236417312669,0.7187264632554067,0.7376462032586663,0.7539797177064653,0.7680723218265975,0.7851142364586446,0.8398736916649859,0.8325843815233089
54,0.7954806303492741,0.0008327172097967251,0.0678095780313015,5.391055854947658,0.0009998904513956854,1.2397021070135028,1.1859537088853176,1.1812785599657591,1.3076562643154852,1.2728762023457203,1.1800424814285626,1.1908205499444509,1.3022386659344776,1.1855346390434482,1.269147012814504,1.265436001516209,1.184307739915548,1.3091799602801362,1.2126757454499812,1.2980632437146975,0.0028755876477138736,0.25500470765724464,0.40682756150483956,0.5596168409764481,0.630269407178337,0.6208405789154218,0.6599777500971584,0.6964738490196625,0.7179359303630265,0.7367641775788081,0.7529180013684681,0.7670296639270189,0.7842836404616679,0.8407261123238157,0.8325843815233089
55,0.7956452111621317,0.0008348565061122884,0.06862580077722669,5.168737857788559,0.000999805252462657,1.2410360236800777,1.184400575340435,1.1796453515876621,1.3094903937974096,1.2759819695847858,1.1777912641785289,1.1885080683523643,1.3037545132163728,1.1838037963705972,1.2695602346900263,1.2659043063781181,1.1829835076954722,1.3114252065147882,1.2105583876711723,1.2997169488092797,0.0037462523392521067,0.2542283693051733,0.4061279264805453,0.56044030026278,0.6316097393918321,0.6198429281645403,0.6589855118834437,0.6956730351507421,0.7171458230048164,0.7358873306248347,0.7518814971211306,0.7660198778124802,0.7834262733041266,0.8415406615427492,0.8325843815233089
56,0.7960323080557619,0.0008370149000957996,0.06930797407403588,4.716381637194196,0.0009996957180960385,1.2421597676795393,1.182929614515867,1.1781186298517172,1.3112348915523973,1.2791655024350148,1.175532576987001,1.1862352485533276,1.305349527952099,1.182125552159034,1.26986246949486,1.2663905751280655,1.1816413321957213,1.3135650494780127,1.2085142894031753,1.301361567691209,0.004551469798524747,0.2535094179031042,0.4055024404631318,0.5612360440087818,0.6329469503009272,0.6188413858044395,0.6579913410396231,0.6948147147161523,0.7163584155143786,0.7350031561561675,0.7508855748266043,0.765043815724726,0.7825786840823589,0.8422782676085763,0.8325843815233089
57,0.796567762753463,0.0008392215451760541,0.07001024670898914,4.648441620238084,0.0009995618536343797,1.243258655781606,1.1815127980641595,1.1766837748467112,1.3128854797783405,1.2822842755317894,1.1732838692905574,1.1838976772914174,1.3068933037635595,1.1804847234595952,1.2702742449852036,1.2670001863125189,1.1802683729199863,1.3155799038655642,1.2065380807289545,1.3029732436460408,0.005348107863877472,0.252827608066916,0.4049362853555478,0.5620021824000736,0.6342307413357763,0.6178370663547387,0.6569951135438182,0.6938876754233742,0.7155707187498006,0.7341195366082592,0.7499335873405156,0.7640977295370734,0.7817364087806988,0.8429222142038523,0.8325843815233089
58,0.7972494746037533,0.000841516978293922,0.07094732113182545,4.822474992700647,0.0009994036656020464,1.2442255416648886,1.1801461714305947,1.1753434524257902,1.314445061143543,1.2853159540832144,1.1710386415156373,1.181546683959404,1.3083853804874097,1.1788807087777657,1.2707892788589703,1.2676460877845919,1.1787917489229638,1.3175127590087545,1.2045649769944446,1.3045562338996042,0.00609193155196399,0.2521798755688058,0.4044307922114587,0.5627398129146292,0.6354533128206457,0.6168269692910964,0.6559970604322963,0.6928990815184314,0.7147843808760986,0.7332400141661077,0.7490203852646343,0.7631674296954902,0.7808759783007361,0.8434611379050547,0.8325843815233089
59,0.7980616675035522,0.0008439670632583909,0.07126856176182628,5.43840764347268,0.0009992211617088995,1.2443627564742854,1.1788144334470385,1.1740259655057559,1.3159337106341251,1.2884376070217047,1.1687363707147238,1.1797854081328822,1.3095947307184994,1.1773676266478483,1.2713105406702732,1.268356041882557,1.1771090722093789,1.319377068789821,1.20261038612637,1.3060578195444068,0.006497371887348683,0.2515530402053769,0.40391790974664027,0.5634488052304047,0.636668920606244,0.6157919524231857,0.6550082028591301,0.6917960612781838,0.714011783098613,0.7323688574286982,0.7481378375733585,0.7622276056244264,0.7799332545742174,0.8438206082303124,0.8325843815233089
60,0.7993587028436134,0.0008466778111878117,0.07393132383003831,5.043919100740955,0.0009990143508499217,1.243771340155222,1.1774892822419865,1.1727873236923068,1.317335787551618,1.2914571073812697,1.166422976641604,1.1778561685787696,1.3105813357385792,1.1758919884617587,1.2715701364251848,1.2692353896041282,1.1753562005091314,1.3212242992949734,1.2006284947870465,1.3074799128803725,0.00658589867300878,0.2509203256302552,0.4034247164910482,0.5641213622094201,0.6378061374325699,0.6147445968953074,0.6540115666249208,0.6906090163041745,0.7132532437947701,0.7315118399024798,0.7472881171309342,0.7612943440654502,0.7789110126304841,0.843995542358698,0.8325843815233089
61,0.8008522662526397,0.0008496328634917239,0.07168807508423924,5.089839652760077,0.0009987832431047822,1.2426031876260568,1.1761704343530617,1.1716249664507241,1.3186576879713703,1.2943529205389313,1.1641046780674398,1.1757857199374415,1.311364499892961,1.1744453506202333,1.271589898113781,1.2702656874185079,1.1735349922483735,1.3230517175269934,1.1986130185235204,1.3088288853116299,0.00640620283706886,0.2502821858641157,0.40295191130492153,0.5647607420226719,0.6388594999620253,0.6136867260554897,0.6530083504346021,0.6893538156314093,0.7125058897518612,0.7306662027526752,0.7464678694981737,0.7603653200252722,0.7778161703023179,0.8440073161774266,0.8325843815233089
62,0.8026282190765774,0.0008528161196374573,0.07086820108816028,4.982510094825135,0.0009985278497373468,1.2409765401165564,1.174858108056315,1.1705325898749523,1.3199053573890271,1.2971207368487168,1.1617893155918941,1.1735895252787218,1.3119757625873103,1.1730263567967545,1.2713498355160235,1.2713942077959406,1.1716611459401045,1.3248607717584964,1.1965707128606868,1.3101185414345626,0.006001105225096528,0.24963895935636576,0.40249640713700563,0.5653693463181014,0.6398274363744996,0.61262152557817,0.6520003670043186,0.6880456710740034,0.7117710270219391,0.7298330950445479,0.7456742963436466,0.7594420099549914,0.7766615238507117,0.843859442301336,0.8325843815233089
63,0.8046217815381287,0.0008562501559247912,0.07067397003993392,4.405691339936551,0.0009982481831951274,1.2390301155274566,1.1735575118935675,1.1695236468317256,1.3210613128074802,1.2996081859588247,1.159496117966153,1.1715214293466527,1.312257008971406,1.171651610283659,1.2709182289009975,1.2724664583144283,1.16981522983932,1.3265619724337023,1.1944874158738703,1.3113623917321946,0.005436570548443101,0.24898963616186692,0.40205989570645234,0.5659394647036731,0.6406367607622604,0.6115529850747697,0.6510067791957288,0.6866992716278786,0.7110514915423474,0.7290110728333673,0.744905003008184,0.7585358035648325,0.7754316353938743,0.8435467047765571,0.8325843815233089
64,0.8065462350531629,0.0008599402669116796,0.06947398371994495,4.218785173547618,0.0009979442571086772,1.2368674035541345,1.1722772579527234,1.1686091180061182,1.3221533075847611,1.3017453322646106,1.1572503377867889,1.169228738155082,1.312407559409888,1.170330831946704,1.2702780497308779,1.2734559051950562,1.1679038261791608,1.3281463538435812,1.1924396594715745,1.3125492028356007,0.004756118134114059,0.24834005919083485,0.40165718414504276,0.5664818659762906,0.6412903427150558,0.6104883930512714,0.650011868770849,0.6853446165075782,0.710351401085498,0.7281955950740777,0.7441601697117649,0.7576339220457705,0.7741356958941635,0.8431067296507665,0.8325843815233089
65,0.8083729242796102,0.0008639008042142922,0.07105369213968515,3.7659489581752066,0.0009976160862909245,1.2344835255232582,1.171005461600905,1.1677729289399168,1.3231742799131865,1.3033707398308239,1.155109213777463,1.1667173946864415,1.312390511649771,1.1690470082662348,1.269450101667907,1.2743562133009814,1.165994605784484,1.3296223275656902,1.190459308134013,1.3136786544584709,0.003947991112712203,0.24768349004285023,0.4012738695170447,0.5669923175153317,0.6417020147031235,0.6094370686836982,0.6490160664351712,0.6839900803641296,0.7096684412524065,0.7273926717478162,0.7434439937200276,0.7567499125157248,0.7728109927178014,0.8425565917617697,0.8325843815233089
66,0.8099955436113779,0.0008681714811520642,0.07061970978975296,3.7224940575515024,0.0009972636867364526,1.2319139062704527,1.16975344980291,1.1670463984652824,1.324116560597419,1.3042521444654203,1.153111530971396,1.1641521032432058,1.3121684699044938,1.1677971021495708,1.2684323794208467,1.275159143791733,1.1640758173913242,1.3309482008937046,1.1885371182875069,1.3147588106638155,0.003028196325276768,0.24702781251649486,0.40093557894963605,0.5674678422335301,0.6417902783973172,0.6084057096147807,0.6480310200849222,0.6826343026803082,0.7090005420104717,0.7265977091594247,0.7427540186417662,0.755882978171283,0.7714497778946381,0.8418939325935895,0.8325843815233089
67,0.8112337208717764,0.0008727085129728694,0.06873345235362649,3.6175011860434183,0.000996887075620718,1.2291906604740923,1.1684973712172009,1.1664029192170298,1.3249976052084136,1.3044813153896402,1.1512536704668848,1.1615109613390857,1.311789435911748,1.1665825054842276,1.2671947482973407,1.2758448846741857,1.162126330510383,1.332151263853086,1.186677058955426,1.3157969568059396,0.002015171020460546,0.24635977655115343,0.40062865768913763,0.5679120121059171,0.6416124572057893,0.6074078642211844,0.647078474240012,0.6812873987063469,0.7083505123958476,0.7258148580686675,0.7420898159033047,0.7550263738483802,0.7700546323277365,0.8411386395164211,0.8325843815233089
68,0.8122128603531423,0.0008775330718566612,0.0701289982534945,4.017087011443982,0.0009964862712992153,1.226344688976431,1.1672482022795545,1.1658683563460275,1.325819329531846,1.304103614417043,1.1494748209304502,1.1586981401633372,1.3112757961344235,1.1653947018751012,1.2656573211805462,1.276290546155917,1.1601284725949854,1.3332567516417693,1.1848559333461948,1.3167817312372219,0.0009249240923368263,0.24568772390877588,0.400377067424372,0.5683262372279666,0.6412071032184434,0.6064336361612442,0.6461554897882976,0.6799540405149336,0.7077190938761709,0.7250423661007491,0.7414492352304289,0.7541754300216558,0.768636062883353,0.8402983914118725,0.8325843815233089
69,0.8129316731237376,0.0008824882003784966,0.07066197972744703,3.8736439380035588,0.0009960612933065818,1.2234755027380093,1.1660430918159403,1.1653846781377533,1.3266098240572701,1.303209328530636,1.147674536873926,1.1558313374976188,1.3107085753023817,1.1642565547287576,1.263984431037853,1.2768211515131314,1.1582484495480327,1.3343332118243272,1.183147848444851,1.3177789305461827,-0.00021355044062927033,0.24503536301875295,0.4001624032503165,0.5687316835569802,0.6406081027521356,0.6054321083451173,0.645219538049886,0.6786232426849939,0.7071127662252827,0.7242998667413879,0.740846284326393,0.7533581835600692,0.7672358279447828,0.8394141017339668,0.8325843815233089
70,0.8133387158258226,0.0008875907177419827,0.07217489695176482,4.218714463830665,0.000995612162355645,1.2205859229287634,1.1648853077647765,1.1650016835140025,1.3273851265935914,1.3019730637898994,1.1458247935956531,1.1528594973282555,1.3100340368021013,1.163151569785277,1.2621389937781577,1.2771774162706817,1.1564118646812085,1.3354048067702418,1.1814705706212232,1.318733955405976,-0.0013863119674665696,0.24440483664147933,0.4000206353284851,0.5691329576117666,0.6398800838122634,0.604408491942042,0.6442815679459637,0.6773004839837821,0.7065282680917258,0.7235857568390794,0.7402756274381945,0.7525615696362673,0.7658531467167227,0.8384817319374017,0.8325843815233089
71,0.8135533406938499,0.0008928293802428425,0.06958002597093582,4.108229308583067,0.0009951389003364144,1.2177154261455976,1.1637716093542856,1.164682475539898,1.3281356503864532,1.3003982704906467,1.1439507878305128,1.1497983030842687,1.3092786344532814,1.1620670851353994,1.260121248764568,1.2774191323549757,1.1546544691903,1.3364722901591422,1.1798499892176844,1.3196787991002537,-0.0025742318840400796,0.24379362284294995,0.3999250165247946,0.5695267063701152,0.6390237802518526,0.603367433258051,0.6433406781339406,0.6759823963691977,0.7059618560945305,0.7228961310004378,0.7397332723534709,0.7517886775512197,0.7644883671123601,0.8375174575471417,0.8325843815233089
72,0.8135765315635897,0.0008981772485852069,0.06999746710062027,3.4874187253505364,0.0009946415303150127,1.2147596894790191,1.1626499784022737,1.1643591971481035,1.3288484583257898,1.298506230904384,1.142188460165531,1.146672146045125,1.3084715946816863,1.1609856215455807,1.2580695025181783,1.2776938421084434,1.1529176048809364,1.3374948014903376,1.1782671730572825,1.3205875977115655,-0.0038148446577414893,0.24317138645547703,0.39980804624107497,0.5699016033412939,0.6380659014921257,0.6023638289899697,0.6424271757423051,0.6746788782973909,0.7053999352980909,0.7222123141036372,0.7392054963561231,0.7510268334601058,0.7631206182454553,0.8365253109333729,0.8325843815233089
73,0.8134625934292284,0.0009035975076704623,0.07102305069565773,3.596184620346334,0.0009941200765325531,1.2117023192574188,1.1615298194183488,1.1640266355099922,1.329517437524325,1.2963291059458204,1.1405029246144736,1.1435791430943345,1.3076219137769656,1.1598929210228868,1.2559906093644448,1.27797427916864,1.151291849901494,1.3384885088321092,1.1767559354444723,1.321472898180053,-0.00511771502965719,0.24254421323685502,0.3996650244364407,0.5702583689870974,0.6370144589909684,0.601383976972827,0.6415376010881904,0.6733928872152177,0.704838811720695,0.7215309270209677,0.7386889973804376,0.7502909238978308,0.761777127526762,0.8355306659667374,0.8325843815233089
74,0.8133058084018581,0.0009089963162751769,0.07136284420266747,3.2921395565071263,0.0009935745644039575,1.2085598959117083,1.1604178344063671,1.1636945900380378,1.3301554132940838,1.29398044820813,1.1388744484337905,1.1406212807913005,1.306829827156854,1.1588155396902664,1.25404006618159,1.2784173558286998,1.1497213047470523,1.3394613642755093,1.1753038891144916,1.3223513962815951,-0.006472483978383536,0.24191752200991132,0.39950638765437724,0.5706042280702209,0.6359044277823728,0.6004215190043415,0.64066770641681,0.672124300250368,0.7042837401226265,0.7208626004334693,0.7381831720276837,0.7495691286524405,0.7604419085921448,0.8345306470440845,0.8325843815233089
75,0.8131221964579604,0.0009144500881785947,0.07042020931839943,3.946817709185483,0.0009930050205167172,1.2054295179240546,1.1592895238888077,1.1633856955061548,1.3307478373316664,1.2917946953103971,1.1372119147564155,1.1378472691590342,1.305893407738346,1.157748770351379,1.2520739591749936,1.278840029496536,1.1481897672381511,1.340379001446734,1.1737633853760525,1.3232093760442794,-0.007809504264778705,0.2412728991696741,0.39933880512513964,0.5709327916303097,0.6348465693492986,0.5994559631281918,0.6398068521838919,0.6708395505857427,0.703729819405583,0.7201891037145175,0.7376750576060025,0.7488538488794468,0.7590853286400207,0.8334919885046915,0.8325843815233089
76,0.8131024627797131,0.0009199554261649539,0.071474714204669,3.952198124312623,0.000992411472629598,1.2023147270900658,1.1581530105996491,1.1631042891934933,1.3313090106445238,1.2897391281453197,1.135523780284858,1.135184598235179,1.3048212692585814,1.1566854707556034,1.2501062644172556,1.2792305422559747,1.1466972334096457,1.3412694363466684,1.1721461392032262,1.3240514208291172,-0.00913079100679672,0.24061671679843227,0.3991718112739506,0.5712503950079776,0.6338365651243097,0.5984893381885815,0.6389510306901919,0.6695370789176286,0.7031751110588981,0.7195129832309939,0.7371651409590921,0.7481449845826229,0.7577204344493631,0.8324265373859924,0.8325843815233089
77,0.8131042087374152,0.0009255092926812814,0.06806931784376502,4.409882510175578,0.0009917939496712864,1.1991754796652994,1.1570007416266008,1.1628471269166316,1.3318571125092806,1.2878531316922937,1.1338341017383293,1.1325451188779685,1.3036121511743333,1.1556006458774868,1.2480830973975374,1.2797299769795898,1.1451384494547001,1.34220888733634,1.170412022663474,1.3248722211638109,-0.010459606808960747,0.23994966790269628,0.39901466548581443,0.5715647406148865,0.6328951502453747,0.5975275435990604,0.6380924539398456,0.6682038372980791,0.7026151243925681,0.7188350880602928,0.7366573176456183,0.7474279542992328,0.7563682665060312,0.8313430816840529,0.8325843815233089
78,0.8132928693211835,0.0009310930088305165,0.06853099074214697,4.393506404372375,0.00099115248173898,1.196037680678574,1.1558351827941724,1.162601623446191,1.3323895803059742,1.2861673040696113,1.132151335480036,1.12989593193768,1.3023996000045275,1.1545002500814527,1.2460258096635641,1.2803982505965674,1.1434833069775723,1.3431755339992173,1.1685701714541543,1.325664347660992,-0.011777096841332086,0.23927111351191485,0.39885327685915606,0.5718725607985092,0.6320257075549358,0.5965740815337819,0.6372306157278542,0.6668556394356483,0.7020505371105452,0.7181543616971142,0.7361474063995636,0.7466950561717561,0.7550102409510161,0.8302328985287695,0.8325843815233089
79,0.813574918359003,0.0009366987152633591,0.06840247986838222,4.434876261243364,0.0009904871000969212,1.1929107908303123,1.1546615973357224,1.1623643840454148,1.33291605504358,1.284661856706501,1.130476310648432,1.127212959710791,1.30118650283741,1.1533797851579255,1.2439566811089071,1.2812258648298118,1.1417503894444971,1.3441730967529189,1.1666213781991839,1.3264216036549492,-0.013081088442858567,0.2385849730188607,0.3986884680374191,0.5721778623478389,0.6312270237291648,0.5956290019666366,0.6363640177371684,0.6654931126581987,0.7014784366448855,0.7174691871857416,0.7356364516466907,0.7459493572042949,0.7536547836727701,0.8291119205073273,0.8325843815233089
80,0.813976765001605,0.0009423187119367744,0.06836904026567936,4.359359529039246,0.0009897978371748723,1.1898002240829366,1.153487005052146,1.1621321096664357,1.3334395661550464,1.283318079366158,1.1288174832916917,1.1245071033362448,1.2999617786016677,1.1522434055211959,1.2419661226822274,1.2822227039386447,1.1399517765727967,1.3451713214254668,1.1645568364382128,1.3271300487306414,-0.01436901896020135,0.2378956584172137,0.3985168777515879,0.5724802257018505,0.630489811402686,0.5946942538454061,0.6354946795318973,0.6641164489919927,0.7008977395610562,0.7167801993378837,0.7351241372495505,0.7451915933356485,0.7522939012449814,0.8279816039664746,0.8325843815233089
81,0.8144843086341601,0.0009480245587935979,0.06895736278966069,4.803859787287232,0.000989084726566536,1.1867038864150279,1.152307610886503,1.1618651243458744,1.3339488483483406,1.282187175894206,1.127163122983828,1.1218200385159405,1.2986611594939779,1.151062996536027,1.2399000493368268,1.28323664232896,1.1380638840591166,1.346112755368786,1.1624408557909112,1.3277895051496158,-0.015642543068840633,0.23719932401094077,0.39830510964728344,0.5727731892440567,0.6298183631714219,0.5937667642373947,0.6346249738600982,0.6627207846401625,0.7003038622587137,0.7160865461952854,0.7346077955416663,0.7444198480739671,0.7509251715258372,0.8268492774376471,0.8325843815233089
82,0.8151274059096923,0.0009537961287116626,0.0695130149833858,4.3345046900889095,0.0009883478030279168,1.183629282196663,1.1511711771539737,1.1615965884313284,1.3344528284910693,1.2810251992194783,1.1255882822726706,1.1190947052149018,1.29733822572929,1.1498508063503943,1.2377787124660846,1.2842896310486778,1.1360778566932923,1.3470370441724926,1.1603743862927676,1.3284197334198975,-0.016903864610625763,0.2365262084427,0.3980892163849268,0.57306063895952,0.6291301376631055,0.5928667266139775,0.6337639218972423,0.6613281612430116,0.6997035108340522,0.715393307269137,0.734087363090281,0.7436333663653204,0.7495642516752403,0.8257193896520858,0.8325843815233089
83,0.8157697879761988,0.0009595983022105994,0.06888936180621386,4.093908409426844,0.0009875871024756287,1.1805728449295851,1.150067204570721,1.16131964782044,1.334952452934169,1.2798537460824055,1.124096797492958,1.1163307893111467,1.2960459826197968,1.1486305633979192,1.2356249112430375,1.2853958008955197,1.133990740818124,1.347948422072134,1.158374807106903,1.3290526292201221,-0.018154555179225786,0.23586871984238375,0.39786248512667527,0.5733425906875341,0.6284316159584297,0.5919941330682085,0.6329104743848405,0.6599455615690508,0.6991026492158774,0.714702364078488,0.7335639647322028,0.7428326062463089,0.7482183381151682,0.8245994572742203,0.8325843815233089
84,0.8164215155044304,0.0009654256576917683,0.06893120193853974,4.061406702321217,0.0009868026619851435,1.1775364312799081,1.148989503516553,1.1610339928415756,1.3354465355038914,1.2786704035609902,1.1226764351836955,1.1135434806066324,1.2947903373074923,1.147403977673291,1.2334504837924007,1.2865531181356398,1.1318170075148082,1.348844777737467,1.1564399502880491,1.3296857347292879,-0.01939377884117282,0.23522227925515263,0.39762369676978,0.5736187632200114,0.6277227601154732,0.5911460699149875,0.6320660284217301,0.6585752219230576,0.6985015104678121,0.7140132676707468,0.733038247759292,0.7420198544412274,0.7468865057350893,0.8234904463166588,0.8325843815233089
85,0.8171423640128088,0.0009713120339018067,0.06686793314293027,4.195716100601081,0.000985994519788984,1.1745411208629075,1.1479439176688742,1.1607500313246082,1.335928044290798,1.277472109874035,1.1213268384573412,1.1106970268127652,1.293529166953321,1.1461512148168589,1.2312094705847811,1.2877136428118112,1.129596380649454,1.3497217124783398,1.1545394328923544,1.3302920533036997,-0.02061052490625858,0.23459249661723378,0.3973812087453827,0.5738878368993667,0.6270050648614671,0.5903216180932378,0.6312250544878812,0.6572114970692078,0.697896891237471,0.7133252651239197,0.7325097403044906,0.7412009634724237,0.7455641245524683,0.8223800159356017,0.8325843815233089
86,0.8178192439859353,0.0009772378101800577,0.06819331040605903,4.096595499287337,0.0009851627152748603,1.1715829172548209,1.1469148769711024,1.1604558878824183,1.3363963898669828,1.2762753517720915,1.1200301964014658,1.1078217766501222,1.2922878095073531,1.1448792424219807,1.2289451758166743,1.288889611066801,1.1273365964630242,1.350575453466562,1.1526893475709903,1.330868044269108,-0.021804698491540913,0.2339677518581605,0.39712263589691404,0.5741487587541112,0.6262825792774471,0.5895178460711484,0.6303923374367244,0.6558608180868652,0.6972893716754874,0.7126378258147336,0.7319789694151975,0.7403771908996293,0.7442475955792052,0.8212712996972629,0.8325843815233089
87,0.8184669942420333,0.0009831949444065974,0.0692676343023777,4.217259441163687,0.0009843072889837512,1.1686649862721175,1.145901745646893,1.1601529751323003,1.3368631110678773,1.2750669089770452,1.1187736256574732,1.1049244639602396,1.2910912810499524,1.1435830319520708,1.2266777669947777,1.2900963912035202,1.1250313882615874,1.3514074516831727,1.1508961010948167,1.3314066047322788,-0.02297446059948761,0.23334619023473432,0.39685093580343933,0.574406163972247,0.6255549515386667,0.588731955649612,0.6295693424252036,0.6545266479209637,0.6966766334262279,0.7119491943904689,0.7314455071229364,0.7395462437275943,0.7429339855682615,0.8201741298710009,0.8325843815233089
88,0.8191932242931719,0.0009891815220948704,0.0695331348106265,4.1760815407040175,0.0009834282826079275,1.1657865903267053,1.1449001400522985,1.1598385036535819,1.3373249388351598,1.2738503941656845,1.11755235318191,1.1020097891215708,1.2899417746555308,1.1422661406946877,1.2244088442060337,1.291329978186545,1.1226908133301547,1.3522163256609792,1.1491558903904837,1.3319105355868426,-0.024120040818201606,0.2327249357013953,0.39656279404359296,0.5746588044058376,0.6248226042862816,0.5879625057730478,0.628756079504809,0.6532094334852595,0.6960596253493597,0.7112595440683078,0.7309098660116718,0.7387100701325043,0.7416236792439522,0.8190875206351155,0.8325843815233089
89,0.8199267827193094,0.0009951769760712637,0.07299700006842613,3.9305087970935095,0.0009825257389889197,1.1629536432596481,1.1439168648191371,1.1595180607291746,1.3377738799154082,1.2726327800130972,1.1163599493691463,1.0990806735373693,1.2888490487879116,1.1409578525863528,1.222129075953904,1.292615079244789,1.1203066967725757,1.3530127654486357,1.1474787758100637,1.3324148739251764,-0.025238343796547505,0.23210842807309393,0.3962636113920751,0.5749039582851596,0.6240839593768224,0.5872080773650231,0.6279536801298571,0.6519093000243393,0.6954456408749553,0.7105695688694256,0.7303731190332434,0.7378683141284688,0.7403256853363106,0.818009401008851,0.8325843815233089
90,0.8207360914344297,0.0010011831913106371,0.07130623329430819,3.815656542205134,0.0009815997021154303,1.1601648186720603,1.14294593186448,1.1591874923540706,1.3381982713598042,1.2714306925742003,1.1151985097812096,1.0961416939324884,1.2877981392438467,1.139658661828458,1.2198302393589275,1.293932123733888,1.1179010226354313,1.3537913657526073,1.1458555042102552,1.3329180516019428,-0.026330102309542983,0.23149361386253334,0.3959474525382993,0.5751371839425128,0.6233414426286129,0.5864688946968579,0.6271616508577035,0.6506251375622654,0.6948355719158659,0.7098802598354844,0.7298363318490448,0.7370258353025491,0.7390412196024015,0.8169362277369443,0.8325843815233089
91,0.821474470811868,0.0010072097875687238,0.07002631714567542,3.867827259856733,0.0009806502171211904,1.1574267340029158,1.141998804138783,1.1588575142435729,1.3386052663157555,1.2702249644982437,1.1140811966566428,1.0931579678525893,1.2867738934110053,1.1383623357438986,1.2174805921931597,1.2952674235309034,1.1154767435748167,1.3545589329476204,1.1442741602958453,1.3334248751777094,-0.02739374986926936,0.23088893279736755,0.3956272823945798,0.5753625481397152,0.6225939241183294,0.5857468320033189,0.6263745746488393,0.649351650229145,0.694228856835094,0.7091920149306264,0.729299590546092,0.7361832924285722,0.7377758859796,0.8158716835785541,0.8325843815233089
92,0.8222211939832125,0.0010132169692485071,0.06909562321379781,3.8683243729258754,0.0009796773302827588,1.1547527185028552,1.1410901389088315,1.158524960395703,1.339005316499787,1.2690514335015086,1.1129852115441634,1.090164825147672,1.2857378564008584,1.1370750275191652,1.2151081961106143,1.2966986849441062,1.1130316237369369,1.3552754869281223,1.1427812533963615,1.3339782176992387,-0.028426852258455856,0.23030844537179845,0.3953095243768622,0.5755856249521796,0.6218589650843895,0.5850349550143749,0.6255910895494642,0.6480830489601014,0.6936222940924203,0.7084983431438541,0.7287637877643798,0.7353434773910177,0.7365506359768857,0.8148477406339982,0.8325843815233089
93,0.8229854975189773,0.001019290657182445,0.07020037760958076,4.275025921065878,0.0009786810890172676,1.1521223981398165,1.1401985775956784,1.1581795201894267,1.3394016159434716,1.2679006575556933,1.111896693027616,1.087077167061223,1.2847726529357952,1.1357874258544687,1.2126413219675443,1.2981182110389122,1.1105303515331648,1.3559160922477178,1.1413090692808419,1.3345396416333641,-0.029435112699411885,0.22973171153780664,0.3949791175406059,0.5758063201855225,0.6211370153127093,0.584335793129297,0.624810339963154,0.646823829282759,0.6930167492746147,0.7077971233013172,0.7282246222513801,0.734495211890172,0.7353248544063364,0.8138308703670296,0.8325843815233089
94,0.8237772677521451,0.0010254137930128856,0.0692889941856265,4.12824151607712,0.0009776615418801106,1.1495313249731287,1.1393185058361575,1.1578252672517466,1.339781147779461,1.2667717714090945,1.1108022575312122,1.0839230743365238,1.2838803620591737,1.1345052460934684,1.2101073089342695,1.299533641839364,1.1079970504006202,1.356490809418075,1.1398839218331571,1.3351072144256209,-0.03042080616065614,0.22915612145654551,0.3946364863451439,0.5760195669100578,0.6204214596705464,0.5836451044729289,0.6240333833227109,0.6455764322839284,0.6924137388880135,0.7070905718461025,0.7276840486749526,0.7336433614349698,0.7341015908826548,0.8128247683011205,0.8325843815233089
95,0.8246018300256472,0.0010315403845515532,0.0693187341094017,3.6375114479008333,0.000976618738562577,1.1469838725482309,1.1384449311697709,1.1574651014321602,1.340126225944632,1.2656328389664622,1.109724741283816,1.0807819079034164,1.283030532649611,1.1332337299390969,1.2075655957356304,1.3009602950365433,1.1054884845035504,1.3570633114894846,1.1385120843580423,1.3356654150238745,-0.03138115413884975,0.22857940315044922,0.39427758267289664,0.5762174961030441,0.6196906038716103,0.5829632472117783,0.6232645005765052,0.644346716321824,0.6918165010492051,0.7063873779987152,0.727146149155629,0.7327989741523274,0.7328933654205747,0.8118278495360176,0.8325843815233089
96,0.8254040371198977,0.0010376731421597944,0.06846771109849215,3.530013643392811,0.0009755527298894293,1.1444733121446724,1.1375705162694796,1.157093359750823,1.340427319744165,1.2644827326876982,1.1086599964223178,1.077674231514872,1.2822167000795568,1.1319759130161307,1.2050244652436495,1.3023973450192508,1.1030160935549729,1.357626154086737,1.1371903505173855,1.3362151401305562,-0.032320264262280726,0.22799723563608382,0.39389477470176426,0.5763960382995829,0.6189402059075507,0.5822874040202909,0.6225034804995659,0.643134281805832,0.6912258566213262,0.7056884115225414,0.7266121438907475,0.7319648772322571,0.7316992374447948,0.8108382437467369,0.8325843815233089
97,0.8262572353133897,0.0010438282323261886,0.06966277630999684,3.0012139342016066,0.0009744635678164261,1.1420172438374023,1.1366939300799437,1.156717861663828,1.3406705035672992,1.263145679668673,1.1076662339789214,1.0746817398952722,1.281319127602869,1.1307296117901948,1.2025117084854218,1.3036375480860374,1.1006461029699612,1.3581529809119193,1.1358974789275538,1.3367240793594009,-0.03323195470770541,0.2274029056770865,0.3935009584121298,0.5765576389651899,0.6181470453403514,0.5816362777260927,0.6217712064838058,0.6419680185461946,0.6906499287932516,0.7049983546284351,0.7260790701746719,0.7311544382484498,0.7305071615318774,0.8098355084390629,0.8325843815233089
98,0.8269581963327894,0.0010499933427137982,0.0691658640280366,3.491349325218904,0.0009733513054277904,1.1395937871050215,1.1358339493847598,1.1563817788351216,1.3408910676768762,1.261768797047538,1.1067159890908684,1.0717213331845141,1.2803705103736356,1.1294845468933123,1.1999812067946334,1.3048672618482704,1.0983063853969866,1.3586482951331758,1.1346328700935597,1.3372111079536468,-0.03413299583929044,0.2268155349461966,0.3931350835832618,0.5767136888276766,0.6173421899374805,0.5809962596725005,0.6210441774457612,0.6408174322816721,0.6900799565984448,0.7043103069070604,0.7255494767866835,0.7303526018992306,0.7293227898132968,0.8088400842439473,0.8325843815233089
99,0.8278467874402867,0.0010560775952600803,0.06786890793591738,2.7540310303297812,0.0009722159969336218,1.1372492412072701,1.1349797129706833,1.1560302535644946,1.3411092782126564,1.2601833646388652,1.1058755088548577,1.0687654387636059,1.27956173979589,1.1282689731133557,1.197463824076507,1.3060312454190703,1.0960467010482284,1.3591621909377662,1.1333602579330067,1.3376927326879768,-0.03499825483697362,0.22622625414321168,0.39276560136704475,0.5768730546579451,0.616500917164954,0.5803947626213072,0.6203438708011741,0.6397300250273807,0.689531200962221,0.7036346415018464,0.7250254699277933,0.7295710821501797,0.7281633387047876,0.8078299805213843,0.8325843815233089
100,0.8285102810390763,0.0010620897292446644,0.06766233593225479,2.712754043845944,0.0009710576976672547,1.1349814347019798,1.1341298299204736,1.1556704751130258,1.3413238031607966,1.2583961896683906,1.1051263262641524,1.0658332441330074,1.2788755370020344,1.127081232710963,1.1949756859851821,1.3071445732388312,1.093858076674424,1.3596812028748695,1.1320912228929942,1.3381655943338346,-0.03582955467615887,0.22563397450838657,0.3923957417310977,0.5770351943595871,0.6156214929737803,0.579825262831508,0.6196686038034163,0.6387002026615394,0.6890014043127463,0.7029704825384283,0.7245074967429458,0.7288077673187157,0.727021349829831,0.8068112026990829,0.8325843815233089
101,0.8292017127963919,0.0010680248988291685,0.06817102897912264,2.6565009565021334,0.0009698764640825613,1.1327844521146684,1.1332806943850122,1.1552912110771563,1.34152141595318,1.2564722212452784,1.104464654692136,1.0629375896029112,1.2783074039219986,1.1259186182469751,1.1925223358702335,1.3082169350497626,1.0917411963089312,1.3602014526122896,1.1308072154241608,1.338622150801176,-0.03662445396535497,0.2250359794696555,0.39201177337486753,0.5771934866877829,0.6147156176285389,0.5792867540446506,0.619018157394863,0.6377256315553841,0.6884883699896741,0.7023155674505536,0.7239949662036079,0.7280633298511574,0.7258989557124563,0.805781670550597,0.8325843815233089
102,0.8298029670961187,0.001073880972976314,0.06874332204461098,2.6435492783821406,0.0009686723537511998,1.1306478585646014,1.1324295667851025,1.1548993758101318,1.341707235686863,1.2544259539820395,1.1038686841851704,1.0600955549458904,1.2778529070148186,1.1247766142577078,1.1901236814850191,1.3092746551123102,1.0896905279780607,1.3607145017490923,1.1295094967866077,1.3390582848136048,-0.03738817514193676,0.2244300571755754,0.39161879043019954,0.5773496926139301,0.6137853911734785,0.5787727203802431,0.6183919298548006,0.6368031537959399,0.6879889626949359,0.7016684966677347,0.7234880952260786,0.727335940767746,0.7247918299794406,0.8047494409827559,0.8325843815233089
103,0.830446817703809,0.001079676364481238,0.06870512198656797,2.676547730235821,0.0009674454253598092,1.128573412156929,1.131582058060751,1.1544906870413012,1.3418844500828206,1.2522677611405837,1.1033520321224448,1.057279003025809,1.277489916456207,1.1236542292489278,1.1877416257284708,1.3102862655571637,1.0876975440144927,1.3612340891181414,1.1281991196125305,1.3394816753048815,-0.038120758230068205,0.2238209852918909,0.3912151705770404,0.5775049543346938,0.6128348536920801,0.5782860580079868,0.6177857877174073,0.6359252856970871,0.6875035261799161,0.7010290757943045,0.7229853133098127,0.7266241266102417,0.7237032077442541,0.8037084604320469,0.8325843815233089
104,0.8310814651205732,0.0010853038317678576,0.06952550495043397,2.1265853428294927,0.0009661957387071484,1.1265472108673305,1.1307335256346744,1.1540267896820346,1.3420376322995635,1.2499739372890026,1.102896415487651,1.0544702150206011,1.2772165784600678,1.1226032221343993,1.1857243864765445,1.3114251276698203,1.085772198600377,1.3617539664484928,1.1268553941483954,1.3398816826426807,-0.03883487017947205,0.22320435467956803,0.3907727067030107,0.5776548663658299,0.6118550323811436,0.5778245371651725,0.6172020396747273,0.635090007799433,0.6870369594986712,0.7004136386637011,0.7224972336482011,0.7259341446944861,0.7226529721389846,0.8026708840207278,0.8325843815233089
105,0.8316768026548349,0.0010907713745595886,0.06974714575335383,2.1284645734881367,0.0009649233547011815,1.1245677856450484,1.1298834298613285,1.1535132109320114,1.3421640437677895,1.247574257690447,1.1024916434388103,1.0516824726201166,1.277030698518872,1.1216148000833253,1.1840497361419418,1.3126841903074569,1.083910881692789,1.3622674264366552,1.1254758291267517,1.3402556572196385,-0.039529393092907886,0.2225798875457205,0.3902938790020543,0.5777977154481965,0.6108513047901093,0.5773850627028028,0.6166401116571412,0.6342952901220791,0.6865865824492347,0.6998195004441996,0.7220227098110534,0.7252646063605146,0.7216357407270625,0.8016372381624647,0.8325843815233089
106,0.8322363513156567,0.001096077993374747,0.06730872485786676,2.153717996166392,0.0009636283353561104,1.1226350486383194,1.1290310632673835,1.1529555425989333,1.3422677131183973,1.2451015783096002,1.1021218246474431,1.0489281331075235,1.2769413326274102,1.1206796220390587,1.1827070060552196,1.3140652608564516,1.0821097915578402,1.362768431622212,1.1240601531145709,1.340600264053664,-0.04020286561815065,0.2219469756572161,0.38978266769784137,0.5779342622080977,0.609831981144053,0.5769636524648446,0.6160998344797953,0.6335408862911271,0.6861493912312748,0.6992440843832223,0.7215606247677663,0.7246135704505877,0.7206451462347079,0.8006103673929993,0.8325843815233089
107,0.8327537043673072,0.0011013682275116574,0.06835434027016163,2.545618211471568,0.0009623107437893505,1.1207555821243955,1.1281757975254736,1.1523968725043516,1.3423536754031542,1.242580708227877,1.1017949946202892,1.0462543944680622,1.276916035815178,1.1197446518318108,1.1813224987940523,1.3153842364636756,1.0803499157146916,1.3632267565754532,1.1226443490313518,1.3409244479577276,-0.040846750391564435,0.22130708542010855,0.38926574253510676,0.5780649292253546,0.6088012764646304,0.5765575762205218,0.6155778978690041,0.6328217609101348,0.6857189518380011,0.6986689387923297,0.7210994388100546,0.7239718235744266,0.719643673058789,0.7995803619704577,0.8325843815233089
108,0.833299044254774,0.0011066544438963937,0.06906502274796367,2.545505593432137,0.000960970644218456,1.118942556344532,1.127326174351672,1.1518310072197855,1.342416705473808,1.2400192584877696,1.1015356869682777,1.0436409836854676,1.276932044893305,1.118811376568787,1.1798764279718394,1.3166101318354542,1.0786288514145705,1.3636531771900386,1.1212306151970175,1.3412322465269833,-0.041452486220854845,0.22066648904085176,0.3887386371718024,0.5781873618566996,0.6077602939524474,0.5761719813567586,0.6150709280588851,0.632131476841467,0.6852962126198459,0.6980950139863411,0.7206380435673101,0.7233396403238282,0.7186355102286239,0.7985400448227936,0.8325843815233089
109,0.8338751206639621,0.0011117956634068252,0.06722923507913947,2.0916476297430737,0.0009596081019579896,1.1171788389620534,1.1264813344980869,1.1512183694303322,1.3424568509080521,1.2374263504483094,1.1013126306187253,1.0410332802623994,1.2770137819438598,1.1179282333603193,1.1787213154466087,1.317941610821987,1.0769536226005942,1.3640777670808688,1.1197736631135893,1.3415176181026462,-0.04203380969883217,0.22002294540701833,0.3881789886670237,0.5783029879459688,0.6067152755176907,0.5758054845756684,0.6145819211726681,0.6314708424106462,0.6848849270657239,0.6975377245495121,0.7201872391528797,0.7227235793628118,0.7176584093215077,0.7975022903259745,0.8325843815233089
110,0.8343541909470306,0.0011169440797753891,0.06712831370532513,2.5909515102247687,0.0009582231834163388,1.115471296308074,1.125643375767835,1.150601800636268,1.3424899389972453,1.2348192766460848,1.1011388764459422,1.0384698221306439,1.2771305671554603,1.1170386694999797,1.1774697982220341,1.3191809262058638,1.0753040810725738,1.3644755990177522,1.1183147204531643,1.3417909229471545,-0.042583255728048525,0.21937985366470059,0.3876145798057847,0.5784157810389493,0.6056707417020466,0.57545642898576,0.6141066527612542,0.6308343434027986,0.6844784369455674,0.6969783430410551,0.7197350079590378,0.7221136409571209,0.7166735429349378,0.7964566605272462,0.8325843815233089
111,0.8348426573984069,0.0011221001747067697,0.06676160311326385,2.606054140427274,0.000956815956092479,1.1138168695358421,1.1248141588179073,1.149982413034988,1.342520748061205,1.2322020569031262,1.1010116069464624,1.0359437351246432,1.2772742043789196,1.1161426014247933,1.176122538420772,1.3203295482517465,1.0736765669093684,1.3648535018705896,1.1168575799276776,1.3420539874028254,-0.04310311333879981,0.21873874968017948,0.38704767440754784,0.5785275149651068,0.6046285533616438,0.5751238768163746,0.6136436703548859,0.6302188073187944,0.6840762939966379,0.6964168962518948,0.7192812914959302,0.7215092585084086,0.715683843850146,0.7954050157956858,0.8325843815233089
112,0.8353418896277226,0.0011273620633493453,0.06699052359908819,2.9956295127577164,0.0009553864885726854,1.112190046022173,1.123988492791046,1.1493325672094088,1.3425522625773945,1.229618981064363,1.1008943622249836,1.0334246639913403,1.2773202548424583,1.1152215790841082,1.1745724842744423,1.3212121617026744,1.0720737059883434,1.3652245421075795,1.1154403561791655,1.3422971250985594,-0.04360376140427337,0.21809397034529804,0.3864593149746584,0.5786396832172825,0.6036073876240018,0.5748036316828206,0.6131932698451356,0.6296104624493353,0.6836743208577011,0.6958469292561946,0.7188179379293744,0.7209107989935299,0.7146919270658392,0.7943502772777807,0.8325843815233089
113,0.8358936505986682,0.0011326446000603457,0.0670320843346417,2.7887477535218115,0.0009539348505271879,1.1105994500919942,1.1231470566625088,1.148672718936942,1.3425822753264869,1.2270745691193532,1.1008143512987092,1.0309014424178826,1.2774113402716982,1.1142859332810318,1.1728854986166088,1.321970424744381,1.0704889667672188,1.3655587262426554,1.1140637457544946,1.342526527779046,-0.04407761249820788,0.21743264866338005,0.38586026203402846,0.578750754949974,0.6026046747658145,0.574500075863299,0.6127522703426315,0.6290243083982627,0.6832755984090448,0.6952726998225967,0.7183510759409161,0.7203174877162888,0.7136973100227845,0.7932982446031964,0.8325843815233089
114,0.8365176940959994,0.0011378573753875352,0.06678390270099044,2.100299778977682,0.0009524611127067768,1.109030151375815,1.122298300984318,1.1479513891939352,1.3425922724156425,1.2244861143009937,1.1007786231850445,1.0284654708779544,1.2775182187783947,1.113398456221402,1.1713947605982684,1.3227697212780896,1.0689260675737786,1.365845687469534,1.112652393232384,1.342729595217892,-0.04454703307687539,0.2167649851969171,0.38521558024927904,0.5788564183326651,0.6015921343393366,0.574210151187051,0.6123275653975928,0.6284649215594311,0.6828878812305299,0.6947073243012751,0.7178898117586042,0.7197320090728082,0.7127025007502192,0.7922421554863835,0.8325843815233089
115,0.8371229326668208,0.0011429628412347524,0.06691167317330837,1.9983301551513935,0.0009509653469393544,1.1075057017910097,1.1214576879047873,1.1471915240247375,1.3425709421291532,1.2218945801481338,1.1007668801791894,1.026046883318749,1.2776595859902946,1.1125569186190478,1.1701796370196071,1.3236598685711467,1.0674020134936455,1.3660915333565424,1.111205274101504,1.3429122368443296,-0.04499395784932553,0.2160991911800165,0.3845435645510522,0.5789510795810301,0.6005775455983958,0.5739339899369866,0.6119162487914546,0.6279217970527748,0.6825088212183836,0.6941579804459008,0.7174370089189567,0.7191585560785173,0.7117148683811283,0.7911875844231202,0.8325843815233089
116,0.8375478305962064,0.0011481889965511995,0.06856303103268147,3.1487330180998097,0.000949447626126434,1.1059964879962045,1.1206296362393438,1.1464560322152517,1.34252034611721,1.2195485824464962,1.1007469234227039,1.0236393416694411,1.2776433028732619,1.1116850570213304,1.1687739769782903,1.3244880356989897,1.0658509225768336,1.3662675961305961,1.1097708293727961,1.3430939365678782,-0.04542375156111124,0.21543952996822702,0.3838735936333,0.5790310924398852,0.5996193118299735,0.573650669191527,0.6114889268720862,0.6273428735624329,0.6821208133929672,0.693594458042926,0.7169793333496133,0.7185798841167461,0.7107114487498357,0.7901400822203504,0.8325843815233089
117,0.8381412651987953,0.0011535323499013163,0.06843817001208663,3.1603389023067288,0.0009479080242395868,1.1044644633777083,1.119800787599655,1.1457352697429855,1.342440423130736,1.2174246419058214,1.1007087480755384,1.0212547620060253,1.2774639923425957,1.1107822007526618,1.1672049191029832,1.325276507794875,1.064288985284609,1.366379837565497,1.1083486709594783,1.3432793141353683,-0.04586263091625616,0.21478001012477307,0.38319894624060197,0.5790962419757305,0.5987097670589926,0.5733566664241865,0.6110448143182637,0.6267261381465593,0.6817236742398608,0.6930194755188682,0.716519617889192,0.7180002926595226,0.7096998976281579,0.7891038734114737,0.8325843815233089
118,0.8387799511929221,0.001158982839295708,0.06908658286556602,3.1260696296921777,0.0009463466163168367,1.1029201291665158,1.1189728533229342,1.145026094394768,1.3423274520914552,1.215518157931033,1.1006535928245553,1.018892961964317,1.2771341490902737,1.1098528805573478,1.1654947836354528,1.3260193565154639,1.0627221305823766,1.366428825291371,1.1069345682871348,1.343467168135359,-0.04630405375436306,0.2141216421948178,0.3825180798944984,0.5791453990487666,0.597847306704397,0.5730533298216608,0.6105857967639831,0.6260755544381865,0.6813186326360271,0.6924345297090596,0.7160579518637802,0.7174209169643605,0.7086806047536167,0.7880760203919435,0.8325843815233089
119,0.8394550846922769,0.0011645313535869344,0.07010295707732439,3.1010114011776526,0.0009447634784590033,1.101373971823096,1.1181481350040217,1.1443257268721987,1.342178762872022,1.2138259982333368,1.100583151963996,1.016552012885442,1.2766655421443114,1.1089009322853691,1.16366248607252,1.3267109873470173,1.0611539085022366,1.3664149956339744,1.1055255181901045,1.343656473011887,-0.046741355401960796,0.21346572520435064,0.38182988145256436,0.579177822402674,0.5970311696509708,0.572742152155725,0.6101135351836304,0.6253947014492486,0.6809067454479736,0.6918409453073038,0.7155944210415236,0.716842415775239,0.7076534952569193,0.7870539667981846,0.8325843815233089
120,0.8401593713755044,0.0011701697928820426,0.06872510118409991,3.0866440302669598,0.0009431586878259917,1.099835415621983,1.117328550946842,1.1436318600540611,1.341994043710017,1.2123445855916197,1.100499209323426,1.0142282635842843,1.2760684009304215,1.1079293957045313,1.1617227591725428,1.3273453370953798,1.0595868809940372,1.3663404592661763,1.1041192627934717,1.3438465004780304,-0.04716856662401449,0.2128133645186797,0.3811338584687872,0.5791936100144304,0.5962611633360578,0.5724245928644234,0.6096293863568968,0.6246866357371045,0.6804888887217784,0.691239739963735,0.7151289507975153,0.7162652247763593,0.706619055217091,0.7860358570937561,0.8325843815233089
121,0.8408890302493085,0.001175891269488218,0.07024560822173953,3.079558959388703,0.000941532322633034,1.098313102193275,1.116515561971941,1.142942467970563,1.341774192355984,1.2110706765789288,1.100403381899029,1.0119168395971214,1.275351465867219,1.1069407635877118,1.1596875246223166,1.3279157778155875,1.0580230336438772,1.3662080643175645,1.10271400591277,1.3440367325732547,-0.047580218822448055,0.21216542441544747,0.3804298341790127,0.5791932767466555,0.595537540136057,0.572102006952032,0.6091344006021377,0.6239538644464362,0.6800657945400455,0.6906317638519444,0.7146613779101995,0.7156896510381879,0.7055779996227528,0.7850202068388861,0.8325843815233089
122,0.8416437185714997,0.0011816897196837567,0.06795783806592226,3.0731252386360146,0.0009398844621468748,1.0968144167703182,1.1157108677828809,1.142256208255037,1.3415200434579784,1.2100022148480223,1.1002961584334,1.0096130693351062,1.2745223494722342,1.1059372659905133,1.1575678797606301,1.3284131946898692,1.0564643529585955,1.366020921268125,1.1013083213565638,1.3442269906493762,-0.04797179821493179,0.21152318265147563,0.37971832609802547,0.5791774066205774,0.5948608820605362,0.5717753386587576,0.6086293200190699,0.6231984463093249,0.6796381126842944,0.6900179547647091,0.714191556135732,0.7151160338438942,0.7045311412161631,0.7840057045523855,0.8325843815233089
123,0.8424276018925403,0.0011875608454395652,0.06920817401260138,3.0754507674693836,0.0009382151866819099,1.095346319026574,1.1149161470159392,1.1415725945393567,1.3412334234695786,1.2091370080764514,1.1001762279363951,1.007311384857229,1.2735878341809217,1.1049207145467796,1.1553730580178994,1.3288263082860854,1.0549121912185824,1.365781523015201,1.0998997114919087,1.3444171955775597,-0.04833916866834712,0.21088795474268837,0.3790007374080531,0.5791471071947091,0.5942323850472611,0.5714450962159235,0.6081146454094919,0.6224221080820418,0.6792063589453722,0.6893991069667215,0.7137193087374117,0.7145446212062254,0.7034790807154259,0.7829909321891717,0.8325843815233089
124,0.8432642945648042,0.0011934806764309078,0.06864972086623311,2.809999594301054,0.00093652457759627,1.0939215838984158,1.1141081003767097,1.1408784433301378,1.3409298803418868,1.2084596509118934,1.1000377341480916,1.0050138985291703,1.2725346175352492,1.1039095743240377,1.1531653789279979,1.32913483985193,1.0533706946188475,1.365520630956595,1.0984918022977375,1.3446115750811416,-0.04867341339911691,0.21024437312833938,0.37826652664981303,0.5791070671238204,0.593654186169679,0.5711123873631755,0.607594754232003,0.6216302494398251,0.6787732523766926,0.6887770389439293,0.7132441970177456,0.7139757676652473,0.7024267221948717,0.7819786279293145,0.8325843815233089
125,0.8440024602484665,0.0011993171217319835,0.06980282673612237,2.64847881964647,0.0009348127172878569,1.092491319798243,1.113303255945394,1.1401980035237842,1.3406588272818283,1.2079053251940928,1.0998429074469613,1.0026996363089826,1.2714483817931714,1.1028987230276306,1.150929217082349,1.3293852297837094,1.0519744146498182,1.3653729464047486,1.097158662266873,1.3448585727298534,-0.04902161511310489,0.20961039070430149,0.377555697433387,0.5790798588757418,0.5931286069312778,0.5707661535114779,0.6070648643058407,0.6208326500321995,0.6783368651651926,0.6881525274453981,0.712771189228209,0.7134300860642564,0.7014262191273822,0.7810198439629412,0.8325843815233089
126,0.8449236260045246,0.0012051550608799654,0.06967073632404208,3.160863799427462,0.0009330796891903273,1.091117981720608,1.112515043730105,1.1395442787834669,1.3403825256365864,1.2075470801917767,1.099617838052617,1.0003882792472432,1.2703041845723035,1.1018781706549337,1.148678395395477,1.329664586131107,1.0504989308168906,1.3651213192769747,1.0959319071187275,1.3450946809787356,-0.04932907853570743,0.20898655055699122,0.37686476088701715,0.5790495031325472,0.5926636382755848,0.5704177431246122,0.6065333503039615,0.6200250803223171,0.677895544255122,0.6875224848335891,0.7122994778207431,0.7128770700678183,0.7004232512653072,0.7800791437945962,0.8325843815233089
127,0.8458508751980154,0.0012110362599827677,0.06959721492603421,3.055887640018778,0.0009313255777690251,1.0898467368173448,1.1117389162823874,1.138914141126901,1.3401038916374135,1.207399884537973,1.09933978369069,0.9980623525372679,1.2690457248637201,1.1008594924449873,1.1464263810731279,1.3298550357122965,1.0490003338148224,1.3648165894905786,1.0946645277583853,1.3453144827457357,-0.0495677268656195,0.20836801902013846,0.37619227498016183,0.5790194203309026,0.592270193109701,0.5700640144211901,0.6060011195773767,0.6192041466743947,0.6774501001923386,0.6868841359446116,0.711822401026466,0.7123188263615826,0.6994075411399427,0.7791388339100234,0.8325843815233089
128,0.846837399103346,0.0012169152702927069,0.06969167524948716,2.412830392708734,0.0009295504685168668,1.0886649912172675,1.110964474899511,1.1382502141351758,1.3397929984115984,1.2074655089685522,1.0990281171084846,0.9957275630262294,1.2676820735121317,1.099891151434766,1.1443106779922931,1.329967711556143,1.0475078292328506,1.3644548622174932,1.0933464361420655,1.345520960920267,-0.04974685154120694,0.20775150961469951,0.37549110394843754,0.5789764367803896,0.5919379638479014,0.5697081702837145,0.605466932329624,0.6183772062758626,0.6770119168214366,0.6862508790937598,0.7113444041209506,0.7117626206819979,0.698381953496268,0.7781850090084579,0.8325843815233089
129,0.8477301464370257,0.001222833336588448,0.07143810391426086,3.1485342984718847,0.0009277544479501732,1.0875710774781289,1.1102091124402118,1.1376381391394206,1.339500319158185,1.20776488344906,1.0986947924215602,0.9933376030599448,1.2661331601404888,1.09891724121019,1.1421823140798373,1.330017665767217,1.0459966665402003,1.364047987740702,1.0919877807032738,1.345708049692681,-0.04986672599026037,0.20714583075590656,0.37484341584516623,0.5789448297363562,0.5916973422670829,0.5693496420767548,0.6049175176452143,0.6175198387776359,0.6765672534410839,0.6856092735215554,0.7108659743182097,0.7112033631491768,0.6973445736970575,0.7772311718395041,0.8325843815233089
130,0.848844183861504,0.001228737716812924,0.07082276092842221,2.9549173883191893,0.0009259376036044523,1.0866455895596443,1.1094802917621922,1.136989512768941,1.339197906827847,1.2083438329709622,1.0983160154878844,0.9909041821680914,1.2643744020617564,1.0979476107966977,1.1402133111579535,1.3299994588480017,1.044481179406173,1.3635961692324177,1.0905665892944505,1.345870531092421,-0.049878501752838526,0.20655799939643618,0.37417779799733264,0.5789092472585244,0.5915569726744117,0.569000645214247,0.6043763372011333,0.6166385409009443,0.6761187643746371,0.6849709151261528,0.710383122527942,0.7106430964935441,0.6963083749751124,0.7762766516299465,0.8325843815233089
131,0.8499875698937728,0.001234400139552281,0.0756387123838067,2.2860619892728136,0.0009241000240301347,1.0860485795677106,1.10881033129411,1.1363023245153296,1.338887318391829,1.2090475573853303,1.097905128579556,0.9885026286253042,1.2626795293857747,1.097033819183631,1.1385261911122537,1.3300096567979705,1.04297043999861,1.3631441324871685,1.0890650447078276,1.3459922547139802,-0.04968743193368035,0.20599284576131746,0.37350225364494855,0.5788747118784457,0.5914944351033985,0.5686804496625677,0.6038781569782542,0.615797323101836,0.6756851119549614,0.6843535791604088,0.7098998164709049,0.710084018810139,0.6952841342762378,0.7753126742487664,0.8325843815233089
132,0.8511536053915234,0.001239867996926379,0.07369353389367461,2.4330493458361673,0.0009222417987882565,1.0857751912304692,1.1082147505943716,1.1355415187436932,1.3385706886434405,1.2098907397015612,1.0974955824181525,0.9860741919775168,1.2608459965508807,1.0961689559919119,1.1370889992258268,1.330176274622418,1.0414663808182731,1.362703363045257,1.0875259215721444,1.346078766841501,-0.04929626370257984,0.20546103527949997,0.3727951330994713,0.5788403865658651,0.5915167237051564,0.5683982855380454,0.6034230222096634,0.6149664309214523,0.6752603416963131,0.6837532929693667,0.7094170824356131,0.7095260980409521,0.694268254820351,0.7743346580458629,0.8325843815233089
133,0.8524027280537028,0.0012461483928980315,0.07400379423052073,5.89446404140954,0.0009203630184460944,1.0853536132682677,1.1074569821316689,1.1347497007976128,1.3380687909946298,1.2102674164285419,1.0970875828472406,0.9838458245639597,1.2590426487198954,1.0952686060859884,1.1353917459920202,1.3303896024973,1.0397293996719095,1.3615925214404363,1.0861552235702425,1.3461589158886955,-0.04903602040240519,0.20484861483845673,0.37201731621361367,0.5787193522666264,0.5913000738065045,0.5680710367120247,0.6029422361171751,0.6141436514704378,0.674812871178678,0.6830853611649931,0.7089137042986112,0.708898768166577,0.6929996318016481,0.773234543519636,0.8325843815233089
134,0.8538572658579218,0.001253123878848624,0.07212242716923356,6.392424383755189,0.0009184637745727513,1.0848517512123332,1.1065266327183627,1.1339539454191936,1.3374004763942646,1.210259816197517,1.096841382507751,0.9818777917861904,1.257417952794877,1.0943164403094094,1.133420699491399,1.3304209922063261,1.037784957083819,1.3598442521194936,1.0848385756293246,1.346225318149135,-0.04884368505233692,0.20414989565432728,0.3712002792615384,0.5785081570461731,0.5908648607944741,0.5677413640050724,0.6024512696129257,0.6133409171017805,0.6743414517852027,0.6823547986610413,0.7083840760426199,0.7082087961446016,0.6915274296523516,0.7719867795277033,0.8325843815233089
135,0.8554671448203262,0.0012607141281786474,0.07051116926595569,6.568867856340282,0.0009165441597346947,1.0842639405025594,1.1054361857332355,1.133103781077298,1.3365438417051878,1.2098086927439842,1.0967661594851854,0.9801293890039798,1.2558838922939586,1.0933397762329418,1.1311501320092723,1.3304513175819848,1.0356484093228844,1.357590977868542,1.0836363146857746,1.346300793069777,-0.04872743132750627,0.20337034328630502,0.3703119174811911,0.5782067794357375,0.5902217312565561,0.567417535167063,0.6019595566997995,0.612563677432247,0.6738587150007948,0.6815625415633756,0.707838108281454,0.7074594304454844,0.689899901451395,0.7706323276938991,0.8325843815233089
136,0.8572577001066163,0.0012687414734313183,0.071535584051162,5.722012615494993,0.0009146042674912433,1.0839220797974454,1.1043136419288566,1.1322806611404317,1.3355952432618095,1.2094141881026392,1.096740274038497,0.9785826776341991,1.25444222251908,1.0923254380527814,1.1286900372824888,1.3298745174731803,1.033480590199796,1.354953431412786,1.0823189949385532,1.3463642353303478,-0.04846307090781692,0.202578004394435,0.36943280477485346,0.5778400304006988,0.5895042578346746,0.5670874347720811,0.6014682035309279,0.6117928260540554,0.6733659303839508,0.680740456331732,0.7072582618894071,0.7066861011212981,0.6881682562556757,0.7691412727281137,0.8325843815233089
137,0.859070076629392,0.0012770995158019516,0.07092485157772899,5.990655757380022,0.0009126441923900084,1.0838425374199394,1.1031970060462184,1.1314926882605036,1.334559210931627,1.209122313690892,1.0967560742584064,0.9771764934424514,1.25323795435803,1.0912661932991647,1.1260765473900598,1.3288554058093662,1.0312585807456427,1.3519698417946338,1.0809098111903108,1.3464099301362198,-0.0480401746700493,0.20179195362531824,0.36857426220517575,0.5774144895122862,0.5887281078779583,0.5667472082237565,0.6009670475985144,0.6110440786817828,0.6728607163272272,0.6798899553580444,0.7066494618946957,0.705888116771472,0.6863503377251593,0.7675392874498524,0.8325843815233089
138,0.860960741447442,0.001285683979055758,0.07186911534518003,4.7362476445484765,0.0009106640299622852,1.0841248075856096,1.1021063776128959,1.1307665515754586,1.3334752059415107,1.2088281591625543,1.0966152087453214,0.9757532115837815,1.2519172969339392,1.090210553374987,1.1233179407611842,1.3275283220223648,1.0290562280144115,1.348981092747054,1.079505580053521,1.3464760377650116,-0.047420942208825145,0.2010243339330701,0.36777612988013114,0.5769573531342622,0.5879132756064118,0.5663628548923797,0.6004589412336822,0.610297988392902,0.6723632155114605,0.6790353504053984,0.7060383395970365,0.7050849907208521,0.6845321378931886,0.7659355325854226,0.8325843815233089
139,0.8628436153765113,0.0012947579025509026,0.06870562117546797,6.663068945431966,0.0009086638767183966,1.0844694936213697,1.1009806505575022,1.1301127247316685,1.3323600985627078,1.2084680322639558,1.096408603913403,0.9743944689414019,1.2505953722482135,1.0890953797664804,1.1203577088967804,1.3259531909681335,1.0267727455034936,1.3457217252397153,1.0780568734615128,1.346536833046288,-0.046777076583054175,0.20024385804075417,0.3670183091874024,0.576458966071268,0.5870084216362504,0.5659317955696566,0.5999187720213051,0.6095488007493046,0.6718458170987175,0.6781339650739557,0.7054052846170386,0.7042508103239762,0.6826443535312786,0.7642555017329472,0.8325843815233089
140,0.8648175003682841,0.001304380270554488,0.07150809280574322,6.833373195906845,0.0009066438301429902,1.0847548216309488,1.0997905574308975,1.1294750585439441,1.3311638279746911,1.2078674603478425,1.096055273297346,0.973084481227172,1.2492068962271348,1.08793818639887,1.1171985827781328,1.324279808120441,1.0244060255730045,1.3422754472952334,1.0766231156076933,1.3465981013356687,-0.04618742847183629,0.1994354334331988,0.3662468192811011,0.5759118631877751,0.5859907863675969,0.5654323976250287,0.5993401914121329,0.608790768649598,0.6713145137224371,0.6771874076546869,0.7047638500831905,0.7033886751785198,0.6807115578762,0.7625393574552394,0.8325843815233089
141,0.8669955890315504,0.0013140243119306551,0.06967226509004831,4.744442258575813,0.0009046039886902862,1.0854521166987943,1.098788692257797,1.1289329118070754,1.3298749809530934,1.207396899500946,1.0955213922699258,0.9717268269716915,1.2475330834370573,1.0867773378188847,1.1140401273041531,1.3223260874559448,1.0221558627814766,1.3389122599281496,1.0752254426269445,1.3466897435909302,-0.0454082295260627,0.1987234316704443,0.3655908444854099,0.5753718618572169,0.5850483298431687,0.5648955585157434,0.5987494801970472,0.6080225659501793,0.6707863752120913,0.6762570610559909,0.704123716937651,0.7025483932311922,0.6788268849780053,0.7608716912519078,0.8325843815233089
142,0.8690826376954632,0.0013237442777228534,0.06898269290104508,4.461844758722125,0.0009025444517792792,1.0864139064339364,1.0978558727043108,1.128494465274924,1.3283847164807356,1.2068550072431263,1.094808864208566,0.9703440820488755,1.2455682914864912,1.0856252382296334,1.1109192690981922,1.3200651087275197,1.0201314711048808,1.335677406693781,1.0738089440823264,1.3468276005361357,-0.04449809917525019,0.19805762216800205,0.3650098359127107,0.5747953617219949,0.5841375665677138,0.5643297043410417,0.5981637638577217,0.6072611643961285,0.6702679391222642,0.6753581310881037,0.7034818176845378,0.7017408950139179,0.6769923195045507,0.7592356327673988,0.8325843815233089
143,0.8711588277215265,0.0013334295250083754,0.06786713795736432,3.7626176068483543,0.0009004653197888923,1.0877146699286533,1.0969857737070023,1.1280836813587487,1.326855823594373,1.206229474297343,1.0940862006043395,0.9688949878283456,1.2434307879211262,1.0845070479581556,1.1079116164631673,1.3176756072399176,1.0181571885842648,1.3325131552663183,1.072434530792453,1.3469840780350761,-0.04341882089677214,0.19742657200926586,0.3644678310245103,0.5742169446661091,0.5832313652981519,0.5637655554478909,0.5975789421692276,0.6065061420899708,0.669765674482687,0.6744943232667905,0.7028492924373972,0.700950302928564,0.675203783227547,0.7576372601720175,0.8325843815233089
144,0.8732848074122598,0.0013431243028786705,0.06743405619636178,4.722327149479458,0.000898366694053086,1.089269537042312,1.0962611452671336,1.1277410970534765,1.3252737313749603,1.2057301956733257,1.093211519714298,0.9674306492752744,1.241130080502623,1.0833849849427202,1.104900075455794,1.315123071354359,1.0162533899335717,1.3294044959823255,1.0710871707193095,1.3471625643646379,-0.0422405900457804,0.19687012318716424,0.36401400205118706,0.573649480490827,0.5823900851996583,0.5631689318200155,0.596983633817881,0.60574274817168,0.6692649625730561,0.6736397474829018,0.7022192111853466,0.7001744201274077,0.673451450805503,0.756077812009439,0.8325843815233089
145,0.8753552119975201,0.0013523182048574196,0.0670577441342175,4.458870360860747,0.0008962486768559179,1.0907017618713133,1.0952948205201,1.127522083138451,1.3239331185664553,1.2049692238373155,1.0925421319902444,0.9660605948733196,1.2390112526641903,1.0822793291709305,1.1022187315407215,1.3130344190456829,1.014371242456349,1.3260569465944703,1.0695702133963705,1.347420362075529,-0.04119424990079052,0.1961829771825141,0.363728375538357,0.5731771060640628,0.5815314384371025,0.5626436556242695,0.5964406130316352,0.6050263632557281,0.6687740468775273,0.6728496686303526,0.7016763494357835,0.6994491422136049,0.6716983618394208,0.7545126236330614,0.8325843815233089
146,0.8772934863413768,0.0013613804549822812,0.06719504529610276,5.02538781259362,0.0008941113714265575,1.0914062304456698,1.0941257603706511,1.1274160509457267,1.3228836581596972,1.2041573234649554,1.0919641019746658,0.9648040721824497,1.2367495077969934,1.0811376674615392,1.0997258338236902,1.3112327537032253,1.012413313357743,1.322727595143081,1.0677881697744758,1.347781768735976,-0.04055898391435168,0.19538936414974295,0.36357513149918,0.5727860149600905,0.5806315872492402,0.5621453950383805,0.5959249088498948,0.6042954372353009,0.6682647893445441,0.6720707354659872,0.7011778886184021,0.6987318307369407,0.6699915896116858,0.7529401252023284,0.8325843815233089
147,0.8792193192922124,0.0013705958729149641,0.06698486395180225,5.5265813194105435,0.000891954881934257,1.09155522477966,1.092784679637221,1.127242796792176,1.3217790281611776,1.2033379842320864,1.0914133139025104,0.9636192756897907,1.234399841970506,1.0799453789476392,1.0973732299779666,1.3096878270947476,1.010388704814772,1.3193626533893763,1.0657079247129557,1.3482448992136082,-0.04024366729683648,0.1945215990170346,0.3634051728432081,0.5723805026269146,0.5796659585628311,0.5616423682277486,0.5954141318895213,0.6035415639922063,0.6677304364901009,0.6712929089526647,0.7007171290417171,0.6980222330740932,0.6683087471678004,0.7513288214019752,0.8325843815233089
148,0.8812163781979301,0.0013799446328831176,0.06804303918033838,5.503355565391959,0.0008897793134832714,1.0912090567023731,1.0912856783350844,1.1269895861492585,1.3205975925267235,1.2025120291838738,1.0909052752523638,0.9625103128271046,1.2319695762842398,1.078710068926279,1.0951254867265825,1.3083949865174933,1.0082943044981707,1.3159732917426024,1.0634126404537358,1.3487965014295553,-0.04021302005476257,0.19358690063747605,0.3632041140079412,0.5719547116541472,0.5786447072055412,0.5611410257586015,0.5949117725732038,0.6027696687931132,0.667174860020459,0.6705130994235968,0.700290600075349,0.6973183748227244,0.6666509463118335,0.7497002136783137,0.8325843815233089
149,0.8832824176264924,0.0013890911937454332,0.06750849587842822,4.8456475383694055,0.0008875847721077378,1.0904226674343998,1.0896862194235388,1.126886203367072,1.319686916077431,1.2016497300915407,1.0904634429641131,0.9614722186971077,1.229452334159803,1.0774604876744893,1.0930342460611466,1.3073197076603287,1.0061647639015276,1.3126096228851454,1.0609822059031033,1.3494254044887835,-0.040431357542120024,0.19259945880455143,0.36314390316069234,0.5716045388134235,0.57761030697544,0.5606643552272573,0.5944352650117847,0.6019937259052566,0.6666109181925252,0.6697470588433347,0.6998979687066847,0.696624667979614,0.6650337302125569,0.7480822632355045,0.8325843815233089
150,0.8853055089550108,0.0013981360441863,0.06741410586982965,5.016759499589257,0.0008853713647665066,1.089318131075567,1.0880591820163872,1.1269220291229678,1.318912309150664,1.2007861907445734,1.0900623273722734,0.9605072473019302,1.2268163361895903,1.0761936919701314,1.0910865599032566,1.3064489033512066,1.0039826698375092,1.309257771570853,1.058432351606618,1.35012343551754,-0.04083815468243681,0.1915951576305701,0.3631860438976358,0.5712873202160568,0.5765578606614098,0.5602020232198468,0.5939795764200232,0.6012056644275784,0.6660361254732512,0.6689910567088092,0.6995337217175298,0.6959305927030931,0.6634411457926985,0.7464685615749128,0.8325843815233089
151,0.8873020270430446,0.0014073124480977455,0.06691689370200038,6.671029822302973,0.0008831391993379295,1.0874500845949506,1.0860109215278555,1.1268110614483444,1.31760874253753,1.2000577164018342,1.089610534673968,0.9594404679538514,1.224297534460137,1.0749961996540631,1.0896506780583513,1.3058080654335904,1.0017951238337062,1.305793549074128,1.0556957578114947,1.3507819831762258,-0.041633601178203083,0.19039651096043633,0.3630771127737442,0.5708228513751864,0.5754854714035857,0.5597245936306212,0.5935072869269846,0.6003985039909684,0.6654747848158276,0.6683179124863624,0.6992108090547857,0.695253271887688,0.6618555946394328,0.7448826463530959,0.8325843815233089
152,0.8894116296986786,0.0014165247679293995,0.06630843132734299,8.602099521358413,0.0008808883846146001,1.084845725616567,1.0836192720395015,1.126643440033658,1.3156989656037708,1.1995461226868378,1.089137886565009,0.958287776054327,1.2220061525703312,1.073843809423932,1.088859047392071,1.3054031404299082,0.9995181227909359,1.302279957955005,1.0527293456568567,1.3513873331114254,-0.04281598266030497,0.18902433041467687,0.3628350626296037,0.5701749152405812,0.5743930700843131,0.5592415590498836,0.5930237278261338,0.5995900588241746,0.6649235484908047,0.6677445802355777,0.6989312114772768,0.6945736828954785,0.6602903496308178,0.743328960857682,0.8325843815233089
153,0.8916073378818784,0.0014255264029110486,0.06645534094423056,4.547235777210254,0.0008786190302980523,1.0822288861368263,1.0812719530050532,1.1265808406575752,1.314088198680404,1.1988943697830101,1.0887324990444318,0.9572302166147045,1.2195952622005637,1.0726887815106967,1.0881377339135472,1.3050887181532178,0.9972913161598862,1.2987796538657106,1.0496975166807814,1.3520322975630126,-0.04402324178968957,0.18767358020300626,0.362705048160556,0.5696161670666376,0.573291714408376,0.5587843821753218,0.5925677110462149,0.5987813436982089,0.6643701928543372,0.6671820597696808,0.6986766174828407,0.6939176859037895,0.6587531134277332,0.7417720725718198,0.8325843815233089
154,0.8937355648536067,0.0014344907998042743,0.0652927360497415,8.274608263803925,0.0008763312469934144,1.0791606282149455,1.0785881404576487,1.1264296812942347,1.3119830151638323,1.1984219983849362,1.088180527828593,0.9560121483968863,1.2175039159100742,1.0716437923548194,1.0879242074597197,1.3052605787532774,0.9950390687440667,1.2952119253476095,1.0464496177103069,1.3525972422145898,-0.04545620302498006,0.186170899358874,0.3624646753204437,0.5689105816685001,0.5721716897464195,0.5582870930094704,0.592082329178688,0.5979715701854589,0.6638407027371395,0.6667021111605902,0.6984743477678245,0.6932784374596056,0.6572439790713513,0.7402340755412864,0.8325843815233089
155,0.895924141025238,0.0014435080010394771,0.06627620104700327,9.383317843914739,0.0008740251462040166,1.0757273118880923,1.0755840473661866,1.1261495644628465,1.309409471697305,1.1981448900467944,1.087448522333814,0.9546044876416215,1.2156406299572262,1.0707099510748035,1.088205047872837,1.3059294823251495,0.9927625945376926,1.2915745096189835,1.0429682750661748,1.3530821424087802,-0.04707306769166526,0.1845253781868044,0.3620651904356356,0.5680497809028022,0.5710284612603178,0.5577349709564913,0.5915516577272568,0.5971412719659703,0.6633350115520622,0.6663034199123297,0.6983238946813938,0.6926572014915564,0.6557640799243133,0.738695648669771,0.8325843815233089
156,0.8981921771425059,0.0014525468240631405,0.06668443186208606,9.927751574447123,0.0008717008403259584,1.0719874535249714,1.0723935263460929,1.1257397652387544,1.3064130827881304,1.1980726219052296,1.0865908223238239,0.9530818354634293,1.2140030002085025,1.0698373695741619,1.088973662852754,1.3068870983288732,0.9904065381689502,1.2879613194007533,1.0393586940821407,1.3535094132561514,-0.048851562181280665,0.18279552482756148,0.36148777427551804,0.5670321764394751,0.5698672147278114,0.5571437798830048,0.5909895082041972,0.596307419540568,0.6628430731666508,0.6659880699022092,0.6982149871001869,0.6920341643916189,0.6543191499878894,0.7371779697827044,0.8325843815233089
157,0.9005203462028245,0.0014615735935985088,0.0661389003507793,9.567944363235616,0.000869358442642629,1.0680264610067955,1.069078581898315,1.1252234751331491,1.30310087979645,1.1981760022128112,1.085640396092065,0.9514876739534865,1.212556146525136,1.069007535002729,1.090116397220926,1.30804124173955,0.9880010936582854,1.2843873084112445,1.035684566868935,1.3539062714660441,-0.05074833164612425,0.18101051144134467,0.36076644993688217,0.565889857329317,0.5686957441577946,0.5565254165718995,0.5904067326663908,0.5954734543151907,0.6623604395873656,0.6657410518937512,0.6981380654236503,0.6914101289049697,0.6529067332934446,0.7356894209716082,0.8325843815233089
158,0.9028877331668945,0.0014705652109255143,0.06744655594229698,5.618187330198443,0.0008669980673191868,1.0641257341472292,1.0656538657190353,1.1246449895435036,1.2998041727722773,1.1982366847307524,1.0847284444597827,0.9498375167158117,1.211180146865358,1.0682195007468964,1.0912836883562704,1.3091418715712626,0.9856591149045614,1.2808336752443215,1.0320193142911915,1.3542790627903174,-0.052621931721963985,0.17919988367400846,0.3600282772410776,0.5647529243208508,0.5675270377782545,0.5559172672930122,0.5898184049564457,0.5946384660839017,0.6618922932021796,0.6655193900964309,0.6980677597939172,0.6908055102581677,0.651511125761539,0.7342014639909399,0.8325843815233089
159,0.9052512329191769,0.0014795257629698268,0.06796904793009162,5.687321945260054,0.0008646198293969952,1.0602776728667358,1.0621398859845346,1.1240080537004546,1.296519377219572,1.1982663639633206,1.0838431587549338,0.9481392049597083,1.2098662307553363,1.0674706148081445,1.092474957359942,1.3101872219271817,0.983373974739837,1.2773066658241432,1.028361780542201,1.3546306558141046,-0.05447535613183845,0.17736846412522955,0.35927251898877455,0.5636195729965555,0.5663626642274386,0.5553170885344381,0.5892257153812193,0.5938033736127597,0.6614377874481454,0.665321039920401,0.6980025699613401,0.6902181854691669,0.650133525038105,0.7327133831799175,0.8325843815233089
160,0.9076097789366586,0.0014883817942478198,0.06691471394151449,5.4218115323621285,0.0008622238447880152,1.0564885269733622,1.0585895246331336,1.12338053166294,1.2933325893298202,1.198197267368217,1.0830106425888988,0.94644017937488,1.2086039946189935,1.0667441717476829,1.0936688816370645,1.3112240036109657,0.9811353102280201,1.2738048286451733,1.0247392294981643,1.3549826604752062,-0.05630624254996505,0.17553376464583803,0.35855871057875305,0.562524688520343,0.5652031362226407,0.5547324013993246,0.5886389687709781,0.5929764010665596,0.6609907618025678,0.6651370181704974,0.6979451545621131,0.6896440790985359,0.6487659523336399,0.7312242531968108,0.8325843815233089
161,0.9099355736434472,0.0014971238741916775,0.06518055591732264,5.455856859106756,0.0008598102302691563,1.0527564299476624,1.0550173723182048,1.122808581133365,1.2902428010349625,1.1980446692853326,1.0822285164289838,0.9447387796976664,1.2073862206248593,1.066044218282531,1.0948668076436157,1.3122271163485701,0.978942808382413,1.2703228028693527,1.0211342559416374,1.3553274540839209,-0.05811399239265798,0.17369906488497824,0.35789932199308505,0.561464197157323,0.5640518665340193,0.5541634371283279,0.5880590544962548,0.5921569230541238,0.6605516876595643,0.6649668328503106,0.6978937780910871,0.6890859637436985,0.6474133797736019,0.729734175574558,0.8325843815233089
162,0.9122282324982467,0.0015058569077252189,0.06519752601161599,5.913243159740071,0.0008573791034765853,1.0490573918850903,1.0513893182294636,1.12216116500963,1.287128140661734,1.197899026154347,1.0814422006375224,0.9429694526831056,1.2062282205257484,1.0653865958952877,1.0960994912736284,1.3131996961793364,0.9767926326075477,1.2668819845336512,1.0175257859556968,1.3556471148571507,-0.059908815720032364,0.1718502983011088,0.35720224185765004,0.560393583813715,0.5629055740007507,0.5535939968924122,0.5874702001929349,0.5913365394064801,0.6601274426148238,0.6648190585826753,0.6978455444562776,0.688540688903541,0.6460847163154271,0.7282473707046871,0.8325843815233089
163,0.914525519373252,0.001514590098741123,0.06523419637233019,6.977591058092818,0.0008549305828999922,1.0453211138801035,1.0477634179991053,1.1213754186953484,1.283907022347825,1.1978561181597334,1.0805677524145123,0.9411626287418227,1.2050630981208155,1.0647787729353317,1.0975098692143979,1.3142450383257285,0.9746707733482626,1.2634742346470542,1.0139203865525783,1.3559386755145064,-0.06172179788655507,0.1700022540771976,0.3564057154107388,0.5592753796272575,0.5617607251678722,0.5530018613406997,0.5868709049802776,0.5905041258230321,0.6597131286795972,0.6647049224285569,0.6978104234173003,0.6880092551243631,0.6447864786007095,0.7267847413404442,0.8325843815233089
164,0.9168410561801305,0.0015232755652367848,0.06613227026537061,8.222589074438307,0.0008524647878768156,1.0414730899733935,1.0441795481454057,1.120536565087634,1.280539853734489,1.1979517839442861,1.0796437238961782,0.939344118264585,1.2039558625960358,1.064191070346006,1.099152910325618,1.3153024729678675,0.9725486703180253,1.2600873962650727,1.010307497637439,1.356215221289822,-0.06359549366012344,0.16816246216292624,0.3555373896968665,0.5580937552682305,0.5606198704789289,0.5523981453069711,0.5862680849733451,0.5896746161926931,0.6593040973470703,0.664633675540416,0.6977867190854927,0.6874823518197659,0.6435126377057568,0.7253460459718235,0.8325843815233089
165,0.9191610768865242,0.0015319609816484149,0.06994512677192688,8.44840795002944,0.0008499818385864262,1.037541340346004,1.0406416898851307,1.119590544409767,1.277015872112826,1.1981891387167676,1.0786768584455297,0.9375188912903137,1.2029027008189404,1.063618808128569,1.1009919889886246,1.3163557705785514,0.9703678884466002,1.2567686816374484,1.0066980911351469,1.3564801641795885,-0.06551495278554292,0.16633222810842385,0.3545622403291815,0.5568407691168862,0.559483684927676,0.551785862820639,0.5856643318692656,0.5888485128672083,0.6588985213152931,0.6645990351648013,0.6977706356943343,0.6869436048883695,0.6422668659621129,0.7239369350123468,0.8325843815233089
166,0.9214965285449803,0.0015406047127547425,0.06875333236530423,8.25969811446869,0.0008474818560442692,1.033555177306452,1.0371733454340273,1.118548750127163,1.273389919858117,1.1985643127425072,1.0776991313124191,0.93569149796493,1.2019068672776576,1.0630581709306461,1.1029990710169055,1.3173747266477318,0.968160923169907,1.2534907469757017,1.0030946777336613,1.3567369722150129,-0.06746569248156452,0.16452280532348423,0.3535034606108587,0.5555364543211316,0.558353320267926,0.5511740329803139,0.5850634324004429,0.5880282563082188,0.6584954197908104,0.6645974053538709,0.6977599111675087,0.6864016483058991,0.6410470406375215,0.7225515618719234,0.8325843815233089
167,0.9238310770088042,0.0015491906771268062,0.06691223382949829,7.194885719828196,0.000844964962095967,1.0295675955046157,1.0337598500080665,1.1174493766516995,1.2697655211541654,1.1990105022304252,1.0767087118884793,0.9338572046018614,1.2008968550426964,1.0625043075614646,1.1051009014889261,1.318306685699108,0.9659874678472802,1.25026436387453,0.9995510271629019,1.3569877243989041,-0.06942219752548856,0.16273998841004333,0.3524135940943985,0.5542240859399316,0.5572346519047879,0.550562774281912,0.5844666430528984,0.587211151971496,0.6580954282582779,0.6646175872095564,0.6977481183446268,0.6858679110440922,0.6398521293607082,0.7211945936940652,0.8325843815233089
168,0.9261546064427266,0.0015577004205998798,0.0667833429761231,6.867365229400928,0.0008424312794113801,1.025593147800157,1.0304065721983033,1.116349418590423,1.2661713357923277,1.1995081038244213,1.0757201034752963,0.9320135748329685,1.1998709126382268,1.0619616673415793,1.1072150470988604,1.3191974588870168,0.963855784962463,1.2470935709019804,0.9960612902633064,1.3572355163339616,-0.07137846771510978,0.16098922028117274,0.3513359624049289,0.5529178241560427,0.5561318377716459,0.549955800207433,0.5838736483220751,0.586399423269149,0.6577012113650449,0.664644569976656,0.6977330768040012,0.6853415482265309,0.6386816530791071,0.7198617505730552,0.8325843815233089
169,0.9284573780221411,0.0015661323143243927,0.06604068027809262,6.847201914495106,0.0008398809314786275,1.0216391399745572,1.0271102587833199,1.1152505613890653,1.26261089765735,1.2000551786017442,1.0747357427215034,0.930161491205087,1.1988329541114733,1.061429500450601,1.1093393412351666,1.3200492747848698,0.961762589187892,1.243977866165394,0.9926224847975,1.3574822045318744,-0.07333026765081785,0.15926786430282147,0.3502714048464501,0.5516192960075176,0.5550449726513328,0.5493536177157156,0.5832844608542483,0.5855932146599901,0.6573124938788719,0.6646778969027601,0.6977146215026263,0.6848216098720871,0.6375350216886058,0.7185518415494223,0.8325843815233089
170,0.930738954232949,0.0015745246413608287,0.06727361492812634,7.551255780057794,0.0008373140425980697,1.017692016145844,1.023846694826298,1.1140762128084964,1.259048691902147,1.200658592168424,1.0737177149069987,0.9283125243390576,1.1978094715638263,1.060905798630323,1.1115575137970053,1.3208390207476857,0.9596909714888274,1.2409118033026685,0.9892116039687041,1.3577293351304722,-0.07528211196755705,0.15755899458965106,0.34916495898361144,0.5503109450554545,0.5539611548982213,0.5487439795933422,0.5826959632507573,0.5847902289025056,0.6569269130816283,0.6647331853118096,0.6976969023562849,0.6843084620147445,0.6364158640581042,0.7172616459053831,0.8325843815233089
171,0.9330149089431664,0.0015828394772927506,0.0672756745480001,6.772517313875027,0.0008347307378762498,1.0137831357504135,1.020631061252839,1.1129080095494082,1.255542162831847,1.201283866177464,1.0727155425203179,0.9264632366650803,1.1967747172448822,1.0603900751108208,1.1137685459288142,1.32160288307933,0.9576547895347739,1.2378972063859641,0.9858435134793356,1.3579841415969158,-0.07722001595933442,0.15587450319403093,0.34807753354795395,0.5490188234352394,0.552888236956444,0.548140066478583,0.5821107477594682,0.5839927542906953,0.6565460732940461,0.6647910103314676,0.6976760695383082,0.6838015869714514,0.6353198277818297,0.7159901702359095,0.8325843815233089
172,0.9352604999897327,0.0015908941122174038,0.06643810216337442,4.457774622389414,0.0008321311432197947,1.0101316057911256,1.0175187272603343,1.111825743492224,1.252322805783593,1.201643283109249,1.071836742279755,0.924790981165702,1.1958096129844509,1.059831569430074,1.1158434198712595,1.3224089941566737,0.955677409639739,1.234828962647253,0.9826802585990064,1.3582980189185787,-0.07904155027826026,0.1542478685657707,0.347079683892371,0.5478314618189797,0.5518444468278209,0.5475803574347283,0.5815612229933831,0.5832250701106872,0.6561576737016146,0.6648316072049528,0.6976700888333145,0.6833054433844468,0.634174473763208,0.7147266539763436,0.8325843815233089
173,0.9374160388752618,0.001598810391673068,0.0663057710044086,4.400692806296428,0.0008295153853292809,1.006720001988424,1.014492561476845,1.110798971827262,1.249306787045459,1.2017932234392346,1.0710560767824362,0.923264455820691,1.194885305955858,1.059232880093811,1.1177800489541951,1.3231709312458662,0.9537437463994822,1.2317342101134217,0.9797021572839136,1.3586556852095208,-0.08075341165229054,0.15267440190585518,0.34612317810559845,0.5467119469738078,0.5508255963166686,0.5470545121823361,0.5810356819465797,0.5824744206398039,0.6557623590405024,0.6648538825742135,0.6976714429666319,0.6828163950404181,0.6329933790364759,0.7134736789463628,0.8325843815233089
174,0.9395097283890335,0.0016067945370058106,0.06652215169742703,5.859358415024533,0.0008268835916930577,1.0033963632451972,1.0114036163541822,1.109788094859716,1.2463118467947798,1.201901696854077,1.0703119825397203,0.9216828583727495,1.1939910122893913,1.0586534261873248,1.119656723136619,1.3238685045916918,0.9518291076076332,1.22866749223209,0.9767235341410102,1.3590070386802318,-0.08242054147932694,0.1510784492256174,0.3451806103999012,0.5455993490198328,0.5498113879668387,0.5465295957800775,0.5804913376247409,0.5817115928272535,0.6553730264558955,0.6648758933183514,0.6976618827151781,0.6823245754344299,0.6318158054915364,0.712218252329512,0.8325843815233089
175,0.9416115805265743,0.0016148618803316953,0.06558483699336648,5.7198782952471205,0.0008242358905810339,1.0001669502606567,1.0082683718531513,1.1087488338516176,1.2433344796255206,1.2019580372826764,1.0696033594509975,0.92005797154225,1.1931239153185453,1.0580876020620051,1.121465168944654,1.3244991307552954,0.949935157839305,1.225632620144431,0.9737550422601806,1.3593472033525325,-0.08403959163786781,0.14946475941562323,0.34421869403197924,0.5444903445521247,0.5488002062461665,0.5460068727410494,0.5799310255199186,0.580938077909185,0.6549879653532327,0.6648936564229645,0.6976423376375014,0.681833199220138,0.6306454390692166,0.7109626160344359,0.8325843815233089
176,0.9437278386703597,0.0016228826722945134,0.06539339711889625,6.463334601543933,0.0008215724110384265,0.996969658794194,1.0050693579104806,1.1077288951287674,1.2403778808754944,1.202008801963011,1.0689118963752273,0.9183648363745955,1.1923094680155544,1.0575790885880518,1.1232555521882608,1.325228187598518,0.948040708804086,1.2226256595461786,0.970751314918721,1.359664854591627,-0.08564272251496828,0.14782354410977935,0.3432843898551994,0.5433944234369286,0.5477976846435311,0.5454846333612715,0.5793569125241191,0.5801571802992024,0.6546189532730118,0.6649191313159325,0.6976251014612848,0.6813404410489403,0.6294887043720592,0.7097064226143585,0.8325843815233089
177,0.9458318263943274,0.0016308746842492638,0.06572915893048048,6.47057141662753,0.0008188932828794705,0.9938080499167343,1.0018250824219854,1.1067169461957587,1.2374406802258868,1.2020479984011967,1.0682267936588752,0.9166105663399979,1.1915386087074182,1.0571273578911404,1.1250284717152041,1.3260497070804624,0.9461425350634955,1.2196515141667252,0.967719592460113,1.3599627531609884,-0.08722858502105901,0.14616346696157786,0.3423685337339995,0.5423092557678585,0.5468013829466102,0.5449590401891137,0.5787675163402021,0.5793676173924882,0.6542654922172656,0.6649512676258135,0.6976094478766008,0.6808447525183424,0.6283453321023521,0.7084492153917269,0.8325843815233089
178,0.9479275809494933,0.0016388539841261976,0.06736241606995463,6.4421227838342725,0.000816198636681093,0.9906862864138165,0.9985531804930022,1.1057055200018222,1.2345232227134348,1.2020703717216434,1.0675419596607547,0.9148021039871704,1.1907984449597249,1.0567308131417705,1.126782963298769,1.3269517133733963,0.9442390979280811,1.2167155070547193,0.9646676689317724,1.360243642331069,-0.08879547029180639,0.144492805567549,0.3414647643037284,0.5412333804558996,0.5458095488941257,0.544427682878512,0.5781619110535383,0.5785681448162281,0.6539269178211035,0.6649888049112901,0.697594034910763,0.6803447873040621,0.6272153082463438,0.7071910804840216,0.8325843815233089
179,0.9500182632175573,0.0016468320862594173,0.06535613723099232,6.441812661268326,0.0008134886037765481,0.987605988175074,0.9952666625079895,1.104689810469422,1.2316254371253474,1.2020726294259763,1.0668530565315837,0.9129432315507241,1.190078972033761,1.056387917820659,1.1285197870813803,1.3279262764983932,0.9423294452996083,1.2138214992688057,0.9616010813072572,1.3605096172696158,-0.09034278849637763,0.1428174290264701,0.3405687586428394,0.540165570830076,0.54482063183817,0.5438887652499795,0.5775392621025931,0.5777579203016752,0.6536027387166861,0.6650310500424672,0.6975778577121492,0.6798395971932891,0.6260988218257502,0.7059321565715173,0.8325843815233089
180,0.9521062597774543,0.00165481654571728,0.0655625369399786,6.491804356286082,0.0008107633162490162,0.9845659034255659,0.9919737126175133,1.1036650278953406,1.2287461452794244,1.2020542581494458,1.0661550308045207,0.9110347326791819,1.1893757117131714,1.0560979924006026,1.1302424275013734,1.3289709679035848,0.9404122997608678,1.2109708676431037,0.9585230809923999,1.3607619963021564,-0.09187122998067157,0.1411406958055949,0.3396762705814251,0.539104402985312,0.5438331778515106,0.54334043271443,0.5768986483384683,0.5769366708866176,0.6532928552525751,0.6650781454950832,0.6975604579380157,0.6793284939243377,0.6249958981849277,0.7046725219795907,0.8325843815233089
181,0.9541935772557767,0.001662809327547725,0.06661748234182596,6.593738021559352,0.0008080229069251662,0.981562061270558,0.9886776247591851,1.1026263730571537,1.225883866513431,1.2020161288976068,1.0654419759982585,0.9090737765416681,1.188689655267073,1.0558620678654738,1.131957719701683,1.3300909722787047,0.9384865204371907,1.2081636933880755,0.9554351224103209,1.3610012801154578,-0.09338269317815209,0.139463423009038,0.3387836414362803,0.5380487117000827,0.5428458817400856,0.5427805274773992,0.5762385665843769,0.576104127381399,0.6529977051084078,0.6651313269419845,0.697542115497958,0.6788111651656505,0.6239069393472347,0.7034125228496979,0.8325843815233089
182,0.9562819404668128,0.0016708054369734976,0.06697306409478188,6.685331410435757,0.0008052675093686832,0.9785914275598311,0.9853813017684445,1.1015716288885635,1.2230391815792063,1.2019581078348514,1.0647105491299853,0.9070564737706502,1.1880244225396426,1.055681266398568,1.1336719390043208,1.3312958287449606,0.9365525554023394,1.2053999773732609,0.9523382658183901,1.3612276625387347,-0.09487859660605227,0.13778631527280366,0.3378892935389089,0.5369983631937386,0.5418576256728075,0.5422075097134416,0.5755574863699794,0.5752604184534506,0.6527179101855405,0.6651919875415911,0.6975235894075815,0.6782879711089768,0.6228327813709168,0.7021526099006046,0.8325843815233089
183,0.9583706767296266,0.0016787731910243044,0.06641102116554976,7.169273238933896,0.0008024972578737563,0.9756557767037861,0.9821561046186551,1.1004860805782108,1.220192510325048,1.2019167324112034,1.0638743040977348,0.905000412047345,1.1873973992206237,1.0555621398059623,1.135499063053728,1.3326087577554067,0.9345909929901194,1.2026728409314182,0.9492279143719399,1.361455110842339,-0.09635485333117015,0.13613090997530997,0.3369750241967764,0.535939922145736,0.5408611942767918,0.5416016460240899,0.5748608200625808,0.5744125750379057,0.6524496849592993,0.6652699821436843,0.697512206156332,0.6777574536891395,0.621775593176924,0.7008966138604695,0.8325843815233089
184,0.9604542658437306,0.0016868314839394614,0.06573423882946372,6.5694774042303115,0.0007997122874585352,0.9727763094562993,0.9790064776432437,1.0993494639995007,1.2173464346873466,1.2018692875229195,1.062968016905853,0.9029224528362813,1.186699131325969,1.0554792955004575,1.1373694818518165,1.3339105878972797,0.9326225320624157,1.199990102536517,0.9461410289607332,1.3616871524675143,-0.09780234909281407,0.13450387331461966,0.3360170395069451,0.5348703728391636,0.5398565683375879,0.5409702819879877,0.5741479682935774,0.5735483574900175,0.6521872052194511,0.6653507072035385,0.697496702447705,0.6772222364860173,0.6207332894703586,0.6996495288732648,0.8325843815233089
185,0.9625573707577766,0.0016949706220720563,0.06683048279955983,6.752143557036785,0.0007969127338585488,0.9699439586773169,0.9759208175447227,1.0981605453761762,1.2144993727105153,1.2018188187486163,1.061988389141797,0.9008137096042123,1.1859430811400808,1.0554367761762444,1.1392882065894576,1.335224644633633,0.9306449209957679,1.1973491760664692,0.9430727575193826,1.3619222431907612,-0.09922556813696035,0.13289973179596012,0.335016792109104,0.5337897659578978,0.5388434812439703,0.5403121422492264,0.5734170861666229,0.5726685728333015,0.6519321392051042,0.665436483955561,0.6974786072841962,0.6766820095462251,0.6197057066565956,0.6984104684952022,0.8325843815233089
186,0.9646793671988102,0.0017031507592370208,0.06663443287834525,6.960069481756406,0.0007940987335200903,0.9671458322637597,0.9728844345623333,1.0969058533851945,1.211655346846126,1.2017693390372723,1.0609308605362913,0.8986706979070591,1.1851459280924428,1.0554422567879813,1.1412600435769347,1.3366006492659581,0.9286715775876346,1.1947424754362581,0.9400147246513088,1.3621596091290433,-0.10063146009728058,0.13131114018305934,0.333977341476103,0.532703038991292,0.5378237376238003,0.5396265019243301,0.5726681123147146,0.5717758381820427,0.6516872078579946,0.6655307589376102,0.6974624802974546,0.6761415444336706,0.6186933504837104,0.6971776819495829,0.8325843815233089
187,0.9668145283698231,0.001711364313664309,0.06615454098209739,7.201837731028332,0.0007912704235935661,0.9643737269329644,0.9698874804289934,1.0955859321551793,1.2088126726082782,1.201722822747272,1.0597909478563226,0.8964858964882217,1.1843172417543189,1.0554997786336862,1.1432905414480814,1.3380617261795351,0.9266989177889118,1.192166543366494,0.9369628517318173,1.3623982869578042,-0.10202410780461334,0.12973337943769317,0.3328997891129247,0.531609672778875,0.5367965578955954,0.5389115950328422,0.5718990081160938,0.5708704648478838,0.6514539854743966,0.6656358205081067,0.6974499234494577,0.6756003703432495,0.6176957482465961,0.6959500275186359,0.8325843815233089
188,0.9689627247459854,0.0017196041088566802,0.0665976325981319,7.51133400511158,0.0007884279419268118,0.9616187516916973,0.9669194949633843,1.094199943800057,1.2059684819795706,1.2016829441146986,1.0585611978101863,0.8942500152111814,1.1834682229407723,1.0556144868463266,1.1453877597537903,1.339631126581507,0.9247228934545265,1.1896176628806563,0.9339120634851887,1.3626368283817485,-0.10340790376425074,0.12816130149392976,0.3317844740801578,0.5305086371077994,0.5357609638183033,0.5381648243083224,0.571107293028698,0.5699525934483402,0.6512343474771972,0.6657546895937905,0.6974427159838494,0.6750579165662937,0.6167124719812692,0.6947261805550528,0.8325843815233089
189,0.9711242167394711,0.0017278409041334565,0.06597236916422844,6.359967228942793,0.0007855714270583737,0.9588531276527053,0.9640722836765582,1.092867437055662,1.2031832078857703,1.201615386206911,1.057366671488852,0.892036798723042,1.1825611883106808,1.0557239866177557,1.1474020585135567,1.3410886654301797,0.922760829876035,1.1871321518014195,0.9309335387932082,1.3628880799987846,-0.10480715061666696,0.1266523268857931,0.3307044012783534,0.529427825606479,0.5347362573207569,0.5374292381889958,0.5703224664302798,0.5690450275796585,0.6510175265276056,0.6658537552823873,0.6974197001372139,0.6745114120826314,0.615743582818718,0.6935223507041782,0.8325843815233089
190,0.9732709627698714,0.0017360519461651,0.06614667968824506,5.674739412815848,0.0007827010182107565,0.9561072160809823,0.961358527189496,1.0915762883638858,1.200445290582427,1.2015383757140377,1.0562799994106835,0.8898657237351321,1.1815767356103708,1.055825374923164,1.1493110549798176,1.3423224364621296,0.9208192223029302,1.1847198098835954,0.9280586840765491,1.363136421776982,-0.10620521727633124,0.12521195794809428,0.32964529885661176,0.5283607755485197,0.533725446458984,0.536730420413916,0.5695607006450697,0.5681533359540756,0.6508033999562176,0.6659304541711439,0.6973742935766994,0.6739630145352735,0.6147934202428762,0.6923577397473777,0.8325843815233089
191,0.9753951180268489,0.0017442036798865027,0.06680881278589368,5.279622218657482,0.0007798168552836381,0.9533971520596165,0.9587766644619735,1.090347351057912,1.1977753121073311,1.2015209120284045,1.0552938853897136,0.8877509213799397,1.1805287926066743,1.0559078304515221,1.151103832588432,1.343320910535645,0.9189090897207851,1.1823803200375647,0.9252952932118493,1.3633921426728801,-0.10759327234480769,0.12384007000881178,0.328621328699281,0.5273161544349853,0.5327411038502206,0.5360660841977845,0.5688210686633913,0.567277414031718,0.6505887263377444,0.6659822805655129,0.6973056887444827,0.6734158118621228,0.6138607401416284,0.6912301204107467,0.8325843815233089
192,0.9774832937305455,0.0017523051135113336,0.0666320133022964,5.311657291953331,0.0007769190788470504,0.9507195972961461,0.9563132159107547,1.0891754043367115,1.1951659572268134,1.2015592276898033,1.0543926493505964,0.8856839717520019,1.1794238347013675,1.0559755974927487,1.1527937013983054,1.3441096449671321,0.9170273198422585,1.1801076727335227,0.9226327364750054,1.363654131175236,-0.10897214164513964,0.12252965032644542,0.3276292426156924,0.5262914482809927,0.5317808979572072,0.5354311337950719,0.5681003932738719,0.5664155684262663,0.650374473244957,0.6660123339487451,0.6972160331092545,0.672869484622315,0.6129441863399501,0.6901360893261826,0.8325843815233089
193,0.9795395687639515,0.001760361652384608,0.06738684605807066,5.281187732908291,0.0007740078301345289,0.9480747732387849,0.9539582065825392,1.0880565214586533,1.1926128836927823,1.2016466922229758,1.0535654071458667,0.8836612981838614,1.178266893833572,1.0560304340248445,1.1543896922132244,1.344709198928589,0.9151727653033039,1.1778966913928097,0.9200635678636332,1.3639215431658027,-0.11034094828874504,0.12127553146071929,0.3266668041238833,0.5252852908627664,0.5308430364210938,0.5348221365714954,0.5673968272391069,0.5655667446775359,0.6501609463984258,0.666022697100203,0.6971071333368345,0.6723241703073468,0.612042551708024,0.6890729090428949,0.8325843815233089
194,0.9815665735753546,0.0017683763796324462,0.06576319877058268,5.208427541684812,0.0007710832510362287,0.9454649130330137,0.9517038180906449,1.0869873536154435,1.1901133996966815,1.2017759549949787,1.0528044611089191,0.881681823563752,1.1770624966933088,1.0560728388288458,1.1558977041102227,1.345135613733938,0.9133455815152547,1.1757428386330167,0.9175824497881498,1.3641936061466873,-0.11169785684106286,0.12007362352871574,0.3257321629518647,0.5242969312357927,0.5299262067853077,0.5342368070261193,0.566709398606864,0.5647303902537296,0.6499481510551278,0.6660147826192806,0.6969804686515332,0.6717803107980417,0.6111548065345969,0.6880383824570291,0.8325843815233089
195,0.9835662246505789,0.0017763711382563266,0.06604458997026086,5.341943047404655,0.0007681454840920088,0.9428814355306102,0.9495380598445501,1.085977347345763,1.1876526544403603,1.2018949821833724,1.0520926464669151,0.8797383910917103,1.1758137708157816,1.0561087069747264,1.1573325983253941,1.3454218280949553,0.9115431804916385,1.1736266058710036,0.915186079612475,1.364469147395078,-0.11304674658574501,0.11891715035177075,0.32483090982867935,0.5233225662861317,0.5290227691869912,0.5336702799478938,0.5660352753124985,0.5639041918277276,0.6497372516313995,0.6659924476497081,0.6968407483998819,0.671237616614923,0.6102731632179714,0.6870304858914169,0.8325843815233089
196,0.9855464795939767,0.0017843399823804461,0.06552932783961296,5.281066301886539,0.0007651946724844859,0.940326575198725,0.9474540648905418,1.0850223768227385,1.185229119102096,1.2020067782711685,1.0514222788136764,0.87783086497388,1.1745242302836634,1.0561383057182168,1.158700132110563,1.3455861865027334,0.9097661883712314,1.171545069592341,0.9128698145438802,1.3647471863360399,-0.11438586897146544,0.11780245349530272,0.323960649631616,0.5223618123957199,0.5281333973311025,0.5331207250116212,0.5653743218090008,0.5630881755387577,0.6495282204446017,0.6659571696204649,0.6966899642604473,0.6706969525451674,0.6093975667234095,0.6860475453464109,0.8325843815233089
197,0.9875069002446072,0.0017922765725117795,0.06553382705897093,5.137946712152217,0.0007622309600320546,0.9378062247387623,0.9454479761690616,1.0841188909192463,1.1828439730375078,1.202109049984951,1.0507902023226265,0.8759630412812478,1.1731985427137575,1.0561593145704227,1.1600006834027459,1.3456396909651924,0.9080173912630133,1.169496241767269,0.9106318738243268,1.3650267297807699,-0.11571168384462771,0.11672754715123507,0.32311957150623877,0.5214153399869953,0.5272587107322737,0.532587693660904,0.5647273559236098,0.5622831396797875,0.6493203760271603,0.6659091399641068,0.6965293161057876,0.6701596733695874,0.6085281649285303,0.685088514977874,0.8325843815233089
198,0.989446397340822,0.0018001868359195992,0.06601234013214707,4.659648395557666,0.0007592544911818786,0.9353467308954477,0.9435267238802625,1.083257868590337,1.1805079502063482,1.2021874949614033,1.0502072902703272,0.8741526368850517,1.1718302983226585,1.0561602452885266,1.1612252504532312,1.3455581405397423,0.9063018403408419,1.1674903909859862,0.9084782384269275,1.365309017825036,-0.11701017785398958,0.11569771674196304,0.3223025926276142,0.5204862068410172,0.5263986782164556,0.532074503877442,0.5640977376526153,0.5614892820677613,0.6491098066757447,0.6658450750627561,0.6963564029073391,0.6696263728178552,0.607667604989423,0.6841531752092463,0.8325843815233089
199,0.9913636622879317,0.0018080650340424108,0.0661326302215457,4.654186081069991,0.0007562654110028506,0.9329424814838487,0.9416809762941929,1.0824333952407292,1.178213099342612,1.2022519443338227,1.0496615094456516,0.8723926012312271,1.1704279851750214,1.056142680365769,1.1623812972274437,1.3453687190900683,0.9046182740498678,1.1655263547137742,0.9064019875908079,1.3655930566531365,-0.11828367797000532,0.11470751835965907,0.3215055926964184,0.5195717286048314,0.5255539094931732,0.5315782067266484,0.5634844217562798,0.5607068326715634,0.6488969212316029,0.6657667806363723,0.6961738365647946,0.6690976115458959,0.6068165745660974,0.6832401746402316,0.8325843815233089
200,0.9932629000453667,0.0018158941557047594,0.06622650101780891,4.599175458458857,0.0007532638651785215,0.9305910961439524,0.9399049467303114,1.0816260620066662,1.1759493044647733,1.2023532971394717,1.0491465566046503,0.8706794838097055,1.1689989751156107,1.0561048190512323,1.1634733656860885,1.345082689621124,0.9029658253376677,1.163618980202662,0.9043928679585284,1.3658761373334678,-0.1195327284332133,0.11375334852406092,0.3207151574449195,0.5186672349635696,0.5247299707231415,0.5310979891069477,0.5628884142990235,0.559936827172008,0.6486811481923354,0.6656749357250374,0.6959820735503618,0.6685739168640051,0.6059823814277531,0.6823488343823383,0.8325843815233089
201,0.9951374134731318,0.0018237568080867253,0.0663190009072423,6.636767493766174,0.0007502499999999999,0.9282039220908608,0.9381446409876777,1.080790408218459,1.173636972465162,1.2024644120564714,1.048544493108776,0.8689454652674322,1.167598592815621,1.0560673416116526,1.164625799182304,1.3448522493821629,0.9013095707413574,1.1617531046934992,0.902375206799184,1.3661556849395504,-0.120801414595567,0.11279972809300737,0.3198927921539119,0.5177407712047355,0.5239059512470181,0.5305927598000891,0.5622826548307914,0.5591702655375467,0.6484672684212142,0.6655937307193315,0.695792003657435,0.6680476908325389,0.6051667126766457,0.6814591853513451,0.8325843815233089
202,0.9970147828219721,0.0018316897905318022,0.06529169576242566,3.3807904483772413,0.0007472239623588234,0.9260231258366292,0.9364965042197073,1.079921797466895,1.17146025059245,1.2024564087702019,1.04802430567802,0.867348029399919,1.1661696174393494,1.0559377453230143,1.1654882490232206,1.344382477944295,0.8997536422186513,1.159971119624062,0.9004582316252808,1.3664317106080013,-0.12196370954080053,0.11191009179929064,0.31905493011119873,0.5168574534556656,0.5230896117985341,0.5301184709360355,0.5617088994161017,0.5584263389763693,0.6482289414102427,0.6654481731155807,0.6955758338371214,0.6675432649355206,0.6043852257145448,0.680593409747272,0.8325843815233089
203,0.9988977241747087,0.0018396166978502386,0.06458078324794769,3.738109483483106,0.000744185899739797,0.923941915119295,0.9348976034920485,1.0790501438693074,1.1693260688265399,1.2023406552280436,1.0476122384346325,0.8658643387460824,1.1647112917279985,1.0557739823342935,1.1662131890937788,1.3437269559999347,0.8982620919057929,1.1582016993266042,0.8986389218881179,1.3667084724845064,-0.12307727629562075,0.11105189419517841,0.31821264518657905,0.515989497686489,0.5222848638800698,0.5296832724744615,0.5611644550367961,0.5576944660465898,0.6479840556879777,0.6652814400333845,0.6953503023191622,0.6670533229304294,0.6036067375396463,0.6797537319679711,0.8325843815233089
204,1.0007631185579033,0.0018475187601609197,0.06444340292364359,4.46043102680691,0.0007411359602138068,0.9219106095777759,0.9333215276449081,1.078148536697676,1.167139619082528,1.2022167210965153,1.0472313845623247,0.8644289971968138,1.1632539565408784,1.0556142978189516,1.1669435408035826,1.3429653925594036,0.8968264187278834,1.1564328351911468,0.896871871586712,1.36696230164367,-0.12416402075656666,0.11019754425678675,0.31733973520001446,0.5151005836586857,0.5214835235766937,0.5292638677066638,0.5606375993884836,0.55697026938352,0.6477402598030532,0.6651199000621274,0.6951224636752761,0.6665795599896287,0.6028349117603469,0.6789352721860958,0.8325843815233089
205,1.0026243334021545,0.0018553306598693626,0.06514652585610747,4.840860518256224,0.0007380742924306025,0.9198693288594433,0.9317884787427757,1.0772621808530682,1.1649334818285502,1.2021344239985026,1.0468723433893623,0.8630222086872623,1.1617999864088433,1.0554441753139967,1.1676435653224662,1.3421789622907163,0.8954346274186151,1.15471090318609,0.8951543998344942,1.3672129528006134,-0.12525908237890812,0.10936425991221575,0.31647158667725894,0.5142055195687255,0.5207016187690121,0.5288591005126398,0.5601263285746076,0.5562607036410178,0.6474970651418526,0.6649549910714938,0.6948935487413089,0.6661163874619905,0.6020819960420237,0.6781426962586304,0.8325843815233089
206,1.0044644404860579,0.0018630592960422313,0.06599857890978456,5.114686576427477,0.0007350010456115525,0.9178069784180174,0.9302884416869277,1.0763875689369042,1.1626999224600003,1.20210837805277,1.0465179520459023,0.8616263941136126,1.1603492160492335,1.055272651055713,1.1683372740526505,1.3413816865539625,0.8940815134142469,1.1530314067561573,0.8934739344881345,1.3674587606143982,-0.12636766037483552,0.10854494015813895,0.31560608648172495,0.5133012924699444,0.5199361234070506,0.5284619537673493,0.559625594320213,0.5555632339027432,0.6472569831735611,0.6647925614835136,0.6946652589201839,0.6656624740028015,0.6013469377680309,0.6773730430677068,0.8325843815233089
207,1.0062872972058323,0.0018707499622960403,0.0641876719892025,5.408752436435641,0.000731916369542371,0.9157250473907109,0.9288141940783342,1.0755244068259697,1.160435358065995,1.2021572717789242,1.0461355474251082,0.8602171731371782,1.158901594829477,1.0551039969229667,1.1690569870912575,1.3405652346582952,0.8927351786087445,1.151387417093468,0.891815545709831,1.3676971896296135,-0.1274876291621204,0.10773317657686857,0.3147410340449706,0.5123854158372311,0.5191855038548502,0.528062063167416,0.55912816858405,0.5548727567673384,0.6470199992981254,0.6646365160450223,0.6944374886715838,0.6652111978583775,0.6006262058936366,0.6766174252413363,0.8325843815233089
208,1.0081016345663059,0.0018783896615609558,0.0648018647916615,5.371725624331707,0.0007288204145658178,0.91363010957125,0.9273645861187757,1.0746651540795176,1.158150110133292,1.2023118738576088,1.0457269708578363,0.8587966654394948,1.1574590695137636,1.0549376295958086,1.1697996118433367,1.3397299714673176,0.8913970879743777,1.1497883966472695,0.8901718584250247,1.3679265550085582,-0.1286155239983559,0.10692944906672362,0.3138725945114768,0.5114606730052685,0.5184530409738723,0.5276591616143197,0.5586338595634331,0.5541894531647189,0.6467859402399316,0.664485822248656,0.6942080985183509,0.6647624395147378,0.5999240305837255,0.6758733558856475,0.8325843815233089
209,1.0099005088069684,0.001885952133239982,0.06450805300846696,4.718057820043155,0.0007257133315743707,0.9115466303231139,0.9259519257959493,1.0738156340257592,1.1558722943901083,1.2024848675765125,1.0453431229608219,0.8574014947031934,1.1560279946682777,1.0547637642091001,1.170512404506556,1.3388660117430262,0.8900941884117916,1.1482313481938906,0.8885689736432868,1.3681528553581368,-0.12973970443952432,0.10614547365156657,0.31300932973086376,0.5105382265364611,0.5177343764978624,0.527269108056101,0.5581514759323009,0.5535186678802193,0.646552855411904,0.6643312486964653,0.693975677309282,0.6643217024214009,0.5992387556032246,0.6751493351300706,0.8325843815233089
210,1.011665294440478,0.0018936643244102565,0.06487421412020922,3.528874477760592,0.0007225952720028712,0.9096366009527045,0.9246093287724908,1.072917371390725,1.1537349124129743,1.2025329572277614,1.0449929121016082,0.856061366343145,1.154595369178872,1.0545134315857538,1.1709644241176917,1.33786200975966,0.8888370020463656,1.1467596034224392,0.8870238304487632,1.3683900007487821,-0.13077300197680258,0.10540642733725848,0.3121267089639412,0.5096601882519946,0.5170165363067429,0.5268881156994022,0.5576764104643492,0.5528626214342203,0.6462982594952321,0.6641165169057534,0.6937223464497567,0.663888631808944,0.5985801806251865,0.6744326058791557,0.8325843815233089
211,1.0134749196709987,0.0019013657633462017,0.06993437698110938,6.343139626531453,0.0007194663878211441,0.9076701431989844,0.923254746133646,1.0720077058933575,1.1515611300783044,1.202606199316423,1.0445310911410939,0.8546712790316445,1.1532006097299183,1.0542875837633652,1.1715251183781186,1.3369745600151492,0.8875682356717892,1.1453027564396538,0.8854384040412633,1.368622893687567,-0.13183604275379102,0.10465230137821596,0.31123704418141046,0.5087683303115139,0.516297778262372,0.5264740091218386,0.557185641493203,0.5522072438308664,0.6460527472139298,0.6639251208423369,0.6934774553112893,0.663453846962578,0.597933352081918,0.6737064775666135,0.8325843815233089
212,1.0152753192902708,0.001909067911656533,0.06745728570967913,6.426912258305514,0.0007163268315265902,0.9056545098158874,0.9218900703717212,1.0710926639089082,1.1493543561689816,1.2027004960822496,1.0439653698296418,0.8532336466161976,1.1518489921302189,1.0540826948847146,1.1721847241624654,1.3361881443141022,0.8862816716975574,1.1438597629206602,0.8838202292298206,1.368850304209888,-0.13292490523026704,0.10388446489842483,0.31033727907081615,0.507861720678628,0.5155772578769275,0.5260285639234954,0.5566793531589289,0.5515531061813531,0.6458153245830752,0.663754439805135,0.6932392599516627,0.6630155572698174,0.5972968625915682,0.6729728554512717,0.8325843815233089
213,1.0170860065928313,0.0019167640947977025,0.06631428096443415,6.427911450492031,0.0007131767561367538,0.9035981903069001,0.9205175908686112,1.070173470516271,1.147121094268324,1.2028148452950829,1.04330504160416,0.851753988856754,1.1505385880853554,1.0538973512284324,1.1729323803017315,1.3354934465607031,0.884980884874301,1.1424312856247134,0.8821748977389844,1.3690723717878845,-0.1340352666888968,0.10310481479327444,0.30942923107782905,0.5069428393002433,0.5148558266033009,0.5255548634998496,0.5561593712832585,0.5509008709068465,0.6455855963622491,0.663602527499568,0.693007107688506,0.6625745932138993,0.596670680372137,0.6722333240475171,0.8325843815233089
214,1.018904031872197,0.0019244183533025545,0.0670060240663588,6.187544920054882,0.0007100163151818656,0.9015141080679708,0.9191426432035456,1.0692331693357613,1.1448919474607788,1.2029846204799133,1.0425666153069224,0.8502459152305516,1.1492674387572306,1.053728145696873,1.173747747277064,1.3348643888210359,0.8836769272626486,1.1410350741235065,0.8805082148791276,1.3692910703834518,-0.13516055583846906,0.10231838760857762,0.30850726780919485,0.5060202943652121,0.5141370026888185,0.5250586741179349,0.5556309018182517,0.5502529255737659,0.6453628944735652,0.6634655586876465,0.6927782063695259,0.6621345784746402,0.5960639723986545,0.6714906709190473,0.8325843815233089
215,1.020719371481091,0.0019320293419172227,0.06666653323918581,6.199191295431227,0.0007068456626973587,0.8994077125102165,0.9177660474130952,1.0682748297982663,1.1426682366957992,1.2032055515629627,1.041757340249119,0.8487121764850203,1.1480328875786887,1.0535742643535213,1.1746245857900597,1.334294168080592,0.882371500543984,1.1396698809386063,0.8788239287097446,1.3695067133936853,-0.13629797396600118,0.10152592601417984,0.3075739074145913,0.5050951457401957,0.5134210959660656,0.5245422165608604,0.5550948868284049,0.5496092856856745,0.6451469209340148,0.6633424564954818,0.6925521631129167,0.6616957228312265,0.5954758214593516,0.6707459697698845,0.8325843815233089
216,1.022531015045211,0.0019395489073113427,0.06695288419723511,6.829054479018734,0.0007036649532163623,0.8972670075988931,0.9163789130026387,1.0672741656873532,1.140428873234757,1.2034925405501995,1.0408473898032544,0.8471452953739802,1.1468458441976281,1.0534436272113452,1.1756052575488887,1.3339087768979627,0.8810659605273451,1.138327575036316,0.8771104733385244,1.3697289331327345,-0.13745322072887364,0.10072052075665108,0.3066205091485139,0.504159413427263,0.5127017892937394,0.5239928642678466,0.5545417717089245,0.5489685673712169,0.6449401739067806,0.6632449020161947,0.6923408035864639,0.661259518082849,0.5949082561908845,0.6699982109026881,0.8325843815233089
217,1.0243370436416042,0.0019469628118885152,0.06950593506917357,7.18672313666484,0.000700474341762169,0.8950893926170527,0.9149747401197437,1.0662297301676764,1.1381742431268755,1.2038541487695473,1.0398204076788544,0.8455410685987533,1.1457081406256648,1.0533399042606113,1.1767062452605994,1.3337233048858166,0.879758239204819,1.1370115935865548,0.875368538768209,1.3699633955135526,-0.13862747232179629,0.09989745270846767,0.30564572346527435,0.5032126167278482,0.5119793485629814,0.5234064458447905,0.5539702217909556,0.5483299752773391,0.6447437776656585,0.6631774097328093,0.6921461165749814,0.6608249004257668,0.594361814955441,0.6692485627688787,0.8325843815233089
218,1.026110048582294,0.001954419448057103,0.06592373037710786,3.5710602152522424,0.00069727398384068,0.8930550714623335,0.9136544179045086,1.0652526121420158,1.1361129240755057,1.2041608688418959,1.03892955824855,0.8439834249412027,1.1444952457540005,1.0531480836888898,1.177499402025484,1.3332810884334456,0.8785349080296482,1.1357775011835887,0.8737044450530803,1.3702127293031552,-0.1397235548151074,0.09910823278387589,0.3047370526736511,0.5023385571543847,0.5112740028937199,0.5228692046876026,0.5534303071204205,0.5477125074378907,0.6445253730278754,0.6630429458748824,0.691924700558378,0.6604070137406662,0.593840645008838,0.6685175584531147,0.8325843815233089
219,1.0278896869609748,0.001962030159874401,0.06581233907490969,3.5368667865214944,0.0006940640354328255,0.8911841068320269,0.9124237363269903,1.0642640711408213,1.1341691251474981,1.2043270047392192,1.0381257740141998,0.8424975876473352,1.1432344996846402,1.0528962917749438,1.178006505269428,1.3326803508442469,0.8773564139760794,1.1345944469755858,0.8721142802043903,1.3704624884573262,-0.14073551637464,0.09837970576987493,0.3038300993214962,0.5015065586332763,0.5105741746330296,0.5223598231688561,0.552908912941066,0.5471080782412558,0.6442888862975429,0.6628409608311137,0.6916807305365615,0.6599959186454093,0.5933295190586991,0.6677987559261132,0.8325843815233089
220,1.0296706675664211,0.001969689215719225,0.06544805783778429,4.075694519284832,0.0006908446529869618,0.8893651658649027,0.9112629145344863,1.063317449859668,1.1322814503913214,1.204437791918766,1.0374318038532138,0.8410779783082604,1.141953796598953,1.052602210441066,1.1783325415794883,1.3318292395747495,0.876229086125484,1.1334338718867798,0.8705916193258341,1.3706785140019893,-0.14172362340753847,0.09769734421844078,0.30294874272293165,0.5006963745472628,0.5098820442118038,0.5218889796611107,0.5524172746679783,0.546519630090899,0.6440415309883969,0.6626014925560615,0.6914222601293303,0.6595979265353756,0.5928292582748351,0.6670984272771036,0.8325843815233089
221,1.031438762556593,0.001977282093262644,0.06508140498772264,4.468642034503583,0.000687615993411248,0.8875629702304965,0.9101345698706926,1.0624010853068584,1.1304104356071119,1.204556337230704,1.036840377412662,0.8396935878066403,1.1406884514008897,1.0522940775468477,1.1786478101902191,1.3308052078172652,0.8751343046019036,1.1323191096169376,0.8690920331592425,1.37089564668467,-0.14270427044747083,0.09703297911718337,0.3020843075763872,0.49989148180460535,0.5091916706016508,0.5214495807639302,0.5519415047067074,0.5459415637277908,0.6437926400064296,0.6623588890700737,0.6911468228688487,0.6592089310157846,0.5923571706042178,0.6664168923848739,0.8325843815233089
222,1.0331822003731883,0.0019848212411846173,0.06674529332667589,4.757268561797809,0.0006843782140659967,0.8857644885690761,0.9090251944343273,1.0615098558610832,1.1285121118961605,1.204682565734012,1.036304470492898,0.8383280597831202,1.1394290440828412,1.0519942504201272,1.1789714094092256,1.3297007728978238,0.8740603289932141,1.1311960093598266,0.8676316019949685,1.3710951231406872,-0.14368454478711684,0.09637792706750486,0.3012296519140893,0.49907897491264963,0.5085083169245657,0.5210311839740748,0.5514801627999846,0.5453716511025137,0.6435482839996728,0.6621219965302358,0.6908679442886321,0.6588260979401911,0.5918838483907519,0.6657529371244736,0.8325843815233089
223,1.0349095385149427,0.001992310117529873,0.0647191540338099,4.747570074457174,0.0006811314727560052,0.8839706061966008,0.9079344781833216,1.0606311142707856,1.1265951184560026,1.2048154786956489,1.035802986628828,0.83697510047328,1.138181899449797,1.0517029979144743,1.1793059663740728,1.328527989045488,0.8730030431431219,1.130082955050556,0.8662036207392029,1.3712800851415674,-0.14466390225935757,0.09573274786055729,0.30037872055482867,0.4982608023554833,0.5078333194051546,0.5206291317659992,0.5510307348940219,0.5448096981796703,0.6433084253295057,0.6618907561506798,0.6905853774429028,0.6584474832589177,0.5914139556261774,0.6651051195575466,0.8325843815233089
224,1.0366231588444164,0.0019996740257030004,0.06524005671963096,4.934937940804922,0.0006778759277228646,0.8821724033793075,0.9068499231680147,1.059773747172869,1.1246652104472217,1.2050100793911598,1.0352923595011707,0.8356210584914224,1.1369508042285899,1.0514317312131216,1.1796821277899507,1.3273940190808127,0.8719643868182051,1.128984735537874,0.8647992674726332,1.371457702480595,-0.14564678395846514,0.09508930273777406,0.2995405338038953,0.4974400541490368,0.5071742673802364,0.5202290016231587,0.5505858270307415,0.5442542375537706,0.6430770247269919,0.6616742790312209,0.6903089492741675,0.6580742499558457,0.5909495461263341,0.6644721391061758,0.8325843815233089
225,1.0383108903635965,0.002006945038303909,0.06629444099962711,5.341005711291348,0.0006746117376372467,0.8803636188805667,0.905762813234321,1.0589449345040207,1.122717241360272,1.2052811758768682,1.0347363181753677,0.83424078978676,1.1357357697934782,1.0511848978342981,1.1801215577119446,1.3263196435742108,0.8709221944874062,1.1278914883956082,0.8634064992493737,1.371626986454952,-0.14663577472449413,0.09443976816343572,0.2987172251376041,0.49661459203366054,0.5065304407865197,0.5198197459883169,0.5501383590762033,0.5437015416571628,0.6428546881491299,0.6614755129743679,0.6900410216206802,0.6577023326468078,0.5904867193549621,0.6638469165302251,0.8325843815233089
226,1.0399805211799398,0.0020141136045595345,0.06533958716318011,5.290306509368358,0.0006713390615911717,0.8785492103176358,0.9046746511684318,1.0581363375850623,1.1207586556164064,1.2056537774250136,1.0341420228273102,0.8328395573824531,1.1345375846066141,1.0509592291720422,1.180616769680672,1.3252923224302735,0.8698796150632409,1.126813333030065,0.8620214598018349,1.3717873374261842,-0.14762825783256417,0.09378583350275338,0.29790415922916047,0.49578628390855,0.5059050660454513,0.5194030028902149,0.5496894213778072,0.5431524603954799,0.6426405278002562,0.6612924324077931,0.689779079339845,0.6573321782500514,0.5900299046716893,0.6632280227480836,0.8325843815233089
227,1.0416287454726865,0.0020211846838935382,0.06507726619020104,5.279162335965527,0.0006680580590902525,0.8767319465653627,0.9035865026677264,1.0573470552998183,1.1187929399164234,1.206117376234335,1.0335128560447924,0.8314202546462139,1.1333559026265274,1.050752700935517,1.1811617241747894,1.324307768351866,0.8688380799774498,1.1257500556172024,0.8606448486763758,1.37193931994213,-0.1486227724643333,0.09312832464582577,0.29710118447261874,0.49495627090011746,0.5052968135058885,0.5189795916068239,0.5492394266407502,0.5426072070574928,0.6424339106754804,0.6611235854177159,0.6895225968116425,0.6569640082700982,0.5895791330807307,0.6626153845362991,0.8325843815233089
228,1.0432564061734253,0.0020281953687678544,0.06654016207903624,5.71430573533877,0.0006647688900459223,0.874899668687858,0.9024867679166844,1.0565546303659266,1.116817349802705,1.2065766984765585,1.0328254081128019,0.829975732212464,1.1322056580753486,1.0505725845147305,1.1817673777266644,1.323422566982118,0.867791754253249,1.1246955759585673,0.8592663512355072,1.3720833848340626,-0.14962577071020955,0.09246039295380153,0.2962991254352912,0.49412317328911365,0.5046893127947312,0.5185389634710424,0.5487810887350488,0.5420650848451691,0.6422370854231759,0.6609705100880108,0.689273411273738,0.6565970515032432,0.5891374504226234,0.6620096456241301,0.8325843815233089
229,1.0448794204926382,0.002035171791680014,0.06475018430501223,6.066950012040991,0.0006614717147676403,0.8730509675017905,0.9013709999814445,1.0557658631582656,1.1148341034840372,1.2070258182861886,1.032051279995468,0.8285009413229075,1.13109058508601,1.050417395236776,1.1824454423175876,1.322637421324083,0.8667397650386458,1.1236443420013587,0.8578682265498434,1.3722264567380749,-0.15063787152560076,0.09177900548170422,0.29550222814274474,0.49328836086818684,0.5040829251070391,0.5180727871054103,0.5483104196378741,0.5415240076072819,0.6420493001666567,0.6608355691985072,0.6890324573367497,0.6562299909794792,0.5887001748000552,0.6613976258106788,0.8325843815233089
230,1.046502906200536,0.002042130141832665,0.06466519413515925,6.171057549021334,0.0006581666939550778,0.8711874466466322,0.9002401835356612,1.0549859843698077,1.112841202788423,1.2074661579919101,1.031196001356965,0.8269980271704936,1.1300138453243984,1.0502830176631552,1.1831889055125215,1.3219427203757312,0.8656743724467311,1.122597067574043,0.8564556326919717,1.3723695254261798,-0.15165809019785909,0.09108444505577525,0.2947062562541315,0.49244899447460094,0.50347687025197,0.5175821791493385,0.5478274719441036,0.5409839883236242,0.6418693151424316,0.6607160790030518,0.6887976911218092,0.655860019529657,0.5882661370502562,0.6607810137960488,0.8325843815233089
231,1.0481288881839155,0.002049066632268172,0.06514313630759716,6.1538962901585785,0.0006548539886902863,0.8693135450541026,0.8990970687025953,1.0542153162784627,1.1108421819520675,1.2078988881045774,1.0302690325934618,0.825471438702556,1.1289722881195552,1.050167255267503,1.1839898430053255,1.3213279326837521,0.8645984025323772,1.121554994195772,0.8550321148195057,1.372512453132752,-0.1526841384626375,0.09037865085573707,0.2939121778457876,0.4916064895826355,0.5028718047089364,0.5170701960524987,0.5473340343095344,0.5404454898180345,0.641696465008192,0.6606104289126705,0.6885683504331551,0.6554877430784247,0.5878356751643551,0.6601610566085554,0.8325843815233089
232,1.0497552461590909,0.0020559607157227167,0.06475941417738795,6.011688951720378,0.0006515337604298472,0.8674362072783559,0.8979460987769907,1.0534499064610112,1.1088454373574281,1.2083250559607956,1.0292833000278911,0.8239278022730602,1.1279569642462415,1.05006949965471,1.1848390893136316,1.320780467475357,0.8635238079894613,1.1205196714494772,0.8535999078871581,1.3726541108798824,-0.15371256388517146,0.08966515282145777,0.29312547332862204,0.49076595854898203,0.5022697009834981,0.5165416342866572,0.5468334761506101,0.5399093950554346,0.6415305578103235,0.660517844241985,0.6883447320159901,0.655116759682094,0.5874103390004896,0.6595385619175054,0.8325843815233089
233,1.0513765655642484,0.0020627554301372035,0.06538649601861835,5.183791825588088,0.0006482061709970014,0.8655776195590411,0.8968079377919617,1.0527056359192295,1.1068601796422355,1.2088367915803462,1.0283052994094923,0.8223889755157792,1.1269441854122302,1.0499771189959566,1.185695803228746,1.3202267850539848,0.8624608207422704,1.1195031106705307,0.8521908782476725,1.3727881062362193,-0.15473169843005902,0.08895724366988077,0.2923514292179023,0.48993019254761305,0.5016857396279115,0.5160198176331775,0.5463396391792434,0.5393790295275738,0.6413678979012928,0.660429890757984,0.6881225099450735,0.6547495599357186,0.5869912543354573,0.6589262878530671,0.8325843815233089
234,1.0529719038634904,0.002069468721118084,0.0655280570499599,5.219323216407523,0.0006448713825737636,0.8637362060734637,0.8956811589565352,1.0519885362897297,1.1048843687325998,1.209394910502261,1.0273305934638415,0.8208530754158346,1.1259328782949576,1.0498910806069432,1.186561036393209,1.3196736228086157,0.8614080447691628,1.1184953422913435,0.8508074037308979,1.372915969850261,-0.15574234264169823,0.0882536378433116,0.2915938686664007,0.4890990069857391,0.5011146798822228,0.5155033995187048,0.5458514821254639,0.5388536008720851,0.6412086312326976,0.6603470330598397,0.6879032830567642,0.6543858617805217,0.5865745127468039,0.6583248474425549,0.8325843815233089
235,1.054547018229763,0.002076104842424695,0.06500571593642235,5.21465284985378,0.0006415295576930169,0.8619118965472177,0.8945651632519688,1.0512967270594928,1.1029187491915304,1.2099949113494148,1.0263584260778336,0.819320657964009,1.1249235267085902,1.049810754310729,1.1874336806448644,1.319120782572711,0.860365519250947,1.1174968115748,0.8494479336906556,1.3730381051815825,-0.1567445080087285,0.08755406749047594,0.2908517653605383,0.48827255994827706,0.5005557531447665,0.5149918926305114,0.5453687069995915,0.5383330605192035,0.6410525600521919,0.6602688842133347,0.6876867430184836,0.6540255654973572,0.5861604942267679,0.6577336757142792,0.8325843815233089
236,1.0561029401493862,0.002082656763363126,0.06522165611386299,5.115533182718275,0.0006381808592305912,0.8601076172281784,0.8934611162441698,1.0506213003990956,1.1009681702083869,1.210660481085713,1.025393726673815,0.8177961494585989,1.1239174444476339,1.0497333893315095,1.1883066568527931,1.3185613549213309,0.8593348035075589,1.1165173229852319,0.8481086040766712,1.3731542888539763,-0.1577366361046367,0.08686004271435659,0.29012013059551095,0.487451989722346,0.5000122206348062,0.5144863624889173,0.5448921527885614,0.5378181726156653,0.6408989454298138,0.6601932671388332,0.687470686727641,0.6536687426765114,0.5857531129216773,0.6571512215091282,0.8325843815233089
237,1.05763647801304,0.0020891598423187063,0.06495812488719821,5.347693817082881,0.0006348254503973253,0.8583153948242239,0.892363700874178,1.0499404364703804,1.0990174837610582,1.211312937287079,1.024440979657139,0.8162734349246836,1.1229177498805367,1.0496643434405233,1.189193504648753,1.3180027696238121,0.8583130861831962,1.115554832699579,0.8467822665240199,1.3732634462106754,-0.15872283169060028,0.08616705792965895,0.2893846699480111,0.48663062168657356,0.4994700380611617,0.5139866908950166,0.544420750734862,0.5373089451239559,0.6407495086544789,0.6601235600025112,0.6872553674854808,0.6533142703925988,0.5853534863096609,0.6565779989827317,0.8325843815233089
238,1.0591346873723693,0.002095786929575768,0.06410814076662064,3.459455850077947,0.000631463494731112,0.8566583892413966,0.8913535002598135,1.049226786137944,1.0972066826054312,1.2118455136935937,1.0236051156989794,0.8148205950509501,1.1219384039470959,1.049513797062134,1.1898006050551093,1.3173413301762256,0.8573305538997353,1.1146570158723628,0.8455181647022554,1.373371013434206,-0.15963707560480514,0.08553177943698187,0.2886504280227207,0.4858608503058628,0.4989322246834818,0.5135218468726764,0.5439661323582704,0.5368148877320853,0.6405756284561499,0.6599809349103781,0.687015590450139,0.6529615048613113,0.5849634823315237,0.6560149316336096,0.8325843815233089
239,1.0606592142577818,0.0021026058188727673,0.06344015803188086,3.5624358902310362,0.0006280951560889273,0.8551289808721706,0.8904161197207292,1.0484896618926953,1.0955120782627565,1.212230052853619,1.022856379088994,0.8134485662627429,1.1209193915177014,1.0492993799313843,1.1901406970346171,1.3165727136647212,0.8563833602589698,1.1137962109786472,0.8443018170786659,1.3734727131931117,-0.1604831992789652,0.08494804531544908,0.2879154839802731,0.48513229351635645,0.49839206736117175,0.5130821897752713,0.5435258694286885,0.5363268122050281,0.6403807876100123,0.6597700053777984,0.6867555998145637,0.6526122376916886,0.5845774333648046,0.655454567197288,0.8325843815233089
240,1.062195772896226,0.002109542621965498,0.06365753896534443,4.15843381033654,0.0006247205986388449,0.8536376243951913,0.8895261457824335,1.04780190817499,1.0938996837060655,1.2125367213667948,1.0222263093879307,0.8121154633380371,1.1198592095197242,1.0490394038256683,1.190296883952476,1.3155992535917218,0.8554628425612492,1.112955532118497,0.8431259191845387,1.373567211930285,-0.16131166237830386,0.08440388033491575,0.28721481191782866,0.4844344921124218,0.49785002803796485,0.5126771722776894,0.5431040844902171,0.535845753352152,0.6401740611087487,0.6595188369222669,0.6864784826166227,0.6522667411109172,0.5841958440433468,0.654901523759322,0.8325843815233089
241,1.0637316240108905,0.002116474398701484,0.06379937985911965,4.073048474419952,0.000621339986852034,0.8521792307386239,0.8886657964518732,1.0471763170701343,1.092345756635366,1.2128561336400536,1.0216863821083328,0.8108090305596688,1.1188371275503488,1.0487382220570096,1.1904188110678684,1.3144652586682624,0.8545582091235577,1.1121465411575198,0.841966662028625,1.3736429044295284,-0.16212305326251544,0.08388007493511707,0.28655304722619424,0.4837553200207236,0.4973051686609212,0.5122990699088615,0.5426975905232274,0.5353741846147475,0.639955166178124,0.6592505262423224,0.6861784692430842,0.6519215211928217,0.5838274389493436,0.6543553081465641,0.8325843815233089
242,1.0652435855950453,0.002123384313664687,0.06443754304200411,4.333500920983558,0.0006179534854947438,0.8507339029065615,0.8878236033112692,1.0465718277652873,1.09077464747373,1.2131822677325557,1.0211842377063944,0.8095156093735685,1.1178044699383567,1.0484284182058108,1.1905418691927085,1.3132347873820605,0.8536743705786171,1.1113292219490123,0.8408423649298067,1.3736706662783906,-0.16292794629588803,0.08336351618845503,0.2859002835396275,0.48307179397633837,0.496767653506563,0.5119402185208363,0.5423106568113347,0.5349113816294736,0.639734819647309,0.6589851768710949,0.6858747436018405,0.651581698727277,0.583457594679572,0.6538238589698864,0.8325843815233089
243,1.0667444194088256,0.0021302248950650325,0.0639878548681736,4.454003452848673,0.0006145612596202726,0.8492934898749804,0.8869914808475154,1.0459820123552843,1.0891883285261847,1.2135198663787403,1.0207084792007777,0.8082402637119998,1.1167717351945778,1.048126065270822,1.1906915562163847,1.3119534503849342,0.8528075625658189,1.1105097602396807,0.8397436852817005,1.3736946231144243,-0.1637306576408449,0.08284894421119099,0.28525279260559927,0.4823840444255286,0.49623784504523266,0.5115939071117349,0.5419341004829473,0.5344550578208432,0.6395187293551391,0.6587310657684429,0.6855710254238117,0.6512470422045679,0.5830905215117715,0.6533064636336949,0.8325843815233089
244,1.0682290662987486,0.0021369909037993714,0.06551955780014396,4.424567969179805,0.000611163474560924,0.8478597345189998,0.8861666103211453,1.045408361226494,1.087590564717804,1.213867693715858,1.020261975794969,0.8069816706245484,1.1157380272839879,1.0478310316862476,1.1908662945831872,1.310635731747368,0.851957403951182,1.1096869819371011,0.8386683008198303,1.3737152839085325,-0.16453015865300025,0.08233517506884248,0.2846121791032456,0.48169352644040364,0.49571569825497547,0.5112605780112999,0.5415675242436023,0.5340045167620203,0.6393067073634239,0.6584874372771581,0.6852684178780512,0.6509178983108845,0.5827255984319011,0.6528013710141921,0.8325843815233089
245,1.0696965861006988,0.002143693003398667,0.06375905405730009,4.4032123828522005,0.0006077602959199482,0.846433816104002,0.8853498507509818,1.0448380718980377,1.0859883204034042,1.21421893405948,1.0198276649158968,0.8057385909528689,1.1147138431517425,1.0475405448805524,1.191058158415402,1.3092946238371816,0.8511214871045354,1.1088745711564325,0.8376119075830574,1.3737363590064198,-0.1653258471728377,0.08182363397648537,0.2839721201451826,0.48100179931719106,0.4952012116964561,0.5109359497570317,0.5412088880893192,0.5335605342494758,0.6390978771372762,0.6582513236216383,0.6849665139103905,0.6505933233042485,0.5823661193502494,0.652306964937689,0.8325843815233089
246,1.0711504794643207,0.00215032503939588,0.06451410567387938,4.343658348181699,0.0006043518895634709,0.8450182914148182,0.8845416236637693,1.0442822595135028,1.084382798794106,1.2145787049057446,1.019414275026963,0.8045109023730771,1.1136905178941348,1.0472548093974838,1.1912676178209012,1.3079305224546192,0.8503012143552616,1.1080616737056452,0.8365764536509248,1.373755383848044,-0.16611624846156306,0.08131415871796599,0.28333896290404414,0.48030996951543337,0.494694308550808,0.5106215522974252,0.5408588921458245,0.5331222893553865,0.6388922669845,0.6580233424115187,0.6846662532590089,0.650274141432242,0.5820092926817252,0.6518228381759399,0.8325843815233089
247,1.0725879450351103,0.0021568906902559243,0.06405213475227356,4.317641706341592,0.0006009384216124095,0.8436141360021531,0.8837424054657517,1.043739095441627,1.082777081303064,1.2149463127433517,1.0190166899724868,0.8032972075767577,1.1126701226821374,1.0469726181390206,1.1914914676823924,1.3065489081651782,0.8494960238705737,1.1072503730109964,0.8355603576655571,1.3737730301698823,-0.16690080526175738,0.08080717190598666,0.28271197651018776,0.47961893772006126,0.4941948252401016,0.5103157332217431,0.5405166598756982,0.5326898459290524,0.6386894978688258,0.6578024038614371,0.6843677380068056,0.6499602780439069,0.5816556840334166,0.6513480421473686,0.8325843815233089
248,1.0740087683248218,0.002163493447788948,0.06440907483920455,4.203751893060877,0.0005975200584343761,0.8422358391134445,0.8829504673054553,1.0432722389850964,1.0812482906316154,1.2153093977173255,1.0186960338296231,0.8021016540688636,1.1116890673663482,1.046644847427386,1.1916317928211315,1.3050551958424026,0.8487032170418465,1.1064639374388794,0.8345520414729007,1.3737782160434855,-0.1676724885445224,0.08031487061196314,0.28213491917561173,0.4789549470508218,0.4936919044290931,0.5100293425943423,0.5401814409947909,0.5322633759236659,0.6384749040164824,0.657556475232064,0.6840473017844778,0.6496458022388842,0.581311460071591,0.6508723503267282,0.8325843815233089
249,1.0754109684487645,0.002170265556124745,0.06408421415835619,3.517889829270073,0.0005940969666355695,0.8409353691933702,0.8821615364187683,1.042746420479881,1.0797737445598363,1.2156009210073488,1.0183729280724714,0.8009282650262213,1.1106556269855616,1.046305629095977,1.1916281408418885,1.303514811875934,0.8479296515324182,1.1056769567262783,0.8335664395868994,1.3737470025425182,-0.1684009998800493,0.07982933233303445,0.28152987545529407,0.4783085817076381,0.4931918483225979,0.5097435168903836,0.5398482469747714,0.5318340510421844,0.6382528807936215,0.6572781835160029,0.6837258123198173,0.6493379064227078,0.5809641014140332,0.6503907352600414,0.8325843815233089
250,1.0768544462771075,0.002176948233590881,0.06775834504514933,4.128695551291612,0.0005906693130526547,0.8396429757884663,0.8813855853353624,1.0422368066833998,1.078298470736236,1.2158977432263196,1.01804883063587,0.7997648906086741,1.1096315519441173,1.0459737746757465,1.1916424942925443,1.3020000812857941,0.8471716924969819,1.1048884527801153,0.832600137659309,1.3737218809500131,-0.16912556612727517,0.0793480687729438,0.2809332944048188,0.47766366727981296,0.4927009363373251,0.5094622680117238,0.5395216024128616,0.5314119597393628,0.63803549457025,0.6570086175440807,0.6834098218235188,0.6490358429302537,0.580617875482106,0.6499180253906436,0.8325843815233089
251,1.0782693230432854,0.002183759685239312,0.06546707870438695,3.784136211971523,0.0005872372647446318,0.8383956107392262,0.8805771965916208,1.0417153227627802,1.0768619158002553,1.216152109248639,1.0177489194124458,0.7986070245129328,1.108564499911975,1.0456293255401343,1.1915569714029601,1.3003644222733084,0.8464489268725147,1.104120366463041,0.8316337907684884,1.3736481757186296,-0.16982408942977803,0.07885097525803604,0.2803328651574766,0.47703083171025296,0.4922036771479342,0.5091869843441889,0.5391984242405399,0.530982625527678,0.6378118679756728,0.6567230898956222,0.6830930793804887,0.6487452294784707,0.5802814051422337,0.6494379915249516,0.8325843815233089
252,1.0797081144622893,0.002190195039021353,0.06503985682502389,6.493429088296106,0.0005838009889846932,0.83709996585859,0.8797310743075138,1.0412222704413598,1.0753712402231654,1.2164755842284865,1.017295752436737,0.7974164943729691,1.1075837770300823,1.045342629275191,1.1916893454999857,1.2991414352771524,0.8457062452052364,1.1034020401192248,0.8306377418233285,1.3736438713867236,-0.17054955063852034,0.07832524079206134,0.27973480595822087,0.47637458643254704,0.491708379986401,0.5088605312400059,0.5388456998230141,0.5305570746430217,0.6376088864759132,0.6564988813472427,0.6828252843137914,0.6484593991758247,0.5799756362040588,0.6489602345031572,0.8325843815233089
253,1.0810986248645642,0.002196302523538531,0.06653209123760462,6.327891207849673,0.0005803606532520715,0.8357665395371029,0.8788570701891961,1.0407527241747572,1.0738367953049328,1.2168570418068494,1.0167143648127337,0.7962035937160651,1.1066753093641997,1.0451041786494093,1.1920048886706063,1.2982632570027481,0.8449481066602799,1.1027286618458476,0.8296199761675641,1.3737019283111587,-0.1712962654755814,0.07777764472391965,0.27913841895190433,0.4756991909350299,0.4912158966955691,0.508491677173786,0.5384692000595651,0.530135311686097,0.6374232777565462,0.6563267857189993,0.6825989236335025,0.6481779391704274,0.5796966915388795,0.6484855444092781,0.8325843815233089
254,1.0824491504302909,0.0022021205051997567,0.06577196856960654,6.207527957437986,0.0005769164252238771,0.8344038532581564,0.8779618349750516,1.040301732036203,1.0722672202137882,1.2172858539818192,1.0160250723870106,0.794976087703042,1.1058297616812942,1.044905770486862,1.1924761829530006,1.2976766327311966,0.8441781090744974,1.1020961362694683,0.8285861425560992,1.37381683864801,-0.17205955175311452,0.07721252705737801,0.2785428321880913,0.4750082725132238,0.4907265676805631,0.5080875601421562,0.5380736235438621,0.529717593768495,0.6372522972952447,0.6561994389752134,0.6824079361182714,0.6479005698237605,0.5794415997936022,0.6480144014546333,0.8325843815233089
255,1.0837596355165684,0.0022079129946650706,0.06689190305769444,4.932939235990598,0.0005734684727669247,0.8330460239007321,0.8770716358307983,1.0398430569662382,1.070705699842131,1.2176971791880928,1.0152842652906044,0.7937502239088818,1.1050045216133157,1.0447142277784682,1.19297554584421,1.2971201717323824,0.8434110016875482,1.1014608168382487,0.8275538084697239,1.3739374017434502,-0.17282024301105042,0.07664601117225613,0.2779495955015977,0.47432272967968564,0.49024429677818865,0.5076724326532378,0.5376778993194429,0.529304702358617,0.6370852942505518,0.6560790823916957,0.6822181782342237,0.6476243887159158,0.57918477538449,0.647542522583713,0.8325843815233089
256,1.0850396413668595,0.0022139203943616296,0.06557952892035246,3.538355023573572,0.0005700169639295527,0.8317888930798086,0.8762279937490592,1.039338534556111,1.0692484375111075,1.2180124910588548,1.014589738528782,0.7925680447905733,1.1041334910996619,1.044465194584061,1.1932420914167374,1.2965114246582499,0.8426647391246839,1.1008401068283609,0.8265575833588882,1.3740357712044227,-0.17352565301878792,0.07611309067690823,0.2773508123673693,0.4736776280730255,0.48976781595065655,0.5072742265435544,0.5372933575334428,0.5288980775125464,0.6368989278584137,0.6558947757919512,0.682007262016119,0.6473471349865159,0.5789221367991716,0.6470717206484445,0.8325843815233089
257,1.0864014244372338,0.002219815989479474,0.06637556105852127,4.983842410171327,0.0005665620669334328,0.8305217656518948,0.8753794831258409,1.0388600387699476,1.0677912717139806,1.2183927507415653,1.0138609679550779,0.7913663321719941,1.103280258667491,1.0442380063777732,1.1935838656142397,1.2959333430854356,0.8419154449419388,1.1002126016630274,0.8255668040080605,1.3741289528820668,-0.17423644288747486,0.07557078449319712,0.2767691522731335,0.47303493096024135,0.4893025433658126,0.5068697925063473,0.5369090249668176,0.5284945977891526,0.6367210617711201,0.6557310214811071,0.6818012047411317,0.6470704654616883,0.5786576712831559,0.646606842762612,0.8325843815233089
258,1.0877057619428507,0.0022256746891430473,0.06706416280940175,4.409480642931357,0.0005631039501653701,0.8292585057918931,0.8745479471704743,1.0383984539543953,1.066337556574817,1.2187876069822923,1.013164767495631,0.7901660400484338,1.102432389769351,1.0440143935460597,1.1939376443253131,1.295285380978079,0.8411757361476824,1.0995743895048058,0.824594545083944,1.374210421424103,-0.17494560720811828,0.07503534411261799,0.27619682693774567,0.4723947794195438,0.48884202390962056,0.5064790151891337,0.5365344384394612,0.5280967996147583,0.6365462216540574,0.6555720872553235,0.6815895790146925,0.6467963494728228,0.5783908831404446,0.6461511856729709,0.8325843815233089
259,1.0890173563084984,0.002231389612296332,0.06661367183551192,6.711380087084224,0.0005596427821690972,0.8279614249060764,0.8736978675275973,1.0378776221219468,1.0648620050177462,1.2192226945275966,1.0123195637379856,0.78891969037735,1.1016393950207406,1.0438314682212506,1.1944383904510991,1.294865739625154,0.8404320750507814,1.0989284366618168,0.8235900928886927,1.374302560071049,-0.17567236227519653,0.07447666097944,0.2755895383461653,0.4717414321271307,0.4883763242238592,0.5060388980468443,0.536133125487671,0.5276980601187032,0.6363862411654042,0.6554562830916976,0.681407269470617,0.6465280203421948,0.5781362364875909,0.645691665286662,0.8325843815233089
260,1.090313539870214,0.0022367759895531884,0.06714360322803259,6.80906648281,0.0005561787316370596,0.8266341748558168,0.8728107464188317,1.0374019488891544,1.0633479160496602,1.2197226947220547,1.011382821620284,0.7876373914801488,1.1009267599689991,1.0437040145817846,1.1951229795284108,1.2947094138121253,0.8396752429311615,1.0983251875254463,0.8225554326667351,1.374419158259791,-0.176415942661156,0.07389074451306595,0.2749955262164027,0.47107142637603644,0.4879092105643844,0.5055655769414056,0.5357104800732452,0.5273032079908831,0.6362456021937857,0.6553936324802182,0.6812581466607391,0.6462639622300074,0.5779100670805913,0.6452323901575688,0.8325843815233089
261,1.0915642537950714,0.0022420185708229637,0.06632085097953677,6.360460943838195,0.000552711967402193,0.8252875254118895,0.8719234663226391,1.036868263986364,1.0618124484816878,1.2202742978477346,1.0103760143358753,0.7863362423761461,1.1002556416911946,1.0436046734910533,1.1959077316719984,1.2947096116646546,0.8389011242959782,1.0977405395836275,0.8214996151132768,1.3745571101388139,-0.17716952101932817,0.07329305840603752,0.2743668103587243,0.4703882935677797,0.4874411612351808,0.505068854356511,0.5352753098138735,0.5269097089122099,0.6361147150422015,0.6553601593527711,0.681129089595805,0.6460017500997041,0.5777007431693342,0.6447739420862567,0.8325843815233089
262,1.0927996229949692,0.0022472173217425793,0.0665428708307445,4.439178468143459,0.0005492426584296951,0.823961859606951,0.8710521586685962,1.0363532101050061,1.0602993906588614,1.220868374256913,1.0093917369246288,0.7850580875987959,1.0995825544130835,1.0434957887997205,1.1966689777648123,1.2946587686371054,0.8381384695930927,1.0971597629133039,0.8204679648696556,1.3746908733855283,-0.17791201467064788,0.07270434769250815,0.27375357248703147,0.469716333762637,0.4869895981332235,0.5045853019304274,0.5348533356872244,0.5265225787491244,0.6359821717763475,0.6553200531083906,0.6809926296749659,0.6457412737020022,0.5774883349186747,0.644322901547196,0.8325843815233089
263,1.0939969944511734,0.002252592770675336,0.06514531839638948,4.2542978542228855,0.0005457709738087912,0.822664363782114,0.8702259756797028,1.0358623827945124,1.0588547842773457,1.2213807337436182,1.008517482991637,0.7838200901500635,1.098871315985073,1.0433368218488157,1.1972340617031625,1.2944219652268805,0.8373915323987846,1.0965667041374207,0.8194776421040205,1.3747910127893088,-0.1786413903461248,0.07215395824617041,0.27316319580039145,0.4690733531241195,0.4865433814791278,0.504138920672667,0.5344541356591902,0.5261449182076258,0.6358343323453938,0.6552297649423634,0.6808375256514478,0.6454815617522367,0.5772642643693385,0.6438754556581162,0.8325843815233089
264,1.0952447086327146,0.0022579559630382853,0.06510060699656606,4.080983270773494,0.0005422970827444917,0.8213921512820017,0.8694221058982963,1.0353854862880356,1.0574234669496076,1.2218835158550163,1.0077071039642402,0.7826160437451279,1.098148878677191,1.043164317108238,1.1977725346223647,1.2940753579504005,0.8366622698629633,1.0959715878220488,0.8185163240399658,1.3748847286541137,-0.17935716323496745,0.07161526549849234,0.2725836667095636,0.46843766910493523,0.48610532067499124,0.5037177858490506,0.534072965717477,0.5257737950060862,0.6356835860356618,0.6551326251069289,0.6806706764708617,0.6452245097872911,0.5770373939618991,0.6434392292128236,0.8325843815233089
265,1.0964693111145811,0.0022632466542377764,0.06497769709676504,4.342286887883954,0.000538821154549346,0.8201370628053846,0.8686285788533871,1.0349229346742619,1.0560052921125542,1.2224135191285137,1.0069067785070913,0.7814302064777093,1.0974237287811368,1.0429919478225353,1.1983178872276015,1.2937056340598059,0.835948102653284,1.0953852869141654,0.8175740696289359,1.3749822730969319,-0.18006372615836153,0.07108088975448264,0.27201677761695625,0.46780933223951177,0.4856804343192982,0.5033053259582368,0.5337018349900953,0.5254077293381929,0.6355343178262269,0.6550385540902436,0.6805011094061411,0.6449700328281324,0.5768105307498397,0.6430108893283122,0.8325843815233089
266,1.0976721865710175,0.0022684773207723953,0.0660055298358202,4.449997271136234,0.0005353433586351906,0.8188970683244204,0.867841340124779,1.0344822006959706,1.0545992934406623,1.2229664223203176,1.0061058881278029,0.7802567126658955,1.0966988125677302,1.0428205506743518,1.1988725767257815,1.2933252963174096,0.8352412830948199,1.0948005982839923,0.8166492427862263,1.375082275549644,-0.18076212701202243,0.07054821706657766,0.27146584439480204,0.4671881124328552,0.48526706836704936,0.5028974177371092,0.5333376307496815,0.5250457075435246,0.6353866930806057,0.6549477645180625,0.6803304845580946,0.644717222298609,0.5765815078611454,0.6425891342564118,0.8325843815233089
267,1.098857400766042,0.002273673085645078,0.06522825825959444,4.613380114506067,0.0005318638645048921,0.8176676274006864,0.8670589872609689,1.0340367330385292,1.0531945059250623,1.223497722879321,1.0053088381622488,0.7790921511669823,1.095975525075014,1.0426543873082963,1.199442146095461,1.2929402454360008,0.8345399085745608,1.0942243662243767,0.8157343947286292,1.3751866496923066,-0.18145481499657934,0.07001559939737824,0.2709138370174103,0.46656816515995314,0.48485570156110924,0.5024939304001133,0.5329796106604217,0.5246876668808556,0.6352420865576486,0.6548617297006495,0.6801584423111895,0.6444652903501854,0.5763542871383232,0.6421732248235775,0.8325843815233089
268,1.1000365822039948,0.0022788560112524804,0.06680957227945328,5.0326522025696026,0.0005283828417440853,0.8164429075828785,0.8662727104021516,1.0335930852300264,1.0517974350871688,1.2239972286312004,1.004470201991551,0.7779280140506066,1.0952683991550687,1.0424972999591529,1.2000380124939969,1.2925666667326017,0.8338405318625786,1.093650150284857,0.8148174869723023,1.3752985826218942,-0.18214509078237923,0.06947870988541355,0.2703681976082111,0.4659530280422087,0.48444590143432975,0.5020797754983614,0.5326195478765845,0.5243320809100647,0.6351017187164681,0.6547830926484641,0.6799863294034121,0.6442138462156977,0.5761278936174931,0.6417562152008465,0.8325843815233089
269,1.101215529761087,0.002284036568718137,0.0655998489819467,5.140413431512242,0.000524900460012909,0.8152221201512946,0.8654815113978342,1.033159268039334,1.050405999799233,1.2244673031572437,1.0035892857589093,0.776761531772055,1.0945801547646452,1.042347615432127,1.2006595164140301,1.2922035614556437,0.8331382980417883,1.0930777905021112,0.8138996324934634,1.3754172891852459,-0.18283331688662074,0.06893679720922608,0.26982775334565756,0.4653405623609104,0.48403701327099274,0.5016541055697927,0.5322562068266784,0.5239785169608092,0.6349651522510498,0.6547113287824539,0.6798134641524863,0.6439610367800073,0.575901850179826,0.6413386129578924,0.8325843815233089
270,1.1023958093165191,0.0022891869642360898,0.06567905889824033,5.33530949925647,0.0005214168890377352,0.8140019006920894,0.8646842846131667,1.0327126904387167,1.0490259867752434,1.2249402060856711,1.002663532644791,0.7755881747092915,1.093905746150497,1.0422101795821004,1.2013247313470126,1.2918470528008923,0.8324336660992881,1.0925189363984258,0.81297391581937,1.3755448823708676,-0.18352128508026236,0.06838879483440205,0.2692836675351118,0.4647312059974145,0.4836285356079487,0.5012158003121145,0.5318895538431518,0.5236263728698013,0.6348342086035033,0.6546521018350222,0.6796406934154052,0.6437076690180741,0.5756833907970663,0.6409196126872175,0.8325843815233089
271,1.1035742341425294,0.0022942557642502653,0.06522176787257195,5.6533051938636625,0.0005179322986028993,0.8127807300259141,0.8638771810590858,1.0322674773187104,1.047652492610471,1.2254176795115643,1.001669471591725,0.7744066628165487,1.0932509412106555,1.0420889345851618,1.202048376790446,1.2915772260835316,0.8317313107607305,1.0919648336733736,0.8120407929323545,1.3756893816917393,-0.18420970062709452,0.06783196385638639,0.2687412263197564,0.46412275014795273,0.48321909337000835,0.5007559891054968,0.5315140407932805,0.52327562096265,0.6347102320680423,0.6546111115683784,0.6794776279561725,0.6434565118886479,0.5754725719516434,0.6405003039458648,0.8325843815233089
272,1.1047445936715197,0.0022992514514589557,0.06676051300019026,5.760247727911025,0.0005144468585424227,0.8115593547375978,0.8630617256271376,1.0318186979739217,1.0462814489585346,1.225897055313972,1.0006098599504794,0.7732183418947974,1.0926156068939996,1.0419826607657012,1.2028275460638083,1.2913910670005797,0.8310272648266269,1.0914113869022992,0.8111031996198174,1.3758515777395066,-0.18489818882573628,0.06726722570439932,0.2681974691849946,0.4635137618478434,0.4828092337236509,0.5002753297245158,0.5311296363838643,0.5229259923059268,0.634592853832898,0.6545879638259721,0.6793250190474452,0.6432069945021643,0.5752670173895722,0.640081411725349,0.8325843815233089
273,1.1059087321428764,0.0023041082431062387,0.06524932710453868,5.9733646585362,0.0005109607387317369,0.8103341405787886,0.8622510189698621,1.0313236123446428,1.0448967561750027,1.226410336667718,0.9995078873739242,0.7720280375106194,1.0920005876164869,1.041896063697062,1.2036742653654369,1.2913388258083336,0.8303149285073718,1.0908766513712398,0.8101570227278247,1.376037791703402,-0.18558859510810727,0.06669807496994387,0.26762603551623804,0.4628950022020612,0.48239961121952246,0.49977885526911553,0.5307353238990894,0.5225770459886356,0.6344826069439339,0.6545879515296128,0.6791925855101876,0.6429607519766021,0.5750751981689324,0.6396652463212804,0.8325843815233089
274,1.107059417821057,0.002308810088470654,0.06531771784648299,6.103802571553445,0.0005074741090794031,0.8091076538604194,0.8614416734419127,1.0307902520007586,1.0434945475579023,1.2269512564755998,0.998357001032915,0.7708392198096258,1.0914121419157543,1.0418319132184546,1.2045847208940146,1.2914255912359356,0.8295897219486168,1.090374945712605,0.8092063695731252,1.376243899255195,-0.1862796851007611,0.06612428181593483,0.26702966522192767,0.46226538588698796,0.48199107996908697,0.4992648979921883,0.5303309178142102,0.5222304648144437,0.6343807816269146,0.6546122307187616,0.6790835677538433,0.642716291295723,0.5748992445916461,0.6392534626839351,0.8325843815233089
275,1.1081945811372518,0.0023132464009026892,0.0655026389285922,6.258033084486502,0.0005039871395188318,0.8078811799310218,0.8606116262176778,1.0303075229776621,1.0420800221927664,1.227519143049163,0.9971689102427517,0.7696396580700604,1.0908649565211992,1.0418016452301064,1.2055967542190438,1.291693915376189,0.8288643881119445,1.0899019573377284,0.8082495713424966,1.3764683249997618,-0.18697137976767012,0.06553897836041914,0.26645420740221765,0.46163030337475053,0.48158341990141645,0.4987353901770288,0.5299143578716166,0.5218871404420593,0.6342914576035411,0.6546713620172145,0.6790009964838369,0.6424764209718813,0.5747398465695739,0.6388441902432014,0.8325843815233089
276,1.1092895248587726,0.0023175606008952053,0.06563244899734855,6.139615519219088,0.0005005,0.8066564000579469,0.8597861107802426,1.0297873342846717,1.0406548817721608,1.2281076543109355,0.9959406657364819,0.7684428235381364,1.0903378881609338,1.0417887620487307,1.2066521955028118,1.2920708298012569,0.8281287867160179,1.0894557568097545,0.8072915706779739,1.3767081106499819,-0.18766218266176724,0.06495165692768749,0.26585597569115804,0.46098752099504514,0.48117710035141215,0.4981918026854053,0.5294901395650751,0.5215461882795366,0.6342089370315097,0.6547489920721181,0.6789374961173972,0.6422380242186707,0.5745929971302265,0.6384392719485253,0.8325843815233089
277,1.1103722950549886,0.0023218564920184323,0.06576270889490843,5.822015664925841,0.0004970128604811682,0.8054388593731584,0.8589566839659389,1.0292751905825153,1.0392484202059518,1.2286850980090924,0.9946710644163038,0.7672406632798667,1.0898144309936464,1.0417814894748727,1.2077223685580574,1.2924731198151602,0.8273983266693972,1.0890025736174735,0.8063375684364769,1.376953861776378,-0.18834921264008775,0.06436212306354225,0.26526627494299415,0.46035177569309027,0.4807709795612808,0.49763607066027926,0.5290625688707682,0.5212064250697682,0.634129975077727,0.6548326534383427,0.678875148052581,0.6420007219076712,0.5744457151161225,0.6380352318739511,0.8325843815233089
278,1.1114535692798488,0.002326192846297445,0.06477631628513336,5.364881477559286,0.0004935258909205969,0.8042342829465337,0.8581304163129838,1.0287690088590489,1.0378704755028658,1.229242889137495,0.9933935941076757,0.7660352994510259,1.0892841238288984,1.0417731496151512,1.2087788933000763,1.2928181173948807,0.8266703397750704,1.0885519984087952,0.8053899931477619,1.3771940983343391,-0.1890295509311356,0.06377628189261599,0.2646858830331251,0.459727664125382,0.4803667147555907,0.49708058832490976,0.5286387211752828,0.5208681507987022,0.6340521424216645,0.6549124426503403,0.6788028090872144,0.6417610968351695,0.5742967387280893,0.6376315504282503,0.8325843815233089
279,1.1125385777313515,0.002330504468368878,0.06513952789828181,5.754335336200495,0.0004900392612682634,0.8030390295459345,0.857301826392023,1.0282829371017872,1.0365128355765987,1.229787627962525,0.9920826972194794,0.7648251506794059,1.088755509272016,1.0417696083449692,1.2098425864858537,1.2931954539666959,0.8259494326824494,1.0880951709057656,0.8044470875241277,1.377439020179426,-0.18970504211733202,0.06318975960577135,0.26411957987410795,0.45911161675605616,0.47996303238039645,0.4965152847069014,0.5282121056109441,0.5205312665231642,0.6339774427691507,0.6549961821338834,0.6787317205467305,0.641522443603237,0.5741472369181169,0.637229088468337,0.8325843815233089
280,1.1136186972629771,0.0023347896687076182,0.06492839707061648,5.801570874906347,0.00048655314145757745,0.8018527583390092,0.856471003428893,1.027816007040966,1.0351742021421166,1.2303210883341664,0.9907413391431629,0.7636103829241041,1.0882281878685474,1.0417711723230267,1.2109131507271738,1.2936036432126747,0.8252352019996307,1.0876329488168381,0.8035088487193169,1.3776880582814683,-0.1903758935872254,0.0626026445289032,0.263566553584755,0.45850311403703214,0.4795601755240274,0.4959409475491659,0.5277828570219583,0.5201957552415897,0.6339059629124729,0.6550840013411228,0.6786620432900179,0.6412846743068591,0.5739973456134074,0.6368280100459627,0.8325843815233089
281,1.1146936706031962,0.0023390462661585154,0.06639836123213172,5.858348847687715,0.00048306770139710083,0.8006749141021894,0.8556379238113694,1.0273669455871415,1.0338530616383115,1.2308454626295204,0.98937242781457,0.7623913106476286,1.0877017863482605,1.0417782942026783,1.2119911552929936,1.2940403192105296,0.8245272617547512,1.087166362881087,0.802574997136905,1.3779407856552053,-0.19104242568964694,0.06201488153759411,0.2630258084717139,0.45790153412616,0.47915833720223555,0.4953583630790342,0.5273511833519465,0.5198615824778839,0.6338378257871806,0.6551762640299716,0.6785938831930028,0.6410477197646886,0.5738473681730755,0.636428415971962,0.8325843815233089
282,1.1157632199874774,0.0023433408962322223,0.06591370003297925,5.21531278075198,0.0004795831109622648,0.7995127533927765,0.854813435092439,1.0269295133647895,1.0325577632893956,1.2313587047288543,0.988014889779405,0.7611775272269766,1.0871702412316384,1.0417801836257774,1.2130338141604933,1.2944139807147286,0.8238232203711701,1.0867059722408883,0.8016522392928733,1.378183033428756,-0.19170088496680537,0.06143530772047667,0.2624938430964278,0.45731048013589365,0.478761828920485,0.4947823206961755,0.5269259498430893,0.5195300265026479,0.6337692314583258,0.655258608995709,0.6785146536058017,0.6408089854744358,0.5736961811405608,0.6360311682440676,0.8325843815233089
283,1.1168325664603977,0.002347676002702201,0.06558060925453901,5.354010745288308,0.00047609953998709113,0.7983644158592125,0.8539965842725123,1.0265040387792839,1.0312801501215243,1.231840481314989,0.986659786672697,0.7599669824215209,1.0866292367034578,1.0417806416108435,1.21404830902027,1.2947397790943245,0.8231249605602331,1.0862465505668069,0.8007393679856899,1.378415445313472,-0.19235236170170772,0.06086282925755105,0.26197467339018693,0.45672893361052486,0.4783693112312601,0.4942097770780459,0.5265050377860211,0.5192002184719509,0.6337011519227642,0.6553339852529084,0.6784276364584848,0.6405690402740593,0.5735407755268859,0.6356358191454304,0.8325843815233089
284,1.117904375620771,0.002352030186773974,0.06572174886241555,4.88295870907569,0.00047261715825591466,0.79723458819775,0.8531959934330006,1.026085969130636,1.030014412038444,1.2323051991421305,0.9853443244115717,0.7587670995555773,1.0860681775608751,1.0417747310847925,1.2150255221880544,1.2950081377935678,0.8224351847396739,1.0857959712364023,0.7998443927096839,1.3786367259000694,-0.19299413968166357,0.060301705495439485,0.2614617191245643,0.4561535705917791,0.47798143992154735,0.4936533394151735,0.5260949911146835,0.5188733120180916,0.6336318702811004,0.6554000901134893,0.6783325737814269,0.6403280389316058,0.5733824484299407,0.6352469323142452,0.8325843815233089
285,1.1189729604392946,0.002356376097483184,0.06634250096976757,4.63934846938076,0.00046913613549510796,0.7961265528341545,0.8524128068508604,1.0256995236313393,1.0287714215486328,1.2327974393631784,0.9840652260329384,0.7575860154426877,1.0854918176970805,1.041757504441903,1.2159562985237284,1.2952165921907468,0.8217567823225459,1.0853441297468802,0.7989744924934558,1.3788447148649012,-0.1936244384533267,0.05975387800112786,0.26097025801965096,0.4555899089905683,0.47760759814084275,0.49311273140817097,0.5256961651797232,0.5185502252256318,0.6335598159195484,0.655454602080313,0.6782305529511514,0.6400877259153261,0.5732168714989312,0.6348647307621689,0.8325843815233089
286,1.1200274238292958,0.0023607081708141376,0.06593410018831491,4.614797909826417,0.0004656566413648094,0.795039105665179,0.8516462905399961,1.0253361242266383,1.0275503587463781,1.2333327562074288,0.9828217080776729,0.756422593776812,1.0849029563369954,1.0417291962427946,1.2168415325293935,1.2953685906932646,0.8210891336532109,1.0848978650925993,0.798126137146417,1.3790389525061992,-0.19424389733095102,0.05921901109625205,0.26049507632928426,0.455036996775718,0.4772489988838467,0.49258727027427845,0.5253079752598052,0.518231176253839,0.633485127572099,0.6554974484823679,0.6781209873616081,0.6398479749886737,0.573047200394993,0.6344883524654172,0.8325843815233089
287,1.1210668977307496,0.0023650274285555765,0.06605806993320584,4.649247915613912,0.0004621788454506542,0.793970250458434,0.8508948217155308,1.0249940746237327,1.0263494905891781,1.2339073564165346,0.9816093236251299,0.7552744674919046,1.0843028895382332,1.041691537747818,1.2176855870448389,1.2954706702545922,0.8204310899007308,1.0844568518650697,0.7972973455613239,1.3792197286333006,-0.19485360306230687,0.0586959550882886,0.26003493343560835,0.4544939423678739,0.47690427413084446,0.49207518229069697,0.5249292313078986,0.5179158385019791,0.6334083615108435,0.6555299199631603,0.6780046454342492,0.6396086226251656,0.5728738790513757,0.6341173689123515,0.8325843815233089
288,1.1220926788717092,0.002369335047930568,0.06566102895885706,4.685987887709319,0.0004587029172555085,0.792918161268906,0.85015701285264,1.0246718756678768,1.0251672582245461,1.234517889236689,0.9804241254347097,0.7541394099888991,1.083692723941599,1.0416460572329949,1.218492267982535,1.2955288528009723,0.8197815423224125,1.0840207582742096,0.7964863435579114,1.3793871303133778,-0.195454553575321,0.05818373369002533,0.25958871529165667,0.4539599348862291,0.4765721753827638,0.49157488038583697,0.5245588473510302,0.5176038884205282,0.6333300038476031,0.655553134645428,0.6778822160016261,0.6393694919755059,0.5726972672915361,0.6337513754473387,0.8325843815233089
289,1.1231059062662514,0.0023736390786038785,0.06503294687718153,4.785986558210282,0.00045522902619120895,0.7918802912908235,0.8494307641256384,1.0243747086148431,1.024001221573101,1.2351419200545908,0.9792585942382455,0.7530141154471606,1.0830721392287905,1.0415956228619414,1.2192684970121888,1.2955518603910292,0.8191389842328513,1.083582409458358,0.7956928776883642,1.3795420741986553,-0.19604815933332176,0.057680695125444326,0.2591591576328165,0.4534342152532178,0.4762489189235347,0.49108371622641983,0.5241951540485573,0.5172944883902945,0.6332509130258961,0.6555694505551856,0.6777556273105538,0.6391303649226978,0.5725151493741483,0.6333904116799001,0.8325843815233089
290,1.1241094938560712,0.0023780197339905583,0.06535267783328891,4.536687610091395,0.0004517573415703049,0.7908591821724184,0.8487254196204784,1.0240771565692663,1.0228473742279194,1.2357418658163026,0.9781406686826043,0.7519043558493087,1.0824362034098096,1.0415332430660142,1.2199976338306,1.2954637829775453,0.8185047578038881,1.0831430873696126,0.7949166712363409,1.379680467643053,-0.19663298368900067,0.05719202308202928,0.25873026167595653,0.4529135117031022,0.47592508778639264,0.49061012443032825,0.5238422362534972,0.5169878604239477,0.633168364666912,0.6555726340594105,0.6776161707002483,0.6388902003372824,0.5723283950405369,0.6330339933790472,0.8325843815233089
291,1.1251174967291282,0.002382455011126748,0.0651919380761683,4.22495658265253,0.0004482880325978072,0.7898573174713636,0.8480420332729003,1.0237912511168836,1.0217088015618108,1.2363212831259363,0.9770988073206847,0.750818001813456,1.0817878594543713,1.0414519321254898,1.2206644842848031,1.2952692320945074,0.8178823137168063,1.0827030302496947,0.7941622918679916,1.3797993853691857,-0.19720756507534687,0.056718413523893854,0.258309253452912,0.4523997682221713,0.4756032309487346,0.4901627890214765,0.5235032895973691,0.5166849456913467,0.6330801865463146,0.655557914721646,0.6774632810995872,0.6386503792514808,0.5721389350070861,0.6326852105780578,0.8325843815233089
292,1.1261215197479817,0.0023869796691107074,0.06577494973316789,4.162437232144726,0.0004448212683629404,0.7888779073448661,0.8473836826151601,1.0235141471440672,1.0205886439174732,1.2368800083617273,0.9761368385670075,0.7497416214818645,1.0811326387795732,1.0413354225225926,1.2212553531585717,1.294966257546074,0.8172680872877397,1.0822715426539125,0.7934286014149076,1.3798564639921225,-0.19777000877861486,0.0562621821858123,0.2578955973888978,0.4518937769651824,0.47528346238631247,0.4897435986172922,0.5231799638830331,0.516386822884504,0.6329805163364092,0.6555183846939661,0.6772960503149338,0.6384099238911962,0.5719490078576194,0.6323429701529779,0.8325843815233089
293,1.1271255346639166,0.0023915907731802966,0.06590623036026955,3.4688054237715846,0.00044135721783090275,0.7879527485014967,0.8467691613359785,1.0232733546714265,1.0195598561664874,1.2373875012795341,0.9752844251037873,0.7487163712025352,1.0805137071846531,1.0411589138579374,1.2217456982237378,1.2945649254737401,0.8166678830558874,1.0818722817583737,0.7927044581330166,1.3798759857387595,-0.19830214629311482,0.05584109594772093,0.25751436497031943,0.4514211892734779,0.4749578839989912,0.4893564892620509,0.5228701350237824,0.5160952269849126,0.6328602761907041,0.6554354079581571,0.6770977492288456,0.6381652502957059,0.5717620113390838,0.6319963398231045,0.8325843815233089
294,1.1281067594662864,0.00239635856022229,0.06545544788241386,3.840281531481166,0.0004378960498346301,0.7870733479933929,0.8461929680450117,1.0230363635724848,1.0186196252360187,1.237790117373041,0.9745104723598349,0.7477271937361061,1.0798935580780673,1.0409112455110707,1.2220845779931309,1.294132794429331,0.816091306629835,1.0814776180871533,0.7919993125286146,1.379867242791351,-0.19880900144076363,0.05545041681935988,0.25715223070467724,0.45098484155438723,0.47462924304616966,0.4889926379852275,0.5225692983445676,0.5158088564529696,0.6327169072361413,0.6553026176940759,0.6768817825174461,0.6379219570940987,0.5715690521448235,0.6316464860369151,0.8325843815233089
295,1.1291225917485908,0.0024011823001814886,0.06664742063730955,3.4885184991296216,0.00043443793306656745,0.7862386068767435,0.8456544740133922,1.022818197601332,1.0177522024679677,1.2381536065984224,0.9738352457973942,0.7467847001813648,1.0793069988723496,1.040616484984709,1.222346672507526,1.2936170768447928,0.8155247813957437,1.0811143189164794,0.79130376301211,1.379831929647238,-0.19929084388991442,0.05508958323631026,0.25681050729300264,0.45057443605827646,0.47429539243917035,0.48865771369469235,0.5222808803032951,0.5155282659116349,0.6325572953986597,0.6551363403300157,0.6766408852308895,0.6376747961883187,0.5713806064700456,0.6312950791266227,0.8325843815233089
296,1.13011128462536,0.0024060570648876257,0.06539249792695045,3.65084403988798,0.0004309830360704473,0.7854394925978171,0.8451436116959908,1.0226124813624435,1.016953965035107,1.2384883440909074,0.9732572804239887,0.7458811893195614,1.0787564427183804,1.0402756265607718,1.222521971731976,1.2930352813555523,0.8149794030510277,1.080791859220421,0.7906172648961215,1.3797784080588704,-0.19975275256011857,0.054752220112815,0.2564859993069152,0.4501890900695932,0.47395864831791074,0.48835007830288035,0.5220019811690617,0.5152544434264482,0.6323826443422307,0.6549356786314764,0.6763729915765281,0.6374248953951505,0.5711992332392047,0.630942159543783,0.8325843815233089
297,1.1310962517585792,0.0024109786399804396,0.06613078014925122,3.6820775412371747,0.0004275315272330755,0.7846721116686834,0.84465012952579,1.0224353005511997,1.0162188614283751,1.2387804303650813,0.9727685507510325,0.7450167855220271,1.078246454310852,1.0398951307947204,1.222614955921084,1.2923657983979253,0.8144515616674946,1.080498724098864,0.789938447860174,1.3797020686129922,-0.2001970577777306,0.05443402794216938,0.2561863790981966,0.44982752955415645,0.4736183158464251,0.4880686860452104,0.5217342142908545,0.51498751683071,0.6321952670236772,0.6547059360543703,0.6760835577103005,0.6371730384162723,0.5710231533416706,0.6305884410739103,0.8325843815233089
298,1.1320677895784512,0.0024159052853234375,0.06539968820288777,3.8419154012131314,0.0004240835747761231,0.7839128620082746,0.8441719330280555,1.0222604794395014,1.0154751964650461,1.2390602015462646,0.9723116497531337,0.7441571205859405,1.0777261031304726,1.0395108152469545,1.222676416885816,1.291669160542895,0.8139293027424862,1.0801994305109117,0.7892795184191045,1.379572109898287,-0.2006371248151002,0.05412335362973316,0.2558862293752488,0.44946469840520326,0.47328323124153,0.48780130540441463,0.521476744417494,0.5147243336802008,0.6320068658092671,0.6544716508125741,0.6757975476791721,0.6369235379112071,0.5708433428675221,0.6302426023398355,0.8325843815233089
299,1.1330336073973974,0.002420842011200057,0.06587545992806554,4.156520335963104,0.00042063934674792854,0.7831545520960905,0.8436987675143393,1.0220849784390993,1.0147117657790574,1.2393497553595656,0.9718742641031016,0.7432888242013285,1.077188368135322,1.0391261697793635,1.2227290585005954,1.2909272983760296,0.8134078202641679,1.0798967293071324,0.7886346422941106,1.3794051529022562,-0.2010768931830594,0.05381324473687676,0.25558282299409907,0.4490956499812546,0.4729539572019299,0.48754441498433404,0.5212279465611547,0.5144635079616597,0.6318188597249846,0.654238256694404,0.6755132993659567,0.6366759614193852,0.570663803408794,0.6299050613138535,0.8325843815233089
300,1.1340000495118223,0.002425780630268978,0.0661319699138403,4.092020824685446,0.0004171990110153069,0.7823991180931076,0.8432297915867415,1.0219122335635187,1.0139315130474678,1.2396453103196416,0.9714498305019168,0.7424194470274792,1.0766311287019943,1.0387426577960381,1.222770544624194,1.2901490302104073,0.8128928418075849,1.0795787313942067,0.7880057766334732,1.3792019432400562,-0.20151525133858442,0.05350345803989435,0.2552788945670244,0.4487219285011683,0.472630840182204,0.48729690936182796,0.5209893049308449,0.5142055160351697,0.6316319046158537,0.654006222211518,0.6752322076776486,0.6364324775669775,0.5704811420833334,0.62957530790146,0.8325843815233089
301,1.1349660065916432,0.002430697879521355,0.06521790707483888,4.257715167960097,0.00041376273525536844,0.7816427813702136,0.8427639531889085,1.0217380182564273,1.0131355272115654,1.2399463835097442,0.9710163654095287,0.7415526452128202,1.0760573723485196,1.0383756511261635,1.2228221919037308,1.2893501622622388,0.8123801791079635,1.079246639271194,0.7873880458129939,1.3790131645762045,-0.20195445667168022,0.05319379508256548,0.2549712460748936,0.4483433813671943,0.47231276847740006,0.4870498368182377,0.5207537567646202,0.5139490456015638,0.6314516486925978,0.6537833657138045,0.6749553847563656,0.6361912085223186,0.5702951585061875,0.629251483972041,0.8325843815233089
302,1.1359297815096592,0.0024355962425815503,0.06582352984696627,4.512889707394762,0.00041033068694734534,0.7808835945863506,0.8422982362923928,1.0215559555209908,1.0123241419782685,1.2402541150863562,0.9705525763228581,0.7406812411750712,1.075468610544951,1.0380308361986532,1.2228990640114632,1.288540687214384,0.8118670248581378,1.0789086386807276,0.7867763502964376,1.3788423836152475,-0.2023955666324238,0.05288237700778122,0.2546563996832533,0.44795938322171086,0.4719976275738951,0.4867958311513091,0.5205175556147618,0.5136928105936308,0.6312797493977199,0.6535733661091243,0.6746834844164297,0.6359509422597551,0.5701071038488954,0.6289312760845522,0.8325843815233089
303,1.1368947027963785,0.0024404001007779087,0.06540325796231627,4.803117077255136,0.0004069030333644306,0.7801199452194897,0.8418244488988083,1.0213894591871169,1.0115032671809678,1.2406021665922427,0.9700319954661056,0.7397992551084521,1.074870922068155,1.0377135375868536,1.223016370557083,1.2877944429722348,0.8113520243974909,1.0785650372844293,0.7861690986765238,1.3786901378111727,-0.20283948066276794,0.0525650136050457,0.2543493601656676,0.4475735235854581,0.4716935438174774,0.48652671554562044,0.5202765434558431,0.5134366067308117,0.6311183124469533,0.6533814624973562,0.6744246972223483,0.6357125346553,0.5699169237356491,0.628614169590094,0.8325843815233089
304,1.137847082363017,0.0024451400521157706,0.06499908724799752,5.1973103502854245,0.000403479941565624,0.77934818724995,0.8413387302089255,1.0212141188801154,1.010664903847131,1.2409414358830912,0.9694535430670567,0.738897785652342,1.0742628279086561,1.0374285244310917,1.22318749831805,1.2871192743848696,0.8108322162222809,1.078220931989292,0.7855569587663302,1.3785616971765344,-0.20328817459436918,0.0522381843528615,0.25403492189630683,0.44718127203760516,0.47139033075057424,0.48624091377060263,0.5200291856886616,0.5131794870532299,0.630968851158814,0.6532108087578189,0.674178546464434,0.6354742197968131,0.5697267766407946,0.6282972478958281,0.8325843815233089
305,1.1387989457952832,0.002449844116331556,0.06504316767677665,5.500428279166063,0.00040006157838759065,0.7785673247973499,0.8408369377189577,1.021043171710653,1.009816212696838,1.241262074734014,0.968805439229473,0.7379761914178842,1.073657847948385,1.0371718655479572,1.2234057285567554,1.2865095848369084,0.810302862168557,1.0778715723212975,0.7849395725694384,1.3784543537525384,-0.20374220399042353,0.05190008442055012,0.2537190940399128,0.4467851055623915,0.471086993268915,0.48593321758227614,0.5197716855522784,0.5129214065620521,0.6308302447219165,0.6530579341033961,0.6739420325251378,0.6352347606485848,0.5695366281775615,0.6279802756413145,0.8325843815233089
306,1.1397540117256046,0.0024544956666727956,0.06523037794977427,5.856904870891879,0.0003966481104365292,0.7777754239738186,0.8403169738004826,1.0208636022251805,1.008961971001879,1.2415818196140072,0.9680827557508606,0.7370320254805899,1.0730512936041545,1.0369464570689404,1.223689799517379,1.2859566280514514,0.8097643467822014,1.077522993345383,0.7843123180063647,1.378371309393811,-0.20420260009618024,0.05154898123320358,0.25339733954902116,0.44638565751221065,0.47078251374599456,0.48560163993591954,0.5195035839328422,0.5126615388529278,0.6307036280544396,0.6529283677484025,0.6737154944794066,0.6349944049823223,0.5693501258197742,0.6276620131027242,0.8325843815233089
307,1.1407107970098733,0.0024590262677133324,0.0661255712620914,6.322229030946234,0.00039323970408005194,0.7769718849699239,0.8397768709829168,1.020690302956971,1.008096560649945,1.241909147849661,0.9672727579021128,0.7360668964519479,1.072452643732718,1.0367545784564502,1.224053282747578,1.285533161865714,0.8092226845349227,1.0771666634598838,0.7836753089710118,1.3783180398713493,-0.2046695870748534,0.05118260261793007,0.2530755465930856,0.4459804898557468,0.47047655151241496,0.4852403124625802,0.5192207009335187,0.5124005106827952,0.6305898057167635,0.6528276738126854,0.6735084804925312,0.6347567582596603,0.5691682014450906,0.6273434724596552,0.8325843815233089
308,1.1416594237810964,0.002463444852382035,0.06543996930122375,6.329334123486486,0.0003898365254390762,0.7761591877362818,0.8392197031658173,1.0205232711361065,1.0072223263917293,1.2422425993891455,0.9663874128840021,0.7350843898194261,1.0718609660749538,1.036592604663238,1.2244863881815005,1.285224917935182,0.8086786713175407,1.0768037226818117,0.7830305623080235,1.378291148817175,-0.20514179219660428,0.05080329967081392,0.2527541937914959,0.445570699750588,0.4701695896940914,0.484853132192643,0.5189249675761295,0.5121386893521606,0.6304874797452396,0.6527527009760722,0.6733189352511331,0.6345216204599958,0.5689903411761221,0.6270249723596788,0.8325843815233089
309,1.142599734317133,0.002467759424940093,0.06537888804450631,6.348531550362049,0.00038643874037972754,0.7753393271583879,0.8386480449880881,1.020362300740569,1.0063411671666407,1.2425811792036856,0.965437137182947,0.7340875503574252,1.0712754834365454,1.036457451744257,1.2249807938481314,1.2850189486905708,0.8081329710219466,1.0764352183986616,0.7823796342302726,1.3782875003655253,-0.20561811323040705,0.05041303379851728,0.2524335699964603,0.44515717876206073,0.46986201813704154,0.48444350076507997,0.518618079477702,0.5118763821505712,0.6303955390149663,0.6527007538730009,0.6731450164692421,0.63428880485014,0.5688161536249381,0.6267067434401069,0.8325843815233089
310,1.1435316477376694,0.0024720406254677943,0.0654212380759418,5.873316577244126,0.0003830465145052564,0.774516822442859,0.8380696029252064,1.0201920079755282,1.005459374613025,1.242919462448188,0.9644565686662923,0.7330812484360785,1.0706840408986553,1.0363421457878725,1.2255099894020984,1.2848273864754678,0.8075820415603664,1.0760704443189402,0.7817253220987201,1.3782943726173338,-0.20609613149649067,0.05001793151450382,0.2521083361434463,0.4447429565698189,0.4695549361918055,0.484024230582841,0.5183074047619122,0.5116134688455889,0.6303114271262311,0.6526622160871838,0.6729750517241685,0.6340552657044272,0.5686446612268937,0.6263889013471847,0.8325843815233089
311,1.144462857735209,0.0024763123181302067,0.06555583886802197,5.532367549192959,0.00037966001314796604,0.7736971121281365,0.837489933231309,1.0200275831193069,1.0045783939995205,1.2432381045263452,0.9634592296495211,0.7320733469876044,1.0700940445358178,1.036237117185545,1.2260430826497746,1.2846504499363074,0.8070278754693959,1.0757051958473611,0.7810751748774428,1.3783070567093718,-0.20657282574988753,0.04962254436368215,0.25178487161442503,0.4443297932968102,0.46925000135896233,0.4836002972698972,0.5179951187796611,0.511351660049454,0.6302316976044797,0.6526272398624705,0.6728069346186106,0.6338208096383449,0.5684717275675649,0.6260728304078386,0.8325843815233089
312,1.1453938899503227,0.0024805616660113134,0.06488746730610728,5.52956310400443,0.0003762794013611551,0.7728809072160334,0.8369117206780801,1.0198590752608416,1.0037001231659342,1.2435420406765514,0.9624463974033003,0.731066277780442,1.0695013953806067,1.036143814112401,1.226579722719046,1.2844889264269106,0.8064751102434149,1.0753400999437026,0.7804283990106003,1.3783242059553626,-0.20704785930291908,0.04922893346807601,0.2514627074101248,0.4439191284864909,0.4689480145018583,0.48317245493020966,0.5176822472474659,0.5110912066954868,0.6301567117010757,0.6525964390092936,0.6726417801267994,0.6335874622091677,0.568298432044252,0.6257583785546252,0.8325843815233089
313,1.1463227910880505,0.0024847877705573757,0.06542158778756857,5.530012170492701,0.0003729048439110726,0.7720686176075418,0.8363354411014686,1.0196875479052756,1.002825077435441,1.2438329520192073,0.9614216155384078,0.7300612086564255,1.0689069766428607,1.036060869970268,1.2271183344861418,1.2843403115811949,0.8059243104271945,1.0749752575080955,0.7797855639454595,1.3783451647221026,-0.20752098568124494,0.048837382779391945,0.2511421362300518,0.44351107182791266,0.4686490558973133,0.48274176507902894,0.5173692499771116,0.5108323149467466,0.6300860162581988,0.6525692222111807,0.6724792257496437,0.6333552776742962,0.5681248162903233,0.6254457368287551,0.8325843815233089
314,1.1472489011079452,0.0024889780531622005,0.06588927982375026,5.27194299390658,0.00036953650526888804,0.7712630495568659,0.8357650616153899,1.0195112586326864,1.0019488763906874,1.2441188117952742,0.960403758261464,0.7290604285632624,1.0683037532181188,1.035985575188444,1.2276584682965859,1.2842011437684095,0.8053769674315898,1.074615963286896,0.7791492971699723,1.3783700216290637,-0.20799052083398314,0.04844951881119689,0.2508192099167105,0.44310330916525836,0.4683533458884626,0.4823150926587842,0.5170598605663226,0.5105751643329455,0.6300185688311798,0.6525456294203066,0.6723196726861262,0.6331237116108971,0.5679504909278575,0.6251357127327611,0.8325843815233089
315,1.148169144812306,0.002493104480599249,0.0657298699952662,4.810290356388557,0.0003661745496026747,0.7704699708436974,0.8352063001526974,1.0193489482875997,1.0010832082592638,1.24445924181555,0.9594018773114951,0.7280754102205135,1.067697848510607,1.035908061929155,1.2281791161854463,1.284054901191956,0.8048373180927769,1.074263485884137,0.7785265376747305,1.378389507646558,-0.20845322419285703,0.0480704625443199,0.2505060699307038,0.44270125952889255,0.4680721576315101,0.4818962677229844,0.5167566172429924,0.510321540403871,0.6299511692929313,0.6525192631274093,0.6721613414802905,0.6328947538645174,0.5677758300517558,0.6248298619350456,0.8325843815233089
316,1.1490705150667249,0.0024971711415994625,0.06549814809113741,4.828942536756402,0.000362819140769409,0.7696885663399706,0.8346582437075346,1.0191993675636652,1.0002274961185258,1.244848102237861,0.9584147186916853,0.7271050156329931,1.067089947172429,1.035828709474186,1.2286822793346006,1.283902183737971,0.8043049538529623,1.0739174417912731,0.7779163314463012,1.3784039722015753,-0.20890954046490323,0.047699511376833544,0.2502018925058815,0.44230455853186634,0.46780415130654557,0.4814846401816409,0.5164590256185768,0.5100712884327302,0.6298839456763936,0.6524905867937026,0.6720041981553425,0.6326682659056915,0.5676010320264502,0.6245280031497077,0.8325843815233089
317,1.149954404832005,0.0025011813402292795,0.06558372918516397,4.855602607397776,0.0003594704423069833,0.7689180894677351,0.8341199750390543,1.0190612223421962,0.9993811622744669,1.245280210855853,0.9574408095478949,0.7261479853612208,1.0664805774354391,1.0357479942813117,1.2291702297714024,1.2837438781677244,0.8037794153479283,1.0735776369230043,0.7773176273626662,1.3784135308842076,-0.20935987276587473,0.04733593748651558,0.24990581989210384,0.44191283036793144,0.46754811088273157,0.48107951039273816,0.5161665784302971,0.5098242433705145,0.6298170631748405,0.6524601651796587,0.6718482781322913,0.6324441051635281,0.5674263473450113,0.6242299072325945,0.8325843815233089
318,1.1508220664944042,0.002505138122821797,0.06556625897064805,4.873567734958663,0.0003561286174262365,0.7681579503923667,0.8335907972396531,1.0189335380354845,0.9985437788513326,1.2457505300753358,0.9564791449505069,0.7252034916889525,1.0658703090133244,1.0356662152714537,1.229644615964652,1.2835804349883861,0.8032604116575317,1.0732437525002199,0.7767296626195068,1.378418583646988,-0.20980453960650491,0.04697919764190393,0.24961721496800807,0.44152579882940424,0.46730296792607956,0.48068036414390075,0.5158788970407744,0.5095803027939433,0.6297506257719064,0.6524283914937441,0.6716935768044417,0.632222179588643,0.5672519229794607,0.6239354057754415,0.8325843815233089
319,1.151674590591217,0.0025090441183022345,0.06899941898882389,4.887326250844086,0.0003527938290029988,0.7674076677384455,0.8330701351803849,1.0188154799146032,0.9977150060472756,1.2462544352814857,0.9555289586708571,0.7242709089496262,1.065259632147373,1.035583583437014,1.2301067962463945,1.2834122081472876,0.8027477534573806,1.0729154723829937,0.7761518310025172,1.378419631696028,-0.21024379955130307,0.046628845892607365,0.24933553970870054,0.44114324269215316,0.46706778825886286,0.4802867947348527,0.5155956813009371,0.5093393826543845,0.6296847043975873,0.6523955806386379,0.6715400872102607,0.6320024314532925,0.5670778744798758,0.6236443674159209,0.8325843815233089
320,1.152512925442001,0.0025129014638149262,0.06794978585094213,4.908722061775558,0.00034946623957015304,0.766666807362914,0.8325573765497174,1.0187060358893292,0.9968944780877076,1.246787981507328,0.9545892415623283,0.7233494550851758,1.064648958841919,1.0355003799970528,1.2305584801979588,1.2832398816953634,0.8022411474799257,1.0725926460770525,0.7755833991256027,1.3784168762766376,-0.21067788007731322,0.04628437503819539,0.24906014923517836,0.4407649113950752,0.4668416844410323,0.47989832255609505,0.5153165961049444,0.5091013817681218,0.62961939326575,0.6523621522556304,0.6713878672884223,0.6317847837167538,0.5669043753764161,0.6233566117828139,0.8325843815233089
321,1.153337938362361,0.0025167121071179204,0.06508245784789324,4.91440952627442,0.0003461460113097138,0.7659350807198161,0.832052197156982,1.0186046102927742,0.9960820175178468,1.247347151846941,0.953659663659712,0.7224389628190794,1.064038786488584,1.0354166759143049,1.2310005437732798,1.28306340608568,0.8017405381712165,1.072274960818718,0.7750240070434162,1.3784109273390386,-0.21110693267453917,0.04594552420834413,0.24879067660893103,0.440390680603682,0.466623932195433,0.4795147317131657,0.5150414889550671,0.508866274568362,0.6295547091496411,0.652328292451788,0.6712368895643578,0.6315692251324286,0.5667314832281688,0.6230720593663955,0.8325843815233089
322,1.154150327359325,0.0025204776649152567,0.0650678570382297,4.927759056384309,0.00034283330604492255,0.7652122226353767,0.8315541956526066,1.0185103296598503,0.9952773778873238,1.2479286590977057,0.952739648491152,0.7215389976033185,1.063429437570698,1.0353326411105856,1.2314342193565169,1.2828831896649024,0.8012457295275822,1.071962311645235,0.7744731087892784,1.3784020132065733,-0.2115310901266204,0.04561193390416104,0.2485265803302942,0.44002036866633837,0.46641382857211355,0.4791357332776828,0.5147701690065281,0.5086340032209801,0.6294907022903001,0.6522942856188351,0.6710871776609167,0.6313557063885782,0.5665593391950721,0.6227905694327776,0.8325843815233089
323,1.1549508006240476,0.002524199487819317,0.06649237079545856,4.931214573478135,0.0003395282852323598,0.7644980494277492,0.8310631554500075,1.0184226423783715,0.9944804434874931,1.248529230341284,0.9518290135765388,0.7206495193644531,1.0628212623998647,1.0352483101483425,1.2318602205472096,1.2826993548604475,0.800756698758667,1.071654484721542,0.7739304145931586,1.3783906448073397,-0.2119504437341752,0.045283406001891104,0.24826753228785142,0.4396538847391884,0.46621079270715676,0.47876119146890306,0.5145025494324195,0.5084045433483081,0.6294273689101305,0.6522602658478507,0.670938723401911,0.6311442328938408,0.5663880098262182,0.6225120744415652,0.8325843815233089
324,1.1557398768602143,0.0025278787555198285,0.06503353687003255,4.943456458324263,0.0003362311099540777,0.7637923734737091,0.8305787431621885,1.0183408110445467,0.9936910276655514,1.2491461653183922,0.9509272856679293,0.7197701994393881,1.0622145059551102,1.035163818863067,1.2322796602007453,1.2825123030699852,0.8002732713792887,1.0713513971282493,0.7733954573167443,1.378376961315818,-0.21236508302667834,0.04495963240068233,0.24801308586233847,0.4392910853468142,0.46601424092244986,0.4783908720349832,0.5142384831716414,0.5081778439556918,0.6293647443721889,0.6522264906796951,0.6707915663416943,0.630934765510447,0.5662176092294791,0.6222364430030622,0.8325843815233089
325,1.1565180867079186,0.002531544367287546,0.0662210201844573,5.180157410714376,0.00033294194090974764,0.7630913019798979,0.8300985591488222,1.0182465281211928,0.9929002531205763,1.2497217311394448,0.9500359745644825,0.7188950515956143,1.0616065824859775,1.035084908067953,1.232702342183816,1.2823287161724684,0.799793305943532,1.0710527426185756,0.7728652151172051,1.3783707171099764,-0.21277721510114408,0.04463794469726655,0.2477516160133456,0.43892765761329217,0.4658132373960603,0.47802427120763,0.5139769150105621,0.507953195974251,0.6293047226048127,0.6521958066697056,0.6706457202063374,0.6307260337215294,0.5660488015313305,0.6219644130457014,0.8325843815233089
326,1.15729698376124,0.002535193966703689,0.06513057695701718,5.18716914194357,0.00032966093840882847,0.7623951682544369,0.8296226870839575,1.0181412273271817,0.9921090949344185,1.2502599326249715,0.9491546888597098,0.7180247906391914,1.060998038034512,1.0350110177083245,1.2331279226407366,1.2821479695508997,0.799317001895744,1.0707584478670304,0.7723397429319805,1.3783712560527777,-0.21318663885055816,0.044318456744891974,0.24748412115251284,0.43856402783024107,0.46560852792297774,0.4776613169809239,0.5137178891221817,0.5077306472951415,0.6292471025070951,0.6521680523806996,0.6705011707057826,0.6305181729458408,0.5658815987769442,0.6216958248081087,0.8325843815233089
327,1.1580756761462536,0.0025387977176508057,0.06620443006977439,4.960150815086689,0.0003263882623627533,0.7617079615606582,0.8291533223928985,1.0180438945840369,0.9913270733772765,1.2508191525117165,0.9482814869053209,0.7171658140728164,1.060392367466321,1.0349359956054123,1.2335470280802725,1.28196305538808,0.798846553012995,1.0704685818681339,0.7718217777223911,1.3783683791005814,-0.2135910643366067,0.044003683834370075,0.24722271067537097,0.4382047507852182,0.4654111118443477,0.4773023509987633,0.5134624176591688,0.5075109421717833,0.6291898253900474,0.6521403885382657,0.6703579152549641,0.6303125573894682,0.5657154226144923,0.6214297401563674,0.8325843815233089
328,1.1588423013601399,0.0025423845272518086,0.06581909907981753,5.197042077495658,0.00032312407227713555,0.7610258359943143,0.8286882004863431,1.0179361357896686,0.9905453446841277,1.2513418343222131,0.9474180018542799,0.7163122848941617,1.0597867785276396,1.0348656000574092,1.2339692899012276,1.281780471654984,0.798379877258031,1.0701829247835952,0.7713084261387017,1.3783721918777196,-0.21399267914399023,0.043691048690818475,0.24695575641302753,0.43784554297964373,0.46521013550155904,0.4769469232515684,0.5132094848553803,0.5072933564595384,0.6291347860298288,0.6521156164753027,0.6702159106022754,0.6301079067703295,0.5655509296982774,0.6211669407678483,0.8325843815233089
329,1.1596083932519088,0.0025459248738274602,0.06602289015427232,4.97134636903208,0.00031986852724399484,0.7603526764497536,0.8282294024742372,1.0178365934616176,0.9897731838508533,1.2518857341047671,0.9465623146318299,0.7154703377911605,1.0591847576605538,1.0347938038677535,1.23438554975951,1.281593525599717,0.7979190822961512,1.0699015436814232,0.7708023002308567,1.378372258158047,-0.21438924914344173,0.04338296844406142,0.2466951203865251,0.43749084008910943,0.46501643242631957,0.476595364811597,0.5129600727955753,0.5070786294030116,0.6290799707521757,0.6520909664857826,0.6700751936900767,0.6299055695427577,0.5653875571319141,0.6209064849107527,0.8325843815233089
330,1.1603622533030817,0.0025494474578965356,0.06523165758699179,5.209889148678881,0.0003166217859340035,0.7596846923480086,0.8277747613761611,1.01772696932889,0.9890018298849244,1.2523938416052895,0.9457160450310976,0.7146342445772302,1.058583317147044,1.0347263666695388,1.234805314647675,1.2814086249668573,0.7974621053346935,1.0696243063565543,0.7703005852723152,1.3783789116801426,-0.2147829350395558,0.04307694275415089,0.2464292667966944,0.43713640473688126,0.4648192623317856,0.47624723680201353,0.51271318519315,0.5068660145970558,0.6290272712214124,0.6520692084557757,0.6699356952062339,0.629704263370144,0.5652259686934312,0.6206491683388922,0.8325843815233089
331,1.161115330160408,0.0025529501839085863,0.0683940569870174,5.207330394511458,0.00031338400658875205,0.7590221896147435,0.8273244483317559,1.0176086211420383,0.9882321026416411,1.252869593606729,0.9448792356127844,0.7138047322456678,1.057983002696575,1.0346627465377098,1.2352278593116692,1.2812251352446622,0.797009148363179,1.0693511284014143,0.7698034948559686,1.3783916024316287,-0.2151735543899156,0.042773145569828114,0.24615911527930914,0.4367826191947644,0.46461932455451654,0.47590261836897185,0.512468931117632,0.5066555863241687,0.6289764891639171,0.6520500839277051,0.6697973833115292,0.6295041080323692,0.5650661298703296,0.6203949349220198,0.8325843815233089
332,1.1618667875654756,0.0025564312432217458,0.06516898795962334,5.210231365762268,0.0003101553470130382,0.758365399971066,0.8268785497540095,1.0174826054064614,0.9874646818655826,1.253316036719847,0.9440517764565864,0.7129823277776012,1.057384211562266,1.0346025345930947,1.2356527686689203,1.2810426086370013,0.7965603438177065,1.069081978643267,0.76931111207837,1.3784097749033233,-0.2155609664938507,0.042471679104274664,0.2458854013577681,0.4364297928500387,0.4644171922673629,0.4755615210228179,0.5122273705810856,0.5064473832094875,0.6289274717984039,0.6520334279975758,0.6696602415099252,0.6293051983564797,0.5649080480830082,0.6201437036944034,0.8325843815233089
333,1.1626159384911492,0.0025598890099616813,0.06533026788383722,5.2102458019017925,0.00030693596456717466,0.7577145370552002,0.8264371702123693,1.0173499144784228,0.9867001931773284,1.253735931547578,0.9432336667087123,0.7121675386587909,1.0567873497272542,1.0345453400830966,1.2360795305762249,1.28086059954111,0.7961158142760011,1.0688168204754716,0.7688235541461876,1.3784329428248991,-0.21594504177444088,0.042172656047651434,0.2456088093160832,0.4360782142713643,0.4642134006239311,0.47522399209056215,0.5119885750046252,0.5062414495331571,0.6288800718912957,0.6520190503507018,0.6695242433173708,0.6291076192181587,0.5647517186181527,0.6198954198318775,0.8325843815233089
334,1.163362144433112,0.002563322048568355,0.06516569759696722,5.214230280576278,0.00030372601615931996,0.7570697636938997,0.8260003530119028,1.0172113665884674,0.9859391607341162,1.2541317073873215,0.9424247879154756,0.7113607206158152,1.0561927137767213,1.0344908642841706,1.2365078750955107,1.2806787876416756,0.7956756531472782,1.0685556306699373,0.7683408481136743,1.378460624662163,-0.21632567934439248,0.04187613940148699,0.24532991556863987,0.43572812203602707,0.4640083860803524,0.47489002514916706,0.5117525771676378,0.5060378053741226,0.6288341750658972,0.6520068367406183,0.6693893794254031,0.628911445923703,0.5645971616332923,0.61965001130437,0.8325843815233089
335,1.1641048726000582,0.0025667291265864785,0.06514421803876758,5.217341608271885,0.00030052565823783094,0.7564312253525382,0.8255681407146971,1.017067636737779,0.9851820530407901,1.2545055280057769,0.9416250618117072,0.7105622041136559,1.055600616216177,1.034438821441087,1.2369375079634344,1.2804968920560946,0.7952399452642113,1.068298387196636,0.76786302691695,1.3784923797801991,-0.21670278846934254,0.041582186541796816,0.24504920506959715,0.43537972717032286,0.46380253627752926,0.47455962286447745,0.5115194072998098,0.5058364723086795,0.6287896707550062,0.6519966636897276,0.6692556350340664,0.6287167467415612,0.5644443956784816,0.6194074191173297,0.8325843815233089
336,1.1648436556021637,0.0025701077024618624,0.06589463027194142,5.458809851517279,0.00029733504678363775,0.7557976191584013,0.8251381404204234,1.0169186108070505,0.984428033596178,1.2548588487921961,0.9408270272761781,0.7097688235318291,1.0550097057400447,1.034391667280285,1.2373772693641873,1.2803196923880056,0.7948072156365944,1.0680442823044252,0.767387654589135,1.37852873949276,-0.21707709753522778,0.041289087862555904,0.2447665488708733,0.4350326137759658,0.46359565915612216,0.4742302420772051,0.5112878692080598,0.5056366999675668,0.6287473509531908,0.6519912712471535,0.6691240265013622,0.6285229861159269,0.564292819104357,0.6191661533784806,0.8325843815233089
337,1.1655790172978076,0.002573456830253035,0.06516799796372652,5.457032467474724,0.00029415433730264136,0.7551692675771021,0.8247107314634822,1.0167649339728708,0.9836776548733991,1.2551934896244235,0.9400317501838242,0.7089813693493581,1.0544204544439222,1.0343488068338145,1.237825673986872,1.2801462348182102,0.7943777332036809,1.0677933984919552,0.7669151189343236,1.378569270016087,-0.21744841741468393,0.04099714190248666,0.24448242195971903,0.4346870372922116,0.4633881469477222,0.473902261057432,0.5110581657288625,0.505438607808414,0.6287070050837217,0.651990181735338,0.668994399617728,0.6283302888362182,0.5641425150543891,0.6189263703656717,0.8325843815233089
338,1.1663104231266037,0.002576775405169898,0.06636962480843067,5.448228614597685,0.0002909836848181345,0.7545464705609723,0.8242862940731076,1.016607431987793,0.9829314615097645,1.2555110720447953,0.9392403529711941,0.708200675091468,1.0538334063557144,1.0343096617886474,1.2382811811687529,1.2799755484235,0.7939518351967408,1.0675457535757378,0.7664458844939083,1.3786135635244592,-0.21781657344612637,0.04070665936134485,0.2441973770690712,0.4343432658227722,0.4631804073719895,0.4735760829756669,0.5108305144632104,0.5052423319048706,0.6286684304554089,0.6519929152107021,0.6688666102425439,0.6281387995434201,0.5639935346483997,0.6186882581406485,0.8325843815233089
339,1.1670372986135082,0.0025800630455739466,0.06681276578456163,5.456414578531219,0.0002878232438632462,0.7539294360318584,0.8238650827458878,1.0164461295461689,0.9821897690493294,1.255813112167352,0.9384534268029984,0.7074271799319346,1.0532486569620705,1.034273865968373,1.23874293423693,1.279807121405876,0.7935295403060494,1.0673015121435634,0.7659800348640933,1.3786612737522195,-0.21818143969575032,0.04041781550462058,0.2439115271599549,0.4340014174354606,0.4629726544964573,0.4732519127739838,0.5106050267202671,0.505047903247602,0.6286314907977687,0.6519991863424779,0.6687405773137552,0.6279485681190085,0.5638459899525643,0.6184518543543366,0.8325843815233089
340,1.1677593725416888,0.002583318855613976,0.06510567991062999,5.444008693549249,0.00028467316847340975,0.7533183985064437,0.8234474056244107,1.0162818874768602,0.98145304476891,1.2561008902997675,0.937671972242657,0.7066615887568961,1.052666780266075,1.034240877507738,1.2392094773510465,1.279640162396271,0.7931111942460696,1.0670606511750453,0.7655180297021296,1.3787120607609318,-0.2185428797622337,0.04013087586029492,0.24362542386681768,0.4336617370641865,0.46276525153067366,0.47293011426584236,0.5103818928120875,0.5048554563669985,0.6285959969153174,0.6520085290674402,0.6686161557418772,0.6277597264344842,0.5636999059960399,0.618217349746083,0.8325843815233089
341,1.168476131371193,0.002586542243313594,0.06525985104963183,5.43595901981771,0.000281533612178856,0.7527135157037159,0.8230335317360775,1.0161153427043808,0.9807216504556355,1.2563755703056987,0.9368968111998726,0.7059044523268505,1.0520882554092719,1.0342102726625464,1.2396795613040559,1.2794739432118365,0.7926970478363063,1.0668231804733777,0.7650601916668638,1.3787655317072436,-0.2189008014488795,0.03984606537544502,0.24333948359366522,0.4333244121646078,0.46255848725549076,0.47261098069195884,0.5101612581617516,0.5046650908066803,0.6285617987944171,0.6520205513333579,0.6684932167324984,0.6275723741893497,0.5635553213237302,0.6179848862669878,0.8325843815233089
342,1.1691871884390803,0.0025897333393927737,0.06531357113271952,5.44226119743468,0.00027840472799712883,0.7521148460334982,0.8226236223962295,1.0159465644884011,0.9799957602918208,1.2566383119225553,0.9361283840997676,0.705155995750808,1.0515132135276963,1.0341817365849058,1.2401523755304689,1.279308114565231,0.792287100615121,1.0665891646336048,0.7646065785069053,1.3788212795338939,-0.2192551676887723,0.03956350389645092,0.2430538022152554,0.43298951255909285,0.4623525125264805,0.4722946601924711,0.5099431843973817,0.5044768217866403,0.628528777499616,0.6520349723039223,0.6683716710846636,0.6273865375449201,0.5634123015061228,0.6177545011361516,0.8325843815233089
343,1.1698924205039694,0.0025928920468358827,0.06530683999881148,5.443463380455201,0.00027528666842562943,0.7515224605045656,0.8222178639607683,1.015775747531519,0.9792755796495483,1.2568900800663034,0.9353671893447715,0.704416498863705,1.0509419274227805,1.034154964711833,1.240627080272973,1.2791422596152864,0.7918814196524674,1.0663586563983698,0.7641573009313488,1.3788789346918942,-0.2196059348381988,0.03928333462159813,0.2427685427468745,0.43265713315842635,0.46214748658734844,0.47198132320787267,0.5097277448108746,0.5042906938517304,0.6284968218857881,0.6520515159133925,0.6682514329219673,0.6272022606407627,0.5632709013452748,0.6175262523381396,0.8325843815233089
344,1.1705916390139344,0.0025960181782592,0.06516416929662228,5.4365975250842205,0.0002721795854341824,0.750936451938538,0.821816442349912,1.0156033192976075,0.978561339772359,1.2571317992365898,0.9346138255283722,0.7036863252124831,1.0503747050199925,1.0341296107788494,1.2411026643791818,1.278975886136848,0.791480179795641,1.0661316481550989,0.7637125896603549,1.3789381548701325,-0.21995304742406344,0.03900571502221325,0.24248398445611444,0.43232739620305566,0.4619436248018898,0.471671187291248,0.5095150423402376,0.504106766621612,0.6284658056181107,0.6520698510973757,0.6681323945031573,0.6270196113620243,0.5631311462288098,0.6173002470307593,0.8325843815233089
345,1.1712846009486686,0.0025991118955453673,0.06515299016609788,5.437642152112719,0.000269083630457629,0.7503568851519297,0.8214195145700517,1.0154292863347698,0.9778531806399122,1.2573642934400882,0.9338686297017881,0.7029656392304175,1.0498116676526719,1.0341054272528443,1.2415784225299047,1.278808761264517,0.7910833839569908,1.0659082163705427,0.7632724739712654,1.3789986556054399,-0.22029646418849208,0.03873075767543614,0.24220018555038758,0.4320003570772369,0.46174103684642875,0.4713643695361693,0.509305124930379,0.5039250557801591,0.6284356361170744,0.6520897417671465,0.6680144911266492,0.6268386124080362,0.5629930880108108,0.6170765001011661,0.8325843815233089
346,1.171971211146471,0.0026021730850939204,0.06529881013557315,5.426139787310305,0.00026599895438844743,0.7497838562110047,0.821027260336326,1.0152540772422178,0.9771513212883267,1.257588250090893,0.9331321682595194,0.7022547771765637,1.049253080476637,1.0340820931180692,1.2420534038579436,1.278640444780501,0.7906912061675531,1.0656883336189744,0.7628371867525209,1.3790601742394726,-0.2206361275647255,0.03845861577550969,0.2419174175517927,0.4316761337592857,0.4615399090057401,0.47106108163561405,0.5090980965384851,0.503745619124623,0.6284061958348501,0.6521108747823091,0.667897623782648,0.6266593261122847,0.5628567322610268,0.6168551125488543,0.8325843815233089
347,1.172651255513879,0.0026052098568289674,0.06526622967794538,5.663873689008249,0.0002629257075693975,0.74921583941921,0.8206376612853973,1.0150798211429213,0.9764584453933747,1.2578005209732717,0.9323952341815785,0.701553077072249,1.0487031652408703,1.034060715015694,1.2425278691695953,1.2784676646281932,0.7903029830786532,1.0654686567793106,0.7624053592996496,1.3791218867907995,-0.22097295514107368,0.03818850674789596,0.24163834242833115,0.4313560511090435,0.4613401581206371,0.47075773156869455,0.5088919779333017,0.5035684710648838,0.6283779577649504,0.652133204778429,0.6677811701900989,0.626482155831749,0.5627224054625577,0.6166356964197351,0.8325843815233089
348,1.17332631588229,0.002608221279033077,0.06502457894384861,5.651901321459044,0.0002598640397861934,0.7486531442017222,0.8202511588411805,1.0149064127051135,0.9757743325562579,1.2580021680142124,0.9316595628670313,0.70086085640363,1.0481614641339294,1.0340408726197523,1.2430010250637853,1.2782904225762648,0.7899188781141553,1.0652496480982534,0.761977289699703,1.3791836850609667,-0.22130675924548884,0.03792066702425126,0.24136273203188666,0.43103999869884574,0.4611419217325823,0.47045496696054256,0.5086871052806143,0.5033936346413389,0.6283507572792522,0.652156485173623,0.6676651357243711,0.6263070872965214,0.562590090617242,0.6164183491583228,0.8325843815233089
349,1.1739960606410063,0.0026112065852905274,0.06521356012672186,5.639463416201905,0.00025681410026020315,0.7480960501557257,0.8198681535734573,1.0147337125947624,0.9750987873661134,1.2581941430293753,0.930926679070916,0.7001783804852064,1.0476275657518033,1.0340221829802982,1.2434721425976132,1.2781088197748243,0.7895389985877721,1.0650317356499583,0.7615532162828095,1.3792454736441644,-0.22163736964533862,0.03765530989955194,0.24109036465796269,0.4307278753516674,0.46094531427883917,0.47015335918212986,0.5084837741687951,0.5032211269447002,0.628324442576292,0.6521804832971082,0.6675495320940321,0.6261340984493025,0.5624597737186914,0.61620314128714,0.8325843815233089
350,1.17466020817047,0.002614172879290072,0.06578135211020708,5.609169568380695,0.00025377603764117673,0.747544835911169,0.8194871809205972,1.0145697057201377,0.9744313261080945,1.2583751563723566,0.9301996506205662,0.699505633696561,1.0471044517552621,1.0340021926762308,1.243939130672202,1.277920681387011,0.7891615761705572,1.0648146570545256,0.7611340363990295,1.379307521750874,-0.2219645773090293,0.03739130918198215,0.24082211403593293,0.43041904422132965,0.4607500331513795,0.4698537483169772,0.508281981482377,0.5030509763594981,0.6282982361043055,0.6522039653148203,0.6674332837537006,0.625962086100379,0.5623308028317251,0.6159902956919335,0.8325843815233089
351,1.175319114980318,0.002617118566569438,0.06585441203787923,5.590058978056694,0.0002507500000000001,0.7469997407876179,0.8191088026560285,1.014413387745355,0.9737718923262705,1.2585462057973575,0.9294795094532492,0.698842923074214,1.0465914530604716,1.0339807982748246,1.2444014271052337,1.2777263555325118,0.7887870027197442,1.0645987726187365,0.7607199135122783,1.379369722824785,-0.22228824187034749,0.03712901893739658,0.24055773091882401,0.43011353061424057,0.46055624988054417,0.46955657941846984,0.508082022627463,0.5028832158667639,0.6282720745008056,0.6522268184904577,0.6673165289758538,0.6257911932937198,0.5622032239234062,0.6157798677666282,0.8325843815233089
352,1.1759724473427449,0.0026200330806440005,0.06504363985732198,5.44717999112537,0.00024773613482147877,0.7464614679336425,0.8187344520082397,1.0142596470610783,0.9731228220952689,1.2587197939501467,0.9287700936102798,0.698191948806151,1.04608784603107,1.0339577653880143,1.2448569249164165,1.2775236421057174,0.7884169267428519,1.0643872993692773,0.7603105520518836,1.3794330862900233,-0.22260795103699116,0.03686955134369948,0.24029517398767428,0.4298118450589217,0.46036507194120874,0.4692634795896806,0.507885254694056,0.5027181835598243,0.628245877505425,0.6522483549927096,0.6671988069364696,0.6256222693893431,0.5620791359429725,0.6155719794544724,0.8325843815233089
353,1.1766177996843312,0.0026229163099373708,0.06565614184364676,5.425013751106532,0.0002447345889971496,0.7459301476845861,0.8183644599259154,1.0141082152598417,0.9724837500326662,1.2588952826467232,0.9280718588420954,0.6975527438275636,1.0455931206600682,1.0339330209996804,1.2453053716869293,1.2773131056878326,0.7880515001539343,1.064180132176563,0.7599061401051462,1.379497388059008,-0.2229236267352852,0.03661308422442021,0.24003449407824848,0.4295139433448016,0.4601765076571055,0.46897465823603496,0.5076917810628626,0.5025558648466243,0.6282195922007385,0.6522685522263153,0.6670803039165197,0.625455346588524,0.561958315292026,0.6153666639730727,0.8325843815233089
354,1.177255168558958,0.0026257772935237393,0.06566182198002934,5.527299494738684,0.00024174550881812156,0.7454054158160643,0.8179981801571071,1.0139628483350702,0.9718520407778565,1.2590608066345705,0.9273822356272124,0.6969239046376219,1.0451068479346453,1.0339066557529588,1.2457481902585827,1.2770977208715366,0.7876895663576674,1.0639743900331766,0.7595072231410553,1.3795613486262739,-0.2232354792704096,0.036358971453733305,0.23977744202986762,0.42921930252809676,0.45998961199274263,0.4686890559405772,0.5075006051917242,0.5023959089360378,0.6281931924283748,0.6522879742434438,0.6669617500663035,0.6252897401171473,0.5618385720846495,0.6151638628109477,0.8325843815233089
355,1.1778866634571812,0.002628614894682374,0.06552504189312458,5.5052483873594245,0.00023876903996794554,0.7448874249778861,0.8176359561849222,1.0138227824256865,0.9712277167103534,1.2592173343142106,0.9267018967699268,0.6963056098404348,1.0446286064873669,1.0338786314973216,1.2461849798390003,1.2768776406674234,0.7873313883516055,1.0637703496699433,0.7591138684105725,1.379624918591212,-0.22354341646076153,0.03610742493008615,0.23952380642485807,0.4289279466325644,0.45980451515359244,0.4684069717957683,0.5073119315472187,0.5022383322298288,0.6281666428022222,0.6523065303863024,0.6668432111860413,0.6251255546842795,0.5617199821024098,0.61496360327176,0.8325843815233089
356,1.178512038278339,0.002631420850163373,0.06594398384913802,5.492991094461268,0.0002358053275155142,0.7443762701379092,0.8172798800599047,1.0136798710142678,0.9706110918339685,1.259367494706464,0.9260300073218687,0.6956982730577708,1.0441550244083662,1.0338507523139524,1.246616590593554,1.2766552787630385,0.7869788836719974,1.0635688997209258,0.758725600919489,1.3796877731782675,-0.22384741552847565,0.03585990872234449,0.23927241334529292,0.42864040304707457,0.4596216909591145,0.4681284130513186,0.5071262027839164,0.5020831441920012,0.6281404627055667,0.6523250314485123,0.6667257659836813,0.6249638806171444,0.5616032024386218,0.6147658040756864,0.8325843815233089
357,1.1791305014720994,0.0026341893403446937,0.06550230085849762,5.055973864025458,0.00023285451590799127,0.7438742782826037,0.8169331275367704,1.0135333085626927,0.9700011373976627,1.2595152778752887,0.9253794963730755,0.6951046971814998,1.0436841103767265,1.0338199389577987,1.247035176669409,1.2764312101616908,0.7866337210643494,1.0633734389962772,0.7583455355163893,1.3797492552518003,-0.22414609167825228,0.03561818637725811,0.2390216338481331,0.42835610360764437,0.4594417028626543,0.4678582574938991,0.5069459285509639,0.5019308868243916,0.6281135155086812,0.6523410081094939,0.6666091658531742,0.6248048681639863,0.5614885265355072,0.6145720615131776,0.8325843815233089
358,1.179739912545935,0.0026369052017698514,0.06585599295794964,4.908363880442905,0.00022991674896377152,0.7433831384025947,0.816595254511734,1.0134012422093297,0.969403361024644,1.259688196684858,0.9247453313853757,0.6945268201236965,1.0432180442451038,1.0337832800167492,1.2474386357494596,1.2762031488877357,0.7862964615752571,1.0631787928357377,0.7579753634279146,1.3798008888854099,-0.22443845007321148,0.035382593921563565,0.23878203172130685,0.428077920952257,0.4592698841388405,0.46759530240007147,0.506770841634451,0.5017816639617062,0.6280848484400845,0.6523540469696418,0.6664945022325652,0.6246492909185825,0.5613738923243984,0.614381792897023,0.8325843815233089
359,1.1803337941492256,0.002639572689174977,0.06585692195221782,4.828443096082912,0.0002269921698654712,0.7429027004044063,0.8162664239358036,1.0132800892690037,0.9688174346644879,1.2598830446980314,0.9241286045760166,0.6939647395433366,1.0427576960403202,1.0337403455221224,1.2478261066695415,1.2759679780493811,0.785967231312367,1.062988653585935,0.7576145115123739,1.3798445474420802,-0.2247245651815761,0.03515309830540103,0.23855170599996958,0.42780554714242464,0.459105548471825,0.46733977134203064,0.5066009047471411,0.501635460912478,0.6280542971296292,0.6523636284112024,0.666380928524706,0.6244969371627345,0.561260744808032,0.6141952759940544,0.8325843815233089
360,1.1809133483182805,0.00264224557695871,0.06609015399590135,4.617287088643809,0.00022408092115294966,0.7424338581868484,0.8159496698326486,1.0131597060235158,0.9682420637279895,1.260076520931698,0.9235385704276742,0.6934188488214099,1.0423009474052731,1.0336881794626003,1.248189111693569,1.2756932446082343,0.7856448409636821,1.062799882914059,0.7572626704850888,1.3798791278590028,-0.22500388940676683,0.03493101747041587,0.23832433624753155,0.4275378491464771,0.458943324852359,0.46709452831748394,0.5064372149345283,0.5014919164212164,0.6280205696004115,0.6523659417585504,0.6662638810147573,0.6243470074972539,0.5611480994126876,0.6140118845723421,0.8325843815233089
361,1.1814881112600453,0.0026449197244508226,0.06552999094128609,4.369580298770565,0.00022118314471636204,0.7419776586972469,0.8156455081477516,1.0130426016139038,0.9676792383396159,1.2602661711663798,0.922978814282906,0.6928904074637172,1.0418504286693784,1.0336239154858722,1.248519993866121,1.2753861882790296,0.7853300894466445,1.06261218666128,0.7569209491725245,1.3799034689629286,-0.22527580851798654,0.03471700214404137,0.23810160901814978,0.4272758164499084,0.45878481006345057,0.4668615110450489,0.5062807817361699,0.5013518407127622,0.6279827397720791,0.6523586204019489,0.6661437235037292,0.6241999261514725,0.5610362538796019,0.6138322169561473,0.8325843815233089
362,1.182056563796456,0.002647591737943484,0.06550201075151563,4.362820106215344,0.00021829898178924353,0.7415332101134949,0.8153525657074968,1.0129290080048075,0.967127737641187,1.2604537216991407,0.9224482593330009,0.6923783935075849,1.04140464845736,1.0335492459639422,1.2488229323855,1.2750490595706176,0.7850226161368931,1.062423706470593,0.7565885757776416,1.3799177732632748,-0.22554082999699412,0.03450994166428827,0.23788346596543547,0.42701897405766853,0.45862954833635683,0.46663999446418863,0.5061311735932049,0.5012148326075573,0.6279413921196333,0.6523431424249156,0.6660209857202961,0.6240557060840366,0.5609249890657312,0.6136560121460647,0.8325843815233089
363,1.1826185644258271,0.002650240342251667,0.06644394574686885,4.217315238540579,0.00021542857294162645,0.7410997087458913,0.8150670292932929,1.0128232456999853,0.966586798444448,1.2606423901034032,0.9219533852957459,0.6918826542903722,1.040963744693696,1.0334660991326705,1.249103446276018,1.2746866702914221,0.7847246340464452,1.0622392084240027,0.7562650062136171,1.3799241567421945,-0.22579937182311674,0.034307099029652836,0.23767194157803156,0.4267671126899275,0.45847742766337185,0.4664318248063173,0.5059886670187582,0.5010804674210264,0.6278971194781938,0.6523209985316709,0.6658959244544408,0.6239149431093421,0.5608162996739142,0.6134839552329427,0.8325843815233089
364,1.1831706266678161,0.002652864299352863,0.06538082985207438,4.209177217186629,0.0002125720580731883,0.7406765838419771,0.8147884701399506,1.012724508171776,0.9660560478942458,1.2608316309593233,0.9214906514234227,0.6914021473461299,1.0405278321931883,1.033375532964955,1.2493637571929848,1.27430295756135,0.784435495694722,1.0620585473607622,0.7559497189703089,1.3799235853797571,-0.22605177225776105,0.034108273591490025,0.2374665477901085,0.42652004325259507,0.45832832838986004,0.4662357413614896,0.5058526791529898,0.5009486626758272,0.6278503114525325,0.652292986337519,0.6657690084196476,0.6237774448941308,0.5607100491533978,0.6133158145824866,0.8325843815233089
365,1.1837130775123994,0.0026554624393887957,0.066032734233886,4.201828680919699,0.000209729576406434,0.7402633182396627,0.8145165157432211,1.0126320830036784,0.9655351463624444,1.261021001718079,0.9210568781701289,0.690935902201929,1.0400969964768343,1.0332785080888793,1.2496059338366532,1.2739014411018144,0.784154614110385,1.061881591906091,0.7556422248626522,1.3799169186920213,-0.2262983378439446,0.033913295261517304,0.2372668489746152,0.42627759186464154,0.4581821450084482,0.46605061032159045,0.5057226803368526,0.5008193415345504,0.6278013218942431,0.6522598406264374,0.66564065899476,0.623643035795487,0.560606111465148,0.6131513657497303,0.8325843815233089
366,1.1842461992263191,0.002658033832926476,0.06560176098719239,4.195429832576998,0.00020690126647990973,0.7398594475285909,0.8142508159763931,1.0125453131217041,0.9650237882138522,1.2612100427025403,0.9206492138057742,0.6904829959622106,1.0396712717189476,1.0331758976797942,1.2498319172933694,1.273485193202931,0.7838814146917871,1.0617082081612956,0.7553420718456287,1.3799049046318346,-0.22653934335037787,0.033721997533998425,0.2370724470033359,0.4260396026563175,0.4580387675876211,0.4658754116863464,0.5055981869210139,0.5006924253239713,0.6277504719247524,0.6522222437400644,0.6655112518854887,0.6235115419204488,0.5605043559913424,0.6129903904653492,0.8325843815233089
367,1.1847702710128867,0.002660577663510729,0.06552281184121966,4.1874211728160695,0.00020408726614145118,0.7394645676441983,0.8139910633969041,1.0124636331074677,0.96452171828866,1.261398388311099,0.9202651137739317,0.6900426427836394,1.0392506855430896,1.0330684687869722,1.2500433568547162,1.273056958166449,0.7836154071508625,1.0615382749187408,0.7550488644109971,1.3798882366680023,-0.22677502793462032,0.033534242982276516,0.23688300295896508,0.4258059428516186,0.45789810568527545,0.4657092343025794,0.5054787694569199,0.50056784109948,0.6276980420320265,0.6521807796193617,0.6653811184332211,0.6233828135672956,0.5604046680145791,0.6128326996829229,0.8325843815233089
368,1.1852855350094063,0.0026630932419007994,0.06601718300953507,4.178968506344569,0.00020128771254146493,0.7390783187923792,0.8137369871992548,1.0123865504057699,0.9640287215535117,1.2615857166627074,0.9199022855991377,0.6896141240022233,1.0388352903805187,1.0329569049200842,1.2502417019031464,1.2726191634118114,0.7833561527470436,1.061371685420419,0.7547622511546707,1.3798675448411268,-0.2270056045102565,0.03334991487835264,0.23669822356531706,0.42557649978250905,0.4577600822118876,0.4655512552573905,0.5053640341949557,0.5004455230372207,0.6276442822337985,0.6521359620820564,0.6652505488357977,0.6232567142868705,0.5603069434227417,0.6126781252557902,0.8325843815233089
369,1.185792211018535,0.002665579947561848,0.06543881120160222,4.168519812585904,0.0001985027421262438,0.7387003890233049,0.8134883460281809,1.0123136371016441,0.9635446282675609,1.2617717682418383,0.9195587122698506,0.6891968452295798,1.0384251210611002,1.0328417824180265,1.2504281516435531,1.2721740389311618,0.7831032769709769,1.0612083390342708,0.754481931752247,1.3798434120255847,-0.22723125774496641,0.03316891761513748,0.23651785938353487,0.42535118144904177,0.45762463262686925,0.465400750062396,0.5052536392234328,0.5003254093027526,0.6275894016182617,0.6520882175213579,0.6651198064880692,0.6231331293437775,0.5602110917292527,0.6125265271837305,0.8325843815233089
370,1.1862904859023486,0.0026680373221437117,0.06653420487418771,4.161679637050122,0.00019573249063131685,0.7383304744982881,0.8132449183413495,1.0122444910556545,0.9630692417276641,1.2619562571837888,0.9192325422221584,0.6887901453580728,1.0380201696290294,1.032723685152116,1.250603993239003,1.2717234311180887,0.7828563926144156,1.0610481236689273,0.7542075912721874,1.3798163171362405,-0.22745216696878492,0.0329911508120511,0.23634166782529412,0.4251298876116229,0.45749168001713303,0.46525705100093284,0.5051472553640663,0.5002074389659222,0.6275336137735853,0.6520379939215746,0.6649891170132598,0.6230119345765351,0.5601170102039577,0.6123777421014615,0.8325843815233089
371,1.1867805594605412,0.0026704810427874656,0.06596641289070249,4.293885222231043,0.0001929770930748337,0.7379683949695011,0.8130091880354606,1.0121746582384759,0.9626026275813326,1.2621359676473913,0.9189138888602281,0.6883926955581068,1.037620432626383,1.032602446251818,1.2507677745103802,1.2712688451230238,0.782612800209711,1.0608870209602324,0.7539389392384425,1.379785874692866,-0.22766848248828112,0.032818538747653385,0.23616741588342266,0.42491251643256694,0.4573611402713468,0.4651169907213358,0.5050438587223575,0.5000918176072059,0.6274769494584339,0.6519851381294351,0.6648588948218719,0.6228923764163727,0.5600228986728354,0.6122308962605828,0.8325843815233089
372,1.1872656926839373,0.0026729086519998477,0.06567706214264035,4.281254928839868,0.000190236683750984,0.7376139181128409,0.8127806490086089,1.012104354092214,0.9621446521230824,1.2623111427192215,0.9186024304792464,0.6880041883591558,1.0372259036035014,1.0324785737356903,1.2509205978786906,1.2708119245154679,0.7823725135351662,1.0607254648506936,0.7536757800184162,1.3797526225062327,-0.227880335412257,0.03265076311923248,0.2359951937677507,0.424699012911946,0.45723297564132453,0.4649803962905843,0.5049433009787178,0.49997845634509563,0.6274195747479037,0.6519299931053859,0.6647292963348745,0.6227744480794861,0.5599289116176067,0.6120859986482848,0.8325843815233089
373,1.1877456190820432,0.0026753181673533806,0.06567374197766185,4.273884364464798,0.00018751139622345198,0.7372668065542662,0.8125588294336211,1.0120337860336843,0.9616951445693156,1.2624819220554955,0.9182977601719927,0.6876242415153702,1.036836583440959,1.032352539713589,1.2510636155033243,1.2703539448441903,0.7821355214526381,1.0605637920001398,0.7534178912454654,1.3797170201295859,-0.22808786033690787,0.03248752394448348,0.23582508064082153,0.42448930662157813,0.45710713207913384,0.464847070155754,0.5048454205725182,0.49986727611892173,0.6273616529890511,0.6518729251508677,0.6646004539687957,0.6226581300001677,0.5598351546999029,0.6119430147645549,0.8325843815233089
374,1.188220153907349,0.0026777076268186192,0.06545709120109677,4.272040125551037,0.00018480136331890698,0.7369268968647004,0.8123435217945344,1.0119627944536214,0.961254294654948,1.2626471220026634,0.9179981937388023,0.6872523264192939,1.0364534739312556,1.0322245686848577,1.2511972449411977,1.2698977590438523,0.7819017661743608,1.060403644295924,0.7531651583440583,1.3796801204379179,-0.2282911561296584,0.03232886152724676,0.23565699971535772,0.4242834497358304,0.4569837411868109,0.46471654326331796,0.5047499437222936,0.49975837038003607,0.6273032814909745,0.6518140273652876,0.6644725257659954,0.6225433197558803,0.5597418897832971,0.611801971592438,0.8325843815233089
375,1.188689223814206,0.002680075490608276,0.06565175158903003,4.421959862098424,0.00018210671712052948,0.7365929809914963,0.812133505907386,1.0118903023647372,0.9608203465647178,1.2628088938161448,0.9177006539748213,0.6868870522592198,1.0360750650744592,1.0320971096726508,1.2513282495051343,1.2694430226227529,0.7816706355908903,1.0602450168791084,0.7529168805790694,1.3796449301416875,-0.2284909277058474,0.032173771110996265,0.2354901022187191,0.42408065703614684,0.45686165781272325,0.46458711394994107,0.504655895557801,0.49965112071144496,0.6272452973639879,0.6517553976527198,0.6643456174292396,0.6224297011987519,0.5596488804685459,0.6116626082599166,0.8325843815233089
376,1.1891533920143071,0.0026824195366174433,0.06997906975448132,4.467924807020062,0.0001794275889615736,0.7362647743775615,0.8119283700888037,1.0118159799508328,0.9603931059355547,1.2629671211021951,0.9174039053091952,0.6865279902823971,1.0357009566138209,1.0319712055668946,1.2514588765295058,1.2689903898111754,0.781442022326186,1.0600885685575414,0.7526723323198222,1.3796105999640442,-0.22868733789755738,0.03202196422652678,0.23532416152207233,0.42388080171083886,0.45674079948643537,0.4644583332640589,0.5045630534408272,0.49954536439112623,0.6271880342029672,0.651697782725914,0.6642199636380518,0.6223172449790038,0.5595563955923477,0.6115246863312737,0.8325843815233089
377,1.1896125718337343,0.0026847385657920793,0.06809332314878702,4.458393206273608,0.00017676410941896628,0.7359422586382495,0.8117279043233405,1.0117402506574873,0.9599726369609375,1.2631218654351712,0.9171083924006416,0.6861751097038072,1.0353312200694171,1.0318468273827057,1.2515889836494212,1.2685406607985428,0.7812160146739197,1.0599342958309692,0.7524315083168404,1.379577144314741,-0.2288803936403403,0.03187332144728374,0.2351594156773845,0.42368392824450457,0.4566212521597212,0.46433036357640567,0.5044714575013857,0.49944110244214507,0.6271314799343632,0.6516411412559365,0.6640956303010374,0.6222059920204155,0.559464496239931,0.6113882446398315,0.8325843815233089
378,1.1900665222967446,0.0026870315539409386,0.06695436779409647,4.449512976484107,0.0001741164083069423,0.7356254061239343,0.811531914063327,1.0116634811268288,0.9595589836416769,1.2632731794089318,0.916814494798764,0.6858283663589333,1.034965919706281,1.0317239615364397,1.2517184607885579,1.2680944872210553,0.7809926903797451,1.0597821829893603,0.7521943954505992,1.3795445701851416,-0.2290701076577818,0.031727731611928225,0.23499606707472848,0.4234900699339129,0.45650308700297626,0.4642033434918339,0.5043811400035484,0.49933833669498806,0.6270756297234261,0.6515854460981964,0.6639726731204736,0.6220959770998058,0.5593732326020435,0.6112533135650394,0.8325843815233089
379,1.1905150363232464,0.0026892597288472944,0.06677235709503293,4.630577651373663,0.0001714846146707192,0.7353131607704049,0.811337652085121,1.0115924908832872,0.9591525734039289,1.2634359193339233,0.9165149850887082,0.6854868671268043,1.0346064957916183,1.0316052682221257,1.2518548581340692,1.2676750177072438,0.7807725588798393,1.0596342335043583,0.7519607804272043,1.3795142262467037,-0.22925711149060504,0.03158386295758526,0.23483818024668973,0.4232997836888838,0.45638976899262107,0.4640749908790421,0.504291176861546,0.49923728072600476,0.6270216146087312,0.6515338802918262,0.6638544886644604,0.621987702854034,0.5592833493265157,0.6111202159458828,0.8325843815233089
380,1.1909517032035992,0.002691426949944627,0.06473525799810886,4.6230392755748,0.00016886885678020532,0.7350056105482722,0.8111452927515719,1.0115268064226637,0.9587533536171357,1.2636082912292907,0.9162111695056738,0.6851506909996824,1.0342528310551307,1.031490408894495,1.2519971561400678,1.267279765077689,0.780555611867806,1.0594901712414915,0.7517306739157635,1.3794859601802936,-0.22944134895241172,0.031441783227631394,0.23468542731835978,0.4231130139583329,0.45628092870836007,0.46394572960949265,0.504201717964095,0.4991379107634853,0.6269692885765548,0.6514860276693931,0.6637406947141241,0.621881136378903,0.5591948016659559,0.610988940809719,0.8325843815233089
381,1.1913771183244959,0.0026935367827432663,0.06634056428447366,4.618729276262055,0.0001662692621237505,0.734702814257917,0.8109549587677795,1.0114659343084151,0.9583612514466539,1.2637886496067212,0.9159041505778829,0.6848198612829731,1.0339047841669464,1.031379097759752,1.2521445171673806,1.2669064772748426,0.7803418432197803,1.0593497365821076,0.7515040561104367,1.3794596109689967,-0.22962278126507765,0.03130153045137272,0.23453747670804692,0.42292969739340625,0.45617621060600644,0.4638159122808457,0.5041128828344793,0.49904019778383796,0.6269185306250633,0.6514415449918132,0.663630953296899,0.6217762485842826,0.5591075474577463,0.6108594644036407,0.8325843815233089
382,1.1917918703674326,0.0026955924359948727,0.0656283120624721,4.616906284252041,0.00016368595740193014,0.7344048050250275,0.810766742006034,1.0114094001800582,0.957976175412977,1.26397556907377,0.9155948765183513,0.6844943772723547,1.0335622277426584,1.0312710933804656,1.252296247290909,1.266553101980496,0.7801312384649524,1.0592126911789348,0.7512808900909759,1.3794350245497957,-0.2298013851266051,0.031163125466431695,0.23439401143470995,0.4227497646932368,0.4560752949621316,0.4636858411325972,0.5040247723335247,0.4989441161706871,0.6268692390694716,0.6514001451426576,0.6635249617133877,0.6216730097742057,0.5590215476705132,0.6107317579445306,0.8325843815233089
383,1.1921964938943612,0.002697596587146482,0.06598267424851656,4.613724441358661,0.00016111906852137245,0.7341116010861444,0.8105807230201498,1.011356845484035,0.9575980311933942,1.264167808037868,0.9152842236631716,0.6841742535623294,1.0332250598198924,1.031166191685719,1.2524517415630765,1.2662178523333882,0.7799237983057045,1.0590788363261485,0.7510611644877483,1.3794120641642427,-0.2299771462162574,0.031026579692356893,0.2342547793356152,0.422573153778098,0.45597790768316937,0.46355579782273454,0.5039374820678824,0.49884964009335275,0.6268213223232656,0.6513615732703241,0.6634224595776179,0.6215714043068175,0.5589367835990285,0.6106058171072256,0.8325843815233089
384,1.1925914267502606,0.002699587570892627,0.06542815081775188,4.423434691617695,0.00015856872058862015,0.7338241447907462,0.8103992970196924,1.0113017278876582,0.9572263457703737,1.2643504311094147,0.9149797926423215,0.6838601528504422,1.032891943280748,1.0310616908387538,1.2526033760248196,1.2658780517075723,0.7797190877304563,1.0589460564642963,0.7508450264080294,1.3793893543374012,-0.23014949378115837,0.030893007573629908,0.2341158532068597,0.42239930494028904,0.4558805950388145,0.4634282043830712,0.5038519400123141,0.4987565471692552,0.6267736406898211,0.6513226176239917,0.6633200882546171,0.6214709545439425,0.558852539492675,0.6104813346415194,0.8325843815233089
385,1.1929830138019135,0.002701563127312326,0.06519035017117858,4.423231072600093,0.00015603503790403295,0.7335422990994609,0.8102221904449204,1.0112444707161172,0.956861067553415,1.2645241852714588,0.9146812981334127,0.683551947502202,1.0325629815656738,1.0309577417223041,1.2527516298054784,1.2655350671514043,0.7795171496743049,1.0588143872435776,0.7506324152736159,1.3793669366398844,-0.23031850704448806,0.030762249324710143,0.23397747414062803,0.42222822259617304,0.4557835319075539,0.4633029756934604,0.5037681008844885,0.49866484718881016,0.6267262580382134,0.65128347174771,0.663218047536213,0.6213717004810567,0.5587688674716065,0.6103583254736089,0.8325843815233089
386,1.1933708760374202,0.002703522141483422,0.0653288597241044,4.212617628607454,0.000153518143955731,0.7332669392159741,0.8100498803330006,1.0111871334264304,0.9565035952880433,1.2646885784895077,0.9143922221007263,0.6832506442878196,1.0322397255339892,1.0308519598513308,1.2528902294614783,1.2651910932585444,0.7793186615856363,1.0586834263046199,0.7504242028188456,1.3793430758745453,-0.2304836681257918,0.030634827123125666,0.23384099086900575,0.422060609938986,0.4556879453760434,0.46318184933925494,0.5036868488149499,0.49857510641948743,0.6266783747355059,0.6512421852300218,0.663116376841898,0.6212740157594153,0.5586859501745215,0.6102371917920637,0.8325843815233089
387,1.193753968241574,0.0027054623752746335,0.06537693087011576,4.199349293189699,0.0001510181614135739,0.732997789517882,0.8098819094644515,1.0111300786928605,0.9561534656483156,1.264845460173006,0.9141129083721135,0.6829562325880126,1.0319213105866953,1.030745011670599,1.253020939758754,1.2648457915725753,0.7791236512891344,1.0585524188493807,0.7502201656852096,1.379317596853613,-0.2306451321986895,0.030510292481570694,0.2337065499108441,0.4218962983642493,0.4555937206787415,0.46306477488741776,0.5036081497294055,0.4984871267819321,0.6266302010619421,0.651199376679842,0.6630152168564014,0.6211779646026949,0.5586037587801316,0.6101178856353231,0.8325843815233089
388,1.194131909401783,0.0027073701579871843,0.06705364817753434,4.0226679730197565,0.00014853521212318454,0.7327349419094146,0.8097161808136136,1.0110759387742674,0.9558105599031195,1.2649969856427743,0.9138479894488153,0.6826688298345869,1.0316095549465192,1.0306375469721185,1.2531458464460117,1.2645032111372794,0.7789345198847485,1.0584256488035522,0.7500200582530381,1.3792927749759383,-0.2308028072208711,0.030387043323222885,0.2335754564944468,0.4217352896950513,0.45550034625316943,0.4629529832880309,0.5035323038834273,0.4984008520600864,0.6265817746712254,0.6511551365205385,0.6629142890062291,0.6210841243173614,0.5585238253813704,0.6100008307175592,0.8325843815233089
389,1.194502288714045,0.0027092596562635516,0.06596196303144097,3.953809169635778,0.00014606941710000777,0.7324792664405594,0.8095530514300102,1.011024831174006,0.9554756470510667,1.2651425547441402,0.9135992555884078,0.6823864426040577,1.031303640339807,1.0305238433891148,1.25325789471903,1.2641624573488321,0.77875092193493,1.0582997286023523,0.7498244104314989,1.3792418260557682,-0.2309561703286339,0.030265448773327347,0.23344838605568466,0.42157797161272503,0.4554088047552332,0.46284799006408006,0.5034608500618583,0.4983166573746513,0.6265311131103211,0.6511071710526954,0.6628144112270995,0.6209929074998266,0.55844563584086,0.6098860438158407,0.8325843815233089
390,1.1948665196441721,0.0027111328813001147,0.06581404199823737,3.957256277758755,0.00014362089652341484,0.7322305850948914,0.8093932494754846,1.010975485766755,0.9551491583072244,1.2652818365901994,0.9133653308162493,0.6821083178365854,1.0310042537567596,1.030404495152191,1.2533584109483737,1.2638236963807912,0.7785707116172412,1.0581766175662095,0.7496326123860159,1.3791702560415455,-0.23110533638185693,0.03014606229461261,0.23332467261564166,0.4214244354499077,0.4553189058115238,0.46274894548230555,0.5033927935381258,0.4982344255218868,0.6264784153947094,0.6510556473310145,0.6627152390595351,0.6209034831445409,0.5583695265736117,0.6097732988234702,0.8325843815233089
391,1.1952251359675583,0.0027129831540744975,0.06602878402918577,3.8627214379398223,0.00014118976973084374,0.7319889627795426,0.8092372444621689,1.0109281247591675,0.9548321220757872,1.2654129440386888,0.9131460886576721,0.6818359691224004,1.0307156936340782,1.0302804906423153,1.2534462357310248,1.2635002804269548,0.778393994842114,1.058057303053172,0.7494444136489878,1.3790812557720007,-0.23125027603752712,0.03002934981480818,0.2332045287291099,0.42127513897466445,0.4552303079719999,0.4626554298895083,0.5033275850996368,0.49815446394175966,0.6264237511359887,0.6509993681612256,0.6626163161792077,0.6208156328490684,0.5582954959664431,0.6096624318415285,0.8325843815233089
392,1.195577047323887,0.002714828997994425,0.06572560174390674,3.8467911259496064,0.00013877615521198512,0.7317540016564547,0.8090823479659894,1.0108882210816994,0.9545280074535616,1.2655266492436732,0.912947539438607,0.6815693788794117,1.0304420264947018,1.030149156632942,1.2535041047921076,1.2631861380096963,0.7782225354550781,1.0579410049821074,0.749260890127407,1.3789719960214897,-0.231391282856845,0.029915666186830454,0.2330912839775051,0.42113197423499305,0.455142398948406,0.46256869566746406,0.5032643917660461,0.4980767771324697,0.6263670124720503,0.650935369618522,0.6625167566928051,0.6207293522567076,0.5582218779537904,0.6095529801937007,0.8325843815233089
393,1.1959241280765305,0.0027166595896033416,0.06653298577293754,3.7691775907779745,0.00013638017060300502,0.7315254521663076,0.8089281454491617,1.0108558230106233,0.9542362889238739,1.2656257492132714,0.9127690956102641,0.6813093048698814,1.0301842648901618,1.0300118862021577,1.2535367392389023,1.262878268357382,0.7780581871582053,1.0578302005358167,0.7490816386708676,1.3788488056659938,-0.23152848106305066,0.0298041185451382,0.23298491656130924,0.4209946716786828,0.455055360592293,0.4624886931054296,0.5032035378483186,0.49800178721849087,0.6263086589816352,0.6508650787951912,0.6624163375677016,0.6206449558890468,0.5581496958361388,0.6094451284538835,0.8325843815233089
394,1.1962651286961268,0.002718455340882447,0.06533304089680314,3.719362196197176,0.00013400193268081322,0.7313032833275639,0.8087747062228718,1.010829783079127,0.9539558866622609,1.265712066529899,0.9126079455053847,0.6810548878489315,1.0299515920799098,1.029870298154923,1.2535497972588088,1.2626004939138527,0.7779002255241259,1.057724165848513,0.748906173989174,1.378713677271926,-0.23166187655390802,0.0296945239041112,0.23288469472680345,0.42086277451398824,0.45496932007424623,0.46241434039685547,0.5031443465681742,0.4979305302477746,0.6262488911589554,0.6507887617257259,0.6623153264790226,0.6205622659515435,0.5580786964182529,0.609338609230089,0.8325843815233089
395,1.1965977611473304,0.0027202445948793282,0.06580381188541651,3.7978167236839795,0.00013164155735737116,0.7310922254500377,0.808627720605238,1.0108112066436035,0.9537046211608614,1.2657778601214942,0.912470038785858,0.6808137877595535,1.0297522009346987,1.0297132138277378,1.2535366071441187,1.2623346086759184,0.7777477314448875,1.05762942439345,0.7487313823543342,1.378587935995536,-0.2317886826728244,0.02959261149694155,0.23279400895264213,0.4207423921611165,0.45488052256600503,0.46234636743838375,0.5030865662189157,0.49786318228696613,0.6261835810823029,0.6507004199161486,0.6622078413805453,0.6204789519459653,0.5580102710991653,0.6092313082380796,0.8325843815233089
396,1.1969229692595138,0.002722038331963418,0.0657116319052875,3.973009287492548,0.00012929915967404152,0.7308905032518958,0.8084889011799984,1.0107966940719904,0.9534789548322916,1.2658246246598666,0.912355742618186,0.6805848405128883,1.029574871339743,1.0295414999975754,1.253498467434066,1.2620697839047788,0.7776007208102572,1.057552310844418,0.7485584242177337,1.3784731006163333,-0.23190997749785808,0.029499090515793972,0.23271031285520374,0.420631999571075,0.4547891100345127,0.46228455856645245,0.5030295666576189,0.4977981002323409,0.6261131565142916,0.6506010868384536,0.6620935162258229,0.6203943072815766,0.5579452407943248,0.6091243270435736,0.8325843815233089
397,1.1972428784811837,0.0027238278585218602,0.065862653311342,3.9094495481498566,0.0001269748537959834,0.7306979758309896,0.8083573533353786,1.010785590807494,0.9532761560322389,1.2658564919334603,0.9122626734665491,0.6803677619840014,1.0294164162911623,1.0293581320466165,1.2534373982028861,1.2618063103222301,0.7774591924636785,1.0574917546549587,0.7483873034305994,1.3783697420480099,-0.2320258193779044,0.02941275512415422,0.2326329897547897,0.420530569952672,0.45469610593871146,0.4622285469367958,0.5029736450520008,0.4977352837172811,0.6260387031378668,0.6504924622908158,0.6619738472830704,0.6203090786578442,0.557883675368357,0.6090178968519275,0.8325843815233089
398,1.1975564137876582,0.00272560926904859,0.06641010520979762,3.9086369667704535,0.0001246687530065856,0.7305138436290576,0.8082323770522034,1.0107776173785832,0.9530936702398474,1.2658752994867408,0.9121882424777303,0.6801614752487987,1.0292747896442747,1.029165117950208,1.253356601666846,1.2615447184691644,0.7773227370643332,1.0574457202169034,0.7482181551212462,1.3782765898027904,-0.2321366786945419,0.029332833339618697,0.2325614314075801,0.4204371510629696,0.45460193791583203,0.4621776967260725,0.5029187895730755,0.49767459490597005,0.6259609288816066,0.6503761178200762,0.6618498812883863,0.6202235399489692,0.5578252553279123,0.6089121809882149,0.8325843815233089
399,1.1978636268061917,0.0027273826932418597,0.06678647687658668,3.9718738146266497,0.00012238096970194773,0.7303367475366385,0.8081134395681449,1.010772800850459,0.9529291134019782,1.2658808683720582,0.912129734566242,0.6799642135800376,1.0291488878294113,1.028963643160591,1.2532602561362463,1.261285680778244,0.777190614320335,1.0574113966678407,0.7480512097402171,1.3781908653448927,-0.23224337616084043,0.029258927130388135,0.2324950425097537,0.4203508650694709,0.45450652864679075,0.4621311584092423,0.5028647258213089,0.49761578084988695,0.6258802225475346,0.6502535188128911,0.6617222960261833,0.6201375783416607,0.5577693473875855,0.608807282654066,0.8325843815233089
400,1.198165359154075,0.002729139041889795,0.06640559481456876,3.8866403124904374,0.00012011161538540008,0.7301663087343377,0.8079982009035449,1.010779453220756,0.9527812052857265,1.265872381457717,0.9120838667358065,0.679774697026403,1.0290392730621762,1.0287566034569038,1.2531534844360313,1.2610313735544418,0.7770629946469446,1.0573833982329033,0.747885318590362,1.3781101695440732,-0.23234612667717522,0.029189489818429178,0.23243761614119168,0.42027158736151465,0.4544102604035057,0.46208831874474027,0.5028117933716645,0.49755929240826846,0.6257975219698736,0.6501264302518396,0.6615918182381493,0.6200516445470141,0.5577148688477903,0.6087027733351821,0.8325843815233089
401,1.1984601152718914,0.0027308612524445247,0.06641357485204935,3.4323324662691044,0.00011786080066207054,0.7300031284349318,0.8078847395645534,1.0107921007669571,0.9526437007440193,1.2658685837091543,0.9120430352250428,0.6795880095361774,1.0289331597496112,1.0285501227348475,1.2530513227176576,1.2607837299637046,0.7769385056180923,1.0573577792423512,0.7477206526494526,1.3780295172172738,-0.2324444456643447,0.029120499998364024,0.2323855789586726,0.42019670347845767,0.45431559172102276,0.46204725457368867,0.5027593709648003,0.4975033527419922,0.6257151462926804,0.6500007915276551,0.661461057665293,0.6199668651188932,0.5576618497520425,0.6085988035698249,0.8325843815233089
402,1.198746947446658,0.00273255243868865,0.06483599822968245,3.3822206367247096,0.00011562863523349333,0.7298467880337889,0.8077753184174516,1.0108046577981677,0.9525145953661619,1.265857534760452,0.9120067388910102,0.6794070735155587,1.0288242435145571,1.0283448997627183,1.2529477945206708,1.2605478678526403,0.776817187519626,1.0573358106081412,0.7475581208448421,1.3779521503239036,-0.23253863277234244,0.029053495913661583,0.23233650026116195,0.4201258769041378,0.4542226830830655,0.4620082432057649,0.5027083192040043,0.49744805949522114,0.6256332749349566,0.6498758908370997,0.6613318805304014,0.6198837682656673,0.5576106141975895,0.6084961396974228,0.8325843815233089
403,1.1990277790075927,0.0027341952258919744,0.06609234400093555,3.6189336615565386,0.00011341522789226232,0.7296924955436049,0.807664691186706,1.010817066880894,0.952382149264428,1.265846085277633,0.9119718878254268,0.6792273055898764,1.0287240647078755,1.0281467065534124,1.252842347682534,1.26033559741353,0.7766992995744161,1.0573098575902988,0.7474004178187648,1.3778631929906222,-0.23263157949104338,0.02898536362461999,0.23228769162728763,0.4200546718037371,0.4541331566885509,0.46197081919526306,0.5026588023593035,0.49739510579308,0.6255540174345167,0.6497536017701958,0.6612075506955162,0.6198035631027815,0.5575592514591811,0.6083959969500936,0.8325843815233089
404,1.1993014239149338,0.0027358070879972356,0.06565850181505084,3.683976148410713,0.00011122068651672874,0.7295399763853363,0.8075532617151417,1.010829885723054,0.9522470115033783,1.2658341610389392,0.9119387232956611,0.6790493056841236,1.028622753317604,1.0279546724023934,1.252733804738553,1.2601245909526066,0.7765847288135443,1.0572803497913321,0.7472474379133492,1.3777637572079982,-0.23272345795450156,0.028916415166847127,0.23223942102655065,0.41998324060125164,0.4540467532913185,0.4619351524634178,0.5026111565251353,0.49734330756663586,0.6254773301966137,0.6496345219057473,0.6610877849116472,0.6197261710878947,0.5575079893350252,0.6082984247098892,0.8325843815233089
405,1.1995706494610812,0.0027373884805253937,0.06532870000228286,3.6765792940435245,0.00010904511806574296,0.7293894344445908,0.8074414668392794,1.0108429923600786,0.9521099524099993,1.265821842669098,0.9119070243895416,0.6788732863472707,1.0285207154350389,1.0277684512753635,1.2526227069401137,1.2599153000807033,0.7764732716354604,1.0572478296370558,0.7470989331922435,1.3776555862083737,-0.23281414663710703,0.02884697993715235,0.23219173202806234,0.41991181633828134,0.4539632830318331,0.46190107214334025,0.5025652365863369,0.49729263892228387,0.625403053597138,0.6495184647038407,0.6609722414775907,0.6196513864199887,0.5574569193953445,0.6082033043351484,0.8325843815233089
406,1.1998353810253026,0.002738944913035954,0.06644947500899434,3.7435940900198905,0.00010688862857344241,0.7292408888135417,0.8073299765378465,1.0108557535420535,0.9519711627596157,1.2658085648143353,0.9118753550251235,0.6786988832049575,1.0284165738607909,1.0275877230189747,1.2525091134120614,1.2597097787160054,0.7763631811764834,1.0572108106788787,0.7469548143101908,1.3775376482257728,-0.23290364653855972,0.028777791885898765,0.2321442476340629,0.41984039944153695,0.4538825302700144,0.46186794761904604,0.5025205894965806,0.49724265721299604,0.6253310286501299,0.6494051841924798,0.6608610370599142,0.6195788352484123,0.5574054504710038,0.6081104319857239,0.8325843815233089
407,1.2000964623275114,0.0027404771812852354,0.06593140307813883,3.787224608375148,0.00010475132314408231,0.7290942868868685,0.8072187391123101,1.0108685431814357,0.9518307472011797,1.2657949400678254,0.9118432319713989,0.678525985630385,1.0283105420828036,1.0274120802016544,1.252393297829498,1.2595082090842304,0.7762544992481646,1.0571686549194272,0.7468150238451845,1.3774099215607956,-0.23299198605790628,0.028708733923178215,0.23209716157226487,0.41976902216145806,0.4538044537463072,0.4618356291191399,0.5024772152185537,0.497193508894325,0.6252611069795274,0.6492945987309409,0.6607540022645902,0.6195084827263125,0.5573534343164744,0.6080196867328386,0.8325843815233089
408,1.200353993492905,0.002741986878918564,0.06586049310863018,3.8617478838165544,0.00010263330594691398,0.7289493381726041,0.8071074887751384,1.0108815682668528,0.9516888871106963,1.2657817017237762,0.9118102568921354,0.678353758280395,1.0282008354222163,1.0272407395431349,1.252276651988547,1.2593108488055882,0.7761473304500396,1.0571220085610462,0.746679236281469,1.377280694485158,-0.2330793436682864,0.02863984024875124,0.23205058888754007,0.4196977121325916,0.45372893246334356,0.461803870788291,0.5024348349490223,0.49714476795042145,0.6251930761512577,0.6491867548723094,0.6606505587757402,0.6194400868077284,0.5573010197522568,0.6079310485312349,0.8325843815233089
409,1.200608391886006,0.002743478004398668,0.06674925610423088,3.927359723737456,0.00010053468021110769,0.7288060430086551,0.806995805326469,1.010894384717795,0.9515451321003783,1.265770123373063,0.9117753524436356,0.6781816357363635,1.0280866339880184,1.0270739520621774,1.252159679167492,1.2591106257935216,0.7760412023771838,1.0570704119973158,0.7465472707045988,1.3771493479805106,-0.23316570945619775,0.028570750713810728,0.2320043043916233,0.41962621211203244,0.45365601786228266,0.46177249360623784,0.5023936033014424,0.4970965297099951,0.6251271201562261,0.6490820780837481,0.6605505744583221,0.6193736173192983,0.5572482570355128,0.6078444920340765,0.8325843815233089
410,1.2008602331265903,0.0027449491828532725,0.06492092879489064,3.917499948203306,9.845554822072093e-05,0.7286646182371211,0.8068840945471073,1.010906945787419,0.951400190113716,1.265759991370913,0.9117388610590808,0.6780101423628189,1.0279688645999596,1.0269115281260268,1.2520426581330213,1.2589085423159492,0.7759362586025425,1.0570146573579895,0.7464189730896315,1.3770166436297633,-0.2332509528282796,0.02850171078737483,0.23195838017720485,0.41955475975062956,0.45358555912863585,0.4617415282025144,0.5023534778799851,0.4970488553391473,0.6250631235331744,0.6489803944700546,0.6604538419272371,0.6193089888154114,0.5571953172829439,0.6077599551208583,0.8325843815233089
411,1.2011093157603867,0.0027463994155820146,0.065662972163409,3.911435935232571,9.63960113097138e-05,0.7285252399473272,0.8067726897965829,1.0109192103341904,0.9512546631201568,1.2657510812108776,0.911701036589838,0.6778397000677642,1.0278483291828393,1.026753286958333,1.2519258378217557,1.258705468649257,0.7758326007164468,1.056955427059545,0.7462941948847043,1.3768831835085227,-0.23333496772836773,0.028432926625993424,0.23191288051886755,0.41948355743834714,0.45351741871901957,0.46171098535461313,0.5023144122033405,0.4970017948960783,0.6250009790210561,0.648881543059634,0.6603601678452764,0.6192461168103013,0.5571423384097756,0.6076773707830712,0.8325843815233089
412,1.2013553326340505,0.002747827620823965,0.0653280708938837,3.9022996649447292,9.435616985700985e-05,0.728388060627053,0.8066619000830272,1.0109311424809964,0.951109088210871,1.2657432410922291,0.9116621617546432,0.6776707151154681,1.0277257562305926,1.0265990705450496,1.251809445751426,1.2585021949500226,0.7757303400844889,1.0568933442974469,0.7461728082823619,1.3767495432282941,-0.23341766215069246,0.02836458131898459,0.23186785863274945,0.4194127848613613,0.4534514764926061,0.46168089256419204,0.5022763732174964,0.4969553950510024,0.6249405922945621,0.6487853867585682,0.6602693910270024,0.6191849342639827,0.5570894585178,0.607596690996412,0.8325843815233089
413,1.2015980018500187,0.0027492330780567844,0.06556759122759104,3.897109763303105,9.233612328160331e-05,0.7282531966614125,0.8065519766371071,1.0109427095778536,0.9509639164505705,1.2657363003352207,0.9116224522604984,0.6775035012567343,1.027601772760905,1.0264487370890654,1.251693669227929,1.258299373665186,0.7756295526308328,1.0568289330709002,0.7460546878901815,1.376616139799538,-0.2334989658641251,0.028296826894984087,0.2318233586071434,0.4193425918955848,0.4533876153488319,0.4616512612036654,0.5022393232155223,0.49690969224762044,0.624881879281578,0.6486917976532224,0.6601813574958341,0.6191253735913772,0.5570367864703494,0.6075178636267233,0.8325843815233089
414,1.2018371703764752,0.002750615068841365,0.06562317116186023,3.8902061389529976,9.033597003771483e-05,0.72812074883206,0.8064431435572837,1.0109538789848067,0.95081954218172,1.2657301367666762,0.911582128956748,0.6773383550842036,1.0274769347655792,1.026302153798556,1.251578686990464,1.2580975763567877,0.7755303189056453,1.056762671679388,0.7459397241803503,1.3764833756516892,-0.2335788179184874,0.028229795241938874,0.2317794154519544,0.41927310861185363,0.45332573324974,0.4616221116165887,0.5022032351235172,0.49686472038888485,0.6248247629293814,0.6486006645675337,0.6600959314515489,0.6190673778638961,0.5569844266103899,0.6074408470130161,0.8325843815233089
415,1.202072650633522,0.0027519694146596833,0.06592391338199377,3.841821302789722,8.835580760999162e-05,0.7279909393631555,0.8063359561091114,1.0109647341127723,0.9506769846156747,1.2657235048515663,0.9115418265133879,0.6771762638920013,1.0273544246999318,1.0261593250720606,1.2514638234635143,1.2579049237614703,0.7754327667722867,1.056695526569707,0.7458276625000309,1.3763516226607815,-0.23365708851590636,0.02816387604097901,0.2317362032478276,0.41920474034867816,0.45326557733832024,0.4615934316704926,0.502167893120619,0.496820746202032,0.6247690335085315,0.6485110528802513,0.6600127276494799,0.6190108102291647,0.556932540268849,0.607365521717044,0.8325843815233089
416,1.2023035411192822,0.0027532961260253986,0.06603591283783317,3.8355923481871375,8.639573250875671e-05,0.727863811091364,0.8062305247583514,1.0109752539031058,0.9505364379465249,1.2657164601484379,0.9115016504953579,0.6770173319266652,1.0272342615380392,1.0260201293467817,1.251349341840988,1.257720734382568,0.7753369407129554,1.0566277862294182,0.7457184357407198,1.3762211790740706,-0.23373375096457705,0.028099124469342443,0.231693734692346,0.41913754114881857,0.4532070868066233,0.4615652396057472,0.502133301876941,0.4967777563993834,0.6247146509499519,0.6484229994007021,0.6599316796989587,0.6189556353613797,0.5568811956183005,0.6072918659786207,0.8325843815233089
417,1.2025298158611064,0.0027545945188913513,0.06528555974364281,3.8026127015499025,8.445584026530534e-05,0.7277393895878397,0.806127178747154,1.010985613486049,0.9503982412741606,1.2657090995077902,0.9114623564063783,0.6768617329697032,1.0271152749857977,1.0258841255013098,1.2512361433508146,1.2575429118066628,0.7752432579129772,1.0565602619563703,0.7456120790250496,1.376093225462996,-0.23380879112625322,0.028035737523871538,0.23165209375602946,0.4190716252886043,0.4531501965256355,0.461537739185924,0.5020994996784843,0.4967355122926042,0.6246615255049565,0.648336888180592,0.659852887810815,0.6189018602937046,0.5568305472632005,0.6072199059666337,0.8325843815233089
418,1.2027513459353176,0.0027558647334977497,0.06540673971176147,3.79622539102269,8.253622542724867e-05,0.7276176969577005,0.806025959414976,1.010995764822086,0.9502625064266257,1.2657014691521544,0.911423943001794,0.676709520547517,1.0269976595802728,1.025751267908502,1.2511243366823424,1.2573711183299021,0.7751516957493046,1.056493117985471,0.7455085130555237,1.3759678447625843,-0.23388219452399484,0.027973727813150294,0.23161127363650655,0.419007018569361,0.45309485589080223,0.4615109191468396,0.5020664822652346,0.4966940363412563,0.6246096341258175,0.6482526926682525,0.6597762705992081,0.6188494502289567,0.5567806432000358,0.6071496153321123,0.8325843815233089
419,1.2029681003091481,0.002757106941770593,0.06667257566004992,3.7901966998004335,8.063698155390572e-05,0.7274987455794707,0.8059268959678799,1.0110056656209647,0.9501293223194041,1.2656936165141552,0.9113864077848972,0.6765607310534508,1.0268815864186842,1.02562151343478,1.2510140208716851,1.257205026003571,0.77506223587028,1.0564264942757393,0.7454076628838312,1.3758450978025465,-0.23395395264891128,0.027913102282515888,0.23157126607662995,0.4189437395945207,0.4530410187328358,0.461484768816752,0.5020342448191262,0.4966533486120154,0.6245589559985169,0.6481703889783204,0.6597017503978194,0.6187983729812074,0.5567315233407281,0.6070809676664611,0.8325843815233089
420,1.2031800729656843,0.0027583183455472133,0.0654219607822597,3.6843860290023795,7.875820121174347e-05,0.7273829237382737,0.8058309368353621,1.0110156440651519,0.9499993905678904,1.2656842840989633,0.9113509373251312,0.6764160733461356,1.0267695824248904,1.0254950648505228,1.2509045436060047,1.2570452696641146,0.7749747997298736,1.0563605316163451,0.745309621865701,1.3757207720332154,-0.23402383159605358,0.027854247050483005,0.23153230237040417,0.41888206550827767,0.4529885183136162,0.4614596895039941,0.5020029861743345,0.49661389106290793,0.624509508586289,0.6480897935367196,0.6596295113598254,0.6187486508840672,0.5566831909053783,0.6070139009836102,0.8325843815233089
421,1.2033865517138118,0.0027594996217952792,0.06531715113669634,3.680028607093237,7.689997596986535e-05,0.7272701715216987,0.8057379560947601,1.0110256192943634,0.9498726727457212,1.2656736892369758,0.9113173459838553,0.6762754467214216,1.0266614197779533,1.0253718407648051,1.2507960876523192,1.2568914623620877,0.7748893704207657,1.056295332718537,0.7452142972117456,1.375595527541062,-0.23409186644399083,0.02779710444120314,0.23149434089067436,0.4188219664205665,0.4529373303757229,0.461435607112336,0.5019726665152134,0.49657561195978045,0.6244612656363977,0.6480109049967799,0.6595594502094337,0.6187002462001937,0.5566356793932017,0.6069483951900145,0.8325843815233089
422,1.2035876828935292,0.0027606514258827195,0.06591787282377481,3.6523378110510234,7.506239639554769e-05,0.7271605018083376,0.8056480408502228,1.011035284072565,0.949749380905722,1.2656616262965086,0.9112856615515388,0.6761389109249116,1.0265570444630627,1.0252518773519548,1.250688910747318,1.256743230535472,0.7748058567110272,1.0562316214530467,0.7451214972190716,1.3754707505231256,-0.23415805075924487,0.02774182014651028,0.23145726876627556,0.41876348516657746,0.4528873501951277,0.4614124665983138,0.5019431852876041,0.49653836485247516,0.6244142175763099,0.6479336509292877,0.6594913461706015,0.6186530357835084,0.5565891094746251,0.6068844228454225,0.8325843815233089
423,1.2037835911662051,0.002761774478176489,0.06559874163940549,3.6523627253297404,7.324555204982707e-05,0.7270538374084963,0.805561044466427,1.0110446363331067,0.9496294227985599,1.2656482868533634,0.9112556904486682,0.6760063243809133,1.0264562380854256,1.0251350838652267,1.2505831279788129,1.2566002965463667,0.7747242322279301,1.0561693307556634,0.7450311533126979,1.3753467466077005,-0.2342224299768719,0.027688310946305292,0.23142107167762163,0.4187065792982494,0.45283856282697893,0.461390201203224,0.5019145159637877,0.49650211992232135,0.6243683368542967,0.647858030684351,0.6594251337132749,0.6186069959333743,0.5565434715473755,0.6068219573437451,0.8325843815233089
424,1.203974427381202,0.0027628692273288244,0.06600492261350155,3.6459695587190937,7.144953148313311e-05,0.7269501194631658,0.8054768533100227,1.0110536459224266,0.949512733957774,1.26563391389115,0.911227290019176,0.6758775977385236,1.026358818859541,1.025021386443002,1.2504788605573336,1.2564623549014138,0.7746445004090718,1.056108472006503,0.7449432146975279,1.375223882538374,-0.23428503847266777,0.027636508789380225,0.23138572477050365,0.41865121467011535,0.45279096320528445,0.4613687602569107,0.5018866378716343,0.49646685033129767,0.6243236032566809,0.6477840560254372,0.6593607571159851,0.6185621110471324,0.5564987836222687,0.6067609885610895,0.8325843815233089
425,1.2041602946419707,0.002763936485788601,0.06631192471832037,3.6511469684011963,6.96744222309749e-05,0.7268492651211608,0.8053953299963591,1.0110623619156338,0.9493992146475987,1.265618594056994,0.9112002647832455,0.6757525633436302,1.0262646193387657,1.0249107114301148,1.2503761784312222,1.2563291976788835,0.7745666137123304,1.0560489204186814,0.7448576115888843,1.3751022705065767,-0.2343459254284155,0.02758633838408496,0.2313512370554355,0.4185973507412029,0.4527445292986998,0.4613480751030565,0.501859519000776,0.4964325315127466,0.6242799931871779,0.6477117144081649,0.6592981575683319,0.6185183554490244,0.5564550113006888,0.6067014800753041,0.8325843815233089
426,1.2043413545963595,0.0027649764562786778,0.06590050319209695,3.640212302882669,6.792031080967287e-05,0.7267512326551144,0.8053163947529519,1.0110707368974934,0.9492888289502343,1.2656025705964773,0.9111745494343592,0.6756311839269443,1.0261734943089926,1.0248029923766773,1.2502751827647145,1.2562005603573134,0.7744905935210412,1.0559907602072105,0.7447743109744522,1.3749823014131815,-0.23440511499534428,0.02753774817590174,0.23131757649003026,0.4185449630052797,0.452699259110793,0.4613281212229681,0.5018331510249635,0.4963991429534339,0.6242374900439768,0.647641018432085,0.6592372906359877,0.618475717679047,0.5564121930800064,0.6066434345866724,0.8325843815233089
427,1.2045176657423824,0.0027659896734280923,0.06523920083418489,3.6393660117565925,6.61872827121431e-05,0.726655958489285,0.8052399450720367,1.0110787757153428,0.9491815031437083,1.265585972255245,0.9111500174498279,0.6755133486737025,1.0260853021699892,1.024698162807575,1.250175948406466,1.2560762597511486,0.7744164148540704,1.0559339444974765,0.7446932607446817,1.3748641297789317,-0.2344626447871309,0.02749067924751229,0.2312847321178984,0.4184940176455036,0.45265513905257493,0.46130885295555646,0.5018075114720232,0.4963666606633771,0.6241960729286904,0.6475719647014369,0.6591781135250351,0.6184341791785518,0.5563703194900426,0.6065868300571958,0.8325843815233089
428,1.2046893425387635,0.0027669745663997177,0.06509657902643085,3.584741191891816,6.447542240373014e-05,0.7265634246806612,0.8051652960384417,1.0110865792232089,0.9490772591208747,1.2655697548866676,0.9111268452832725,0.6753992387340128,1.026000377729649,1.024596270454507,1.2500790629960061,1.2559541687873161,0.7743449883438419,1.0558797556139286,0.7446142067351216,1.3747489043390833,-0.23451851485820285,0.027444579633790843,0.23125284136837562,0.418444526611352,0.45261223703619674,0.461290371320975,0.5017827345061412,0.4963352312177109,0.6241557590183258,0.6475046788140552,0.6591202696241015,0.6183938340382397,0.5563298790512682,0.6065317122436066,0.8325843815233089
429,1.2048561583733022,0.002767930224835791,0.06651987507939339,3.2494192141862794,6.278481331809014e-05,0.7264758248514459,0.8050947268222647,1.011094100599734,0.9489809819677875,1.2655514509685144,0.9111067153756635,0.6752904090460555,1.0259171797251954,1.0244954919282203,1.249986800098859,1.255837929317253,0.774276074171487,1.055832529238503,0.7445357342038321,1.3746436893252278,-0.2345713985255194,0.027400860069764364,0.23122296274896864,0.41839831463689364,0.45256972763973563,0.46127290058147125,0.5017586048412769,0.49630440801047304,0.6241157201015218,0.6474383597258102,0.6590622035225997,0.6183539266465814,0.5562919711774493,0.6064775573632468,0.8325843815233089
430,1.2050172152575085,0.0027688574984049952,0.06557478196918964,3.2467430849075845,6.111553785312513e-05,0.7263927580245534,0.8050278990015124,1.0111013366009538,0.9488918578057081,1.2655314158927007,0.9110892592025839,0.6751864846064041,1.0258357582552522,1.0243960311968243,1.2498987958132342,1.25572709226779,0.7742095517291623,1.05579141778556,0.7444580432505126,1.3745474129995598,-0.23462153905458977,0.027359333295522453,0.23119490131010118,0.4183550693075546,0.4525277051980539,0.46125635609322335,0.5017351143728864,0.4962742134053223,0.6240760597849037,0.6473731085969245,0.6590041647900877,0.6183145363449496,0.5562563594734126,0.6064244196265018,0.8325843815233089
431,1.2051727743400162,0.0027697571881311884,0.06546055106446147,3.2446508054757226,5.946767736696597e-05,0.7263138675036728,0.8049645123210236,1.0111082902122464,0.9488091678516154,1.2655099693374343,0.9110741490913903,0.6750871289878061,1.0257561429758086,1.0242980600935925,1.249814724088305,1.255621270037253,0.7741453075418221,1.0557556776288706,0.744381306553131,1.3744591326052507,-0.2346691528694292,0.02731983361612259,0.2311684876565633,0.41831451461071284,0.4524862529732135,0.46124066202011443,0.501712254277595,0.4962446623449101,0.6240368655716987,0.6473090085226822,0.6589463693726848,0.6182757292171782,0.556222834628984,0.6063723445089335,0.8325843815233089
432,1.2053230706524078,0.0027706300414415317,0.0651051290333271,3.242740402588432,5.7841312174008354e-05,0.7262388331557548,0.8049042976214809,1.011114967903348,0.94873227128714,1.2654873865693366,0.9110610944747857,0.6749920363395447,1.0256783608678772,1.024201729384699,1.2497342999957441,1.2555201033151249,0.7740832411415833,1.0557246466047219,0.7443056694016972,1.3743780017525697,-0.2347144341863494,0.027282212120703718,0.23114357240971534,0.41827640418266787,0.4524454414534958,0.4612257507880033,0.5016900156900308,0.4962157680429624,0.6239982147046217,0.6472461325196726,0.6588890040333572,0.6182375625339739,0.5561912103090709,0.6063213680197223,0.8325843815233089
433,1.2054683273789717,0.002771483223705464,0.06588135100901127,3.5428458781943446,5.6236521540996894e-05,0.7261670182713182,0.8048472521149562,1.011121851519374,0.9486620749331776,1.2654599646892435,0.9110510751530156,0.6749027312028465,1.0256053408209471,1.0241057155192537,1.2496527493181002,1.2554183437014426,0.7740235153542097,1.0556976604292672,0.7442307501348276,1.3743031283607685,-0.23475779023255952,0.02724707971415976,0.2311205702507415,0.41824108017953465,0.4524047316472608,0.4612118894712369,0.5016686896710864,0.4961881567417679,0.6239596600698036,0.6471832146224921,0.6588318830908663,0.6182002524917805,0.5561614550864694,0.6062711728242569,0.8325843815233089
434,1.2056093904634242,0.0027723163806838364,0.0654348200187087,3.540022552939346,5.465338368316338e-05,0.7260982353309924,0.8047931390509709,1.011128826930972,0.9485978649889737,1.2654284949856345,0.9110436858524573,0.674818718072,1.025536680581247,1.0240103476173124,1.2495704996275059,1.2553164977245272,0.773966006582461,1.0556742208017713,0.7441567441573853,1.3742339144198308,-0.2347993316169686,0.02721421349747718,0.23109926201144704,0.41820826703521874,0.4523642632063489,0.4611989762700559,0.5016482235829669,0.49616174668460095,0.6239213346257522,0.6471205040970187,0.6587751979978675,0.6181638134692422,0.556133402580925,0.6062218415332541,0.8325843815233089
435,1.2057463194534408,0.0027731292091305554,0.06566136097535491,3.537412347190924,5.309197576041336e-05,0.726032305759333,0.8047417365010519,1.0111358325779483,0.9485389989584185,1.2653937097759091,0.9110385582506874,0.6747395311961296,1.0254719950197029,1.0239159152816966,1.2494879755939803,1.2552149968612276,0.7739106042439718,1.0556538875790595,0.7440838088238247,1.3741698000834335,-0.2348391637515538,0.027183406738612557,0.23107946794741446,0.41817771709631874,0.45232416228884337,0.4611869181614257,0.5016285671634955,0.4961364594612719,0.6238833559568169,0.6470582311351971,0.6587191151778958,0.6181282571207624,0.5561069059539463,0.6061734401634512,0.8325843815233089
436,1.2058791673388272,0.00277392148210919,0.06529295025393367,3.534363107049421,5.155237387356607e-05,0.7259690694506131,0.8046928469090217,1.0111428207649316,0.9484849097501036,1.2653562412335189,0.9110353662164012,0.6746647570923444,1.0254109493518027,1.0238226691241352,1.2494055468402474,1.2551142150438734,0.7738572110620413,1.0556362723466135,0.7440120785518448,1.3741102866731858,-0.2348773811794773,0.027154476026047192,0.23106103250365861,0.41814921173916997,0.4522845355985374,0.46117563141265605,0.5016096741868182,0.4961122262525746,0.6238458263390103,0.6469965939603171,0.6586637770282168,0.6180935926751883,0.5560818351466867,0.6061260242954942,0.8325843815233089
437,1.2060079846832696,0.002774692639259131,0.06574540166184306,3.5901042226652535,5.003465306064572e-05,0.725908595886304,0.8046464555420717,1.0111539732910473,0.9484357182508295,1.2653209331361157,0.9110345643791053,0.6745939005882883,1.0253570419268379,1.0237304670506113,1.2493237733307978,1.2550100453557884,0.773805823849977,1.0556200155215594,0.7439415508712157,1.3740539963050928,-0.23491393933899965,0.02712747007421759,0.23104546647759971,0.41812266494452116,0.452245566435668,0.46116520394103205,0.5015914872067466,0.496089276039225,0.6238087073636216,0.6469355076634532,0.6586085445775856,0.6180596252505652,0.5560576798801697,0.606079309567776,0.8325843815233089
438,1.2061317863578187,0.0027754425766479524,0.06716557592153549,3.5866224569132745,4.853888729322322e-05,0.7258507150289488,0.8046023687937224,1.011168647018361,0.9483908752394623,1.265287637740451,0.9110357847203093,0.6745266325971181,1.0253093856304039,1.023639556180098,1.2492429530848355,1.2549034676576252,0.7737563545875482,1.055604995047664,0.7438723277151603,1.374000656005448,-0.23494893913943646,0.027102200437861705,0.23103241237414288,0.41809788540349657,0.45220732081791065,0.4611555439309108,0.5015739676732153,0.49606750107939446,0.6237720968739839,0.6468751729162665,0.658553638836506,0.6180263897821457,0.5560344066930298,0.6060333845063458,0.8325843815233089
439,1.2062507684820003,0.0027761712932510415,0.06520259007811546,3.583422615807403,4.706514947281216e-05,0.7257952837795777,0.8045604289033189,1.0111862022744693,0.948349908973039,1.2652561756013234,0.9110387100098087,0.6744626941923736,1.025267235970731,1.0235501350412626,1.249163271714845,1.2547953661279714,0.7737087149067279,1.0555910810638083,0.7438045084136684,1.3739500690255046,-0.23498246572028522,0.02707851423367308,0.2310215248000046,0.4180747077285896,0.4521698510979109,0.4611465729309389,0.5015570859446988,0.49604681367661685,0.6237360736457652,0.6468157436682989,0.6584992589389641,0.6179939156652313,0.5560119771872192,0.6059883265961803,0.8325843815233089
440,1.2063651136992104,0.0027768795773048982,0.06927772331982851,3.62605716886489,4.5613511427314525e-05,0.7257420000491335,0.8045203301101091,1.0112072693082352,0.9483124063352194,1.2652267212130242,0.911043118078659,0.6744016571457802,1.0252292424254836,1.023462482879739,1.2490847038147204,1.254685603585236,0.773663085453069,1.0555780165910364,0.7437379765588775,1.3739018876181646,-0.23501470150986412,0.027056207628757094,0.23101299601425385,0.4180529890261767,0.4521332275177407,0.4611382094335172,0.5015407392009544,0.4960270866984421,0.6237007669952412,0.6467573226887223,0.6584453735485987,0.6179622549418722,0.5559904290176856,0.6059442913169603,0.8325843815233089
441,1.2064750019307178,0.0027775673737735077,0.06843842985108495,3.6230660150718865,4.4184043907520925e-05,0.7256907671479469,0.804481963102812,1.0112312187393497,0.9482779881561361,1.2651991334305968,0.9110487512129473,0.6743433219906761,1.025194908241156,1.0233767249754964,1.2490074664495623,1.2545749728093236,0.7736193559436262,1.0555657293470992,0.7436728266728083,1.3738559485710784,-0.23504570353490184,0.027035161290534016,0.23100649991088623,0.41803259478201116,0.45209748559415025,0.4611303927404073,0.5015249124473692,0.49600825262415954,0.6236662246622936,0.6467000359166134,0.658392154103461,0.6179314205283999,0.5559697205550138,0.6059013167371309,0.8325843815233089
442,1.2065805596452708,0.0027782333393073285,0.06628145277500153,3.662420360818485,4.2776816583661304e-05,0.7256414860786973,0.8044453158723491,1.0112545749029738,0.9482464634393988,1.2651724698996485,0.911055577852415,0.6742873582968001,1.0251659191067202,1.023292851541131,1.2489310995604535,1.2544707178990575,0.7735769733086865,1.0555544152613505,0.7436091941755733,1.3738130522661616,-0.2350755310793276,0.02701540389618987,0.23100042473075788,0.41801337371853403,0.45206237728305415,0.46112298564846704,0.5015093537066501,0.49599041354036844,0.623632378012782,0.6466434920089419,0.658339710631075,0.6179011911872379,0.5559498881928062,0.6058595264371499,0.8325843815233089
443,1.2066818468035028,0.0027788777693065017,0.06701388489454985,3.6591827515912883,4.139189804201043e-05,0.7255940718850477,0.8044102898537565,1.0112773723640942,0.9482175021636784,1.2651467771081242,0.9110633756067681,0.6742336101644802,1.025141519578458,1.0232109723401936,1.2488559151565994,1.2543722525110124,0.7735359125393001,1.0555439474421302,0.7435471255214056,1.3737728793953983,-0.23510423425813928,0.026996820292937117,0.2309947455825769,0.41799522062342176,0.45202796946439666,0.4611159563506316,0.5014940882145162,0.49597348673245356,0.6235992799930474,0.6465878785799604,0.6582881723527827,0.6178716105726152,0.5559308768756678,0.6058189206767499,0.8325843815233089
444,1.2067789205925175,0.0027795038577448318,0.06708588590845466,4.014312246881772,4.002935578154405e-05,0.7255476164392404,0.8043764551040786,1.0113001025975785,0.9481901513862784,1.2651210496468697,0.9110704599723545,0.674181883717673,1.0251201573262616,1.0231307933323368,1.2487770453562108,1.2542826638382853,0.7734959868539271,1.0555319479423848,0.7434872399111324,1.37373443185572,-0.23513236597986792,0.026979123485358542,0.23098951003327822,0.41797786963619604,0.45199452091249787,0.46110885863394263,0.5014790977419239,0.4959572859764697,0.6235667927878823,0.6465327377502302,0.6582392911467869,0.6178431523059985,0.5559120656659641,0.605779576874056,0.8325843815233089
445,1.2068722889754953,0.0027801113694386555,0.06547110108658671,3.953345083013949,3.868925621064965e-05,0.725502243069108,0.8043438771138823,1.0113213495087474,0.9481644426803137,1.2650946852887222,0.9110769702099635,0.6741321697389352,1.0251013662462074,1.0230526558246944,1.2486958494679474,1.2542009089246537,0.7734570150779133,1.0555193235425613,0.7434294577674787,1.3736978136202502,-0.23515985157112934,0.02696235728353039,0.23098410878146458,0.4179613076527924,0.4519619118024521,0.46110171692955754,0.5014643704202499,0.4959417521414957,0.6235350433739031,0.6464783811767705,0.6581929106418268,0.6178157398133047,0.555893668451204,0.6057415086491927,0.8325843815233089
446,1.2069619287879625,0.0027807003027453345,0.0658882618881762,3.9685778064004236,3.737166464388974e-05,0.7254580267163055,0.8043127444302924,1.011339581287278,0.9481401889613912,1.265068582116922,0.9110834313688404,0.6740846240051481,1.0250849046337298,1.022976459205133,1.2486125672014268,1.254125926887292,0.7734190628320256,1.0555067647770817,0.7433740568782834,1.3736629479276163,-0.2351866448072247,0.02694657860885932,0.23097784803534893,0.417945430007913,0.4519302705534236,0.4610947221503532,0.501449979557288,0.49592685330898095,0.6235040169932299,0.6464248488461392,0.6581488729252067,0.617789331302426,0.5558758590400518,0.6057048395715099,0.8325843815233089
447,1.2070477102365038,0.0027812720896148724,0.06582796107977629,4.014308388478264,3.60766452988184e-05,0.7254150221932024,0.8042828554697837,1.0113557783749683,0.9481172585686389,1.2650434108034576,0.911089777729357,0.6740387089293508,1.0250693992320765,1.022901957092784,1.2485279699980236,1.2540567863545542,0.7733821942681327,1.055493934619812,0.7433209582408725,1.3736289066319038,-0.2352127047340841,0.026931479516871047,0.23097121198047696,0.4179302395607659,0.4518996598355718,0.4610879049036415,0.5014359471899726,0.49591244695194175,0.6234736582740071,0.6463722723191979,0.6581069617860174,0.6177638683835781,0.5558584858206534,0.6056695311479781,0.8325843815233089
448,1.2071550829957265,0.0027818229338908997,0.06662368401885033,3.630890449399391,3.480426129285167e-05,0.7253728229686107,0.8042529725126356,1.011369764831904,0.9480916019525596,1.2650209814448792,0.9110938914237743,0.6739929045090909,1.0250504779599592,1.0228316196221938,1.2484486111929776,1.2539903975498752,0.7733463373596596,1.0554794974357338,0.7432707831243575,1.3735946884163595,-0.23523826967143846,0.026915994983561835,0.23096345824775497,0.41791432013142416,0.4518709001531535,0.46108096167663354,0.50142244995558,0.4958981220836133,0.6234450472478017,0.6463229739636789,0.6580675072183525,0.6177395962417146,0.5558410671811694,0.6056359575434785,0.8325843815233089
449,1.207238171669001,0.002782353310536344,0.06614473322406411,3.4640113236179366,3.355457464019073e-05,0.7253326056102166,0.8042245348960643,1.0113825152284075,0.9480675000403643,1.2649972697501652,0.9110982069383545,0.6739494474661956,1.0250305553056356,1.022763704200811,1.248373505086964,1.2539254523571708,0.7733119998350398,1.0554668259685414,0.7432220510372258,1.3735626917292967,-0.23526263419426746,0.026901232850955394,0.23095596084886547,0.417899273716034,0.45184299940482286,0.4610744286977736,0.5014096344744655,0.4958842749655407,0.6234174215768052,0.646275771967025,0.6580292834236576,0.6177162571588852,0.5558246759498824,0.6056034918222333,0.8325843815233089
450,1.2073184963139414,0.002782863900451653,0.06644351314753294,3.4621597583166803,3.232764624880022e-05,0.7252942789239638,0.8041975295208736,1.011394182111103,0.9480448832783569,1.2649724258328647,0.911102723263677,0.6739081292731541,1.0250101359208141,1.0226982086982384,1.2483024033962977,1.2538620191128607,0.7732790498898123,1.0554557502916122,0.7431747900646924,1.3735328011264176,-0.2352858546032916,0.026887225167074594,0.23094874149425618,0.41788506285599575,0.45181595450397,0.4610682753393943,0.5013974156811309,0.49587087343734926,0.6233907730000116,0.6462305609093056,0.6579922473382386,0.6176937680340899,0.5558091914816644,0.6055721285337216,0.8325843815233089
451,1.2073998520713138,0.0027833551036398766,0.0668891747482121,3.4571923706610486,3.11235359174388e-05,0.7252577471667613,0.8041718611659807,1.0114048887986147,0.9480236355426621,1.2649467749245025,0.9111073572941015,0.6738688097925135,1.0249894077289732,1.0226351085321714,1.2482350811708052,1.253800221895306,0.7732474384097512,1.0554460649669128,0.7431290129756679,1.373504839597668,-0.23530798851097787,0.02687391758534834,0.23094179988221394,0.41787162996437627,0.45178977612308835,0.4610624643131765,0.5013857573543262,0.4958579160706708,0.6233650913641275,0.6461872787538668,0.6579564116790687,0.6176721114800333,0.5557945465189609,0.6055418545315934,0.8325843815233089
452,1.207478165381675,0.0027838271464494663,0.06635616300627589,3.448929916227539,2.9942302332745304e-05,0.7252229297173528,0.8041473906590192,1.0114146900889054,0.9480036260560196,1.2649207530169568,0.9111119863757692,0.6738314420782218,1.0249683512954526,1.0225743482822238,1.248171255925742,1.2537402455305322,0.7732171702008988,1.055437553038691,0.7430847387859675,1.3734786214298451,-0.23532908345648698,0.026861205064555485,0.23093510474772083,0.4178589096728878,0.4517644824847631,0.4610569608767164,0.5013746673375208,0.49584543004648035,0.6233403579360187,0.6461458703187399,0.657921824714286,0.6176513153607402,0.5557807175472278,0.605512661033884,0.8325843815233089
453,1.207553203041477,0.00278427819338204,0.06817729910835624,3.2173069735132285,2.8784003066378244e-05,0.7251899121683645,0.8041238322738568,1.0114231695241185,0.9479840943191916,1.264896417592162,0.9111160737502848,0.673795084640424,1.0249456046569052,1.022516379469944,1.248112525762501,1.253684033086924,0.7731881390397811,1.0554303503054874,0.7430422766187257,1.3734562409144095,-0.23534907872074684,0.02684869624699292,0.2309282877507513,0.41784660134856433,0.45174037361191066,0.4610516059866389,0.5013639588956001,0.49583306563841617,0.6233167451536362,0.6461067589774336,0.6578885224706571,0.6176312268975331,0.5557676398017887,0.6054847644444163,0.8325843815233089
454,1.2076248964651017,0.0027847114393200353,0.0665920041501522,3.608234615540714,2.7648694572209708e-05,0.7251575399361063,0.8041002848815508,1.011430464624422,0.9479626911327538,1.2648748468975088,0.9111183480813234,0.6737589045275979,1.024921601314916,1.0224618086291364,1.248057147611684,1.2536304806825056,0.7731599223435798,1.0554214117500345,0.74300231921462,1.3734332087734118,-0.23536867857912858,0.026835964221327707,0.23092084297356122,0.41783381137213105,0.4517178014150413,0.4610461170009605,0.5013536418746952,0.49582092372279696,0.623294545540068,0.6460700828795815,0.6578573112007862,0.6176121205368403,0.5557544317592014,0.6054583026044811,0.8325843815233089
455,1.2076940988721414,0.002785128675452551,0.06732475617900491,3.6755624224602093,2.6536432183573984e-05,0.7251258687788871,0.8040767287659681,1.0114366731651394,0.9479396363029408,1.2648559944090343,0.911118665004762,0.6737228217152444,1.0248962287194134,1.0224104297803513,1.248004957382708,1.2535780274449948,0.7731323885851541,1.0554105108787695,0.742964732409839,1.3734093789787725,-0.23538784871971938,0.026823016666636848,0.23091288161232168,0.41782060476306,0.45169670497994935,0.4610404732345048,0.5013437473903037,0.49580902044623054,0.6232736966472948,0.6460357868139452,0.6578280890263949,0.6175939509906659,0.555741045867048,0.6054331848730031,0.8325843815233089
456,1.2077610899179823,0.0027855300073460145,0.06783153768628836,3.6690375907419757,2.5447270110570865e-05,0.7250949883960595,0.8040533201456473,1.0114419291273777,0.9479153667958501,1.264839507564121,0.9111173531929376,0.6736870626330658,1.0248698638482014,1.0223620204411257,1.2479557350470236,1.2535268490897398,0.7731055900235108,1.0553980416914621,0.742929352705769,1.3733850634803995,-0.2354065357550707,0.02680997671253427,0.2309045380489022,0.41780713905842465,0.45167696739466795,0.4610347380607957,0.501334269284324,0.4957973874122328,0.623254097345843,0.6460036791636038,0.6578007041554154,0.6175766705468048,0.55572758857549,0.6054093379073622,0.8325843815233089
457,1.2078258323512803,0.0027859154707909613,0.0666748252697289,3.655089777802208,2.4381261437423013e-05,0.7250649768667158,0.804030202074934,1.011446340248996,0.9478902625192045,1.2648250929897695,0.9111147289261404,0.673651841459007,1.024842864226164,1.0223163799890727,1.2479092837040782,1.2534770734292342,0.7730795856926084,1.0553843891025836,0.7428960345403147,1.3733605736555377,-0.23542469315638376,0.02679695303034963,0.23089592231994255,0.4177935495831847,0.45165848402948827,0.46102897336004345,0.5013252022642233,0.49578605603978354,0.6232356571194578,0.6459735891129559,0.6577750186066463,0.6175602406212347,0.5557141714638084,0.6053867032430773,0.8325843815233089
458,1.2078882689965287,0.0027862853155595914,0.06623139278963208,3.6539856717269767,2.3338458119889357e-05,0.725035886988834,0.80400747715753,1.0114500207869295,0.9478646393868507,1.264812479851777,0.9111110184505589,0.6736172982223778,1.0248154884729002,1.0222733322369246,1.247865426638872,1.25342881672691,0.7730543989153208,1.0553698174019766,0.742864643483568,1.3733360959567542,-0.23544228968478656,0.026784031091270866,0.23088713944318756,0.4177799500968247,0.45164116327455556,0.461023219816894,0.5013165373509619,0.4957750442719919,0.6232182965201648,0.6459453660213288,0.6577509119570425,0.6175446186000892,0.5557008591748503,0.6053652143980408,0.8325843815233089
459,1.207948376364898,0.0027866396496217614,0.06688158493489027,3.6401736501071165,2.2318910982732414e-05,0.7250077687469428,0.8039852481378688,1.011453055099933,0.947838775749121,1.264801444287944,0.9111064659157723,0.6735835859304757,1.024788010521637,1.022232714926126,1.2478240005699675,1.2533821492780193,0.7730300727174718,1.0553546247235028,0.7428350614339688,1.3733118617083344,-0.23545929562397375,0.026771289231189512,0.23087827056174448,0.417766438612365,0.45162492099365603,0.46101752383869526,0.5013082678894795,0.4957643753461163,0.6232019434050124,0.645918872938945,0.6577282714177968,0.6175297726210673,0.5556877383838938,0.6053448242080752,0.8325843815233089
460,1.2080061097149917,0.0027869787176896966,0.06703995494171977,3.6348701112137074,2.1322669717241272e-05,0.7249806543629802,0.8039635883557787,1.0114555243716206,0.9478129010752668,1.2647917841899754,0.9111012540730186,0.6735508066569197,1.0247606312132713,1.0221943824456738,1.2477848647415657,1.2533371346992044,0.7730066244733788,1.055339024755083,0.7428071791176535,1.3732880181003408,-0.23547569197572848,0.026758788221044022,0.23086938852741024,0.41775309607580263,0.4516096826192882,0.46101191770730143,0.5013003851062476,0.49575406200659233,0.6231865330344188,0.6458939898571311,0.657706999218333,0.6175156688713005,0.5556748636623541,0.6053254809015631,0.8325843815233089
461,1.2080614553053215,0.002787302727807791,0.06725011672824621,3.6250893674308364,2.0349782878809714e-05,0.7249545694445517,0.8039425638358505,1.0114575002169575,0.9477872127183251,1.2647833281513226,0.9110955559146104,0.6735190558329162,1.02473353877449,1.0221582030287217,1.247747886008164,1.2532938185239144,0.7729840743373204,1.0553232237334922,0.7427808984805259,1.3732647097840598,-0.23549146365352702,0.026746580878740878,0.23086055531530672,0.4177399912970863,0.4515953807318194,0.4610064320496643,0.5012928807185686,0.4957441169518794,0.6231720072573274,0.6458706071650069,0.6576870055808667,0.6175022783525306,0.5556622913365434,0.6053071413611095,0.8325843815233089
462,1.208114416496277,0.0027876119516749656,0.06753193680197,3.618619399724909,1.9400297884569778e-05,0.7249295287062777,0.8039222221150358,1.0114590402827206,0.9477618720567913,1.264775923446538,0.9110895114921801,0.6734884000908559,1.0247068786318183,1.0221240580369053,1.2477129498791593,1.2532522286137142,0.7729624307561159,1.055307381241659,0.7427561293249162,1.3732420367827345,-0.23550660210703522,0.026734707818708174,0.2308518202006081,0.41772717962604167,0.45158195404294155,0.46100109047836246,0.5012857458679982,0.49573454720772536,0.623158313854142,0.6458486288258459,0.6576682110001184,0.6174895728211021,0.555650061478468,0.6052897625301032,0.8325843815233089
463,1.2081650897753333,0.002787906611256861,0.0660818531177938,3.6069294453633742,1.8474261011080502e-05,0.7249055425087264,0.8039026068961337,1.0114601936400047,0.9477370171220942,1.264769441656163,0.9110832594703893,0.6734589079396247,1.024680795992167,1.0220918374232646,1.2476799471730944,1.253212376845525,0.7729417072877551,1.0552916565602424,0.7427327898851677,1.3732201027463908,-0.23552110134571247,0.026723204218207265,0.23084322388999534,0.4177147076932017,0.4515693469628266,0.46099591702969,0.5012789730308297,0.4957253620863279,0.6231454051901858,0.6458279663883166,0.6576505417564936,0.6174775287484551,0.5556382186617278,0.60527330909278,0.8325843815233089
464,1.2082138918692444,0.0027881870430760537,0.06608673185110092,3.6043852323131587,1.7571717392072544e-05,0.7248826087803897,0.8038837404944914,1.0114610074786572,0.9477127544155146,1.2647637633894415,0.9110768960837954,0.6734306110097311,1.024655380109263,1.0220614419897744,1.247648782665185,1.253174272125357,0.7729218982924251,1.0552761513501852,0.7427108041273645,1.373198950736098,-0.23553496288140377,0.026712092889699966,0.23083480209945217,0.4177026111611044,0.45155750934559674,0.46099092609447917,0.5012725530471053,0.4957165618081024,0.6231332378937707,0.6458085412731805,0.657633932879105,0.6174661199436613,0.5556267840680967,0.6052577418794746,0.8325843815233089
465,1.208262914667128,0.0027884530893758593,0.06588415196165442,3.5660927664344753,1.6692711016248833e-05,0.7248607103892546,0.8038655102434706,1.011461558750862,0.9476891090822102,1.2647588711837505,0.9110704941490277,0.6734037120275385,1.0246306226757294,1.0220328319391454,1.2476194757631451,1.2531377675252344,0.772903277013243,1.055260809305555,0.7426901180946769,1.3731783820169516,-0.23554819596549034,0.02670129809272155,0.2308266092128206,0.4176908986078354,0.45154640611344665,0.46098616062534203,0.5012665686404134,0.4957081504587788,0.6231217930968336,0.6457903420613685,0.6576183425975549,0.617455418615214,0.5556157684412543,0.6052430277667049,0.8325843815233089
466,1.2082955754332436,0.0027887061831700964,0.06689463509246707,3.7356658253178074,1.583728472513976e-05,0.7248401467597911,0.8038487732279114,1.0114632544602344,0.947668126232133,1.2647536780234157,0.9110659051585959,0.6733787675670655,1.0246088656389671,1.0220050147601407,1.2475912262350657,1.2531027115864175,0.7728854788672795,1.0552472613385033,0.7426699421599589,1.3731593255355432,-0.23556062643707457,0.026691573507910293,0.23081950248886196,0.4176802703478499,0.45153543950255165,0.4609819230419854,0.5012608078168302,0.4957002778816229,0.6231106296670454,0.6457724746000841,0.657602856773402,0.6174450078775222,0.5556056237034703,0.6052288612400559,0.8325843815233089
467,1.2083401712979083,0.002788945705294788,0.06722313584759831,3.573333387396605,1.500548021101613e-05,0.724820996357834,0.8038334860724871,1.0114665501186983,0.9476495750911503,1.2647483407923912,0.9110626184167087,0.6733557317850447,1.0245896207032879,1.021978124623322,1.2475645224244203,1.2530689123785963,0.7728685540982428,1.0552353100944163,0.7426503534147669,1.3731416723713425,-0.23557220553822117,0.026682815740448805,0.23081369828358722,0.4176706854732019,0.4515247606981222,0.46097812444275355,0.5012553349164596,0.49569289970612823,0.6230997987319988,0.6457551607433133,0.6575876554071622,0.6174349600767185,0.5555962145784639,0.6052151800185489,0.8325843815233089
468,1.208382702823033,0.002789171771640687,0.06700239516794682,3.468820910938924,1.4197338014856435e-05,0.724803117158366,0.8038193453531944,1.0114697754823045,0.9476329656878199,1.2647419317832007,0.9110601454043248,0.6733345519205728,1.0245717055572787,1.021952297412198,1.2475392103438836,1.253037105303737,0.7728527666184735,1.0552250582333933,0.7426314411647568,1.3731256318461404,-0.2355830168262073,0.02667474900008961,0.2308084841401489,0.41766198891181977,0.4515144080062681,0.46097467659302277,0.5012502087805052,0.4956860078452805,0.6230893778628993,0.6457385848656465,0.6575730534259714,0.6174254402000772,0.5555876575012875,0.6052021116434989,0.8325843815233089
469,1.2084216163664527,0.0027893837810496953,0.06772575713694096,3.214065684208809,1.341289752437115e-05,0.7247865315998808,0.8038061524871825,1.0114725890996314,0.9476177509679383,1.264735642569063,0.9110581021535736,0.6733146816007314,1.0245543081717456,1.0219278196334995,1.2475161204509237,1.2530080859370993,0.7728380239603253,1.055216402984497,0.7426134077886088,1.3731120841322304,-0.23559304211295226,0.026667137586541746,0.23080358720895647,0.41765396492536655,0.4515045652055472,0.4609714757321693,0.5012453340280647,0.49567940830023555,0.6230794800690063,0.6457229917198215,0.6575590831653296,0.6174163794042709,0.5555798637115626,0.6051897723019369,0.8325843815233089
470,1.2084576120705082,0.0027895840426624473,0.06714452477172017,3.614293518690862,1.2652196972083123e-05,0.7247706971345635,0.8037934169807753,1.0114748535313438,0.9476026530018711,1.2647302082349379,0.9110556815290002,0.6732956258985842,1.024537327634567,1.0219050144665969,1.247494439758483,1.2529805513934578,0.7728240225189126,1.0552076148675702,0.7425966392101983,1.373098799051427,-0.23560261177043326,0.02665973411031989,0.23079865769926336,0.4176461179623061,0.45149544582890233,0.46096836191257096,0.5012407464114907,0.49567312856306095,0.6230702711860588,0.645708513109335,0.6575461525479543,0.6174078981667996,0.5555723354354861,0.6051782378434523,0.8325843815233089
471,1.2084915630772128,0.0027897728999455424,0.06631095288321376,3.617656383859275,1.1915273433464058e-05,0.7247556213436939,0.803781172487712,1.011476661621215,0.9475878003508639,1.2647255122729826,0.9110529770212014,0.6732774088265863,1.0245208560261052,1.0218837785956616,1.2474741067809472,1.2529544784431264,0.7728107536976373,1.0551988065932834,0.7425810494791343,1.3730858459132578,-0.2356117215036105,0.026652569940982782,0.23079375409691583,0.41763849152939586,0.4514869960677315,0.4609653462298707,0.5012364322668519,0.4956671675968764,0.6230617068130047,0.6456950734388068,0.6575341830904771,0.6173999653829858,0.5555650954333908,0.6051674630400231,0.8325843815233089
472,1.2085235394683251,0.0027899504408938135,0.06642783293500543,3.596262665712889,1.1202162825127701e-05,0.7247412971445998,0.80376934663011,1.01147814091484,0.9475732515320093,1.2647215159807006,0.9110500327128466,0.673260142315712,1.0245048634745844,1.0218640563473727,1.2474551450431386,1.2529297549273646,0.7727983858967264,1.0551899461014551,0.7425665678485215,1.3730730846381036,-0.2356203749685131,0.02664560221617641,0.23078895348720527,0.41763110648866525,0.4514791769879759,0.46096245298409977,0.5012324416696363,0.49566151779741335,0.6230537610601687,0.6456826473769066,0.657523119594567,0.6173926134528966,0.5555581405709825,0.6051573999190678,0.8325843815233089
473,1.2085535736524482,0.002790117116081528,0.06646278314292431,3.6062166580284805,1.051289990307883e-05,0.7247277228902234,0.8037579726915401,1.0114793494407983,0.9475590991280965,1.26471811849175,0.9110469103377596,0.6732438064463315,1.0244894139634848,1.0218457535035563,1.2474374822259704,1.2529063659789066,0.7727868648921513,1.0551811223192293,0.7425531207203455,1.3730605828835785,-0.2356285735706739,0.026638862361667487,0.23078429022644692,0.4176239924672651,0.4514719439312676,0.460959682635526,0.5012287493258893,0.4956561733898618,0.62304639408224,0.645671163831584,0.6575128951663701,0.6173858014161661,0.5555514803655396,0.605148007206095,0.8325843815233089
474,1.208581734867722,0.0027902732959078653,0.06631722301244736,3.605812874382034,9.84751826102004e-06,0.724714896337063,0.8037470873943281,1.0114803351323245,0.947545422386034,1.2647152334348613,0.9110436847803671,0.6732283912561965,1.0244745728407394,1.0218287818950393,1.2474210451209384,1.2528843001140506,0.7727761442928806,1.055172429198111,0.7425406449269532,1.3730484266650418,-0.23563631904242924,0.026632380450546618,0.23077979014720693,0.41761717406626775,0.4514652557298298,0.46095704136073523,0.5012253345183786,0.4956511318418233,0.6230395688347777,0.645660556327885,0.6575034508485469,0.6173794937633317,0.5555451300897489,0.6051392525049167,0.8325843815233089
475,1.208608074443623,0.0027904194170937477,0.0667522749863565,3.6168492850677607,9.206050328713734e-06,0.7247028082169779,0.8037367075409095,1.0114811396152028,0.9475322794681275,1.2647127850865454,0.9110403948379446,0.6732138714732593,1.0244603743042964,1.0218130611161829,1.2474057702365455,1.2528635348987827,0.772766177419914,1.0551639226456226,0.7425290790664891,1.3730366571071515,-0.2356436172928052,0.02662617517659237,0.23077547515270458,0.4176106683952805,0.45145907635012456,0.4609545267901476,0.5012221764800571,0.495646385173084,0.6230332515595542,0.6456507660227093,0.657494732260413,0.6173736565946379,0.5555390908465131,0.6051310993410226,0.8325843815233089
476,1.2086326549708235,0.002790555863072908,0.06708728615194559,3.620383845410026,8.588527370402093e-06,0.724691448466294,0.8037268512057121,1.0114817956784776,0.9475197176828428,1.2647107087556602,0.9110370873140595,0.6732002285552626,1.0244468527023665,1.021798516337027,1.2473915940613816,1.2528440475028373,0.7727569228400395,1.0551556603490868,0.7425183694077141,1.373025326113262,-0.23565047468063918,0.02662026357123845,0.23077136018604902,0.4176044884085961,0.4514533722970937,0.4609521402977202,0.5012192577582659,0.49564192750794933,0.623027411003915,0.6456417380067434,0.6574866906715355,0.6173682597650816,0.5555333669706084,0.6051235173415874,0.8325843815233089
477,1.2086555299925268,0.0027906830336389505,0.06617485312744975,3.62732155939649,7.99497948328276e-06,0.7246808033228418,0.8037175271156456,1.0114823304310883,0.9475077708336922,1.264708948030331,0.9110337938522267,0.6731874383633387,1.0244340264399765,1.0217850785307154,1.2473784591694,1.252825807139494,0.7727483411485501,1.055147680432821,0.7425084652599486,1.3730144661797812,-0.23565689975883575,0.026614656635732373,0.23076745610190164,0.41759864214663217,0.45144811326545725,0.4609498802239931,0.5012165618911777,0.4956377508381185,0.6230220184283648,0.645633422858273,0.6574792814213385,0.617363275293231,0.5555279566237493,0.6051164758748235,0.8325843815233089
478,1.2086767598388244,0.002790801288276178,0.06741515593603253,3.6267155982779684,7.4254355960425414e-06,0.7246708584580468,0.8037087446331473,1.011482766301454,0.9474964648534887,1.2647074558064333,0.9110305529426408,0.6731754815947122,1.0244219133066894,1.021772681746114,1.2473663059789286,1.252808785877039,0.7727403964821651,1.0551400245373064,0.742499321732558,1.3730041197850673,-0.23566290139641038,0.02660936390075973,0.23076376954776576,0.41759313470332904,0.45144327109208215,0.46094774813594014,0.5012140752172444,0.49563384883622824,0.6230170465433469,0.6456257730922331,0.6574724637718339,0.6173586778056919,0.555522860964721,0.6051099491342039,0.8325843815233089
479,1.2086959147211995,0.00279091101057493,0.06710020545870066,3.6311642490973357,6.879923467446885e-06,0.724661595635796,0.8037005040771695,1.0114831211024362,0.947485814288819,1.2647061914188398,0.9110273874505529,0.6731643331569832,1.0244105166085942,1.0217612650492238,1.2473550808029352,1.2527929481791527,0.7727330544748562,1.055132714681921,0.7424908950309063,1.372994306430907,-0.23566849078896995,0.02660438942817104,0.2307603041777594,0.41758796708060164,0.45143882022642334,0.4609457420776949,0.5012117844679186,0.49563021284001674,0.6230124701742215,0.6456187458586538,0.6574661998192924,0.6173544435089288,0.5555180747551108,0.6051039098704187,0.8325843815233089
480,1.2087133905718612,0.0027910127044018106,0.06634206278249621,3.6547035016713307,6.358469684987329e-06,0.7246530005491973,0.8036928659891818,1.011483382975279,0.9474758547937753,1.2647050805366968,0.9110243489051445,0.6731539116647792,1.0243998984999525,1.0217507476813583,1.2473446825995653,1.2527783143288536,0.7727261737920907,1.0551258479370644,0.7424831429568151,1.3729851708278589,-0.23567367727323082,0.026599776909031862,0.23075704406124692,0.4175831463700583,0.4514347307207307,0.46094385385349007,0.5012096403215797,0.4956268379204214,0.6230082566834356,0.6456122751803941,0.6574604474846728,0.6173505138729133,0.5555136062885463,0.6050983390847354,0.8325843815233089
481,1.2087291940530398,0.0027911066839383545,0.06780819734558463,3.648730899301113,5.86109966358566e-06,0.7246450516872989,0.8036858117861598,1.0114835679767802,0.9474665804520804,1.2647041048625165,0.9110214549410788,0.6731442096051232,1.0243900411566953,1.0217410798873363,1.2473350722891738,1.252764830484572,0.7727197525660346,1.0551194269210002,0.7424760282462383,1.3729767041144936,-0.23567847383505075,0.026595515830618012,0.2307539905379384,0.4175786663031236,0.4514309813576782,0.4609420852411746,0.5012076415050216,0.49562371499177044,0.6230043854515167,0.6456063291405706,0.657455175575615,0.6173468776601533,0.5555094491831337,0.6050932128734612,0.8325843815233089
482,1.2087431485319828,0.002791192654635418,0.06628089305013418,3.226606817179935,5.387837644354875e-06,0.7246379292825225,0.8036794825855308,1.011483671569449,0.9474584560558097,1.2647029838179638,0.9110190201615972,0.6731354238842677,1.0243809800143453,1.0217320608825478,1.247326453513128,1.2527528245359332,0.7727138931356164,1.0551141322799473,0.7424693398232616,1.3729696793366106,-0.23568277067874985,0.026591684315099732,0.23075124178748305,0.4175746979780743,0.45142745869209633,0.46094049291062467,0.5012057718911003,0.49562082322871925,0.6230007602815949,0.6456007995373747,0.657450183671508,0.6173434708486728,0.5555057943208878,0.6050884660598116,0.8325843815233089
483,1.2087603971348504,0.002791271730508646,0.069878363981843,3.6647764676909915,4.938706693418357e-06,0.7246313604555432,0.803673655424173,1.0114837367257687,0.9474508974933618,1.2647020131741553,0.911016687375438,0.67312727371956,1.0243726168632197,1.0217238244693527,1.2473185064776127,1.2527417813369435,0.7727084543521109,1.0551091434474444,0.7424632442445879,1.3729631185688906,-0.23568673370093784,0.026588157791403194,0.23074868188765932,0.4175710176625708,0.4514242511622322,0.46093900527784026,0.5012040410723234,0.49561816376740137,0.6229974526334003,0.6455957497661113,0.6574456433655258,0.6173403416962926,0.5555023951810711,0.6050841225701671,0.8325843815233089
484,1.2087771138571521,0.002791344203176441,0.06881692120805383,3.6779359488653234,4.513728700784797e-06,0.7246253131170148,0.8036682539795477,1.011483800537618,0.9474438692070515,1.2647012005049656,0.911014435927204,0.6731197682865353,1.024364871004511,1.0217163375788678,1.2473112377597053,1.2527316044319996,0.7727035003598604,1.0551044022379248,0.7424576985010624,1.3729568934787149,-0.23569038182674018,0.026584888174834297,0.23074632420243912,0.4175676095701991,0.451421339585193,0.4609376219438739,0.5012024683210233,0.49561572034254586,0.6229944485346576,0.6455911681915677,0.6574415255554041,0.6173375009013328,0.5554992335434815,0.6050801511373631,0.8325843815233089
485,1.2087917953282348,0.0027914095627433176,0.06760903680697083,3.5490840820171194,4.112924379282113e-06,0.7246197630760384,0.8036634089544566,1.0114837158472265,0.947437292402589,1.2647006989398109,0.9110120757853509,0.6731129472827383,1.024357699964687,1.021709784534847,1.2473051084815794,1.2527225479489164,0.7726989463693127,1.0551000529117656,0.7424526492614103,1.3729517631057382,-0.23569372905632838,0.026581899480853044,0.23074405325376715,0.41756442258833903,0.45141868747460756,0.46093626414796196,0.5012010174693675,0.4956134820692746,0.6229917868016566,0.6455871171195758,0.6574378217716952,0.6173349103059375,0.5554963529895366,0.6050765496309681,0.8325843815233089
486,1.2088047307732308,0.0027914681970959386,0.06901299208402634,3.5278854667653365,3.7363132635474917e-06,0.7246146836943266,0.8036590713394031,1.011483496840878,0.9474311727922498,1.2647004786491403,0.9110097099020891,0.673106796250108,1.0243510334261563,1.0217040597911409,1.2473001280457934,1.252714325462035,0.7726947685296938,1.0550961151308482,0.7424480605551959,1.3729475321958777,-0.23569679146638187,0.02657916973905591,0.23074187316038536,0.41756145723850985,0.4514162894124431,0.460934962215134,0.5011996883739528,0.49561142954353954,0.6229894384850372,0.6455835974403369,0.6574345120007239,0.6173325521734545,0.5554937510560148,0.605073297111447,0.8325843815233089
487,1.2087865816929655,0.00279152128630367,0.06606495194137096,3.7322524113528224,3.3839137090753232e-06,0.7246100995934923,0.8036552776274739,1.0114834902276149,0.9474259290056566,1.2647000159523802,0.9110077933790427,0.673101358149769,1.0243454207526914,1.0216986902326597,1.2472951395423426,1.2527073704797433,0.7726910058431218,1.0550925833520108,0.7424438489215853,1.3729437309477819,-0.23569955683392654,0.026576816474489902,0.23074002089879217,0.41755888123388146,0.45141405387253625,0.4609338215467534,0.501198468995605,0.49560961765590617,0.6229872293495359,0.6455802413261749,0.6574315135564168,0.6173304089239876,0.5554914137306227,0.6050703112001481,0.8325843815233089
488,1.2087985110237234,0.0027915694687233902,0.06572676217183471,3.9445391317993312,3.055742891322818e-06,0.7246059744171313,0.8036519604155545,1.0114834426157737,0.9474214912521751,1.2646993578855963,0.9110063051153134,0.6730965834885544,1.024340861525165,1.0216936507371055,1.2472900266809566,1.2527014023723968,0.7726876044033802,1.055089569188165,0.7424399964840146,1.3729404027727867,-0.23570204670813255,0.026574803673149714,0.23073836799245093,0.41755665632581906,0.4514119608062153,0.4609328285372907,0.5011973437393398,0.49560803048633,0.6229851505297058,0.6455770079360232,0.6574287764017536,0.6173284526029084,0.5554893602004871,0.6050675899801198,0.8325843815233089
489,1.2088086545321977,0.002791613501667436,0.06507958937436342,4.108944781339927,2.751816804872567e-06,0.7246022536952309,0.8036490576806515,1.0114834151342667,0.9474177341102331,1.2646985525837118,0.9110052057708682,0.6730924091168348,1.0243369763799326,1.0216889671586422,1.247284814453273,1.252695711286567,0.772684533616716,1.0550870406190263,0.7424364805272435,1.372937484226872,-0.23570429383010177,0.02657308848623868,0.23073691523802944,0.4175547333398083,0.45141000831412825,0.4609319788008174,0.5011963207905081,0.4956066195035804,0.6229832185604142,0.6455739242654687,0.6574262671667334,0.6173266741984832,0.5554875803135795,0.6050651277432444,0.8325843815233089
490,1.208817521597939,0.0027916532483111284,0.06613151170313358,3.7065794203359026,2.472150262653337e-06,0.7245989564018661,0.8036465207037476,1.0114834876160088,0.9474145803837533,1.2646977169093052,0.911004450765993,0.6730887424053988,1.024333749600999,1.021684660072578,1.2472800163370072,1.2526903450971272,0.7726817853162332,1.0550849824745396,0.7424332380657889,1.3729349406389841,-0.23570628581364045,0.026571621046155108,0.2307356816694481,0.4175530803285766,0.4514081917585865,0.4609312633835617,0.501195394493723,0.4956053779061876,0.6229814423289944,0.6455710655294085,0.6574238952167524,0.6173250410193868,0.555486045121088,0.6050628891902007,0.8325843815233089
491,1.2088252218216888,0.0027916890397415204,0.06673800479620695,3.706070504850614,2.216756895217758e-06,0.7245960361313687,0.8036443027922864,1.011483631493297,0.9474119310909136,1.2646968775167724,0.9110039617530583,0.6730855210977709,1.02433106833119,1.0216807180202088,1.2472756215865917,1.252685329263779,0.7726793290039748,1.0550833092058456,0.7424302626691357,1.3729327222609309,-0.23570805050461485,0.02657036440997979,0.2307346333085685,0.4175516580864489,0.45140651237240237,0.4609306605548915,0.5011945578139593,0.4956042853202087,0.6229798168559746,0.6455684315413341,0.6574216736013623,0.6173235477160579,0.5554847198888773,0.6050608603619055,0.8325843815233089
492,1.2088319663409084,0.0027917212192365023,0.06563146086409688,3.7051124495945733,1.9856491500783564e-06,0.7245934494840242,0.803642361938219,1.011483824099745,0.9474097017538604,1.2646960536747098,0.9110036756369356,0.6730826885742519,1.0243288373254982,1.0216771228942798,1.2472716116233011,1.2526806730957596,0.7726771351207113,1.0550819491134282,0.7424275424963658,1.3729307847199779,-0.23570961397269555,0.026569286426079593,0.23073374065512797,0.4175504323008345,0.4514049673038169,0.46093015178607544,0.5011938033290839,0.495603323229916,0.6229783345115033,0.6455660160100165,0.6574196075855692,0.6173221867481699,0.555483574102404,0.6050590255852135,0.8325843815233089
493,1.208837912149715,0.0027917501427682538,0.06555559020489454,3.7051572190369697,1.7788382911004798e-06,0.7245911557887614,0.8036406601391022,1.011484047908699,0.9474078207884199,1.264695257006447,0.9110035420991334,0.6730801938388352,1.0243269765438368,1.0216738505098026,1.2472679595706206,1.2526763707469442,0.7726751747123293,1.0550808428374345,0.7424250613596278,1.3729290889173003,-0.23571100067918407,0.026568359189080855,0.23073297838442447,0.41754937311005247,0.45140355028591816,0.4609297211935593,0.5011931233057515,0.4956024746709651,0.6229769852313455,0.6455638070872268,0.657417695763891,0.6173209485946978,0.555482580926595,0.6050573678675322,0.8325843815233089
494,1.208843165448249,0.00279177617507927,0.06508924812078476,3.7045762073693225,1.5963343979537295e-06,0.7245891163306902,0.8036391626556322,1.0114842901935566,0.9474062265430646,1.2646944947041272,0.9110035215124105,0.6730779892593468,1.0243254180359036,1.0216708722827437,1.2472646343766236,1.2526724043743556,0.7726734193329737,1.0550799406571796,0.7424227989279941,1.3729275989835155,-0.2357122339291012,0.026567558110626856,0.2307323244337945,0.41754845393367035,0.4514022520402403,0.46092935506077404,0.5011925095848043,0.4956017238472985,0.6229757571630647,0.6455617889599743,0.657415931081962,0.6173198221042921,0.5554817164573268,0.6050558688628529,0.8325843815233089
495,1.20884782332672,0.0027917996804602435,0.06646612426266074,3.70181467896275,1.4381463656202375e-06,0.7245872967803852,0.8036378365450351,1.01148454216713,0.9474048642378461,1.2646937800948834,0.9110035858408938,0.6730760325536241,1.0243241161069423,1.0216681512334593,1.247261597787754,1.2526687446778617,0.7726718405765843,1.0550791986112609,0.7424207335380845,1.3729262845246726,-0.23571333439607126,0.026566861100705837,0.23073175864009027,0.41754765002142186,0.4514010614769373,0.4609290424578202,0.5011919538829995,0.4956010564853113,0.6229746357387452,0.6455599420477286,0.6574143025084395,0.6173187951042657,0.5554809593261437,0.6050545105521363,0.8325843815233089
496,1.208851974115766,0.0027918210403174485,0.06488911714404821,3.70178494771372,1.3042819039616668e-06,0.7245856610834795,0.8036366525372896,1.0114847981287607,0.9474036891334288,1.2646931090403988,0.911003711996478,0.673074281899472,1.0243230187943457,1.0216656525098402,1.2472588103859252,1.2526653556665484,0.77267041082997,1.0550785834817087,0.7424188382296728,1.3729251150465063,-0.23571432382566393,0.026566249096556954,0.23073126449185177,0.41754694064813164,0.4513999645892042,0.46092877303305996,0.5011914475645861,0.4956004585845984,0.6229736063674476,0.6455582438401624,0.6574127941030157,0.6173178537229396,0.5554802903342185,0.605053272284094,0.8325843815233089
497,1.208855702383836,0.0027918406404749186,0.0657974318601191,3.7013018237552178,1.1947475373430013e-06,0.7245841745777798,0.8036355832737061,1.0114850554071753,0.9474026623828695,1.2646924755490596,0.9110038836292541,0.6730726977217331,1.024322082319151,1.021663338272051,1.247256229892723,1.252662193801057,0.7726691027306283,1.055078067664491,0.7424170837553755,1.3729240621485372,-0.23571522313777513,0.02656570504131873,0.2307308274902803,0.41754630701275636,0.45139894565025557,0.46092853783939813,0.5011909817559859,0.4955999168653733,0.6229726532903773,0.6455566695025826,0.657411386652137,0.6173169831164126,0.5554796920247282,0.6050521327176376,0.8325843815233089
498,1.2088590884897905,0.002791858871582906,0.06537350919097662,3.7016633131230114,1.1095486043146728e-06,0.7245828040357479,0.8036346030351307,1.0114853129978438,0.9474017506606951,1.2646918703242198,0.9110040899208793,0.673071243074838,1.0243212703215385,1.0216611677348562,1.2472538098092285,1.2526592100066023,0.7726678892419256,1.0550776286389907,0.7424154391176159,1.3729230999993158,-0.2357160524014878,0.026565213685935903,0.23073043461841863,0.4175457321779581,0.45139798747179405,0.46092832908465525,0.5011905474601932,0.4955994187637288,0.6229717595932239,0.645555191784323,0.6574100582785055,0.6173161676470345,0.5554791485042562,0.6050510700259644,0.8325843815233089
499,1.2088622089832184,0.002791876126146316,0.06567446095868945,3.7013894583252966,1.0486892573525327e-06,0.7245815170401309,0.803633687379757,1.0114855726627638,0.9474009244800341,1.2646912843719251,0.9110043248552049,0.6730698821231534,1.0243205518825391,1.0216590982314044,1.2472515025554887,1.2526563499005205,0.7726667433049784,1.0550772477561519,0.7424138716492301,1.3729222037580688,-0.23571683120430117,0.026564761088312558,0.23073007442336887,0.4175452004267811,0.45139707181310273,0.46092813998775245,0.5011901354670899,0.4955989521641417,0.622970907618222,0.6455537820827986,0.6574087848108271,0.6173153909322961,0.5554786450675465,0.6050500618828675,0.8325843815233089
500,1.2088651379615283,0.002791892799738389,0.06524747889488935,3.7012661588561757,1.012172462655324e-06,0.724580282080891,0.8036328129310417,1.0114858372540698,0.9474001578896063,1.2646907064903639,0.9110045864626053,0.6730685805467073,1.024319901093172,1.0216570851393356,1.247249258430672,1.2526535550944002,0.7726656380544421,1.0550769097715182,0.7424123474188139,1.3729213500185367,-0.23571757859422426,0.02656433447137495,0.23072973632861665,0.41754469717821735,0.45139617926020464,0.46092796460619445,0.5011897364506926,0.49559850540446915,0.6229700789332207,0.6455524103742994,0.6574075402660855,0.6173146360403743,0.5554781680633736,0.6050490856025664,0.8325843815233089
