iteration,training_loss,validation_loss,iter_time,raw_grad_norm,lr,t0,t1,t2,t3,t4,beta0,beta1,beta2,beta3,beta4
0,0.08146969533707969,0.02069231100413176,0.11123341700294986,,,1.2500000000000002,1.2500000000000002,1.2500000000000002,1.2500000000000002,1.2500000000000002,0.0,0.2817535251253208,0.43404278278030195,0.5310638054044796,0.5987785940560387
1,0.08002867690380869,0.020692211406156198,0.07856250001350418,0.05995379846544603,9.999999999992654e-07,1.250002236606056,1.2500022366057673,1.2500022366051124,1.2500022366032808,1.2500022365927157,1.000240090796651e-06,0.2817545253650918,0.4340437830197447,0.531064805642747,0.5987785940560387
2,0.07928184941119905,0.020672213654143054,0.07302587502636015,0.059660640627470604,0.0002009799999999999,1.2504516770496024,1.250451564162897,1.250451469714004,1.2504514051206053,1.2504513838721383,0.00020197082728960847,0.2819554478032758,0.43424467302568315,0.531265673013653,0.5987785940560387
3,0.08003782076389625,0.020632330512653382,0.0020985419978387654,0.0604982077940706,0.0004009599999999988,1.2513488730725801,1.2513486558475178,1.2513486545729182,1.2513485657129337,1.2513484566773876,0.000603066700369356,0.28235650891762265,0.4346457659172733,0.5316667653830841,0.5987785940560387
4,0.07991325851178577,0.02057265458735855,0.0022081250208429992,0.05978367546801038,0.0006009399999999995,1.2526935756309587,1.252693720648128,1.2526940853078383,1.2526940479548228,1.2526938681843516,0.0012039683035738095,0.28295759418933697,0.43524696358752935,0.5322679962653646,0.5987785940560387
5,0.07652298800574502,0.020493458724083247,0.0022204589913599193,0.058673003915980786,0.0008009199999999984,1.2544857677588035,1.254484816068073,1.2544845130587507,1.2544835080622607,1.2544822902784216,0.0020043123731087026,0.2837575192336956,0.43604663798812093,0.533067383348243,0.5987785940560387
6,0.07726001348458994,0.020394908983015544,0.0022845829953439534,0.05860081622782601,0.001000899999999999,1.2567262409343272,1.256722754974639,1.2567205285838348,1.2567176637374609,1.2567146876528723,0.003003973844406627,0.28475627928542974,0.4370447031755103,0.5340648688457118,0.5987785940560387
7,0.07790846961197179,0.02027718890141518,0.002053666044957936,0.059609825800123424,0.0012008799999999997,1.2594192697711326,1.2594095619805612,1.2594029130054338,1.2593963662958634,1.2593901250432062,0.0042043689034558735,0.28595437116101086,0.43824125627826555,0.5352602464693396,0.5987785940560387
8,0.07869228295298411,0.02014045249909671,0.001974084007088095,0.059413163654178286,0.0014008600000000003,1.2625643865952618,1.262548458688452,1.2625356781966943,1.2625238331104318,1.2625131241839758,0.005604791159009608,0.28735273710787396,0.439637463725083,0.5366547797629192,0.5987785940560387
9,0.0732447214205784,0.01998555761891149,0.002024458022788167,0.055820675363850575,0.0016008399999999992,1.2661520493109577,1.2661278694742575,1.2661067009922846,1.2660869153341614,1.2660693046933937,0.007200110414986864,0.288945682182299,0.4412273819540999,0.5382422453258313,0.5987785940560387
10,0.08540029291474062,0.019811504755258245,0.0020095419604331255,0.06272160287239154,0.0018008199999999981,1.2702078665685383,1.2701756533429427,1.2701483241340799,1.2701229522074182,1.2701006346571706,0.009001466285868544,0.29074532313185625,0.44302470174907604,0.5400378334201715,0.5987785940560387
11,0.07400165165834093,0.01961999594421824,0.0020391669822856784,0.05703395233885617,0.0020007999999999988,1.274712878420703,1.2746687772399499,1.2746299904920602,1.2745934257211748,1.2745610151582802,0.01099903573764384,0.2927405064463852,0.44501566332937076,0.5420253962859745,0.5987785940560387
12,0.07173986720430342,0.019411667634246926,0.0020475839846767485,0.05657387339433272,0.0022007799999999994,1.2796692984492395,1.2796045591030762,1.279546268506439,1.279490554058983,1.2794398206638375,0.013192672740015527,0.29492941290266134,0.4471975078622891,0.5442014744451263,0.5987785940560387
13,0.07308995334456757,0.019186622522529256,0.0020172499935142696,0.05658428642943657,0.002400759999999999,1.2850773685379735,1.2849892015169924,1.2849082375094847,1.2848288641287573,1.2847545802462637,0.015581712401321746,0.2973143103433218,0.4495740428352446,0.5465710259846731,0.5987785940560387
14,0.07638318704682877,0.018944696178996485,0.0020275830174796283,0.05807045655631449,0.00260074,1.2909473753305043,1.290836122301752,1.2907341891856317,1.2906305381518353,1.290530180733944,0.018169813353256306,0.2999006386164721,0.45215224836240586,0.5491423017010815,0.5987785940560387
15,0.0777977189052259,0.01868650895445872,0.00205183302750811,0.05852097516973408,0.0028007199999999996,1.2972880427866764,1.297146979776983,1.2970210921003011,1.2968895496946342,1.2967590927001684,0.020959706153319962,0.3026885082354645,0.4549306415619362,0.5519127879770758,0.5987785940560387
16,0.07325618965813585,0.0184132717162234,0.0019732919754460454,0.05756562288089066,0.0030007000000000002,1.3040994820536338,1.3039126602023996,1.3037518711632055,1.3035807405216886,1.3034083161760734,0.02395015426552341,0.30567334675544106,0.45790202204643515,0.5548728658473607,0.5987785940560387
17,0.07432627615586374,0.018125326949307595,0.00195612502284348,0.057771889784382816,0.00320068,1.3113856216213289,1.3111411819010494,1.3109349596126094,1.310712119861741,1.3104850810492403,0.027141207175611255,0.30885789780947664,0.4610692403392936,0.5580254341962922,0.5987785940560387
18,0.07556710173853552,0.01782313668919263,0.001966457988601178,0.05784153604988281,0.0034006600000000007,1.3191514931441441,1.3188335242945686,1.3185754441969038,1.3182934176399252,1.3180026190404364,0.030533721267627736,0.3122422393913556,0.4644335646652322,0.5613731538676104,0.5987785940560387
19,0.07447020545113152,0.017507827284268033,0.0020186250330880284,0.05655579715425025,0.0036006399999999996,1.3273893061691602,1.3269833912563722,1.3266614618212664,1.3263087333592127,1.325944120926079,0.03412281499194047,0.3158228111251506,0.4679895594903771,0.5649092963871518,0.5987785940560387
20,0.07534884757618837,0.017179608244731172,0.0019766659825108945,0.05801361136087726,0.0038006199999999993,1.3361191974060815,1.335606006585564,1.3352057560553197,1.3347653511571709,1.334309404265784,0.03791615481958717,0.3196061525831588,0.4717429619254728,0.5686382450380242,0.5987785940560387
21,0.07282017284942054,0.016840194099045008,0.0020155420061200857,0.05555687625223478,0.0040006,1.3453217718829853,1.3446783010635588,1.3441813710702222,1.3436356981574737,1.3430723996895326,0.041902634630508244,0.32358093896739665,0.475680905027453,0.5725467929200418,0.5987785940560387
22,0.07401602351560334,0.01648965405912925,0.002059083024505526,0.05627490820160237,0.004200579999999999,1.3550078032175532,1.3542169759830665,1.3536075958088534,1.352939876557209,1.3522534880919335,0.046085858549173145,0.3277544794724832,0.4798117094283485,0.5766437759846005,0.5987785940560387
23,0.07037065512678244,0.016130011305352875,0.0020115000079385936,0.05488308297089789,0.0044005599999999995,1.3651747560382612,1.3641968821479569,1.3634428039170787,1.3626240733771957,1.3617885974451294,0.05046228175406858,0.3321152290889132,0.48411822764690726,0.5809081349326058,0.5987785940560387
24,0.06970245343653807,0.015761813764558468,0.002003124973271042,0.05440842158447936,0.004600539999999999,1.3758202381607223,1.3746209369702849,1.373694479464029,1.3726961504788229,1.37168292331592,0.05502921878732602,0.3366644878568077,0.4886034036630265,0.5853434576762391,0.5987785940560387
25,0.06841363911719928,0.015386356192533453,0.0020135000231675804,0.05280892832575168,0.00480052,1.3869289633468938,1.3854717308508506,1.3843468357717037,1.3831417372776833,1.3819239826975371,0.05977837177866489,0.3413944399340754,0.49325968689455785,0.5899426554349068,0.5987785940560387
26,0.07100488023068995,0.015003732195816818,0.0019693750073201954,0.05425366144009719,0.0050005,1.398532924163324,1.3967704942096195,1.3954130893452097,1.3939700361981469,1.392520768683607,0.06472208874026834,0.3463148838712756,0.49809427146963875,0.5947115731854609,0.5987785940560387
27,0.07189171250712313,0.014614584629819833,0.002052708005066961,0.054152458658955425,0.0052004799999999995,1.410639640705353,1.4085178572168073,1.406894740347227,1.4051889725678226,1.403487475645635,0.06986060631951388,0.3514258467614842,0.5031074509115069,0.5996522543688183,0.5987785940560387
28,0.06728137267320572,0.014220917705110818,0.002069333044346422,0.052437267923997284,0.00540046,1.42323084543919,1.4206900214823115,1.418752233634813,1.4167360232681456,1.414740860487909,0.07518448810492875,0.35671683310190816,0.5082836468039998,0.6047427758926794,0.5987785940560387
29,0.06813769223528211,0.013822958805255988,0.0020201249863021076,0.05267131787719183,0.00560044,1.4363172036284824,1.4333017438464046,1.431000655233277,1.428625938172863,1.4262936557006851,0.08069615665122819,0.3621945966410461,0.5136302945858033,0.609991071683608,0.5987785940560387
30,0.07139548776392332,0.013420351546066751,0.0019955000025220215,0.05378623291723928,0.00580042,1.4499240648921219,1.4463819262841293,1.4436746073025621,1.440903523388423,1.438202126005368,0.08640537816875699,0.36787260417869744,0.5191628059085576,0.6154154799690744,0.5987785940560387
31,0.06348097237196523,0.0130176088990725,0.0020217500277794898,0.04940875186565953,0.0060003999999999995,1.46399273096212,1.4598305723472054,1.4566390197811194,1.4534060256000192,1.4502856726827582,0.09228183627031311,0.37370528666877506,0.5248234167679147,0.6209490276379355,0.5987785940560387
32,0.06458206315638079,0.012613938973529165,0.0019944169907830656,0.05106029326231577,0.00620038,1.4785629284750836,1.4736946834177744,1.4699385060569834,1.466164995981641,1.4625579536784379,0.09834308787097328,0.37971626604035674,0.5306360177918631,0.6266131750451454,0.5987785940560387
33,0.06380359152964037,0.012211161483569245,0.0019857080187648535,0.04941120412305788,0.00640036,1.4936193232055788,1.4879249734526045,1.4835230408863045,1.4791408974312938,1.4749923936846052,0.10457934242636921,0.38588544553663695,0.5365793043643,0.6323886768977766,0.5987785940560387
34,0.06568298184332898,0.01180856463944877,0.001995875034481287,0.05029055095298766,0.00660034,1.5091821133062515,1.5025714488304285,1.4974407304786619,1.4923767823212626,1.4876314304592986,0.1109990743140148,0.39223541635387765,0.5426766384230253,0.6382981820736081,0.5987785940560387
35,0.06401317695286948,0.011407702505311004,0.002022832981310785,0.049166345685356654,0.00680032,1.5252463258690867,1.517597207991473,1.5116531621959008,1.5058393620725352,1.5004428919741857,0.11759496988836451,0.39875000398640104,0.548910491630571,0.6443252607415303,0.5987785940560387
36,0.06450398338207151,0.011008897430504212,0.0023962079430930316,0.04952782990578328,0.007000299999999999,1.5418309892866622,1.5330162658795683,1.5261638139617557,1.5195140342571631,1.5133982675429745,0.12437571377375242,0.40543952391216165,0.5552885201764042,0.6504730191679559,0.5987785940560387
37,0.06437680819717966,0.010612238719941637,0.002299124957062304,0.04863831211218328,0.00720028,1.5589115272843046,1.5488453898966523,1.5410047162953033,1.5334512470139057,1.5265617166328156,0.1313289258737402,0.4123092587433587,0.5618224446197183,0.6567593201106212,0.5987785940560387
38,0.06283068576066461,0.010220383264653044,0.001975832972675562,0.04748518931684981,0.0074002600000000005,1.576496690255594,1.5650133610037242,1.556072529970462,1.5475279884500208,1.5398025302589757,0.13845099604090483,0.4193295704841752,0.5684703714072871,0.6631345097065141,0.5987785940560387
39,0.060269114695613614,0.009835709127521445,0.0020427919807843864,0.04477124280059616,0.007600239999999999,1.5945323103292333,1.5814419597435048,1.5712791257658751,1.5616678121324445,1.5530652659070328,0.14571547975443253,0.42646560507560366,0.5751926621270552,0.6695595139839173,0.5987785940560387
40,0.06259855680011184,0.009456151463200703,0.002189209044445306,0.04633920749715689,0.00780022,1.613057446486358,1.5982352306609748,1.5867401099881588,1.5759789312637789,1.566441494190525,0.1531412104340384,0.43376571746541104,0.5820455362094258,0.6760920364347442,0.5987785940560387
41,0.058304484976299344,0.009084196311717533,0.0023120830301195383,0.044172836243154386,0.0080002,1.632032739185544,1.6153168707608765,1.602356104612948,1.5903506690128717,1.579812548151879,0.16070864486995096,0.4411973266903673,0.588987447346243,0.6826851076349134,0.5987785940560387
42,0.05924410378635486,0.008720270492733124,0.0020416249753907323,0.0443589272906139,0.00820018,1.6514945560137102,1.6326817536479088,1.6181148844675253,1.6047709666519894,1.5931734198841967,0.16842598356128596,0.4487598053308703,0.5960151002819803,0.6893347332641755,0.5987785940560387
43,0.05692512709343331,0.00836505443529423,0.0020096670486964285,0.04335642414150238,0.00840016,1.671420326876706,1.6503313064093994,1.6340025946360517,1.6192201249923732,1.606500043876374,0.1762823852262151,0.4564521459453708,0.6031237036542145,0.696033753225412,0.5987785940560387
44,0.05897261157833311,0.008019405807847569,0.002053790958598256,0.04292438158852475,0.00860014,1.6918270987216673,1.6682214574004812,1.6499814121081815,1.6336844248094242,1.6198032482647398,0.18428178176684396,0.4642609790898583,0.6102986972566279,0.7027718357298203,0.5987785940560387
45,0.054419379832870124,0.0076855801969752495,0.002010375028476119,0.03922984013875088,0.00880012,1.7125878454635135,1.6862782252608892,1.6659632487228735,1.6480695034611998,1.6329924127034163,0.19237199945074476,0.4721475556629787,0.6174978451569366,0.7095030579454545,0.5987785940560387
46,0.05796129648844468,0.007361850193774463,0.002015832986216992,0.04211299237817958,0.0090001,1.733841584754756,1.7045868418420502,1.6820305745543034,1.6624474817873012,1.6461266531724155,0.20060949528662284,0.4801631121818784,0.6247716400546002,0.716275946798799,0.5987785940560387
47,0.056583305474922296,0.007049471960825194,0.002232041966635734,0.0407203690035422,0.009200080000000001,1.7555572136322735,1.7231067386009495,1.6981373478848565,1.6767796862579079,1.6591712831555112,0.20897661020982916,0.4882879317642003,0.6320984899491662,0.7230696131005655,0.5987785940560387
48,0.05387610748095482,0.006750612515561164,0.002224540978204459,0.038733760661215935,0.00940006,1.7776900058008158,1.7417461077960323,1.7141604225272877,1.6909238307224905,1.6719874936900778,0.21745038661963184,0.49648192733583396,0.6394245612299162,0.7298199573819597,0.5987785940560387
49,0.05216317550514561,0.006466076131058399,0.0019361659651622176,0.03671275640264961,0.00960004,1.8001741548351144,1.76046658013019,1.7300791884336275,1.7048960937074906,1.6846200830397202,0.22599957815555546,0.5047212340141844,0.6467322441418795,0.7365186186367184,0.5987785940560387
50,0.05426662442889188,0.006195595211449335,0.0019241669797338545,0.03797813349647569,0.00980002,1.8231180513162033,1.7792779201260176,1.7459063935656347,1.718719070481951,1.697106803852568,0.23465723227793095,0.5130159284732919,0.6540270329906482,0.7431711985951985,0.5987785940560387
51,0.052806463219962935,0.00593957656914337,0.002076250035315752,0.036684224822148746,0.01,1.8464712132320813,1.7981864093862068,1.7616515418709395,1.7324089138073704,1.7094567466236705,0.24340406904896977,0.5213655950990932,0.6613114448913959,0.7497824857000015,0.5987785940560387
52,0.05143639212034297,0.005704071964301536,0.0019855420105159283,0.034330239261838154,0.009999878165711622,1.8696863155901238,1.816728742066584,1.7769319651130406,1.7456581745233022,1.721419665579271,0.25203130163381343,0.5295619254187584,0.6684018162994578,0.7561885777110581,0.5987785940560387
53,0.04934396620439788,0.005489597748453211,0.002247166004963219,0.031222901989467537,0.009999512668784518,1.892637422551271,1.8348289290000606,1.7916625414778817,1.7583884567091732,1.7329190379054562,0.26049577202467616,0.537564469770597,0.6752498991846027,0.7623389760420353,0.5987785940560387
54,0.05141593098190548,0.0052941240967121364,0.00237800000468269,0.03278725845898479,0.00999890352703249,1.9154445147693047,1.8525672347787845,1.8059226243992197,1.7706752344525396,1.7440308742391524,0.2688486998763111,0.5454245893004418,0.6819038212299072,0.7682787341161686,0.5987785940560387
55,0.051419570837992847,0.005117142085834088,0.0019108749693259597,0.03225178470895589,0.009998050770144252,1.9381243274597815,1.869930715037881,1.8197024811810334,1.782536708845355,1.7547865640331606,0.27709271972904437,0.5531330032080815,0.6883533502463028,0.7740025394391394,0.5987785940560387
56,0.04863710876273116,0.00495932453140733,0.001986415998544544,0.02832057742341334,0.00999695443968197,1.9604979437723926,1.886807411283838,1.8329101414512814,1.7938871881789298,1.7651127850136723,0.285164014489066,0.5606293584213698,0.6945381254722397,0.7794498800093284,0.5987785940560387
57,0.05033669212833289,0.004818679420103087,0.001986792020034045,0.029640565202921017,0.009995614589079242,1.982686218910234,1.9032984367893475,1.8456933668526,1.8048945610371911,1.7751746751861792,0.29310046605368056,0.5679567210038704,0.7005205273451692,0.7846962390313209,0.5987785940560387
58,0.05210631903654579,0.004694122112223944,0.001940749993082136,0.03077081853052818,0.0099940312836385,2.004787392095444,1.9194827768917224,1.8580989336851574,1.8156024074381434,1.7850147359806339,0.3009390509714336,0.5751534813721492,0.7063317138653759,0.7897683721614911,0.5987785940560387
59,0.04671446666761297,0.00458694330831692,0.002022625005338341,0.025865251908432897,0.009992204600527814,2.0265898981266246,1.9351260126656042,1.869939837208361,1.8258770561536946,1.7945528691800592,0.30858985632152636,0.5820902533379649,0.7118372411246476,0.794538867405487,0.5987785940560387
60,0.050534473139036876,0.004495350488469131,0.002336416975595057,0.026672719581654212,0.009990134628777144,2.0481345381286356,1.9503768035857323,1.8813426752897722,1.8358149078231998,1.8038362780863368,0.31609872211546103,0.58886049848368,0.7171281302570516,0.7990913560365658,0.5987785940560387
61,0.04596965494047986,0.0044194650093987735,0.0020632079686038196,0.023331993329816173,0.00998782146927399,2.069298452575833,1.965093352083783,1.8922310917748406,1.845348424584596,1.812829643176324,0.32340413738003954,0.5953762623218954,0.7221298256270405,0.803356696671625,0.5987785940560387
62,0.04651862953078642,0.004358522920110069,0.001986375020351261,0.021724007307550645,0.009985265234758489,2.0900646549171475,1.979239851904476,1.9025599159988846,1.8545052677536984,1.821596118446882,0.330482459012392,0.6015868131103224,0.7267864260785132,0.8072948336644322,0.5987785940560387
63,0.049787723039982884,0.004310592864434888,0.002047125017270446,0.024445465726806077,0.009982466049817897,2.1105905348791625,1.9930554862447334,1.9125501652837082,1.8634514075680588,1.8302431975389586,0.3374261862837766,0.6076469062876824,0.7312590514945932,0.8110564244762788,0.5987785940560387
64,0.04600613984449417,0.004275524608620807,0.0024271250003948808,0.020444223477645428,0.009979424050880543,2.1307199202662153,2.0063555166747538,1.9221028077069338,1.8721565992051545,1.8387860130020646,0.3441470991980689,0.6134212948338854,0.7354289309458498,0.8145453773370164,0.5987785940560387
65,0.049910573215439506,0.004252235129495964,0.002189250022638589,0.023832303339743666,0.009976139386209164,2.150686420784805,2.0193701616678057,1.9313254473451036,1.8806365011261919,1.8471832560463315,0.3507484081173702,0.6190455131577697,0.7394073706859542,0.8178417181742926,0.5987785940560387
66,0.04846379220555302,0.004240006699047379,0.0020308340317569673,0.018812388990229228,0.009972612215893682,2.170209410713933,2.0319776170442188,1.9401978601771006,1.8889887093560895,1.855596859139639,0.35711921671127583,0.6244089436893943,0.7431039094914433,0.8208912855335937,0.5987785940560387
67,0.0473472444848304,0.00423802308562601,0.002433208981528878,0.018706712575750666,0.009968842711843402,2.189341859789148,2.044190356203844,1.948691025159835,1.8971463242004094,1.863936403243305,0.36328081076940155,0.6295220756954081,0.7465206027665435,0.8236839499845592,0.5987785940560387
68,0.04512037447814323,0.004245025811251338,0.001947666984051466,0.015839339366400355,0.009964831057778631,2.2079654792743897,2.0558452546204373,1.9567812919920766,1.9051105481690525,1.8722312620399446,0.36918364000555776,0.6343016410094846,0.7495943533960354,0.8261711778904723,0.5987785940560387
69,0.04389579818752242,0.004259360228972643,0.0020425000111572444,0.013190139646819001,0.009960577449221733,2.2259581560729673,2.0669303063291427,1.964463211073893,1.9129185645445848,1.8805371328435492,0.3747774374764743,0.638701888714169,0.7522872845471247,0.8283291595729517,0.5987785940560387
70,0.045150017623803246,0.004280236072797661,0.002126541978213936,0.0150004208053406,0.009956082093487582,2.24350004354713,2.07758448831001,1.9718181665415726,1.920603181014833,1.8888415450550629,0.3801428191302387,0.6428196181861305,0.7546852720651894,0.8302274851917224,0.5987785940560387
71,0.04400968702245116,0.004305439831131587,0.0023618339910171926,0.010531529233525176,0.009951345209673482,2.260326926351057,2.087700638555999,1.978820232766662,1.9282210238774398,1.8972354875029822,0.38517088228959667,0.6465402397125718,0.7566976402417709,0.8318070433257706,0.5987785940560387
72,0.04845944419135313,0.0043351337976727,0.0018949999939650297,0.014664219923658534,0.009946367028648461,2.2767981599773055,2.097489270903532,1.9856359639111278,1.9358801368110858,1.9057852598188072,0.3900133401649785,0.6500337576925955,0.7584766838368072,0.8331990273335668,0.5987785940560387
73,0.04572972259552992,0.004367478785923224,0.00195462501142174,0.01122059793741493,0.009941147793042041,2.2927140262644228,2.106836265362619,1.9921684905495136,1.943534531444474,1.9144723391363612,0.3945893071195545,0.6532065586623431,0.7599393059998835,0.8343335832080973,0.5987785940560387
74,0.04721909903631505,0.004401578941504232,0.0021176660084165633,0.010603528289612576,0.009935687757232404,2.3080709353434954,2.1158239923195103,1.9984840664172576,1.9511907934951618,1.92329283302437,0.3989061603637003,0.6560883976829719,0.7611144216680346,0.835228896279019,0.5987785940560387
75,0.04542772507353194,0.0044348567154561145,0.002329541021026671,0.005824821846401688,0.00992998718733399,2.32248298375824,2.12437707153363,2.004563370732527,1.9588835025839204,1.932301782057008,0.4028441860063808,0.6586050047499677,0.7619506818028425,0.835852131673407,0.5987785940560387
76,0.04353085209203361,0.004465177030798046,0.001885916048195213,0.005433462233731098,0.009924046361184534,2.3359052743313575,2.1325579588426242,2.0104170167260076,1.9666689786174938,1.9415940605730932,0.406356926018673,0.6607075778351323,0.7624166657308429,0.8361888573206498,0.5987785940560387
77,0.04478367178190259,0.004492912597439946,0.00198004103731364,0.006942966722997505,0.009917865568331524,2.348683756775468,2.1403095422890734,2.0161060329881018,1.9745243925175253,1.951085938933535,0.4095731139567472,0.6624593809914877,0.7625718206620024,0.8362854956548729,0.5987785940560387
78,0.04395194512765155,0.004517750310164413,0.002277375024277717,0.00668904407961534,0.009911445110018081,2.3608592233849315,2.1476026486750786,2.021584691754709,1.9823813128966428,1.9606878897811897,0.4125306700763789,0.6638920586157957,0.7624248580906631,0.8361376892528897,0.5987785940560387
79,0.04819261026922243,0.004540010735089066,0.0021932499948889017,0.006912438908433137,0.009904785299168283,2.3725027234252525,2.154626156995832,2.0269765456537687,1.9903283879651004,1.9704661894121325,0.4152626464687507,0.6650891260187,0.7620624828919487,0.8358207995289075,0.5987785940560387
80,0.04574372484317822,0.004557881775141316,0.0019294170197099447,0.005498047607895345,0.00989788646037192,2.3834315979108878,2.161421866607976,2.0323237282547097,1.9984656137078618,1.9805149473406323,0.4176944425052792,0.6660007323194492,0.7614608316848864,0.8353429007444695,0.5987785940560387
81,0.04546901436252862,0.004571360769620654,0.0019622090039774776,0.005902859537761056,0.00989074892986866,2.393810111472598,2.167849517706359,2.0375853599427423,2.006712387018691,1.9907729548856354,0.4198845256629316,0.6666222518148174,0.7606103266060699,0.8346855008628012,0.5987785940560387
82,0.04475691508086505,0.004581293101442468,0.002127082960214466,0.006653961017090137,0.009883373055531672,2.403795426499915,2.1740221710476004,2.0427477744827054,2.0150675786796564,2.001212741798495,0.42189339710266255,0.6670195981270313,0.7595502527823449,0.8338745361812703,0.5987785940560387
83,0.04636300014670183,0.004587095552026435,0.0019179999944753945,0.005016489817778018,0.009875759196850664,2.4131658831343334,2.180032025172757,2.0478485525448553,2.023476338721776,2.0117620706121544,0.4236678059282205,0.6672148520380887,0.7583118821000189,0.8329259366414559,0.5987785940560387
84,0.04728558353711531,0.004589081071878848,0.00233354204101488,0.005642556425075161,0.009867907724914365,2.4220439026869554,2.185985962836508,2.0530017763674078,2.0320599709120684,2.022549322423102,0.4252317889239284,0.6672344679724873,0.7569458818082639,0.8319001540424446,0.5987785940560387
85,0.04374102089782224,0.004586578660201956,0.002308459021151066,0.005713517009711034,0.009859819022392443,2.4304789873386654,2.1917479055738065,2.058062202525027,2.04068535435598,2.033454639258776,0.4265914625346546,0.6670218167979796,0.7553750711368328,0.8307178623122647,0.5987785940560387
86,0.045309762074519935,0.004580013900032479,0.0019129589782096446,0.004612029115580643,0.009851493483516844,2.4383414221390525,2.1973327946515213,2.063051990047332,2.0493814111801356,2.0444782611249224,0.4277533342764598,0.6666426146751137,0.7536513540387065,0.8294221718314742,0.5987785940560387
87,0.04684156485978264,0.004569350737868009,0.0021457080147229135,0.005323973570665017,0.00984293151406259,2.4457735380684236,2.202785896669333,2.0680509692286244,2.058271437526935,2.0557846607276153,0.42873528549410633,0.6660824950674799,0.7517800823427959,0.8280395140003497,0.5987785940560387
88,0.046080924220574276,0.0045556253255151875,0.001969332981389016,0.004458476935207935,0.009834133531327996,2.4526696569280726,2.2081706085134734,2.0730663658738235,2.067248911133363,2.0671549634327184,0.42954388073457495,0.6654217528135405,0.7498403474259677,0.8266192152883335,0.5987785940560387
89,0.04702127055533972,0.004537746490747103,0.002298499981407076,0.005236443812660238,0.009825099964114322,2.4589932378573565,2.213497108733246,2.0781837139759736,2.076452591517289,2.078807128219341,0.4301427919937488,0.6646086721024546,0.7478049071423445,0.8251647906368625,0.5987785940560387
90,0.04672753593628316,0.0045172047453837455,0.0020099590183235705,0.004092157567214818,0.009815831252704892,2.464855883237656,2.218631938161917,2.0832882876992005,2.0857272537185407,2.090545344039359,0.4306071675952472,0.663696848882717,0.7456986594763529,0.8236712108873071,0.5987785940560387
91,0.04579110259606744,0.004492828125420212,0.002400500001385808,0.00545452685333786,0.009806327848843626,2.4702595545073356,2.223697559854616,2.088329930707394,2.095038562932306,2.1023528041892714,0.4308869551892765,0.6626141262404392,0.7434353626533299,0.8220630219909404,0.5987785940560387
92,0.04579105473027265,0.0044628933744465075,0.001943790994118899,0.007834113727172312,0.009796590215713018,2.474885089001457,2.2286890545271403,2.0934015025792085,2.1045262446534236,2.1144107672535926,0.4308742185134846,0.6613072376812665,0.7410153866754453,0.8203640447571248,0.5987785940560387
93,0.04536413610347152,0.00443133748062983,0.002120334014762193,0.0046616746577966385,0.00978661882791157,2.4792842179836083,2.233519216894123,2.0984443454885064,2.1140393753319753,2.126506157858572,0.4307815790124953,0.659901427551546,0.7385104127933466,0.818610354646694,0.5987785940560387
94,0.04541251379306216,0.00439777849477501,0.001975833030883223,0.004652507993863806,0.009776414171430657,2.483379701743357,2.2380661565274678,2.1034056679346365,2.1235438622202363,2.138646003363632,0.43058504141540166,0.6583675402367645,0.7359134856911128,0.8167870786754025,0.5987785940560387
95,0.04772947734418509,0.004363538758746301,0.0021958330180495977,0.004526133340733999,0.009765976743630838,2.4872140028423146,2.242621391805835,2.1084891362065146,2.1331774572730815,2.1509147019906134,0.43030890704565483,0.65680731894925,0.7333331443212084,0.8150083718015616,0.5987785940560387
96,0.04236334721467985,0.004326508367315121,0.0019844999769702554,0.005795220492215104,0.00975530705321762,2.4906018597781134,2.246780845765626,2.1134715373729094,2.142756352786641,2.1631919783169082,0.4298816847300218,0.6550595320496034,0.7306170263199901,0.8131253609340329,0.5987785940560387
97,0.0457007683090209,0.004288696390580138,0.002098000026308,0.005085007090657667,0.00974440562021666,2.493718631459439,2.251017275250318,2.1185547001786786,2.1524987785150063,2.17561543303985,0.4293559166398017,0.6532695601309344,0.7278967939608473,0.8112800090565164,0.5987785940560387
98,0.04567278419533006,0.004248376463137334,0.0021129579981788993,0.007321396735068861,0.009733272975948424,2.496234337346803,2.255250059947122,2.123683315101927,2.162388446992252,2.188211737913243,0.4286299898161748,0.6513592047090435,0.7250970378627796,0.8094116525742981,0.5987785940560387
99,0.04435038369927681,0.004207923765385624,0.0024035419919528067,0.0048990177518891,0.009721909663002288,2.498681615233081,2.2593804637454618,2.128786072867338,2.1722983580445017,2.2008516844039807,0.42786002170257537,0.6493702570190418,0.7222422990112365,0.8075170063135364,0.5987785940560387
100,0.04439072561057144,0.004168082758200208,0.002028707996942103,0.00409761592739222,0.009710316235210091,2.500956540398652,2.2634292530354996,2.1337842708283516,2.182117046489716,2.213416284410187,0.42706155712710486,0.6473755452398063,0.7193618732368341,0.8055907505959227,0.5987785940560387
101,0.04612675186136217,0.0041289522230169295,0.0022873329580761492,0.004712943119301463,0.009698493257619149,2.50302457566493,2.2676091430276295,2.1388587221859914,2.191999362705589,2.2259912780711426,0.4262080260323838,0.6454095128925934,0.7165345354464594,0.8037327756893176,0.5987785940560387
102,0.04651004503978989,0.004090750584839114,0.002022499975282699,0.004186133219100804,0.009686441306464712,2.504951546750524,2.271810592070789,2.1439480896931626,2.201852056475345,2.238522112899732,0.4253294517347095,0.6434642409515906,0.713735117625018,0.8019072424168774,0.5987785940560387
103,0.044751440860232944,0.004054288737679869,0.0020712079713121057,0.0038045352506446903,0.009674160969141874,2.506937836618383,2.275957092394356,2.148987642543058,2.2116446392192786,2.250992420098515,0.424495589895531,0.6415664036452549,0.7109772996044972,0.8001161511050332,0.5987785940560387
104,0.04243303960971172,0.004017743052301237,0.001974541984964162,0.004884456459799678,0.009661652844176954,2.508821114864743,2.2799494724667793,2.1539049568182658,2.2213002781736835,2.263341714291606,0.42360710796936324,0.6395663723059539,0.7081274784467284,0.7982485404439307,0.5987785940560387
105,0.049364580233050875,0.003982806227902988,0.002140750002581626,0.004384106265027103,0.009648917541198314,2.510538320302996,2.2841891076785523,2.1589864796724063,2.2310704804150943,2.2757647877342166,0.4227048843164925,0.637693487988845,0.7054264994622219,0.7965318128394575,0.5987785940560387
106,0.04503055887344312,0.0039486468503803236,0.0020424590329639614,0.0035759328501944352,0.009635955680906654,2.512087660663443,2.2881909102242464,2.1640456344271,2.240775659696918,2.288094846673349,0.42178882400837436,0.635813630497281,0.7027431391257516,0.794835873031819,0.5987785940560387
107,0.04567984984622883,0.003916049660070348,0.002136667026206851,0.0037625073438951203,0.009622767895044761,2.513729589657222,2.2921664399038097,2.169107607170157,2.250454571050245,2.3003715028092278,0.4209196607716988,0.633978736913191,0.7001073119605274,0.7931866320359169,0.5987785940560387
108,0.0461911586060213,0.003885841601662374,0.0019847920048050582,0.004741440548130413,0.009609354826366708,2.515651811290828,2.2962017471663985,2.1741991146470694,2.2600743760935704,2.3125416243872388,0.42016234558975035,0.6322547835804833,0.6975736314743779,0.7916200426811879,0.5987785940560387
109,0.042117039897487475,0.0038562187006480914,0.0023296669824048877,0.0035118788505192813,0.009595717128606544,2.5174235292903937,2.300102666662561,2.1792486969967952,2.2696161643568766,2.3246148884516935,0.41938000810790216,0.6305244140953453,0.6950564034463846,0.7900690181098586,0.5987785940560387
110,0.04328157790856295,0.003828231651527529,0.0020231659873388708,0.004385238560861723,0.009581855466446418,2.519444067474735,2.303878052640576,2.184251301495692,2.2790590633420256,2.3365612922420107,0.4186899694231813,0.6288266107850069,0.6925649468326708,0.7885382926211747,0.5987785940560387
111,0.04447705050244029,0.0038011626280376127,0.003804125008173287,0.003113398709061734,0.009567770515484183,2.5213651724891935,2.3076042393888185,2.189158649478749,2.2883955559698523,2.3483824538638234,0.41800334200961486,0.6271647148336603,0.6900915368776646,0.7870209198317007,0.5987785940560387
112,0.04436521984053648,0.003774207244241656,0.002432707988191396,0.004396947697799592,0.009553462962200483,2.523131236741645,2.3114346467232596,2.1941161057386425,2.2977642551019697,2.3602533694584666,0.4172497745161705,0.625483319241388,0.6876378244349532,0.7855399500149439,0.5987785940560387
113,0.045386539963409085,0.0037480331009828094,0.0025080000050365925,0.0036727748212842964,0.009538933503925276,2.5246663343342535,2.3153559711240943,2.1990550558169044,2.307081067049012,2.3720203314472332,0.4164650654032905,0.6238710484346645,0.685239957093307,0.7841041596430509,0.5987785940560387
114,0.04596466039116864,0.003722251827336186,0.002145916980225593,0.0035741804060684724,0.009524182848803865,2.5261435220753667,2.319197420916561,2.2040993083241043,2.3165549488323176,2.383924973490833,0.41566623655716284,0.6222511648402806,0.6828952631025182,0.7827629729578868,0.5987785940560387
115,0.04426569963098517,0.003698096460101034,0.002369791967794299,0.0043593099230990005,0.009509211715762368,2.5278945118286753,2.323053291849856,2.20918996136216,2.3260430875029954,2.3958016025179325,0.414971256552665,0.6207215718005985,0.6806493958501373,0.7815190153521345,0.5987785940560387
116,0.046024192835250666,0.003675051852901802,0.002239457971882075,0.0026296815851979526,0.009494020834472686,2.529602915864295,2.3268256799754314,2.2143215994109657,2.335487769732528,2.407624423180759,0.4143135129523437,0.6192764754628233,0.6785103566268025,0.7803634139375479,0.5987785940560387
117,0.04651600758830722,0.00365358383513464,0.0019994169706478715,0.004625473750340463,0.009478610945316945,2.5315925849187875,2.3306498258801516,2.2195495322964622,2.344935452581844,2.419407693586856,0.4137712608906294,0.617949849568557,0.6764950785569993,0.7793170415034543,0.5987785940560387
118,0.04596984080494596,0.0036332693398489282,0.002012500015553087,0.004683922546326224,0.009462982799351401,2.5338159857207163,2.3346076171763284,2.2249005498561334,2.3545392024189558,2.431308446141589,0.41331493089606725,0.6167359568757141,0.6746167738706434,0.778422464055311,0.5987785940560387
119,0.04607569466671262,0.0036137023332438716,0.002078582998365164,0.0038225675657689567,0.009447137158269843,2.536157619458405,2.338580695537296,2.230266383145155,2.3641591330977145,2.4432116223224822,0.4129101388606055,0.6155725507542883,0.6727874702621456,0.7775843652458261,0.5987785940560387
120,0.04478458421364237,0.003594740986771617,0.002371333015616983,0.0030838863732138844,0.009431074794366457,2.538524041804481,2.3424392718548765,2.2355819990166284,2.373679577696587,2.45500405732142,0.4125344316364387,0.6144287891655504,0.6709820026326078,0.7767620774137399,0.5987785940560387
121,0.044643210179541204,0.0035759913270085484,0.0020742080523632467,0.0028608094316384396,0.009414796490498206,2.5406962091051475,2.346267570406088,2.240912195734492,2.3831994871467472,2.4667727330475038,0.4121259253664646,0.6133140467835834,0.6692356089724716,0.776000436375716,0.5987785940560387
122,0.044246671353627795,0.003558232013340161,0.002548417018260807,0.004406960777986988,0.009398303040046649,2.5431137370069767,2.350046151960009,2.2461943526306136,2.392637845972188,2.4784427873207533,0.4118117378378662,0.6122550571215335,0.6675220229093869,0.7752605172193485,0.5987785940560387
123,0.04327276681207251,0.0035411074160611655,0.002113833965267986,0.003056843713733834,0.009381595246879296,2.5455885576096806,2.3536461443899253,2.251417875552696,2.4019947515610713,2.4899846575789097,0.4115414620171671,0.6112189255974967,0.6658476385873863,0.774554746076025,0.5987785940560387
124,0.04494185726487168,0.0035241617918724487,0.0019527910044416785,0.0028190885071491946,0.009364673925310414,2.547879002949644,2.357274402045852,2.2566537040529786,2.4113275163494454,2.5014728715768557,0.41123568959298235,0.610217230118868,0.6642272841438359,0.773894722943455,0.5987785940560387
125,0.04326656654985123,0.0035071549294480014,0.002262959023937583,0.003203003041222838,0.009347539900061343,2.549902587615403,2.360926616702139,2.261839970602018,2.4205937175684755,2.5128809493969966,0.4108606386311444,0.6092132995797973,0.6626083434656062,0.7732350057195762,0.5987785940560387
126,0.04585330539389959,0.0034911238864376993,0.0020136249950155616,0.004335382922892221,0.009330194006220302,2.5521483671321517,2.3646541913038375,2.2670747200485635,2.429855605527913,2.5242257431575164,0.4105812186329456,0.6083171464605669,0.6610890386899428,0.7726579090246807,0.5987785940560387
127,0.04811658154521456,0.0034754548395711632,0.0022379999863915145,0.003931386257398863,0.009312637089201685,2.5544057058511616,2.3686073302127353,2.272522756618336,2.439363724158263,2.535785882809944,0.4103268349610562,0.6075394588993754,0.6597232587786506,0.772254066910302,0.5987785940560387
128,0.04787260880844421,0.0034609374922928314,0.0020360829657875,0.005633943693873659,0.009294870004704857,2.5570517551055296,2.372522153096667,2.277903263548684,2.448774552577021,2.547273603548789,0.4102146504693412,0.6068584267805018,0.6584295992895451,0.7718935278946456,0.5987785940560387
129,0.04507493098489402,0.0034464840477238623,0.0023583340225741267,0.0035199807286866247,0.009276893618672453,2.559616033875635,2.376626077732697,2.2833226994930502,2.458230859177638,2.5587578828894513,0.41007856933945075,0.6062160574657277,0.6571719708466298,0.7715831374447952,0.5987785940560387
130,0.04449411615230264,0.0034327075951751116,0.0020337500027380884,0.004974105634086881,0.009258708807248167,2.562467434432117,2.3806809936429683,2.288717709776639,2.467642048135129,2.570166797971466,0.41003694077901226,0.6056115710966287,0.6559382801019685,0.7712931483755237,0.5987785940560387
131,0.04527769607205484,0.003418950438323872,0.0020614590030163527,0.003016711024996257,0.009240316456734052,2.565079014073129,2.3848401674147643,2.2941426063640384,2.477029355586867,2.5815049100256715,0.4099458218394262,0.6050531677355281,0.654754935225051,0.7710434304816267,0.5987785940560387
132,0.04404450952007988,0.003405212571539135,0.00207312498241663,0.0020038973971443197,0.009221717463547325,2.5675226092747256,2.3886988661459228,2.2994922557545117,2.486344775419774,2.5927650044216253,0.4098311812356505,0.6044615344834903,0.6535788616418732,0.7708027279599261,0.5987785940560387
133,0.04500200045565039,0.003391776968118258,0.0021122079924680293,0.0031728624356153223,0.009202912734176675,2.569962433164544,2.3926425221802514,2.3047992057523086,2.495543300337286,2.6038821235645426,0.40971807508776403,0.6039000958043206,0.6524200939511804,0.7705600668765062,0.5987785940560387
134,0.04312694468548509,0.0033785558846939215,0.0023243329487740993,0.002841899247702743,0.009183903185138079,2.572437774454874,2.396380091019385,2.3099359469865646,2.5046050474096178,2.6148901333544052,0.409620949006553,0.6032967771367084,0.6512074426011303,0.7702602949922861,0.5987785940560387
135,0.04376288244845644,0.0033653242058897296,0.00207462499383837,0.002012138672171378,0.009164689742930143,2.5747653877313725,2.3998574764888305,2.3149848369763295,2.5136166555076134,2.6258736869543546,0.4095010074107798,0.6026576915831525,0.6499882016786132,0.7699668587646876,0.5987785940560387
136,0.04423030930118016,0.0033524310384764845,0.0022668750025331974,0.0032498524562643285,0.009145273343988932,2.5771539179680194,2.4034104388979176,2.319971913087336,2.522528517662162,2.636784205112642,0.40939969364022494,0.6020479125172274,0.6487794908471741,0.7696643880401227,0.5987785940560387
137,0.047050631827152675,0.0033401983805572237,0.0025094999582506716,0.0032939689786056882,0.009125654934642336,2.5796143487851624,2.4069043202642453,2.3249644574218915,2.5314369490791653,2.647639335543741,0.4093737724849895,0.6015446750623302,0.6476696092145664,0.7694447975485368,0.5987785940560387
138,0.04207240490496507,0.003327977872394718,0.0020195419783703983,0.002047296728146841,0.009105835471063953,2.581957668914268,2.4102067136415974,2.329832063797912,2.540227444798127,2.6584151952003854,0.4093189169903253,0.6009990608400406,0.6465414671024733,0.7692115290872806,0.5987785940560387
139,0.04273253422683869,0.0033154256954913033,0.0020495420321822166,0.002629361445072772,0.009085815919226475,2.5840443186989264,2.4134406067672143,2.3347216793478016,2.5490344936050096,2.6691842753384867,0.4091888867277938,0.6004076218668583,0.6453954599671382,0.7689789395032723,0.5987785940560387
140,0.04667014064633374,0.0033030016183958474,0.0024424170260317624,0.001826286157612235,0.009065597254854615,2.5860573806650002,2.4164235190229686,2.339560416794569,2.557860979490384,2.6800284016663944,0.40906301184478144,0.5998168764217072,0.6442998980268224,0.7688048717960365,0.5987785940560387
141,0.04143952973621534,0.0032906958788543714,0.002053791016805917,0.002494092678903402,0.00904518046337755,2.5880606836174653,2.4193045577649457,2.3442748034582106,2.5664875175467996,2.690669941885021,0.40892383367452173,0.5991683859383368,0.6431297747271494,0.7685442513178495,0.5987785940560387
142,0.043676841430839275,0.0032779462314315656,0.0020396249601617455,0.003119529394873786,0.009024566539880893,2.5898145771130565,2.4222053022826855,2.3490362510698692,2.5751757213348414,2.701365552996883,0.408690807886846,0.5984594204920727,0.6419334922118782,0.7682862208053518,0.5987785940560387
143,0.045674060970075876,0.003265616537827361,0.00198937498498708,0.002882892685189711,0.009003756489058193,2.5916861750314837,2.425065847054528,2.353763777903124,2.5838703898102415,2.712076812001367,0.40851352968770893,0.5977993689702072,0.6407729570249584,0.7680594779224007,0.5987785940560387
144,0.04398799926322719,0.0032534809959679878,0.0023006669944152236,0.0024743755174492345,0.00898275132516197,2.5935637549503374,2.427928375551243,2.3584844668348923,2.5925042369432574,2.72270407573586,0.40834414760338256,0.5971463023042385,0.6396081528917109,0.7678246375236818,0.5987785940560387
145,0.04369836721161967,0.003241558568229702,0.0020505000138655305,0.0022657949795152144,0.008961552071954277,2.595438178482593,2.4307314016803465,2.36320720124285,2.601110449585794,2.7332381592958503,0.40818625077776116,0.5965047208268668,0.6384722068441586,0.7676197355717097,0.5987785940560387
146,0.0441454507883358,0.003229682311314117,0.002001291955821216,0.0023990321984058076,0.008940159762656805,2.59727555333039,2.433563185861333,2.367965775624902,2.6097830392879304,2.7438191469296442,0.4080241376547862,0.5958798635377007,0.6373599393461884,0.7674529581453695,0.5987785940560387
147,0.04298270276332143,0.003217973499723644,0.0020353339496068656,0.0023097127262396247,0.008918575439900538,2.599134274358365,2.4362986719791797,2.372657129847454,2.6184081855013015,2.7543494169783527,0.4078704707374528,0.5952405951315208,0.636240525741411,0.7672800717860028,0.5987785940560387
148,0.04390633808329273,0.0032062773330560346,0.002482375013642013,0.0026784348151740996,0.008896800155674905,2.600977043767602,2.439129802353321,2.377404753530598,2.6270658671674454,2.764894985673363,0.4077057807579083,0.5946064828320561,0.6351245392088916,0.7671226054920657,0.5987785940560387
149,0.04634076747063698,0.0031949739991697815,0.0025081660132855177,0.003097982452066429,0.008874834971276547,2.6028653081707893,2.4421670410099354,2.382175683555699,2.63569148098914,2.7754294465237135,0.40757332371299765,0.5940766088448094,0.6340951084343661,0.7670193610745705,0.5987785940560387
150,0.043314182705699936,0.003183883067871472,0.00253875000635162,0.0019432121327163526,0.008852680957257558,2.6047289651700694,2.445074867258331,2.386858536375136,2.644266662250905,2.785914155739745,0.40745146423573236,0.593554655227947,0.6330837276276938,0.7669312566724454,0.5987785940560387
151,0.04426005627677421,0.0031730132690134527,0.0019683330319821835,0.0015836744827054773,0.00883033919337333,2.6065029435262184,2.447824982882471,2.391504538034614,2.6528135529650907,2.796356532085915,0.40733719345429786,0.5930669990435725,0.6321396702596701,0.7669090159340292,0.5987785940560387
152,0.04325376152543584,0.0031621207823189857,0.0020115840015932918,0.0019121749075532363,0.008807810768529916,2.608168400466498,2.450461591268467,2.3960874927535505,2.6613151678599536,2.8067652688613354,0.4071938595229345,0.5925428749716548,0.631169122547826,0.7668743641410847,0.5987785940560387
153,0.04491658084876042,0.003151695384006275,0.002102833997923881,0.0028538746983034096,0.008785096780730956,2.6099853708683987,2.4528704643292483,2.4005924289070886,2.6697631054826796,2.8170922876946975,0.4071267725972034,0.5920491406250471,0.6302405130203114,0.7668705828016517,0.5987785940560387
154,0.043852778035022605,0.0031412108254187435,0.0024036660324782133,0.0027522334602337753,0.008762198337024175,2.61177683039703,2.4554645951679173,2.4052144399878763,2.6782725845782034,2.8274558676959267,0.4070375088429007,0.5915728218765327,0.6293483185382668,0.7669071702720708,0.5987785940560387
155,0.04585744760928375,0.0031311269799956325,0.0022243339917622507,0.0025983366394361947,0.00873911655344741,2.6136743059507936,2.4579896572784095,2.4097319256545973,2.6866833940726185,2.8377420059026237,0.4069954613773628,0.5911370272420525,0.6284949320737674,0.7669628781159498,0.5987785940560387
156,0.0440790725384749,0.003120789683948398,0.0020219580037519336,0.003054220941313245,0.008715852554974233,2.6152537746702285,2.4606891553734624,2.414296330062137,2.6951331541526176,2.848056734522471,0.40686209414714986,0.5907136196045245,0.627653755454915,0.7670342788030231,0.5987785940560387
157,0.045205038923517536,0.0031104085534830734,0.0022829999797977507,0.0028830793242084216,0.008692407475459107,2.616813663139199,2.463610824551779,2.41897053780505,2.7036917249426575,2.8584620197881385,0.4067159004538512,0.5903287807425781,0.6268480544804801,0.7671490224187563,0.5987785940560387
158,0.04637751283226557,0.003100383380813786,0.0020637090201489627,0.0030311512164770127,0.00866878245758213,2.6184188727908944,2.466700708057013,2.4237340464826733,2.712245595009955,2.8688321593443535,0.4066180587358803,0.5900596525985621,0.6261321447723709,0.7673229474150115,0.5987785940560387
159,0.04404789897067763,0.003090574999977344,0.0024729170254431665,0.002611194097894163,0.008644978652793346,2.6201150647266225,2.469765441955781,2.428477228159276,2.720755331832713,2.8791387332463176,0.4065516781794005,0.5898005082774007,0.6254208627256108,0.7674956628791533,0.5987785940560387
160,0.04639508374449839,0.0030814615593795103,0.0022833749535493553,0.005309635105336232,0.00862099722125662,2.622214839610542,2.472853931198482,2.433232851211672,2.729237279409217,2.8893793423589007,0.40663292591641104,0.5896575021483913,0.6248069823343205,0.7677354652420387,0.5987785940560387
161,0.0439276215635291,0.0030723363996493004,0.0022589159780181944,0.0022341472427433733,0.008596839331793086,2.624263988130176,2.475932079603206,2.4379890960213038,2.7377068504478004,2.8995883933656525,0.4066940716846875,0.5894983856774405,0.6241909145017748,0.7679765269643798,0.5987785940560387
162,0.04246508185512421,0.0030629582320086364,0.002030541014391929,0.002607622529999261,0.0085725061618242,2.6259407950865503,2.4788789431559004,2.4427113582831637,2.746135422907987,2.90973409891172,0.40665793886162865,0.5892861501092141,0.623544259785909,0.7681979456284479,0.5987785940560387
163,0.044075470915395244,0.003053868892051514,0.0023347079986706376,0.0036229308519791278,0.008547998897314337,2.6278793010696235,2.4817555340362794,2.447302271462942,2.7545013730360752,2.9198382368568665,0.4066792006493492,0.589053828221034,0.6228758075994951,0.7683988873407285,0.5987785940560387
164,0.04328851077213677,0.00304525902552351,0.00225875002797693,0.003144109157367798,0.008523318732712993,2.629873247697794,2.483866690836637,2.4514353175643677,2.7625612606516676,2.92977586611913,0.4067509441045829,0.5887350442467327,0.6221713058969529,0.7685596793780578,0.5987785940560387
165,0.04740156072715798,0.0030365550866940138,0.002053417032584548,0.0015292138014548879,0.008498466870896572,2.6316327922835026,2.4858601289583278,2.455602920688231,2.770728729974391,2.9397708962297813,0.4067855460509396,0.588437314538074,0.6215281507560173,0.7688008689671045,0.5987785940560387
166,0.047382479801412275,0.003027640976975768,0.002261459012515843,0.0027986227729457757,0.008473444523109757,2.633289394701856,2.4881454805491354,2.4599249617254597,2.77905144186423,2.9498948059043184,0.4067741958127782,0.5881703697489997,0.6209171236544687,0.7690866085263929,0.5987785940560387
167,0.04379797261150701,0.003018772412026382,0.002011916949413717,0.0018403722219294308,0.008448252908906481,2.6349298234102005,2.4903085417989375,2.4642200150978324,2.7873092445845833,2.959941998854077,0.4067558212380835,0.5878610809231151,0.6202720755940123,0.7693337219780457,0.5987785940560387
168,0.04612077646725371,0.0030097177082524205,0.0022589159780181944,0.0026178878626899904,0.00842289325609048,2.6363086117801453,2.4926384167811,2.4686065663351426,2.7956524604667394,2.970036646268444,0.4066694973867494,0.5875804534385086,0.6196550599663788,0.7696197094653301,0.5987785940560387
169,0.04450663642866682,0.0030007559195208266,0.002125500002875924,0.0020086701402195583,0.008397366800655453,2.637712470208223,2.4949573958021865,2.472978385116304,2.8039577199905765,2.980098924427613,0.4065847977115572,0.5872915795634653,0.6190305959723188,0.7698874019805864,0.5987785940560387
170,0.04499306639442288,0.0029925749884345204,0.0030545840272679925,0.005569327176618673,0.008371674786724825,2.639608928962497,2.497238512262292,2.477226266535228,2.812136560544117,2.9900419930132975,0.40666843243755274,0.5871006001934437,0.6184618705325327,0.7701832014918101,0.5987785940560387
171,0.047188632638393124,0.002984401055053067,0.0025101250503212214,0.0018821291712909605,0.008345818466491113,2.641475257302896,2.499448863438111,2.4814857392986056,2.8203948262340552,3.0000601725969283,0.4067496779355418,0.5869171144784827,0.61794051931961,0.7705378919935537,0.5987785940560387
172,0.04504835540173904,0.0029761908715306884,0.0020266660139895976,0.001411584139370222,0.008319799100154882,2.6431798730405665,2.5015393756433126,2.4857042425307183,2.828624915472891,3.0100687801061796,0.4067940172333592,0.5867131430058821,0.6174167467953859,0.7708954316874742,0.5987785940560387
173,0.046473724042419576,0.002967692549393554,0.002302541979588568,0.001930530692730186,0.008293617955863345,2.644663538432885,2.5035106128283577,2.490105868162111,2.8370973309119973,3.0202902411897194,0.40679592158995037,0.5865013900439865,0.6169434828001827,0.7713403800735571,0.5987785940560387
174,0.04294981537311365,0.0029589772813685116,0.0020343749783933163,0.002859108779684154,0.008267276309648533,2.6457932922479515,2.50548645834894,2.4944879806344673,2.8455350751857105,3.0304261653287297,0.406692230429941,0.586252094929107,0.6164600251719102,0.7717777785081474,0.5987785940560387
175,0.04322051506984215,0.0029501386314165624,0.0020690829842351377,0.0025438502660118495,0.008240775445365122,2.646643523181889,2.507303642042178,2.4987801013709463,2.853839317954313,3.0404417602195104,0.40650214432176823,0.5859259406324807,0.6159223435590734,0.7721579224100513,0.5987785940560387
176,0.04353259871870458,0.002941151987307783,0.0020257500000298023,0.002074869539578161,0.008214116654627854,2.6473079631611602,2.5090106595832333,2.503126368121283,2.8622300627666686,3.0505006360904234,0.40626493079008225,0.5855667184990879,0.6153844887902356,0.7725605426106722,0.5987785940560387
177,0.04532081543678076,0.002932515243231731,0.0022457080194726586,0.003488886043257348,0.008187301236748575,2.648308247601591,2.5107708776898243,2.5074582121393294,2.870548649470776,3.0604905522201955,0.40611052603239894,0.5852183877323617,0.614829658174867,0.7729384123025151,0.5987785940560387
178,0.043624490181359644,0.0029242599322738022,0.0026290839887224138,0.0033337575096993523,0.008160330498672923,2.649586925823997,2.512492077118521,2.511788239726045,2.878826688258966,3.0704116987630274,0.40604528325856626,0.5849082429879315,0.6143061812746518,0.7733298789665939,0.5987785940560387
179,0.04385298431399331,0.002915975268459861,0.0022112500155344605,0.0026627788726572023,0.00813320575491662,2.6505083405582432,2.514177430209373,2.515968332288031,2.8869706145336114,3.080212697435203,0.40589042218524235,0.5845831063448287,0.6137571826325784,0.7736895621513884,0.5987785940560387
180,0.04508413368843392,0.0029076485954313397,0.0020017080241814256,0.0021620224625753786,0.008105928327501413,2.651315797981444,2.5160069237734652,2.5202888303783406,2.8951728965730754,3.0900401034726594,0.4057073601144629,0.5842849240885487,0.6132399809094942,0.7740821584107651,0.5987785940560387
181,0.044012669783878716,0.002899911578544743,0.001986499992199242,0.0028264446092584133,0.008078499545890629,2.6523643536744603,2.517589931163811,2.524322522594065,2.9031174348415734,3.0996792979596184,0.40562204659183526,0.5840117180866521,0.6127155436708871,0.7744435170077422,0.5987785940560387
182,0.04281280625582243,0.002891711551305067,0.002042250009253621,0.006132034722065647,0.008050920746924387,2.6527143174088472,2.519040895379655,2.5281794613342625,2.910962356947214,3.109228892355019,0.4053190494241243,0.583605275205073,0.612087905720693,0.7747336728027262,0.5987785940560387
183,0.04735389265767349,0.0028841471273111656,0.0024145839852280915,0.005690388221282041,0.008023193274754443,2.6536460033780203,2.5206929254708097,2.5321181379342237,2.918819340836112,3.1187515123280383,0.4052031243675064,0.58333995417165,0.6115468555686906,0.7750758940213118,0.5987785940560387
184,0.04217372972202421,0.00287673645699309,0.0020083329873159528,0.0026453400302248464,0.007995318480778672,2.6547526836992463,2.5224594100072406,2.5360564952640954,2.926589628967218,3.1281755592386506,0.4051115607779058,0.5830550252761627,0.6109595092083203,0.7753662349206099,0.5987785940560387
185,0.04511146072884503,0.002869072042830175,0.0019797910354100168,0.003108885726028428,0.007967297723575205,2.65551970365396,2.524201139057061,2.5400108574426703,2.9343927105016245,3.137617959849562,0.40491296956219625,0.5827072501785099,0.6103320600995786,0.7756379600027021,0.5987785940560387
186,0.04250150100840731,0.0028615243799559246,0.0023252080427482724,0.0014822350199698072,0.00793913236883622,2.656266841516342,2.5258953842725598,2.5439013883108625,2.942109183047852,3.1469768180988518,0.40470502705540246,0.5823367542392132,0.6096790758789254,0.7758756155431364,0.5987785940560387
187,0.04474270319652548,0.002854135394125771,0.0020373340230435133,0.002303983942055299,0.007910823789301368,2.656733849475535,2.527328093787855,2.5475313888687214,2.949601959721413,3.1561078557696116,0.40443612368506426,0.5819343878205171,0.6090209859141559,0.7761067429880688,0.5987785940560387
188,0.04344082217522755,0.0028473189972344766,0.0022902920027263463,0.003013572907749699,0.007882373364690881,2.6575138932949063,2.528618793443407,2.5509319280822886,2.9568168725455886,3.164973471441745,0.40426968141552705,0.5815604983578025,0.6083685453641964,0.7763049460579298,0.5987785940560387
189,0.04479543257287411,0.0028404690617800615,0.002327541005797684,0.0022743818104037075,0.007853782481638316,2.6582063726000076,2.5301682553189653,2.5544476748207523,2.9640974410113725,3.1738932578148984,0.40407068479486863,0.5812227833452727,0.6077393740497875,0.7765179483024867,0.5987785940560387
190,0.043464512632804535,0.0028337184393169654,0.002097749966196716,0.0014272792297831413,0.007825052533622976,2.658886467931757,2.5314126848489478,2.5579612768622857,2.9714165479888774,3.1828203935268724,0.40389404430363535,0.580864204403058,0.6071247496263813,0.7767460768784297,0.5987785940560387
191,0.04362027139516276,0.002827196201413249,0.0024807090521790087,0.0009829902454789388,0.007796184920902,2.659457602893468,2.5324487717300945,2.5613740669228786,2.9786096917204317,3.191593003162169,0.4037210390477839,0.5805251816390229,0.6065538644952,0.7769981539514664,0.5987785940560387
192,0.04409584739036237,0.002820905375837513,0.002309250005055219,0.0020862891887842823,0.007767181050442099,2.6601875752078774,2.533546274454823,2.564772978529363,2.9857377750354805,3.2002773922537444,0.40359528251535987,0.5802116051794468,0.6059756149463749,0.7772283915448369,0.5987785940560387
193,0.042224276813428045,0.0028149521941628138,0.0020749999675899744,0.002961876413111999,0.007738042335851005,2.6611768588116584,2.5343786281933394,2.5680274796828306,2.9927311702051584,3.2088360671931024,0.4035538693784326,0.5798830913407294,0.6053927395768061,0.7774384163460026,0.5987785940560387
194,0.0457847102305522,0.002809135007827095,0.0020920000388287008,0.0011532873569020088,0.007708770197308559,2.6621381558062898,2.5350713987346807,2.5712673927468797,2.999716495115211,3.217340170319593,0.4035282590526915,0.5795798598888287,0.6048703994816903,0.777703369057145,0.5987785940560387
195,0.04327514322794675,0.0028034959146922126,0.0024078749702312052,0.0032541871691042783,0.007679366061497494,2.663373699375018,2.53563682626765,2.574533300872287,3.006694236472328,3.225820601519295,0.40357960326325715,0.5792581394373842,0.6043332615818687,0.7779539604259742,0.5987785940560387
196,0.043508191934800114,0.002798113297824293,0.002031959011219442,0.001606026715411858,0.007649831361533909,2.6646505661207596,2.5360308857066016,2.5775437981364555,3.013472092527074,3.2341169814473254,0.4036495211696808,0.5789189409876337,0.6037631012788054,0.7781711402544977,0.5987785940560387
197,0.04233113612241499,0.00279273419060957,0.0021097090211696923,0.0015964126742494796,0.0076201675368974126,2.665818825137074,2.536635718201786,2.580610385458753,3.0202532630339496,3.242389194428627,0.4036876683075828,0.5786094362606816,0.6031927389703233,0.7783930334340148,0.5987785940560387
198,0.04538655583489487,0.00278719425907724,0.0019985000253655016,0.001839115030327241,0.007590376033360965,2.6669383724990463,2.537399341236477,2.5838470986273103,3.0272209337182603,3.250836505212599,0.40369391400828186,0.578298263311639,0.602642800619163,0.7786581868919774,0.5987785940560387
199,0.04498641530284399,0.0027817125922694947,0.002359542006161064,0.0017855452246633846,0.007560458302920422,2.6680546640707403,2.5383100020331537,2.587179661692693,3.03426861133532,3.259345165016722,0.40371022579118243,0.5780500873906812,0.6021575813200002,0.7789795431363077,0.5987785940560387
200,0.04376985788490914,0.002776455200560961,0.002425165963359177,0.002083004390432043,0.007530415803723761,2.6692609747664355,2.5389676139647075,2.5904143109220623,3.041233005954067,3.267773705594281,0.40377785867565497,0.5778027649155908,0.6016807192640182,0.7792955130012493,0.5987785940560387
201,0.0440799733275428,0.0027713603453281854,0.002099082979839295,0.0014913237641829347,0.00750025,2.6702995149577076,2.5393623635304015,2.593384071037317,3.0479345774407114,3.275954206794773,0.4038022679078288,0.5774977327574023,0.6011630598504065,0.7795593977720597,0.5987785940560387
202,0.04477941612217751,0.0027661337511023253,0.0020482499967329204,0.0023746416995333143,0.007469962361987863,2.6711032522062097,2.5400120438660196,2.596461347421935,3.0547584197003532,3.2842138729318684,0.4037521511037184,0.5772181377956543,0.6006694219070857,0.7798574588785108,0.5987785940560387
203,0.04683367054323937,0.002760950178453584,0.002033833006862551,0.002405809474840981,0.007439554365864094,2.6720486793965668,2.540827254804629,2.5996928715356513,3.061704267002724,3.292619215312108,0.4037384773147999,0.5769857689922245,0.6002236615748804,0.780192470740313,0.5987785940560387
204,0.04412194664794123,0.0027558727801654205,0.0021576660219579935,0.002217691280596781,0.007409027493671525,2.6727199923548346,2.541451342602448,2.6027218667081913,3.068419801127354,3.300689566089884,0.40364908015374484,0.5766927472707293,0.5997357702016259,0.780476969541145,0.5987785940560387
205,0.043272013738948886,0.0027512528292519844,0.0020848329877480865,0.002622399157580192,0.007378383233246842,2.673562353976801,2.5416818760557063,2.6054418943087088,3.0747799642151783,3.308248077213359,0.40363446600176783,0.576386079846092,0.5992568534502976,0.7807430675385777,0.5987785940560387
206,0.042603368739340834,0.0027473183693023425,0.0020729999523609877,0.004820362233347536,0.007347623078148061,2.6748092128837238,2.5415494098095075,2.6077423276121543,3.0806806942159337,3.3152141630709453,0.40377568439051204,0.5761376761582343,0.5988321606308917,0.7810056866259225,0.5987785940560387
207,0.04658996476783757,0.0027434273121220844,0.0021072920062579215,0.0015948212516423085,0.007316748527581749,2.6760525527388865,2.541548493709945,2.6101022534117404,3.086682557814552,3.3222592958971346,0.403930970126459,0.5759655235732982,0.5984902487563597,0.7813425358006276,0.5987785940560387
208,0.04624082256613177,0.002739793033032446,0.0020405419636517763,0.0022563836415427636,0.007285761086329943,2.67738725978427,2.5414192723437417,2.6123105457614995,3.0925736590687087,3.329157742320209,0.40414413528727905,0.5758500091179997,0.5982018435193553,0.7817118843520628,0.5987785940560387
209,0.04300365646617575,0.0027364624602789285,0.002034209028352052,0.0031081414867070627,0.007254662264676809,2.67891148726698,2.5410636756921345,2.6142145469559868,3.0981820252901136,3.3358472476613947,0.4044179487766113,0.5757097717635229,0.5978505950350467,0.7819977124176662,0.5987785940560387
210,0.04543112228061236,0.002733167040236822,0.002380334015469998,0.0011540842075204057,0.007223453578335045,2.68022939914024,2.5405527772935663,2.6160351727344224,3.1036853482481983,3.342330656856236,0.4046456567003105,0.5755495580856627,0.5975180114388587,0.7823017301888752,0.5987785940560387
211,0.04416786661555614,0.0027299691228063823,0.0024617090239189565,0.0034587512560834126,0.007192136548371993,2.6817977301014015,2.5400914940795714,2.617937665186345,3.109242790387023,3.3488735341252003,0.4049456802161353,0.5754221080885717,0.5972109766987852,0.7826212153206711,0.5987785940560387
212,0.04396155330438525,0.002726613256188797,0.0023600420099683106,0.0013206889410589857,0.00716071270113551,2.683240537323474,2.539810115468548,2.6199568674226574,3.114907638126546,3.3555162151425573,0.4051877973925149,0.5752726388961412,0.5968835320613528,0.7829493996157962,0.5987785940560387
213,0.04395456313240935,0.002722928016475585,0.002359915990382433,0.0026375301348906385,0.007129183568179581,2.68448563020907,2.5399020542596396,2.6222172638299983,3.12079626753609,3.3624093523075125,0.4053229318343996,0.5750706905336377,0.5964905435585025,0.7832550084018294,0.5987785940560387
214,0.04255219808850913,0.002719304146097212,0.002346333989407867,0.002170010604882829,0.007097550686189664,2.685846724189129,2.540073854548362,2.6245211379966076,3.1266905459219436,3.3693030490538516,0.4054820926596996,0.5748805750329176,0.5961093849990982,0.7835707769325173,0.5987785940560387
215,0.043544390309172724,0.002715944107074155,0.0020247080246917903,0.003200746398815397,0.007065815596907797,2.687423742387606,2.540232711278827,2.6266817384341103,3.1324684193600194,3.3760430184017975,0.40571679779661557,0.5747426697902875,0.5957518867962581,0.7838928576164895,0.5987785940560387
216,0.04359187758656037,0.002712673558153969,0.002234750019852072,0.0009362603252572321,0.007033979847057464,2.6888049180339175,2.540253177550136,2.628657985566745,3.138079520735371,3.3825582775850247,0.4059086188666516,0.574582967011072,0.5953691198097676,0.7841862977657192,0.5987785940560387
217,0.04522017683280017,0.0027092794642118953,0.0020850840373896062,0.0014751439408251996,0.007002044988268195,2.6900895863206737,2.5404701213343968,2.630780419166753,3.143847286941473,3.389262586522514,0.40606146677231464,0.574434040213216,0.5949986798388528,0.7845076567464667,0.5987785940560387
218,0.04464020167037561,0.002705789431077977,0.0024221669882535934,0.0021689690404514813,0.00697001257699996,2.691402251656902,2.5409254531724024,2.6331578074310777,3.1498387374317307,3.3961852921759044,0.4062135562016035,0.5743200927482385,0.5946682053375375,0.7848766941275066,0.5987785940560387
219,0.04237721374290142,0.0027022333230451554,0.002372083952650428,0.0016120983646955294,0.006937884174467288,2.692493239461703,2.5413432966953775,2.635498783861264,3.155798366797379,3.403079785652539,0.4062927534242235,0.5741545246376125,0.5942942108753707,0.7852124972305302,0.5987785940560387
220,0.04716421088196878,0.002698795216011179,0.002323957975022495,0.0014614334103413811,0.006905661346563195,2.693533434193742,2.5417904369853623,2.6379179595561846,3.1617813129066907,3.409992986398893,0.406397284538764,0.5740762706115257,0.5940065648285249,0.7856177627053146,0.5987785940560387
221,0.04542590030755184,0.0026958170942673896,0.002330124960280955,0.0018415878125784327,0.006873345663782852,2.6945296503345957,2.5418459285871022,2.6398146870711563,3.1671559732411136,3.416102025679463,0.406519642349133,0.5739865751445092,0.5937095802096405,0.785961612336707,0.5987785940560387
222,0.04159637337908962,0.002692572250646547,0.002047125017270446,0.004587025965752698,0.006840938701147048,2.695009595485109,2.5416727961358725,2.6416802344960613,3.1725334759837187,3.4222456718289394,0.40648277722267057,0.5737581874676445,0.5933231868443841,0.7862539097803933,0.5987785940560387
223,0.04441115559431584,0.0026891609147245395,0.002013874996919185,0.002789577079615894,0.006808442038125421,2.6952056949066527,2.5416948717068086,2.6437243409969144,3.1780834728538525,3.428636416085595,0.4063616317081925,0.5735366275323329,0.5929519247032036,0.7865787741867797,0.5987785940560387
224,0.04171161021353738,0.002685621996548564,0.002451666980050504,0.0031512425050836718,0.006775857258559482,2.695137092071369,2.5419373106733,2.6459073475543886,3.1837285676858254,3.4351038089668946,0.4061439612235258,0.5732906855225383,0.5925596202141783,0.7868928676988655,0.5987785940560387
225,0.04329334163261294,0.0026821644879365856,0.002318000013474375,0.002422827742751955,0.006743185950585416,2.6949056069511426,2.542434037367662,2.648070381742449,3.189302704285765,3.441432767365612,0.40587122598445424,0.5730712134608198,0.5921613229094114,0.7871881698801015,0.5987785940560387
226,0.043465301127849784,0.0026787762868493363,0.002502624993212521,0.0010945265000749742,0.0067104297065566825,2.6946919007700703,2.5427313722328253,2.650205178257611,3.194873368305419,3.447738687863221,0.4056141155133765,0.5728325987729276,0.5917713804036385,0.7874898351396086,0.5987785940560387
227,0.04668739239876573,0.0026755454792229258,0.0023660000297240913,0.001730433750691242,0.006677590122966401,2.694614739483843,2.543046162266222,2.6524156973971786,3.200515019820352,3.4541227647137824,0.4054301230954193,0.5726877244238053,0.5914705135033835,0.787852776276001,0.5987785940560387
228,0.043011183166113486,0.0026723789786974213,0.002370541973505169,0.0018025448487723416,0.006644668800369547,2.6947341719087614,2.5433133630040277,2.6546140425128018,3.206147312377252,3.46054430527537,0.40528511055765143,0.5725072350149966,0.5911254688944272,0.7881777288509311,0.5987785940560387
229,0.043386903178327045,0.002669245307335168,0.0020952909835614264,0.003924407994203526,0.006611667343304942,2.694492224214311,2.5433955435354054,2.6565606426776776,3.2115545592765717,3.4666676351593466,0.4050268401854275,0.5722298472193634,0.5906933347559187,0.7884244820465436,0.5987785940560387
230,0.04361475725454562,0.002666153811180547,0.003326958976686001,0.0014147877222379088,0.00657858736021704,2.694339316001702,2.5436492044847028,2.6586351498310905,3.2170480057715474,3.472913963910334,0.4047856471020308,0.5719759066458607,0.5902650747703182,0.7886740733691296,0.5987785940560387
231,0.042462832355861485,0.0026631203973354377,0.002353791962377727,0.001037950241445798,0.0065454304633775495,2.6942517528069927,2.5439718335017907,2.660719097209104,3.2225645259574147,3.4791891896621725,0.4045534025115788,0.5717334171308763,0.5898625846678704,0.7889569323610994,0.5987785940560387
232,0.04491698536509529,0.00266023204940011,0.002186749945394695,0.0006896736623802875,0.006512198268806849,2.6941576957099773,2.5442975167200075,2.662757804161456,3.2279973319602524,3.4853217971701236,0.40433599577973106,0.5715269761248893,0.5894854318377477,0.7892518067308852,0.5987785940560387
233,0.04562429001534716,0.002657625001557945,0.0024650419945828617,0.002524733732593649,0.006478892396195212,2.6943146848292496,2.54441640118736,2.6645413814761443,3.233171347341239,3.4911292629764907,0.4042159603658336,0.5713554490317563,0.5891253586469372,0.7895267667133824,0.5987785940560387
234,0.04637160467567322,0.002655090678142119,0.0023890419979579747,0.0014719762841150707,0.006445514468823885,2.6945618247967746,2.5445895843932944,2.666400184055636,3.2384321493354444,3.4969639857740704,0.4041387589938303,0.5712491355760403,0.5888386278272602,0.7898635727255122,0.5987785940560387
235,0.04522384931454451,0.002652614740117672,0.002437499992083758,0.0021700175647282227,0.006412066113485961,2.694998150272553,2.5447768673401647,2.6683323077393917,3.243765133654206,3.502928838057734,0.40412243022757577,0.5711700676794914,0.588560283070422,0.7902014724541394,0.5987785940560387
236,0.04410778219090729,0.0026502743097434577,0.0023968750028871,0.000938345107230552,0.006378548960407088,2.695405547114271,2.544772058706178,2.670041931159197,3.2488987311114217,3.508594410362794,0.4041057268177202,0.5710748393827336,0.5882743714000239,0.7905065325272043,0.5987785940560387
237,0.045644363568949214,0.0026479878662193155,0.0023294169805012643,0.0007783083748544867,0.006344964643166021,2.695830104691232,2.5447611736041873,2.6716993628989454,3.2540176592453562,3.5142661567357534,0.4040978975591549,0.570991457418457,0.587998175718675,0.7908208197884221,0.5987785940560387
238,0.04507716783156057,0.0026457676833301197,0.0020420419750735164,0.0025725737700515294,0.006311314798615003,2.6963623558346246,2.545125356286868,2.6735779480241435,3.259235847743473,3.520074740021138,0.40411920922543865,0.5709912857946768,0.5877624989125805,0.7911636725300528,0.5987785940560387
239,0.045016538871004874,0.0026434427681907057,0.0023239169968292117,0.005059516687718293,0.006277601066799985,2.696351670673871,2.545613797209634,2.675581766390558,3.2646025815498056,3.526032290169253,0.40398537899848586,0.5709635839588268,0.5875164129332815,0.7915199337083237,0.5987785940560387
240,0.0443829357839072,0.002641149021022446,0.0024126250064000487,0.0010087150614348135,0.006243825090880691,2.6963084307043017,2.546116802703234,2.6776165633079114,3.270017520991654,3.532057476358623,0.40384732827636766,0.5709365705102998,0.5872629751625345,0.7918840023269734,0.5987785940560387
241,0.04598047483702866,0.002639073658858616,0.001997374987695366,0.002824997702816902,0.006209988517050537,2.6965674806125337,2.5465212086231896,2.679491685557953,3.275164977896242,3.5376034560497893,0.4037978441463375,0.5709311275022899,0.5870340623711056,0.7922386431967019,0.5987785940560387
242,0.04449826965271724,0.0026370672795572167,0.002485290984623134,0.0030913859614532416,0.0061760929944563985,2.6971164035592645,2.546827168516447,2.681294180955724,3.2803325355125144,3.543182909929139,0.4038342191383987,0.5709532130148394,0.5868523000993637,0.7926354942998433,0.5987785940560387
243,0.043642396764432906,0.002635130064169438,0.002335375000257045,0.0017605088844961194,0.006142140175118224,2.6974947392440383,2.546871311593399,2.6828768379802317,3.2852617563557542,3.5485225623712586,0.4038286867455898,0.5709181633957412,0.5866321960214844,0.7929839721815249,0.5987785940560387
244,0.04418957321370746,0.002633238210786409,0.002124916994944215,0.0014697227465141757,0.006108131713848528,2.6979788309721537,2.546918922087858,2.684458965751796,3.2901975956575304,3.55391014736602,0.40385325581957443,0.570894284213052,0.5864189511139326,0.7933335053652524,0.5987785940560387
245,0.044431107644574606,0.002631419118002752,0.0023852080339565873,0.0018230384623185963,0.006074069268171734,2.698564331360266,2.5469075543450264,2.6860612322599846,3.2951175193286786,3.5592356044461955,0.4039275847345879,0.5709133212321275,0.5862633771051935,0.7937297041450899,0.5987785940560387
246,0.04469507283367479,0.002629625048413732,0.0020549999899230897,0.0012610460997069506,0.0060399544982433885,2.6991056010749257,2.547071219383091,2.687744462632805,3.3001309831407046,3.5646885127943952,0.4039866330052091,0.570962410807039,0.5861257884203421,0.7941426461912906,0.5987785940560387
247,0.042181773743771404,0.0026278537462404174,0.0020719579770229757,0.002762281669710519,0.006005789066769251,2.6994034736929997,2.547021865520821,2.6891824791850607,3.304889549123586,3.569765204668359,0.40395667771297117,0.5708984844639922,0.5858916215691914,0.7944736247765137,0.5987785940560387
248,0.04295315908711386,0.002626160042430116,0.0024177919840440154,0.00070235194823683,0.00597157463892425,2.6996866372149655,2.546899278118873,2.6904910193409206,3.3094847483294467,3.574639042851551,0.4039229142535127,0.5708143573576139,0.5856219715842329,0.794761539497059,0.5987785940560387
249,0.04553481163482295,0.0026245605784707654,0.002052374999038875,0.0008236705735367268,0.005937312882271331,2.6999077075754823,2.546880226423908,2.6917304747267843,3.313966259715963,3.579198546998648,0.40387015069648396,0.5707570924942941,0.5853812306808213,0.7950791788810718,0.5987785940560387
250,0.04347508245204787,0.0026229755067466846,0.0021038330160081387,0.0009767002007236164,0.005903005466680175,2.700185436983123,2.546820146224128,2.6929878811575296,3.3184691145168594,3.5838156220518633,0.4038343716678084,0.5706930411514602,0.5851381493526508,0.7953917867293779,0.5987785940560387
251,0.04600986481093053,0.002621425350875296,0.0020632079686038196,0.0016841607281052218,0.00586865406424582,2.700288060605497,2.546822263556675,2.694366198985834,3.323041233394986,3.588537969952395,0.40376941305495656,0.5706691390935148,0.5849406928229359,0.7957370698137693,0.5987785940560387
252,0.041719691615627066,0.0026198422466159844,0.001996207982301712,0.002701460430193262,0.005834260349207154,2.7001758630674884,2.5468495608064776,2.6958299094960476,3.3276677319625154,3.5933799053246953,0.4036250667211493,0.5705775764227136,0.5846780568569344,0.7960375518261629,0.5987785940560387
253,0.04205061656193979,0.002618293416268214,0.0023524999851360917,0.0012215714538460446,0.005799825997865329,2.7000272142980988,2.546970069149781,2.6973350456973497,3.3323291548036207,3.5982813387097274,0.40346119024482086,0.5704789808315058,0.5843960659694835,0.7963259602430752,0.5987785940560387
254,0.04594692999644021,0.0026167992107895928,0.002435125003103167,0.001822087812299695,0.005765352688502049,2.700030854551168,2.546975172339813,2.698777549686637,3.3370171845890746,3.6031072569762754,0.4033641258910331,0.5704356534468329,0.5841992388599675,0.796680754857636,0.5987785940560387
255,0.044669684569455054,0.0026154431662769487,0.0023560409899801016,0.0016342462450242346,0.005730842101297777,2.699985198016645,2.546712951002836,2.6998139135676187,3.3412590759320633,3.60714675059127,0.40326469671593884,0.5703623599464341,0.5839652525466401,0.7969709966438486,0.5987785940560387
256,0.04475309396582584,0.0026141336831393015,0.0025844170013442636,0.0012076756715075846,0.005696295918249847,2.7000294591142513,2.5465851513180726,2.7009653522746326,3.3455423231507937,3.6112136179968437,0.40318608380726406,0.570311583050971,0.5837372659860257,0.7972615853504663,0.5987785940560387
257,0.0421123536669832,0.0026128642161052495,0.002027457987423986,0.0015652522752388957,0.005661715823090485,2.700179917412508,2.546642919610543,2.7022504139470165,3.349896872744177,3.6154154007781454,0.40312784141599145,0.5702823018394397,0.5835107250817888,0.7975567211988988,0.5987785940560387
258,0.043874138339671985,0.002611654763288694,0.002008165989536792,0.001449371227456496,0.00562710350120474,2.700189613424997,2.5466728569067816,2.7034135978417644,3.3541345246091185,3.6194545102262476,0.4030329381567142,0.5702451241669889,0.5832735372622286,0.7978321034752707,0.5987785940560387
259,0.04415401529360354,0.0026104836112052494,0.00198320799972862,0.004273937541504094,0.005592460639548352,2.700072160768623,2.5459505433679186,2.703986711145235,3.3578011287633456,3.622679689996514,0.4029373288955184,0.5701129965896286,0.5829825133860567,0.7980144003831268,0.5987785940560387
260,0.04256015392751289,0.0026093818794242305,0.0021594580030068755,0.002855444042953371,0.005557788926565523,2.700099579982291,2.5448669205328853,2.7041691047522844,3.361018713199934,3.6251922821343165,0.40289537886300564,0.5699458297114162,0.5826634790987766,0.7981283439628,0.5987785940560387
261,0.047366544500301866,0.002608341349509663,0.0021242500515654683,0.0037083469393968194,0.005523090052106634,2.700413910788436,2.5441288149216374,2.704592533621902,3.3644409903147983,3.628000443268504,0.40294984269728673,0.5699109362851924,0.5824379084086306,0.7983230149827891,0.5987785940560387
262,0.04666025121278253,0.00260729520084689,0.002343792002648115,0.0008997936438412358,0.005488365707345868,2.700697980982588,2.543405617032138,2.705074465744602,3.367986367024819,3.6310081912319045,0.40301546569850444,0.5699204382943118,0.5822638429041525,0.7985732516690845,0.5987785940560387
263,0.044263293453513354,0.002606237389691108,0.002471832965966314,0.0018365756160244621,0.0054536175846988015,2.7008923735982764,2.5429626313187317,2.7058761387245287,3.3718078925943873,3.634411967609983,0.40304127177328963,0.5699506419141902,0.5821253230494615,0.79887266798215,0.5987785940560387
264,0.0460158704388451,0.002605227774739305,0.00206883397186175,0.004477238891935973,0.0054188473777399115,2.7007316068167944,2.542959405976079,2.707031693193548,3.3759269553366287,3.6381838771853885,0.402956934228727,0.5700246299869998,0.5820334630838077,0.7992454288337892,0.5987785940560387
265,0.045681475543513504,0.002604192716088357,0.002507500001229346,0.0030862107719100427,0.005384056781120031,2.700876126997773,2.543094925539923,2.708345531407717,3.3802421365965536,3.6422373259840954,0.40293759037858223,0.5701171899016938,0.5819792203029921,0.7996760785158128,0.5987785940560387
266,0.043260104038727425,0.0026031714855083913,0.002104334009345621,0.0012515218232454692,0.005349247490483755,2.7009378132991486,2.543244586415155,2.7097440551355345,3.384596992670145,3.64636237265454,0.4028869000481229,0.5701822191564851,0.5819085351071386,0.8001011823989738,0.5987785940560387
267,0.04499395011808393,0.0026021932512830773,0.0023375829914584756,0.0027757974073540194,0.005314421202386803,2.7012561885368984,2.5432938564112213,2.7109460558160525,3.3887321617501076,3.650154211792136,0.40290713213694757,0.5702452218269163,0.5818182744982185,0.8004905143107465,0.5987785940560387
268,0.04552533806251101,0.0026012437066955164,0.0020562910358421504,0.0038982292276118777,0.005279579614213322,2.7017855212719395,2.542898298327393,2.711661272250339,3.3924017229511536,3.6531138411538358,0.40302082938561123,0.5703178755683898,0.5817490598754994,0.8008523323399382,0.5987785940560387
269,0.04298116170516849,0.0026003099147665775,0.002093583985697478,0.004753479195375472,0.005244724424093169,2.7025960260568627,2.5420725460793867,2.711910111349992,3.3955513930039403,3.6553876575794355,0.4032388887170841,0.5703834484564562,0.5816714049561661,0.8011512683463807,0.5987785940560387
270,0.044150699898093886,0.0025994124325187046,0.0024107079952955246,0.003501598058315654,0.005209857330819133,2.7036074923851583,2.5410969817981464,2.7118912886604454,3.3983734131638266,3.657162436610031,0.40352285000430904,0.5704571597300805,0.5815814281046829,0.8014080721816592,0.5987785940560387
271,0.04625535052943756,0.002598496944276631,0.002075500029604882,0.002091100088130674,0.005174980033764154,2.7046502778879327,2.540055527723162,2.7119096633483526,3.4012893990093227,3.6591251922212438,0.40383740504813653,0.570557717430765,0.5815120111811143,0.80168598242524,0.5987785940560387
272,0.043778671174355084,0.0025976168741440723,0.0024955410044640303,0.0014210932132198361,0.005140094232798483,2.705493189610014,2.538986493615703,2.7117423576714024,3.404001706622808,3.6607481631413683,0.4040890442049809,0.5706278766317795,0.5814128519806359,0.8019287001801703,0.5987785940560387
273,0.04272242294573826,0.0025967178145369333,0.002053749980404973,0.0015881057640826405,0.0051052016282068435,2.706153936295899,2.5380757176293844,2.7118083348093376,3.4069172694802643,3.6627573393626642,0.4042708258769718,0.5706636266987862,0.5812843841386572,0.80216958591524,0.5987785940560387
274,0.04548769047749483,0.002595818340358519,0.002361042017582804,0.003812948348881072,0.005070303920605558,2.70708098205642,2.5371978307004284,2.7119126577489525,3.409872672934139,3.6648308349747962,0.40453094579428694,0.5707392621069964,0.5811916372936526,0.8024351786015426,0.5987785940560387
275,0.04573737207016645,0.0025949199160472344,0.0024162500048987567,0.0018060643473404921,0.0050354028108596585,2.707800474037161,2.536535235547746,2.712251004229028,3.413107131363959,3.6672783247136356,0.4047226132885147,0.5708193723633623,0.5811077444834275,0.8027334588892091,0.5987785940560387
276,0.04438030754028874,0.002594102807019497,0.002350791997741908,0.003366890626684542,0.0050005,2.708262797781462,2.5355172621347157,2.7120657476231895,3.415638086065035,3.668478400349649,0.40485863155634116,0.5708457967569485,0.5809745282670477,0.8029202616588832,0.5987785940560387
277,0.043500072019233504,0.0025933426339418866,0.0021346249850466847,0.002529473281622448,0.004965597189140341,2.708482440438452,2.534692179247648,2.711905360791264,3.4180967622198706,3.6696281751680178,0.4049086546350755,0.5708446631602697,0.5807869348088592,0.8030734508993796,0.5987785940560387
278,0.04385838636778308,0.0025926027884267903,0.0020716249709948897,0.0024953420052298923,0.004930696079394444,2.7088424467488883,2.5342485698198014,2.712066838535862,3.4208350069889852,3.6712861704753688,0.4049661981903783,0.5708631634094536,0.5805990259785544,0.8032461048424504,0.5987785940560387
279,0.042859066959216756,0.0025918876549530356,0.0023780420306138694,0.0014761923284659446,0.004895798371793159,2.7092816522984826,2.5339364752902203,2.7123168228989156,3.4236475184823214,3.6732002866366327,0.405044749690209,0.5709003670025757,0.5803922855561457,0.8034042178585765,0.5987785940560387
280,0.04601273030942447,0.0025911528413575546,0.002030832984019071,0.002598218229523613,0.004860905767201518,2.7097495570315413,2.533266056911858,2.712264632157229,3.426145856818345,3.6745537197762173,0.4051549693316844,0.5709164837017621,0.5801770790246975,0.8035238553123056,0.5987785940560387
281,0.04173843563334123,0.00259039718198999,0.002362708968576044,0.0014802272488187121,0.0048260199662358465,2.7100818320034734,2.532585057149192,2.7122679436106125,3.428669890296623,3.675972707133942,0.4052155862438155,0.5708861977428037,0.5799258726073175,0.8036194470031012,0.5987785940560387
282,0.04251721465368585,0.0025896179756913357,0.0023237920249812305,0.0014768088249659133,0.004791142669180866,2.710335821834021,2.531785898477354,2.712136781154756,3.431063831778135,3.6771890046414373,0.405247288674719,0.5708118583775148,0.579648088964569,0.8036954690602495,0.5987785940560387
283,0.04277004154366844,0.0025888248759614106,0.002049459028057754,0.001377649934160811,0.004756275575906832,2.7106752678195543,2.5309956031717933,2.7120794307012295,3.4335230729242148,3.678548800361165,0.4052994868819459,0.5707330436640189,0.5793585683171686,0.803755492280654,0.5987785940560387
284,0.04482447798349139,0.0025880372229288716,0.0023752079578116536,0.004037936664258273,0.004721420385786677,2.7113096839652058,2.5304338745489834,2.7122757897790652,3.4362568034453154,3.6803514198567853,0.40543286370860493,0.570723467505081,0.5791251833484601,0.8038772902204628,0.5987785940560387
285,0.04495216326384277,0.002587242871706951,0.0020300830365158617,0.0021260022402604314,0.004686578797613198,2.7119198337005392,2.530200798056411,2.7128038331911934,3.4393895394973324,3.682700558688069,0.4055342486344188,0.5707293591553072,0.5789190869887452,0.8040732233507649,0.5987785940560387
286,0.04465030815379061,0.0025865030027570884,0.00228229200001806,0.0021761384486277753,0.0046517525095162455,2.7126187060921407,2.530155214957791,2.7134397352388144,3.4425976203613287,3.685109426335866,0.4056623943892048,0.5707879609453268,0.5787517969982211,0.8043053687557624,0.5987785940560387
287,0.04308149079761874,0.0025857224612839762,0.002002791967242956,0.003699728056576839,0.0046169432188799715,2.712982228972366,2.529934533312147,2.7140282018921607,3.4457641267112136,3.6874913814021504,0.40568718936085524,0.5707534465222361,0.578517655986008,0.8044816502761114,0.5987785940560387
288,0.0445313512060933,0.0025849123332954953,0.002034334000200033,0.0028362866929792147,0.00458215262226009,2.7135290784127393,2.5296210244527964,2.7146309152269774,3.448971118466098,3.6899306207343145,0.40577632391506374,0.5707435293996536,0.5783193561726007,0.8046889534955162,0.5987785940560387
289,0.047458293159272,0.0025842106258880085,0.0023719160235486925,0.0026411615647478678,0.004547382415301199,2.7140334890334765,2.529708540601707,2.7155078437945854,3.452413058034033,3.692733932466002,0.4058487425688846,0.5708057497388386,0.578169991738531,0.8049466799628772,0.5987785940560387
290,0.043397344232951884,0.0025834933845802197,0.002084959007333964,0.001944581898549825,0.004512634292654133,2.7143655831688607,2.5297234365381587,2.716452826708028,3.4558834590795846,3.6956938049663344,0.4058661326539549,0.5708126578318056,0.5779839239735388,0.8051776479229393,0.5987785940560387
291,0.04215404119787406,0.0025828160222898665,0.0020048749865964055,0.0026747516133085866,0.0044779099478933675,2.7145054379418707,2.5298911836871185,2.717561203358819,3.4594974262098805,3.6989090199857984,0.40581400550444363,0.5707943960398347,0.5777773947154209,0.8054120693747103,0.5987785940560387
292,0.04325825472852142,0.002582045276578846,0.0023477079812437296,0.004053079925024484,0.004443211073434475,2.7147935563699086,2.529521103839638,2.718127234258884,3.462609629958189,3.701359798050108,0.405821608925912,0.5707199798502365,0.5775297702107436,0.8055654891905772,0.5987785940560387
293,0.04163261696089611,0.002581250445352233,0.0021337090292945504,0.002612927763736413,0.004408539360451648,2.715127063579364,2.528839286049285,2.7182974438737992,3.4652804888727036,3.7030669040440465,0.40585681775216226,0.5706228374034238,0.5772630111786249,0.8056592887780398,0.5987785940560387
294,0.0447881323189319,0.0025805408763297237,0.0021065829787403345,0.0021922862167310627,0.0043738964987952616,2.715275930441725,2.5283555454140476,2.718592612277848,3.4680181994821417,3.7049192656976047,0.40583824106250865,0.5705473924324529,0.5770106643731464,0.805762453073614,0.5987785940560387
295,0.047771091424690965,0.0025799007946240905,0.0021072080126032233,0.0018989495639569237,0.004339284176909517,2.7155238577268923,2.528062837271962,2.7188786829554377,3.4707669208959846,3.7068233662024874,0.405852089158587,0.5705472439125732,0.5768201633955596,0.8059130850952771,0.5987785940560387
296,0.04781498099140499,0.0025792808550897128,0.0019962910446338356,0.005375185186440618,0.004304704081750153,2.7160531925149387,2.52744362933191,2.7186033138374666,3.4728084441176774,3.7073937189600734,0.4059927364253345,0.5706217723604031,0.5766827036831573,0.8060309763297285,0.5987785940560387
297,0.04276666692708892,0.0025786602403991116,0.0024572090478613973,0.0010297070171313885,0.004270157898702224,2.7166049569111994,2.5269480624513885,2.718407169324157,3.474969567411931,3.7082199587112137,0.40611907955545523,0.5706796029343802,0.5765273425552334,0.8061476484647735,0.5987785940560387
298,0.0443585183535161,0.0025780566782213966,0.0020202089799568057,0.002743712226393581,0.004235647311497952,2.7168955695648824,2.526507639492012,2.7183224125236265,3.4772455532304813,3.7091053442385356,0.4061661453994046,0.5707179094815217,0.5763819717857669,0.8062926716302092,0.5987785940560387
299,0.04247371163401491,0.0025773792052158485,0.001974582963157445,0.0034149023141651722,0.004201174002134672,2.7169944762035616,2.5257462703104943,2.718009825586848,3.479314905838096,3.709743344748547,0.4061596568049549,0.5706689609478751,0.5761734527212486,0.8063670363572233,0.5987785940560387
300,0.04287652726517377,0.0025767564236010483,0.002487707999534905,0.00222671966279063,0.004166739650792848,2.7169539324894636,2.5251794614221508,2.7179177172314612,3.481547495237713,3.7107647992962938,0.40610061598430053,0.5706078749280782,0.5759434270871224,0.8064331735160032,0.5987785940560387
301,0.044976593768341004,0.0025762054399098167,0.0022025000071153045,0.002824206620191858,0.004132345935754183,2.717082795759809,2.5249231557608307,2.7180665347503417,3.4839809065102783,3.712122784375686,0.406085061439798,0.5706133784617499,0.5757532658873339,0.8065459789090631,0.5987785940560387
302,0.04274485558164051,0.0025756326208602317,0.0020559169934131205,0.0011964311972290451,0.004097994533319826,2.7172458408391846,2.524729546152684,2.7183015975464997,3.4865134275984273,3.7136962300388126,0.4060528574805722,0.5705723127596576,0.5755237703508628,0.8066429571552707,0.5987785940560387
303,0.044435377693960935,0.002575113079329397,0.0024180419859476388,0.001669914298018501,0.0040636871177286695,2.7173440410748966,2.5247227941921078,2.718692220579118,3.4891940231335843,3.7155376724368763,0.4059912982707582,0.5705384747542437,0.5752947745022892,0.8067528416227955,0.5987785940560387
304,0.04453138622951032,0.00257451999067827,0.0022381250164471567,0.003448149919138351,0.00402942536107575,2.7176124130057673,2.524401731917865,2.7188696858281793,3.4916774397665926,3.717134810347939,0.40600910811922136,0.5705215143955753,0.5750917953483138,0.8068520828565878,0.5987785940560387
305,0.045517097941082156,0.0025740099739995684,0.001984999980777502,0.002387591202773627,0.0039952109332307495,2.7177297297617993,2.524303782899612,2.719272538901737,3.494361623228412,3.7190173836349665,0.4059838688902925,0.5705382387784566,0.5749278967766345,0.8069984135199813,0.5987785940560387
306,0.04620311875153833,0.0025735036016425986,0.002062832994852215,0.0014089190976747164,0.003961045501756612,2.717741139571292,2.524106478918745,2.719543394377255,3.496919454864788,3.7206577925433337,0.40594166738391035,0.5705523970744435,0.5747627430985862,0.8071395090889217,0.5987785940560387
307,0.04719141808730702,0.0025730351053051014,0.002401667006779462,0.001577476711797585,0.003926930731828268,2.717804457613905,2.523999876586191,2.7199334791909573,3.4995920236380753,3.7224774801080662,0.4059302384695823,0.5706287436930919,0.5746626907417987,0.8073364019422213,0.5987785940560387
308,0.044263613542899115,0.0025725704294437407,0.0022644579876214266,0.001428043840691717,0.0038928682861514748,2.717943956531884,2.523876690574119,2.7203787017452683,3.5022924625030645,3.7243962377616837,0.405951834697278,0.5707251090922352,0.5745737100538237,0.8075342622829255,0.5987785940560387
309,0.04495883186600791,0.0025720979000726026,0.002323957975022495,0.0016699861813850453,0.0038588598248817775,2.7181857737944832,2.523741314113437,2.7208229579058383,3.5049791065683555,3.726282113521555,0.40600438650441384,0.5708308367478828,0.5744911143324128,0.8077327466940866,0.5987785940560387
310,0.04366588691964184,0.0025716346789057616,0.0020591659704223275,0.0005854404197016937,0.0038249070055436027,2.71841181489711,2.52363611911333,2.72130753014357,3.5076767487219174,3.728212775771609,0.4060437861067079,0.5709211569524894,0.5744008309268956,0.8079329857311061,0.5987785940560387
311,0.045187538412900075,0.00257110542073701,0.002062375016976148,0.004841196758637131,0.003791011482949462,2.718309259671645,2.5232291043477963,2.7214840939786455,3.510183941262759,3.729864508875086,0.4059959720051201,0.5709350151278627,0.5742644971563318,0.8080991505203055,0.5987785940560387
312,0.046949759834984166,0.0025704726253133942,0.002301042026374489,0.005734605346281176,0.003757174909119309,2.718342848415276,2.5222418079782964,2.7208748102218756,3.511666469209306,3.7295981867278063,0.40602931874473014,0.5709402823199682,0.5741096119063541,0.8081526667680943,0.5987785940560387
313,0.041325145454687656,0.002569840993274479,0.002393375034444034,0.00126450277662264,0.0037233989332000153,2.7183198178398236,2.521241116718715,2.720318782733091,3.513157373830244,3.7294007865002854,0.40604043075004626,0.5709172223550216,0.5739356986155545,0.8081897233841909,0.5987785940560387
314,0.043075714876345,0.002569159657308238,0.0020207499619573355,0.002901774689538043,0.003689685201384996,2.7185052022079508,2.5202254250170335,2.719776198323032,3.514678322112591,3.7292361501122895,0.40609942631750795,0.5708885517427668,0.5737692812220941,0.8082321260456728,0.5987785940560387
315,0.044156046119516575,0.0025685069429116103,0.0020669999648816884,0.00286780341294467,0.0036560353568339784,2.7188705164734532,2.519380763815976,2.7193586042601803,3.5163237738936948,3.729355959214413,0.40620320007927624,0.5709002030927011,0.5736283952801472,0.8082975945926948,0.5987785940560387
316,0.04405089862703604,0.002567899378843242,0.0020449170260690153,0.0013942132193204913,0.0036224510395929128,2.7192114478823743,2.518761102221535,2.719172060402256,3.5182161548366384,3.7298916030490106,0.4062804190942503,0.5709121309669167,0.5734903655497429,0.8083959534309042,0.5987785940560387
317,0.044950921822888984,0.0025673723778930953,0.0020358330220915377,0.0030074821857048965,0.0035889338865140396,2.719378572699953,2.518421003998335,2.719264140242493,3.520415861804745,3.730882182505727,0.4062929932444818,0.5709355028699793,0.5733806038814481,0.8085605115927339,0.5987785940560387
318,0.044752684819788495,0.0025669464266992307,0.0024762499961070716,0.0023115951805888365,0.003555485531176114,2.719559212499867,2.5183846932048644,2.7196190631820008,3.5227851888327026,3.732210688424979,0.40629421850037656,0.5709861263428252,0.5732833512168892,0.80874576578409,0.5987785940560387
319,0.043606233864987035,0.0025665514116916216,0.002294124977197498,0.0014000003031129351,0.0035221076038047896,2.719766859115482,2.5184726790744985,2.720142241166858,3.525286032675808,3.733783901225526,0.406292442028643,0.5710355592639936,0.5731865269837492,0.8089462235492113,0.5987785940560387
320,0.04630360163650307,0.0025661207827954325,0.0024687499972060323,0.0020257361497988935,0.003488801731193153,2.720049857384875,2.5184082067412024,2.720486996380484,3.527558655785425,3.734829305607291,0.4063291779167832,0.5711035963468563,0.5731171493355295,0.8091554123241117,0.5987785940560387
321,0.04514897501203254,0.002565816712137475,0.004036540980450809,0.003621491441667825,0.003455569536622451,2.72010511756212,2.5185804007516914,2.721008505557582,3.529972440943318,3.736193578872578,0.40630009374650666,0.5711933937070675,0.573054157464304,0.8093840055425773,0.5987785940560387
322,0.045472820770236344,0.0025654917861131317,0.002240208035800606,0.0007330591072778345,0.003422412639782963,2.7201643344069613,2.5186650094785894,2.72141538947892,3.5323070447790723,3.73745669545129,0.406283639014871,0.5712897267015857,0.572995204138443,0.8096162507618974,0.5987785940560387
323,0.04371973743230109,0.002565063249354553,0.0023896670318208635,0.0035523737304154956,0.0033893326566950604,2.7202029733555997,2.5183359585425107,2.7213224571976697,3.534101011163261,3.7377626255981125,0.4062838674568691,0.5713526586368947,0.5729038562885768,0.809769371744812,0.5987785940560387
324,0.04371007026801046,0.002564538716575431,0.0022688749595545232,0.0029633991324021325,0.003356331199630453,2.7202073480362925,2.517711007692495,2.720943732704056,3.535612574231083,3.737686672621351,0.40627688641179543,0.5713514250367454,0.5727520995601403,0.8098526245194754,0.5987785940560387
325,0.045090584156170066,0.0025641242177283957,0.0024073750246316195,0.002862027558380068,0.003323409877033601,2.7201120707241717,2.5173913837503856,2.720831169274749,3.537371677298928,3.7380608115507017,0.40622146291445993,0.571358880737538,0.5726030234898489,0.8099589063707792,0.5987785940560387
326,0.041409805060007604,0.0025635326717785008,0.002340374980121851,0.005551862280412261,0.0032905702934433196,2.720017344743406,2.5164697540841203,2.7202069429930567,3.538538568274121,3.737488934877729,0.40618535209791595,0.5712748373206442,0.5723811323871836,0.8099369509678012,0.5987785940560387
327,0.04298498848100001,0.002563032526196304,0.002830082958098501,0.00326568891571655,0.0032578140494145848,2.719773367881068,2.515792751430978,2.7197528297820215,3.539902942306208,3.7373120385327363,0.4060847156218369,0.5711771558713357,0.572134239228817,0.8099204970330295,0.5987785940560387
328,0.04722098530592632,0.0025625904980015805,0.0023499170201830566,0.005417052571887581,0.0032251427414405186,2.719850978843293,2.5154429160761644,2.7195950823960073,3.541581961662852,3.7376012428718504,0.4060770523248551,0.5711866319692974,0.5719806044517254,0.8099996985110494,0.5987785940560387
329,0.04567207176338777,0.002562198838531557,0.002098749973811209,0.0011968128310938608,0.003192557961874579,2.7198497411290954,2.515156632358125,2.719409813702838,3.54321309990062,3.7377377402125465,0.40605581673279434,0.5712268010990041,0.5718524115208818,0.8100908411576194,0.5987785940560387
330,0.04511525396097255,0.0025617890133286963,0.0023883749963715672,0.0009758708500411629,0.0031600612988529537,2.7198091375808513,2.514851547895433,2.7193191229546545,3.544992374389296,3.7381445144636785,0.40602548893388996,0.5712634522307055,0.5717486739204626,0.8102203095837954,0.5987785940560387
331,0.04507422332860388,0.0025613338661807992,0.0020040840026922524,0.0022301272861425287,0.003127654336217149,2.7197881265109696,2.5143583471162563,2.718964439371547,3.5464845237545757,3.7380075553232563,0.4060212867964607,0.5713148777595164,0.5716598948829864,0.8103366050142502,0.5987785940560387
332,0.044407424221602675,0.0025608991079821364,0.002072000002954155,0.0009724169635394987,0.003095338653436806,2.7197703022803386,2.513974320009148,2.7187562836605683,3.5481345180684083,3.738200396062063,0.4060024835857019,0.5713526393785759,0.5715635747548665,0.8104619043900605,0.5987785940560387
333,0.0419710318060813,0.002560386516999441,0.002465957950334996,0.0022016925891494192,0.003063115825532712,2.7197954858824294,2.5133975995614057,2.718404319885158,3.549662980797888,3.7382273241428914,0.4059996121813264,0.5713585645304733,0.5714453779265384,0.8105593802737501,0.5987785940560387
334,0.04400832856422437,0.0025599202071656005,0.002058583020698279,0.0016193938635714969,0.00303098742300004,2.7197538349899917,2.5129557238385343,2.7182567587916506,3.551406889531747,3.7386358676488864,0.4059733844053791,0.5713710943430707,0.5713404812263259,0.8106896323854387,0.5987785940560387
335,0.04314941879288369,0.002559454203440258,0.0024176249862648547,0.002224026645711414,0.0029989550117318032,2.719599645489229,2.512492758109517,2.7181647718250046,3.553217336754989,3.739200049132501,0.4059119920089792,0.5713561575597802,0.5712249382531309,0.8108269054356514,0.5987785940560387
336,0.043562759110262445,0.0025589844073503976,0.0022866249782964587,0.0006353459396949412,0.0029670201529425366,2.7194746669331247,2.5120618369645817,2.71807161976804,3.555051995297055,3.73984349219956,0.4058480412919665,0.5713285865222139,0.5710972659000545,0.8109593965700892,0.5987785940560387
337,0.04073608519971333,0.002558545895461863,0.0025183329707942903,0.0026145109753712946,0.0029351844030922032,2.7192401579013104,2.5116636511669292,2.7180196167506168,3.5569006743108695,3.7406249806347547,0.40574014048479207,0.5712636681211595,0.5709321703106137,0.8110632259439556,0.5987785940560387
338,0.04531202819054357,0.0025581580949324066,0.00198787497356534,0.0021432831166510215,0.0029034493138103373,2.7191309706372793,2.5114301694153642,2.7181040089092954,3.5588278088546605,3.741553464291273,0.4056672863153683,0.5712411827095948,0.5707905046428982,0.8111845013895883,0.5987785940560387
339,0.044866426488006525,0.0025578885712918757,0.00216358300531283,0.003907875970419392,0.0028718164318204194,2.7188395385127695,2.511401456380849,2.7183159659428284,3.5608342915280704,3.742627843213168,0.4055401007195057,0.5712378510513232,0.5706595934220868,0.8113292210800501,0.5987785940560387
340,0.04456059730747345,0.002557595934179326,0.0026084589771926403,0.0010643042945234626,0.0028402872988644886,2.7185697743417805,2.511270294620862,2.7183894910860653,3.562686872699397,3.7435045212504288,0.40542858827657896,0.5712383204326072,0.5705290657920594,0.8114561920037806,0.5987785940560387
341,0.04382785762048206,0.002557339650504514,0.002021749969571829,0.00370619603061443,0.002808863451628009,2.7181296838455755,2.5111281212199397,2.7185681149376286,3.5646311506623896,3.7446063742795075,0.40526914712934525,0.5712117351314075,0.5703824788340085,0.8115756381794565,0.5987785940560387
342,0.04459477926518473,0.002557067047756397,0.0021392920170910656,0.0011119091806224039,0.0027775464216649565,2.7176921414204904,2.510912054165893,2.718721549896791,3.5665447148890506,3.7456088046878144,0.40511896607438425,0.5711911705972985,0.570253461147757,0.8116974043258669,0.5987785940560387
343,0.04415513910708402,0.0025566542462537737,0.0019981670193374157,0.004194851624445146,0.0027463377353231923,2.7173048455266433,2.510303547014467,2.718468072423927,3.5680329787249216,3.74579535019872,0.4050081837438391,0.5711536192951132,0.570122149463229,0.8117773768789679,0.5987785940560387
344,0.04126980831495452,0.0025562717264079613,0.0024268749984912574,0.0011377388919925392,0.00271523891367006,2.716919620647566,2.50977492166738,2.7182938350505954,3.569582225628284,3.746148484111635,0.40488881416949934,0.5711072359762149,0.5699767739260639,0.8118535042562156,0.5987785940560387
345,0.042138687654549645,0.0025559164041371305,0.0023886249982751906,0.0012359577715586858,0.002684251472418251,2.7165360157204734,2.5092784059203224,2.718055774386633,3.571002099757235,3.7463550873843174,0.40476202862798133,0.5710479623983052,0.5698007696529834,0.8118899153949857,0.5987785940560387
346,0.043876604744437914,0.0025556409961635215,0.0021662499639205635,0.0022963637941707782,0.0026533769218519384,2.7161000646242472,2.5089515508568363,2.7179545248076096,3.5725331444501287,3.746735374623459,0.4046152556227362,0.5710070866939648,0.5696369099892036,0.8119453801930288,0.5987785940560387
347,0.04418992681098284,0.002555399543519896,0.0020402909722179174,0.0024367694104649733,0.0026226167667531583,2.7158153930233677,2.508786304601122,2.7179862924986926,3.574160111087342,3.747295455231471,0.4045096266251375,0.5710102125923143,0.5695070825464533,0.8120326284286803,0.5987785940560387
348,0.04297874782788947,0.0025551537682681103,0.002343666972592473,0.0017942696814237514,0.0025919725063284762,2.7156537122220143,2.5086752166609703,2.7180932459062017,3.5758608702568844,3.7480354212140705,0.40443649021989847,0.5710268168287902,0.5693843918081322,0.8121276295726588,0.5987785940560387
349,0.042462787771079424,0.002554896845556848,0.0022244160063564777,0.0008867930601697752,0.0025614456341359064,2.715537529318142,2.5085556201833157,2.71828533958242,3.5776396809914868,3.748974133700546,0.4043716681568003,0.5710294520540798,0.5692574755164143,0.8122211150643088,0.5987785940560387
350,0.04683726695081414,0.002554534698693477,0.002269333985168487,0.005644769021997659,0.0025310376380121382,2.71567959577519,2.508281874505792,2.7182341984349305,3.579129733992144,3.749320807120323,0.4044040072543243,0.5710817420356862,0.5691676613638951,0.8123070831096467,0.5987785940560387
351,0.045431809912419234,0.0025541493547273034,0.0026402499643154442,0.0014520942883254806,0.0025007500000000012,2.715875212400265,2.507987785686974,2.71815792790319,3.580590531460024,3.7496470116150857,0.404451627963412,0.5711360877947185,0.569086593276713,0.8124009268692955,0.5987785940560387
352,0.04437988952787414,0.0025537783215975533,0.0020701250177808106,0.0007510104825383226,0.0024705841962762423,2.7160210680145846,2.507706964531923,2.71813297629087,3.5821071987142457,3.7500555324969613,0.4044868839997527,0.571189887952765,0.5690129472887436,0.8125079333816846,0.5987785940560387
353,0.042309854215462045,0.0025533679889511033,0.0023196659749373794,0.0016782738476723849,0.002440541697079578,2.716200689669598,2.5073345945614105,2.7180338197658327,3.583546484404422,3.7503805915358965,0.4045364637368276,0.5712358616588471,0.5689334497991129,0.8125983935820251,0.5987785940560387
354,0.04450925135878826,0.002552935900419419,0.002068375004455447,0.0033567799120590943,0.0024106239666390364,2.716520258309941,2.50699112454605,2.7179773049583122,3.585028715990524,3.750825786482993,0.4046285645688977,0.5713060476146998,0.5688762663287935,0.8127089794778181,0.5987785940560387
355,0.0428959314690803,0.002552484666757646,0.0020845839753746986,0.0014682019859310305,0.00238083246310259,2.7168029946593713,2.5065488401024796,2.717841305993058,3.586399170294002,3.751119496228451,0.4047165620624555,0.5713644264718475,0.5688125402467571,0.812794806993726,0.5987785940560387
356,0.043535178159318344,0.0025519963267671393,0.0021071250084787607,0.0023084550716981366,0.0023511686384660928,2.7171507535978905,2.5060513771498663,2.717638503284399,3.587706726919435,3.7513545039249574,0.40482300856331904,0.5714141317841269,0.5687364434084062,0.8128657312496764,0.5987785940560387
357,0.04638518127806657,0.0025515674211228604,0.002371625043451786,0.0009657056089543505,0.0023216339385025075,2.7174226978845217,2.505644318520269,2.7174248495317324,3.588937023534868,3.7513726670958354,0.40490884576689523,0.5714793740237603,0.5686709048593699,0.8129405775165859,0.5987785940560387
358,0.046332930402510096,0.002551121500504639,0.0020682080066762865,0.004551988828752055,0.0022922298026914426,2.7178753303048953,2.505290802534627,2.7171983599534038,3.590151667347293,3.751427003324913,0.4050473130379856,0.5715742798822072,0.5686147102713364,0.813018839322695,0.5987785940560387
359,0.04767799903977123,0.0025506844747929837,0.0024304590187966824,0.00202071793298365,0.0022629576641489953,2.7181902599613816,2.50487789547363,2.7169708901127123,3.5913597687489873,3.751457024452136,0.4051560610618344,0.5716704855570586,0.5685885982157877,0.8131238239913474,0.5987785940560387
360,0.042535636844285095,0.0025501826937984165,0.0020705829956568778,0.0030330670496901903,0.0022338189495579018,2.7184403975584797,2.504259917819011,2.716562653937373,3.592367439671965,3.7510851339060225,0.40524842168489505,0.5717241256922208,0.5685396654034067,0.8131930719996263,0.5987785940560387
361,0.04440155963999548,0.0025497139296275107,0.002069458016194403,0.0005466530669615129,0.002204815079098002,2.718671067816551,2.5037042876658253,2.7161836715836642,3.593380690628469,3.7507549002066907,0.405336188206656,0.5717891062303023,0.5684967384359282,0.8132716105440573,0.5987785940560387
362,0.04364724019558788,0.002549265003680027,0.0024951249943114817,0.0011286053840203513,0.002175947466377023,2.718921220767806,2.5031816117526904,2.7157772787471166,3.5943248901870564,3.7503984019795,0.405426075553389,0.5718528030259998,0.5684381251706317,0.8133274088280021,0.5987785940560387
363,0.04423991930383675,0.0025489122496051434,0.0020864999969489872,0.004564357543771876,0.002147217518361684,2.7189515207950716,2.502784444639344,2.7155001127607616,3.595389182265935,3.750279985975485,0.4054448881661197,0.5719005751336145,0.568368330240541,0.8133881807649731,0.5987785940560387
364,0.0458236743817558,0.002548615252688099,0.0019359170109964907,0.0035588568671371165,0.0021186266353091193,2.719101755946963,2.5025867590576096,2.7154025936610293,3.5965954838527865,3.7504221455093902,0.4054942277228994,0.5719915169062652,0.5683279971724491,0.8134779292346523,0.5987785940560387
365,0.04121414152984264,0.0025482879952973907,0.002371541049797088,0.0017456973433004036,0.002090176210698632,2.7192331778455645,2.502304303592969,2.715197692967594,3.5976618732006824,3.7502942794906953,0.4055276098417429,0.5720393845378018,0.5682507887551447,0.8135279231994202,0.5987785940560387
366,0.04317491452385845,0.002547972879128303,0.002361999999266118,0.002453920964932853,0.002061867631163781,2.719251002344605,2.501995675155774,2.7149586441293954,3.5987045819944137,3.7501395008759517,0.4055280935552998,0.5720708576436837,0.5681662567278601,0.8135739322398294,0.5987785940560387
367,0.042437284876556104,0.0025476645936026755,0.002350499969907105,0.001335488529624614,0.002033702276424795,2.719314049034276,2.5017512758091995,2.714855637406774,3.5998820316738116,3.750228982970471,0.40553430618905434,0.5721019928349652,0.5680939968708939,0.8136431988971573,0.5987785940560387
368,0.043920967747872824,0.002547381895826149,0.0021235839813016355,0.0028757490223685644,0.0020056815192213283,2.7192698808444282,2.5015226202140575,2.71475839474545,3.60104961226522,3.7503308094377594,0.4054984190253185,0.5721018423565717,0.5680024236017911,0.8137006563594062,0.5987785940560387
369,0.043267065230689045,0.0025470650250934822,0.002132583991624415,0.0016630853235509759,0.001977806725245557,2.719230174674257,2.5011980175047874,2.7145510953515024,3.6020947827383556,3.7502060587521835,0.40546845471780696,0.5720905083972133,0.5678985147305595,0.8137380969318827,0.5987785940560387
370,0.045645221927442144,0.002546812705430984,0.0020844999817200005,0.002150713524828272,0.0019500792530756125,2.71919455087669,2.501051849120657,2.71449894617398,3.603298012881293,3.750365187959398,0.40543618606090265,0.572109468683372,0.5678214990792007,0.8138130658719169,0.5987785940560387
371,0.04432296118948149,0.0025466100989181865,0.0023547079763375223,0.0029689486738823582,0.0019225004541093714,2.719046114672526,2.5009501472839357,2.714509737591734,3.604541671022548,3.7506833832147963,0.40537383265589033,0.5721217104683086,0.5677303424392914,0.8138860291933809,0.5987785940560387
372,0.04703598578760607,0.0025464745990641147,0.002135458984412253,0.0023010255892326847,0.0018950716724985875,2.718851368597294,2.500968363814056,2.7146205336245695,3.6058512745996856,3.7511565564546987,0.4052999230251282,0.5721568091009633,0.567657793516019,0.8139751579990724,0.5987785940560387
373,0.04506734899041376,0.0025464119234775645,0.0023770409752614796,0.004047339706289181,0.0018677942450833797,2.7185330838241577,2.501085799920937,2.7147940971872124,3.6072131947482546,3.7517737572391243,0.4051886886363451,0.5721963857562256,0.5675892469803814,0.8140735850027022,0.5987785940560387
374,0.04315856613692502,0.002546323101149739,0.0020622910233214498,0.0006324245360540425,0.0018406695013270778,2.718250743083919,2.5011565620427136,2.7149353844590944,3.6085384051397984,3.7523499462114316,0.40508548787318555,0.5722238584360774,0.5675145334982377,0.8141668867146515,0.5987785940560387
375,0.04161543589854647,0.0025461253536407835,0.0024705410469323397,0.004244544379556294,0.0018136987632514257,2.717988218002866,2.5009343005264304,2.714835791175437,3.6095465717534547,3.752368692126769,0.40499291070552745,0.572197147077143,0.5673993912623471,0.814197593106946,0.5987785940560387
376,0.04519110199596765,0.0025459686949112588,0.0023412080481648445,0.0029355150739284247,0.0017868833453721464,2.717818567302648,2.500873499212882,2.714887700312534,3.610708172136265,3.7526396980452716,0.4049283292065482,0.5722155792641067,0.5673229550512042,0.8142733046015211,0.5987785940560387
377,0.04533085447632674,0.002545762059361942,0.0020474580232985318,0.0030781313376189454,0.001760224554634879,2.7176978828353304,2.500684290633543,2.7146518988815456,3.6115265207195213,3.75230613927454,0.40489562905759774,0.5722524054457359,0.5672407304849713,0.8143189954787735,0.5987785940560387
378,0.0447273597901215,0.002545559735319869,0.002481500036083162,0.0023249109433454186,0.0017337236903514676,2.717506855511446,2.5004347541074474,2.714370135639253,3.6122715046264817,3.75190615220352,0.4048533746235772,0.5722923368783998,0.5671662101382127,0.8143588618616356,0.5987785940560387
379,0.04386301887694149,0.002545363906329017,0.002103750011883676,0.0010133071084526101,0.001707382044136658,2.717369627105846,2.5002351356337194,2.7141697845941355,3.613097295174037,3.751710014341906,0.40482024391996263,0.5723295566657818,0.5670879363194082,0.8144019287691997,0.5987785940560387
380,0.043159073978075196,0.0025452217444927273,0.002275582985021174,0.002406192143345626,0.001681200899845118,2.7171844652670143,2.500138281515871,2.7140752076846604,3.614014984699503,3.751708357360233,0.4047657871168273,0.5723666071962938,0.5670136021823856,0.8144546480668308,0.5987785940560387
381,0.04411340877034159,0.002545052119798364,0.002365332969930023,0.0013006668241755124,0.00165518153350889,2.717064347737745,2.500019808725759,2.713988875506253,3.6149595072807177,3.7518131953771117,0.40472716970791334,0.5723983771093281,0.5669391967966418,0.8145088353346912,0.5987785940560387
382,0.04595996784927845,0.002544924793321101,0.002036375051829964,0.0024687751197107312,0.0016293252132751743,2.7169840015378273,2.500047455408597,2.714060795337226,3.6160686466903442,3.7521810152483566,0.404691552311587,0.5724486142688662,0.5668894211361944,0.8145985420773979,0.5987785940560387
383,0.043634349150288035,0.0025447860937976158,0.0026452080346643925,0.0016732907847900685,0.0016036331993445477,2.716970933982976,2.5000877243372424,2.7141783146283514,3.617212378462498,3.752609194429917,0.4046717445564735,0.5724968677681864,0.5668405962187669,0.8146901970306318,0.5987785940560387
384,0.04320598666079651,0.002544675502238893,0.0024682499933987856,0.0015989759923432994,0.0015781067439095222,2.716943487081453,2.5001914770031615,2.714367260402743,3.61842045761839,3.753160792454272,0.40463954177082395,0.5725382208379458,0.5667902479501414,0.8147878185780311,0.5987785940560387
385,0.04518471539883574,0.00254455893771875,0.002395500021521002,0.004334332907268698,0.0015527470910935187,2.7170553191938556,2.500352688593027,2.714608405874717,3.6196687924101347,3.753820474912478,0.404649122955718,0.5726071963244272,0.5667578558641109,0.8148984617310251,0.5987785940560387
386,0.042219678370206154,0.002544446221100019,0.0021564170019701123,0.001686154213398394,0.0015275554768902442,2.717210556694954,2.500528176897131,2.7148761981336484,3.620910815023123,3.754543341083114,0.40466616715839293,0.5726683475739541,0.5667138159957296,0.814994749931208,0.5987785940560387
387,0.04446981215807756,0.0025443573873936156,0.0020992920035496354,0.0021340977043384137,0.0015025331291034288,2.7172836941752325,2.5007044071752738,2.715142295729573,3.622147774515684,3.7552631178708302,0.40466066564211056,0.5727239369438574,0.5666679628143619,0.8150910704979689,0.5987785940560387
388,0.042087213229525904,0.0025442905708100766,0.0023605829919688404,0.0018700765207289893,0.0014776812672870094,2.7173106798851108,2.5008982635430437,2.715443175235431,3.623409009864994,3.7560686318564835,0.4046360710666548,0.5727622827422412,0.5666092952946309,0.8151818514672686,0.5987785940560387
389,0.045803558764429514,0.0025441915727971685,0.002019207982812077,0.0025919552308659682,0.001453001102685663,2.7174057716508817,2.5010545990261686,2.7157237528174245,3.6246561386647,3.7568382166965484,0.4046389317838206,0.5728187288721408,0.5665753807706478,0.8152895355144769,0.5987785940560387
390,0.04755219787093745,0.0025440246584048734,0.0020388750126585364,0.0031213008178073453,0.0014284938381758005,2.71754105134097,2.5010735340812857,2.715813688997097,3.6256763121816262,3.7571501260617026,0.40466577940340753,0.5728825417830461,0.5665548200412901,0.815386536535777,0.5987785940560387
391,0.04127986164523381,0.002543863869227861,0.002500083006452769,0.0008601414273848527,0.0014041606682069128,2.7176617162411887,2.501088670367711,2.715935990041256,3.626709169587111,3.757543318791395,0.4046828890693321,0.5729274545629068,0.5665191656259394,0.8154733041917193,0.5987785940560387
392,0.043387265602041286,0.002543703783572196,0.002068999980110675,0.002054882731644108,0.001380002778743382,2.717719738322763,2.501080821978089,2.7160220524675323,3.627725098787624,3.757928362262854,0.4046774705231848,0.5729524517819874,0.5664704202204547,0.815554404381269,0.5987785940560387
393,0.044334796795640924,0.0025434956191146786,0.002005374990403652,0.0030500294386511233,0.001356021347206654,2.717839198146957,2.5009924783403576,2.715977259974068,3.628572992601004,3.757987106152711,0.4046970656480393,0.572987050142381,0.5664312630515146,0.8156224576000751,0.5987785940560387
394,0.04278921839090427,0.0025432749226594743,0.002008874958846718,0.0021625787630826982,0.001332217542417869,2.7179107542230483,2.500845546288026,2.715886110430982,3.6293643775550946,3.7580025672159607,0.404698892080413,0.5729929466209537,0.5663676320787477,0.8156697203373506,0.5987785940560387
395,0.04624367015037778,0.0025430751914105407,0.0024472500081174076,0.0015288057754534708,0.0013085925245408944,2.7180019461373273,2.500751331528323,2.7158828018624845,3.6302331467632487,3.7581649456215174,0.4047071277579819,0.5730123062896836,0.5663221344875187,0.8157366212244498,0.5987785940560387
396,0.04502142904061676,0.0025429069729862304,0.002104625047650188,0.0011396059028045986,0.0012851474450257668,2.718052420715388,2.5006787382833884,2.715888675081531,3.6310698660181147,3.7583246176874443,0.40471211602271795,0.5730472679745159,0.5662847047736366,0.8158051261600849,0.5987785940560387
397,0.043872826201398006,0.0025426998131329263,0.002493582956958562,0.0025157657914670257,0.0012618834465525906,2.7181271082857053,2.500518130444528,2.715797905078526,3.6318024017988586,3.758343305553002,0.4047347755726572,0.5730905174253894,0.5662545966320788,0.81586365854085,0.5987785940560387
398,0.0450749787979347,0.0025425330582020773,0.00246270903153345,0.0015004870393086035,0.0012388016629758254,2.7181737661778804,2.500429464623078,2.715770803924012,3.6325928442842916,3.7584831491650244,0.4047477117194203,0.5731409411671339,0.5662306049381789,0.8159329217554406,0.5987785940560387
399,0.04397598991460551,0.002542359707236433,0.002046500041615218,0.0017836008512227028,0.0012159032192690445,2.7182589775150174,2.5003421825730006,2.7157269567183118,3.6333568360627324,3.7586266178971326,0.4047730932188871,0.5731974908884107,0.5662074922188809,0.8160002252652979,0.5987785940560387
400,0.04453932387878046,0.0025421834310801854,0.0020724170026369393,0.0009009243093958855,0.0011931892314700856,2.7183269184141423,2.5002247427638298,2.7156890359415766,3.6341207221317235,3.7588045437215816,0.40479828057272255,0.5732533263939469,0.566186745182119,0.816064810133895,0.5987785940560387
401,0.04413588340090294,0.002541965500769697,0.0020617920090444386,0.0024432357832114655,0.0011706608066266702,2.718390659382955,2.5000153536108587,2.715529722460865,3.634756158493312,3.758736632695944,0.4048288261492606,0.5733079991940637,0.5661726956822826,0.8161224537118474,0.5987785940560387
402,0.044792813456820756,0.002541745105415056,0.002095790987368673,0.0016966826221047665,0.0011483190427424423,2.718484834311679,2.4998147755689826,2.715356536625947,3.635371617166594,3.7586655802191413,0.4048685502383795,0.5733671518934748,0.566158169854162,0.8161769091412459,0.5987785940560387
403,0.045923107718009316,0.0025415815855224836,0.0020276670111343265,0.002498581459163199,0.0011261650287234543,2.7185440230035303,2.499725789289362,2.715299982411527,3.63609905334537,3.7587922216620533,0.404891178966892,0.5734285239426079,0.5661479364026285,0.8162487044879354,0.5987785940560387
404,0.0421127233385122,0.002541449478344482,0.0022922090138308704,0.0027042910329606097,0.0011041998443250959,2.718537248188087,2.4996624376834964,2.7152929648956445,3.636862077462117,3.7590200342833837,0.40489060812029565,0.573476099264586,0.566128759376605,0.8163173326709346,0.5987785940560387
405,0.0426928542270292,0.0025413558312706386,0.0020914580090902746,0.002245691435310971,0.0010824245600994634,2.7185381968540345,2.4996932644108614,2.7153779760725936,3.6377056791267903,3.7593941582660557,0.404881944719718,0.5735215196614323,0.5661109721745269,0.8163945829944177,0.5987785940560387
406,0.04434321037048872,0.0025411610730917064,0.0020190419745631516,0.005568669739929548,0.0010608402373431939,2.718525941778901,2.4994844041782147,2.7152390507972335,3.6382903303253755,3.759289454782261,0.4048812403740585,0.5735426529276437,0.5660839587508292,0.8164383503715809,0.5987785940560387
407,0.04459541937670371,0.0025409645579204765,0.002056583994999528,0.0017784482571334649,0.0010394479280457247,2.718559653286105,2.4993001731805413,2.7151306850179204,3.638904438086077,3.759268896591753,0.404888598995202,0.5735611300149819,0.566054565736922,0.8164832848695244,0.5987785940560387
408,0.04531207863799462,0.0025408210862187725,0.002021250023972243,0.0023360263100479987,0.0010182486748380314,2.718571620401169,2.499214546371599,2.715123910572944,3.639594392546746,3.759399406464754,0.40488622590275497,0.5735888004640388,0.5660357783203828,0.8165443810365498,0.5987785940560387
409,0.04478398594990801,0.0025406665392888766,0.0023710840032435954,0.0016018215499101155,0.0009972435109418076,2.718613067747567,2.4991241914672844,2.7151046839745243,3.640277495573626,3.7595230833154876,0.4048942899982883,0.573623167314302,0.5660241795606917,0.8166111545915937,0.5987785940560387
410,0.04708956150676881,0.002540518702353545,0.0020589999621734023,0.0028942010361359357,0.0009764334601191078,2.718707038687379,2.4990748790281248,2.715105643357813,3.6409732314340437,3.7597084843193893,0.40491780438848446,0.5736725104880971,0.5660242240901863,0.816687089716956,0.5987785940560387
411,0.04415129825906791,0.0025403604969877263,0.002449665975291282,0.001047803699464054,0.0009558195366224508,2.718809667406459,2.4990094388755595,2.715097551915825,3.641662458897314,3.759913477368743,0.4049417416472445,0.5737130927065467,0.5660169381136264,0.8167587208403458,0.5987785940560387
412,0.042523493171041454,0.0025401493007902827,0.002089874993544072,0.004788340186658612,0.000935402745145387,2.718866877189939,2.4987848346576014,2.71490224020964,3.6421285576505253,3.759788625861317,0.40496220737838545,0.5737372406322344,0.5659959191077708,0.8167962781071807,0.5987785940560387
413,0.044542519725552815,0.0025399681751200214,0.0020450829761102796,0.0012725400058344104,0.0009151840807735252,2.7189137299483135,2.4986175910829385,2.714785056869497,3.6426633561384603,3.75979123462995,0.4049769426350988,0.5737651296036937,0.5659830338812235,0.8168461390236331,0.5987785940560387
414,0.042953691202706167,0.0025398428921207055,0.0020509169553406537,0.003524367554991446,0.0008951645289360467,2.7189028929629613,2.498536096168632,2.714749691459775,3.643255861400485,3.759909152137166,0.40496887736688436,0.5737892738066063,0.565966574507427,0.816900036638562,0.5987785940560387
415,0.04402292003437063,0.0025396442508437743,0.0025253749918192625,0.005204660092347758,0.0008753450653576633,2.718908847292491,2.498292942787624,2.7145318664291387,3.643624591880156,3.7596429576745143,0.40497353026934396,0.5737972817550338,0.5659338698982505,0.8169200081339488,0.5987785940560387
416,0.04697035044553295,0.0025394434782375,0.002107999986037612,0.0022829044549736335,0.0008557266560110695,2.718945182085789,2.498059813585713,2.7142887779615066,3.643952507328007,3.759299443998263,0.4049918044998552,0.5738202357760704,0.565909371854623,0.8169448107991463,0.5987785940560387
417,0.04556483312105244,0.00253926666252163,0.0027099160361103714,0.0014958921812043453,0.0008363102570698579,2.718994379696611,2.497873375619184,2.714115693688465,3.6443313121117167,3.759080885242104,0.40501475020226246,0.5738523122677033,0.5658916053204084,0.8169776243824064,0.5987785940560387
418,0.04472669078837088,0.002539113973422622,0.0025064590154215693,0.002257694595942361,0.0008170968148619213,2.7190697978481504,2.497750964284559,2.714024588159898,3.6447784086219333,3.758997901563714,0.4050412631432328,0.573890455636129,0.5658817850892555,0.8170212003560301,0.5987785940560387
419,0.04305398167749495,0.002538959593687218,0.0023954170173965394,0.0007514802929785179,0.0007980872658233266,2.719140195841087,2.4976223217832176,2.7139231369795564,3.645203472786004,3.758867351266095,0.4050668739647153,0.5739268057549712,0.5658710845481296,0.8170641003682868,0.5987785940560387
420,0.0441709970596934,0.002538823411212771,0.0021442080033011734,0.0015118771076464913,0.0007792825364526756,2.7192229822895477,2.497537248726272,2.7138621351362486,3.6456633502247624,3.758831873596712,0.40509345813758074,0.5739655691830938,0.5658592452047049,0.8171086487376561,0.5987785940560387
421,0.044025232073534024,0.002538702949459383,0.0023958340170793235,0.0012134852758007575,0.0007606835432659496,2.7192767537795235,2.4974668229786277,2.713811849245423,3.646128694631051,3.7588367761075197,0.4051106897464367,0.5740020128936503,0.565846517950691,0.817152521049861,0.5987785940560387
422,0.0444155049142233,0.0025386002395914736,0.002170082996599376,0.0037307892938776527,0.0007422911927518332,2.719377941655667,2.497457285632203,2.7138291335354743,3.6466483790483646,3.7589530312731583,0.405139620271679,0.5740497190754118,0.5658422371223106,0.8172064061138832,0.5987785940560387
423,0.04394273052470445,0.0025385015148467137,0.0020309999817982316,0.002003185260497362,0.0007241063813275485,2.7194349848887898,2.497430405244119,2.7138285962891944,3.6471338263700495,3.7589863856239445,0.40515632287449665,0.5740903313677781,0.5658357449901522,0.8172559061883009,0.5987785940560387
424,0.042467517883022936,0.0025384343221159724,0.002092542010359466,0.0038056571323717915,0.0007061299952951432,2.7194309398653416,2.4974340966495507,2.713864978606767,3.647642410959516,3.759094821891798,0.4051518951476224,0.5741212991725069,0.565822942788026,0.8173034907479452,0.5987785940560387
425,0.043257631747112474,0.002538362574301246,0.0024165830109268427,0.0010753314390392814,0.0006883629107983164,2.719416731860286,2.4974189229616823,2.71386838638151,3.6480945911408305,3.7591106316808736,0.40514440722373046,0.5741461200617969,0.5658046365327529,0.8173427217643212,0.5987785940560387
426,0.04490865542761957,0.0025383223506377415,0.0025604169932194054,0.002474622120503281,0.0006708059937796987,2.719388704500637,2.497460783884538,2.713922096724188,3.648586209171533,3.7592212441571067,0.40512935987879295,0.574172256545196,0.565786062309742,0.817384143426038,0.5987785940560387
427,0.043872126612152756,0.002538254604683742,0.002015291014686227,0.002270990516811941,0.0006534600999386576,2.719386425789299,2.497450695628318,2.7139437354319353,3.649035954979718,3.759288945937326,0.405123981929558,0.5741933996687112,0.5657650985982735,0.8174193076083962,0.5987785940560387
428,0.046719374033858195,0.0025381800017752337,0.0024665839737281203,0.0032377503919858094,0.0006363260746895873,2.71942454012296,2.4974390974820633,2.7139520687900305,3.6494453519213104,3.75928293151243,0.40513432637456775,0.5742271741441296,0.5657555271840283,0.8174565804325243,0.5987785940560387
429,0.04245880462255011,0.0025380937229238574,0.002093791961669922,0.0014448652859954233,0.0006194047531207041,2.7194512613163706,2.497391860797942,2.7139306679518516,3.6498155640941565,3.759226801579544,0.405142946364931,0.5742549662362998,0.5657435199645101,0.8174880269575657,0.5987785940560387
430,0.04658325723092004,0.002538002783001825,0.0023287920048460364,0.0011775733157057908,0.0006026969599533516,2.719488809353175,2.4973440604924906,2.7138872347526752,3.6501692662835654,3.7591442310806475,0.4051543050557326,0.5742840105625703,0.5657324299879735,0.8175175765706953,0.5987785940560387
431,0.0447187889287405,0.0025379310868061996,0.002186083991546184,0.004873425706049584,0.0005862035095017946,2.7194617425301155,2.4973036749827866,2.713856088700641,3.6505385226855713,3.759116381878378,0.4051431898240237,0.5742989992012907,0.5657114660053353,0.817542486670832,0.5987785940560387
432,0.04434964792091804,0.0025378741849152214,0.0020459590014070272,0.0012915953792657948,0.0005699252056335431,2.719444598596045,2.497293904066961,2.713851122008842,3.650917655893201,3.759145408963336,0.40513135971389785,0.5743117380264479,0.5656850774743204,0.8175617345888825,0.5987785940560387
433,0.04320703123370596,0.002537822437410201,0.002146459009964019,0.0018037097035429506,0.000553862841730158,2.7194130583897715,2.4972831549056704,2.713852775834779,3.651297097686999,3.759218863563761,0.4051135124532866,0.574315906815467,0.5656495174405413,0.8175748784089724,0.5987785940560387
434,0.043914843283815876,0.002537782493170734,0.002432583016343415,0.0015470553928978985,0.0005380172006485993,2.719398132103947,2.497297801550494,2.713877595156392,3.651681685680852,3.75933727213486,0.4051005322487494,0.5743255854873455,0.5656170770027911,0.8175887921534948,0.5987785940560387
435,0.04477639506243872,0.002537715803873904,0.0024857919779606164,0.004085955865852096,0.0005223890546830563,2.7194256702887794,2.497272350561104,2.713850043760683,3.6519958738849314,3.7593443614080173,0.4051035339057123,0.5743388446208691,0.5655860190579514,0.81759594279368,0.5987785940560387
436,0.04252968924841878,0.002537648898341464,0.002099042001646012,0.0006954910300453923,0.0005069791655273144,2.7194476182878398,2.4972435357912492,2.7138294356864305,3.6523181660546546,3.759385788964267,0.4051040563331084,0.5743480133413681,0.5655541029285445,0.817604022779104,0.5987785940560387
437,0.045445510363056434,0.0025375952398338317,0.0025927090318873525,0.0016896729088457343,0.0004917882842376341,2.7194756436445964,2.4972443811484006,2.713839180976167,3.6526631354612693,3.7594767720649376,0.4051062429767401,0.5743633205504122,0.5655292275529825,0.8176197024766056,0.5987785940560387
438,0.04327165852361439,0.002537538784915541,0.002045749977696687,0.0005477670327826409,0.00047681715119613513,2.7195006450907018,2.497235675653066,2.7138467159561386,3.6530001303029054,3.7595663199581177,0.4051076058699014,0.5743762032272461,0.5655051604467307,0.8176353038724801,0.5987785940560387
439,0.0463945568703513,0.0025374814554350164,0.002041540981736034,0.002126542358600183,0.0004620664960747236,2.7195431292606562,2.497234099000141,2.7138664724620143,3.6533454523097197,3.759674446923659,0.4051148432042639,0.5743939681177078,0.5654881748992819,0.817657328894797,0.5987785940560387
440,0.043713379863052626,0.002537409763792591,0.00237054203171283,0.0021145360354224768,0.0004475370377995175,2.7195910846222655,2.4972011458601022,2.7138477258077884,3.6536448714933085,3.759732792551409,0.4051255949612775,0.5744090166839936,0.5654680014004692,0.8176730665203651,0.5987785940560387
441,0.0449060928339429,0.002537351325568597,0.0020318340393714607,0.0012002300100274112,0.0004332294845158176,2.7196343988107095,2.4971910620515474,2.713843750880139,3.653946352322972,3.7598093030688156,0.40513504550123114,0.5744280343723357,0.5654522769103717,0.8176928437666898,0.5987785940560387
442,0.04325257438074933,0.002537299342171234,0.0023640000144951046,0.000956630146656243,0.000419144533553583,2.719670398112218,2.4971909418691975,2.7138529787951016,3.6542575502621557,3.7599159231834616,0.40514055911052554,0.57444351544409,0.5654348446373262,0.8177128844292109,0.5987785940560387
443,0.043888253518407,0.0025372350907196177,0.002041917003225535,0.002998902318231696,0.00040528287139345574,2.719728224168113,2.4971721867863823,2.713858022063999,3.65455878664786,3.760032564115228,0.40515332012022004,0.5744576876722483,0.5654174576368237,0.817731461469016,0.5987785940560387
444,0.041538478694749026,0.002537158494927693,0.002354416996240616,0.0026012470680529852,0.00039164517363329224,2.7197705356384243,2.497118078887878,2.713814316986559,3.654802991088587,3.7600612375142513,0.40516307624956654,0.5744662526808951,0.5653961138632718,0.8177429114305377,0.5987785940560387
445,0.0458471954059933,0.00253709572608746,0.002074040996376425,0.001474061530351702,0.0003782321049552411,2.719809571489246,2.4970878701694645,2.713787422712995,3.655050381721909,3.7600984642486606,0.40517325725769193,0.5744816765533431,0.5653810221129955,0.8177595761820348,0.5987785940560387
446,0.04421971107525738,0.0025370526647075895,0.002056750003248453,0.002779017137785318,0.0003650443190933469,2.7198256816316615,2.497082108414726,2.7137939488053004,3.655315452295257,3.760181274159149,0.4051754280925622,0.5744953351848271,0.5653665320440193,0.8177782557662956,0.5987785940560387
447,0.04465901691416524,0.0025369993019378426,0.002013334014918655,0.002966687213374174,0.0003520824588016869,2.719821840668732,2.4970430846296736,2.7137716286901763,3.6555475300702107,3.7601981229176666,0.4051736260566296,0.5745042203332132,0.5653515562320368,0.8177937142509684,0.5987785940560387
448,0.041710615940379246,0.0025369482584381023,0.0021580829634331167,0.003096123636369346,0.00033934715582304695,2.719795131630593,2.4969957742945605,2.7137460842751095,3.6557750160557463,3.7602236562935945,0.4051652921943998,0.5745083672298087,0.5653347942287312,0.8178086092140011,0.5987785940560387
449,0.04340634958205481,0.0025368962750000365,0.002147125022020191,0.0009268212285615822,0.0003268390308581253,2.7197715050838873,2.4969416031456926,2.713721900952401,3.6559927166698576,3.7602563817812964,0.40515883695113647,0.5745118180195303,0.5653172865281949,0.8178210064849495,0.5987785940560387
450,0.04492147720411776,0.00253685826124772,0.002003624977078289,0.0016635661586818615,0.0003145586935352887,2.719745990576881,2.4969118806207193,2.7137200096457557,3.6562213344333943,3.760323664706891,0.40515130160430074,0.5745182140502468,0.5653024487478209,0.8178356645283146,0.5987785940560387
451,0.04426723396527104,0.00253682928824629,0.00208583299536258,0.0028880338954746605,0.00030250674238085137,2.7197063908740615,2.4968937004118,2.7137357490302243,3.656463471906303,3.7604260829055725,0.40513825888302635,0.5745217112105611,0.5652876215521537,0.8178529750064706,0.5987785940560387
452,0.04255378555425179,0.002536787010376199,0.0021145829814486206,0.0028270039007356794,0.0002906837647899102,2.719667304503403,2.4968450374734448,2.7137203700643697,3.6566606677523636,3.7604584597146897,0.4051257307237373,0.5745192031178018,0.5652692908195638,0.8178631080799583,0.5987785940560387
453,0.0431988384112216,0.0025367630434207688,0.0020229589426890016,0.004199204819036417,0.0002790903369977137,2.7196093059809763,2.4968204847953883,2.7137243627117624,3.656863659018916,3.760520977788259,0.4051064960131346,0.57451609631013,0.5652500105093275,0.8178731854033124,0.5987785940560387
454,0.04614060641900826,0.002536738798498014,0.0020130000193603337,0.0022662063583166986,0.0002677270240515765,2.7195721247831264,2.4968039387777643,2.713721547012811,3.65704670311187,3.760558157154395,0.4050939309855531,0.5745182060214881,0.565234228272982,0.8178832577895057,0.5987785940560387
455,0.04139065772306312,0.0025367059976017146,0.002082457998767495,0.001955922255758119,0.0002565943797833396,2.7195472997859773,2.496772112625625,2.713711510314362,3.6572143180048338,3.760585636893917,0.4050850286929681,0.5745174506937206,0.5652162914007826,0.8178892021121488,0.5987785940560387
456,0.04385573653831024,0.002536670366551242,0.0019641669932752848,0.001314359082215415,0.00024569294678238046,2.719521695951996,2.496733058708213,2.7136912576259413,3.657365730370845,3.7605910566146536,0.40507636741638553,0.5745158906466564,0.5651985836987361,0.817894260003144,0.5987785940560387
457,0.04562755994633162,0.0025366081669364934,0.002037750033196062,0.006172040048309967,0.00023502325636916188,2.719497795771668,2.4966372308434743,2.713617329993232,3.657459809942995,3.7604935114759215,0.4050716144051972,0.5745104225852233,0.565180582586969,0.8178929069677998,0.5987785940560387
458,0.04198914558636552,0.0025365329447168384,0.002037874946836382,0.004973949454887285,0.00022458582856934304,2.7194914945859745,2.4965204669281,2.713504901054598,3.6574947395954704,3.7602989495068613,0.40507248858283695,0.5745031416183523,0.5651590760018919,0.8178830476620929,0.5987785940560387
459,0.04538529964071547,0.0025364723606604274,0.0027962499880231917,0.0018652275843864473,0.0002143811720884298,2.7194877742795485,2.4964345644804404,2.713422549623726,3.657555068102556,3.7601559397363413,0.40507312713195964,0.5745005783195978,0.5651431667452295,0.8178790313378047,0.5987785940560387
460,0.04774140013208172,0.0025364243081370296,0.002066665969323367,0.002024759581318403,0.00020440978428698246,2.7194869639366392,2.4963737214336326,2.7133528217520415,3.6576175383379104,3.7600282676210446,0.4050751893691836,0.5745047517741182,0.5651324962010771,0.8178789822945425,0.5987785940560387
461,0.046947400376947154,0.0025363886198542353,0.0020903330296278,0.002803453545358521,0.00019467215115637467,2.7194917135586634,2.4963407862682705,2.7133111372862144,3.657704030204577,3.7599512502994044,0.4050780309706253,0.5745131216566732,0.56512602514379,0.8178838982578114,0.5987785940560387
462,0.044887506312422464,0.002536353602695412,0.0020124170114286244,0.002099281645474858,0.0001851687472951083,2.719504171354895,2.4963104513965737,2.7132799684255735,3.6577950199163265,3.7598955353084493,0.40508326605212275,0.5745223407303849,0.5651213109683837,0.817890176038581,0.5987785940560387
463,0.04192479636401045,0.0025363202628994044,0.002136833034455776,0.0007642001957758154,0.00017590003588567962,2.71951730994345,2.496283625659125,2.7132554339018125,3.6578888849710087,3.7598577799192854,0.4050873018293547,0.5745288692972235,0.565115702069362,0.8178960685413807,0.5987785940560387
464,0.044610665887316804,0.002536292723129331,0.002437290968373418,0.001591789047364523,0.00016686646867200534,2.7195322722380797,2.4962687466381244,2.7132448212900875,3.6579921671875026,3.75984533740034,0.405091299505644,0.5745361306570986,0.5651110486988359,0.817903547417946,0.5987785940560387
465,0.04429415723418557,0.002536270876030331,0.002025499998126179,0.0014656053006926527,0.00015806848593740948,2.7195454974030784,2.496263602011844,2.7132479079918013,3.6581046895146256,3.759859055523913,0.4050940540261036,0.5745429948878998,0.5651069918224436,0.817912376761202,0.5987785940560387
466,0.04412241187485196,0.00253624715549525,0.002394207986071706,0.0015582675379114804,0.00014950651648315563,2.7195613722433793,2.496254508591564,2.71324469898046,3.658208090482929,3.759870229360695,0.4050978873529941,0.5745497853165042,0.5651031198712357,0.8179203642715783,0.5987785940560387
467,0.04309064589534672,0.0025362247218354526,0.0021491249790415168,0.002264367595387734,0.00014118097760755784,2.719567802642997,2.496241651378718,2.7132405126877925,3.6583092613462105,3.759888065718128,0.40509909061784155,0.5745545458635599,0.5650985143705339,0.8179275033028487,0.5987785940560387
468,0.042780058823348205,0.0025362027068151767,0.002040875027887523,0.0007226678490019548,0.00013309227508563512,2.719573558315387,2.4962277179762666,2.7132335275945123,3.658401765611139,3.759898557115307,0.40509979524128725,0.5745579107887696,0.5650928431975366,0.8179325982915486,0.5987785940560387
469,0.04503522814330541,0.0025361825901745283,0.0025301669957116246,0.00047521591966320407,0.00012524080314933647,2.719578145166568,2.4962153283090482,2.713229249232481,3.6584926182918744,3.759917640898355,0.405100259882095,0.5745611043364316,0.5650875498336624,0.8179378008187707,0.5987785940560387
470,0.04271746529324353,0.002536164647006082,0.0020534590003080666,0.0015428223356916894,0.00011762694446832748,2.7195780332438546,2.4962035426599347,2.7132205692534366,3.658571410778316,3.7599219745837402,0.4050993515446386,0.5745638535941467,0.5650826669352722,0.8179421310399839,0.5987785940560387
471,0.044321988020423336,0.0025361487596080395,0.0020815000170841813,0.0006372642227761084,0.00011025107013133847,2.7195767865632763,2.496194071227208,2.7132138896279945,3.6586469544269824,3.7599284234235864,0.4050980705325521,0.5745663888659417,0.5650780102932633,0.8179464314303014,0.5987785940560387
472,0.045683129532070293,0.002536132625786418,0.0020040000090375543,0.0015261174270646994,0.00010311353962807993,2.7195794057489984,2.4961854328890323,2.713209844090147,3.6587221682346627,3.7599418097822106,0.40509795480047406,0.5745691381165785,0.5650742239457348,0.8179516186868324,0.5987785940560387
473,0.043956254336687726,0.0025361177413124386,0.0023872499587014318,0.0005643326562501157,9.621470083171694e-05,2.719582388260121,2.4961784992445404,2.713207537451922,3.658795364969134,3.7599596767301255,0.40509799001801833,0.5745718368542218,0.5650707066226897,0.8179569383460996,0.5987785940560387
474,0.04075961440228775,0.002536102486749347,0.0021086250199005008,0.0020812411055547097,8.955488998192129e-05,2.719582004652846,2.4961668416245995,2.7132025312348698,3.6588602602254485,3.759973678482647,0.40509710455343306,0.5745727276097528,0.5650660692160326,0.817960680100087,0.5987785940560387
475,0.04345730022952424,0.0025360870156958992,0.002048958034720272,0.002493074806086672,8.31344316684771e-05,2.719577947155276,2.4961512719669,2.7131947210037004,3.658918422475442,3.759984647821395,0.4050952705554695,0.5745721847048305,0.5650606225203615,0.8179633434459742,0.5987785940560387
476,0.04456822123967402,0.002536074732513262,0.002067791996523738,0.0008170538367147367,7.695363881546601e-05,2.7195743883599106,2.4961406151423593,2.7131879232039497,3.6589718972989522,3.759997801905441,0.40509368108082255,0.5745724825081492,0.5650552889767843,0.8179654224640474,0.5987785940560387
477,0.04502170409177343,0.0025360666305424095,0.002374958014115691,0.0029465091471852748,7.101281266601034e-05,2.719567692578275,2.4961361911316495,2.713187670584049,3.6590277459630243,3.76002026689319,0.40509083586034617,0.5745727577139365,0.56505074296626,0.8179683857341127,0.5987785940560387
478,0.04188235245180048,0.0025360593934020854,0.0024585829814895988,0.0013566288314888,6.531224276759696e-05,2.7195640725498693,2.4961342283464307,2.71318978235579,3.659081773190009,3.760046414268702,0.40508849608679126,0.5745725806654775,0.5650458533714622,0.8179707798559208,0.5987785940560387
479,0.04698510032249381,0.002536055782758437,0.0020382499787956476,0.002983621418848225,5.985220695795936e-05,2.7195576315281884,2.4961367523646563,2.7131964688095307,3.659135612992759,3.7600762334303184,0.4050855838582051,0.5745733498421388,0.5650424354776382,0.8179740517506922,0.5987785940560387
480,0.043468148395047014,0.0025360513133966243,0.0019770829821936786,0.002732337778308515,5.463297135153983e-05,2.7195560889470682,2.496139304725443,2.71320224493278,3.6591848019396296,3.7601031182765023,0.4050841311055969,0.5745745196324231,0.565039697369823,0.8179773084049953,0.5987785940560387
481,0.04253479397126215,0.002536046109853143,0.0020433749887160957,0.0014675741965820817,4.9654790326519536e-05,2.7195539657404026,2.496138760568942,2.713203743559023,3.6592250786763234,3.760119256108382,0.40508276190114645,0.5745752235579112,0.5650367298051693,0.8179796100556362,0.5987785940560387
482,0.04445604431085217,0.002536040430449744,0.0020077499793842435,0.0017304709266337506,4.491790651241681e-05,2.719553053967384,2.49613676736513,2.7131999765846655,3.6592553304226625,3.7601223716505423,0.4050820687517163,0.5745762937332598,0.565033908932606,0.8179811154308195,0.5987785940560387
483,0.04320222222086506,0.002536036508216092,0.0022023749770596623,0.001422114812302226,4.042255077826842e-05,2.7195515094609615,2.4961368691829042,2.713198425884451,3.6592836551843497,3.7601276063383913,0.40508113310579685,0.5745773353095742,0.565031405662171,0.8179825851743759,0.5987785940560387
484,0.04559501629985899,0.0025360342672974528,0.0020002080127596855,0.0020529355215529767,3.616894222136855e-05,2.719549638102539,2.496139619005456,2.713199269506726,3.659311517996783,3.760135016541738,0.4050801597427527,0.5745789145792792,0.5650299064298107,0.8179847303229902,0.5987785940560387
485,0.044698692368123766,0.0025360333343586905,0.0023798339534550905,0.0022837082553014082,3.215728815659845e-05,2.719546694276936,2.4961435018017135,2.713201926887846,3.659338015300517,3.7601440151975845,0.40507895037445824,0.574580478438518,0.565028725355234,0.8179869563009803,0.5987785940560387
486,0.04453267059881548,0.0025360326865623505,0.002390792011283338,0.0013850745780710362,2.8387784106317687e-05,2.719544335355627,2.496147562296747,2.7132065006348864,3.6593640812381127,3.760155769940398,0.4050778688288791,0.5745818492085882,0.5650279659394358,0.8179893732510011,0.5987785940560387
487,0.04368088643051932,0.0025360323364682085,0.00206791702657938,0.0018294141289882176,2.4860613790834994e-05,2.7195414853135396,2.4961510269186435,2.713210190744211,3.659386306612154,3.76016563258326,0.4050766459632552,0.5745828285057709,0.5650270507379379,0.817991220921583,0.5987785940560387
488,0.043169985912201427,0.0025360314390462176,0.0020596670219674706,0.0008685834587802977,2.157594911945631e-05,2.719539095751766,2.4961530911617267,2.7132131389052208,3.6594061558928788,3.7601748779068767,0.4050756060401677,0.5745835049595102,0.5650262822992416,0.817992958601437,0.5987785940560387
489,0.04437091026432291,0.002536030109552753,0.002140540978871286,0.001303698436759851,1.85339501821029e-05,2.7195369968443606,2.496153600083333,2.713214914667765,3.659422548092217,3.7601817037550997,0.4050747696208561,0.5745839757422837,0.5650256287371132,0.8179943688091081,0.5987785940560387
490,0.04390447859751608,0.002536028834731952,0.002365874999668449,0.0012723586971906116,1.5734765241512226e-05,2.7195358680455244,2.496154116147305,2.713216742616152,3.6594369370720545,3.7601883785419346,0.40507422905467594,0.5745844150555173,0.5650251253676118,0.8179956343425241,0.5987785940560387
491,0.04580151969902583,0.0025360276975991266,0.00205420795828104,0.0017117120103384955,1.317853072600837e-05,2.719535506873864,2.4961547564843016,2.713218625654826,3.6594493450503904,3.7601941937820893,0.4050739513725842,0.5745849167427346,0.565024848975557,0.817996837819902,0.5987785940560387
492,0.04308619671993693,0.0025360264750978125,0.001999707950744778,0.0017195746788527151,1.0865371222856342e-05,2.7195356815661156,2.4961549476276397,2.7132201540031082,3.659459696441397,3.7601994480041707,0.4050738611561557,0.5745853045938448,0.5650246186310701,0.8179978419554231,0.5987785940560387
493,0.04494698675621565,0.002536025737837602,0.0020233329851180315,0.0016032177160088233,8.79539947218588e-06,2.71953566555204,2.496155544443515,2.7132218081848625,3.6594685479325375,3.760204455533042,0.4050737508797886,0.5745857117293501,0.5650245037202782,0.8179987535198407,0.5987785940560387
494,0.04351092182875998,0.0025360247472920473,0.0020343330106697977,0.00264793327912865,6.9687163615008415e-06,2.719535860908769,2.496155297549662,2.7132221394730527,3.659474491282554,3.7602062406308185,0.4050737464219222,0.5745859623266534,0.5650243131441148,0.8179992916184268,0.5987785940560387
495,0.04417868782725563,0.0025360239508697316,0.0024115419946610928,0.0014038735267856463,5.385410920757513e-06,2.7195361441958674,2.4961550154916585,2.7132223099315445,3.659478827001588,3.760207429640437,0.4050738035760524,0.574586198253884,0.5650241959147165,0.8179996789508338,0.5987785940560387
496,0.04333053884319079,0.0025360232258380836,0.002024332992732525,0.001928973761140952,4.045560318030737e-06,2.7195363033143813,2.496154480521659,2.713222089002489,3.6594817303574634,3.760207814361631,0.40507385176427496,0.5745863414908,0.5650240575702045,0.8179998985967178,0.5987785940560387
497,0.04791464649971661,0.002536022647482978,0.001996167004108429,0.002220958660709592,2.9492298557484155e-06,2.719536537306581,2.4961540439101912,2.7132218263143253,3.659483693792679,3.7602076625981837,0.40507393543179643,0.574586485292798,0.5650239909445756,0.8180000588459745,0.5987785940560387
498,0.0446687284444389,0.0025360221254435047,0.002044582972303033,0.0038973427426792872,2.096472967509925e-06,2.7195368464997887,2.4961535675633777,2.713221449939481,3.6594849146177317,3.760207372781641,0.4050740468860943,0.5745865893994974,0.5650239338339831,0.818000145878559,0.5987785940560387
499,0.0449710741052469,0.002536021836942994,0.0023147910251282156,0.0027868537065819997,1.4873312154834578e-06,2.719536969515095,2.4961533590303633,2.7132213484105114,3.6594859546485528,3.7602074231296374,0.40507409086493007,0.5745866653977033,0.5650239074111413,0.8180002399834152,0.5987785940560387
500,0.04650691193410801,0.0025360216379571926,0.002040833991486579,0.0011936185245387688,1.121834288378963e-06,2.7195370693658103,2.49615323792139,2.7132212656899677,3.659486704447087,3.760207385320969,0.4050741296096893,0.57458673969078,0.5650238966977285,0.8180003128244652,0.5987785940560387
