iteration,training_loss,validation_loss,iter_time,raw_grad_norm,lr,t0,t1,t2,t3,t4,t5,t6,t7,t8,t9,t10,t11,t12,t13,t14
0,0.02821281046824858,0.009292626164366569,4.524263309082016,,,1.8873483400825108,1.8873483400825108,1.8873483400825108,1.8873483400825108,1.8873483400825108,1.8873483400825108,1.8873483400825108,1.8873483400825108,1.8873483400825108,1.8873483400825108,1.8873483400825108,1.8873483400825108,1.8873483400825108,1.8873483400825108,1.8873483400825108
1,0.030367161258690187,0.009292643918780557,29.635127877118066,0.2787524033194785,9.999999999999159e-07,1.8873510877183548,1.8873455924494025,1.8873455924477331,1.8873455924468845,1.8873455924471054,1.8873455924467741,1.8873455924483762,1.8873455924469902,1.8873455924471616,1.8873455924473177,1.887345592447607,1.8873455924501887,1.8873510876825448,1.8873455926302827,1.8873455924502163
2,0.03219458310974367,0.009293050625605717,29.76195178600028,0.30279209859351325,2.097999999999987e-05,1.887408806072715,1.887287888179274,1.8872878751091582,1.8872878783578333,1.8872878697229778,1.8872878996670284,1.8872880240394088,1.8872878857946258,1.8872880888437227,1.887288226890265,1.8872884578314968,1.8872887304185673,1.8873393318772995,1.8872956469681048,1.8872894115776084
3,0.029772265128220933,0.009293867683090415,25.354802623856813,0.3468108054267254,4.095999999999993e-05,1.887521370436034,1.8871749694045001,1.8871749376489988,1.8871749447046813,1.8871751071218088,1.8871749893813268,1.887177252291042,1.8871753222807401,1.8871754393066673,1.887175761701483,1.8871767164442756,1.8871767839186275,1.8872845688899271,1.8871926102359096,1.8871791851415447
4,0.02651691027481093,0.009295030156609067,25.97726158401929,0.3567245308094119,6.0939999999999996e-05,1.8876877469316176,1.8870064494720427,1.8870064623695162,1.8870064664724906,1.8870068641056166,1.8870064764807972,1.8870109635902999,1.8870075300308946,1.8870079411010143,1.887008867577344,1.887010804913602,1.8870114849283495,1.8872899892835433,1.8870435840214017,1.8870193141499483
5,0.031407587043441376,0.00929659147757517,25.300278641982004,0.2752027914694525,8.091999999999984e-05,1.887909519809368,1.8867850217412834,1.886786094649815,1.8867847481724502,1.886784567007556,1.8867854664478212,1.8867931735745036,1.8867861187238006,1.8867862191923106,1.886787345154813,1.8867909207512026,1.8867900799451287,1.8872426766073438,1.8868463427293993,1.8868136583340298
6,0.030074965156927067,0.00929854737085847,25.745137098012492,0.31484729405065115,0.0001008999999999999,1.8881862105875447,1.886509635806621,1.8865116984699282,1.8865082575390377,1.8865079531757045,1.8865097861920006,1.8865193398976634,1.8865088866995898,1.8865088001304016,1.886510041353404,1.8865150615014292,1.8865123212069252,1.8871896410209106,1.8865898893634863,1.8865539538967826
7,0.02372177265732588,0.009300897293620585,26.191751866135746,0.40741578628763087,0.00012087999999999997,1.8885151517394088,1.8861760698538421,1.886179118727723,1.8861738972395246,1.8861739548514098,1.8861760868090842,1.8861873390559853,1.886174031779061,1.8861748851782787,1.886176891357216,1.886182716965485,1.8861805266835678,1.8871245219507953,1.8862922563757534,1.8862558072507054
8,0.026657377170379255,0.0093036565844508,25.63126812991686,0.3167591178644858,0.00014085999999999992,1.888897246290332,1.88578625268715,1.8857918540266358,1.8857851273913544,1.8857847258029814,1.885788588971779,1.8858039252369783,1.8857853706342573,1.8857865667431193,1.885789315717299,1.8857964512979495,1.8857934624057466,1.8869965245931386,1.8859508051557075,1.885913847576892
9,0.024308818660430956,0.009306858355589174,24.67265210300684,0.3914467658412896,0.00016083999999999998,1.8893312884966613,1.8853374064973243,1.8853459846368852,1.8853381581750586,1.8853386511201236,1.8853427755949155,1.8853597019186046,1.8853375738539362,1.8853404775915608,1.8853441719806683,1.88535145103238,1.8853507439104051,1.8868110845179438,1.8855598943313612,1.8855183257932593
10,0.03041673599313896,0.009310464148875848,24.674770002020523,0.2798463206002961,0.00018081999999999983,1.8898220548059232,1.8848388035304082,1.884850398851944,1.8848424298582385,1.884836541028645,1.8848481971597129,1.884884530527296,1.8848418453957503,1.8848403429613896,1.884844460196193,1.8848559501215059,1.8848495942164418,1.8865578657827689,1.885101206444939,1.8850634480090516
11,0.02942677385753687,0.009314536070559936,26.11332339211367,0.36785919869373374,0.0002007999999999999,1.890370324148141,1.8842834475680834,1.8842966711296363,1.8842891162359052,1.884279301334681,1.8842962352451968,1.8843468678846536,1.8842863049493903,1.8842806713423665,1.884284814675098,1.884298580107421,1.8842895092681604,1.8862196914642089,1.8845936733105804,1.8845425605713977
12,0.026633772228008994,0.009318980317251906,25.359279149910435,0.3374691049876221,0.00022077999999999996,1.8909714733223357,1.8836715684122631,1.8836886513395956,1.883680098966605,1.8836674115894148,1.883688608043716,1.8837503273283513,1.8836767933386487,1.883670453952689,1.8836751006396943,1.8836909770950028,1.8836802807835178,1.8858347589908002,1.8840566091400122,1.8840073688329368
13,0.02673702146188215,0.00932369883850474,25.220473438035697,0.32518571120365175,0.0002407599999999999,1.8916252816511328,1.8830057653772558,1.8830273982865686,1.8830172097810502,1.8830026254032044,1.8830264316912066,1.883097257332231,1.8830150236080823,1.883011783383354,1.8830175337409492,1.8830377455921705,1.883025669660809,1.8856249067393722,1.8834402549677562,1.8834287687080362
14,0.03536792709487188,0.009328721146329816,25.725264772074297,0.23664947288260704,0.00026074,1.892341365563296,1.8823056985639575,1.8823262484954852,1.8823142827540718,1.8822898165522208,1.8823244983807503,1.882425692272162,1.882316415815209,1.8823089155285857,1.8823143056022573,1.8823436102711562,1.8823178624355923,1.8853392151992392,1.8827994369923946,1.8828111196530861
15,0.02844899792401095,0.00933424998479089,25.831141820875928,0.36981428013958645,0.00028071999999999993,1.8931143814920226,1.8815447419905869,1.8815632086782978,1.881550845079306,1.8815209850270544,1.8815624985075976,1.8816847742710667,1.8815531667602836,1.8815424782236052,1.8815469095205763,1.8815813187083772,1.8815486239396984,1.8849590490964283,1.8821125270698227,1.8821151466455528
16,0.031238934338995994,0.009340035843122579,25.67184721212834,0.2581006297992702,0.0003007,1.893946438561467,1.8807406772865083,1.8807570581305357,1.8807426775808858,1.880707549604958,1.8807578472440465,1.8809009590005543,1.8807480821234561,1.8807353232603135,1.8807384711228685,1.8807792808501798,1.8807402828548891,1.8845602477137884,1.8814342051024808,1.881401010026306
17,0.02943770771372032,0.009346277309983744,25.475186246912926,0.3085983137300946,0.00032068000000000005,1.8948359376732877,1.8798839453769218,1.8798992658562026,1.8798819389562564,1.8798380784818645,1.8799016027266569,1.8800797462279502,1.8798909619637507,1.8798692302323614,1.8798702573739088,1.8799197917934853,1.8798642085714663,1.8840509468514621,1.8807048677836589,1.8806222526301861
18,0.02962125611629233,0.009352843526663122,25.251766164787114,0.28841770548871076,0.00034066,1.8957791587986057,1.8789831395683014,1.8789963320008651,1.8789729913295352,1.8789208742765184,1.878996693074378,1.8792090872524267,1.8789834628023359,1.8789529701775927,1.8789509237797613,1.879010259991102,1.8789342615131315,1.8836571374311837,1.879862472152533,1.87978311021926
19,0.03653973025398481,0.009359617706047587,24.1786569240503,0.22932912772582542,0.00036063999999999996,1.8967870324276386,1.8780575490420983,1.878060922711972,1.8780280846684407,1.8779666616720503,1.8780566623855337,1.87830657491952,1.8780409789013668,1.8780005662749748,1.8779935825666627,1.87806407908319,1.877965711904797,1.8832429012501184,1.8790304525692827,1.8789188274294455
20,0.028648627808487426,0.009366932650328957,24.52287289011292,0.34340400918507036,0.0003806199999999999,1.8978520464384039,1.8770676436828944,1.8770604631849106,1.877020996701247,1.8769517824647104,1.8770550175034582,1.8773436824416088,1.8770349525351715,1.8769809502762866,1.876969095155348,1.8770480480469554,1.8769299368287309,1.8826977954022368,1.8781549765172953,1.877978842086387
21,0.034367508347885725,0.009374495810231701,25.53668568795547,0.24008958789350782,0.0004006,1.8989771264032294,1.876047643671045,1.8760252772884254,1.8759767340526152,1.8758963690555719,1.8760163690234832,1.876355089524522,1.875993943836815,1.875923341575683,1.8759051563841858,1.8759945540833647,1.8758536346138441,1.8821267963273083,1.877269740748111,1.8769947572810555
22,0.02829593744572872,0.009382408858001495,25.3278810759075,0.31009284035541385,0.00042057999999999993,1.9001530439231396,1.8749671818312401,1.8749346404685148,1.8748745891079166,1.8747860069456743,1.8749197199178298,1.8753020619158303,1.8748988821782675,1.8748186642708036,1.8747954041153772,1.8748958413457302,1.8747366491917443,1.8815080103383461,1.8763887593947057,1.876013205882561
23,0.030928627674661268,0.00939016474968777,25.23090809909627,0.3084070142606431,0.0004405599999999999,1.9013834476035358,1.8738316414702496,1.8737828545960793,1.8737155946744077,1.8736288223120598,1.8737645703780847,1.874175479579062,1.873751177337438,1.8736715992086026,1.8736431691246402,1.8737627711060119,1.8735982072740685,1.8818390074788263,1.8753379133577008,1.8750270897041021
24,0.03202384390379209,0.009398351139875508,25.422129414975643,0.2825533872824696,0.00046053999999999995,1.9026753087008808,1.872648595824007,1.8725834280792397,1.872509790460773,1.872411951605761,1.8725627568979488,1.8730320793055315,1.8725584277317358,1.8724654571523995,1.8724297732443846,1.8725733647235219,1.8723842649543907,1.8820552859549133,1.8742597482052905,1.8739669977369695
25,0.03441078190446097,0.009406796472498044,25.06430438393727,0.22830534497400473,0.0004805199999999999,1.904027829443126,1.8714374990617575,1.8713557327726422,1.8712744072390521,1.8711425273388005,1.871331162559849,1.8719044396322375,1.871342261304047,1.8712199413673158,1.871174643015746,1.8713533075638529,1.8711126104954348,1.8821885934184563,1.87316197216629,1.8728625652857127
26,0.02654944940828828,0.009415615483491397,25.37680059019476,0.30316390118767456,0.0005005,1.9054287844330404,1.8701622080891227,1.8700679116341938,1.869982795667452,1.8698017149678068,1.8700404699061857,1.8707510415371222,1.8700785551364625,1.8699210332446974,1.869870940235733,1.870095046052288,1.8697857552469408,1.8823458982408747,1.872004750378719,1.8717165273944414
27,0.02871700898412239,0.009424919279753231,25.680298320017755,0.32514302479240736,0.00052048,1.9068844157433773,1.8688197934748088,1.868719074392366,1.8686273614853,1.8684024382696969,1.868686223101128,1.8695149882763564,1.8687448992342215,1.8685594963493912,1.8685044241114632,1.868769050853918,1.8683960836767435,1.8824254503713949,1.8708416173173354,1.8705289624393362
28,0.02837945265459043,0.009434402798815108,25.47242510295473,0.26965383035662654,0.00054046,1.908389371482928,1.8674341328110882,1.8673307324995674,1.8672238555290495,1.8669643606280082,1.867285029077396,1.8682284485149654,1.8673735911671785,1.8671688466789005,1.8671107677267011,1.8674178250321183,1.8669856642045677,1.882564995718014,1.8696694562355132,1.8693643394228534
29,0.027049515953395383,0.009444550271898151,24.467514279065654,0.3398879645241981,0.00056044,1.909941638401704,1.8659720021859143,1.8658729787271977,1.8657542625528292,1.8654530620738612,1.8658168414296217,1.8668807947748653,1.8659262465167195,1.8656945511048904,1.865632543999734,1.8659795352974873,1.8654841301089213,1.882560062077767,1.8684161185491515,1.8681287153258375
30,0.030057144806914172,0.00945508959017371,25.042086500907317,0.2892461661867915,0.0005804199999999999,1.9115527291244072,1.864462313336087,1.8643708963772678,1.8642335986384986,1.863901458039222,1.864300146918285,1.8654586127662598,1.8644211497109993,1.864168400469307,1.864100248523091,1.864479296322965,1.863922199338984,1.8824900654797558,1.8671704345949758,1.866847591997156
31,0.030035104427992187,0.009466120593910648,25.173870818223804,0.3164106990791332,0.0006004,1.91321836362201,1.8628906713131794,1.8628090165511013,1.8626527724906923,1.8622972275259602,1.8627240835094991,1.8639546521495076,1.8628473530533582,1.8625787613503706,1.862502782622315,1.8629051926903284,1.862302211139588,1.882347101392017,1.8658991122777124,1.8655205041299725
32,0.026239725064394467,0.009477935390171876,24.79846041300334,0.38333492366759947,0.00062038,1.9149345512482643,1.8612263767514785,1.861164448389706,1.8609896194494553,1.860621158455554,1.8610660186983115,1.8623279625783629,1.8611737286218455,1.8608948468696074,1.8608105958286425,1.861221671439724,1.8605868962609073,1.882062365085926,1.8645798636406474,1.8640913702630892
33,0.028842271649763312,0.009490255214177267,25.322724682977423,0.31762752205272055,0.00064036,1.916707125308972,1.8595017543115178,1.8594626534415404,1.859269953648376,1.8588847784126952,1.8593517770630597,1.8606566065481274,1.8594421088770272,1.8591460852362842,1.859053300591034,1.8594722762369105,1.858798737197202,1.8816818762040701,1.8632294827068843,1.8625836987287956
34,0.03145421333793913,0.009502945978433276,25.30155024700798,0.28944143483358004,0.00066034,1.91854808853712,1.857740807213203,1.8577186555240501,1.8575087074325816,1.8571032818440623,1.8575934231981712,1.858941379293414,1.8576622630386657,1.8573449446217976,1.8572414013605358,1.8576706664458449,1.856956108075897,1.881330919691688,1.8618215650907999,1.860956616141582
35,0.02972350595118876,0.009515877188054814,25.24810762377456,0.23023792058250817,0.0006803200000000001,1.9204348990941376,1.8559535987685136,1.855958947292337,1.855729847969835,1.8552658899955488,1.8558195646147255,1.8572702524346576,1.8558758473313952,1.8555198207530388,1.85540342271446,1.8558648864106089,1.8550701678160288,1.8810456895286405,1.8601857526046865,1.8592615553203644
36,0.030937715126774516,0.009529200691519819,25.375160353956744,0.3049869122640899,0.0007003,1.9223811819725236,1.8541218341023078,1.8541488239286534,1.8538964137314846,1.85339133330454,1.8539894787563325,1.8555026965414665,1.8540235443255777,1.8536425952015034,1.8535124598615742,1.8539974160803876,1.8531398151575078,1.88080942765793,1.858514996683252,1.8574916770389025
37,0.03125347116026342,0.009542756708960017,25.178869051858783,0.2677563674435088,0.00072028,1.9243900834744703,1.8522538788890257,1.852299128786189,1.8520254238057565,1.851469846308579,1.852119792675044,1.8537315181166643,1.8521442829118302,1.851730023932359,1.8515885625094384,1.8521059539940756,1.8511796642598857,1.8805829831232712,1.8568291844680596,1.8556603795069733
38,0.03285933659858803,0.00955631742589221,24.970311157871038,0.2175403801889133,0.00074026,1.926461654865329,1.8503660110745013,1.8504251625141666,1.850141295602666,1.8495106561737455,1.850238327360031,1.8520023901686324,1.850268121828437,1.84980611623648,1.8496548746665635,1.8502219519655094,1.8492012485728726,1.8803776901245564,1.855175753646785,1.853821384380938
39,0.030849500820780723,0.009570500106394576,24.416887551080436,0.32192158963271067,0.00076024,1.9286054918235005,1.8484123634365863,1.8484804647461397,1.8481910427498576,1.8474982547485326,1.8482883322511543,1.8501727174470735,1.8483110765989192,1.8478041228754252,1.8476384835716073,1.8482406150409658,1.8471474461621162,1.8800678380480207,1.8534792415864627,1.851908398143368
40,0.02889438559245728,0.009585150282943038,24.687585592037067,0.31006583020274986,0.0007802200000000001,1.930794884439903,1.8463920116828068,1.8464736581157857,1.8461784740185867,1.8454308759760338,1.8462754899977316,1.8482702485008364,1.846288238901805,1.8457386022224829,1.8455587329135223,1.8461919577149735,1.8450337784116357,1.8797166615069578,1.8517905632667775,1.8499634362971327
41,0.03143242392570659,0.009599530798000659,25.87373967980966,0.20384716255298466,0.0008002,1.9330432575631313,1.8443611969740148,1.8444652600505973,1.8441601221256654,1.8433315613746772,1.8442598689400327,1.8464220314051194,1.8442854785530653,1.8436877842096109,1.8434986528529935,1.8441818617271455,1.8429433557056663,1.879473802666228,1.8501991189088187,1.8481047031318016
42,0.035526069218137585,0.009614153035477538,24.89893537783064,0.24786194064169867,0.00082018,1.935356961596768,1.8423227440660574,1.842433957367223,1.8421148535877816,1.841211575334057,1.8422129365724211,1.8445430346451799,1.8422498535715752,1.841601780590001,1.841398799327873,1.842127708492504,1.8408156878130846,1.8792350661586068,1.848602410241879,1.8461401647833564
43,0.025394795798212744,0.009629091862715612,25.927466758992523,0.3168935492129775,0.00084016,1.937708673795499,1.8401749488488361,1.840323132009611,1.8399986558806674,1.8389910791275443,1.8400851908983562,1.8426373502135434,1.8401641471510077,1.839462315767809,1.8392500702941887,1.8400473638976516,1.8386362644859273,1.879464442429865,1.84671863839919,1.8441959978507831
44,0.03224139634344819,0.009644508232247374,25.58570340485312,0.28008214421644545,0.00086014,1.9401336863392522,1.837983693405915,1.8381624329836281,1.8378347638012726,1.8367179244292815,1.8379091499986964,1.8407045128364061,1.8380296596186163,1.8372604558027208,1.8370370376364438,1.837904284186381,1.8363753185344505,1.8795510623283191,1.8448261507102337,1.842173816862943
45,0.029772157945222158,0.009660538490489647,25.300390198128298,0.28065058125144116,0.00088012,1.9426220611885923,1.8357309961551909,1.8359494872547064,1.835624665334872,1.8343642823724409,1.8356865816539747,1.838788121227416,1.835851377821593,1.8349860813963592,1.8347509038902747,1.835707115505872,1.8340137945608526,1.879452401014892,1.8428271326337864,1.8400367316445643
46,0.025781570974285864,0.009677217137640642,24.977707230020314,0.3828468473331656,0.0009001,1.9451501470316714,1.8333368128168959,1.8336084442492881,1.8332992298468864,1.8319371138252976,1.8333393094835493,1.8366640430825099,1.8335654467228706,1.8326475919138006,1.8324093302450528,1.8334332274190461,1.8316409809254184,1.8793229893137084,1.8409268325314352,1.8379257581482016
47,0.02736946821019633,0.009694723315730252,25.31802472216077,0.3474898533115829,0.0009200800000000001,1.9477337751494208,1.8308486142299638,1.8311783202645073,1.8308888210906282,1.8294413728473375,1.8309083124168288,1.8344181411811085,1.831178169586355,1.8302098240408657,1.8299668236821127,1.831044359216987,1.8291653656511886,1.8790353106567375,1.839010238816548,1.8357191865125082
48,0.028624596277793235,0.00971279617734547,24.183756398037076,0.3309721076644335,0.0009400599999999999,1.950375700954225,1.8282845982475087,1.8286677934377424,1.82840327644419,1.8268951167068774,1.8284032253053195,1.8320520225261563,1.8287114245146114,1.8277057981501348,1.8274579210256205,1.8285726791492896,1.826639563060095,1.8786661308016799,1.8371155923976321,1.8334844152887404
49,0.03231124311761398,0.009731167984413733,24.748389662941918,0.27425234555192185,0.00096004,1.9530999502787465,1.8257088707437188,1.8261357964051108,1.825887428051708,1.8243240756840575,1.8258673902998546,1.8296458743342137,1.8262048119140202,1.8251572986753222,1.824899310311273,1.8260443815679201,1.8240569421209882,1.8782507154885943,1.8352262282617937,1.8311745163763264
50,0.02448092899638734,0.009750598126865406,24.930025898851454,0.3875867781313976,0.00098002,1.9558610831484389,1.822996495425847,1.8234836210803507,1.8232632161805464,1.8216480452293267,1.8232216129246557,1.8271186100816599,1.8235789899265837,1.8224886500471986,1.8222249795125,1.8233895695957087,1.8213471598937419,1.877644188527767,1.8333089151391124,1.8287467137021178
51,0.028745023521393905,0.009770448829004488,25.726532855071127,0.29468146115930605,0.001,1.9586676215760361,1.8202329938929482,1.8207891056254808,1.8205956494694266,1.8189323876806291,1.8205348112598179,1.824549458404344,1.8209096035834895,1.81977290163104,1.819499156686096,1.8206804709050741,1.8185764229836585,1.876948368741262,1.8313524707785955,1.8263158102927874
52,0.029539434040221097,0.009790513283084095,25.070067398948595,0.3203860582722331,0.0009999878275373446,1.9614898596432866,1.81746571906739,1.8180889145873262,1.817921956581837,1.8162244809286028,1.817843440976189,1.8219289897628193,1.8182185010717233,1.8170419180259323,1.816754589187803,1.817938685011028,1.8157855523377457,1.8761733280157218,1.8294030296853094,1.823843514842787
53,0.030456251954209486,0.009810737541859765,25.15650147292763,0.3063968982405556,0.0009999513107426476,1.964333711240353,1.8147034798899428,1.815390951922717,1.8152557548523711,1.8135101361735317,1.815158922730815,1.819327896403377,1.8155264779718465,1.814298654965814,1.8139927501831397,1.8151818094344727,1.8129535006213784,1.8752566750544892,1.827420596277873,1.8213889951494102
54,0.035826677466665006,0.009830247750556678,25.51822945312597,0.22948424637371853,0.0009998904513956854,1.967216037322213,1.8120169046496768,1.8127428766674425,1.8126438290927576,1.810857227080997,1.8125313803011882,1.8167879409941796,1.8129046085510592,1.8116313986745578,1.8113060665323661,1.8125033552125422,1.8102210245378427,1.87442870410949,1.8256204931175037,1.8190473646446534
55,0.030450917470428888,0.0098493406980331,24.995893210172653,0.2755686370901941,0.000999805252462657,1.9701013153163334,1.809359973978419,1.8101162483118445,1.8100494612237104,1.8082277510622446,1.8099161730277344,1.8142626196346263,1.8103146537841275,1.8090056270262935,1.8086672267772435,1.8098805903483561,1.8075577500885212,1.8738378777113756,1.8239231834699488,1.8167232786712197
56,0.03304129837757591,0.009868302877969313,25.28443327290006,0.28421491396422466,0.0009996957180960385,1.9730029142940122,1.8067164510090556,1.8074957951133201,1.8074638813692672,1.805631026588055,1.8073105123445372,1.8116973212418428,1.8077293098808884,1.806402757593301,1.8060482577876262,1.8072630866577548,1.8049426493063172,1.8732693046810307,1.8223200457453375,1.814401016521866
57,0.023087050354044045,0.00988741507805089,25.200459289830178,0.3722561901299833,0.0009995618536343797,1.9758630424173091,1.8039846482353856,1.8048098636841354,1.8048235052715464,1.8029779429692578,1.8046377623007952,1.809072200590274,1.805125453959205,1.8038044627048613,1.8034482657115678,1.8046674680901853,1.802367609917087,1.8727195734101951,1.8207817321047965,1.8122295065876362
58,0.030627388550997676,0.009906509624614562,24.49443435203284,0.2762563867838815,0.0009994036656020464,1.978728050778148,1.8012818440738434,1.8021574762820434,1.8022069609846623,1.8003408509367904,1.8019916069370487,1.8064802291835105,1.8025349158398476,1.8012104709989845,1.8008453013034058,1.8020719090670387,1.7997733106602756,1.872080096844942,1.81922638773035,1.8100865346578598
59,0.031124431966233792,0.009925360286270576,24.3133665160276,0.24075012522351907,0.0009992211617088995,1.9815892396834942,1.7986330262523655,1.7995751877072308,1.7996367101298174,1.7977233596316637,1.7993938061120445,1.8039874016084434,1.7999962866264374,1.7986533470066386,1.7982735539493584,1.7995428703800278,1.7971913953605605,1.8717438037118852,1.8173323557376935,1.8078777992086021
60,0.02477759788572061,0.00994527794174817,25.80891941091977,0.4333793663644046,0.0009990143508499217,1.9844422871477667,1.795889481872636,1.7969023398218387,1.7969806938168684,1.7950590786970753,1.7967040480725374,1.8012947420451462,1.7973275233882327,1.7959827355129139,1.7955928252028057,1.796870650732667,1.7945110033540108,1.8712032792011133,1.8153580331734636,1.8055904081690775
61,0.03139062602522189,0.009964748187480573,25.257196130929515,0.27138947970470495,0.0009987832431047822,1.987305146199441,1.7931904839931354,1.7942689899113367,1.7943545240370824,1.7924326514686735,1.7940415239968421,1.7986155217436373,1.7946893613136239,1.7933545076855217,1.7929537661394623,1.794243185337272,1.7918750321723134,1.8708338890023615,1.8135016327854228,1.8033653311249085
62,0.027829824302532228,0.009984693032963956,25.072386008920148,0.3514129860682499,0.0009985278497373468,1.9901743088941588,1.79045588860496,1.7916031368190746,1.7917008564206582,1.7897853261569618,1.791351569601069,1.7958897299909253,1.7920090664434463,1.7906789831530041,1.7902649506562114,1.7915556037457316,1.7891844945682052,1.870298585975631,1.8116429296114702,1.801082733960759
63,0.030586169995151315,0.010004520934243314,25.072024167049676,0.3046080893443599,0.0009982481831951274,1.9930681816374016,1.7877388019221665,1.7889446662550326,1.7890513115782574,1.787158941851309,1.7886656938498369,1.7931352746696934,1.7893366360927736,1.7880242382107445,1.787596726352777,1.7888795817649958,1.786533309770517,1.8697561882152771,1.809869944248988,1.798813260996084
64,0.033437629571056865,0.010023666747592704,24.887036317959428,0.2475927496437417,0.0009979442571086772,1.9959773014770044,1.7850853147250587,1.786332012980169,1.7864491192161422,1.7845873546740112,1.7860245339744871,1.7904239485799602,1.786719612588748,1.785433113897067,1.7849919495449447,1.7862752897401923,1.7839716294387957,1.8695529816954115,1.8082008772587421,1.7965488465141999
65,0.03467052430805707,0.010041998476922344,25.063812544103712,0.21103653509237244,0.0009976160862909245,1.998903763428559,1.7825219293842958,1.7838018282632553,1.7839163851935411,1.7820829186568383,1.7834532844816324,1.7877931829734812,1.7841799077915954,1.7829233689645168,1.7824690362869497,1.7837619024031508,1.7814954005855341,1.8694986280293049,1.806665331114839,1.7944022270282551
66,0.029539979947267234,0.010060751400651595,25.6929186549969,0.3234667219787198,0.0009972636867364526,2.0018415038393385,1.7799307597309335,1.7812494300414554,1.7813668453334937,1.7795643457631543,1.7808658779620072,1.785113374267195,1.7816038802275955,1.780378178341361,1.7799053782771166,1.7811961867279007,1.7789761000341222,1.8693175101396724,1.805091209472213,1.792174558403392
67,0.0291305424931682,0.010078941731086402,25.275334202917293,0.24070432079669785,0.000996887075620718,2.004771281951622,1.7773669897770863,1.7787440166209743,1.778854620354706,1.7770630556975902,1.7783183113021088,1.7825198159490478,1.7790946269633459,1.7778986317314054,1.7774123505803752,1.7787180029483212,1.7765192823733686,1.8691939824856694,1.8035834108872708,1.7901433034354002
68,0.026486089074512706,0.010097264828694552,23.991713837021962,0.3693160770193502,0.0009964862712992153,2.007677192359076,1.7747345597710624,1.7761841728860095,1.7762942660558638,1.7745368345043742,1.775706653736124,1.7797933175458205,1.7765256362476698,1.7753920770890175,1.7748942931205614,1.7762138812473494,1.7740687041036947,1.8700046887054786,1.8015605766601888,1.7881200495188085
69,0.028142426706531568,0.010115892568486577,24.7304956659209,0.3379189237278729,0.0009960612933065818,2.0105868601561303,1.7720658310896527,1.7735944574522067,1.7737100191411137,1.7719940066989492,1.7730662115396116,1.7770204032614405,1.7739300068837969,1.7728636675031788,1.7723563762095882,1.7736804387841925,1.7716049884561074,1.870667845952551,1.799587208793087,1.7860825383144907
70,0.029076100709010386,0.010134508300327787,25.50283198407851,0.3063715262883269,0.000995612162355645,2.0134921593911357,1.769398345144067,1.7710270646460835,1.771123886179564,1.7694718268680873,1.770423773906791,1.774191826080457,1.7713318919749577,1.7703479535492685,1.7698286223422868,1.771146610647634,1.769145259295594,1.8712089157758325,1.7977081477542847,1.7841477966634298
71,0.030589795205118765,0.010152947206698173,24.952355177141726,0.26410457622217465,0.0009951389003364144,2.016409115468121,1.7667701742676902,1.7684942597997462,1.7685705781484886,1.7669619446296698,1.7678154572366236,1.7714422056413035,1.7687704334807046,1.7678491849249678,1.7673170496766,1.7686370158031623,1.7666811257028918,1.8716831097169342,1.7958964275778118,1.7821924372606122
72,0.02932208799759345,0.01017091701696231,24.994335832074285,0.24252264904370943,0.0009946415303150127,2.019304754454081,1.7641758050159246,1.7660111510012622,1.7660596092134824,1.764476887326852,1.765249250904692,1.768780981134526,1.7662701978494102,1.7654078918472889,1.7648654231741898,1.7662061763767725,1.7642675341007352,1.8722050757921214,1.794145114233124,1.7803286304618031
73,0.024314637530454992,0.010189090259716644,25.026244818000123,0.3359562366782763,0.0009941200765325531,2.022165684407597,1.7615133002104508,1.7634938130030444,1.7635162936514233,1.7619516241326536,1.7626485793515767,1.7661002274457123,1.7637566653065115,1.7629565898562436,1.7624050403792644,1.7637802714116677,1.761862424758143,1.8727511161341972,1.7923136952437357,1.77857615511768
74,0.0397598756266649,0.010206504353426783,25.709653383819386,0.18837670390487452,0.0009935745644039575,2.025080764166478,1.7589915822677946,1.7610730957548437,1.7610617618164062,1.7594971068829468,1.7601370361003041,1.7635562312600892,1.7613338246726091,1.7605777538181697,1.7600116139835822,1.7614297073188288,1.7595057682959858,1.8732729373119519,1.7906201897240224,1.7768302569054482
75,0.032874644360188554,0.010224155013489307,25.083168278913945,0.2714934326158036,0.0009930050205167172,2.0280274375234506,1.7564977318228634,1.7586689246148681,1.758628173651764,1.7570356672665206,1.757642734877735,1.761092971893047,1.7589294031721023,1.7581791761981633,1.7575867965904266,1.759055089883942,1.7570619461942325,1.8735551237722976,1.788904238880801,1.7749744549344668
76,0.03353507263752095,0.010241051921045692,25.090202707098797,0.19909865076029398,0.000992411472629598,2.0309743527039337,1.7540789479610384,1.7563344543172812,1.7562588313975938,1.7546296674620308,1.7552155228120443,1.7587268633892115,1.756601803985438,1.755855891059543,1.7552413955827029,1.7567767797145462,1.7547024471573118,1.8740445293508545,1.7872214749309303,1.773204202275255
77,0.037279072854363486,0.010257597975649234,24.265756241977215,0.22765170827989153,0.0009917939496712864,2.0339495951550566,1.751714930296861,1.7540322400320136,1.753926938193832,1.7522704042556994,1.75282781520523,1.7563939000179782,1.7543105393260001,1.7535695657115602,1.7529299152504951,1.7545261993719183,1.7523988083839597,1.8745191988183383,1.7856557010256184,1.7714190089315935
78,0.036518409346616126,0.010273415663956344,24.128529381006956,0.1865880835506352,0.00099115248173898,2.0369439086747945,1.749434040203707,1.7518011781122427,1.7516583925511906,1.7499730102177573,1.7505081491690062,1.75413567404838,1.7520895099236204,1.7513546517463519,1.7506906601550944,1.7523521359334695,1.7501729144969855,1.8750353865175116,1.7842323286882174,1.7697499493130993
79,0.03452550848161286,0.01028952127567539,24.87386993202381,0.2832653320255116,0.0009904871000969212,2.0399582151067306,1.747147231632592,1.7495533870948932,1.7493762332001108,1.7476896105677908,1.7481751821789537,1.7518027375865832,1.7498340267390247,1.749117916067968,1.7484226439380557,1.7501250934698211,1.7479394781164557,1.8754825810810811,1.7828338650543816,1.7679633276858404
80,0.02697556163523049,0.01030634160133199,25.576260477071628,0.37409257960959397,0.0009897978371748723,2.0429541355917835,1.744749458280946,1.747212819571948,1.7470176566326197,1.7453624248858755,1.7457532337307653,1.7492965497539428,1.7474858263852673,1.7468236132536479,1.74610092356285,1.7478242901051584,1.7456778663323573,1.87596305187815,1.7814135290435456,1.7660823450180436
81,0.02557239623008412,0.010323857478157979,24.62273524608463,0.33048940092590606,0.000989084726566536,2.045927351239357,1.7422788451389135,1.744834999768745,1.7446224204894951,1.7429744532424603,1.7432965954700996,1.746776892812422,1.7450905921648883,1.7444609134684377,1.7437052667088577,1.7454534861612894,1.7433058645348407,1.8761805913941332,1.7798825404260405,1.7642541351002763
82,0.028459170402523302,0.01034210708238746,25.184089079964906,0.3584474417371091,0.0009883478030279168,2.0489020320701474,1.7397358333562765,1.7423939935635722,1.7421765816618593,1.7405623269407442,1.7407852742016923,1.744130568141527,1.7426198584913128,1.7420361413726864,1.7412460641388037,1.742990144155656,1.740881793817281,1.8762731998424171,1.7783087636841814,1.7623031775779328
83,0.029951637717100237,0.010360928151126545,24.832914137048647,0.31710879233217143,0.0009875871024756287,2.051877317511579,1.7371722206919415,1.7399272356212234,1.7397206888392327,1.7381137342250899,1.738260829153401,1.7415105622529305,1.7401265549912257,1.7395562083973848,1.7387279553822008,1.7404717850337048,1.7383550179881566,1.8761066477082904,1.7766400977702093,1.760288865518926
84,0.030722046736191902,0.010379550374678135,25.558637445094064,0.2600765265358481,0.0009868026619851435,2.0548498241242523,1.7346278145684093,1.737490424558487,1.737287700662573,1.7356849640443945,1.7357637873753229,1.7389294493046523,1.737665065209461,1.7371047088207268,1.7362381541948173,1.7379829837874183,1.7358449401015488,1.875906193705434,1.7750306166000638,1.758305464100477
85,0.033740326333885684,0.010397736823161762,25.791291509987786,0.22966130562184908,0.000985994519788984,2.057826196470216,1.7321440508425328,1.7351111515880677,1.7348992551988418,1.7332919621671374,1.7333156598382364,1.7364259629878789,1.7352563105540073,1.7347008304823721,1.7337946277234564,1.7355471319343627,1.7333720295800867,1.8757187571816385,1.7734879505215866,1.7563595129328822
86,0.022521979447323242,0.010416396690192214,25.39930616505444,0.3737533978775009,0.0009851627152748603,2.06074171934607,1.7295522373872818,1.7326690595173344,1.7324474657289517,1.73083179580111,1.7307919407704073,1.7338421131908754,1.7327975793317554,1.732262481343885,1.7313218280635883,1.7331029603110624,1.7308611679725086,1.875763709388175,1.7717245730731142,1.7544820367077787
87,0.032931045354511926,0.01043499544898345,24.120970386080444,0.27032030568954285,0.0009843072889837512,2.063671236784665,1.7269903833641052,1.7302492696727598,1.7300150751979027,1.7283994793963566,1.7282900857287045,1.7312625351109165,1.7303506171391743,1.7298356170556866,1.7288566252362827,1.7306587320316824,1.7283682432100875,1.875774666222702,1.770018587081251,1.752525184686947
88,0.026261755288713672,0.010454333523826593,24.46090469392948,0.3638228525345421,0.0009834282826079275,2.0665961611096035,1.7243682781832064,1.7277797029068473,1.7275369680368813,1.725925870676956,1.7257387177643861,1.7286055718384818,1.7278367056853683,1.7273368047926148,1.7263221312355668,1.7281313079503002,1.7257956887574737,1.8756174514907091,1.7682537066219097,1.7504810945774085
89,0.03206170307379978,0.010473833350105538,24.874454559991136,0.2998488878896869,0.0009825257389889197,2.0695477887877964,1.7217686678139665,1.7253140782293037,1.7250625127037542,1.723472959191888,1.723193221663649,1.7259144429445858,1.7253088743552851,1.724827437102589,1.7237690763071973,1.7255678671672274,1.7232142541822901,1.875410337426902,1.7664881651350617,1.7483341606249274
90,0.030199254391666687,0.01049357873873318,26.02624026592821,0.29471659196061933,0.0009815997021154303,2.072513067075257,1.7191743528394094,1.7228434120765772,1.722596694285363,1.7210084956115805,1.72065830917552,1.7232702765779,1.7227883041327863,1.7222988804824877,1.7211922084988198,1.7229780266446952,1.7205799166242122,1.8750290175510549,1.7647013399658438,1.746123403250333
91,0.03094569535452371,0.010512795557087723,25.355475899996236,0.2570928694678102,0.0009806502171211904,2.0754884161916234,1.716614364235627,1.7204058247864786,1.7201583106538285,1.7185745919064632,1.7181540020000723,1.7206609797803318,1.7203138609926574,1.7198250140675193,1.7186753850951657,1.7204505677062594,1.7180205990784383,1.8747372456850075,1.76304550423084,1.7440127611205978
92,0.02875561426415165,0.010532286811040091,25.284040231024846,0.31678242165098314,0.0009796773302827588,2.0784748590842943,1.714019220196805,1.7179489883733363,1.7177090487094282,1.7161318035840043,1.715638210643071,1.717998840580684,1.7178098122286185,1.7173304512867642,1.7161370090323655,1.7178925366978028,1.71543592677043,1.874363805825851,1.761344983130344,1.7419447085718787
93,0.028130919494219676,0.01055245483000623,25.224725760985166,0.36839207021736503,0.0009786810890172676,2.081465256993883,1.7113672254810832,1.715444438606773,1.7152179455160146,1.7136660573457358,1.7130750200776899,1.7152188484215172,1.7152302391164096,1.7147759416455786,1.7135375389934104,1.7152547618562757,1.7127997739655172,1.8739085976834633,1.7595982190294188,1.7397528476996653
94,0.030901548956083116,0.01057215851347076,24.87039193394594,0.26749953932353526,0.0009776615418801106,2.08445253347283,1.7087544226404654,1.7129719213063874,1.712755779136433,1.711224289324834,1.7105383963650542,1.712494037555093,1.7126971016067316,1.7122649308809235,1.7109867012756879,1.7126752103498173,1.7102254263313763,1.8736609149498717,1.7579173618492618,1.7375532345364966
95,0.03536396299253526,0.010591489087324404,25.33967655408196,0.24954151167292657,0.000976618738562577,2.0874785914125806,1.7062095027887696,1.7105440190177044,1.710334026587679,1.7088155724488052,1.7080450063649577,1.70984367689149,1.7102121293864083,1.7097877747528045,1.7084659848771886,1.7101312609262758,1.7076759572594877,1.873391740959405,1.7563187600837442,1.7353452820558057
96,0.028950935926105877,0.01061058316176018,25.84734724392183,0.28570285133161,0.0009755527298894293,2.0904865967023447,1.7036646863985683,1.7081251085656217,1.7079182395139079,1.706417323775074,1.7055585210058284,1.7071957212020774,1.707744832921571,1.707337514245376,1.7059769065417845,1.7076188699328623,1.7051788438278008,1.8732326562120782,1.7547771967265517,1.73319810171423
97,0.032875592376232304,0.010629315981908374,24.59829241898842,0.25245628563516975,0.0009744635678164261,2.0934913590053434,1.7011532465059638,1.7057367758883013,1.705532538516595,1.7040565597824222,1.703106357481677,1.704585041278536,1.7053160682887014,1.704929079171979,1.70352836409149,1.7051501817623769,1.702736481428454,1.8731065923686392,1.7533252057149469,1.7310763685490274
98,0.03355467010335591,0.010647992597492962,24.442793125053868,0.2755059906987807,0.0009733513054277904,2.0965204879918735,1.6986758422991508,1.703364577046474,1.703161154878707,1.7017203641656358,1.7006702673868566,1.7019742101596518,1.7028937980637202,1.702528706290312,1.7010828514044398,1.7026771783277341,1.7003033665878446,1.8729713233629413,1.751909604859956,1.7288918927838703
99,0.03165563985033615,0.010666863487972496,25.52816467708908,0.28680225302703716,0.0009722159969336218,2.0995640632997903,1.6962054488084557,1.7009958405426524,1.7007968486822136,1.6993932194252421,1.698242452667283,1.699354028736977,1.7004662445281882,1.7001184757700116,1.6986207499540114,1.7001783131716526,1.6978444417905865,1.8727794645252296,1.750468037985484,1.7265989634788015
100,0.031408176367788185,0.010685548015206896,25.55417034216225,0.25233255635566276,0.0009710576976672547,2.1025948477445193,1.6937509460736653,1.6986642583135596,1.6984623664538583,1.6970728631685525,1.6958467822093484,1.696812304241016,1.698076267488727,1.6977293467719452,1.696178311077318,1.6977134416413284,1.6953766924513907,1.872520300557886,1.7490394800730589,1.7243874778278454
101,0.031098931093930728,0.010704347325583986,25.764175018062815,0.2861681587107672,0.0009698764640825613,2.10562730655737,1.691292822371363,1.6963388307206058,1.696131230097347,1.6947542670733027,1.6934547514935203,1.6942665521645988,1.695683805061912,1.6953331758490024,1.6937275595198333,1.6952377532519962,1.6928923846385142,1.872211299870499,1.7475759760767868,1.722184499023313
102,0.040081358343499095,0.010721932745810356,25.09158316301182,0.15425490132248673,0.0009686723537511998,2.1086852679003103,1.6889764927923825,1.6941279360277273,1.6939012183007225,1.6925110050323429,1.6911668688000943,1.6918987514194193,1.6934130299464971,1.693045894753587,1.6913883200053819,1.6928945776485673,1.6905060796787406,1.8720071030911916,1.7462481364437388,1.7201620425414819
103,0.03040883696719479,0.010740040820642813,25.28286365699023,0.3201654821447094,0.0009674454253598092,2.1117392808107045,1.686609293138859,1.691878095241126,1.6916405008815212,1.6902629107016869,1.6888457013284595,1.6894348089043782,1.691088741702998,1.6907232568389687,1.6890104934222423,1.6904940517144447,1.6880960422208693,1.8717662568820368,1.744867259661533,1.7180121381030302
104,0.039368597721846824,0.010757387568100673,25.568476976128295,0.18191594161187205,0.0009661957387071484,2.114824887160153,1.684363918816621,1.6897193502956074,1.6894585394162231,1.6880645044397793,1.6866007219908068,1.6871094513851195,1.6888528385945194,1.6884716976090628,1.686700722009754,1.6881774023053808,1.6857234543876536,1.8715658992988708,1.7435233109428918,1.7159325251070798
105,0.026491432020663695,0.01077539256104985,25.11885679909028,0.3529717161019866,0.0009649233547011815,2.1178923283354028,1.6820228928429863,1.6874842866401936,1.6872168696860175,1.6858339922113699,1.6842885813596151,1.6846430880148988,1.686545051185251,1.6861769857274078,1.6843509377833585,1.6858021268706473,1.6833299455963415,1.871324740969061,1.7421333482852979,1.713807185687189
106,0.02725935291649951,0.010794182464172433,24.835658850846812,0.3106268733353607,0.0009636283353561104,2.12094071913184,1.6796277783827644,1.6852156520187003,1.684956996731323,1.6835312600495695,1.6819598585183186,1.682230102154785,1.6842189325375743,1.683821658548631,1.6819379535235985,1.6833812930743228,1.6807965519763624,1.8707987296291297,1.7405640180589832,1.7115926569529385
107,0.03019223466627287,0.010812647436393872,23.865024276077747,0.2602576864236063,0.0009623107437893505,2.1239829972072477,1.6772349069426646,1.682966480273128,1.682709628514179,1.6812334470794108,1.6796449481019504,1.6798538252550042,1.6819249955304936,1.6814990165640906,1.6795630873079297,1.6810056900950692,1.6783035798323491,1.8702913419814744,1.7390684064291488,1.709522563392846
108,0.030200975769624168,0.010831181510432494,24.72950160689652,0.2953333557039051,0.000960970644218456,2.12701948716716,1.6748203473098728,1.680701123621452,1.6804490523269122,1.6789498536736218,1.6773157827472933,1.6774183149953636,1.679618073976682,1.6791863796215611,1.6771989699744227,1.6786293083157622,1.6758516689245164,1.8698472249787346,1.7375975754628974,1.7073911798906323
109,0.030333968781766845,0.010850076224105994,25.842386946082115,0.3078515269014726,0.0009596081019579896,2.130050519843327,1.6723772896266722,1.6784156768589424,1.6781734908148618,1.6766695256470951,1.6749705720697075,1.6749239112432577,1.6772767178005574,1.6768485289412256,1.674804914880722,1.676209589667254,1.673380636951205,1.8693891080039018,1.7360826658611441,1.7051627336617219
110,0.030663055123235125,0.01086884210193857,24.98471871088259,0.28001883268582295,0.0009582231834163388,2.1330627309243995,1.6699306693318985,1.6761331219810303,1.6759017701767576,1.6744067662977165,1.6726268891577936,1.6724120340329796,1.6749429337244521,1.6745291492748553,1.6724326523278792,1.673810238945142,1.6709532352936323,1.8690558005474998,1.734586345035691,1.702932215840983
111,0.027406482329404847,0.010887952465043172,25.03637252585031,0.3199881104863267,0.000956815956092479,2.1360595759900702,1.6674350190402332,1.6738296398973362,1.673608190503156,1.672111192306012,1.6702566903785327,1.6698887088024865,1.6725895671223194,1.672181318304721,1.6700333717786937,1.6713863829847577,1.6684810018661813,1.8686002033808256,1.7330343530878758,1.700789016312394
112,0.03364772789904294,0.010906493693272843,25.177935001207516,0.2277849463127474,0.0009553864885726854,2.139080779804699,1.66501122198095,1.6715760984751782,1.6713585144791945,1.669864852212394,1.667935086412359,1.6674059200380622,1.6702842037204289,1.6698863561969945,1.6676855350565003,1.6690127007704039,1.666065647622648,1.8682007581962885,1.7315356530779757,1.6987662667922518
113,0.02615232001371505,0.010924887182647182,25.831897296011448,0.31734078326761667,0.0009539348505271879,2.1420609980070524,1.6625467930719326,1.6692968712035567,1.6690889518687286,1.6676090982976333,1.6655838962011755,1.6648299221482057,1.6679483849744938,1.667591415162336,1.6653410463822098,1.6666442557820154,1.6636648346078253,1.868629162103211,1.7295199046324465,1.6969765861228114
114,0.029723194079859957,0.01094292693434419,25.859411583049223,0.2602715682073748,0.0009524611127067768,2.145040715371673,1.6600988224594693,1.667038397895676,1.666836150600759,1.6653665774734303,1.6632514969015375,1.6622916595128279,1.6656462520253372,1.6653304974113476,1.6630354732632204,1.6643189083973253,1.6613170944035287,1.8690513385247227,1.7275983027224984,1.6953063051827584
115,0.02773856018454028,0.010960903128992056,25.32981747109443,0.2730025737584046,0.0009509653469393544,2.148004547526236,1.6576464137596776,1.6647980246193324,1.664590430783907,1.66311938696407,1.6609284670402744,1.6597944492083818,1.6633649123411,1.663080767527198,1.660740708631079,1.6620091908853842,1.6589689131912937,1.8693574799192998,1.7257446262268097,1.6937154280181526
116,0.02887923944001254,0.010979071641624937,24.654420829145238,0.29157614540148985,0.000949447626126434,2.150967101315095,1.655189088438667,1.662565273980381,1.6623426962825623,1.660880597846977,1.658600692594437,1.6572479300097855,1.661072774546876,1.660827645179646,1.6584412379791982,1.659690969287714,1.6566072425773757,1.8698883801309767,1.7235806661134345,1.6920750692327593
117,0.03446802651843768,0.01099673534110478,24.288805943913758,0.2311932573956448,0.0009479080242395868,2.153953998316687,1.6528072341129192,1.6603771303978228,1.6601361222976572,1.6586889719343767,1.656315753868112,1.654753064648164,1.6588230241946325,1.658612902952801,1.656179909255951,1.6574101226500695,1.6542977782572459,1.8705021994277724,1.7215536406053713,1.6903923377306898
118,0.03150258547923124,0.011014599726536688,24.990006326930597,0.2789062790201048,0.0009463466163168367,2.1569524245870757,1.6504333260799708,1.6581926522961339,1.6579354553569743,1.656501001630619,1.6540366354025275,1.6522660703481862,1.6565681485533126,1.656381605639215,1.6538951818140604,1.6551009726476829,1.6519508714784028,1.8709860904899747,1.7195460872004629,1.6886444054912018
119,0.03423979016724435,0.011032252487745664,25.72514145891182,0.24498423510509912,0.0009447634784590033,2.159975058534081,1.648107242200216,1.6560359816710388,1.655763559772175,1.654335964187627,1.6517882346215584,1.6498201886717574,1.6543379809634908,1.6541673551553926,1.6516230056979093,1.652806386527256,1.6496168536079847,1.871426835776855,1.717629373087995,1.68685595847381
120,0.030706720571257826,0.011049496039518924,24.953394318930805,0.23954173177832547,0.0009431586878259917,2.162988617435115,1.6458229538851643,1.6539158322040701,1.6536196542987316,1.652190085916351,1.649566959145822,1.6474276307521454,1.6521458056703142,1.6519899704923124,1.6493910134690515,1.6505603622054448,1.6473291079503596,1.87196440406711,1.715731263899506,1.6851417159477693
121,0.027526895411004386,0.011066660496277095,25.367615428986028,0.2749813954654328,0.000941532322633034,2.165980201607628,1.643516277389223,1.65178026917562,1.6514706627932731,1.6500342672416815,1.6473408853680955,1.6450532225218581,1.6499719628362324,1.6498313653494117,1.6471848203860773,1.6483446805541304,1.6450682848708367,1.8724226518516844,1.7139642817122107,1.6834794309779773
122,0.03298360607414122,0.011083527147903116,25.21000991296023,0.23915983010135325,0.0009398844621468748,2.1689872726374495,1.6412436138370128,1.6496692304535678,1.649345999524769,1.6479121168504036,1.6451419784730568,1.642700843049843,1.6478263614932467,1.6477054711408792,1.6450110765528134,1.6461596955881697,1.6428547792901689,1.872877160967802,1.7122928561907376,1.6818021348554366
123,0.034493951807205214,0.011100190634762643,25.805050660856068,0.23874033716899548,0.0009382151866819099,2.1720133173330045,1.6390151603967469,1.6475849514440197,1.6472465590887557,1.6458189030121972,1.642969963010105,1.6403804319993984,1.64570467239501,1.6455971279304888,1.6428516288149495,1.6439877814657313,1.640656636624745,1.8733053865414802,1.7107041670300633,1.6800765321050024
124,0.03240760112780887,0.011116733049437647,26.125206856057048,0.25342203175320843,0.00093652457759627,2.17504971639783,1.6368196121063843,1.6455149167144647,1.645161150674916,1.6437486937478047,1.6408094707613055,1.638056694408115,1.6435903896229704,1.6434996968817035,1.6407033572457839,1.641824599481931,1.6384761651639577,1.8737972774374223,1.7091610398278645,1.6782719308927494
125,0.03452554097485182,0.011133021150975352,26.226610546000302,0.22600611702679946,0.0009348127172878569,2.178103143607817,1.6346805948929892,1.6434872454246312,1.6431118551173831,1.641699816330026,1.6386826842028015,1.6358024351512293,1.6415098732526625,1.6414184343704121,1.6385680787732528,1.639679563897535,1.6362918516944267,1.8742916679384793,1.7076260240919012,1.676462125879426
126,0.032346116189227045,0.011149705620049915,24.995078020030633,0.2818143756312256,0.0009330796891903273,2.1811575992451075,1.6325266049321054,1.641447162199935,1.641054003868198,1.6396485922394604,1.6365453356804431,1.6335144395010976,1.6394059767583227,1.6393104955474773,1.6364004741869675,1.6374911328797779,1.6340667067555301,1.8746898311124722,1.706067392437539,1.674520631693068
127,0.03650964602331245,0.011165333206709913,24.263395719928667,0.16062062783167394,0.0009313255777690251,2.1842153462016136,1.6304761116299231,1.6394972418861358,1.6390733170232394,1.6376573614681762,1.63448824588315,1.6313565013693108,1.6373939625286662,1.6372886085851994,1.634324243096091,1.635412335773132,1.631932321777944,1.8752206045237816,1.7046583471583432,1.6727192833796982
128,0.028404600832913615,0.011180910322157143,26.063834238098934,0.25799222372622105,0.0009295504685168668,2.1872424660348235,1.6283973466010817,1.6375386504005351,1.6370856221472267,1.6356615411104685,1.6324261876215176,1.6291856358702492,1.6353880078634748,1.6352827995623695,1.6322702998818626,1.633356830287309,1.6298356775616383,1.8757544282081642,1.7032636317993914,1.671009944676651
129,0.03185360660373256,0.011196120390456666,27.560117271961644,0.21998755094906747,0.0009277544479501732,2.190265447758238,1.6263522983454493,1.6356155253492395,1.6351250001948732,1.6336882901979175,1.6303917175141551,1.627052286524875,1.6334111797893136,1.6333033410002118,1.6302438742682666,1.6313381478118807,1.6277642831575114,1.8763855704560775,1.7018943013903183,1.669370061999109
130,0.029215234913331577,0.011211968025192658,25.721506769070402,0.3029047890125016,0.0009259376036044523,2.193290562003799,1.624255840204841,1.6336500771467697,1.6331311768324241,1.6316860022470983,1.628321654885445,1.624861349743292,1.6313900233352807,1.631274484545706,1.6281658025676875,1.6292544190971658,1.6256198334782637,1.8768621819607378,1.7004641757062484,1.6676587044069904
131,0.0305339758058756,0.011227726412016656,26.276664609089494,0.24255588594997982,0.0009241000240301347,2.1963102221326296,1.6221757527278424,1.6317078442813748,1.6311520619430135,1.6296890115315783,1.626263747309307,1.6226976814280727,1.6293834413596882,1.6292534586377798,1.6260957576936086,1.6271803946839354,1.623470543059609,1.8773570923663532,1.6989838397820096,1.6659992967833737
132,0.0324619282772814,0.011243127131248283,26.11372687201947,0.21869195172382125,0.0009222417987882565,2.199308581592203,1.6201406072625373,1.6298092293801907,1.629200901733181,1.6277227384350808,1.6242356904013302,1.6205603426998365,1.6274050344410849,1.6272613587100613,1.6240529389463347,1.6251441952394914,1.6213385602306236,1.8779321886442248,1.6975437521419845,1.664407672710874
133,0.03262289832600469,0.011258998304341353,26.344399931142107,0.27982638142822897,0.0009203630184460944,2.202328899233275,1.6180887720880872,1.6278850592035865,1.627236536773994,1.6257436279456563,1.622191565665514,1.6183979054013629,1.6254008873444108,1.6252308755507374,1.6219655779155482,1.6230526334543647,1.6191518554109416,1.878379689751072,1.6960741039985474,1.6626734614142558
134,0.028461574374752354,0.01127526957635016,26.184497713809833,0.29645120059222674,0.0009184637745727513,2.2053473145740154,1.6159985029888055,1.6259375415596438,1.6252453563536209,1.623744255967664,1.6201180427990625,1.6161770165070994,1.623363505885422,1.623172469670245,1.619850499847929,1.6209146781179602,1.6169121638767605,1.8787135654958529,1.694569732773455,1.6609820355459453
135,0.0323462200649586,0.011291269014366181,26.86075433716178,0.231593401227725,0.0009165441597346947,2.208367256769785,1.6139320544435398,1.624014813132644,1.623277810846421,1.6217683962262994,1.618066823804968,1.6139816664559272,1.6213493058292625,1.621139033184418,1.6177613478074817,1.6188047156457168,1.614711029002211,1.8791422913687583,1.6931053926198933,1.6592562254146455
136,0.03667723290150233,0.011307042935254698,24.661047133849934,0.22521655666559567,0.0009146042674912433,2.211411442928645,1.6119115214052844,1.6221184412406546,1.6213367542065025,1.6198198761082123,1.616042368336628,1.6118184704425713,1.6193608361115102,1.6191274798895239,1.6156897483595831,1.6167112698309987,1.6125338441217156,1.8795596685497198,1.6917020701759276,1.6574750230903563
137,0.030682249933648837,0.011322751730245008,24.700150187127292,0.25071834973348717,0.0009126441923900084,2.214462019276705,1.6098825088374074,1.6202189881832796,1.6193985276616698,1.6178648644535119,1.6140223820478463,1.609666785108522,1.6173776125428818,1.6171233742598345,1.6136271985649584,1.614631940047875,1.6103601062157353,1.8799241730828065,1.6903135436434196,1.6557999640255754
138,0.028708257944039285,0.011339518998845615,26.421592308208346,0.33430176395022393,0.0009106640299622852,2.2174967132911854,1.607782061838068,1.6182599158464124,1.6174137724493447,1.6158801976566786,1.6119489733671704,1.6073933973294285,1.6153139685593252,1.6150441926071522,1.6114847090323319,1.6124488675553286,1.6080979675742837,1.8801306703449086,1.6887558447804432,1.6539307514901005
139,0.03253965361267297,0.01135587117426902,26.564517906168476,0.2226469079436176,0.0009086638767183966,2.2205210797493495,1.6057123899322367,1.6163287308853989,1.61545468241454,1.613924819831322,1.6099061409743316,1.6051607468396976,1.613288594837001,1.6130075884269852,1.6093877430761034,1.6103187120451405,1.6058969753455645,1.8803966939340728,1.6872685137134174,1.652096813429391
140,0.03356924828046246,0.011371903827732255,25.871062517166138,0.22018729193074915,0.0009066438301429902,2.2235492987724497,1.6036755762026678,1.6144250167358303,1.6135248773943045,1.6119804170916183,1.6078951359349412,1.6029998985890095,1.6113002555764293,1.6109983324354824,1.6073179150383419,1.6082276561943565,1.6037070327530767,1.8806296219939622,1.6858277682022988,1.6503440277069055
141,0.030077351947278036,0.011387864000102116,26.427255996968597,0.2515673520161629,0.0009046039886902862,2.2265724180135607,1.6016249966621394,1.612519643609288,1.6115957543430706,1.6100420123017958,1.6058878902591769,1.600830450432983,1.6093181833103312,1.6090020679921642,1.6052633970001644,1.6061524646353555,1.6015347957963273,1.880844162864403,1.6844181221797252,1.6486594313179928
142,0.028540193680307163,0.011404687164314259,26.369273870019242,0.3192138091206092,0.0009025444517792792,2.2295813017391004,1.599510689433291,1.6105650049868994,1.6096293925005065,1.6080813013455058,1.6038391747289817,1.5985583030260753,1.6072705562269047,1.6069477469570552,1.6031469072103264,1.603995453926654,1.5992893403176056,1.8809391520435153,1.682864909073035,1.6468269177875556
143,0.025985832707353045,0.011422281451792556,26.0450100870803,0.3549385564376358,0.0009004653197888923,2.2325576534307507,1.597311510837205,1.608543920189449,1.6076068997423651,1.606074597139317,1.601720832333495,1.59617336661832,1.6051536723830875,1.604836506141854,1.6009759841901954,1.6017745136643295,1.5969874699000932,1.8809173060305846,1.681218088039799,1.6450343925560993
144,0.03167741204927855,0.011439683095181227,26.346317969961092,0.24522892174229635,0.000898366694053086,2.2355285334570136,1.5951272604648057,1.6065382595259725,1.6056028787839696,1.6040917147470495,1.5996257504063232,1.593808626485925,1.603057857895038,1.6027499384951762,1.5988286235046205,1.5995774426947877,1.594716356849644,1.8809075584037047,1.6796158717468506,1.64323911625898
145,0.038911324041386836,0.01145652274831698,26.071963103022426,0.20879629797495675,0.0008962486768559179,2.238548103407626,1.593034705732153,1.6045895697331367,1.6036475361978682,1.6021542318131274,1.5975782695797778,1.591514163744629,1.601013540867726,1.6007080761001178,1.5967209383985346,1.5974220169688258,1.592490017345169,1.8809557597960276,1.6781035201171313,1.641391598839344
146,0.030364360261724434,0.011473028950892987,24.687794538913295,0.24157575010336754,0.0008941113714265575,2.2415565994955173,1.590950741801757,1.6026588505115968,1.6017089404627938,1.6002184331568972,1.595546550088359,1.5892689907290611,1.5990005556130418,1.5986930709801175,1.5946456778609106,1.5953092069429256,1.5903007734052714,1.8810573779778752,1.676622462438166,1.6396610222319126
147,0.032295047995613904,0.011489560021238441,24.860564259113744,0.24869933511658063,0.000891954881934257,2.2445714433162807,1.5888724504482745,1.6007325274243356,1.5997815521472105,1.598300469863552,1.5935289178117829,1.587023444247864,1.5969942685689396,1.596686680817972,1.5925750522614401,1.593193939861539,1.5881173651032732,1.8811415007902583,1.675151135427327,1.6378497326747004
148,0.0355352268022935,0.011505658404365343,26.982816407922655,0.20938393352394313,0.0008897793134832714,2.2475910315032768,1.5868504411818134,1.598846972928485,1.5978934427652418,1.5964073394530232,1.5915513114026447,1.5848636026906557,1.5950379801377061,1.594716435307854,1.5905413764795604,1.5911219744491372,1.5859704418584417,1.8812649647237543,1.6737347100182982,1.6360290803152677
149,0.0326816226234306,0.011521242556391734,25.779112661955878,0.2201312939746137,0.0008875847721077378,2.250604234530829,1.5848701159241874,1.5969905850680253,1.5960317992515283,1.5945305822659526,1.5895993260908807,1.5827626000981092,1.5931220902522294,1.592781164264113,1.588548979058518,1.5891017464466732,1.5838757970622592,1.8816085281624828,1.6723540331870836,1.6342299161695066
150,0.03245772577236241,0.011537172993090221,26.521359579870477,0.2740378810681407,0.0008853713647665066,2.253630198122337,1.582874824631669,1.5951172522815202,1.5941606600313663,1.5926534590416757,1.5876364689262032,1.580616841582732,1.5911795989645248,1.5908239286988,1.5865307667769244,1.5870461143651078,1.5817553977703716,1.881876829342657,1.6709518670891228,1.6323238233832515
151,0.03129809155246348,0.011552752620832751,26.44321939186193,0.22933945927179883,0.0008831391993379295,2.2566475001784747,1.5808944639083684,1.593263145724471,1.5923072214215301,1.5907958567024827,1.5856928485260795,1.5784894897859456,1.589260824532733,1.5888983082522499,1.584548231134269,1.5850353251380247,1.579678848972315,1.8822250842948731,1.669610454243221,1.6304790505113136
152,0.03441747437481062,0.011567802264826593,26.643911984050646,0.19038295306706846,0.0008808883846146001,2.259666318498426,1.5789746747372664,1.5914573194095956,1.5904982099504197,1.5889620384304413,1.5837984220920196,1.5764597626582355,1.5873988975223985,1.5870186404611293,1.5826113180420889,1.5830801151039293,1.5776262321280936,1.8825637246632179,1.6683253813215464,1.6287318728788167
153,0.03406047862572793,0.011582783566214989,26.303436905844137,0.23106896070050822,0.0008786190302980523,2.262696476609417,1.5770696791526413,1.5896624048093404,1.5887023248065741,1.5871449450558721,1.5819189387833505,1.574434159294431,1.5855465112377365,1.5851495154794832,1.5806821107968565,1.581129317036961,1.5755825058020094,1.8828905058827219,1.6670684740194994,1.6269445592042269
154,0.032636466397673286,0.011597807481046574,26.569293695036322,0.23552417072969595,0.0008763312469934144,2.2657081635924894,1.5751652289545146,1.5878808011066816,1.5869163813675147,1.5853360778423942,1.5800502021446363,1.5724214529077494,1.5837011258517273,1.5832825597037425,1.5787522841909698,1.579177209123346,1.573527436844484,1.883189014558789,1.665778475382518,1.6251639396210578
155,0.035598557946279336,0.011612880013852406,25.920873174909502,0.234668290177497,0.0008740251462040166,2.2687209391993277,1.5732836703966173,1.586114706587672,1.5851439953231268,1.5835404874254126,1.5781922104771278,1.5704156558907034,1.5818601772377474,1.5814170758936852,1.5768186198158904,1.5772179781938847,1.57146224530365,1.883473700123379,1.6644762860258806,1.6232978498984385
156,0.03450645416856522,0.011627306276949207,24.275928335031494,0.18681872808289873,0.0008717008403259584,2.271732520154721,1.5714572312846082,1.5843948573574038,1.5834098500491707,1.5817773539515392,1.5763775978891446,1.568474774499146,1.5800694528375536,1.5796012902323644,1.5749388989114017,1.5753242958299485,1.5694617886330533,1.8838381076614923,1.6632574781405787,1.6215470363114466
157,0.031579703602002795,0.011642087864439246,25.050036111846566,0.25872688942596955,0.000869358442642629,2.2747472283847237,1.5696158854735258,1.5826565107641875,1.5816657105318068,1.5800147985796174,1.5745522356848012,1.5664879257176685,1.5782556879351315,1.5777681339406544,1.5730371270677261,1.5733961524042697,1.5674336995334897,1.8841348407107787,1.6619787187365727,1.6197143599336503
158,0.03588891592040208,0.011656545232093477,27.27224349696189,0.20557677006816724,0.0008669980673191868,2.2777696238439558,1.567812188742976,1.5809484832122107,1.5799476658972114,1.5782796107616779,1.5727546813156459,1.564538534165717,1.5764715132763722,1.5759624646508426,1.5711620080664974,1.5714978050226627,1.5654353233501337,1.884455623655228,1.6607383547538646,1.6179067766764113
159,0.027344851067657508,0.011671313049196391,26.118416900048032,0.2854115139707376,0.0008646198293969952,2.28075797224276,1.5659461052581958,1.5791972491560657,1.5781952256631722,1.5765143870632734,1.570919130990416,1.5625432173624039,1.5746665676751959,1.5741435155727561,1.56928154460397,1.569589698239278,1.563426963434946,1.8847023074544513,1.6595378855821123,1.6161383011737125
160,0.037239872277334864,0.011685319899952288,26.274820927064866,0.16618350173410507,0.0008622238447880152,2.2837559904946216,1.564161597529957,1.5775111150176304,1.5764972412454825,1.5747886774912299,1.5691417046162117,1.5606513855775026,1.5729286300605314,1.572382519851648,1.5674605377615956,1.5677535363867412,1.5614745805803611,1.8850197622696157,1.6584101915528624,1.614471785496021
161,0.03509941793764444,0.011699186765948427,26.192793840076774,0.21699671719033958,0.0008598102302691563,2.286778569172599,1.56240654262516,1.5758432308509878,1.5748168637230944,1.5730696295916835,1.5673809471557159,1.5587994446762292,1.5712073532309163,1.5706262802782673,1.5656415305108735,1.5659244161879076,1.5595052535723006,1.885323563198256,1.6572467600405463,1.6128671290659524
162,0.03323569281138873,0.011713231264008122,26.790439896984026,0.24148021910953557,0.0008573791034765853,2.2898086189473057,1.560644480532006,1.5741703938358667,1.5731352325953052,1.571348689488933,1.5656180542902594,1.5569408172016568,1.5694797969315406,1.5688575854734932,1.563807295739638,1.5640760421206668,1.557510408147463,1.8855840215239572,1.6560365597197546,1.6112388198697913
163,0.030319745789352634,0.0117273113964944,26.787939174100757,0.23568448220007307,0.0008549305828999922,2.2927997335976578,1.5588691488961315,1.5724963008581652,1.5714516768032376,1.5696356315368665,1.5638550640964104,1.5550667684766373,1.5677528966551393,1.5671001464326084,1.5619866521803785,1.5622414234091075,1.5555305155910077,1.8858435403249052,1.6548248447225835,1.6096203911786824
164,0.03178551623923485,0.011741858214642685,26.702000612858683,0.25503286518910867,0.0008524647878768156,2.2957789715302486,1.5570900591999437,1.5708148048216257,1.5697641034611414,1.5679242562825824,1.5620836191985668,1.5531560440907306,1.5659993152229692,1.5653146517164116,1.5601304361728179,1.5603573089987544,1.5535068296890144,1.8860791022520973,1.6534752414982357,1.6078555821337237
165,0.033062521571682435,0.011756440375354527,25.248758062021807,0.23466038211401766,0.0008499818385864262,2.2987688416133123,1.5553091209714576,1.5691330790848739,1.5680811511774497,1.566220712201745,1.5603173328167677,1.5512387638089358,1.5642469324397186,1.5635317055493805,1.5582753247958168,1.5584699886449664,1.5514859661024072,1.8863009483805215,1.6521238686522373,1.6060530380924405
166,0.03264769019902018,0.0117710879606571,24.60213755699806,0.23574926369466853,0.0008474818560442692,2.301746604999872,1.5535281368711165,1.5674531487064047,1.5664005603783382,1.5645288601834033,1.5585544593760376,1.5493098657664892,1.562495143632335,1.5617555986363196,1.556426569606935,1.5565850000768187,1.5494761800830616,1.8865025825938875,1.650766378237993,1.6042003082135858
167,0.027526484791428635,0.011786720577249157,25.696517957141623,0.3340951624166065,0.000844964962095967,2.304677844135783,1.5516533281797027,1.5657050764513825,1.5646613813553651,1.562799393174296,1.5567240930554058,1.547252013874128,1.5606626254964053,1.5599218742817553,1.554522591091324,1.5546328154571412,1.547415705957726,1.8865865967154025,1.6492879636040083,1.602226870276718
168,0.03195228050845876,0.011802555442753597,27.357835580129176,0.2538242126281671,0.0008424312794113801,2.3076108636349604,1.5497776219890549,1.5639514972735329,1.5629228767361896,1.5610763924710709,1.5548945224458937,1.5451732758152645,1.5588209735861596,1.5580810217642096,1.552607023614469,1.5526597248398413,1.5453375993245397,1.8866304481779586,1.6477722729935207,1.600186603351722
169,0.03238973646399304,0.011818796233181649,25.3285487589892,0.26750389144969405,0.0008398809314786275,2.310532112477233,1.5478932222474235,1.562186702126989,1.561179183469191,1.5593562968691126,1.5530578735464309,1.5430633351325118,1.5569558248262134,1.5562201360888515,1.5506642532003372,1.5506485919000366,1.5432226165286185,1.8866116962743986,1.646167459163143,1.5980431249429117
170,0.029823201448358233,0.011835176076092128,26.866942247143015,0.2602873157732144,0.0008373140425980697,2.313428330864565,1.546001211638721,1.5604252929187343,1.5594332468020144,1.557628239420436,1.5512195637538932,1.540959509171378,1.555085925179251,1.5543457933855287,1.5487063031673518,1.5486200980289544,1.5410825358107425,1.8865466688444146,1.6444651740086687,1.596025773762055
171,0.03335686032313877,0.011851273773911474,26.613362244097516,0.22358861921457096,0.0008347307378762498,2.316335643456771,1.5441326137241984,1.5586839252132805,1.557708574585269,1.5559187201638922,1.5494049917550714,1.5388860881479545,1.5532402390029791,1.5524958540241978,1.5467724746084064,1.5466183505105926,1.538968244317314,1.8865153180772076,1.642819339026457,1.5940145500351866
172,0.027956082142580482,0.011867789213897818,26.37611920502968,0.29800109137595643,0.0008321311432197947,2.319213433346808,1.5422143844158926,1.5569117561541699,1.5559569884093694,1.5541833026941896,1.5475577994083813,1.5367627120873784,1.551363677185307,1.5506194754213405,1.5448162459609236,1.5445900210535055,1.5368157266674949,1.8864126949119182,1.641128537924301,1.5920437419218763
173,0.029973360404606207,0.011884249412218125,26.055663409177214,0.24548173334457707,0.0008295153853292809,2.3220669862358974,1.5402866663626695,1.5551429491271909,1.5542132228633176,1.552451400445963,1.5457201431692205,1.534658898633207,1.5495010769441422,1.5487547668928072,1.5428734256902117,1.5425771441885918,1.5346723149469759,1.8863168773929793,1.6394524469752956,1.590090680681013
174,0.034592681605411485,0.011900063176214837,27.440627801930532,0.18782968082965984,0.0008268835916930577,2.3249240236857687,1.5384282445830109,1.553434886894816,1.5525175209923388,1.5507564907306017,1.5439330646254228,1.5326406369627315,1.5476937072263395,1.5469344477202254,1.540975545406142,1.5406182955286127,1.5325689927847255,1.886325109488454,1.6378355582360133,1.5881975182549537
175,0.035363626886583496,0.011915068676743888,24.992012669099495,0.1748005767087677,0.0008242358905810339,2.3277852055671207,1.5366520273558486,1.5517914273139894,1.550873693680911,1.549104825536074,1.542199316983326,1.5307048147780802,1.545946999002607,1.545170010126487,1.5391379967810577,1.538728280851846,1.530540353914392,1.8865050151444986,1.6362863697156271,1.5863732392063477
176,0.03191652300436962,0.011929851188154907,24.956382683012635,0.22248724121479868,0.0008215724110384265,2.3306277618652698,1.5349025179700817,1.5501745386463959,1.5492490496971283,1.5474672070602218,1.5404845251090693,1.5287827140394312,1.5442080600778785,1.543408099912235,1.537298090908778,1.536837670222929,1.5284962387721681,1.8872738644156222,1.634310734983324,1.5845915927743792
177,0.03220925052926957,0.011944116026658602,25.533701228909194,0.1986413334229308,0.0008188932828794705,2.333454940809164,1.5331939106802959,1.5485903661975982,1.5476537737999931,1.5458601716827434,1.5387982401318074,1.5268957451769252,1.5425047684512654,1.5416853485502833,1.5355033277080026,1.5349996186639945,1.5265130670752316,1.8882455390182704,1.632416409849185,1.5827720099136124
178,0.03352409827734831,0.011958523725636388,27.23408435098827,0.23739812320650117,0.000816198636681093,2.3362973365178914,1.5314887133428539,1.5470041197134277,1.5460617389679947,1.5442597332592178,1.5371144265135879,1.525000777382002,1.540800726962612,1.539960598026265,1.533702121102762,1.533147779238303,1.5245171983482377,1.88911742142137,1.6305368752122975,1.580887367159609
179,0.03170330140649047,0.011973048554005685,26.195500731933862,0.2411726519468987,0.0008134886037765481,2.3391302089126538,1.5297825369682063,1.5454171888943344,1.5444690407550776,1.5426551298486586,1.535430435476657,1.5231112004977057,1.5390978468356193,1.538230947561578,1.5318955292879175,1.5312864473128545,1.5225036296539305,1.889879250590397,1.6286859184741498,1.5790152075482096
180,0.03133995311296654,0.011987350307231841,26.7693797419779,0.22712191989126387,0.0008107633162490162,2.341939103576535,1.5280789315598373,1.5438404328158535,1.5428848570733096,1.541061034945059,1.53375425980917,1.5212281241496763,1.5374046881103334,1.5365171950053735,1.5301090827726858,1.5294530205862793,1.5205188863969845,1.8907980473571289,1.6268729595559472,1.5771303374992673
181,0.03148277562733858,0.012001746149195434,26.585515320999548,0.23926000798651417,0.0008080229069251662,2.3447498333437173,1.5263667253585893,1.5422591565093786,1.5412995714997337,1.5394728571979277,1.532079555228518,1.5193304573967632,1.535708983440313,1.5348068174603273,1.5283249939530348,1.5276184469246785,1.518537058785439,1.891619593547165,1.6251059949596025,1.5752170309077962
182,0.029363112532652974,0.01201615620090711,26.376622039126232,0.24316088275094191,0.0008052675093686832,2.3475404937366466,1.5246486025652097,1.5406761919750231,1.5397127626518103,1.53787738790334,1.530402159253675,1.517437960041288,1.5340166898104004,1.5330969833966754,1.526544451442148,1.5257882014412514,1.5165589769619527,1.8924395335552051,1.6233175842419074,1.5733618541573662
183,0.027727083891580018,0.012030874528454322,26.6590033210814,0.26775885850864983,0.0008024972578737563,2.350296825560311,1.522892399362508,1.5390698439429709,1.5381090558647519,1.5362599262754317,1.528706459996076,1.5155249746205781,1.532310368334847,1.5313734428234946,1.5247480978765133,1.5239438520067525,1.5145506489471292,1.8931180205017,1.6215424638552913,1.5715685642355097
184,0.02672058193511748,0.012045800867128103,26.560390919214115,0.26703056629877153,0.0007997122874585352,2.3530286347457925,1.5211024939565636,1.5374471978368638,1.5364903700492072,1.5346186842371348,1.5269944276846845,1.5136010631256067,1.5305985298299205,1.529641919198296,1.5229451850732192,1.5220942422856918,1.5125147985532386,1.8936517197718015,1.619755950929953,1.5699151981744546
185,0.030445592464549927,0.012060564347052615,24.783572619082406,0.23347611598751578,0.0007969127338585488,2.3557740436248324,1.5193136379745644,1.5358280261973591,1.5348792432243394,1.53298731399021,1.5252924307010327,1.5116849179930916,1.5288988989806112,1.527926728198977,1.5211614396336592,1.520266213578972,1.5105023612316484,1.8941513993265824,1.618007507206357,1.5683246740477546
186,0.03208134105774284,0.012075349057376344,24.998038593912497,0.23653661554151212,0.0007940987335200903,2.358518426741895,1.517549362843617,1.5342257421425491,1.533280509332842,1.5313639253838036,1.5236011058114614,1.5097828936838507,1.5272018570637813,1.526206255621493,1.5193680500032085,1.5184279645096173,1.508472927644911,1.8946258917593453,1.6162006515862197,1.5667651632268718
187,0.03406931287078693,0.012089575425016274,27.168924703029916,0.19050556946411318,0.0007912704235935661,2.361279389249185,1.5158343692822405,1.5326578613534394,1.531714895187057,1.529777490380088,1.5219477525740879,1.5079316689713658,1.5255503083421424,1.5245318695053132,1.5176237290376076,1.5166420236520646,1.5065035158659215,1.895105178555595,1.6145304508070109,1.5652349178772482
188,0.03077129485616604,0.01210385170735449,26.335999042959884,0.2358637970952305,0.0007884279419268118,2.364031081134623,1.5141271908460483,1.531094522340456,1.5301563012305979,1.5281982563088952,1.5203007253442544,1.50608414274726,1.523898074843902,1.5228559852269656,1.5158756543493608,1.5148499469257866,1.504523040338063,1.8955794493355764,1.6128009880655527,1.5637283912644964
189,0.03377532551850569,0.012118145994073428,26.842063633957878,0.23092765547427538,0.0007855714270583737,2.366793756096496,1.5124397302707129,1.5295406357805394,1.528609092740524,1.5266289597438623,1.5186633373376177,1.5042435428658936,1.5222505153673367,1.5211823584788131,1.5141253034242592,1.5130511175928814,1.5025302079739948,1.896009853900375,1.6110418872143137,1.5622206173750215
190,0.0349241608955409,0.01213188819091482,26.423309084959328,0.18442297679249453,0.0007827010182107565,2.369570587172632,1.5108056661433094,1.528026756769654,1.5270968963151703,1.5250858710369093,1.5170649325292047,1.5024770035212478,1.520650188919641,1.5195495873457383,1.5124167029322573,1.5113009660560255,1.5005796059860539,1.8964652076813024,1.6093991887694892,1.5607394583180447
191,0.03280836693471577,0.012145629511088173,26.421586378011853,0.2246032936286197,0.0007798168552836381,2.372341033442821,1.5091812095996069,1.526517471281956,1.5255927503906381,1.5235549242461854,1.5154744552763701,1.500715705361482,1.5190595401013953,1.517927241156645,1.5107194826746293,1.5095597263850553,1.4986424197363462,1.8968925121365008,1.6077543206939209,1.5592148867393223
192,0.02621087522010128,0.012160071072287159,27.114980668062344,0.3116432409494831,0.0007769190788470504,2.3750941648534223,1.5074811941533726,1.5249529243556312,1.524046559572631,1.521973219844656,1.5138329643501611,1.4988825091478628,1.5174195313746286,1.516259205828035,1.508976990235412,1.5077638015144776,1.496647665291511,1.8971750358933122,1.6060180943465343,1.5577406881648026
193,0.03636588887983655,0.012173963159395357,26.57681868621148,0.18936819979777303,0.0007740078301345289,2.3778645906966744,1.5058366541104709,1.5234266809521977,1.5225348278238615,1.520426502958417,1.5122282304355257,1.4971008312394207,1.5158222332986386,1.514632219531496,1.5072775212903629,1.5060153085202583,1.4947064434997044,1.8974921643962912,1.604386857129804,1.55629304521136
194,0.030801033043601992,0.012187700193057774,25.746502639958635,0.2221923052349769,0.0007710832510362287,2.380633952400107,1.5042048000173887,1.5219080825778155,1.5210329580580195,1.5188897319909798,1.510635807700911,1.4953326912448215,1.51423921484822,1.5130200369317366,1.505594582195164,1.5042813062948426,1.4927818762829739,1.8978014688405143,1.6027897029953975,1.5548812460162553
195,0.03647200735752426,0.012200638029561907,24.411463758908212,0.167261550178994,0.0007681454840920088,2.3834249299758725,1.5026397656210213,1.5204381618193654,1.5195742105202834,1.5173930279414496,1.5090904324985377,1.4936332282669058,1.5127105990902747,1.5114627260432028,1.503970493649838,1.5026172564848381,1.4909322444471458,1.898188268227118,1.6013518781523592,1.55353689204258
196,0.034063534353548655,0.012213245120475618,24.9687335730996,0.18836591533038596,0.0007651946724844859,2.3862120864093836,1.5011131563528402,1.5189983639284297,1.51814260326684,1.515930102797717,1.507574126946223,1.4919623361430578,1.5112107567902398,1.5099386458381607,1.5023808316690606,1.5009896099502977,1.4891264391419345,1.8986080098359035,1.5999596295974512,1.5521612143384862
197,0.03265479117117027,0.01222588364989782,26.937924101948738,0.22044621945642978,0.0007622309600320546,2.3889942974722365,1.4995908840631422,1.51756151870285,1.5167167834641981,1.514475942273991,1.506064184495219,1.4902888761379227,1.5097144133479583,1.5084187784946321,1.5007946359868773,1.4993631830970455,1.4873229770784688,1.8990039623304158,1.5985749890496481,1.5507446400394371
198,0.031017323602647223,0.012238317656046337,25.66851258301176,0.20619856820258203,0.0007592544911818786,2.391739080281251,1.4980729006761082,1.5161343871282407,1.5153005159240038,1.5130362574955376,1.5045673197441765,1.4886311312117124,1.5082379055273083,1.5069242120829915,1.4992389179625647,1.4977724779086807,1.4855606319951604,1.8994166063713906,1.5972392857771531,1.5493619362317843
199,0.03453576197689325,0.01225037732093417,26.52547306404449,0.18613494495249633,0.0007562654110028506,2.394494323159733,1.4965919235003284,1.514735491267995,1.5139097781967608,1.511607591316454,1.503097793676399,1.4870337029382232,1.5067948695648317,1.5054556835693973,1.4977099919255545,1.4962167917112277,1.483820004981271,1.8998478600786939,1.5959411280497469,1.5480281944265264
200,0.032302478595437126,0.012262419143293308,26.715193305164576,0.21792507006162265,0.0007532638651785215,2.397244387078897,1.49510861710256,1.5133353933339653,1.5125217830287214,1.5101889588013149,1.5016323387574366,1.4854258304330803,1.5053521852945668,1.503994878187421,1.4961888710370486,1.494667429797247,1.4820918208766596,1.9002550605246442,1.5946889256324885,1.5466772712205987
201,0.03388760807219046,0.01227429311813209,26.797093295957893,0.19599235206142276,0.0007502499999999999,2.3999865562517813,1.493652059715137,1.5119597024705351,1.5111515581027375,1.5087827163471788,1.5001859326381253,1.4838519238947088,1.5039306185243082,1.502548070354906,1.494681706928271,1.4931334801497935,1.4803691803831536,1.9006643767111138,1.5934614723858418,1.5453156800087975
202,0.02828743940525894,0.012286787436088199,26.449635137803853,0.27451063612311655,0.0007472239623588234,2.4027125636987074,1.49214664681165,1.5105472404322398,1.5097528314213828,1.5073489310534867,1.4987070588972526,1.4822277640399921,1.5024712853668374,1.501059161834081,1.493130587352259,1.4915430661814784,1.4785814972487297,1.9009656153517807,1.5921292571886445,1.5439447668961523
203,0.03296386402740058,0.012299270846026672,26.856822879053652,0.21916625419684785,0.000744185899739797,2.405433838107666,1.490647856174564,1.5091425213412846,1.5083610593455168,1.5059241347955659,1.4972352631595995,1.480600900141172,1.5010136862716856,1.499573876173563,1.4915822208416851,1.489956262138274,1.4767952027647306,1.9012714323202422,1.590804466674486,1.542546646356225
204,0.04062205044470988,0.012311059990478346,25.752380050020292,0.16536525042076608,0.0007411359602138068,2.408187609996054,1.4892283773443593,1.5077872032466568,1.507010186803355,1.5045370059366494,1.4958018585088861,1.4790432399070037,1.499606567945376,1.4981349118830156,1.490080842315795,1.48842171485426,1.475065299192126,1.9016723753409581,1.5895864292033028,1.5411511458989635
205,0.03008109850882957,0.012323059211592297,24.28305541188456,0.23234568266840508,0.0007380742924306025,2.410893711806766,1.487775716364305,1.5064210427850275,1.5056513586467863,1.5031514581356955,1.494361120020656,1.477461396313668,1.4981915990598027,1.4966968937758849,1.4885834671723541,1.486888776372126,1.4733436931570842,1.902036114496899,1.5883235706661827,1.539757450208403
206,0.03654511628298736,0.012334544230267542,25.188923120032996,0.1648495589186491,0.0007350010456115525,2.4136068755409577,1.4863854970310744,1.5051018126572062,1.5043304766779506,1.5018018184358468,1.4929592843322455,1.4759351926589532,1.4968165475540893,1.4952951224097846,1.4871209306417899,1.4853926527474413,1.4716565140210838,1.9025083975788242,1.5870879617401943,1.5383660986353316
207,0.037022435444673756,0.012345331276838026,26.825723415939137,0.15045410665691525,0.000731916369542371,2.41632875650947,1.4850579946653295,1.5038324081047254,1.503049662895797,1.5004893767519718,1.4916011208905844,1.474476240317657,1.4954906084637989,1.4939412015943276,1.4857088943865395,1.4839552879459252,1.4700265949102194,1.9030585735719987,1.5859568675742406,1.5370396044452677
208,0.028942896417781264,0.01235675750782413,26.028923440957442,0.2606392737142658,0.0007288204145658178,2.4190015000614054,1.4836759542942897,1.5025241286769226,1.5017403161768943,1.499163848199618,1.4902115093973616,1.4729462031930658,1.4941274717855217,1.4925643830384416,1.4842745650339655,1.4824859503694567,1.4683750478259754,1.9035227632012979,1.5847313509913719,1.5356099160449235
209,0.03206265837500187,0.012368136911298488,26.50598707003519,0.20585779439262142,0.0007257133315743707,2.4216608060677833,1.4822970903815673,1.5012216503006641,1.5004379287833218,1.4978461965159366,1.488830612591199,1.4714200627985998,1.4927708855668527,1.4911956205201802,1.4828493196923946,1.4810254102865488,1.4667360472733102,1.9039838898572452,1.583518251782131,1.534176376594063
210,0.028898157817529628,0.012379547342329596,26.092531637987122,0.2223655975177398,0.0007225952720028712,2.4242888837016174,1.4809022953004805,1.4999135988898873,1.4991309324571744,1.4965237030477063,1.4874460800426414,1.4698881083029058,1.4914147141103826,1.489829763661892,1.4814292042980193,1.479569681857995,1.4651022630494577,1.9044376456476795,1.5822870972997076,1.5328181910342014
211,0.0367407651439923,0.012390170567973388,25.959840303985402,0.1427238600548751,0.0007194663878211441,2.426915047489201,1.4795762988175774,1.4986557493713608,1.4978679152867964,1.4952323107185752,1.4861095306334091,1.468447602660327,1.4901170801548513,1.4885161082282208,1.4800664028839803,1.4781836463786255,1.4635359097901663,1.9049699011710512,1.5811570629755929,1.5315718620171765
212,0.03776283916952548,0.01240042286767859,26.805250962963328,0.17597174485984066,0.0007163268315265902,2.429564219115676,1.4782897462758315,1.4974221655263902,1.4966281612167096,1.4939650222781498,1.4847954419335332,1.4670336076382349,1.4888438940127011,1.4872270644606587,1.4787274927782659,1.4768228266065841,1.4620028667815295,1.9055365917824876,1.580098858634841,1.5303279717852214
213,0.029843215969249538,0.012410946708330591,26.613300359109417,0.22830063821812077,0.0007131767561367538,2.432170872638267,1.4769753615320869,1.4961728920704713,1.495376904067208,1.4926952612072135,1.4834685223940403,1.465583450202847,1.4875546778067403,1.485931344894182,1.4773839748657065,1.4754561754586633,1.4604729402694687,1.9060633700716212,1.579009239804612,1.5290550985531843
214,0.03535020131855299,0.012421182405342734,24.981093374080956,0.18114463074750717,0.0007100163151818656,2.4347938889231395,1.475686170649861,1.4949411324306592,1.4941437511737627,1.4914449731467097,1.4821612150180767,1.4641555735435736,1.4862859956814949,1.4846566161158832,1.4760610242225627,1.474110509592784,1.4589694538002413,1.9066129629869253,1.577975223969049,1.5277867744643674
215,0.0341955865791771,0.01243125437321828,24.23980182292871,0.18802033174211405,0.0007068456626973587,2.437414432421448,1.474417514292112,1.4937218806867576,1.4929236326912307,1.4902032820081252,1.4808681349906,1.4627518474657866,1.4850329202945844,1.4833929056197857,1.4747488498964312,1.4727744567475793,1.4574715771459497,1.9071810904122362,1.576975581254872,1.526519985789295
216,0.041271108969130485,0.01244075022451123,26.32639982085675,0.15043605311343441,0.0007036649532163623,2.4400557598990122,1.4732181901537351,1.4925484491783687,1.4917408917009194,1.4889969269463827,1.479610151174755,1.4614024241101766,1.4838196094892306,1.482166277106763,1.473474441760689,1.4714804591679003,1.4560214111149576,1.9078216220833215,1.576047699574175,1.525263795276649
217,0.026180959435437835,0.012451047189400724,26.984258380020037,0.2788429028916822,0.000700474341762169,2.4426508633042525,1.4719409002222783,1.491325790226132,1.490517497893192,1.4877531909188495,1.4783052402362642,1.459970214970301,1.482555480191093,1.480893423808054,1.4721515119220665,1.4701228516814322,1.4545029618610577,1.9083280259682929,1.5750096488474994,1.5240223037797485
218,0.03250446862460579,0.012461261030332217,25.440266837831587,0.19748877585833643,0.00069727398384068,2.4452422133658644,1.4706743376833398,1.4901076377724547,1.489299894669377,1.4865170755027783,1.4770092951426106,1.4585578373147716,1.4813049377938503,1.4796303457794988,1.4708393294337996,1.4687731889905689,1.4529926310687213,1.908799021424171,1.5739818288724599,1.5228084196046574
219,0.034124150203871995,0.012470963635004263,26.73569009685889,0.1630154934171124,0.0006940640354328255,2.447821605697206,1.4694483243615535,1.4889215207232602,1.4881093066779727,1.4853047381031637,1.4757423106837775,1.457190240845637,1.480087996136814,1.4784000980566658,1.469565100102103,1.4674680459767337,1.4515282208604245,1.909388964387385,1.573006237677259,1.5216482871362378
220,0.03295587344246144,0.012480880682803931,26.462276339065284,0.21282663995587858,0.0006908446529869618,2.450402878241015,1.4682142604734343,1.4877272379445579,1.4869177038495425,1.4840955968462888,1.4744733344834868,1.4558044602943931,1.478862403151389,1.477162574945652,1.4682798703713758,1.4661466282984073,1.4500485918253594,1.909930270540695,1.5720068576695154,1.5204068073266606
221,0.02947387302929667,0.012491144099061713,26.106446525780484,0.23662378415808147,0.000687615993411248,2.4529472986588052,1.466948489962583,1.48651047343203,1.4857098567355695,1.4828777321965783,1.4731870293248188,1.4543797894440054,1.477616184358196,1.4759111681120216,1.4669818714646452,1.464809491927958,1.4485534288169557,1.9104131670021367,1.57097188059324,1.5191432921005108
222,0.030512647950708554,0.01250174726722629,26.059344904031605,0.2328623522270201,0.0006843782140659967,2.4554747283140927,1.465657294070717,1.485278545562533,1.484492484012603,1.4816490542943759,1.4718909833445588,1.452932846343483,1.4763501417035951,1.4746401403599003,1.4656616457440501,1.46344769672415,1.4470236358175679,1.9108517153474127,1.5698663127748222,1.5178524896807613
223,0.03350793112924854,0.012512216553267414,26.240210148971528,0.19207891533777477,0.0006811314727560052,2.458003119580792,1.4643903950119803,1.484066504827057,1.4832910294516948,1.4804319475404215,1.4706111895218175,1.4515112452009085,1.4750971233970032,1.473373969350777,1.464344454414177,1.4620878321482926,1.4454978731342958,1.9113276751687476,1.5687505145567153,1.5165521967478768
224,0.030917325588518195,0.012522891516662225,24.617270772811025,0.22066264668645694,0.0006778759277228646,2.4605127023855418,1.463109970355937,1.4828509456741168,1.482087186702732,1.4792120653159038,1.469329214683294,1.450077239742696,1.4738362106833292,1.4720988189951931,1.4630163008668724,1.4607144603386801,1.4439523666424912,1.9117709211846388,1.5675670141667108,1.5152525319751238
225,0.03168381878174119,0.012533545937604983,24.59226844389923,0.19771085660930504,0.0006746117376372467,2.462981646097627,1.4618406904786931,1.4816481179103933,1.4808942905218923,1.4780041495679908,1.46805763457157,1.448654578078188,1.4725865654070613,1.470835145833794,1.461701610527981,1.459352842340809,1.4424221876002135,1.9122344851901036,1.5663572516871647,1.5139255782057905
226,0.03705107080214248,0.012543696089448497,26.01885264692828,0.16455835017812775,0.0006713390615911717,2.4654679987722243,1.460618010310362,1.480477271754535,1.4797297750769554,1.4768215592011757,1.4668158726926717,1.4472773827246057,1.471370496075812,1.4696042869923873,1.4604207568613188,1.4580306389837963,1.440935077167504,1.91274788987045,1.5652232233153625,1.5126393666291746
227,0.03435598719679469,0.012554077932504053,25.778227767907083,0.215186844143625,0.0006680580590902525,2.4679378928811166,1.4593891324970134,1.4793031828826009,1.4785653637766492,1.4756465521381354,1.4655724838424238,1.4458822775801867,1.4701455206664598,1.468368220255852,1.4591306981156895,1.4566935548480544,1.4394370988467673,1.9132026538756925,1.5640544233174072,1.511284687419745
228,0.03187132434384947,0.012564645579348447,26.084754036040977,0.2163768981798811,0.0006647688900459223,2.4703769926899684,1.4581520497816978,1.4781236611656803,1.4773993198768318,1.4744710689362368,1.464326939977444,1.4444804457641258,1.468917103704423,1.4671278739864877,1.457835830722498,1.4553494851820075,1.4379263141844874,1.9136276787350794,1.5628515892195083,1.5098970535460852
229,0.03144566445912517,0.01257534122130458,25.812651220941916,0.2219857325728799,0.0006614717147676403,2.4727897571736355,1.4569037156775484,1.4769383964781961,1.4762300748718968,1.473301057816858,1.4630768267536767,1.4430547182986202,1.467677791912091,1.4658827936340502,1.4565363494510541,1.4539975080056127,1.4364098421376459,1.9141306657506987,1.5615996641043304,1.5084622653800699
230,0.034072345454415315,0.012585736410414711,25.751894968096167,0.18265406367118264,0.0006581666939550778,2.4752081933705288,1.4556806415707202,1.475770448230334,1.4750767471364623,1.472149749410145,1.4618456590337046,1.4416534785027573,1.4664605445640058,1.4646617880687363,1.4552623766112636,1.4526723678085525,1.4349249050003823,1.9146449693404946,1.560414865996992,1.507040651637753
231,0.03156178203533372,0.012595687132418541,25.406873601023108,0.16915825220364475,0.0006548539886902863,2.4775882857318887,1.4544807272146492,1.4746358837217592,1.4739466604502216,1.471014162241005,1.4606392625638713,1.4402972407049808,1.465273725794417,1.4634683975400424,1.4540206419284096,1.4513853104575691,1.4334980857924438,1.9153065568626828,1.559260766832498,1.505668619824913
232,0.032721844044986875,0.012605503367618799,26.581044314894825,0.18383298918975627,0.0006515337604298472,2.479958896993761,1.4532955324894805,1.4735158636693282,1.4728300243402255,1.469882850963053,1.4594490083695575,1.4389725239346578,1.4641039844208663,1.462286953002221,1.4527892861862983,1.4501137011342267,1.4320654354661264,1.9159393630103418,1.558082474898651,1.50438234029555
233,0.03417423066283058,0.012615429234638025,26.184187103062868,0.20550426736735217,0.0006482061709970014,2.482341644771749,1.4521191117874386,1.472394572721347,1.4717174398417685,1.4687610991870208,1.458260505043505,1.437640606205399,1.4629334516255892,1.4611061129519716,1.4515534166239845,1.4488321580694816,1.4306237393486183,1.9165130497536542,1.556899324891605,1.5030274230086313
234,0.029724630239662365,0.012625565987803851,24.47706969594583,0.22334018941202252,0.0006448713825737636,2.4847192347844067,1.4509257319224096,1.4712605868013455,1.4705957447281501,1.4676322425456365,1.4570637740937107,1.4362959989708044,1.4617563346279117,1.4599165642902125,1.450309001531658,1.4475358400965062,1.4291626649167688,1.9170004957875078,1.5557000293389802,1.501676597575052
235,0.028549557695826053,0.012636502582771854,24.586540787946433,0.2716369980383268,0.0006415295576930169,2.4870743479500153,1.4496858196112408,1.470089382540686,1.4694453330716317,1.46648974682869,1.4558355971297388,1.4348683651345808,1.460530619433948,1.4586863442056255,1.4490197054850302,1.446178571574504,1.427639641134455,1.91733881754892,1.5543698794373495,1.5002390602211249
236,0.03003051823569232,0.012647713836241777,26.798031803919002,0.2345420412640714,0.0006381808592305912,2.489419800643745,1.4484223251981942,1.468901809318878,1.46828674287835,1.4653463862858134,1.4545998239818125,1.4334124091347384,1.4592897339525717,1.4574470464565616,1.4477200434652395,1.4448057119266733,1.4261033200264372,1.9176097618662082,1.5530355732731977,1.4987358639915853
237,0.03238494853525892,0.012658793611964887,25.345266825985163,0.20197143175847854,0.0006348254503973253,2.4917439187519212,1.447175404104698,1.4677301684359338,1.4671399667727156,1.4642162703587862,1.4533756428122016,1.431970920773566,1.4580579578949557,1.4562155278082993,1.4464285855179935,1.443445861275486,1.4245745272945938,1.9181604937093615,1.551504060744439,1.4972097168526106
238,0.03236031019058668,0.012669571497006434,26.145534839946777,0.1907438640174519,0.000631463494731112,2.4940674118136483,1.4459442791765094,1.46657356963512,1.4660076846980745,1.463091118561372,1.452168419356347,1.4305707593657313,1.4568489182677242,1.4550011568137196,1.4451563700973122,1.4421077982476818,1.423068589718434,1.9187031797862308,1.550075390386372,1.4957308160854355
239,0.02980356772888074,0.012680343190721137,25.73223942797631,0.21435134754434218,0.0006280951560889273,2.4963693836186045,1.4447020388566463,1.4654167427099989,1.4648767661543607,1.461957190507525,1.4509626084627454,1.4291951627917974,1.4556502622865262,1.4537900386125375,1.4438893005877151,1.4407822733824054,1.4215622264605907,1.9191979013270521,1.5486705071685598,1.4942929283209845
240,0.03230033383858158,0.012690895949521448,25.88873205590062,0.1839674922649417,0.0006247205986388449,2.4986601539898055,1.4434859289711621,1.4642855349362955,1.4637659516538433,1.4608402565022152,1.449777506375747,1.4278500279781545,1.454472139502665,1.452595233706305,1.4426373422385124,1.439467903071229,1.42007033107154,1.9197129628635814,1.5472915671072165,1.492865013215905
241,0.032120039142733474,0.012701416891487096,26.3358970109839,0.20366116239357607,0.000621339986852034,2.500937855408219,1.4422749043212304,1.4631582751427008,1.4626609949826395,1.459736182856996,1.4485996599529498,1.4265024193487,1.4532995319414364,1.4514110570532108,1.4413961947611496,1.4381646897882163,1.4185935533996348,1.9201918705643708,1.5459350937483411,1.4914321297790438
242,0.037202200059038265,0.012711659871409348,26.14968054695055,0.18073888709932676,0.0006179534854947438,2.503221466618484,1.4411013833447937,1.4620546419989422,1.4615766980627816,1.4586533907381236,1.4474404811676407,1.425187217161266,1.4521512819589257,1.450248101630886,1.4401760910163963,1.4368836581097315,1.4171410546219334,1.9206818124531728,1.5446315117700493,1.489978018272501
243,0.033041599781867444,0.012721582013546532,25.087464180076495,0.18350768365443149,0.0006145612596202726,2.5055088682610247,1.4399502333688186,1.4609659765586063,1.46050582563584,1.4575787578166834,1.446297354779724,1.4239071850677976,1.4510262661189588,1.449104805241424,1.4389797476891857,1.4356325802752883,1.415715033222035,1.9211879747111142,1.5433993381061153,1.488566699305227
244,0.03580204952671724,0.012730966465567508,24.28326751710847,0.15481147718185073,0.000611163474560924,2.507798513912347,1.438847713913627,1.459914031208691,1.4594642926268537,1.4565312877076821,1.4451849922872224,1.4226710433740157,1.4499351727516103,1.4479960281978599,1.4378211661934122,1.4344252041412273,1.4143368910354113,1.9217660534326761,1.5422322513490412,1.4872113521474017
245,0.030212210645783815,0.012740905710503453,25.431748380884528,0.2465278381493035,0.0006077602959199482,2.5100773692404372,1.4377169527218092,1.4588355593717046,1.4584057626744609,1.4554766841443305,1.4440528422236856,1.421381341737014,1.4488137901336817,1.4468610928897083,1.436632442357487,1.4331761848966253,1.4129173384792317,1.9222223781871568,1.5409845726890676,1.485779891191943
246,0.03113210215944004,0.012750964437676557,26.74665801692754,0.21668525418820278,0.0006043518895634709,2.5123468812160636,1.436575306236809,1.457748496503971,1.4573452897087293,1.454416813457638,1.4429187282485971,1.4200955606870374,1.4476929312738793,1.4457209735171064,1.4354381507802318,1.4319168484741114,1.4114905720149606,1.9226239203155984,1.5397312219350379,1.484351134207577
247,0.031204332144780536,0.012761308745407566,25.688756092917174,0.23072034159468158,0.0006009384216124095,2.514606130078346,1.4354219878412116,1.4566510252978988,1.4562793591034988,1.4533539278906937,1.4417774702793964,1.4187846161389799,1.4465552359978087,1.4445674444854049,1.434226934661463,1.4306360910113898,1.4100364563411474,1.9229768653942385,1.5384343454330727,1.4828766268801428
248,0.02978005779102781,0.012771918739138858,25.63871594890952,0.2298781120903827,0.0005975200584343761,2.5168344544537127,1.4342464348982198,1.4555431006024626,1.4552079442505534,1.4522898110701374,1.4406305129270947,1.4174477061948314,1.4454046786593577,1.4434057580255797,1.4330064308381205,1.4293417248141735,1.4085672910406406,1.923274888831986,1.5370918637636108,1.4813965515969676
249,0.03325660766866365,0.012782273293398986,26.534970150096342,0.1896889265193421,0.0005940969666355695,2.5190677786000237,1.4330931254421333,1.45445019661039,1.45415170065815,1.4512323475003481,1.4394997300101469,1.4161492248793672,1.4442743008128285,1.4422585069574856,1.431801092341409,1.42806787571096,1.4071118569408463,1.9235890995201965,1.5357643916430925,1.4799736280938345
250,0.03203834736082114,0.012792175636390422,26.603369117015973,0.17061789148463166,0.0005906693130526547,2.5212910286487333,1.4319626826362089,1.4533811606565732,1.45311551421823,1.4501919025353698,1.4383931403520356,1.4148921308717675,1.4431749256599533,1.4411419166477342,1.4306306646657987,1.4268351356636257,1.4057034310989363,1.9239356359820612,1.534518178558787,1.4786361963233827
251,0.03295627279271801,0.012802015708756593,26.358952638925985,0.1955109884061945,0.0005872372647446318,2.5234962849849882,1.4308445257622522,1.452322773345912,1.4520879568647747,1.4491641125694636,1.4372960714447334,1.4136422757319789,1.4420859515594793,1.440036110534373,1.4294711758377274,1.425613757623153,1.404309478423239,1.9242677529014058,1.5332898970405573,1.4772834218497526
252,0.03713770584037326,0.012811389204117549,26.42469843593426,0.15588835434335896,0.0005838009889846932,2.525694538141678,1.4297730367320998,1.4513019658539184,1.4510887832383428,1.4481616091140275,1.4362287728550818,1.4124412072275363,1.441032078897917,1.4389614362465195,1.4283432011515846,1.4244286090573477,1.4029507364860563,1.9246696706599231,1.5321010489215356,1.4759738899856945
253,0.03325647063989304,0.012820607938340913,25.08192875981331,0.18689303872882332,0.0005803606532520715,2.5278857145009574,1.428716115515174,1.4502970584123072,1.4501019837844333,1.4471625421959555,1.4351729446040222,1.4112663858636583,1.439991642936233,1.437893564107262,1.4272239500798085,1.4232549320293642,1.4015999451612002,1.9250788782302355,1.5309224904741399,1.474704969606161
254,0.032180445323597165,0.012829799512203314,24.28470013407059,0.19715745988518277,0.0005769164252238771,2.530066831197111,1.4276684862548696,1.4492998484128488,1.4491216583168096,1.4461710457960955,1.4341230747661675,1.4100909958789785,1.4389529947873838,1.4368284100527877,1.4261073723402027,1.422084151016982,1.400249484732807,1.9255292903569632,1.529717803278373,1.4734256535576384
255,0.0341840825992098,0.012838533541422116,25.404837216017768,0.16107690477847617,0.0005734684727669247,2.53225154686746,1.4266477306598573,1.44832700090633,1.4481614574030763,1.445196136829272,1.4330967178047225,1.408955671228376,1.4379434099322574,1.435791584226905,1.4250225495068758,1.4209512630337366,1.3989386053241148,1.9260258530896421,1.528593266915923,1.4722116919278663
256,0.0314205780063146,0.012847408277995553,26.242163246963173,0.2042120209311281,0.0005700169639295527,2.534407841357942,1.4256219411448896,1.4473531206772463,1.4472013896604259,1.4442225169162994,1.432070737878647,1.4078151497169755,1.4369314792205008,1.4347526619152493,1.4239342413810108,1.4198122303451117,1.3976166616919297,1.9264965974555681,1.5274601409188873,1.4709635065187647
257,0.02981216115596389,0.012856475374693043,26.026499120984226,0.2207304540481038,0.0005665620669334328,2.5365487894991117,1.4245811371342982,1.446367853767882,1.446234117251713,1.4432418805508815,1.431037366345543,1.4066607742213593,1.4359097403659882,1.433704046300067,1.4228349670960583,1.4186571353508062,1.3962794914234427,1.926912842937363,1.5262947526969528,1.4697446264100478
258,0.03392493992718026,0.01286550814747403,26.728817549999803,0.19444583759860765,0.0005631039501653701,2.5386798398369606,1.4235478339151706,1.4453875954916284,1.445274271620455,1.4422727596760194,1.4300107018369006,1.4055063916985788,1.434892838495913,1.432664111458627,1.4217432775176704,1.417509783123309,1.394953480468443,1.9273116366902994,1.5251455570351018,1.46850928387656
259,0.03319945388236201,0.012874333511081975,25.604265668895096,0.1794129361519508,0.0005596427821690972,2.5408048791667404,1.422530443590207,1.4444185358394446,1.4443266459344073,1.44131968499572,1.428998170936642,1.4043634023913185,1.433890687775495,1.4316426079890168,1.42067038296748,1.4163822372021913,1.3936513555766086,1.927717567767175,1.5240465124170501,1.4672863449212228
260,0.03815540460074214,0.012882606243773185,26.105465803062543,0.14697254392795725,0.0005561787316370596,2.542939004488542,1.4215625972743304,1.4434836754320075,1.4434071741890926,1.4403931933812886,1.428014494914542,1.4032630421649397,1.432922496064083,1.430655316324336,1.4196340187684504,1.415297302128721,1.392396909501531,1.9281898381774507,1.5230236052722996,1.466117033989038
261,0.03657359344495399,0.012890425241670887,26.272907357895747,0.14960903112040727,0.000552711967402193,2.545073966181506,1.4206338701735204,1.4425795157962837,1.4425108784700136,1.4394885826567516,1.4270561000088622,1.4022003583359728,1.431983715387513,1.4296973353416815,1.4186293405340984,1.4142478007023336,1.3911791970449443,1.928716119388018,1.5220550804993533,1.4650034554392406
262,0.026829195121811023,0.012898854819177873,26.54537481511943,0.2613697380218506,0.0005492426584296951,2.547152347510512,1.4196452802997717,1.4416328475044897,1.4415849686852944,1.4385653382887906,1.4260633552262205,1.4010689905402007,1.4310078831536153,1.4287173247331355,1.4176038859147537,1.4131732945779703,1.3899385646104911,1.92915548440935,1.5210300920209354,1.463843330815135
263,0.03507817624299581,0.012906900444227756,24.74355624197051,0.1563488327730059,0.0005457709738087912,2.5492354553185135,1.4186929488953641,1.4407139098879587,1.4406809902328275,1.437654067584957,1.425095002099622,1.3999864274119274,1.4300611912367538,1.427760766093413,1.4166036107866904,1.4121296931630585,1.388718591143003,1.9296325770066278,1.5200323878116808,1.46273768775302
264,0.03253474117117616,0.01291455032907846,24.147414275910705,0.15648251578990308,0.0005422970827444917,2.551301613250257,1.4177642491848128,1.4398175785581437,1.4397957203626448,1.4367613267255341,1.4241475971719728,1.3989334221222813,1.4291397506592756,1.4268311839211063,1.415635077078557,1.4111214432636099,1.3875413393130684,1.9301782359468156,1.5190744603289421,1.4616986895283735
265,0.025701764892334344,0.01292267887153817,26.015629997942597,0.2477558860064099,0.000538821154549346,2.553305779504297,1.4167784125102385,1.4388862426077538,1.4388881659335966,1.4358540156385529,1.4231728164376218,1.3978241102062374,1.4281920808610216,1.4258880283798456,1.4146547333417185,1.4100987996376482,1.386350711821424,1.930649607421839,1.5180672992452329,1.460661564216463
266,0.034591218067767174,0.012930551978414662,26.683310094987974,0.1654416257953867,0.0005353433586351906,2.555305116421925,1.4158206103362518,1.437974840048032,1.4379974898595744,1.4349666472874367,1.4222171154114505,1.3967374834717672,1.4272634170020164,1.4249645152580703,1.413694024544297,1.4090979360416376,1.3851872247138846,1.9311394740844658,1.5170936636151577,1.459632029746036
267,0.03160075642912942,0.01293865903372915,26.44605976715684,0.2127191397048765,0.0005318638645048921,2.557286871501533,1.4148503679403281,1.4370553677793778,1.4371026919732017,1.4340811608114494,1.4212567730807268,1.3956288932604866,1.426323754930738,1.42403339268443,1.4127239515246706,1.4080835893202202,1.3840148629949793,1.9315718452266264,1.5160956638335126,1.458560204612729
268,0.032708656973275636,0.012946936696747834,26.377335604047403,0.21033057038141204,0.0005283828417440853,2.5592586417443086,1.4138789697423164,1.4361327135469193,1.436207054678617,1.4331963848661051,1.4202941647666187,1.3945101146720453,1.4253784852258342,1.4230945418188055,1.4117442018505704,1.4070547364994266,1.3828279357557354,1.9319697811443735,1.515053498255878,1.457468418701235
269,0.03168162047089181,0.012955124061034074,26.447582035092637,0.18408940890589295,0.000524900460012909,2.5612244249763214,1.4129197166652163,1.4352220412611671,1.4353221684516178,1.4323178947846826,1.4193435359498996,1.3934002031632167,1.4244420391614163,1.4221625725230598,1.4107694966690767,1.4060266906499657,1.381642084052405,1.9323724948218672,1.5140106118885903,1.4564014260904359
270,0.029673885770595914,0.0129632691627103,26.799205819144845,0.2018702967141059,0.0005214168890377352,2.563160629186862,1.4119529148833678,1.4343146309696964,1.434438266644597,1.4314426283510935,1.4183941226098542,1.3922888475303543,1.423505896765811,1.4212321756227337,1.4097984535649764,1.4050025242231354,1.380462785584052,1.932955998350743,1.5128505673023638,1.4553548390071491
271,0.0320461737662209,0.012971433243381474,26.821219285018742,0.1948034141125725,0.0005179322986028993,2.5650849733121053,1.4109873881331658,1.4334095335039378,1.4335590797952846,1.4305754216067816,1.4174504021953571,1.3911799642228126,1.4225736876204056,1.4203064654579025,1.408831602175388,1.4039823520153671,1.3792887142028156,1.9334965307844187,1.5117077084817785,1.4542918734076276
272,0.03226064014615425,0.012979615303403006,26.37599620502442,0.20056884221711355,0.0005144468585424227,2.567010157531852,1.4100267038858536,1.4325046172972236,1.4326827081048965,1.4297122955376462,1.4165098460187797,1.39007176981968,1.4216429964237567,1.4193820522369476,1.407865450706322,1.4029620228610287,1.3781150803451863,1.9340088473601578,1.5105887811585301,1.4531963130050443
273,0.03374903646184934,0.012987569148720512,24.43309028702788,0.17250644683354754,0.0005109607387317369,2.5689366908301037,1.4090868465208612,1.4316145373313693,1.4318207465990018,1.4288655076523764,1.4155857463563017,1.3889833811763113,1.4207287492186846,1.4184746828109058,1.4069161366561167,1.4019595527383133,1.3769632109480199,1.9345136153477367,1.5095271618320245,1.452110750706557
274,0.03507131615230144,0.01299503520867308,25.04358264617622,0.141696816632006,0.0005074741090794031,2.570853788360438,1.4081853954055803,1.4307575598730546,1.4309846502766415,1.4280409008753794,1.4146907255075292,1.3879425700555956,1.4198481399221703,1.4175985975252363,1.406001196488393,1.4009970629167043,1.3758550044400182,1.9350599734340101,1.5085443218485168,1.4510810460019872
275,0.030274524377342772,0.013002476543989405,26.73585081519559,0.18689572238441918,0.0005039871395188318,2.5727390433120023,1.4072860631527715,1.4299059070679268,1.4301531234769942,1.4272166063245582,1.4138015845395944,1.38691660959013,1.418975011293811,1.4167262338834543,1.4050908839014038,1.4000413426478795,1.3747531202894123,1.9356055217691979,1.507554247974781,1.4500840740007965
276,0.036931420548764624,0.01300954706714386,25.808810916962102,0.15284540310929315,0.0005005,2.5746396209151174,1.4064237532178947,1.4290791297672376,1.4293423975336672,1.426408984430158,1.4129331728558354,1.3859303955976294,1.4181288395565836,1.4158762535060911,1.4042040824703552,1.3991123781431114,1.3736786162051466,1.936188886648878,1.506602270748296,1.4491051817290945
277,0.03760297717337811,0.013016158632102915,26.54318857891485,0.13976035167066067,0.0004970128604811682,2.576550134885982,1.4056060250218776,1.4282830697175304,1.428556069752879,1.4256229927474995,1.4120901064194176,1.3849823485980723,1.4173108799081295,1.4150542044014986,1.4033464509216842,1.3982165584974875,1.3726356384829856,1.936826173561773,1.5056996717305582,1.4481741361458762
278,0.02702988338513853,0.013023174894344625,26.41959297680296,0.24098704231430798,0.0004935258909205969,2.5784357641995723,1.4047467661077604,1.427455159804469,1.427748538738263,1.4248207541212805,1.4112235506378712,1.3839872175496086,1.416467164200343,1.4142139886641503,1.4024718673794576,1.3973000474369075,1.3715701321982354,1.9373870120139014,1.5047596692309224,1.4472482725624665
279,0.033864974625642905,0.013029999138055031,26.012923765927553,0.1700223353673103,0.0004900392612682634,2.5803195690020266,1.4039035508015347,1.426638822638026,1.4269520088847838,1.4240299034841428,1.4103695339981281,1.3830094352279636,1.4156368499045997,1.4133870155294845,1.401611348339682,1.3964002088776943,1.3705238918747973,1.9379523693376113,1.5038644392601979,1.4463321694673277
280,0.030155883480455586,0.01303705753104352,26.827248888788745,0.2035954157439532,0.00048655314145757745,2.582172760269934,1.4030478793724086,1.4258184862088463,1.426152800805673,1.4232375237500043,1.4095136219737925,1.382022202529606,1.4148006546731915,1.4125520518974406,1.4007398143195724,1.3954819225620154,1.3694627903576353,1.9384499266671325,1.5029337703480448,1.445410315580406
281,0.03541081958388444,0.013043827806827004,26.391000387025997,0.15658161050505875,0.00048306770139710083,2.5840315805201732,1.4022199882610906,1.4250189228067698,1.4253714930545514,1.4224567349992085,1.4086766438415232,1.3810713614379837,1.4139866522521325,1.4117339753113427,1.3998853611228985,1.3945843955173205,1.3684114354856283,1.938965754221254,1.5020218365974654,1.4445378465293903
282,0.03318260701247537,0.01305063650888552,26.45464955503121,0.18910931539543596,0.0004795831109622648,2.58588161550029,1.4013958838389466,1.4242199244047988,1.4245935899437194,1.421682370342075,1.4078427312398023,1.3801161266071218,1.4131729924608398,1.4109181495757614,1.3990320174328388,1.3936859571171807,1.3673633602503505,1.939456096733075,1.501121608924932,1.4436356496953275
283,0.03914465858327702,0.013056968579006132,24.387548074126244,0.138934348857992,0.00047609953998709113,2.587747561816277,1.4006159863413483,1.4234507216121275,1.4238398167543564,1.4209290699063615,1.407033304556027,1.379205596855598,1.412389586497242,1.4101295974849022,1.3982076431717194,1.3928212676591059,1.3663501281817583,1.940011266769372,1.5002783546934515,1.4427602353347269
284,0.03145140447073382,0.013063469131288547,25.119835491059348,0.19841247703477086,0.00047261715825591466,2.5895929993789757,1.3998310676107357,1.4226807363287028,1.4230856549094388,1.4201747017413013,1.4062216326405046,1.378285007001069,1.4115987363061606,1.409333021865969,1.397374306897689,1.3919450213118403,1.3653234852520535,1.9405414549509188,1.4993970556572582,1.4418703617924402
285,0.03537478190748831,0.013069827741510465,26.395980233792216,0.1627168558263952,0.00046913613549510796,2.5914151964008414,1.3990629825067817,1.421927878526266,1.4223444946904538,1.4194313577513904,1.4054236093074706,1.3773851931612573,1.4108208011685253,1.4085479295924117,1.396552881484118,1.3910816417490388,1.3643110118344148,1.9410902013834344,1.4985303484528316,1.4409882953350523
286,0.03213646265769544,0.013076487053606861,25.3458123030141,0.21425390258123017,0.0004656566413648094,2.593223771882056,1.3982791432655814,1.4211605053083796,1.4215954267288866,1.4186868968988948,1.4046166457307123,1.3764587497803757,1.410027832369229,1.407751448050037,1.3957175064342913,1.3901984507149885,1.3632814355681422,1.9415676702118996,1.4976410129005255,1.4400509743586818
287,0.03110163593379805,0.013083257536007193,26.259652107954025,0.19855526920463798,0.0004621788454506542,2.59501963463452,1.397490716311605,1.4203886254492397,1.420844747051287,1.4179409741306792,1.4038087439137803,1.3755308738661867,1.409234135884558,1.4069516739542496,1.394878794822326,1.3893088803565337,1.3622443346221005,1.9420116356621802,1.4967210577287378,1.4391175619616736
288,0.030004229144968322,0.01309018872566128,26.12104282900691,0.20239724920336252,0.0004587029172555085,2.5967803511445893,1.3966898649407369,1.4196127163776913,1.420091671255687,1.4171965129176423,1.4029986664509548,1.3745919091133967,1.4084362921336502,1.406150238521847,1.3940390175098611,1.3884147035389018,1.3612077281599553,1.9424247340473626,1.4957813459005327,1.4381670249696097
289,0.02655225533020705,0.013097222420278385,25.651175969978794,0.2134148270148407,0.00045522902619120895,2.598487072959607,1.395862442811913,1.4188272778286732,1.419332651108104,1.4164447407421434,1.4021802333351558,1.3736401013596296,1.407636039911693,1.4053511731464015,1.3932039073325806,1.3875267196726502,1.3601856780556398,1.9428559762353437,1.4948233370656965,1.437251393092132
290,0.032998958471865736,0.013104190084233728,26.309043237008154,0.18578472672304955,0.0004517573415703049,2.6001930700410067,1.3950449928048112,1.4180471210716978,1.4185797847726414,1.4157030328590823,1.4013692828674469,1.3726906200693991,1.4068408320029226,1.404559330426731,1.3923755692303215,1.3866451110171127,1.3591727823532358,1.9432708384207231,1.4938917664015057,1.4363255509845159
291,0.02695023316637616,0.013111484130406722,26.42439937009476,0.2350420800706359,0.0004482880325978072,2.601863583334645,1.3941944391412406,1.4172476973019403,1.4178145640996558,1.4149544826599132,1.4005442039205285,1.3717099815696234,1.406029548080058,1.4037565418322995,1.3915367763158788,1.3857481991992073,1.3581452442524553,1.9436142468644517,1.4929345174243533,1.435395324019161
292,0.03332031944746208,0.013118388153095895,25.03590674791485,0.1476324530367523,0.0004448212683629404,2.603522831343938,1.3933745278223817,1.4164741585379161,1.4170704225981827,1.414226339556185,1.3997437665245418,1.3707664932230486,1.4052460259547568,1.4029804757249686,1.3907267042424105,1.384882862558509,1.3571556166357968,1.943987398927324,1.4920406227961396,1.4345056688243703
293,0.0364695676169458,0.013125098138255763,24.441144915064797,0.1721219408478295,0.00044135721783090275,2.6051905469614085,1.3925853268889543,1.4157165169050854,1.4163390176686532,1.4135081023390377,1.3989558080196014,1.36985247983021,1.4044780869875164,1.4022144949733832,1.3899261990343568,1.3840276617786589,1.356175666182665,1.9443676740404963,1.4911524933829179,1.433633348632495
294,0.0353726897298116,0.013131418737841193,24.872529551852494,0.14607854104312487,0.0004378960498346301,2.6068532970608143,1.3918263486958444,1.4149836717699127,1.4156268601051711,1.412807835061347,1.3981899764963066,1.3689726525894361,1.4037352549262878,1.401472575768906,1.389152476626924,1.383205432239843,1.35523082831948,1.9447936464331248,1.4903206270635163,1.4327990163794517
295,0.03210995585318578,0.013137649132212787,26.974997989833355,0.17841738645333582,0.00043443793306656745,2.6084987602667913,1.391079686867513,1.4142608340046956,1.4149221619369001,1.4121112684341939,1.3974317713066342,1.3681071438482406,1.402999928368526,1.4007348192851738,1.388382923569681,1.3823904699389091,1.354293751536413,1.9452326632872352,1.489494861306691,1.431989347735961
296,0.03091607416136796,0.013143989004715128,25.468986755004153,0.19413291433178834,0.0004309830360704473,2.6101216181474762,1.3903306150613817,1.413536222851124,1.414217563866105,1.41141900382277,1.396674794866052,1.367234951731894,1.4022634315090734,1.3999978573357204,1.3876132354041812,1.3815718406796378,1.353353816395901,1.9456364028492792,1.4886472971453457,1.4311730940987504
297,0.03434930464127863,0.013149948914161,25.67459447402507,0.1418614323939303,0.0004275315272330755,2.6117272828640776,1.3896101724126921,1.412835534688294,1.4135330408351314,1.4107463448744204,1.3959397524571147,1.3663937097893966,1.4015499890662833,1.3992842668449568,1.3868697940677615,1.3807858335777377,1.3524506051331675,1.9461069637484396,1.4878477681815478,1.4303976912737968
298,0.03247905696933775,0.0131558851160866,26.367563304957002,0.18000155613223395,0.0004240835747761231,2.613327108595588,1.3888994506901855,1.4121419861022175,1.4128541726182324,1.4100809715171454,1.3952100400298473,1.3655540976748368,1.4008401004828597,1.39857470029815,1.3861307431809,1.380004203543665,1.351552535740307,1.9465717117420034,1.4870361946213118,1.4296188461464407
299,0.03498325564121301,0.013161606668554638,26.905895143048838,0.16134693320122337,0.00042063934674792854,2.6149287894548543,1.3882092260815333,1.4114601396642328,1.412187078224097,1.4094210197483183,1.3944928015901608,1.3647433713132682,1.4001463735779416,1.3978766694653528,1.3854043124667428,1.3792391361348548,1.3506658002793919,1.9470572834972566,1.4862454823681026,1.4288689488163038
300,0.039917466566395145,0.013166784972771751,26.8594603871461,0.12322534062290218,0.0004171990110153069,2.6165408667561834,1.387562328597128,1.4108084532284817,1.4115447938136008,1.408784637354147,1.3938017671271916,1.3639719770321406,1.3994825903423056,1.3972089450747083,1.3847098048836928,1.3785115192845823,1.3498230745958784,1.9476011113201515,1.4855480228654543,1.4281749233458136
301,0.033292611630840165,0.013171986189711287,26.04530373797752,0.17834122441878364,0.00041376273525536844,2.6181488239363273,1.386916146039694,1.4101580305581571,1.4109050731048496,1.408150997042564,1.3931136753283,1.3632038672861244,1.3988218795726508,1.3965430692666159,1.3840166357374943,1.3777846191430032,1.3489779997326266,1.9481253565259526,1.4848336060910376,1.4274826186644618
302,0.03315383479207269,0.013177258190136867,24.670169286895543,0.18084164484732443,0.00041033068694734534,2.619749357415779,1.386270998820484,1.4095097412852273,1.4102680279050859,1.4075157769719606,1.39242853032374,1.36244708514858,1.398164364929073,1.3958746128731976,1.383318726126658,1.3770512875137901,1.3481190622077281,1.9486234955564974,1.4840833100410546,1.4267954706148478
303,0.03683259033146473,0.013182347455143042,24.770820142002776,0.1579418622231162,0.0004069030333644306,2.621353029502375,1.3856419509824185,1.4088734606636077,1.4096421004382298,1.4068920874710569,1.3917543314919214,1.3617040876797537,1.3975186235000896,1.3952185229448524,1.3826331873577746,1.3763316509599608,1.3472766174381068,1.94914023119084,1.4833704658777778,1.4261015171957176
304,0.035175750305984056,0.013187457907156981,26.62295418116264,0.17791009613954015,0.000403479941565624,2.622951069796872,1.385019569156286,1.4082400826096135,1.4090203912321568,1.4062756494832584,1.3910827180784735,1.360959979571689,1.3968752225219307,1.3945660486284466,1.3819491252862581,1.3756119627113803,1.346435226698749,1.9496373326190484,1.4826657479595744,1.4253754338613822
305,0.029633800490527277,0.013192712058973528,25.91486136894673,0.19510252155095123,0.00040006157838759065,2.6245147562286455,1.3843819029818432,1.4075979464503385,1.4083944689829186,1.4056571508291227,1.3904075107891385,1.3602053689768423,1.3962279808607627,1.3939116909201825,1.3812645467463003,1.3748896933145591,1.3455944104825357,1.9500967790163677,1.4819401344742076,1.424670012901276
306,0.03596225939968568,0.013197805818759852,26.195084881037474,0.16061741011460123,0.0003966481104365292,2.6260784737378655,1.3837596771452534,1.406966508339065,1.4077787982638679,1.4050481242815906,1.3897428842638317,1.3594646217624662,1.395591819162915,1.393267948148482,1.380590952143208,1.3741804512898892,1.3447679960260763,1.9505771519148203,1.4812447176137633,1.4239556981794823
307,0.03404767194052323,0.013202695516571545,26.444782820064574,0.14664911959884191,0.00039323970408005194,2.6276085418759596,1.383152894846645,1.4063540648334985,1.407177721222529,1.404452739854621,1.3890926404847779,1.3587433948612055,1.3949709358441456,1.3926405533934652,1.3799368714237255,1.3734932382708844,1.3439701887497986,1.9511095091191224,1.4805612219001356,1.4232591468503397
308,0.033570035968462,0.013207335426512078,26.75928502297029,0.13894736886542863,0.0003898365254390762,2.6291102030531954,1.3825633655091265,1.4057606843302564,1.4065909740422247,1.4038738752061453,1.3884591375122934,1.358042952680352,1.394366225661665,1.3920309540982057,1.379302931183007,1.3728315313625012,1.3431978475157855,1.9517915143879354,1.479815007830033,1.4225829606890459
309,0.031622183254725524,0.013211946157067214,26.59915270912461,0.17044758453995168,0.00038643874037972754,2.6305964006731823,1.38197000755132,1.405166876926872,1.4060063347624845,1.4032987399602053,1.3878292985830853,1.3573436566951467,1.3937658922806835,1.3914280636611025,1.3786769628043758,1.372177970763472,1.3424338842029064,1.9524475428043306,1.4790958468145972,1.4219248561022952
310,0.037475052439913295,0.013216261083009564,26.291847340995446,0.1345774561087682,0.0003830465145052564,2.632084488710261,1.381402427905572,1.404591984092926,1.4054373455676825,1.4027386900796446,1.387216495355839,1.356669229036146,1.393184450475772,1.3908436323235092,1.378070143280618,1.3715461011983596,1.3416950621284647,1.9531233054332333,1.4784316424271524,1.4212857070080192
311,0.03716126270348033,0.013220225495929883,26.53226614696905,0.12061532538460418,0.00037966001314796604,2.633558429230027,1.3808675375335997,1.4040429255510638,1.4048875873657967,1.4021940798306953,1.3866246197144962,1.3560301657840177,1.392625334792673,1.3902790057994137,1.3774840895919171,1.3709406122298364,1.3409821331677372,1.9538636828705345,1.4777981109042646,1.4206872305349194
312,0.0281991390040046,0.013224657329412106,24.282620579004288,0.22672137926705496,0.0003762794013611551,2.6350116483323553,1.380297386535567,1.4034702805146881,1.4043218939554067,1.4016325766609303,1.3860155008531845,1.3553574532189154,1.3920407645322745,1.3896903523420703,1.3768712390897435,1.3702988604712898,1.340235709961415,1.9545064628891071,1.4771162842820036,1.420060471348935
313,0.035563063745671634,0.013229059447143112,25.01191099593416,0.1635952290109162,0.0003729048439110726,2.6364657245827283,1.3797382777482239,1.4029037286423327,1.403763530718038,1.4010741062909182,1.385412349119589,1.3546994324765855,1.391464507368532,1.3891068455058218,1.3762623792078934,1.3696592839094301,1.3394834459127658,1.955125107785164,1.4764118337064014,1.4194487208807816
314,0.03278996752268711,0.013233530040876388,26.469357918016613,0.17542863041903403,0.00036953650526888804,2.6379007842503266,1.3791750974379604,1.4023383678186863,1.403206887986507,1.4005179970604706,1.3848114554055226,1.354038714444568,1.3908881648112896,1.3885235775724614,1.3756535123129177,1.3690194330031926,1.3387261692317878,1.9557171480648254,1.475692534083329,1.4188444273826275
315,0.02567895642171934,0.013238382294231545,25.946620650123805,0.22598118677857618,0.0003661745496026747,2.639292506439849,1.378575198775977,1.4017535911680599,1.402636297116127,1.399950282271686,1.3841952985701467,1.3533441022527575,1.3902934867706431,1.3879250490440935,1.375026490682707,1.3683603499057115,1.337945220531454,1.956233939774536,1.4749359843684071,1.4182503612966924
316,0.02782509654708188,0.013243479367911143,26.630158548010513,0.21764935613299052,0.000362819140769409,2.6406558301009224,1.3779502321558799,1.4011519668804258,1.402055322314717,1.3993778110332344,1.3835682742778888,1.3526233753166228,1.389687293322865,1.3873206352282534,1.3743949465674596,1.367693929866782,1.3371595062228925,1.9566939691781127,1.4741602989008087,1.417652369043645
317,0.03015445966825377,0.013248553305407916,26.79386437102221,0.1737615061599736,0.0003594704423069833,2.6419997592084896,1.377325013030228,1.4005561932307968,1.401479394008376,1.398811616307634,1.382948245137213,1.351908669241782,1.3890874414567886,1.3867228116265546,1.3737706314377898,1.367032785164374,1.336380583215757,1.95713179088593,1.4734034219054661,1.4170573339962955
318,0.03162286204059833,0.013253677036535223,26.36041341186501,0.19040528514443542,0.0003561286174262365,2.643339928813533,1.3767038196023542,1.3999596544684694,1.400904036473314,1.3982496808750753,1.382329533419178,1.3511886022680477,1.3884865904148083,1.3861253332913892,1.3731463923680514,1.3663692072070943,1.3356033232967643,1.9575392271824201,1.472652381880469,1.4164387717090166
319,0.033297647742965175,0.013258639257623911,26.616116728866473,0.16648258815906686,0.0003527938290029988,2.6446753862860266,1.376097439106217,1.399371557403842,1.4003364895965968,1.3976963063585188,1.3817201365925902,1.3504789090938714,1.3878957183290752,1.3855384241552073,1.372534215683734,1.3657201264969372,1.3348439545206674,1.9579564005774341,1.4719437204177788,1.415826383000185
320,0.03222195988722524,0.01326353611419623,26.5142097431235,0.17170903182517844,0.00034946623957015304,2.646006924015276,1.3755011982176004,1.3987906019758374,1.3997754025593496,1.3971480487565375,1.3811184642898167,1.3497815170121032,1.3873126408904857,1.3849568573543753,1.3719273972218584,1.3650746261622926,1.3340920933133826,1.9583640927808506,1.4712297559851362,1.4152281824428774
321,0.03624587223411643,0.013268106547999032,25.620280446019024,0.13312965901631746,0.0003461460113097138,2.647329380632122,1.3749355531825485,1.3982342644645205,1.3992318018336614,1.3966159722484592,1.3805364199472399,1.3491168589549758,1.3867516038414929,1.3843956285765853,1.3713423295037779,1.3644537334188425,1.3333678770510424,1.9588047158799906,1.470553276382374,1.4146676136099205
322,0.03237158022379412,0.0132723885910933,24.225400381023064,0.13676621272463194,0.00034283330604492255,2.648637760862141,1.3743877310484738,1.3976958870668688,1.3987030366055342,1.3960970362856877,1.3799708343983756,1.3484764749262146,1.3862089074266453,1.3838530679378527,1.3707784873130515,1.3638582710182088,1.3326728296896635,1.9592840583015225,1.4699180583514644,1.4141441752371466
323,0.035580406918494345,0.013276327939247393,24.864714019931853,0.12219257643722284,0.0003395282852323598,2.6499418402573,1.3738707786647277,1.397182136944952,1.39819285982767,1.3955939090598484,1.3794256527295856,1.3478684944903996,1.385687797435638,1.3833303829034291,1.3702356630318233,1.3632891552645166,1.332002346131377,1.9598071687792542,1.4693123266956236,1.4136647021367497
324,0.03224977959626354,0.013280341409381549,26.50598430610262,0.1752264082076151,0.0003362311099540777,2.651239256668056,1.3733529003538125,1.396667926308275,1.3976854074005896,1.395090634919777,1.378882689270676,1.347259082837279,1.3851654186997409,1.3828059599867295,1.3696897704647812,1.3627151858890005,1.3313186075680723,1.9603014121912445,1.468683689883599,1.4131923688048267
325,0.031402538295009365,0.01328444544282303,24.992282058810815,0.18311357265710101,0.00033294194090974764,2.652525466909079,1.3728331093028774,1.3961522276041693,1.3971781911208256,1.3945907251207328,1.3783393498679812,1.346640927373303,1.384639247170522,1.3822787698807635,1.369140536078352,1.3621363213672628,1.3306308850321082,1.9608060468515331,1.4680308866805436,1.4126843825715956
326,0.037509125751290645,0.013288198109508598,25.80202262615785,0.12458928882573465,0.00032966093840882847,2.6538130588723914,1.3723433724651015,1.395656930868503,1.3966874861256837,1.3941056022728375,1.3778140313787817,1.346053572014902,1.3841345976442272,1.3817716873659098,1.3686135158293955,1.3615846900032038,1.3299730577122533,1.9613417461407958,1.467443929743371,1.412200267602914
327,0.03294757779441456,0.01329213063032231,25.196035447064787,0.19086620768617268,0.0003263882623627533,2.6550920480768263,1.3718461721106896,1.395154762298039,1.396194236903803,1.3936220975174984,1.377285065241734,1.3454527331712463,1.3836231592689887,1.3812595838135762,1.3680792998737619,1.3610219666482044,1.3293067498348063,1.9618247667302862,1.4668499613129664,1.411670943497594
328,0.03803425084002796,0.013295856684989974,25.353104799985886,0.139372688507448,0.00032312407227713555,2.6563687056710594,1.371368404107028,1.3946676582625563,1.3957141186479307,1.3931521538074834,1.376768969070655,1.3448696764251742,1.383125008940083,1.3807604733399212,1.367558231048926,1.3604744267215678,1.3286595818113263,1.9623345535423726,1.466282780928902,1.4111461644257917
329,0.029403194438716602,0.013299681435185172,24.915206535020843,0.1828602837373166,0.00031986852724399484,2.657617957860467,1.370877134197046,1.394174667288999,1.3952316835925482,1.3926814348333318,1.3762511074521102,1.3442798850059423,1.3826258102939986,1.3802617958595187,1.3670385035594566,1.3599275112842468,1.3280155845277732,1.9628167457859815,1.4657071263259147,1.410630228667085
330,0.03370721160254261,0.013303519480723863,24.402724876999855,0.17020182981401008,0.0003166217859340035,2.6588591810708078,1.3703876215210224,1.393682690050194,1.394752634319174,1.3922152146163909,1.3757367573136063,1.3436906571990463,1.3821286594818158,1.3797658266909334,1.3665207482479969,1.35938161118676,1.3273742869684964,1.9632816210478043,1.46514134412696,1.4100972935143996
331,0.028909690881029796,0.013307698307134793,24.58498643198982,0.22228289654037164,0.00031338400658875205,2.660083577408936,1.3698734942845714,1.3931741870979286,1.394263336981716,1.3917425197616027,1.375210953683946,1.3430733566865942,1.3816144336786145,1.3792557172429925,1.3659874438456545,1.3588152586766222,1.3267114555964414,1.963681220614696,1.464544579798024,1.409515589499664
332,0.027841392412497334,0.01331206743792331,24.36304971203208,0.2125614763723711,0.0003101553470130382,2.661276060304151,1.3693373254147425,1.3926536520295298,1.3937665221198137,1.3912644406305559,1.374677008641515,1.3424398369837003,1.3810934698509543,1.3787415373341665,1.3654508096657305,1.3582432825663815,1.3260465757101199,1.9640389561978926,1.463933371931358,1.4089416144269769
333,0.03928007539725793,0.013316135101443924,25.037064420990646,0.1370809748710235,0.00030693596456717466,2.662475032627847,1.3688323032443102,1.3921535135710292,1.3932860130245228,1.390797010889573,1.3741590345067323,1.3418433467281254,1.3805935455437033,1.378243483329289,1.3649314480399708,1.3576930985499265,1.3254011958943328,1.964437496559902,1.4633431227000504,1.408386888418101
334,0.03588112967870836,0.01332007651346261,25.376900861039758,0.15697754737960642,0.00030372601615931996,2.6636716075758256,1.368345420431875,1.3916645774671168,1.392814435885301,1.3903372821935054,1.3736504162280276,1.3412610657659352,1.3801039745692052,1.377753923138319,1.3644206506260832,1.3571513061323486,1.3247644486433954,1.9648479498690004,1.462764427644808,1.4078329685457716
335,0.03240361270394447,0.013324051829923586,25.06174522684887,0.17934517812741818,0.00030052565823783094,2.664857612849922,1.3678580603770152,1.3911760103815745,1.392345114513414,1.3898814476378958,1.3731444339436514,1.3406757768168802,1.3796150041677036,1.3772658769049877,1.3639109510405862,1.3566095844907058,1.3241291655784828,1.9652370375447767,1.4621916415528093,1.4072680206029122
336,0.03562882152725984,0.01332777198969783,25.42057090695016,0.13276002799679873,0.00029733504678363775,2.6660348616147833,1.3673944468521866,1.390705018629486,1.3918898549969907,1.3894367710026443,1.37265444108137,1.340119183230448,1.3791444783247613,1.3767939589779798,1.3634186987129902,1.3560875381442576,1.3235148556010599,1.9656500368001812,1.4616527625411522,1.406728585841367
337,0.030819416958942636,0.013331605817138147,25.203353789867833,0.18941476056208487,0.00029415433730264136,2.667194010175991,1.366923936417585,1.390231046274191,1.3914332588539469,1.3889912142175738,1.372163379430598,1.3395564064526708,1.3786709096445253,1.376319594708464,1.3629231995630435,1.355559625754162,1.3228944679985493,1.9660360039207236,1.4610977543472023,1.4061854056434708
338,0.030383743362436204,0.01333554275885184,25.495474451920018,0.1888282422600428,0.0002909836848181345,2.6683322470376996,1.3664431899831697,1.3897552051629243,1.3909756798042348,1.3885481372373234,1.3716718999215096,1.338986410756147,1.3781950184927958,1.3758444682861874,1.362427226057641,1.3550304139906553,1.3222731946308033,1.9663897067209883,1.460534383884365,1.4056368523329146
339,0.03299918643561378,0.01333929572907909,25.3857592868153,0.14002783446432274,0.0002878232438632462,2.6694442915511662,1.3659751377871876,1.3892956228459392,1.3905306988815576,1.3881145990431771,1.3711937646992753,1.3384393460008168,1.3777342151828034,1.3753832872180112,1.3619462283647898,1.3545195842788522,1.3216728055781943,1.966766060460531,1.459985327871021,1.4051245688425686
340,0.035434848450062575,0.01334293491671512,25.37386139202863,0.1488427570956039,0.00028467316847340975,2.670539351143756,1.3655200187739067,1.388848852384005,1.3900959760084095,1.3876915169238522,1.370725838938615,1.3379054588118202,1.3772825248213973,1.3749313358946567,1.361474955735202,1.3540198520122546,1.3210863809106534,1.9671531853092423,1.4594535715558319,1.4046130261589864
341,0.03307171840977961,0.01334664517064544,24.539860227145255,0.1851249814563031,0.000281533612178856,2.671628605859741,1.365067453376062,1.3884015004914039,1.3896615338592528,1.3872674678825068,1.3702579440183762,1.337373223331302,1.376830709173635,1.3744764604164768,1.3609999799376344,1.3535142760839323,1.320490733443092,1.9675148523211174,1.4588976193752854,1.4041054675672386
342,0.03198598773298074,0.013350287726595151,24.28675610688515,0.16086695779022012,0.00027840472799712883,2.672705380928046,1.3646222632461087,1.387959310130656,1.3892324615976406,1.3868489123760104,1.3697969272350976,1.3368509805573854,1.3763864605667604,1.3740287107920959,1.3605325784085474,1.3530159123578709,1.3199059860679225,1.9678658255267778,1.4583548643254485,1.4036102868648066
343,0.03716074470212826,0.013353636175863883,25.336081141838804,0.1082419963515244,0.00027528666842562943,2.6737594728473892,1.364205425206009,1.3875422633539622,1.3888226675029085,1.3864453452133265,1.3693564728451137,1.336364906628016,1.3759651494001526,1.3736012279429832,1.3600862411270247,1.352543424049834,1.3193469862233318,1.9682482918436448,1.4578241377285481,1.4031643890848298
344,0.035477055729997195,0.013356779037802432,26.017078733071685,0.13450214062248297,0.0002721795854341824,2.6748118930725755,1.3638070775158808,1.387138830290252,1.3884231822118493,1.3860505331540787,1.3689278380322187,1.3358974903439282,1.3755571315251423,1.3731861110626775,1.3596530414902277,1.3520860233244802,1.3188049890332094,1.968652649532856,1.457319797144559,1.4027384646156131
345,0.03190392422544998,0.013360003828601863,24.880512001924217,0.18117221899407557,0.000269083630457629,2.6758491135927307,1.363402083865321,1.3867324932951948,1.3880225793875482,1.385655142957042,1.3684980166089955,1.3354249483908434,1.3751463561590094,1.3727690141728222,1.359218001845352,1.3516244544881202,1.3182627497751571,1.9690377469535698,1.4568117606263196,1.402305752382291
346,0.0314641285525199,0.013363302266610458,24.834717624122277,0.17823525282282174,0.00026599895438844743,2.676870301108022,1.3629960496113591,1.3863241895703151,1.387621840677177,1.3852618588427725,1.3680683414394212,1.3349480144165347,1.3747348460993256,1.3723517749319025,1.3587828989888757,1.351161829783706,1.3177201279784476,1.9693981535765543,1.456297325398471,1.4018637330942716
347,0.02495024983078311,0.013366991756787943,25.60542085603811,0.25545466219088375,0.0002629257075693975,2.6778567326970997,1.362552410881201,1.3858898233383314,1.3872049594528415,1.3848577798112873,1.3676183260787016,1.3344295557018626,1.3743012691963066,1.3719207098014379,1.3583342454415714,1.3506826112051706,1.3171613556332378,1.969693125614257,1.4557605587274,1.401396633423265
348,0.037006469830074454,0.013370501227068348,25.218200147151947,0.14633307122707778,0.0002598640397861934,2.6788449937957726,1.3621293064081346,1.385468844336674,1.3867991237915736,1.3844626431179368,1.3671797260151732,1.3339313514681372,1.373880931665362,1.3715004038853125,1.3578964877277437,1.3502149556904843,1.3166145936229108,1.9700108386028923,1.4552463965305458,1.400926813077257
349,0.03399433540471325,0.013373881009445301,25.59947465895675,0.1506412964256128,0.00025681410026020315,2.679828070691378,1.3617174462627186,1.3850561371921553,1.386401737856845,1.3840773993943352,1.3667508506115884,1.3334431992958298,1.3734696064279992,1.3710900694574952,1.3574685372877227,1.3497581631500404,1.3160820721720303,1.970328272561709,1.454761547414065,1.400463741304931
350,0.029774553364146583,0.013377374127295318,25.686716278083622,0.19251236245877493,0.00025377603764117673,2.6808033647025065,1.3613009237414437,1.3846410412634116,1.3860032186473275,1.383690791489035,1.366321318723107,1.3329503583362334,1.373055580414239,1.370675555563954,1.3570355652197592,1.3492935439107705,1.315542041422907,1.9706121045440903,1.4542408626596677,1.4000072950393958
351,0.03610614646149515,0.013380576201606128,24.30175276217051,0.1200723103752365,0.0002507500000000001,2.6817693095634803,1.3609073157588534,1.3842453201204385,1.3856203364640143,1.3833185953813467,1.365908794670903,1.3324822614131775,1.3726593524763162,1.370278522839851,1.3566216338972075,1.3488523463521185,1.315028485014211,1.9709355102579622,1.4537630846425231,1.3995749663212003
352,0.03402829991673324,0.013383533331871908,24.926815359853208,0.12205429791496956,0.00024773613482147877,2.6827174624275827,1.3605272886128557,1.383865591382244,1.3852506625736547,1.3829594370188942,1.3655109605819415,1.332034025013648,1.3722791737812683,1.3698980635902513,1.3562267089101694,1.3484343779314032,1.3145425410845837,1.9712829987678844,1.4533257545935112,1.3991777071364109
353,0.036165879368230035,0.013386383768786096,25.931130981072783,0.14940316914597637,0.0002447345889971496,2.6836646259142687,1.3601597726553378,1.3834941436667392,1.3848880121010034,1.3826055755872066,1.365120423011197,1.331599190583872,1.3719070193849956,1.369523943011029,1.3558381593669713,1.3480239515451595,1.314062461143633,1.971643636682606,1.4528945670075826,1.3987873082973927
354,0.03619338003817932,0.013389054601365635,25.90044552204199,0.13437914386906225,0.00024174550881812156,2.684604049651145,1.3598058418102599,1.3831337420655667,1.3845345762450878,1.382260350909696,1.3647401973334634,1.33117943212047,1.3715458878602051,1.369160970485766,1.3554618726091219,1.3476291329563521,1.3135988359294433,1.9720253325279657,1.4524929543750926,1.3984159602324169
355,0.036014318370800213,0.013391705637212233,25.894348222995177,0.16098493577701428,0.00023876903996794554,2.6855435440202573,1.3594578096913152,1.3827765442192683,1.3841853003461735,1.3819207089081076,1.3643634593237772,1.3307605953407773,1.3711874338890577,1.3688013808609645,1.355087831328923,1.3472353801938677,1.3131386234881788,1.9723972880346654,1.4520996333918306,1.3980304949176858
356,0.031748446850388995,0.013394303797634104,25.81386229209602,0.14936255124173908,0.0002358053275155142,2.686466980539611,1.3591118397960182,1.3824246129523046,1.3838408274067635,1.3815842293100495,1.3639932399376598,1.3303531716697483,1.3708360365701955,1.3684474141557303,1.3547193871557808,1.3468472629462125,1.3126827708393087,1.9727629226755663,1.4517147097852139,1.3976674779376066
357,0.03472781398745933,0.013396828182624346,25.926708532962948,0.14387122169801517,0.00023285451590799127,2.687382608541445,1.3587757630677675,1.3820804034008285,1.383503246195414,1.3812523811757935,1.3636302987671882,1.329959544206851,1.37049308773497,1.3681002852944888,1.3543575540556156,1.3464659960625387,1.312231379763172,1.9731307772154538,1.4513248070569584,1.3973157462606058
358,0.027232322324507854,0.013399716572422931,25.265765249961987,0.2421778976794868,0.00022991674896377152,2.6882728725774743,1.3584155799730793,1.38171872807592,1.3831526473198408,1.3809107704188746,1.3632525892689547,1.3295328481292168,1.370130327535906,1.367736143133819,1.353977295753179,1.3460610737727137,1.3117561446088035,1.9734343160952956,1.4508907803204063,1.396951133334082
359,0.024902195433326335,0.013402829518891908,25.498082742094994,0.2247567800650111,0.0002269921698654712,2.6891297506168055,1.3580307859009646,1.3813447310238995,1.3827948406590636,1.3805625741737861,1.3628651029576526,1.3290865950287454,1.3697574345395647,1.3673649940192416,1.3535905268535235,1.3456461111975218,1.3112746660421732,1.9737324245595944,1.4504126130561965,1.3965817035738015
360,0.03971994750451665,0.013405699406449543,25.252226738026366,0.1311327472539633,0.00022408092115294966,2.689989695892304,1.357669808344989,1.3809869987460581,1.3824497316071311,1.3802260769111894,1.3624905662985336,1.3286612879922324,1.369399561731529,1.367008237015645,1.3532188865605825,1.3452489166782313,1.3108125113426154,1.9740599369066205,1.4499679651583972,1.3962195547893035
361,0.031122166321624317,0.013408613271551123,24.34631918813102,0.17981687506637506,0.00022118314471636204,2.690840877906915,1.3573085339449051,1.3806293805212,1.3821059268050784,1.3798916234102476,1.3621181225708316,1.328234232347654,1.369041823831815,1.3666519209505228,1.35284734702592,1.34485059569848,1.3103474586931871,1.9743708249612972,1.4495148685434185,1.3958523945454462
362,0.033727550247174144,0.013411457586186197,25.040033261058852,0.16028933186417219,0.00021829898178924353,2.6916848434728444,1.3569558549935445,1.3802772292613885,1.3817674528844532,1.379563519472533,1.3617519983506468,1.3278132275834478,1.368689536193736,1.3663016395354546,1.3524819186587453,1.3444594472851696,1.3098914408713935,1.9746783158353927,1.4490817297559262,1.395483701465572
363,0.03523093807131915,0.013414047538307222,26.258338792948052,0.1115082177002708,0.00021542857294162645,2.6925116180604816,1.3566248403269145,1.3799453435567048,1.3814436674981734,1.3792477848530647,1.3614021757852748,1.3274183283524432,1.368354751443667,1.3659671244437614,1.3521338907479366,1.3440894727629473,1.3094622346574196,1.9750237363597976,1.4486658136498094,1.395149384995184
364,0.03840583824102417,0.013416444820387124,25.03115347912535,0.12021391255132648,0.0002125720580731883,2.69333258889191,1.3563138357000897,1.3796288787051807,1.381132338473114,1.378940696602137,1.3610651245609913,1.3270486871052556,1.3680355838348708,1.3656461017066273,1.3517993766120628,1.3437350438209752,1.309046105204236,1.9753864096021652,1.4482607206012206,1.3948344481911241
365,0.03441263996978648,0.013418768048120758,25.65734996390529,0.14806513947625727,0.000209729576406434,2.6941470790253503,1.35600850533801,1.3793185791190072,1.3808261687507204,1.378638970064611,1.3607342837312495,1.3266862286646715,1.3677225664654125,1.3653312119549272,1.3514714731026516,1.343388206964494,1.308637391556332,1.9757510151297377,1.4478678038914383,1.3945258347161062
366,0.04217594649425537,0.013420805652048175,25.465372615028173,0.1066085326888388,0.00020690126647990973,2.694965543696622,1.355729502883876,1.3790263767332325,1.3805336513859414,1.3783498365188798,1.3604176648630486,1.3263454443908471,1.3674255235179482,1.3650321494260846,1.3511607732538822,1.3430616503015789,1.30825056626841,1.9761496842806134,1.4475101484561337,1.3942429430901613
367,0.03446878401069398,0.013422802900064455,25.25857153791003,0.14460321637278223,0.00020408726614145118,2.6957759815952307,1.3554569331137585,1.3787384705034216,1.380245941165703,1.3780641692542106,1.3601067304510515,1.326013775320391,1.3671337269611348,1.3647373709413448,1.3508542221538646,1.3427402128109436,1.3078651581056964,1.9765445841639493,1.4471531205365737,1.3939663241294562
368,0.03310640820434492,0.013424759308077513,25.556107853073627,0.14260394112998642,0.00020128771254146493,2.696569257732499,1.355186827951272,1.37845539738658,1.379962586362268,1.377783069507145,1.3598014313901032,1.3256882824926455,1.3668474150099483,1.3644482551045893,1.350553797729256,1.3424256999360902,1.3074876998948235,1.9769368631191535,1.4468078388871926,1.393695408858557
369,0.030156080721274174,0.013426870779160343,25.83753264299594,0.19132646768920447,0.0001985027421262438,2.697349550118097,1.3549074090350208,1.3781659293193782,1.3796753271842572,1.3774980503642185,1.3594922973573023,1.3253553455168134,1.3665561148197112,1.3641528196953,1.350246037620978,1.3421020392613632,1.3071013675675685,1.9772903712611742,1.4464435554756574,1.3934150471525135
370,0.03343296652206525,0.013429003285409137,24.858737020054832,0.1628162923637135,0.00019573249063131685,2.698121182936034,1.3546282520934578,1.3778781571911145,1.3793903789196398,1.3772155994835642,1.3591856849714317,1.3250227490687911,1.3662664812309726,1.363859077628355,1.3499396034395565,1.3417785607439754,1.3067154853937122,1.9776328996417443,1.4460765438953904,1.3931272287618348
371,0.029240315214910998,0.013431283964893294,24.188340516993776,0.20005302787981677,0.0001929770930748337,2.6988733620241314,1.3543361399140332,1.3775824489907107,1.3791009284972873,1.376931216619969,1.3588741942613232,1.3246771180180363,1.365971125812711,1.3635617558281108,1.3496301329183429,1.341449987651028,1.3063266630587396,1.9779393044404359,1.4456958192889504,1.3928361041156656
372,0.03425000043662563,0.013433457827800132,25.477223579073325,0.1389615213641651,0.000190236683750984,2.6996185682687757,1.3540556606945282,1.3772950160205124,1.3788183649685317,1.3766528981651356,1.3585708731198392,1.3243449688995559,1.3656848202250373,1.3632722439715574,1.3493285271610764,1.3411299337453677,1.3059477363996983,1.9782470170641744,1.4453322651175189,1.3925541847820797
373,0.033177224204816155,0.013435616013114224,26.227862076135352,0.1630985485989062,0.00018751139622345198,2.700353005521505,1.353777513983699,1.3770091444520334,1.3785382837286402,1.3763783469759407,1.3582706318803015,1.3240136536398592,1.3654005860384275,1.3629858002891304,1.3490303139587032,1.3408137669828568,1.305574615468245,1.9785471464419453,1.4449834776113535,1.3922695989913445
374,0.03610542192773834,0.013437714047758328,25.036038361955434,0.14881328399211088,0.00018480136331890698,2.7010794229610604,1.3535074067450852,1.376729131936864,1.3782641938401594,1.3761109406559713,1.3579763039583637,1.32368758956648,1.3651208841171387,1.3627042562784963,1.348736801868475,1.3405030162926586,1.305208631976528,1.9788568637384814,1.4446436888066252,1.3919792147156416
375,0.038542466257296105,0.013439683390093483,25.96484534582123,0.1351518726609655,0.00018210671712052948,2.7018016302738967,1.353249985460257,1.3764582271821857,1.3779978650216649,1.375851402249233,1.3576898615831836,1.3233722050285694,1.3648495016623576,1.3624311692948194,1.3484519688085608,1.3402022678348773,1.3048551662204084,1.9791771933762003,1.4443287565282468,1.3916922839635055
376,0.030390850737825235,0.013441715654641284,26.860609759110957,0.17033767788955703,0.0001794275889615736,2.7025031565414714,1.3529876365763607,1.3761877172742647,1.3777322548684567,1.3755925346082274,1.3574046293789708,1.3230569898819309,1.3645792439092526,1.3621585842171104,1.348167465576687,1.3399021411960612,1.3045036969680155,1.9794776154552092,1.4439950319237018,1.391414047939482
377,0.03189903188993933,0.01344378628338329,26.140370551962405,0.17219742705982297,0.00017676410941896628,2.7031945614853563,1.3527259624703734,1.375917068033362,1.377467749649439,1.3753350856916104,1.357120803051396,1.3227418733997958,1.3643093492693181,1.361886535966877,1.3478832282100475,1.3396017524417185,1.3041507709478155,1.9797598525147075,1.4436556843093982,1.391134309378275
378,0.03338881337126491,0.013445873042061301,26.03332278202288,0.16891005851787916,0.0001741164083069423,2.7038791277656613,1.3524665113894276,1.3756482375565542,1.3772058344008202,1.3750797958284173,1.3568394036705196,1.3224272152773906,1.3640402649871652,1.3616155064181892,1.3475996730469813,1.3393013579801716,1.3037966773866208,1.9800352493679423,1.4433129403246256,1.390847373288477
379,0.03162290184657529,0.013447954669208022,26.063071829034016,0.15786180398883393,0.0001714846146707192,2.7045441849820575,1.3522045345636573,1.375382516640001,1.3769471996360654,1.3748294129973089,1.3565622326922577,1.3221153885207237,1.3637746372552368,1.361349006466593,1.347321129626328,1.3390068760941456,1.303448655528142,1.9803033550688063,1.442977061020602,1.390562262317955
380,0.03145492762822208,0.013450041836513552,24.497647593030706,0.16194350562087598,0.00016886885678020532,2.7051920651611723,1.3519439066489594,1.3751208731519833,1.376691540277078,1.3745819257845355,1.3562886621773278,1.3218074992500097,1.3635124427285539,1.3610852251809675,1.3470452416851946,1.3387150837345552,1.30310254193916,1.9805556376256614,1.4426380059918782,1.3902905315089495
381,0.03275126378549879,0.013452089483549987,24.13182939402759,0.15486316500120084,0.0001662692621237505,2.7058314396201184,1.351687254928156,1.3748629025494,1.3764400626635513,1.3743395441671828,1.3560199816092318,1.3215035105603896,1.363254245210706,1.3608261080605764,1.3467741594345002,1.3384282748657317,1.30276251304332,1.980804474892398,1.4423102669090595,1.39001819059352
382,0.03070164597559367,0.013454145156475358,25.134829696966335,0.16746110059586344,0.00016368595740193014,2.7064556097555243,1.351429796960157,1.374606085928831,1.3761903355656022,1.3741003053535672,1.3557537855101116,1.3211998695828109,1.3629981497696269,1.3605701952470388,1.3465066522768783,1.3381450849797318,1.3024274512555187,1.981041765376992,1.4419823771184885,1.3897524598373858
383,0.03237439732154293,0.013456323434506487,25.97808758704923,0.1991040907349088,0.00016111906852137245,2.707071057035687,1.3511702818904083,1.374346029463692,1.3759398375232685,1.3738622109793355,1.3554853682149322,1.3208878127223787,1.3627379564840274,1.3603109217753693,1.3462341721695867,1.3378541061510147,1.3020855402932865,1.9812481822385646,1.441644893924989,1.3894573225208628
384,0.032528156703957666,0.01345846495819161,25.43950612307526,0.15831360629704508,0.00015856872058862015,2.7076776707853045,1.3509159387230638,1.3740908983518156,1.3756942424560845,1.3736293122671244,1.355221897140615,1.3205800408033943,1.3624820467881391,1.3600560292271617,1.3459665858268597,1.337568090665149,1.3017501255318882,1.9814537502379455,1.4413111663140292,1.389159874694993
385,0.029524285646125942,0.013460641170589831,25.36033595004119,0.18333337285111456,0.00015603503790403295,2.7082718217503805,1.3506579340495615,1.3738355769669084,1.3754494910858315,1.3733963747337334,1.3549595525751876,1.3202711524558428,1.3622258540356191,1.359801380120493,1.3456993711099956,1.3372816667271574,1.30141386962836,1.9816486701041165,1.4409738299294077,1.3888679974597908
386,0.03325145554210708,0.013462777819839709,25.407185578951612,0.16532554327095067,0.000153518143955731,2.7088595605326073,1.3504042562480494,1.37358350344105,1.3752085976373625,1.373167830781051,1.3547012574320831,1.3199656291199884,1.3619731655313356,1.3595509040682816,1.3454362800422077,1.3369996161813462,1.3010838704443133,1.981837785172037,1.4406504875718338,1.3885760725971006
387,0.032723621194711575,0.013464846045662934,25.13091263989918,0.15406930499848984,0.0001510181614135739,2.7094404130755163,1.3501563493548283,1.3733376046729329,1.374972819060629,1.3729435265420913,1.3544487460419712,1.3196677465667053,1.3617265681683248,1.3593060115869666,1.3451790347468982,1.3367237587381917,1.3007604402733723,1.9820301611961153,1.440329507856549,1.3882983077852233
388,0.03321785902418255,0.013466843733055104,25.570778615074232,0.15286960938527142,0.00014853521212318454,2.7100144566531283,1.3499164790248792,1.3730971958868976,1.3747420040477079,1.3727235225613597,1.3542018373727898,1.3193785645373752,1.3614864261014485,1.359066756459714,1.344927906685458,1.3364548225173511,1.3004426113384344,1.982226001850939,1.4400154728310064,1.38802904168665
389,0.03507476916971486,0.013468734684271679,24.85907305800356,0.14005323111268386,0.00014606941710000777,2.7105810235256977,1.349687548344337,1.3728652146077858,1.3745179604362199,1.372509181167488,1.3539622125313655,1.3191013984158915,1.3612540450647526,1.3588343661007032,1.3446843465534954,1.3361946344944686,1.3001351810629975,1.9824358631566013,1.439710479232334,1.3877699324553172
390,0.0376702252331322,0.013470521985168895,24.211245238082483,0.14432491872532346,0.00014362089652341484,2.7111443227288494,1.3494683446902322,1.3726405605320244,1.3743001852070367,1.3723007704763206,1.353728470841679,1.3188330796871086,1.3610285977480014,1.358608937626289,1.344447927548074,1.3359427203142935,1.2998380647879917,1.9826531930039026,1.4394256585696488,1.3875142955697288
391,0.029514854411458378,0.013472349651907157,24.251135911792517,0.18328506716374432,0.00014118976973084374,2.7116922514039956,1.34924632579788,1.3724157756918336,1.3740827723425202,1.372092088699486,1.3534950976440294,1.318564820099986,1.3608031858077545,1.3583833067994935,1.3442113706410985,1.335688589142532,1.299545556985486,1.9828571049834165,1.439142902925865,1.3872572325396233
392,0.0332840651522575,0.013474147467495534,25.053909225855023,0.1591526423010521,0.00013877615521198512,2.712233188659993,1.349029626024903,1.3721951323967143,1.3738692835483515,1.3718857894253884,1.3532660792640165,1.3183042865350187,1.3605821714554298,1.3581609077672239,1.3439776116619528,1.3354377890828772,1.2992525286613588,1.9830535830807143,1.4388612458960433,1.3870098795687464
393,0.030096942056978868,0.013475923426395581,25.716025847941637,0.16389521601979748,0.00013638017060300502,2.712764550666436,1.3488149305189958,1.371976908790792,1.3736585127117724,1.3716814442620484,1.353040626459753,1.3180496624520657,1.3603649736387016,1.3579414495137352,1.343746407226533,1.3351907042916389,1.2989628887512035,1.983240482593586,1.4385858112612355,1.3867721623945353
394,0.030793047470908698,0.01347765656741682,25.092149233212695,0.1637842834164831,0.00013400193268081322,2.713284141390896,1.3486011988788322,1.3717612369126848,1.3734509402260267,1.371481195831561,1.3528183552169746,1.3177967875062364,1.3601507239752104,1.3577263874028385,1.343520613758573,1.3349499310973008,1.2986808909445706,1.9834404128077754,1.43831776438127,1.3865385310188374
395,0.02605678515990335,0.013479574031055446,25.301482817856595,0.2448392794645054,0.00013164155735737116,2.713788331690245,1.3483743748590094,1.3715365115533322,1.3732374312056572,1.3712772907764876,1.3525889356406962,1.3175253606294177,1.3599270370216423,1.357504117933436,1.343286924538253,1.3346972950694207,1.2983909292976872,1.9835997878492455,1.4380322654444004,1.3863014060733974
396,0.039993715946007986,0.013481325222928579,25.279004735173658,0.12540403792456103,0.00012929915967404152,2.7142903807056915,1.3481649921349728,1.3713242780600716,1.3730334412360523,1.3710812415468518,1.3523688284680788,1.3172711765997687,1.3597151050896858,1.3572927407900217,1.3430648834168823,1.3344579274451356,1.2981139913741764,1.9837798569368668,1.4377583778269958,1.3860751686575323
397,0.03295966389777239,0.013483009134873231,25.536844252143055,0.15023302246721568,0.0001269748537959834,2.714781361941008,1.347959690685427,1.3711176433523962,1.372834283171777,1.370890168114309,1.3521544384178787,1.3170242975520454,1.3595089499370119,1.3570873616657029,1.3428496773538665,1.3342268328486668,1.2978453375110477,1.9839614944070778,1.4374925443317295,1.3858631347161279
398,0.024270186607359565,0.013484947549734113,25.52098612394184,0.27664158452714666,0.0001246687530065856,2.7152572110293636,1.3477367637638231,1.3708975604213385,1.37262623125629,1.3706940881970906,1.351929906537907,1.3167526093493005,1.3592886635079264,1.3568718295732793,1.3426241122168499,1.3339822569368736,1.2975633561175608,1.9840910109893783,1.4372069947679844,1.3856271874306167
399,0.03237780189815569,0.013486756875961235,25.075864540878683,0.13362088960457408,0.00012238096970194773,2.7157181539795623,1.3475221543661264,1.3706872301872237,1.3724261998287566,1.370505353036179,1.3517142419209713,1.3164941501865604,1.359078155266416,1.356666016549837,1.342409559397831,1.3337511380189526,1.2972968015012944,1.9842355964158271,1.4369395678859094,1.385406396024539
400,0.03026847049204008,0.013488568028339018,24.2553157559596,0.18061374594233745,0.00012011161538540008,2.7161669496083554,1.3473080891742684,1.3704788407308894,1.3722285841013355,1.370318321452658,1.351501410595095,1.316239303317025,1.3588701490838095,1.356462023054402,1.3421970563004115,1.333522077140139,1.297031815958432,1.98437582643446,1.4366736561141902,1.3851864634590703
401,0.03833838212889911,0.013490193494252093,24.252528071869165,0.11553237279513556,0.00011786080066207054,2.716613895853143,1.3471104730995656,1.370282750313833,1.3720406287522207,1.3701391188629248,1.3512991266682572,1.316003050448292,1.3586743205193026,1.3562687759176513,1.3419962028770074,1.3333070990349067,1.2967815864789065,1.9845362846545922,1.4364285704574953,1.3849842715382128
402,0.0336665588479651,0.013491747640679431,25.732883407035843,0.1479854999873889,0.00011562863523349333,2.71705507759714,1.3469194114092813,1.3700925265427861,1.3718579512857356,1.369964854353636,1.3511027960997373,1.3157743027656585,1.3584842789770772,1.3560810684375086,1.3418011383174393,1.3330988599159614,1.296538704094701,1.9847005790383134,1.4361942314404266,1.3847856205342175
403,0.029723945428349198,0.01349330188714979,25.471859770128503,0.174925688434949,0.00011341522789226232,2.7174848487389864,1.3467288724244033,1.3699044656292625,1.371677533966577,1.3697929382053022,1.3509088066045885,1.3155471656838609,1.3582963573113525,1.3558958200776354,1.3416088242706106,1.3328930971208963,1.2963010122786098,1.9848577526135478,1.435959659374677,1.3845896413696672
404,0.027476785910244463,0.01349490928719747,25.29381096805446,0.20846163745240884,0.00011122068651672874,2.717904508472619,1.3465326824408292,1.3697130474189225,1.3714959407482141,1.3696209904276873,1.3507133892800747,1.3153147174612994,1.3581064603818227,1.3557105429486542,1.3414166889784565,1.3326874450172852,1.2960632481876748,1.9849984085408465,1.4357274680061467,1.3843905752152885
405,0.031794837412757244,0.013496497663090941,25.35070148599334,0.17080475330576242,0.00010904511806574296,2.71831714952203,1.3463394858522573,1.3695243523195182,1.3713176817630337,1.3694526151169613,1.3505217237685738,1.3150858831739127,1.3579196378713974,1.3555283459370175,1.3412274369647563,1.3324848162141467,1.2958296097307018,1.9851307064257953,1.435503302535361,1.3841889380000802
406,0.03059031889174183,0.013498045301694607,25.103299625916407,0.1606797306931755,0.00010688862857344241,2.718718716422309,1.3461498805662981,1.369340387096195,1.37114347938324,1.3692881034781585,1.3503346657839832,1.31486313197134,1.357737763673066,1.3553508651770056,1.3410432104656993,1.332287472537734,1.2956031583325593,1.9852624269518475,1.4352835409832154,1.3839929301033027
407,0.031803984353572554,0.013499532878366362,25.52817859617062,0.15118649903502238,0.00010475132314408231,2.7191109048142996,1.3459656854968038,1.369162228781374,1.3709739206182228,1.369127723459481,1.3501532531454465,1.3146492942895314,1.3575619276126787,1.3551783110166191,1.3408635541733587,1.3320958354217818,1.2953844129075063,1.985393118483751,1.4350710700559572,1.3838077697992037
408,0.03080773360406699,0.013500968392585851,26.167708538938314,0.15951811722972095,0.00010263330594691398,2.7194945930441876,1.3457862517743944,1.3689893317343735,1.3708085467246311,1.3689709674248918,1.3499763535946327,1.3144415160767995,1.3573900983558056,1.355009221325873,1.3406874271572187,1.3319076151244815,1.2951698561315923,1.9855543661176163,1.434845426675419,1.383627762873817
409,0.03146278237256356,0.013502397571700703,25.36475480115041,0.17339815726164634,0.00010053468021110769,2.7198721287186918,1.345610044029733,1.3688184763412174,1.370645829340838,1.368815711776136,1.3498023801448873,1.3142390201447727,1.3572214851107363,1.354842032018245,1.3405130821010143,1.3317205235950098,1.2949572605301058,1.9857040250658142,1.4346202762790805,1.3834496010363233
410,0.035588898404241745,0.013503734556729945,24.00952409906313,0.1384199588114993,9.845554822072093e-05,2.7202436921047446,1.3454430524877885,1.3686542765739507,1.3704890075005725,1.3686662718307463,1.3496347010485754,1.3140447259386054,1.3570594355224568,1.3546814928899198,1.3403457101218799,1.331541518893909,1.294754134880046,1.9858555985200295,1.4344142491624987,1.3832782573001017
411,0.03584916361749596,0.01350499295970428,24.099986641900614,0.14059673150302288,9.63960113097138e-05,2.7206103465313465,1.345284191923556,1.368496363512148,1.3703375683015293,1.3685213729883456,1.3494726820112677,1.3138590447333558,1.3569036546231916,1.3545266033935517,1.3401843915296214,1.3313695658561358,1.2945577438993954,1.9860112871936888,1.434219781289832,1.3831121331024079
412,0.03393307516092292,0.01350622495349095,25.68520508077927,0.16038821696647523,9.435616985700985e-05,2.7209711685050237,1.345129862902171,1.3683417911461433,1.3701895002635696,1.368379832950903,1.3493141540035256,1.3136771046987705,1.3567512025908208,1.3543748556764674,1.3400262508946463,1.3312009739979802,1.2943647874035706,1.9861633207400602,1.4340308884975905,1.3829443278030067
413,0.03391292440247546,0.013507419105666739,25.032913708128035,0.14880208859576238,9.233612328160331e-05,2.721324038098151,1.3449819917375707,1.3681928357417632,1.3700459077049005,1.3682423147986116,1.3491602537364986,1.3135009516763285,1.3566029431096982,1.3542267784164637,1.33987167850006,1.33103630672893,1.2941754813651307,1.98631389293934,1.4338410047271621,1.3827832990984072
414,0.028697569029765488,0.013508688817056396,25.232392526930198,0.20690247938969786,9.033597003771483e-05,2.721667484325328,1.3448303467221656,1.3680413236010331,1.3699014873992617,1.3681051970758844,1.3490055516872355,1.3133198183292019,1.356452163546053,1.3540770760244283,1.339715196520331,1.3308686697201173,1.2939829891863772,1.9864429590411392,1.4336465601163146,1.3826121583064348
415,0.027661546282726445,0.013509998872564722,25.022906449856237,0.20644073373145563,8.835580760999162e-05,2.722000018615918,1.3446742371674643,1.3678878550207942,1.3697565601534654,1.3679682815183454,1.3488501802358552,1.313135423496419,1.3563007585861035,1.3539279009633525,1.3395596154662535,1.330701357274661,1.293792258480236,1.9865575149651287,1.4334498623628458,1.3824445259608087
416,0.025549666831857984,0.01351141202308326,25.153084044810385,0.24287419251314935,8.639573250875671e-05,2.722322300273959,1.3445117806334987,1.367729732223138,1.3696091420558565,1.3678297751693789,1.3486918874509985,1.3129431914768015,1.3561447634241244,1.3537751310808686,1.3394001950424537,1.330528041452469,1.2935964130161626,1.9866476464390652,1.4332437225314418,1.3822718407236854
417,0.03018150588391258,0.013512803059819358,25.157524439971894,0.1827140104252738,8.445584026530534e-05,2.722637999584594,1.3443520757421497,1.3675739879833047,1.3694643801703752,1.3676930112709034,1.3485365623135592,1.3127563656303771,1.3559920118691675,1.3536249441836854,1.339243292798782,1.3303580948412281,1.2934019127345882,1.9867312001435191,1.433040057539191,1.382108065428298
418,0.033027588800365035,0.01351410608131667,25.50923931808211,0.14313603927072022,8.253622542724867e-05,2.722946850556739,1.3442005056364326,1.3674256933205273,1.3693254313949896,1.3675615657348106,1.3483875300623345,1.3125783714878065,1.3558457867716387,1.3534810062953602,1.3390931319520318,1.3301956322180801,1.2932169139680838,1.9868241228891903,1.432846881599447,1.3819507540167724
419,0.03378951052980643,0.013515358637945651,25.080324470065534,0.161386503458559,8.063698155390572e-05,2.7232514526648615,1.3440546178407424,1.3672820736508728,1.3691906032241807,1.3674334037080835,1.3482428642855113,1.3124072665588407,1.355704420966947,1.35334101896031,1.3389471400406348,1.330038035709804,1.2930366220059863,1.9869180740247403,1.4326592295089018,1.381795965420817
420,0.03434152503549863,0.013516504979094675,24.311928261071444,0.12756526698305867,7.875820121174347e-05,2.7235495664812737,1.3439180782103959,1.3671463427628685,1.369062083038955,1.367311333418483,1.3481051383529585,1.3122457601457687,1.3555700629688585,1.3532078664392482,1.3388084392308783,1.3298890310038936,1.2928651575220134,1.987032015359053,1.4324814865406295,1.3816492382895
421,0.03377199852440116,0.013517615465840314,24.590225929161534,0.15999600030831576,7.689997596986535e-05,2.723842787996786,1.3437864342351573,1.3670145730232854,1.36893714825893,1.3671929086929242,1.347971208811625,1.3120890273571693,1.3554395941742612,1.3530783201979681,1.3386734293078015,1.3297440983839235,1.2926983603296716,1.9871409568647251,1.4323103887249098,1.381502970579259
422,0.03551280486880054,0.013518645571939509,25.4712258039508,0.13388089527493105,7.506239639554769e-05,2.72412971811142,1.3436621342990274,1.3668890215594747,1.368817364474725,1.3670793839094324,1.3478429632444544,1.3119400718306116,1.355314887442612,1.3529545163901757,1.3385445194533394,1.3296064714722917,1.2925395069236856,1.9872554379215635,1.4321510904730883,1.381365153365983
423,0.03588877077219379,0.013519597071021102,24.983367870096117,0.12982786608355967,7.324555204982707e-05,2.724409680893581,1.3435447153138218,1.3667696006317176,1.3687026275570477,1.3669702836159645,1.34772024365051,1.311799169840285,1.3551961305596776,1.3528364505007455,1.338421815189098,1.3294760890248967,1.2923887937812892,1.987374872735371,1.432003495664047,1.3812365101743862
424,0.03460338359850158,0.013520509961006344,25.355809032917023,0.14715022701935168,7.144953148313311e-05,2.724682850070078,1.343431688836791,1.3666544753770087,1.368591544787056,1.3668635373739615,1.3476014793158286,1.3116652541176093,1.3550817610139663,1.3527216852361126,1.3383024155632577,1.3293495870269536,1.2922417967121116,1.9874932448472473,1.4318588438492232,1.381114845375153
425,0.028923024906176747,0.013521465375328461,25.769927555928007,0.196764057601987,6.96744222309749e-05,2.7249465792161085,1.3433159193164739,1.3665387329935146,1.3684807388328124,1.3667579818040752,1.347482962368925,1.311528861293714,1.3549666227395818,1.3526069470538549,1.3381829729094632,1.3292224839266924,1.292094202631992,1.9875990420362224,1.4317134561304525,1.3809861908588246
426,0.03208803393686133,0.013522374489505419,25.031818924006075,0.14536038865409792,6.792031080967287e-05,2.725202420609099,1.3432038268846218,1.3664272403504383,1.368373540950271,1.3666557960831789,1.3473685415750487,1.3113976475337217,1.35485577983135,1.3524964672472022,1.33806819284514,1.3291005723522684,1.2919525875599434,1.987704446425206,1.431576270990309,1.380864465400362
427,0.040027732418128986,0.0135232010053378,25.475056144874543,0.12463304450881271,6.61872827121431e-05,2.7254550750964257,1.34310029741497,1.3663223092445835,1.368271500541792,1.3665577957701152,1.3472593591069721,1.3112753715864256,1.354750974414671,1.3523914243836168,1.3379591303942706,1.3289851452878505,1.2918172214836618,1.9878171664674722,1.4314447058892186,1.3807532163797103
428,0.035955509210326975,0.013523986408058193,25.743959569837898,0.13943968803230714,6.447542240373014e-05,2.7257006934314516,1.3430011582548327,1.366221335017142,1.3681732033644276,1.3664636903479608,1.3471540880436226,1.3111576970444656,1.3546500345315078,1.3522903253239498,1.337853987308792,1.3288741202345307,1.2916874589623768,1.9879279689705645,1.431321358880048,1.380645630254901
429,0.03526128304713416,0.013524725118635216,25.36243538814597,0.13024526096365965,6.278481331809014e-05,2.7259395117770207,1.3429076536610345,1.3661257210228104,1.3680789474824335,1.3663732218346973,1.347053201886277,1.3110458107398841,1.3545533908133591,1.352193224210086,1.3377530112926785,1.3287676650999938,1.2915626251100192,1.9880405027076546,1.431199908793175,1.3805449923841886
430,0.03718069653240967,0.013525398786303941,24.0063120580744,0.11958662357866967,6.111553785312513e-05,2.7261731959368927,1.3428203028584047,1.3660352467946872,1.3679890354426838,1.3662861217153537,1.3469570097515489,1.3109414423611456,1.3544620001584131,1.3521009613871358,1.3376571296127127,1.3286672520104916,1.2914436774585956,1.988156775193617,1.4310855633005803,1.3804526507893609
431,0.031988661442864795,0.013526096428187695,24.769230158999562,0.17899380994593683,5.946767736696597e-05,2.7264010262452625,1.3427325455346826,1.3659447814787296,1.3679000926181286,1.3662000325963628,1.346861703511786,1.3108358169467562,1.354370469846183,1.3520088776455519,1.337561197014716,1.328566350523257,1.2913241254958834,1.9882655376850042,1.4309699711287742,1.380354979064517
432,0.02904302823034382,0.013526834273626881,25.63695653085597,0.19647499570955895,5.7841312174008354e-05,2.726620065069942,1.3426420276583708,1.365853074793569,1.367811077425193,1.3661149021117276,1.3467663339939977,1.3107274794974633,1.354278045713576,1.3519168098451173,1.3374652313156867,1.3284649761119898,1.2912047082623888,1.9883607726443686,1.4308543461607388,1.3802529318040029
433,0.03689413754907709,0.013527521117120774,24.744540210813284,0.1318475753063987,5.6236521540996894e-05,2.72683450447638,1.34255699545118,1.3657658113900715,1.3677258951397626,1.3660334234828666,1.3466750289070977,1.3106245487500114,1.3541896989243436,1.3518285956587124,1.33737329077399,1.3283681864900783,1.2910907857761913,1.9884598424018332,1.4307439678233274,1.3801546009100647
434,0.0368455251809658,0.013528182059444671,25.510325965005904,0.14732004855077024,5.465338368316338e-05,2.7270437983944325,1.3424761963730163,1.3656821226172238,1.3676436568197914,1.3659546552017545,1.346586632935348,1.3105254468759455,1.3541042827151082,1.351742933464527,1.337283878441259,1.328273988479777,1.2909800899803439,1.9885572542422107,1.4306324393718846,1.3800616721204664
435,0.033319399565630826,0.013528795089103976,25.974807954160497,0.12686935820834,5.309197576041336e-05,2.7272466341892763,1.3423993905996503,1.3656025245233216,1.3675649713290439,1.3658787822680505,1.3465021934681902,1.3104316881195472,1.354022899804023,1.3516611473063032,1.3371987656914768,1.3281848154985811,1.2908748076677021,1.9886560178363555,1.4305262281542603,1.3799777966362643
436,0.034882083304230496,0.013529364245856598,25.780169364996254,0.1299864868480854,5.155237387356607e-05,2.7274427978454705,1.342325598532199,1.3655262936524541,1.3674893533355905,1.3658059401071792,1.3464212091674699,1.3103422417927701,1.3539451414018913,1.3515831624582726,1.3371178223850113,1.3281004729558412,1.290775002350924,1.9887554291176286,1.4304303100927678,1.379899287948572
437,0.0279347807399275,0.013529967068085324,25.741706260014325,0.19529588007067544,5.003465306064572e-05,2.727630387933431,1.3422493217592435,1.3654487439906946,1.3674134589169529,1.365733570902122,1.3463401166073978,1.3102507452016516,1.3538668426744336,1.3515053711851102,1.3370371543489274,1.3280160773319822,1.290675635679155,1.9888432111938563,1.4303352131977267,1.3798184076151765
438,0.03242144862828505,0.013530573042774077,25.49145522294566,0.17164408640735523,4.853888729322322e-05,2.7278124344091133,1.342173681776865,1.3653724906357558,1.367339008977657,1.3656624342336692,1.34626056162773,1.3101604355059682,1.3537897622417507,1.3514286344440423,1.336957466504065,1.3279322768461348,1.2905774149551656,1.9889251949136488,1.4302389455737554,1.3797394068580628
439,0.04267459685049468,0.013531088323812326,25.048178086988628,0.09354783082114129,4.706514947281216e-05,2.727991627654802,1.3421073761617506,1.3653031771863433,1.3672698425344216,1.3655958669609527,1.3461862976391203,1.3100785513478537,1.3537186992291936,1.3513576766061426,1.3368839125602137,1.3278555119333824,1.2904868518395438,1.9890217065704583,1.430148545680191,1.3796670502672737
440,0.034871305490282334,0.01353157777778773,24.066605070838705,0.1388724599206742,4.5613511427314525e-05,2.7281662219882823,1.3420443607137433,1.3652366165916652,1.3672031603007817,1.365531257344821,1.3461147845722565,1.310000645325914,1.35365057991365,1.3512893108689275,1.3368128584154677,1.3277812884063163,1.2903992153414496,1.9891152854085947,1.430060044222403,1.3796006539219643
441,0.0358790183895804,0.013532046213095953,24.864780619973317,0.14257608804672697,4.4184043907520925e-05,2.7283359240042566,1.3419837529271996,1.3651723859634108,1.3671387819642307,1.3654690359794566,1.3460457137947515,1.3099253559862445,1.3535847593001293,1.3512233003560268,1.3367441940359095,1.3277096917305495,1.29031479818381,1.9892071249960914,1.4299767389568006,1.3795345684530445
442,0.033109828201572274,0.013532493008697207,25.834276945097372,0.13817191193742803,4.2776816583661304e-05,2.728500360092067,1.3419246972857128,1.3651102849469938,1.3670766646467272,1.36540898687597,1.3459792258245091,1.3098530030152897,1.3535214856229312,1.3511598230944577,1.3366782505064185,1.3276410473559939,1.2902336900123446,1.989296376992438,1.4298981812192881,1.3794712241857503
443,0.03090314302713206,0.013532942427613411,24.791198666207492,0.1615765886236022,4.139189804201043e-05,2.728658270275258,1.341865606739157,1.3650494126089823,1.367015781174769,1.3653502458089346,1.3459142382647344,1.3097818100259109,1.353459487892799,1.3510976213865555,1.3366135845224758,1.327573315495092,1.2901548096823088,1.9893791288910738,1.4298201293027026,1.3794102427431958
444,0.03352295724654204,0.013533366304151662,25.272678923094645,0.13296815179291244,4.002935578154405e-05,2.728810499300514,1.34180861779411,1.3649911323627066,1.3669573163954016,1.365293540695067,1.3458519815264314,1.3097145110650275,1.3534003563148294,1.351038043341274,1.33655167339444,1.3275087321945123,1.2900791481978817,1.989460601291179,1.4297455384169617,1.3793541070354538
445,0.034710275684546585,0.013533770938658691,25.481350124115124,0.13633961057118074,3.868925621064965e-05,2.7289567268291073,1.3417535034808374,1.364935245124255,1.3669011229072445,1.3652393920651176,1.345792156381149,1.3096496607777608,1.353343447824701,1.3509809101657784,1.3364923553202772,1.3274470311361588,1.2900068968743479,1.989540015200973,1.4296756484612339,1.3792992227735037
446,0.03392664196754633,0.013534153745125113,25.184127380838618,0.1311745336337992,3.737166464388974e-05,2.7290971761233465,1.3417012300403228,1.364882043395278,1.3668473104971315,1.3651871538538456,1.345734915677663,1.30958846080526,1.3532891566220917,1.3509260180945397,1.336435385211873,1.3273876497462658,1.2899382719677728,1.9896171044243605,1.4296085157390976,1.3792483850167592
447,0.030664125087123097,0.013534563004972964,25.585481295827776,0.1935468999529817,3.60766452988184e-05,2.7292328779655715,1.341647991380031,1.364828248264167,1.3667937279015017,1.3651353938378468,1.345677842879451,1.3095256968265232,1.3532342751903144,1.3508709253918263,1.3363780879693798,1.3273274919672484,1.2898688675470842,1.9896861730397983,1.4295396006761227,1.3791937269903118
448,0.033953855452792794,0.01353496553359584,25.00743848597631,0.15839748406221876,3.480426129285167e-05,2.729364617850099,1.3415965248296593,1.3647759181181387,1.3667417080728608,1.3650850951905225,1.345622427989201,1.3094648540599236,1.353181027518044,1.3508172606811273,1.3363222233948437,1.3272685039378234,1.289800764625804,1.9897513154169502,1.4294720599752593,1.3791393174915447
449,0.02724754216601482,0.013535402709458839,25.288143888814375,0.22032759380813663,3.355457464019073e-05,2.7294908324644442,1.3415430186697124,1.3647221677591495,1.366689327297551,1.3650348232824971,1.3455665007635476,1.3094014296359613,1.3531267636917208,1.3507630856444817,1.3362658573870023,1.327208536423675,1.2897317994895743,1.9898065411621173,1.4294021383627962,1.379082469976184
450,0.031404777828405395,0.013535830987032314,24.088986369082704,0.16410463621699373,3.232764624880022e-05,2.729611068216659,1.3414906599749898,1.364669963160501,1.3666385482291221,1.3649863143517267,1.3455123150853217,1.309339579182555,1.353074083034899,1.3507106951854426,1.3362114640909477,1.3271507736835677,1.2896654046029572,1.9898589013015349,1.4293349294647604,1.3790269194821094
451,0.029560150686018905,0.013536249457929842,25.562805898021907,0.17098669742598788,3.11235359174388e-05,2.7297254414909355,1.3414389587927498,1.3646191593921067,1.3665892232447951,1.3649392121350123,1.3454596042586262,1.3092791572937375,1.3530229296668894,1.3506599755788913,1.3361589280811512,1.3270949379444652,1.2896017981615882,1.989911160380346,1.429269311236533,1.3789736180046832
452,0.03419221617767369,0.013536641937882983,26.248187549877912,0.14048207058047973,2.9942302332745304e-05,2.7298348190426416,1.3413899574715622,1.3645709896915794,1.36654222655016,1.364894177483409,1.3454094329873705,1.3092221838483589,1.3529743778596186,1.350611715325626,1.3361090147754762,1.327042066452744,1.2895412360390366,1.9899629576716034,1.4292074726001174,1.3789241212932615
453,0.03306778300418947,0.013537015611112983,24.92936285887845,0.15144403118482871,2.8784003066378244e-05,2.7299401244484636,1.3413431337174069,1.3645248729481867,1.366497201020783,1.3648512200569471,1.3453613216656028,1.3091673524711005,1.3529277964145865,1.3505655404895796,1.3360613097345504,1.3269915507948635,1.2894835740686599,1.9900127867978523,1.429149727240829,1.3788758147524636
454,0.03152941394652206,0.013537374456422733,25.813015567837283,0.15068332521451094,2.7648694572209708e-05,2.7300392460597798,1.341297579553392,1.3644807938797157,1.3664539790562054,1.3648099366467377,1.3453152364975811,1.3091150138415393,1.3528831867390567,1.3505213902407731,1.3360156903434741,1.32694344441956,1.289428461587032,1.990061336921659,1.4290939490204644,1.3788316654115276
455,0.03227198950759574,0.01353772748080499,25.293988307006657,0.16983646766214425,2.6536432183573984e-05,2.730135087458913,1.341253466594584,1.3644378225873917,1.3664121168133985,1.364770191471187,1.3452706264614198,1.3090638494154943,1.3528398054573005,1.350478589905704,1.3359713657413177,1.3268965781206508,1.2893748794662476,1.9901057625783918,1.4290407780070526,1.3787865912078763
456,0.03239769165333632,0.013538073834607978,25.296289552934468,0.16718247342075548,2.5447270110570865e-05,2.730226848852785,1.3412111961361335,1.3643964265854585,1.3663717674390352,1.3647320516576593,1.3452275849337585,1.3090141286644934,1.352797726504788,1.3504371225849292,1.3359283888070892,1.3268510832167055,1.2893229042442553,1.9901467176883065,1.4289890968306764,1.3787416423298564
457,0.028099056790283284,0.013538446389423227,25.1967753500212,0.2291824569904915,2.4381261437423013e-05,2.730314852331202,1.3411680574599525,1.364354424079364,1.3663315839154666,1.3646943077976939,1.3451846128068674,1.308963187759345,1.3527550849760475,1.3503952845023781,1.3358848564663577,1.3268046132486666,1.2892699841196649,1.99017874032923,1.428936164787885,1.3786922319183164
458,0.029781164715396543,0.013538801545214283,25.06169303203933,0.16442329209224243,2.3338458119889357e-05,2.7303987355313373,1.3411263463535938,1.3643140757109318,1.3662930843706715,1.3646582211943845,1.3451434234369866,1.308914231633792,1.3527143303188371,1.3503554470403574,1.335843524276856,1.326760499667204,1.2892198854351997,1.9902094878120276,1.4288859140443848,1.3786459446008703
459,0.03571033003591027,0.013539126240033731,24.46862654108554,0.1392154648043014,2.2318910982732414e-05,2.7304794847553526,1.3410877569375816,1.3642762378670543,1.3662567774345562,1.364624151318735,1.3451046162061273,1.3088685157293622,1.352676051194715,1.3503179709494104,1.3358046749257673,1.3267192499431741,1.2891729644680696,1.9902414277287583,1.4288398828976177,1.378603052046481
460,0.03432314330607071,0.013539414125771384,24.28235475695692,0.11537783129453875,2.1322669717241272e-05,2.730556265508142,1.3410522040588746,1.3642413294026943,1.366222954052563,1.3645923159438347,1.3450685579232677,1.308826553504568,1.3526407066029567,1.3502833665164997,1.3357689282127807,1.3266815256437468,1.289129908714569,1.9902752539608983,1.428798973970583,1.3785655247521502
461,0.031407987988206716,0.013539701180892656,25.326499989954755,0.18207512976227258,2.0349782878809714e-05,2.73062993277931,1.3410175001416498,1.364207217003696,1.3661902110105253,1.3645616151818527,1.3450336487990142,1.3087854978095645,1.3526062885671415,1.3502497152126725,1.3357340629955328,1.3266445626619665,1.2890878519749238,1.9903050108293676,1.4287591599335239,1.3785273192546161
462,0.03455373056318378,0.013539960612442009,25.571864664088935,0.12615818447819338,1.9400297884569778e-05,2.7307005292817625,1.3409856211211189,1.3641756592984555,1.3661596184661584,1.3645328180185803,1.345001047380937,1.308747589644505,1.352574271249045,1.350218313360249,1.3357015557441392,1.326610254238291,1.2890485508211587,1.990335872219308,1.4287224999741985,1.3784920819733344
463,0.03079009628251499,0.01354021369821377,24.92729797703214,0.17379582820344197,1.8474261011080502e-05,2.730767931266187,1.3409546492936013,1.3641450577724823,1.366130117135842,1.3645051882629728,1.344969645159154,1.3087108185574439,1.3525434298818668,1.3501881445868003,1.3356703413057347,1.3265772344324143,1.2890107542883973,1.9903639981661347,1.428687453181293,1.3784577147579242
464,0.034238846034126864,0.013540453379097685,24.939422005089,0.1545056665008136,1.7571717392072544e-05,2.730832770191046,1.3409255222529808,1.3641160266381385,1.36610212911191,1.364478780438404,1.3449398418365621,1.3086764596536067,1.3525143321815325,1.3501594121439815,1.3356405884912654,1.3265456635821833,1.2889743924085608,1.990390603161862,1.428653086033581,1.378425298992705
465,0.02897371625314007,0.0135406961525326,25.190379947889596,0.2026670966878845,1.6692711016248833e-05,2.7308943884393733,1.3408966278583083,1.3640873776125004,1.3660748061594288,1.3644531924933097,1.3449107387305614,1.308642235487915,1.3524857278030784,1.3501313571046452,1.335611523912264,1.3265146914915764,1.2889388363718386,1.990413492165697,1.4286194323422694,1.3783926132898925
466,0.03331164337139896,0.013540926062275235,25.58582797111012,0.1617360849395926,1.583728472513976e-05,2.7309533196902294,1.3408693239136877,1.3640601676236888,1.3660488970593603,1.3644289726149104,1.3448831369986998,1.3086096847312936,1.3524585722350722,1.3501047274251294,1.3355838931069184,1.3264852234427245,1.2889050911073492,1.990434968754948,1.4285880521550978,1.3783609421472376
467,0.02775155319610016,0.013541156593417961,26.01919675199315,0.20545747270850315,1.500548021101613e-05,2.7310090510486047,1.3408422233079795,1.3640335155082677,1.3660236967904356,1.364405338723596,1.3448562802245665,1.3085778876394718,1.352432210008333,1.3500788220516007,1.3355569997592263,1.3264563022093778,1.288872703690248,1.9904522667758873,1.4285575097922971,1.3783304021426739
468,0.025031426852441523,0.013541396523448693,25.452660923125222,0.2453925364266344,1.4197338014856435e-05,2.7310613552587792,1.3408147856734471,1.364006845696395,1.3659988076145644,1.3643821117883055,1.3448296624191878,1.3085458188179646,1.3524060033343743,1.3500532494953743,1.3355304046153187,1.326427183394311,1.2888412867378625,1.990463858236703,1.4285265132593459,1.3783009552831038
469,0.03604248933925326,0.013541610791332065,24.302205036161467,0.13248105777705196,1.341289752437115e-05,2.7311109620063507,1.3407899483328487,1.363982409874946,1.3659758398309958,1.3643606577739649,1.344805101261468,1.308516521302047,1.3523818703406087,1.3500296623730201,1.3355058882827413,1.3264004906071967,1.2888123495787873,1.9904769851201216,1.428498790554134,1.3782740771337985
470,0.0319901100616313,0.01354180572692739,24.41744900099002,0.14790987724968485,1.2652196972083123e-05,2.731157906066597,1.3407669760537995,1.3639596668012173,1.365954385257859,1.364340551415455,1.3447822201016841,1.308489423483449,1.3523594665587486,1.3500077344710795,1.335483152027881,1.326375890327885,1.28878544223398,1.9904908400054206,1.4284735920605414,1.378249512931028
471,0.0346269966327833,0.01354198470728738,25.655297446995974,0.15169855785966696,1.1915273433464058e-05,2.731202533942744,1.340745832688769,1.3639384649128348,1.3659343648502569,1.3643217862759567,1.344760869813429,1.3084642520460408,1.352338606290785,1.34998727912712,1.3354619281181341,1.3263529702598662,1.288760287578263,1.9905049308923664,1.4284506219224886,1.3782258809976875
472,0.0334136187791065,0.013542152388104316,25.197863914072514,0.15359006803455327,1.1202162825127701e-05,2.7312442248388917,1.3407262796154449,1.3639188240170264,1.3659157157142643,1.364304195203994,1.3447409637089072,1.308441080951926,1.352319144125099,1.3499680252982156,1.3354418935297345,1.3263313539684467,1.288736431557028,1.9905185791958444,1.4284277791119164,1.3782043131951232
473,0.03950279147742144,0.013542295363254525,25.06517200008966,0.10471160549462348,1.051289990307883e-05,2.7312839299768172,1.340709202719224,1.3639012704030824,1.3658988646789265,1.3642880826366894,1.3447229262904778,1.3084207195023234,1.3523017491176088,1.3499507266829336,1.335423910273979,1.3263120455047903,1.288714923588452,1.990533239068298,1.4284072192086157,1.3781856544601478
474,0.03560526260301152,0.013542422765784186,25.367096804082394,0.12693652224576465,9.84751826102004e-06,2.731321029619267,1.3406936762393007,1.363885222759296,1.3658833725812756,1.3642731991325732,1.3447063503792804,1.3084022492844598,1.3522858364442099,1.3499348630250558,1.3354074401544191,1.3262944620614208,1.2886952234578604,1.9905482747394945,1.4283886745637202,1.3781687725615375
475,0.0355500679135452,0.01354253889691235,25.327347106067464,0.14234029680371185,9.206050328713734e-06,2.731355921815581,1.340679468604556,1.3638703964329741,1.3658689984010481,1.3642593876276585,1.3446909723742353,1.3083852300963972,1.3522711238034757,1.3499201653505533,1.3353921880133135,1.3262782154864745,1.2886769507127829,1.9905628308517982,1.4283717240644542,1.378152951869591
476,0.035576060675592616,0.013542642153602052,25.62962140305899,0.12734820182602632,8.588527370402093e-06,2.731388535869349,1.340666616451017,1.3638568849039319,1.365855789561251,1.364246629632189,1.3446768670928142,1.3083698862409283,1.3522577014207058,1.349906686343411,1.3353782122590312,1.3262633921954923,1.2886601168844314,1.9905772634699432,1.428356056490726,1.3781391961358875
477,0.03492943220528931,0.013542736215650641,25.667436531046405,0.14028094154633,7.99497948328276e-06,2.7314189013409225,1.3406548562957898,1.363844451814136,1.3658435590510725,1.364234817522503,1.3446638304713774,1.3083557555102792,1.3522453082892214,1.3498942216646481,1.3353652838635377,1.3262496972290627,1.2886445564890607,1.9905911018577902,1.4283416099489001,1.378126770541299
478,0.036740823935599604,0.01354281785958297,25.590806933818385,0.12244189621590763,7.4254355960425414e-06,2.731447291210382,1.3406443095632123,1.3638331427965016,1.3658323819840177,1.364224038068971,1.3446519326223711,1.3083429399040032,1.3522340510096431,1.3498829122135947,1.335353576110251,1.3262373552398148,1.288630523605328,1.9906048283928648,1.4283293972594955,1.3781156256698954
479,0.0372333652235942,0.013542895144061201,24.132177430205047,0.1511526356090412,6.879923467446885e-06,2.731473670403325,1.3406346654259123,1.3638227447769484,1.3658220634650642,1.3642139574305336,1.3446408469570865,1.3083311996565594,1.3522236471548639,1.349872438977392,1.335342730471898,1.3262259547098434,1.2886172764627426,1.9906175026935704,1.4283165962060211,1.3781049013165096
480,0.031635175790570694,0.01354296792118346,24.365638434886932,0.1463955322923557,6.358469684987329e-06,2.7314976313945825,1.340625614147318,1.3638131715448074,1.3658125313616145,1.3642045773447613,1.3446306116638245,1.3083204530659676,1.3522140447880224,1.3498626996608472,1.3353326455319017,1.3262153806789854,1.2886049064997,1.9906291011882382,1.4283042862267636,1.378095289485905
481,0.03136538197387735,0.013543036588330002,26.022913277847692,0.15746995052575044,5.86109966358566e-06,2.7315196989652915,1.3406171327126508,1.3638042810435431,1.3658036608169104,1.3641958977776925,1.3446211279761353,1.3083103131636142,1.352205097554836,1.3498536392197584,1.3353232296974809,1.3262054592416475,1.288593340695757,1.9906394111783516,1.428292716572417,1.3780866719429443
482,0.035139346268399485,0.013543099519632385,24.997300563845783,0.14616731780409659,5.387837644354875e-06,2.7315401247833813,1.340609408333787,1.363796132539836,1.3657955261536596,1.3641878931438665,1.344612428433197,1.3083010636182053,1.3521968837064968,1.3498452917619514,1.3353145445089765,1.3261962901459,1.2885825802277953,1.9906490775506387,1.428281920281552,1.3780786786835484
483,0.02951757349005446,0.013543158854148482,25.253749438095838,0.16216073908502793,4.938706693418357e-06,2.7315585934232653,1.3406020512126173,1.3637885238186247,1.3657879837055367,1.3641805335026738,1.3446043697792585,1.3082923706743805,1.3521892535831723,1.349837595810657,1.3353065629641123,1.3261878715155366,1.2885727374537792,1.9906578085686473,1.4282720445389878,1.3780712199131218
484,0.03515063186590169,0.013543213206635926,24.996164239011705,0.15169313509296567,4.513728700784797e-06,2.7315756151890507,1.340595381490618,1.3637815585700748,1.3657810886811297,1.3641737730251466,1.344596995232421,1.3082844777507576,1.352182278272728,1.349830530044064,1.335299218292662,1.3261801176167625,1.2885635859992008,1.9906658549853187,1.4282628044173356,1.3780643931807106
485,0.027694882911943077,0.013543263697982873,25.272427472053096,0.16049964981992818,4.112924379282113e-06,2.7315907471525724,1.3405890294415297,1.363775086934443,1.3657747281519677,1.3641675393986195,1.3445902122295912,1.308277184062566,1.3521758932479424,1.3498241079986966,1.3352925598256877,1.326173106430822,1.2885553976566748,1.990673130343665,1.4282544005461362,1.3780584354361296
486,0.029604635659479857,0.013543313455622518,25.360198080074042,0.2012611647524725,3.7363132635474917e-06,2.731604490048656,1.340582962871213,1.3637689507630393,1.365768772387323,1.3641617174343548,1.3445838554620813,1.3082702100567773,1.352169829948424,1.349818040466437,1.3352862701299035,1.3261664619786,1.2885476517301517,1.9906791780704949,1.4282462421630613,1.3780528278724664
487,0.0417827807471457,0.013543354866423572,25.257466942071915,0.11532964407307156,3.3839137090753232e-06,2.731617162931367,1.3405778678359734,1.3637636309670769,1.3657635295165231,1.364156568892994,1.3445782307604242,1.308264199034714,1.3521645357047638,1.3498127316268185,1.3352807789304675,1.326160677587607,1.2885408523040303,1.9906852919856541,1.4282390671855432,1.3780478671884593
488,0.03653414168873351,0.013543390167543289,24.69464720506221,0.12573255897774027,3.055742891322818e-06,2.7316287054358552,1.3405734095554878,1.3637589079825347,1.365758865475861,1.3641520080274714,1.3445732356600348,1.3082588725220712,1.352159842562619,1.349808035166016,1.3352759215526282,1.3261555775931764,1.2885348869435997,1.9906910417178587,1.4282331184108026,1.3780434704489033
489,0.03614692994838491,0.013543420935893948,24.140498897992074,0.13590405396156477,2.751816804872567e-06,2.731639185166516,1.3405694706505604,1.3637546888526477,1.3657547014977207,1.3641479493975561,1.3445687743766153,1.3082541132761294,1.3521556551861733,1.3498038484659254,1.3352715871398082,1.3261510323274102,1.2885295907819103,1.9906963380521188,1.4282280583820044,1.3780394831861182
490,0.03152310763513376,0.013543449807321795,24.64512113109231,0.1643202746454996,2.472150262653337e-06,2.731648477186771,1.3405657986017772,1.3637508456478802,1.3657509148285525,1.3641442813468467,1.3445647212413616,1.308249733808169,1.3521518294703676,1.3498000360979105,1.3352676470927436,1.3261468929394784,1.2885247807702727,1.9907009868368137,1.4282233701437486,1.3780357787501745
491,0.028790755204659665,0.013543477376791409,25.784475503023714,0.18096127216081698,2.216756895217758e-06,2.7316567413760877,1.340562339282677,1.3637472868131608,1.3657474415705586,1.3641409375717408,1.3445610097877465,1.308245657584376,1.3521483116596766,1.3497965457173933,1.3352640453970162,1.3261430919819401,1.2885203821600353,1.9907048983212994,1.4282189786199009,1.3780323275104327
492,0.033209346497519936,0.013543502113370645,24.900593244936317,0.15205056157479924,1.9856491500783564e-06,2.731664181882772,1.3405592656013152,1.3637441077856391,1.3657443288494182,1.364137925447315,1.3445576891518278,1.308242047330206,1.352145165160631,1.349793398298258,1.3352607927988052,1.3261396583021792,1.2885164117332544,1.9907083838892219,1.4282150038599082,1.3780292203527846
493,0.03338106308697117,0.013543523279020083,25.716524301096797,0.13348688099050712,1.7788382911004798e-06,2.731670853279443,1.3405565696054613,1.3637413158195422,1.3657415726132023,1.364135250707441,1.344554751819278,1.3082388805088923,1.352142380404183,1.349790604151414,1.3352578993601802,1.326136627688549,1.2885128847657548,1.990712191668322,1.4282112467377863,1.3780265253432373
494,0.03605108522967643,0.013543541372613916,24.940639262087643,0.1271722347647769,1.5963343979537295e-06,2.7316768610577364,1.3405542122021914,1.3637388584032042,1.3657391319458378,1.3641328886743544,1.3445521548834967,1.3082360937212387,1.3521399216178582,1.3497881409882155,1.335255350811651,1.3261339707758109,1.2885097904972829,1.9907157185055995,1.428208063879814,1.378024164681005
495,0.035335244947701835,0.013543558047141422,25.098459583008662,0.1596476244346988,1.4381463656202375e-06,2.7316822966094474,1.3405520712261592,1.3637366208983859,1.365736918978976,1.3641307581583288,1.3445497971567713,1.3082335450989344,1.3521376801423894,1.3497859005038304,1.335253026932019,1.3261315423845919,1.2885069784870464,1.990718799938815,1.42820525418807,1.378021891939903
496,0.03228673708645987,0.01354357367002526,25.130006017163396,0.15946981488601453,1.3042819039616668e-06,2.7316872044680274,1.3405500938319077,1.3637345702426567,1.3657348969926781,1.3641288210428462,1.3445476449142202,1.3082311946137277,1.352135623961327,1.3497838492835275,1.3352508999195576,1.3261293150548177,1.2885043994315524,1.9907214895174203,1.4282026688640046,1.3780197398784764
497,0.032933208376584346,0.01354358808529853,25.676974029047415,0.15289904322188388,1.1947475373430013e-06,2.7316917065251474,1.340548290074257,1.363732678295274,1.3657330398046055,1.3641270380573485,1.3445456699569414,1.3082290466668862,1.352133737090685,1.3497819627679608,1.3352489431101529,1.3261272667594304,1.2885020145253374,1.9907239187851615,1.4282002913682381,1.3780177592946998
498,0.032567148300093,0.013543601690034383,24.825424418784678,0.1565728773354759,1.1095486043146728e-06,2.731695859240343,1.3405465934452891,1.3637309087208809,1.3657313051805635,1.3641253836987344,1.344543827983871,1.3082270250338726,1.352131970806331,1.3497802032870279,1.3352471194899467,1.3261253578822993,1.2884998012951872,1.9907261047138347,1.4281981123394942,1.3780159005030266
499,0.0337346438020127,0.01354361499769358,24.13439904199913,0.1682174616827889,1.0486892573525327e-06,2.7316997996264103,1.3405449672179617,1.363729208468584,1.3657296501405087,1.3641238084848295,1.34454206777922,1.3082250750705102,1.3521302773334067,1.3497785159445352,1.3352453672099491,1.32612351633821,1.2884976759597304,1.9907280961853695,1.428196036636897,1.3780140212974898
500,0.03135342540613646,0.013543628080074425,24.521876490907744,0.1652468807990214,1.012172462655324e-06,2.7317035993905057,1.3405433550505155,1.3637275451004538,1.365728036584431,1.3641222752514377,1.3445403545071188,1.3082231641901452,1.3521286266591583,1.349776875033556,1.3352436665958947,1.3261217291570784,1.2884956113877095,1.990729981616834,1.4281940520593084,1.378012184288404
