gamma,C
0.48841516294882625,106.60832190970027
