gamma,C
0.5225378691043041,90.57793674540918
