gamma,C
0.89944301406282,156.5781917719958
