gamma,C
0.8421499895703083,191.45485516874325
