C,rho,gamma,eta
48.333342716205905,0.9183377424882285,1.2238825502076125,-7.218819113286558e-11
