C,rho,gamma,eta
23.596400121668307,0.864208140183545,0.85845405412613,1.6623305027973438e-20
