C,rho,gamma,eta
44.88978123696254,1.0,1.2401535889924156,-5.296084960583517e-22
