C,rho,gamma,eta
34.17724260833302,1.0,1.2708972505420455,3.370926911202554e-23
