C,rho,gamma,eta
80.16332947355994,0.6709165330800422,0.2051467951522344,-1.6733603105849059e-22
