C,rho,gamma,eta
83.33738926099046,0.6870743954806431,2.29878648197187e-22,-4.3726184139028307e-23
