C,rho,gamma,eta
103.0801920896699,0.9155494788147776,0.7172615602957414,-5.584625800760509e-23
