C,rho,gamma,eta
92.42926300605299,0.9060337170480277,0.843985488490337,5.026876647750724e-24
