gamma,C
0.49514280888939693,108.94215270842412
