gamma,C
0.5176773201816114,89.45570600247899
