gamma,C
0.8406585472517615,134.6631308343888
