gamma,C
0.7510535097109026,149.00987828435538
