C,rho,gamma,eta
18.704412149562522,1.0,1.478045419384684,-1.5642145617483612e-23
