C,rho,gamma,eta
18.704412149562526,1.0,1.478045419384684,-4.249250691577488e-22
