C,rho,gamma,eta
892.5434240085916,1.0,1.0990287510201682,-2.236904227682192e-21
