C,rho,gamma,eta
892.5434240085916,1.0,1.0990287510201684,-2.057326462975823e-21
