C,rho,gamma,eta
1817.1290088070252,1.000000000304247,1.8907517200136006,0.44243530594188335
