C,rho,gamma,eta
66.22340958402249,0.9999999994940786,2.819039663675545,0.9133957314341788
