C,rho,gamma,eta
1817.1290087258471,1.0000000003042473,1.8907517199778732,0.44243530589034374
