K,obj,val,solvetime
10,obj_val,0.023809529556823267,0.002930164337158203
