C,rho,gamma,eta
1.0975710717801868,0.9159933669559138,1.2447451244324041,2.1053517176439664e-10
