C,rho,gamma,eta
0.8785032532880107,0.8891801779560872,1.203861109914215,2.3518436413876122e-12
