C,rho,gamma,eta
0.5890531169477303,0.941623493306619,0.7222520992291397,4.448402527061223e-11
