C,rho,gamma,eta
0.43604357376728303,0.9185103737803489,0.5859882039410732,-1.3403461139401627e-10
