C,rho,gamma,eta
115.65366838381193,0.9919035954264661,0.755293527538721,6.633728156612528e-11
