C,rho,gamma,eta
176.12478639478803,1.0,0.7820131797865862,-4.600754421607078e-22
