C,rho,gamma,eta
125.99900558350704,1.0,0.5275480993744056,-1.2312100196959973e-21
