C,rho,gamma,eta
95.72183524946101,1.0,0.5421584926719669,-1.7353717921733515e-20
