K,eps_idx,eps,alpha_idx,alpha,mro_sol,solvetime,dro_feas_sol
1.0,0.0,9.999999999999999e-06,0.0,0.01,14.303165873410695,0.774988234,14.303165873410695
1.0,0.0,9.999999999999999e-06,1.0,0.05,13.845308817925163,0.345527171,13.845308817925163
1.0,1.0,3.414548873833601e-05,0.0,0.01,14.305603944455637,0.455612722,14.305603944455637
1.0,1.0,3.414548873833601e-05,1.0,0.05,13.84577635375614,0.319661404,13.84577635375614
1.0,2.0,0.00011659144011798311,0.0,0.01,14.313826702385988,0.193660203,14.313826702385988
1.0,2.0,0.00011659144011798311,1.0,0.05,13.847427303578435,0.22398479,13.847427303578435
1.0,3.0,0.00039810717055349735,0.0,0.01,14.341989441047774,0.216981063,14.341989441047774
1.0,3.0,0.00039810717055349735,1.0,0.05,13.853059893510071,0.205456702,13.853059893510071
1.0,0.0,0.001,0.0,0.01,14.402153475872598,0.207540881,14.402153475872598
1.0,0.0,0.001,1.0,0.05,13.865096166643962,0.175394719,13.865096166643962
1.0,1.0,0.002187761623949552,0.0,0.01,14.520969744093978,0.184148407,14.520969744093978
1.0,1.0,0.002187761623949552,1.0,0.05,13.888848717833916,0.18089868,13.888848717833916
1.0,2.0,0.00478630092322638,0.0,0.01,14.780781925336301,0.198794304,14.780781925336301
1.0,2.0,0.00478630092322638,1.0,0.05,13.940820269893283,0.173353326,13.940820269893283
1.0,3.0,0.010471285480508996,0.0,0.01,15.349313755226554,0.176392842,15.349313755226554
1.0,3.0,0.010471285480508996,1.0,0.05,14.054520464708082,0.16297079,14.054520464708082
1.0,4.0,0.022908676527677724,0.0,0.01,16.59301492003748,0.198374505,16.59301492003748
1.0,4.0,0.022908676527677724,1.0,0.05,14.30327552542637,0.170300963,14.30327552542637
1.0,5.0,0.05011872336272722,0.0,0.01,19.25104815816022,0.215816342,19.25104815816022
1.0,5.0,0.05011872336272722,1.0,0.05,14.847476779529243,0.174026914,14.847476779529243
1.0,0.0,0.1,0.0,0.01,23.388220225825552,0.197607824,23.388220225825552
1.0,0.0,0.1,1.0,0.05,15.845097152826511,0.19113701,15.845097152826511
1.0,0.0,0.1,2.0,0.1,14.600682306200964,0.134759573,14.600682306200964
1.0,1.0,0.14677992676220694,0.0,0.01,26.966621986890136,0.150150718,26.966621986890136
1.0,1.0,0.14677992676220694,1.0,0.05,16.78069840188671,0.174238622,16.78069840188671
1.0,1.0,0.14677992676220694,2.0,0.1,15.068482615981967,0.138178131,15.068482615981967
1.0,2.0,0.21544346900318834,0.0,0.01,31.602990280530854,0.175071057,31.602990280530854
1.0,2.0,0.21544346900318834,1.0,0.05,18.14201090643395,0.19171636,18.14201090643395
1.0,2.0,0.21544346900318834,2.0,0.1,15.75511500647001,0.149802953,15.75511500647001
1.0,3.0,0.31622776601683794,0.0,0.01,37.58218591376871,0.143807632,37.58218591376871
1.0,3.0,0.31622776601683794,1.0,0.05,19.916935509885054,0.167948669,19.916935509885054
1.0,3.0,0.31622776601683794,2.0,0.1,16.762958003430416,0.157785612,16.762958003430416
1.0,4.0,0.46415888336127786,0.0,0.01,44.530588093091666,0.15858965,44.530588093091666
1.0,4.0,0.46415888336127786,1.0,0.05,22.333853798323997,0.165453113,22.333853798323997
1.0,4.0,0.46415888336127786,2.0,0.1,18.206377956920985,0.146822877,18.206377956920985
1.0,5.0,0.6812920690579611,0.0,0.01,51.77650707004415,0.185062213,51.77650707004415
1.0,5.0,0.6812920690579611,1.0,0.05,25.67700985817354,0.157718396,25.67700985817354
1.0,5.0,0.6812920690579611,2.0,0.1,20.079963758139172,0.136508679,20.079963758139172
1.0,6.0,1.0,0.0,0.01,58.62617256409244,0.260563845,58.62617256409244
1.0,6.0,1.0,1.0,0.05,30.02895491607578,0.138052284,30.02895491607578
1.0,6.0,1.0,2.0,0.1,22.64946097631713,0.153565634,22.64946097631713
1.0,7.0,1.467799267622069,0.0,0.01,61.26294757263072,0.209841795,61.26294757263072
1.0,7.0,1.467799267622069,1.0,0.05,35.68245963546786,0.139355964,35.68245963546786
1.0,7.0,1.467799267622069,2.0,0.1,26.16422453461725,0.129438614,26.16422453461725
1.0,8.0,2.1544346900318834,0.0,0.01,61.26614511924448,0.131553907,61.26614511924448
1.0,8.0,2.1544346900318834,1.0,0.05,42.44670032359591,0.133773486,42.44670032359591
1.0,8.0,2.1544346900318834,2.0,0.1,30.727667466320195,0.124458379,30.727667466320195
1.0,9.0,3.1622776601683795,0.0,0.01,61.26615141732617,0.107474595,61.26615141732617
1.0,9.0,3.1622776601683795,1.0,0.05,49.571167721034314,0.135903254,49.571167721034314
1.0,9.0,3.1622776601683795,2.0,0.1,36.590414365629464,0.121698505,36.590414365629464
1.0,10.0,4.6415888336127775,0.0,0.01,61.26614713131325,0.107181552,61.26614713131325
1.0,10.0,4.6415888336127775,1.0,0.05,57.12581861533776,0.135576357,57.12581861533776
1.0,10.0,4.6415888336127775,2.0,0.1,43.36280886935498,0.122528875,43.36280886935498
1.0,11.0,6.812920690579611,0.0,0.01,61.266191743236625,0.098385033,61.266191743236625
1.0,11.0,6.812920690579611,1.0,0.05,61.0186929737533,0.175027796,61.0186929737533
1.0,11.0,6.812920690579611,2.0,0.1,50.47108741368839,0.125991704,50.47108741368839
1.0,12.0,10.0,0.0,0.01,61.26615125794416,0.105941915,61.26615125794416
1.0,12.0,10.0,1.0,0.05,61.26613870512768,0.131868276,61.26613870512768
1.0,12.0,10.0,2.0,0.1,57.69002767588908,0.120259543,57.69002767588908
2.0,0.0,9.999999999999999e-06,0.0,0.01,7.392824923245227,0.398368511,7.392824923245227
2.0,0.0,9.999999999999999e-06,1.0,0.05,7.251673193468947,0.38213171,7.251673193468947
2.0,1.0,3.414548873833601e-05,0.0,0.01,7.395238059513104,0.399287217,7.395238059513104
2.0,1.0,3.414548873833601e-05,1.0,0.05,7.252144762064375,0.400941058,7.252144762064375
2.0,2.0,0.00011659144011798311,0.0,0.01,7.403478023853629,0.404407853,7.403478023853629
2.0,2.0,0.00011659144011798311,1.0,0.05,7.253791749474996,0.393460437,7.253791749474996
2.0,3.0,0.00039810717055349735,0.0,0.01,7.431624528587077,0.400399985,7.431624528587077
2.0,3.0,0.00039810717055349735,1.0,0.05,7.259424530829482,0.387612118,7.259424530829482
2.0,0.0,0.001,0.0,0.01,7.491852892888189,0.427922275,7.491852892888189
2.0,0.0,0.001,1.0,0.05,7.271465538043718,0.39811335,7.271465538043718
2.0,1.0,0.002187761623949552,0.0,0.01,7.61058917373539,0.424132371,7.61058917373539
2.0,1.0,0.002187761623949552,1.0,0.05,7.295217724732368,0.434678805,7.295217724732368
2.0,2.0,0.00478630092322638,0.0,0.01,7.870462261992156,0.505304187,7.870462261992156
2.0,2.0,0.00478630092322638,1.0,0.05,7.347184940400498,0.433930728,7.347184940400498
2.0,3.0,0.010471285480508996,0.0,0.01,8.421411394790214,0.373541454,8.421411394790214
2.0,3.0,0.010471285480508996,1.0,0.05,7.460889223590885,0.382953625,7.460889223590885
2.0,4.0,0.022908676527677724,0.0,0.01,9.415127992545818,0.335432442,9.415127992545818
2.0,4.0,0.022908676527677724,1.0,0.05,7.709645951380519,0.392116744,7.709645951380519
2.0,5.0,0.05011872336272722,0.0,0.01,11.472141970040237,0.305886148,11.472141970040237
2.0,5.0,0.05011872336272722,1.0,0.05,8.241129694325675,0.343054597,8.241129694325675
2.0,0.0,0.1,0.0,0.01,15.122937581924718,0.334007061,15.122937581924718
2.0,0.0,0.1,1.0,0.05,9.049536010680447,0.303757106,9.049536010680447
2.0,0.0,0.1,2.0,0.1,8.101430506047532,0.324261626,8.101430506047532
2.0,1.0,0.14677992676220694,0.0,0.01,18.00555755950369,0.313272028,18.00555755950369
2.0,1.0,0.14677992676220694,1.0,0.05,9.766035378540211,0.302681941,9.766035378540211
2.0,1.0,0.14677992676220694,2.0,0.1,8.497144592500545,0.300652243,8.497144592500545
2.0,2.0,0.21544346900318834,0.0,0.01,21.670066006474205,0.314488981,21.670066006474205
2.0,2.0,0.21544346900318834,1.0,0.05,10.80284317049577,0.305869439,10.80284317049577
2.0,2.0,0.21544346900318834,2.0,0.1,9.038610060331365,0.290357851,9.038610060331365
2.0,3.0,0.31622776601683794,0.0,0.01,25.55689728910913,0.317922106,25.55689728910913
2.0,3.0,0.31622776601683794,1.0,0.05,12.314788537977748,0.32017762,12.314788537977748
2.0,3.0,0.31622776601683794,2.0,0.1,9.809678168462098,0.256684606,9.809678168462098
2.0,4.0,0.46415888336127786,0.0,0.01,29.73666787453325,0.368712232,29.73666787453325
2.0,4.0,0.46415888336127786,1.0,0.05,14.445038130573494,0.462996257,14.445038130573494
2.0,4.0,0.46415888336127786,2.0,0.1,10.926077432623057,0.27159455,10.926077432623057
2.0,5.0,0.6812920690579611,0.0,0.01,33.74144250233998,0.399808892,33.74144250233998
2.0,5.0,0.6812920690579611,1.0,0.05,17.126253377670682,0.280102963,17.126253377670682
2.0,5.0,0.6812920690579611,2.0,0.1,12.554346628716464,0.332160286,12.554346628716464
2.0,6.0,1.0,0.0,0.01,36.7560829138603,0.544461196,36.7560829138603
2.0,6.0,1.0,1.0,0.05,20.54893296065001,0.293515687,20.54893296065001
2.0,6.0,1.0,2.0,0.1,14.809593352396185,0.25872136,14.809593352396185
2.0,7.0,1.467799267622069,0.0,0.01,36.75969051391362,0.264902618,36.75969051391362
2.0,7.0,1.467799267622069,1.0,0.05,24.370786263160518,0.296481877,24.370786263160518
2.0,7.0,1.467799267622069,2.0,0.1,17.603316722669263,0.249104948,17.603316722669263
2.0,8.0,2.1544346900318834,0.0,0.01,36.75968799819339,0.229131103,36.75968799819339
2.0,8.0,2.1544346900318834,1.0,0.05,28.450278706392396,0.316041006,28.450278706392396
2.0,8.0,2.1544346900318834,2.0,0.1,21.158109035096775,0.281763607,21.158109035096775
2.0,9.0,3.1622776601683795,0.0,0.01,36.75970108584452,0.230532703,36.75970108584452
2.0,9.0,3.1622776601683795,1.0,0.05,32.65253641883054,0.316725345,32.65253641883054
2.0,9.0,3.1622776601683795,2.0,0.1,24.869281271242325,0.297589199,24.869281271242325
2.0,10.0,4.6415888336127775,0.0,0.01,36.7597374657254,0.220164268,36.7597374657254
2.0,10.0,4.6415888336127775,1.0,0.05,36.38590829643734,0.306165801,36.38590829643734
2.0,10.0,4.6415888336127775,2.0,0.1,28.969793575214123,0.30896907,28.969793575214123
2.0,11.0,6.812920690579611,0.0,0.01,36.7596958200897,0.211044071,36.7596958200897
2.0,11.0,6.812920690579611,1.0,0.05,36.75968402603562,0.271340018,36.75968402603562
2.0,11.0,6.812920690579611,2.0,0.1,32.992821755753596,0.347729658,32.992821755753596
2.0,12.0,10.0,0.0,0.01,36.75978865314238,0.197248783,36.75978865314238
2.0,12.0,10.0,1.0,0.05,36.759692504881976,0.236837571,36.759692504881976
2.0,12.0,10.0,2.0,0.1,36.648908007650306,0.338399625,36.648908007650306
3.0,0.0,9.999999999999999e-06,0.0,0.01,4.220950348323445,0.645381868,4.220950348323445
3.0,0.0,9.999999999999999e-06,1.0,0.05,4.090346785576383,0.563202777,4.090346785576383
3.0,1.0,3.414548873833601e-05,0.0,0.01,4.223347333949847,0.639578979,4.223347333949847
3.0,1.0,3.414548873833601e-05,1.0,0.05,4.0908301644634255,0.560870591,4.0908301644634255
3.0,2.0,0.00011659144011798311,0.0,0.01,4.231580269762341,0.655196046,4.231580269762341
3.0,2.0,0.00011659144011798311,1.0,0.05,4.092480025047086,0.579698599,4.092480025047086
3.0,3.0,0.00039810717055349735,0.0,0.01,4.2597309683180935,0.679639992,4.2597309683180935
3.0,3.0,0.00039810717055349735,1.0,0.05,4.098108508244245,0.640243023,4.098108508244245
3.0,0.0,0.001,0.0,0.01,4.319934870920484,0.794754747,4.319934870920484
3.0,0.0,0.001,1.0,0.05,4.110144684005758,0.645632828,4.110144684005758
3.0,1.0,0.002187761623949552,0.0,0.01,4.436830487497009,0.623379839,4.436830487497009
3.0,1.0,0.002187761623949552,1.0,0.05,4.133900538694702,0.67392501,4.133900538694702
3.0,2.0,0.00478630092322638,0.0,0.01,4.647318787959772,0.503552199,4.647318787959772
3.0,2.0,0.00478630092322638,1.0,0.05,4.185881897683239,0.55960784,4.185881897683239
3.0,3.0,0.010471285480508996,0.0,0.01,5.07807482539658,0.431572531,5.07807482539658
3.0,3.0,0.010471285480508996,1.0,0.05,4.299132363998757,0.577813595,4.299132363998757
3.0,4.0,0.022908676527677724,0.0,0.01,5.998722366130864,0.484805807,5.998722366130864
3.0,4.0,0.022908676527677724,1.0,0.05,4.5044279042806075,0.469419727,4.5044279042806075
3.0,5.0,0.05011872336272722,0.0,0.01,7.861394692175063,0.501192199,7.861394692175063
3.0,5.0,0.05011872336272722,1.0,0.05,4.918265401868088,0.417047934,4.918265401868088
3.0,0.0,0.1,0.0,0.01,10.895378485094584,0.516455097,10.895378485094584
3.0,0.0,0.1,1.0,0.05,5.658256403467084,0.414321311,5.658256403467084
3.0,0.0,0.1,2.0,0.1,4.8251896088492074,0.452958748,4.8251896088492074
3.0,1.0,0.14677992676220694,0.0,0.01,13.18252897825287,0.52489207,13.18252897825287
3.0,1.0,0.14677992676220694,1.0,0.05,6.336511574622214,0.391740031,6.336511574622214
3.0,1.0,0.14677992676220694,2.0,0.1,5.174332697120763,0.393647657,5.174332697120763
3.0,2.0,0.21544346900318834,0.0,0.01,15.64590423971517,0.523827714,15.64590423971517
3.0,2.0,0.21544346900318834,1.0,0.05,7.272586842241186,0.396686871,7.272586842241186
3.0,2.0,0.21544346900318834,2.0,0.1,5.681210057468551,0.405370141,5.681210057468551
3.0,3.0,0.31622776601683794,0.0,0.01,18.167823221983788,0.456912952,18.167823221983788
3.0,3.0,0.31622776601683794,1.0,0.05,8.581288186644898,0.390748523,8.581288186644898
3.0,3.0,0.31622776601683794,2.0,0.1,6.408792775782586,0.391971878,6.408792775782586
3.0,4.0,0.46415888336127786,0.0,0.01,20.66384855318498,0.454043313,20.66384855318498
3.0,4.0,0.46415888336127786,1.0,0.05,10.33787872522825,0.418445826,10.33787872522825
3.0,4.0,0.46415888336127786,2.0,0.1,7.412171516182438,0.385175292,7.412171516182438
3.0,5.0,0.6812920690579611,0.0,0.01,22.926668281202165,0.523057191,22.926668281202165
3.0,5.0,0.6812920690579611,1.0,0.05,12.522864148513765,0.448694514,12.522864148513765
3.0,5.0,0.6812920690579611,2.0,0.1,8.808449963378195,0.407133919,8.808449963378195
3.0,6.0,1.0,0.0,0.01,24.300765735726383,0.521000706,24.300765735726383
3.0,6.0,1.0,1.0,0.05,14.915274269348993,0.466817303,14.915274269348993
3.0,6.0,1.0,2.0,0.1,10.647558782304207,0.417566692,10.647558782304207
3.0,7.0,1.467799267622069,0.0,0.01,24.300706438169428,0.351548087,24.300706438169428
3.0,7.0,1.467799267622069,1.0,0.05,17.408103379162416,0.628835811,17.408103379162416
3.0,7.0,1.467799267622069,2.0,0.1,12.849269790885012,0.507659958,12.849269790885012
3.0,8.0,2.1544346900318834,0.0,0.01,24.30069514143646,0.331543443,24.30069514143646
3.0,8.0,2.1544346900318834,1.0,0.05,19.959136574895464,0.497102812,19.959136574895464
3.0,8.0,2.1544346900318834,2.0,0.1,15.242258078341653,0.503905278,15.242258078341653
3.0,9.0,3.1622776601683795,0.0,0.01,24.300720169298135,0.306597575,24.300720169298135
3.0,9.0,3.1622776601683795,1.0,0.05,22.199927048278163,0.453611102,22.199927048278163
3.0,9.0,3.1622776601683795,2.0,0.1,17.663735008801666,0.568937585,17.663735008801666
3.0,10.0,4.6415888336127775,0.0,0.01,24.300723665939074,0.308276501,24.300723665939074
3.0,10.0,4.6415888336127775,1.0,0.05,24.174494206695886,0.497645397,24.174494206695886
3.0,10.0,4.6415888336127775,2.0,0.1,20.12367746593022,0.462962642,20.12367746593022
3.0,11.0,6.812920690579611,0.0,0.01,24.300716412470873,0.3123999,24.300716412470873
3.0,11.0,6.812920690579611,1.0,0.05,24.300687978076684,0.338509179,24.300687978076684
3.0,11.0,6.812920690579611,2.0,0.1,22.380878857278717,0.44604385,22.380878857278717
3.0,12.0,10.0,0.0,0.01,24.30073319233641,0.289452632,24.30073319233641
3.0,12.0,10.0,1.0,0.05,24.30069232881679,0.293106551,24.30069232881679
3.0,12.0,10.0,2.0,0.1,24.30069862134948,0.518765409,24.30069862134948
4.0,0.0,9.999999999999999e-06,0.0,0.01,2.580410520269142,0.981303233,2.580410520269142
4.0,0.0,9.999999999999999e-06,1.0,0.05,2.5219252663810896,1.013493122,2.5219252663810896
4.0,1.0,3.414548873833601e-05,0.0,0.01,2.5828232422058597,0.958262495,2.5828232422058597
4.0,1.0,3.414548873833601e-05,1.0,0.05,2.522400528799018,1.175963063,2.522400528799018
4.0,2.0,0.00011659144011798311,0.0,0.01,2.5910617631812842,0.931562934,2.5910617631812842
4.0,2.0,0.00011659144011798311,1.0,0.05,2.5240502112059415,1.056094203,2.5240502112059415
4.0,3.0,0.00039810717055349735,0.0,0.01,2.6192256068668627,0.952401574,2.6192256068668627
4.0,3.0,0.00039810717055349735,1.0,0.05,2.5296793579821393,1.012758237,2.5296793579821393
4.0,0.0,0.001,0.0,0.01,2.6719067356763935,0.78242097,2.6719067356763935
4.0,0.0,0.001,1.0,0.05,2.541718230467644,1.131999739,2.541718230467644
4.0,1.0,0.002187761623949552,0.0,0.01,2.762948335137048,0.662996094,2.762948335137048
4.0,1.0,0.002187761623949552,1.0,0.05,2.565475541566189,1.128568437,2.565475541566189
4.0,2.0,0.00478630092322638,0.0,0.01,2.9570039944026654,0.634286529,2.9570039944026654
4.0,2.0,0.00478630092322638,1.0,0.05,2.6117415085035334,0.769990544,2.6117415085035334
4.0,3.0,0.010471285480508996,0.0,0.01,3.3746919207390547,0.669376297,3.3746919207390547
4.0,3.0,0.010471285480508996,1.0,0.05,2.6994655778465098,0.703205368,2.6994655778465098
4.0,4.0,0.022908676527677724,0.0,0.01,4.207901881783989,0.696759106,4.207901881783989
4.0,4.0,0.022908676527677724,1.0,0.05,2.8856145227944245,0.646690782,2.8856145227944245
4.0,5.0,0.05011872336272722,0.0,0.01,5.890540143519712,0.696785897,5.890540143519712
4.0,5.0,0.05011872336272722,1.0,0.05,3.2873600297591885,0.65486471,3.2873600297591885
4.0,0.0,0.1,0.0,0.01,8.317434584599054,0.767763022,8.317434584599054
4.0,0.0,0.1,1.0,0.05,3.9689392692728855,0.686102286,3.9689392692728855
4.0,0.0,0.1,2.0,0.1,3.2186982049300066,0.589140041,3.2186982049300066
4.0,1.0,0.14677992676220694,0.0,0.01,10.014430929653397,0.825881443,10.014430929653397
4.0,1.0,0.14677992676220694,1.0,0.05,4.569212509032692,0.633458609,4.569212509032692
4.0,1.0,0.14677992676220694,2.0,0.1,3.5456244163297934,0.589535512,3.5456244163297934
4.0,2.0,0.21544346900318834,0.0,0.01,11.771386158242624,0.723829036,11.771386158242624
4.0,2.0,0.21544346900318834,1.0,0.05,5.420804034841987,0.701061912,5.420804034841987
4.0,2.0,0.21544346900318834,2.0,0.1,4.000155590445899,0.595022199,4.000155590445899
4.0,3.0,0.31622776601683794,0.0,0.01,13.321597871267409,0.68484719,13.321597871267409
4.0,3.0,0.31622776601683794,1.0,0.05,6.563013721249067,0.698277211,6.563013721249067
4.0,3.0,0.31622776601683794,2.0,0.1,4.6407612434386625,0.558952926,4.6407612434386625
4.0,4.0,0.46415888336127786,0.0,0.01,14.886447649805282,0.803178981,14.886447649805282
4.0,4.0,0.46415888336127786,1.0,0.05,7.9376864275159855,0.779969912,7.9376864275159855
4.0,4.0,0.46415888336127786,2.0,0.1,5.546481139419151,0.59329702,5.546481139419151
4.0,5.0,0.6812920690579611,0.0,0.01,16.200602017920758,0.813579177,16.200602017920758
4.0,5.0,0.6812920690579611,1.0,0.05,9.555843920581854,0.957924891,9.555843920581854
4.0,5.0,0.6812920690579611,2.0,0.1,6.7270651579305785,0.676124101,6.7270651579305785
4.0,6.0,1.0,0.0,0.01,17.21577777017565,0.702004788,17.21577777017565
4.0,6.0,1.0,1.0,0.05,11.283928251452073,0.6759155,11.283928251452073
4.0,6.0,1.0,2.0,0.1,8.135987179243802,0.86186691,8.135987179243802
4.0,7.0,1.467799267622069,0.0,0.01,17.215855062055905,0.507180594,17.215855062055905
4.0,7.0,1.467799267622069,1.0,0.05,12.797398654240576,0.698249505,12.797398654240576
4.0,7.0,1.467799267622069,2.0,0.1,9.771667251844006,0.809651691,9.771667251844006
4.0,8.0,2.1544346900318834,0.0,0.01,17.215798260062414,0.480423517,17.215798260062414
4.0,8.0,2.1544346900318834,1.0,0.05,14.398884857079883,0.694927722,14.398884857079883
4.0,8.0,2.1544346900318834,2.0,0.1,11.4279105340468,0.692398498,11.4279105340468
4.0,9.0,3.1622776601683795,0.0,0.01,17.215759320203475,0.473999346,17.215759320203475
4.0,9.0,3.1622776601683795,1.0,0.05,15.70162870094072,0.791889633,15.70162870094072
4.0,9.0,3.1622776601683795,2.0,0.1,12.920867484947225,0.689975597,12.920867484947225
4.0,10.0,4.6415888336127775,0.0,0.01,17.2157608233961,0.47122834,17.2157608233961
4.0,10.0,4.6415888336127775,1.0,0.05,16.996396497266215,0.997366701,16.996396497266215
4.0,10.0,4.6415888336127775,2.0,0.1,14.46174883238688,0.69547838,14.46174883238688
4.0,11.0,6.812920690579611,0.0,0.01,17.215786773186142,0.444279189,17.215786773186142
4.0,11.0,6.812920690579611,1.0,0.05,17.21575412345444,0.482663776,17.21575412345444
4.0,11.0,6.812920690579611,2.0,0.1,15.829510297222013,0.882963427,15.829510297222013
4.0,12.0,10.0,0.0,0.01,17.215824287689106,0.478048617,17.215824287689106
4.0,12.0,10.0,1.0,0.05,17.215772406072734,0.456946384,17.215772406072734
4.0,12.0,10.0,2.0,0.1,17.126047601927645,1.334712453,17.126047601927645
5.0,0.0,9.999999999999999e-06,0.0,0.01,1.7632922263855362,2.282145829,1.7632922263855362
5.0,0.0,9.999999999999999e-06,1.0,0.05,1.672346567131943,1.393009905,1.672346567131943
5.0,1.0,3.414548873833601e-05,0.0,0.01,1.7656609555436713,1.229766561,1.7656609555436713
5.0,1.0,3.414548873833601e-05,1.0,0.05,1.6728335444095161,1.180209201,1.6728335444095161
5.0,2.0,0.00011659144011798311,0.0,0.01,1.7738814759287809,1.336085496,1.7738814759287809
5.0,2.0,0.00011659144011798311,1.0,0.05,1.6744797270057359,1.500948331,1.6744797270057359
5.0,3.0,0.00039810717055349735,0.0,0.01,1.7988439675412995,0.946340214,1.7988439675412995
5.0,3.0,0.00039810717055349735,1.0,0.05,1.6801124261718923,1.309870407,1.6801124261718923
5.0,0.0,0.001,0.0,0.01,1.844721524220118,1.024338337,1.844721524220118
5.0,0.0,0.001,1.0,0.05,1.6921476434903093,1.417605585,1.6921476434903093
5.0,1.0,0.002187761623949552,0.0,0.01,1.9333037772108592,0.936896878,1.9333037772108592
5.0,1.0,0.002187761623949552,1.0,0.05,1.7120850960680982,1.060122677,1.7120850960680982
5.0,2.0,0.00478630092322638,0.0,0.01,2.1237773231712986,0.885454118,2.1237773231712986
5.0,2.0,0.00478630092322638,1.0,0.05,1.751701196152943,0.901962945,1.751701196152943
5.0,3.0,0.010471285480508996,0.0,0.01,2.5067431561507543,1.06892935,2.5067431561507543
5.0,3.0,0.010471285480508996,1.0,0.05,1.8365667807951844,0.946752425,1.8365667807951844
5.0,4.0,0.022908676527677724,0.0,0.01,3.273424417142091,1.036335582,3.273424417142091
5.0,4.0,0.022908676527677724,1.0,0.05,2.019770532598248,0.955565894,2.019770532598248
5.0,5.0,0.05011872336272722,0.0,0.01,4.733408286019755,1.2565935480000001,4.733408286019755
5.0,5.0,0.05011872336272722,1.0,0.05,2.391462367132051,0.995883943,2.391462367132051
5.0,0.0,0.1,0.0,0.01,6.644753507071606,1.08957254,6.644753507071606
5.0,0.0,0.1,1.0,0.05,3.0189133709282707,0.9281015,3.0189133709282707
5.0,0.0,0.1,2.0,0.1,2.332394390808455,0.858977095,2.332394390808455
5.0,1.0,0.14677992676220694,0.0,0.01,7.8423904989251705,1.051421604,7.8423904989251705
5.0,1.0,0.14677992676220694,1.0,0.05,3.5648303682803557,0.886884576,3.5648303682803557
5.0,1.0,0.14677992676220694,2.0,0.1,2.6312580473491245,0.922236643,2.6312580473491245
5.0,2.0,0.21544346900318834,0.0,0.01,8.985920678849988,1.07413218,8.985920678849988
5.0,2.0,0.21544346900318834,1.0,0.05,4.304669128025184,0.890860531,4.304669128025184
5.0,2.0,0.21544346900318834,2.0,0.1,3.051919184349098,0.933577662,3.051919184349098
5.0,3.0,0.31622776601683794,0.0,0.01,10.04788370989773,1.155572971,10.04788370989773
5.0,3.0,0.31622776601683794,1.0,0.05,5.235181144772791,0.946793718,5.235181144772791
5.0,3.0,0.31622776601683794,2.0,0.1,3.63168471710804,0.930292924,3.63168471710804
5.0,4.0,0.46415888336127786,0.0,0.01,11.10739947686146,1.173627245,11.10739947686146
5.0,4.0,0.46415888336127786,1.0,0.05,6.321471609166124,0.979960996,6.321471609166124
5.0,4.0,0.46415888336127786,2.0,0.1,4.404986974706343,1.265239207,4.404986974706343
5.0,5.0,0.6812920690579611,0.0,0.01,11.931738890636922,1.215616309,11.931738890636922
5.0,5.0,0.6812920690579611,1.0,0.05,7.519767223131693,1.061874748,7.519767223131693
5.0,5.0,0.6812920690579611,2.0,0.1,5.364290445957542,0.970584832,5.364290445957542
5.0,6.0,1.0,0.0,0.01,12.782055688931667,1.139731783,12.782055688931667
5.0,6.0,1.0,1.0,0.05,8.655760716039412,1.12888958,8.655760716039412
5.0,6.0,1.0,2.0,0.1,6.4724580641991025,1.01162013,6.4724580641991025
5.0,7.0,1.467799267622069,0.0,0.01,12.826928446848251,0.792969391,12.826928446848251
5.0,7.0,1.467799267622069,1.0,0.05,9.683415655339731,1.050776772,9.683415655339731
5.0,7.0,1.467799267622069,2.0,0.1,7.649988467524408,1.053712865,7.649988467524408
5.0,8.0,2.1544346900318834,0.0,0.01,12.826856597426524,0.747611184,12.826856597426524
5.0,8.0,2.1544346900318834,1.0,0.05,10.760505291661213,1.0993520860000001,10.760505291661213
5.0,8.0,2.1544346900318834,2.0,0.1,8.728370057905751,1.035825502,8.728370057905751
5.0,9.0,3.1622776601683795,0.0,0.01,12.826890872250434,0.710614391,12.826890872250434
5.0,9.0,3.1622776601683795,1.0,0.05,11.603903171377551,1.159123987,11.603903171377551
5.0,9.0,3.1622776601683795,2.0,0.1,9.759314137613929,1.081437006,9.759314137613929
5.0,10.0,4.6415888336127775,0.0,0.01,12.8268652921475,0.712741391,12.8268652921475
5.0,10.0,4.6415888336127775,1.0,0.05,12.51996578987768,1.180406466,12.51996578987768
5.0,10.0,4.6415888336127775,2.0,0.1,10.787715904851495,1.323077176,10.787715904851495
5.0,11.0,6.812920690579611,0.0,0.01,12.826873111084891,0.717104443,12.826873111084891
5.0,11.0,6.812920690579611,1.0,0.05,12.82686108710679,0.714378081,12.82686108710679
5.0,11.0,6.812920690579611,2.0,0.1,11.686612108366074,1.3397141750000001,11.686612108366074
5.0,12.0,10.0,0.0,0.01,12.826901591698977,0.711581496,12.826901591698977
5.0,12.0,10.0,1.0,0.05,12.826844328635907,0.70970701,12.826844328635907
5.0,12.0,10.0,2.0,0.1,12.619397119022425,1.216141427,12.619397119022425
6.0,0.0,9.999999999999999e-06,0.0,0.01,1.2511873548996604,2.70101307,1.2511873548996604
6.0,0.0,9.999999999999999e-06,1.0,0.05,1.1656997112630614,2.966475052,1.1656997112630614
6.0,1.0,3.414548873833601e-05,0.0,0.01,1.2535530808052024,3.043388468,1.2535530808052024
6.0,1.0,3.414548873833601e-05,1.0,0.05,1.166184850666033,2.677449517,1.166184850666033
6.0,2.0,0.00011659144011798311,0.0,0.01,1.2615438148041946,1.956291972,1.2615438148041946
6.0,2.0,0.00011659144011798311,1.0,0.05,1.1678319264137005,2.4961728499999998,1.1678319264137005
6.0,3.0,0.00039810717055349735,0.0,0.01,1.2833895391434527,1.30588963,1.2833895391434527
6.0,3.0,0.00039810717055349735,1.0,0.05,1.1734657874471635,2.135070394,1.1734657874471635
6.0,0.0,0.001,0.0,0.01,1.328338454748598,1.389882668,1.328338454748598
6.0,0.0,0.001,1.0,0.05,1.183651197093121,1.6183157750000001,1.183651197093121
6.0,1.0,0.002187761623949552,0.0,0.01,1.4159953959809473,1.3932328489999999,1.4159953959809473
6.0,1.0,0.002187761623949552,1.0,0.05,1.2017244255202428,1.431595633,1.2017244255202428
6.0,2.0,0.00478630092322638,0.0,0.01,1.5952241961199585,1.449234793,1.5952241961199585
6.0,2.0,0.00478630092322638,1.0,0.05,1.2404916410804199,1.434405454,1.2404916410804199
6.0,3.0,0.010471285480508996,0.0,0.01,1.9548725029575915,1.316837345,1.9548725029575915
6.0,3.0,0.010471285480508996,1.0,0.05,1.3244575273644725,1.501014768,1.3244575273644725
6.0,4.0,0.022908676527677724,0.0,0.01,2.6540137875606664,1.620479073,2.6540137875606664
6.0,4.0,0.022908676527677724,1.0,0.05,1.4972200821393191,1.369756635,1.4972200821393191
6.0,5.0,0.05011872336272722,0.0,0.01,3.9081936277789224,1.617632681,3.9081936277789224
6.0,5.0,0.05011872336272722,1.0,0.05,1.844540682640679,1.50402024,1.844540682640679
6.0,0.0,0.1,0.0,0.01,5.4290613003859605,1.532293957,5.4290613003859605
6.0,0.0,0.1,1.0,0.05,2.41593175829758,1.401161701,2.41593175829758
6.0,0.0,0.1,2.0,0.1,1.7940181299275102,1.266513676,1.7940181299275102
6.0,1.0,0.14677992676220694,0.0,0.01,6.300741324862657,1.6560218820000001,6.300741324862657
6.0,1.0,0.14677992676220694,1.0,0.05,2.9072917145441437,1.416593636,2.9072917145441437
6.0,1.0,0.14677992676220694,2.0,0.1,2.0695946892946115,1.208656153,2.0695946892946115
6.0,2.0,0.21544346900318834,0.0,0.01,7.045313237724468,1.685296531,7.045313237724468
6.0,2.0,0.21544346900318834,1.0,0.05,3.5309095820788423,1.865573583,3.5309095820788423
6.0,2.0,0.21544346900318834,2.0,0.1,2.450534128583591,1.263051801,2.450534128583591
6.0,3.0,0.31622776601683794,0.0,0.01,7.8000457613318375,1.525806558,7.8000457613318375
6.0,3.0,0.31622776601683794,1.0,0.05,4.298844376424501,1.5055150849999999,4.298844376424501
6.0,3.0,0.31622776601683794,2.0,0.1,2.966216932419932,2.476794297,2.966216932419932
6.0,4.0,0.46415888336127786,0.0,0.01,8.537465475452851,1.537077616,8.537465475452851
6.0,4.0,0.46415888336127786,1.0,0.05,5.157029276668533,1.418381957,5.157029276668533
6.0,4.0,0.46415888336127786,2.0,0.1,3.6150814646165728,1.751923536,3.6150814646165728
6.0,5.0,0.6812920690579611,0.0,0.01,9.121871493701853,1.5262436240000001,9.121871493701853
6.0,5.0,0.6812920690579611,1.0,0.05,6.019836769101557,1.590602195,6.019836769101557
6.0,5.0,0.6812920690579611,2.0,0.1,4.398576139074027,1.4520749259999999,4.398576139074027
6.0,6.0,1.0,0.0,0.01,9.769405075455035,1.576515665,9.769405075455035
6.0,6.0,1.0,1.0,0.05,6.806492756037278,1.69818035,6.806492756037278
6.0,6.0,1.0,2.0,0.1,5.257330625020877,1.428205015,5.257330625020877
6.0,7.0,1.467799267622069,0.0,0.01,9.926228377693608,1.145990338,9.926228377693608
6.0,7.0,1.467799267622069,1.0,0.05,7.538038736875282,1.653344681,7.538038736875282
6.0,7.0,1.467799267622069,2.0,0.1,6.10870688048527,1.614220379,6.10870688048527
6.0,8.0,2.1544346900318834,0.0,0.01,9.926356160236066,1.084062014,9.926356160236066
6.0,8.0,2.1544346900318834,1.0,0.05,8.281187905225362,1.787599741,8.281187905225362
6.0,8.0,2.1544346900318834,2.0,0.1,6.8423084509976935,1.711734004,6.8423084509976935
6.0,9.0,3.1622776601683795,0.0,0.01,9.92618259809068,1.135882263,9.92618259809068
6.0,9.0,3.1622776601683795,1.0,0.05,8.889056675783447,1.70103088,8.889056675783447
6.0,9.0,3.1622776601683795,2.0,0.1,7.585200021752532,1.638522539,7.585200021752532
6.0,10.0,4.6415888336127775,0.0,0.01,9.926209649858638,1.1258864530000001,9.926209649858638
6.0,10.0,4.6415888336127775,1.0,0.05,9.590147424483757,1.582033625,9.590147424483757
6.0,10.0,4.6415888336127775,2.0,0.1,8.306284249698317,1.703942944,8.306284249698317
6.0,11.0,6.812920690579611,0.0,0.01,9.92617831721414,1.028474721,9.92617831721414
6.0,11.0,6.812920690579611,1.0,0.05,9.926167448703048,0.982406201,9.926167448703048
6.0,11.0,6.812920690579611,2.0,0.1,8.952835915200238,1.821826889,8.952835915200238
6.0,12.0,10.0,0.0,0.01,9.926238298246151,1.041499518,9.926238298246151
6.0,12.0,10.0,1.0,0.05,9.926169740547214,1.009586435,9.926169740547214
6.0,12.0,10.0,2.0,0.1,9.670468000141659,1.641822931,9.670468000141659
7.0,0.0,9.999999999999999e-06,0.0,0.01,0.91127740673466,2.998385721,0.91127740673466
7.0,0.0,9.999999999999999e-06,1.0,0.05,0.8422630254576378,2.723574591,0.8422630254576378
7.0,1.0,3.414548873833601e-05,0.0,0.01,0.9136811869624722,2.934277723,0.9136811869624722
7.0,1.0,3.414548873833601e-05,1.0,0.05,0.8427459696214786,2.948151176,0.8427459696214786
7.0,2.0,0.00011659144011798311,0.0,0.01,0.9207140791864347,2.218916227,0.9207140791864347
7.0,2.0,0.00011659144011798311,1.0,0.05,0.844397828994043,3.021080005,0.844397828994043
7.0,3.0,0.00039810717055349735,0.0,0.01,0.9419023307981328,1.9305622040000001,0.9419023307981328
7.0,3.0,0.00039810717055349735,1.0,0.05,0.8495707563276772,2.470891286,0.8495707563276772
7.0,0.0,0.001,0.0,0.01,0.9864198259864848,1.9509005670000001,0.9864198259864848
7.0,0.0,0.001,1.0,0.05,0.8588222339409028,2.057366689,0.8588222339409028
7.0,1.0,0.002187761623949552,0.0,0.01,1.0708682075491986,1.882003383,1.0708682075491986
7.0,1.0,0.002187761623949552,1.0,0.05,0.8765812947980876,2.051522414,0.8765812947980876
7.0,2.0,0.00478630092322638,0.0,0.01,1.2412871267195356,1.845419988,1.2412871267195356
7.0,2.0,0.00478630092322638,1.0,0.05,0.9150352852014062,2.134240181,0.9150352852014062
7.0,3.0,0.010471285480508996,0.0,0.01,1.5756651570631595,1.9259403160000002,1.5756651570631595
7.0,3.0,0.010471285480508996,1.0,0.05,0.9962487420371937,2.12179048,0.9962487420371937
7.0,4.0,0.022908676527677724,0.0,0.01,2.216382937178161,2.023627503,2.216382937178161
7.0,4.0,0.022908676527677724,1.0,0.05,1.1598573789544901,1.966566963,1.1598573789544901
7.0,5.0,0.05011872336272722,0.0,0.01,3.290952360952998,2.206860524,3.290952360952998
7.0,5.0,0.05011872336272722,1.0,0.05,1.4825456048797214,2.066573678,1.4825456048797214
7.0,0.0,0.1,0.0,0.01,4.495279350173769,2.389135296,4.495279350173769
7.0,0.0,0.1,1.0,0.05,2.008524745888894,1.816593166,2.008524745888894
7.0,0.0,0.1,2.0,0.1,1.440695055949566,1.5720392269999999,1.440695055949566
7.0,1.0,0.14677992676220694,0.0,0.01,5.136038386308342,2.392684414,5.136038386308342
7.0,1.0,0.14677992676220694,1.0,0.05,2.43709842426128,2.866013633,2.43709842426128
7.0,1.0,0.14677992676220694,2.0,0.1,1.6946468589524502,1.6428230240000001,1.6946468589524502
7.0,2.0,0.21544346900318834,0.0,0.01,5.652649917599102,2.446673963,5.652649917599102
7.0,2.0,0.21544346900318834,1.0,0.05,2.970805032683117,2.276351317,2.970805032683117
7.0,2.0,0.21544346900318834,2.0,0.1,2.037942020375311,1.8469284350000001,2.037942020375311
7.0,3.0,0.31622776601683794,0.0,0.01,6.216437428300344,2.314512225,6.216437428300344
7.0,3.0,0.31622776601683794,1.0,0.05,3.6021647924663585,2.074364045,3.6021647924663585
7.0,3.0,0.31622776601683794,2.0,0.1,2.4847483753578063,2.939277563,2.4847483753578063
7.0,4.0,0.46415888336127786,0.0,0.01,6.745721146535752,2.247687993,6.745721146535752
7.0,4.0,0.46415888336127786,1.0,0.05,4.267298846535059,2.232102834,4.267298846535059
7.0,4.0,0.46415888336127786,2.0,0.1,3.035441708992781,2.23734094,3.035441708992781
7.0,5.0,0.6812920690579611,0.0,0.01,7.193459454849468,2.094097104,7.193459454849468
7.0,5.0,0.6812920690579611,1.0,0.05,4.909709020267733,2.386180071,4.909709020267733
7.0,5.0,0.6812920690579611,2.0,0.1,3.6755728093607636,2.010260724,3.6755728093607636
7.0,6.0,1.0,0.0,0.01,7.7128503012230585,2.0561794349999998,7.7128503012230585
7.0,6.0,1.0,1.0,0.05,5.4545377472800505,2.41749708,5.4545377472800505
7.0,6.0,1.0,2.0,0.1,4.333368775401041,2.07855479,4.333368775401041
7.0,7.0,1.467799267622069,0.0,0.01,7.910822001869023,1.653054602,7.910822001869023
7.0,7.0,1.467799267622069,1.0,0.05,6.004264326237397,2.355562859,6.004264326237397
7.0,7.0,1.467799267622069,2.0,0.1,4.959762487987501,2.159080704,4.959762487987501
7.0,8.0,2.1544346900318834,0.0,0.01,7.910901698617423,1.599136885,7.910901698617423
7.0,8.0,2.1544346900318834,1.0,0.05,6.553709009567078,2.375090562,6.553709009567078
7.0,8.0,2.1544346900318834,2.0,0.1,5.472078248923921,2.243851127,5.472078248923921
7.0,9.0,3.1622776601683795,0.0,0.01,7.910840590228937,1.50114804,7.910840590228937
7.0,9.0,3.1622776601683795,1.0,0.05,7.017194247194265,2.115193065,7.017194247194265
7.0,9.0,3.1622776601683795,2.0,0.1,6.033234707328253,2.337963066,6.033234707328253
7.0,10.0,4.6415888336127775,0.0,0.01,7.910830586199486,1.563737551,7.910830586199486
7.0,10.0,4.6415888336127775,1.0,0.05,7.573037169366775,2.050131518,7.573037169366775
7.0,10.0,4.6415888336127775,2.0,0.1,6.576812716836571,2.397399776,6.576812716836571
7.0,11.0,6.812920690579611,0.0,0.01,7.910828905198339,1.556229664,7.910828905198339
7.0,11.0,6.812920690579611,1.0,0.05,7.910816791993437,1.4075999399999999,7.910816791993437
7.0,11.0,6.812920690579611,2.0,0.1,7.069775290984035,2.39311061,7.069775290984035
7.0,12.0,10.0,0.0,0.01,7.910979599687222,1.373060217,7.910979599687222
7.0,12.0,10.0,1.0,0.05,7.91082947282001,1.391178845,7.91082947282001
7.0,12.0,10.0,2.0,0.1,7.642199767314356,2.107680174,7.642199767314356
8.0,0.0,9.999999999999999e-06,0.0,0.01,0.6775568474946218,3.5816678250000002,0.6775568474946218
8.0,0.0,9.999999999999999e-06,1.0,0.05,0.6264524627184629,3.469357306,0.6264524627184629
8.0,1.0,3.414548873833601e-05,0.0,0.01,0.6799614165488342,3.316288231,0.6799614165488342
8.0,1.0,3.414548873833601e-05,1.0,0.05,0.6269362222754504,3.343743149,0.6269362222754504
8.0,2.0,0.00011659144011798311,0.0,0.01,0.6863315312101128,2.603616323,0.6863315312101128
8.0,2.0,0.00011659144011798311,1.0,0.05,0.6285844882697785,3.512922225,0.6285844882697785
8.0,3.0,0.00039810717055349735,0.0,0.01,0.707272485934876,2.625370833,0.707272485934876
8.0,3.0,0.00039810717055349735,1.0,0.05,0.6331599446417072,2.915228221,0.6331599446417072
8.0,0.0,0.001,0.0,0.01,0.7512239150676834,2.625582631,0.7512239150676834
8.0,0.0,0.001,1.0,0.05,0.6421965085088381,2.642115286,0.6421965085088381
8.0,1.0,0.002187761623949552,0.0,0.01,0.8318024754164943,2.598798144,0.8318024754164943
8.0,1.0,0.002187761623949552,1.0,0.05,0.6598104197908861,2.745238054,0.6598104197908861
8.0,2.0,0.00478630092322638,0.0,0.01,0.9932926727462749,2.779340294,0.9932926727462749
8.0,2.0,0.00478630092322638,1.0,0.05,0.6976978231628567,2.65534122,0.6976978231628567
8.0,3.0,0.010471285480508996,0.0,0.01,1.3057965476950242,2.694722838,1.3057965476950242
8.0,3.0,0.010471285480508996,1.0,0.05,0.7747645738480169,2.421723665,0.7747645738480169
8.0,4.0,0.022908676527677724,0.0,0.01,1.886734668746868,3.124406542,1.886734668746868
8.0,4.0,0.022908676527677724,1.0,0.05,0.9290129922443278,2.4322257560000002,0.9290129922443278
8.0,5.0,0.05011872336272722,0.0,0.01,2.813139922073449,3.007708976,2.813139922073449
8.0,5.0,0.05011872336272722,1.0,0.05,1.2285644489240173,2.625426639,1.2285644489240173
8.0,0.0,0.1,0.0,0.01,3.762151993265033,3.07387419,3.762151993265033
8.0,0.0,0.1,1.0,0.05,1.7058797873358382,3.27288771,1.7058797873358382
8.0,0.0,0.1,2.0,0.1,1.1977685954303618,2.123140661,1.1977685954303618
8.0,1.0,0.14677992676220694,0.0,0.01,4.2334981960724445,3.245316587,4.2334981960724445
8.0,1.0,0.14677992676220694,1.0,0.05,2.0828759046974263,3.308706912,2.0828759046974263
8.0,1.0,0.14677992676220694,2.0,0.1,1.431233863759352,2.7575880440000002,1.431233863759352
8.0,2.0,0.21544346900318834,0.0,0.01,4.61535880537069,3.075597043,4.61535880537069
8.0,2.0,0.21544346900318834,1.0,0.05,2.541502192879793,2.923950582,2.541502192879793
8.0,2.0,0.21544346900318834,2.0,0.1,1.7372070745237391,3.152931849,1.7372070745237391
8.0,3.0,0.31622776601683794,0.0,0.01,5.057478948281279,3.03166862,5.057478948281279
8.0,3.0,0.31622776601683794,1.0,0.05,3.0592903091427637,2.704363483,3.0592903091427637
8.0,3.0,0.31622776601683794,2.0,0.1,2.125738707651335,3.061279215,2.125738707651335
8.0,4.0,0.46415888336127786,0.0,0.01,5.459665772276809,2.639241146,5.459665772276809
8.0,4.0,0.46415888336127786,1.0,0.05,3.5773538347060745,3.112320329,3.5773538347060745
8.0,4.0,0.46415888336127786,2.0,0.1,2.593635269466224,2.72297489,2.593635269466224
8.0,5.0,0.6812920690579611,0.0,0.01,5.817689176849268,3.055997341,5.817689176849268
8.0,5.0,0.6812920690579611,1.0,0.05,4.059166984359508,2.705064391,4.059166984359508
8.0,5.0,0.6812920690579611,2.0,0.1,3.112187889101246,2.411518307,3.112187889101246
8.0,6.0,1.0,0.0,0.01,6.2436961755865585,2.959738931,6.2436961755865585
8.0,6.0,1.0,1.0,0.05,4.452999414685844,3.103509705,4.452999414685844
8.0,6.0,1.0,2.0,0.1,3.6170429248604057,2.81287315,3.6170429248604057
8.0,7.0,1.467799267622069,0.0,0.01,6.454184393338962,2.25893602,6.454184393338962
8.0,7.0,1.467799267622069,1.0,0.05,4.88243238819997,3.155869969,4.88243238819997
8.0,7.0,1.467799267622069,2.0,0.1,4.079195815723839,2.980303337,4.079195815723839
8.0,8.0,2.1544346900318834,0.0,0.01,6.454182692165378,2.088147797,6.454182692165378
8.0,8.0,2.1544346900318834,1.0,0.05,5.310168257538188,3.14859303,5.310168257538188
8.0,8.0,2.1544346900318834,2.0,0.1,4.459758646741311,3.001429746,4.459758646741311
8.0,9.0,3.1622776601683795,0.0,0.01,6.4541468282085095,2.181399984,6.4541468282085095
8.0,9.0,3.1622776601683795,1.0,0.05,5.678173594390566,2.678035858,5.678173594390566
8.0,9.0,3.1622776601683795,2.0,0.1,4.900517139139996,3.429844402,4.900517139139996
8.0,10.0,4.6415888336127775,0.0,0.01,6.454344156753144,2.047637012,6.454344156753144
8.0,10.0,4.6415888336127775,1.0,0.05,6.130488229588548,2.772171293,6.130488229588548
8.0,10.0,4.6415888336127775,2.0,0.1,5.330018978141276,3.254467682,5.330018978141276
8.0,11.0,6.812920690579611,0.0,0.01,6.454251053314847,2.311949968,6.454251053314847
8.0,11.0,6.812920690579611,1.0,0.05,6.454140947689088,2.003053656,6.454140947689088
8.0,11.0,6.812920690579611,2.0,0.1,5.7227801155009965,2.904756149,5.7227801155009965
8.0,12.0,10.0,0.0,0.01,6.454134348528375,2.072764576,6.454134348528375
8.0,12.0,10.0,1.0,0.05,6.454144904586626,1.7362102369999999,6.454144904586626
8.0,12.0,10.0,2.0,0.1,6.190300477192755,3.012123635,6.190300477192755
9.0,0.0,9.999999999999999e-06,0.0,0.01,0.5139776649419237,6.680283779,0.5139776649419237
9.0,0.0,9.999999999999999e-06,1.0,0.05,0.47564676709035325,5.181061599,0.47564676709035325
9.0,1.0,3.414548873833601e-05,0.0,0.01,0.516053234553046,4.23400661,0.516053234553046
9.0,1.0,3.414548873833601e-05,1.0,0.05,0.4761280666527814,5.681214875,0.4761280666527814
9.0,2.0,0.00011659144011798311,0.0,0.01,0.5222548481698659,4.055827402,0.5222548481698659
9.0,2.0,0.00011659144011798311,1.0,0.05,0.47767616539877367,4.257321109,0.47767616539877367
9.0,3.0,0.00039810717055349735,0.0,0.01,0.5431045394436226,4.189559366,0.5431045394436226
9.0,3.0,0.00039810717055349735,1.0,0.05,0.4819873435480176,3.905425576,0.4819873435480176
9.0,0.0,0.001,0.0,0.01,0.5858024090456422,3.322644613,0.5858024090456422
9.0,0.0,0.001,1.0,0.05,0.49094711337849056,3.206224514,0.49094711337849056
9.0,1.0,0.002187761623949552,0.0,0.01,0.663114997253176,3.7176896189999997,0.663114997253176
9.0,1.0,0.002187761623949552,1.0,0.05,0.5084645237775646,3.214664299,0.5084645237775646
9.0,2.0,0.00478630092322638,0.0,0.01,0.8153816077587256,3.500685876,0.8153816077587256
9.0,2.0,0.00478630092322638,1.0,0.05,0.5450965245073288,3.187364721,0.5450965245073288
9.0,3.0,0.010471285480508996,0.0,0.01,1.1077085186522606,3.632578821,1.1077085186522606
9.0,3.0,0.010471285480508996,1.0,0.05,0.6192163118171948,3.070968952,0.6192163118171948
9.0,4.0,0.022908676527677724,0.0,0.01,1.6321921540903512,4.024257845,1.6321921540903512
9.0,4.0,0.022908676527677724,1.0,0.05,0.7649917905039246,3.196692803,0.7649917905039246
9.0,5.0,0.05011872336272722,0.0,0.01,2.432763249819312,3.7175247110000003,2.432763249819312
9.0,5.0,0.05011872336272722,1.0,0.05,1.0443066127267484,4.2050774220000005,1.0443066127267484
9.0,0.0,0.1,0.0,0.01,3.17890862345678,4.113229849,3.17890862345678
9.0,0.0,0.1,1.0,0.05,1.4743162212339544,4.055705698,1.4743162212339544
9.0,0.0,0.1,2.0,0.1,1.0214858720509001,3.83280216,1.0214858720509001
9.0,1.0,0.14677992676220694,0.0,0.01,3.5329560787025165,3.981119339,3.5329560787025165
9.0,1.0,0.14677992676220694,1.0,0.05,1.8076454490031724,3.8745020930000003,1.8076454490031724
9.0,1.0,0.14677992676220694,2.0,0.1,1.2332839947114957,3.9346023519999997,1.2332839947114957
9.0,2.0,0.21544346900318834,0.0,0.01,3.8298599516202962,4.482479613,3.8298599516202962
9.0,2.0,0.21544346900318834,1.0,0.05,2.2010794083033747,3.558793126,2.2010794083033747
9.0,2.0,0.21544346900318834,2.0,0.1,1.5072093555340105,3.746810217,1.5072093555340105
9.0,3.0,0.31622776601683794,0.0,0.01,4.1855815942790855,4.070471506,4.1855815942790855
9.0,3.0,0.31622776601683794,1.0,0.05,2.624952170959505,3.7127183710000002,2.624952170959505
9.0,3.0,0.31622776601683794,2.0,0.1,1.8480089129490025,4.018208285,1.8480089129490025
9.0,4.0,0.46415888336127786,0.0,0.01,4.508243577192721,4.082689473,4.508243577192721
9.0,4.0,0.46415888336127786,1.0,0.05,3.0274400932984507,4.049438396,3.0274400932984507
9.0,4.0,0.46415888336127786,2.0,0.1,2.2455010692749475,4.438382497,2.2455010692749475
9.0,5.0,0.6812920690579611,0.0,0.01,4.802956897660535,3.9513200619999997,4.802956897660535
9.0,5.0,0.6812920690579611,1.0,0.05,3.3942941290785105,3.690262761,3.3942941290785105
9.0,5.0,0.6812920690579611,2.0,0.1,2.663951126494897,3.651585092,2.663951126494897
9.0,6.0,1.0,0.0,0.01,5.158677084222122,3.687461366,5.158677084222122
9.0,6.0,1.0,1.0,0.05,3.6969232688495857,3.866504871,3.6969232688495857
9.0,6.0,1.0,2.0,0.1,3.051786037676502,3.744105468,3.051786037676502
9.0,7.0,1.467799267622069,0.0,0.01,5.367160759971008,3.078892418,5.367160759971008
9.0,7.0,1.467799267622069,1.0,0.05,4.042407701169652,4.19887357,4.042407701169652
9.0,7.0,1.467799267622069,2.0,0.1,3.400799970732453,3.9025340120000003,3.400799970732453
9.0,8.0,2.1544346900318834,0.0,0.01,5.367406791921665,2.778314777,5.367406791921665
9.0,8.0,2.1544346900318834,1.0,0.05,4.387445473224309,3.678877946,4.387445473224309
9.0,8.0,2.1544346900318834,2.0,0.1,3.6977373139790353,3.732600614,3.6977373139790353
9.0,9.0,3.1622776601683795,0.0,0.01,5.367231767183739,2.888973882,5.367231767183739
9.0,9.0,3.1622776601683795,1.0,0.05,4.689104784848411,3.537995198,4.689104784848411
9.0,9.0,3.1622776601683795,2.0,0.1,4.054426593863489,4.181990654,4.054426593863489
9.0,10.0,4.6415888336127775,0.0,0.01,5.3672151514942925,2.866828697,5.3672151514942925
9.0,10.0,4.6415888336127775,1.0,0.05,5.064975847466196,3.798071813,5.064975847466196
9.0,10.0,4.6415888336127775,2.0,0.1,4.40484126304759,3.6484040699999998,4.40484126304759
9.0,11.0,6.812920690579611,0.0,0.01,5.367141820761122,2.7571215540000003,5.367141820761122
9.0,11.0,6.812920690579611,1.0,0.05,5.367127944694214,2.770658138,5.367127944694214
9.0,11.0,6.812920690579611,2.0,0.1,4.727442877582222,3.844647321,4.727442877582222
9.0,12.0,10.0,0.0,0.01,5.367241660721598,2.748475432,5.367241660721598
9.0,12.0,10.0,1.0,0.05,5.367116995912078,2.461360626,5.367116995912078
9.0,12.0,10.0,2.0,0.1,5.116819363347345,3.717954476,5.116819363347345
10.0,0.0,9.999999999999999e-06,0.0,0.01,0.39808456126200353,5.320709531,0.39808456126200353
10.0,0.0,9.999999999999999e-06,1.0,0.05,0.3671667528839635,8.307290833,0.3671667528839635
10.0,1.0,3.414548873833601e-05,0.0,0.01,0.39993927931377576,4.673500812,0.39993927931377576
10.0,1.0,3.414548873833601e-05,1.0,0.05,0.3676469664939918,6.179457949,0.3676469664939918
10.0,2.0,0.00011659144011798311,0.0,0.01,0.4061258260856101,4.083515542,0.4061258260856101
10.0,2.0,0.00011659144011798311,1.0,0.05,0.3690438663250634,4.458964778,0.3690438663250634
10.0,3.0,0.00039810717055349735,0.0,0.01,0.4268090482312716,5.025171694,0.4268090482312716
10.0,3.0,0.00039810717055349735,1.0,0.05,0.3732734565649401,5.077650343,0.3732734565649401
10.0,0.0,0.001,0.0,0.01,0.4680135601202829,4.430267785,0.4680135601202829
10.0,0.0,0.001,1.0,0.05,0.3821913325050417,3.891033943,0.3821913325050417
10.0,1.0,0.002187761623949552,0.0,0.01,0.5420031053575731,4.539003949,0.5420031053575731
10.0,1.0,0.002187761623949552,1.0,0.05,0.3995044014473174,4.143456579,0.3995044014473174
10.0,2.0,0.00478630092322638,0.0,0.01,0.6854474278461404,4.770854545,0.6854474278461404
10.0,2.0,0.00478630092322638,1.0,0.05,0.4348387599095981,4.009816391,0.4348387599095981
10.0,3.0,0.010471285480508996,0.0,0.01,0.9576634113888329,4.7094362929999996,0.9576634113888329
10.0,3.0,0.010471285480508996,1.0,0.05,0.5058957235768389,4.198743032,0.5058957235768389
10.0,4.0,0.022908676527677724,0.0,0.01,1.4316553827310994,5.091860361,1.4316553827310994
10.0,4.0,0.022908676527677724,1.0,0.05,0.643598943232671,4.181559608,0.643598943232671
10.0,5.0,0.05011872336272722,0.0,0.01,2.1226504154384815,4.856621547,2.1226504154384815
10.0,5.0,0.05011872336272722,1.0,0.05,0.9038892356103838,6.119103385,0.9038892356103838
10.0,0.0,0.1,0.0,0.01,2.71211074499546,5.712314653,2.71211074499546
10.0,0.0,0.1,1.0,0.05,1.2927676457128827,4.731940917,1.2927676457128827
10.0,0.0,0.1,2.0,0.1,0.8869522791812344,5.791536332,0.8869522791812344
10.0,1.0,0.14677992676220694,0.0,0.01,2.984807909694941,4.828663523,2.984807909694941
10.0,1.0,0.14677992676220694,1.0,0.05,1.5875715526054144,4.711746951,1.5875715526054144
10.0,1.0,0.14677992676220694,2.0,0.1,1.0796534040508774,4.897914233,1.0796534040508774
10.0,2.0,0.21544346900318834,0.0,0.01,3.224412613825307,5.254528606,3.224412613825307
10.0,2.0,0.21544346900318834,1.0,0.05,1.9243563211609997,4.7006124830000005,1.9243563211609997
10.0,2.0,0.21544346900318834,2.0,0.1,1.3254503997453873,4.648998522,1.3254503997453873
10.0,3.0,0.31622776601683794,0.0,0.01,3.517816841429247,4.830120398,3.517816841429247
10.0,3.0,0.31622776601683794,1.0,0.05,2.2714225164971453,5.061537224,2.2714225164971453
10.0,3.0,0.31622776601683794,2.0,0.1,1.6248965364000676,5.02856577,1.6248965364000676
10.0,4.0,0.46415888336127786,0.0,0.01,3.7858721041457266,4.903222388,3.7858721041457266
10.0,4.0,0.46415888336127786,1.0,0.05,2.5863353831974534,4.8500683030000005,2.5863353831974534
10.0,4.0,0.46415888336127786,2.0,0.1,1.9631191727084965,4.557597536,1.9631191727084965
10.0,5.0,0.6812920690579611,0.0,0.01,4.033572877144075,4.314115119,4.033572877144075
10.0,5.0,0.6812920690579611,1.0,0.05,2.872031123806534,5.033667782,2.872031123806534
10.0,5.0,0.6812920690579611,2.0,0.1,2.3018520755403262,4.49767132,2.3018520755403262
10.0,6.0,1.0,0.0,0.01,4.335027807530041,4.420086094,4.335027807530041
10.0,6.0,1.0,1.0,0.05,3.11458082126045,4.798120276,3.11458082126045
10.0,6.0,1.0,2.0,0.1,2.6022349853338747,4.630187533,2.6022349853338747
10.0,7.0,1.467799267622069,0.0,0.01,4.534443412890183,3.660437606,4.534443412890183
10.0,7.0,1.467799267622069,1.0,0.05,3.3995526275059125,4.772646941,3.3995526275059125
10.0,7.0,1.467799267622069,2.0,0.1,2.8724719680329627,4.525086722,2.8724719680329627
10.0,8.0,2.1544346900318834,0.0,0.01,4.534383020383667,3.7427674939999998,4.534383020383667
10.0,8.0,2.1544346900318834,1.0,0.05,3.6853938286291714,4.387137549,3.6853938286291714
10.0,8.0,2.1544346900318834,2.0,0.1,3.112698400348113,5.087183381,3.112698400348113
10.0,9.0,3.1622776601683795,0.0,0.01,4.534426550041385,3.553004223,4.534426550041385
10.0,9.0,3.1622776601683795,1.0,0.05,3.938420176010148,4.619117118,3.938420176010148
10.0,9.0,3.1622776601683795,2.0,0.1,3.408101173294945,4.673036811,3.408101173294945
10.0,10.0,4.6415888336127775,0.0,0.01,4.5344401084298305,3.834021956,4.5344401084298305
10.0,10.0,4.6415888336127775,1.0,0.05,4.256112706202254,4.410218016,4.256112706202254
10.0,10.0,4.6415888336127775,2.0,0.1,3.700856858528909,3.997856419,3.700856858528909
10.0,11.0,6.812920690579611,0.0,0.01,4.534377057571328,3.352414083,4.534377057571328
10.0,11.0,6.812920690579611,1.0,0.05,4.534349709137431,3.32337127,4.534349709137431
10.0,11.0,6.812920690579611,2.0,0.1,3.9716497412525573,4.817489911,3.9716497412525573
10.0,12.0,10.0,0.0,0.01,4.534594669502014,3.476974221,4.534594669502014
10.0,12.0,10.0,1.0,0.05,4.534357435377978,3.062405703,4.534357435377978
10.0,12.0,10.0,2.0,0.1,4.301229234387752,4.980448115,4.301229234387752
11.0,0.0,9.999999999999999e-06,0.0,0.01,0.3146135841616283,6.555918941,0.3146135841616283
11.0,0.0,9.999999999999999e-06,1.0,0.05,0.29070438317757363,6.612562877,0.29070438317757363
11.0,1.0,3.414548873833601e-05,0.0,0.01,0.3164061901810996,5.189950099,0.3164061901810996
11.0,1.0,3.414548873833601e-05,1.0,0.05,0.2911816857582745,5.774312951,0.2911816857582745
11.0,2.0,0.00011659144011798311,0.0,0.01,0.3225338801713337,5.29998213,0.3225338801713337
11.0,2.0,0.00011659144011798311,1.0,0.05,0.29246745927938944,5.507649118,0.29246745927938944
11.0,3.0,0.00039810717055349735,0.0,0.01,0.342958839331585,6.220535056,0.342958839331585
11.0,3.0,0.00039810717055349735,1.0,0.05,0.2966620299292292,5.20127236,0.2966620299292292
11.0,0.0,0.001,0.0,0.01,0.3828423941663578,5.805214865,0.3828423941663578
11.0,0.0,0.001,1.0,0.05,0.30553970188949836,5.223910868,0.30553970188949836
11.0,1.0,0.002187761623949552,0.0,0.01,0.4535130276777534,5.904923261,0.4535130276777534
11.0,1.0,0.002187761623949552,1.0,0.05,0.3223729596795475,5.03437021,0.3223729596795475
11.0,2.0,0.00478630092322638,0.0,0.01,0.5887545327032809,6.33011678,0.5887545327032809
11.0,2.0,0.00478630092322638,1.0,0.05,0.3565372860898465,5.144548677,0.3565372860898465
11.0,3.0,0.010471285480508996,0.0,0.01,0.8413144785009421,6.076927469,0.8413144785009421
11.0,3.0,0.010471285480508996,1.0,0.05,0.4241205588267994,5.182690403,0.4241205588267994
11.0,4.0,0.022908676527677724,0.0,0.01,1.2701206645106236,6.779945925,1.2701206645106236
11.0,4.0,0.022908676527677724,1.0,0.05,0.5533221250634839,5.645283706,0.5533221250634839
11.0,5.0,0.05011872336272722,0.0,0.01,1.8637295009646182,6.440712721,1.8637295009646182
11.0,5.0,0.05011872336272722,1.0,0.05,0.7942803253928078,11.231891126,0.7942803253928078
11.0,0.0,0.1,0.0,0.01,2.33570933304471,6.526867223,2.33570933304471
11.0,0.0,0.1,1.0,0.05,1.1471848341137072,6.29556217,1.1471848341137072
11.0,0.0,0.1,2.0,0.1,0.7818425584927725,6.824731374,0.7818425584927725
11.0,1.0,0.14677992676220694,0.0,0.01,2.5510108778505503,5.858242506,2.5510108778505503
11.0,1.0,0.14677992676220694,1.0,0.05,1.4073780948022259,6.093720683,1.4073780948022259
11.0,1.0,0.14677992676220694,2.0,0.1,0.9576088660608331,6.062932427,0.9576088660608331
11.0,2.0,0.21544346900318834,0.0,0.01,2.7498738628634394,5.874239286,2.7498738628634394
11.0,2.0,0.21544346900318834,1.0,0.05,1.6957261953875216,6.394002976,1.6957261953875216
11.0,2.0,0.21544346900318834,2.0,0.1,1.1786020340481917,5.726975496,1.1786020340481917
11.0,3.0,0.31622776601683794,0.0,0.01,2.996887939146599,6.038519911,2.996887939146599
11.0,3.0,0.31622776601683794,1.0,0.05,1.9805147892958346,6.558643425,1.9805147892958346
11.0,3.0,0.31622776601683794,2.0,0.1,1.4413633519213085,5.830048791,1.4413633519213085
11.0,4.0,0.46415888336127786,0.0,0.01,3.2245929611902926,6.278085995,3.2245929611902926
11.0,4.0,0.46415888336127786,1.0,0.05,2.2298941215693313,5.892361578,2.2298941215693313
11.0,4.0,0.46415888336127786,2.0,0.1,1.7280367346847332,5.807094543,1.7280367346847332
11.0,5.0,0.6812920690579611,0.0,0.01,3.436154724442498,5.6846139220000005,3.436154724442498
11.0,5.0,0.6812920690579611,1.0,0.05,2.458785562817481,6.172509025,2.458785562817481
11.0,5.0,0.6812920690579611,2.0,0.1,2.0021640361801305,6.000019881,2.0021640361801305
11.0,6.0,1.0,0.0,0.01,3.6950183153742593,5.532759021,3.6950183153742593
11.0,6.0,1.0,1.0,0.05,2.657961325026891,6.266477471,2.657961325026891
11.0,6.0,1.0,2.0,0.1,2.241447414825889,5.855843199,2.241447414825889
11.0,7.0,1.467799267622069,0.0,0.01,3.8824892844380385,4.58583229,3.8824892844380385
11.0,7.0,1.467799267622069,1.0,0.05,2.897835683301579,5.923388398,2.897835683301579
11.0,7.0,1.467799267622069,2.0,0.1,2.4559837591195914,5.945147704,2.4559837591195914
11.0,8.0,2.1544346900318834,0.0,0.01,3.882302105281501,4.477682388,3.882302105281501
11.0,8.0,2.1544346900318834,1.0,0.05,3.1395005688312527,5.138408382,3.1395005688312527
11.0,8.0,2.1544346900318834,2.0,0.1,2.655127261858839,6.248786551,2.655127261858839
11.0,9.0,3.1622776601683795,0.0,0.01,3.8823003139565193,4.258121257,3.8823003139565193
11.0,9.0,3.1622776601683795,1.0,0.05,3.355410359956698,6.17713433,3.355410359956698
11.0,9.0,3.1622776601683795,2.0,0.1,2.9041111581223453,5.934204768,2.9041111581223453
11.0,10.0,4.6415888336127775,0.0,0.01,3.882363033976286,4.250288395,3.882363033976286
11.0,10.0,4.6415888336127775,1.0,0.05,3.6276889614017263,5.856499153,3.6276889614017263
11.0,10.0,4.6415888336127775,2.0,0.1,3.1532906331278565,5.546201369,3.1532906331278565
11.0,11.0,6.812920690579611,0.0,0.01,3.88225773553993,4.781934669,3.88225773553993
11.0,11.0,6.812920690579611,1.0,0.05,3.8822042895536013,4.478398203,3.8822042895536013
11.0,11.0,6.812920690579611,2.0,0.1,3.3844006175706016,5.608209335,3.3844006175706016
11.0,12.0,10.0,0.0,0.01,3.8822363084293965,4.462682264,3.8822363084293965
11.0,12.0,10.0,1.0,0.05,3.882204416484072,3.6681793259999997,3.882204416484072
11.0,12.0,10.0,2.0,0.1,3.6671489978966387,5.927946905,3.6671489978966387
12.0,0.0,9.999999999999999e-06,0.0,0.01,0.25322338278982515,6.640834763,0.25322338278982515
12.0,0.0,9.999999999999999e-06,1.0,0.05,0.23399334972096494,8.460623446,0.23399334972096494
12.0,1.0,3.414548873833601e-05,0.0,0.01,0.2550664233748367,6.755527763,0.2550664233748367
12.0,1.0,3.414548873833601e-05,1.0,0.05,0.2344287742385613,6.370755792,0.2344287742385613
12.0,2.0,0.00011659144011798311,0.0,0.01,0.2611434154227728,6.574088855,0.2611434154227728
12.0,2.0,0.00011659144011798311,1.0,0.05,0.2356833581047335,7.426788003,0.2356833581047335
12.0,3.0,0.00039810717055349735,0.0,0.01,0.28105159568020865,7.4803088429999995,0.28105159568020865
12.0,3.0,0.00039810717055349735,1.0,0.05,0.23985896691836053,6.981073495,0.23985896691836053
12.0,0.0,0.001,0.0,0.01,0.31972272405216995,8.836023512,0.31972272405216995
12.0,0.0,0.001,1.0,0.05,0.2486803538693791,6.37490886,0.2486803538693791
12.0,1.0,0.002187761623949552,0.0,0.01,0.3873061013591114,7.744367318,0.3873061013591114
12.0,1.0,0.002187761623949552,1.0,0.05,0.2650135909312478,6.54192394,0.2650135909312478
12.0,2.0,0.00478630092322638,0.0,0.01,0.5151460197223624,7.160832251,0.5151460197223624
12.0,2.0,0.00478630092322638,1.0,0.05,0.2981533647601877,6.140991622,0.2981533647601877
12.0,3.0,0.010471285480508996,0.0,0.01,0.7491898041933822,7.801481763,0.7491898041933822
12.0,3.0,0.010471285480508996,1.0,0.05,0.36271341188345,6.602750402,0.36271341188345
12.0,4.0,0.022908676527677724,0.0,0.01,1.1371051793009124,8.628576452,1.1371051793009124
12.0,4.0,0.022908676527677724,1.0,0.05,0.48487084886134485,7.960324468,0.48487084886134485
12.0,5.0,0.05011872336272722,0.0,0.01,1.6454577475034438,8.614904251,1.6454577475034438
12.0,5.0,0.05011872336272722,1.0,0.05,0.7086148970025457,8.891753587,0.7086148970025457
12.0,0.0,0.1,0.0,0.01,2.0291488710701815,8.120119804,2.0291488710701815
12.0,0.0,0.1,1.0,0.05,1.0283822022935272,8.683248392,1.0283822022935272
12.0,0.0,0.1,2.0,0.1,0.6981424862159079,8.629947328,0.6981424862159079
12.0,1.0,0.14677992676220694,0.0,0.01,2.2033511314683736,7.905988199,2.2033511314683736
12.0,1.0,0.14677992676220694,1.0,0.05,1.2570476014319902,8.091736438,1.2570476014319902
12.0,1.0,0.14677992676220694,2.0,0.1,0.8588445490779538,7.417384095,0.8588445490779538
12.0,2.0,0.21544346900318834,0.0,0.01,2.371816318137482,7.909464677,2.371816318137482
12.0,2.0,0.21544346900318834,1.0,0.05,1.5040639987863949,8.371996852,1.5040639987863949
12.0,2.0,0.21544346900318834,2.0,0.1,1.0572284891398613,7.498524283,1.0572284891398613
12.0,3.0,0.31622776601683794,0.0,0.01,2.58309669000929,7.721751064,2.58309669000929
12.0,3.0,0.31622776601683794,1.0,0.05,1.7385458702506214,9.065878861,1.7385458702506214
12.0,3.0,0.31622776601683794,2.0,0.1,1.2871334480622596,7.484395632,1.2871334480622596
12.0,4.0,0.46415888336127786,0.0,0.01,2.7801581621277394,7.855226528,2.7801581621277394
12.0,4.0,0.46415888336127786,1.0,0.05,1.9393147563683455,8.059996892,1.9393147563683455
12.0,4.0,0.46415888336127786,2.0,0.1,1.5292433365084106,8.42755532,1.5292433365084106
12.0,5.0,0.6812920690579611,0.0,0.01,2.9631269957555992,7.791731043,2.9631269957555992
12.0,5.0,0.6812920690579611,1.0,0.05,2.1267100823995366,7.9014625899999995,2.1267100823995366
12.0,5.0,0.6812920690579611,2.0,0.1,1.7524461277973602,8.354719541,1.7524461277973602
12.0,6.0,1.0,0.0,0.01,3.1880082757007053,8.20318998,3.1880082757007053
12.0,6.0,1.0,1.0,0.05,2.2941070109877986,7.905879094,2.2941070109877986
12.0,6.0,1.0,2.0,0.1,1.9481156662733874,7.5567783859999995,1.9481156662733874
12.0,7.0,1.467799267622069,0.0,0.01,3.361918712489036,6.175361236,3.361918712489036
12.0,7.0,1.467799267622069,1.0,0.05,2.4992667770475148,7.611102079,2.4992667770475148
12.0,7.0,1.467799267622069,2.0,0.1,2.122418228562595,8.149978971,2.122418228562595
12.0,8.0,2.1544346900318834,0.0,0.01,3.3619682654852934,5.926438707,3.3619682654852934
12.0,8.0,2.1544346900318834,1.0,0.05,2.706856891386358,7.39362498,2.706856891386358
12.0,8.0,2.1544346900318834,2.0,0.1,2.2909422101258667,8.113435901,2.2909422101258667
12.0,9.0,3.1622776601683795,0.0,0.01,3.3619022363306055,5.904205059,3.3619022363306055
12.0,9.0,3.1622776601683795,1.0,0.05,2.8936216712674145,7.779028473,2.8936216712674145
12.0,9.0,3.1622776601683795,2.0,0.1,2.5039818152560462,7.15250077,2.5039818152560462
12.0,10.0,4.6415888336127775,0.0,0.01,3.361932898789148,6.251012897,3.361932898789148
12.0,10.0,4.6415888336127775,1.0,0.05,3.12969520631821,7.310540566,3.12969520631821
12.0,10.0,4.6415888336127775,2.0,0.1,2.71919541864021,7.046307611,2.71919541864021
12.0,11.0,6.812920690579611,0.0,0.01,3.3621756643031735,6.015074599,3.3621756643031735
12.0,11.0,6.812920690579611,1.0,0.05,3.3618764515851765,5.842626987,3.3618764515851765
12.0,11.0,6.812920690579611,2.0,0.1,2.9190997474782567,7.48771912,2.9190997474782567
12.0,12.0,10.0,0.0,0.01,3.3621054492958278,5.767724022,3.3621054492958278
12.0,12.0,10.0,1.0,0.05,3.3618816433228664,6.092252867,3.3618816433228664
12.0,12.0,10.0,2.0,0.1,3.1644262453158247,7.2199209,3.1644262453158247
13.0,0.0,9.999999999999999e-06,0.0,0.01,0.20712378329718234,7.88096346,0.20712378329718234
13.0,0.0,9.999999999999999e-06,1.0,0.05,0.19084271707872716,10.118488815,0.19084271707872716
13.0,1.0,3.414548873833601e-05,0.0,0.01,0.2088947478215181,8.397452943,0.2088947478215181
13.0,1.0,3.414548873833601e-05,1.0,0.05,0.191248145154418,9.514372153,0.191248145154418
13.0,2.0,0.00011659144011798311,0.0,0.01,0.21499539954881483,8.445937419,0.21499539954881483
13.0,2.0,0.00011659144011798311,1.0,0.05,0.19248620085400275,8.999565882,0.19248620085400275
13.0,3.0,0.00039810717055349735,0.0,0.01,0.2343941822619432,9.023069669,0.2343941822619432
13.0,3.0,0.00039810717055349735,1.0,0.05,0.1966518533747072,7.328907429,0.1966518533747072
13.0,0.0,0.001,0.0,0.01,0.2718499203575928,9.723454715,0.2718499203575928
13.0,0.0,0.001,1.0,0.05,0.2053212266577315,8.165338187,0.2053212266577315
13.0,1.0,0.002187761623949552,0.0,0.01,0.33641314560293084,9.333103054,0.33641314560293084
13.0,1.0,0.002187761623949552,1.0,0.05,0.22126973339622555,8.062179588,0.22126973339622555
13.0,2.0,0.00478630092322638,0.0,0.01,0.4574551055609205,10.370814559,0.4574551055609205
13.0,2.0,0.00478630092322638,1.0,0.05,0.2533748582773322,7.66516475,0.2533748582773322
13.0,3.0,0.010471285480508996,0.0,0.01,0.6746527391816554,10.376314656,0.6746527391816554
13.0,3.0,0.010471285480508996,1.0,0.05,0.3150654144114102,8.537998587,0.3150654144114102
13.0,4.0,0.022908676527677724,0.0,0.01,1.025478136383561,10.64555598,1.025478136383561
13.0,4.0,0.022908676527677724,1.0,0.05,0.43063562760450913,10.957597531,0.43063562760450913
13.0,5.0,0.05011872336272722,0.0,0.01,1.4604153933291,12.069815383,1.4604153933291
13.0,5.0,0.05011872336272722,1.0,0.05,0.6388350902826904,11.294392984,0.6388350902826904
13.0,0.0,0.1,0.0,0.01,1.7772347769129597,10.398701142,1.7772347769129597
13.0,0.0,0.1,1.0,0.05,0.9294365261063042,10.402255783,0.9294365261063042
13.0,0.0,0.1,2.0,0.1,0.6299339624268171,11.833746014,0.6299339624268171
13.0,1.0,0.14677992676220694,0.0,0.01,1.921260395446067,10.256416498,1.921260395446067
13.0,1.0,0.14677992676220694,1.0,0.05,1.1304588857895028,10.580515183,1.1304588857895028
13.0,1.0,0.14677992676220694,2.0,0.1,0.7768442167249509,9.466158010000001,0.7768442167249509
13.0,2.0,0.21544346900318834,0.0,0.01,2.0664191667488976,10.246083848,2.0664191667488976
13.0,2.0,0.21544346900318834,1.0,0.05,1.3404655737851474,11.689025338,1.3404655737851474
13.0,2.0,0.21544346900318834,2.0,0.1,0.9549719247695668,9.481287364,0.9549719247695668
13.0,3.0,0.31622776601683794,0.0,0.01,2.249539084387778,9.733951073,2.249539084387778
13.0,3.0,0.31622776601683794,1.0,0.05,1.5346844966129511,10.796551329,1.5346844966129511
13.0,3.0,0.31622776601683794,2.0,0.1,1.1554895943223547,10.437267474,1.1554895943223547
13.0,4.0,0.46415888336127786,0.0,0.01,2.421970982634056,9.174534054,2.421970982634056
13.0,4.0,0.46415888336127786,1.0,0.05,1.7002578046234307,10.731704173,1.7002578046234307
13.0,4.0,0.46415888336127786,2.0,0.1,1.3600992137850627,9.94781229,1.3600992137850627
13.0,5.0,0.6812920690579611,0.0,0.01,2.5822132408642537,10.227876809,2.5822132408642537
13.0,5.0,0.6812920690579611,1.0,0.05,1.8566222296811508,10.53265379,1.8566222296811508
13.0,5.0,0.6812920690579611,2.0,0.1,1.5436800398905628,9.771559489,1.5436800398905628
13.0,6.0,1.0,0.0,0.01,2.7791240170273777,9.605350364,2.7791240170273777
13.0,6.0,1.0,1.0,0.05,1.9998449976218418,9.914082348,1.9998449976218418
13.0,6.0,1.0,2.0,0.1,1.707201968672222,9.956242735,1.707201968672222
13.0,7.0,1.467799267622069,0.0,0.01,2.9401106864496667,7.589902899,2.9401106864496667
13.0,7.0,1.467799267622069,1.0,0.05,2.177619551308953,9.84837715,2.177619551308953
13.0,7.0,1.467799267622069,2.0,0.1,1.8517386122215544,9.379360693,1.8517386122215544
13.0,8.0,2.1544346900318834,0.0,0.01,2.9403918973345085,7.788334105,2.9403918973345085
13.0,8.0,2.1544346900318834,1.0,0.05,2.358232210876291,9.611066895,2.358232210876291
13.0,8.0,2.1544346900318834,2.0,0.1,1.9966907244724243,9.611864055,1.9966907244724243
13.0,9.0,3.1622776601683795,0.0,0.01,2.940369820369122,7.057374633,2.940369820369122
13.0,9.0,3.1622776601683795,1.0,0.05,2.5215801838641605,9.593280592,2.5215801838641605
13.0,9.0,3.1622776601683795,2.0,0.1,2.181235195774539,8.639894782,2.181235195774539
13.0,10.0,4.6415888336127775,0.0,0.01,2.940426998466824,7.482745269,2.940426998466824
13.0,10.0,4.6415888336127775,1.0,0.05,2.7283214144248644,9.6663982,2.7283214144248644
13.0,10.0,4.6415888336127775,2.0,0.1,2.3693092480916076,9.415301912,2.3693092480916076
13.0,11.0,6.812920690579611,0.0,0.01,2.9400601196615965,7.26069892,2.9400601196615965
13.0,11.0,6.812920690579611,1.0,0.05,2.9400289042867684,7.368721724,2.9400289042867684
13.0,11.0,6.812920690579611,2.0,0.1,2.544121514490715,9.34740103,2.544121514490715
13.0,12.0,10.0,0.0,0.01,2.940133317093973,7.585915007,2.940133317093973
13.0,12.0,10.0,1.0,0.05,2.9400380712741074,6.447988265,2.9400380712741074
13.0,12.0,10.0,2.0,0.1,2.759071931410416,9.523558304,2.759071931410416
14.0,0.0,9.999999999999999e-06,0.0,0.01,0.17176128965441328,11.830137104,0.17176128965441328
14.0,0.0,9.999999999999999e-06,1.0,0.05,0.15919501604370342,12.578164669,0.15919501604370342
14.0,1.0,3.414548873833601e-05,0.0,0.01,0.17357676883321935,11.562928042,0.17357676883321935
14.0,1.0,3.414548873833601e-05,1.0,0.05,0.15957428219973613,11.794007022,0.15957428219973613
14.0,2.0,0.00011659144011798311,0.0,0.01,0.17960365740270154,13.133166661,0.17960365740270154
14.0,2.0,0.00011659144011798311,1.0,0.05,0.16080629295174398,12.024196319,0.16080629295174398
14.0,3.0,0.00039810717055349735,0.0,0.01,0.19853044474658946,12.785223607,0.19853044474658946
14.0,3.0,0.00039810717055349735,1.0,0.05,0.1649606590747884,10.185878275,0.1649606590747884
14.0,0.0,0.001,0.0,0.01,0.23471874950803767,12.528299086,0.23471874950803767
14.0,0.0,0.001,1.0,0.05,0.17337289649393708,10.04077711,0.17337289649393708
14.0,1.0,0.002187761623949552,0.0,0.01,0.2964325608232462,12.675082165,0.2964325608232462
14.0,1.0,0.002187761623949552,1.0,0.05,0.18885922867845664,9.754659118,0.18885922867845664
14.0,2.0,0.00478630092322638,0.0,0.01,0.41109221514531696,12.746341791,0.41109221514531696
14.0,2.0,0.00478630092322638,1.0,0.05,0.2196846232788889,9.27104935,0.2196846232788889
14.0,3.0,0.010471285480508996,0.0,0.01,0.6130189382807051,12.563678932,0.6130189382807051
14.0,3.0,0.010471285480508996,1.0,0.05,0.27824562201075986,10.994036132,0.27824562201075986
14.0,4.0,0.022908676527677724,0.0,0.01,0.9302654609813982,13.069791563,0.9302654609813982
14.0,4.0,0.022908676527677724,1.0,0.05,0.38776699700518946,13.344066519,0.38776699700518946
14.0,5.0,0.05011872336272722,0.0,0.01,1.30278474514694,13.413710323,1.30278474514694
14.0,5.0,0.05011872336272722,1.0,0.05,0.5810649589404683,13.658339319,0.5810649589404683
14.0,0.0,0.1,0.0,0.01,1.5684517252083676,12.199224562,1.5684517252083676
14.0,0.0,0.1,1.0,0.05,0.8448874662857964,12.113214471,0.8448874662857964
14.0,0.0,0.1,2.0,0.1,0.5734825051082123,12.128111117,0.5734825051082123
14.0,1.0,0.14677992676220694,0.0,0.01,1.6898446825817834,12.949282603,1.6898446825817834
14.0,1.0,0.14677992676220694,1.0,0.05,1.0218022817963046,13.64309628,1.0218022817963046
14.0,1.0,0.14677992676220694,2.0,0.1,0.7074465279003073,11.592990148,0.7074465279003073
14.0,2.0,0.21544346900318834,0.0,0.01,1.816383821647608,11.941629811,1.816383821647608
14.0,2.0,0.21544346900318834,1.0,0.05,1.2004930861342291,13.105320301,1.2004930861342291
14.0,2.0,0.21544346900318834,2.0,0.1,0.8674400682379468,11.307251579,0.8674400682379468
14.0,3.0,0.31622776601683794,0.0,0.01,1.9769274345101773,11.290080466,1.9769274345101773
14.0,3.0,0.31622776601683794,1.0,0.05,1.3623034024499212,12.640750852,1.3623034024499212
14.0,3.0,0.31622776601683794,2.0,0.1,1.0423351396889249,13.245235225,1.0423351396889249
14.0,4.0,0.46415888336127786,0.0,0.01,2.129428103077942,12.041295285,2.129428103077942
14.0,4.0,0.46415888336127786,1.0,0.05,1.5017767484142572,12.184859782,1.5017767484142572
14.0,4.0,0.46415888336127786,2.0,0.1,1.2155605423871452,12.898858069,1.2155605423871452
14.0,5.0,0.6812920690579611,0.0,0.01,2.2706339367117794,11.675936146,2.2706339367117794
14.0,5.0,0.6812920690579611,1.0,0.05,1.6344321144463383,12.046950572,1.6344321144463383
14.0,5.0,0.6812920690579611,2.0,0.1,1.3682829790815862,11.617545566,1.3682829790815862
14.0,6.0,1.0,0.0,0.01,2.4450263066969224,11.033428073,2.4450263066969224
14.0,6.0,1.0,1.0,0.05,1.7586990820265884,11.789765596,1.7586990820265884
14.0,6.0,1.0,2.0,0.1,1.5073783600513373,11.177997439,1.5073783600513373
14.0,7.0,1.467799267622069,0.0,0.01,2.5935560794386086,10.046105776,2.5935560794386086
14.0,7.0,1.467799267622069,1.0,0.05,1.9144249946564826,10.846863264,1.9144249946564826
14.0,7.0,1.467799267622069,2.0,0.1,1.6293979637784453,11.651792696,1.6293979637784453
14.0,8.0,2.1544346900318834,0.0,0.01,2.5933406768244316,9.994606093,2.5933406768244316
14.0,8.0,2.1544346900318834,1.0,0.05,2.073249624428047,11.929477618,2.073249624428047
14.0,8.0,2.1544346900318834,2.0,0.1,1.755670823204572,11.291535055,1.755670823204572
14.0,9.0,3.1622776601683795,0.0,0.01,2.5935607405058336,8.692707926,2.5935607405058336
14.0,9.0,3.1622776601683795,1.0,0.05,2.2174085772266543,11.31281394,2.2174085772266543
14.0,9.0,3.1622776601683795,2.0,0.1,1.9172542534701342,11.019912408,1.9172542534701342
14.0,10.0,4.6415888336127775,0.0,0.01,2.593413722642981,8.404408283,2.593413722642981
14.0,10.0,4.6415888336127775,1.0,0.05,2.3999938477511704,11.624928115,2.3999938477511704
14.0,10.0,4.6415888336127775,2.0,0.1,2.083197353593005,10.701780016,2.083197353593005
14.0,11.0,6.812920690579611,0.0,0.01,2.5934356606202797,8.940638112,2.5934356606202797
14.0,11.0,6.812920690579611,1.0,0.05,2.593238667453664,8.269906406,2.593238667453664
14.0,11.0,6.812920690579611,2.0,0.1,2.2374699675354743,12.001486774,2.2374699675354743
14.0,12.0,10.0,0.0,0.01,2.593320658655566,9.289811614,2.593320658655566
14.0,12.0,10.0,1.0,0.05,2.5932228528180437,9.154347053,2.5932228528180437
14.0,12.0,10.0,2.0,0.1,2.42740222410508,17.073929711,2.42740222410508
15.0,0.0,9.999999999999999e-06,0.0,0.01,0.1442808902433999,13.998145222,0.1442808902433999
15.0,0.0,9.999999999999999e-06,1.0,0.05,0.13554597383552452,12.741625962,0.13554597383552452
15.0,1.0,3.414548873833601e-05,0.0,0.01,0.1460494040571821,14.929370122,0.1460494040571821
15.0,1.0,3.414548873833601e-05,1.0,0.05,0.1359168833956103,14.962054304,0.1359168833956103
15.0,2.0,0.00011659144011798311,0.0,0.01,0.15202764915910508,15.250025879,0.15202764915910508
15.0,2.0,0.00011659144011798311,1.0,0.05,0.13714574723416031,13.038618596,0.13714574723416031
15.0,3.0,0.00039810717055349735,0.0,0.01,0.17053051745059933,16.208179218,0.17053051745059933
15.0,3.0,0.00039810717055349735,1.0,0.05,0.14126374352738374,12.345760259,0.14126374352738374
15.0,0.0,0.001,0.0,0.01,0.20541663728923104,15.095605311,0.20541663728923104
15.0,0.0,0.001,1.0,0.05,0.14949007171814346,12.004222633,0.14949007171814346
15.0,1.0,0.002187761623949552,0.0,0.01,0.26446629980886344,14.231545838,0.26446629980886344
15.0,1.0,0.002187761623949552,1.0,0.05,0.16457982163286278,11.760489958,0.16457982163286278
15.0,2.0,0.00478630092322638,0.0,0.01,0.3731703083191799,15.449990297,0.3731703083191799
15.0,2.0,0.00478630092322638,1.0,0.05,0.19409085532080228,11.693959,0.19409085532080228
15.0,3.0,0.010471285480508996,0.0,0.01,0.5610781052687168,15.050979931,0.5610781052687168
15.0,3.0,0.010471285480508996,1.0,0.05,0.24954095965532197,13.510216341,0.24954095965532197
15.0,4.0,0.022908676527677724,0.0,0.01,0.8477818223812501,17.21202356,0.8477818223812501
15.0,4.0,0.022908676527677724,1.0,0.05,0.35255210670239967,16.689015165,0.35255210670239967
15.0,5.0,0.05011872336272722,0.0,0.01,1.1677444980007439,18.188922743,1.1677444980007439
15.0,5.0,0.05011872336272722,1.0,0.05,0.5322797609293581,16.949001288,0.5322797609293581
15.0,0.0,0.1,0.0,0.01,1.3933895693915916,16.482645928,1.3933895693915916
15.0,0.0,0.1,1.0,0.05,0.771776521461097,15.365189579,0.771776521461097
15.0,0.0,0.1,2.0,0.1,0.5255204540129567,15.339166691,0.5255204540129567
15.0,1.0,0.14677992676220694,0.0,0.01,1.4975551140069465,15.336030444,1.4975551140069465
15.0,1.0,0.14677992676220694,1.0,0.05,0.9271336956495857,16.93872419,0.9271336956495857
15.0,1.0,0.14677992676220694,2.0,0.1,0.6477918093739822,14.541324673,0.6477918093739822
15.0,2.0,0.21544346900318834,0.0,0.01,1.6093020773196312,15.473688845,1.6093020773196312
15.0,2.0,0.21544346900318834,1.0,0.05,1.0802987460114204,17.18317531,1.0802987460114204
15.0,2.0,0.21544346900318834,2.0,0.1,0.7914304152829078,14.943924991,0.7914304152829078
15.0,3.0,0.31622776601683794,0.0,0.01,1.751125589457675,13.8718673,1.751125589457675
15.0,3.0,0.31622776601683794,1.0,0.05,1.2160486444097962,15.724134123,1.2160486444097962
15.0,3.0,0.31622776601683794,2.0,0.1,0.9442703160071967,17.948377569,0.9442703160071967
15.0,4.0,0.46415888336127786,0.0,0.01,1.8871971888921266,14.073953714,1.8871971888921266
15.0,4.0,0.46415888336127786,1.0,0.05,1.335533582401425,16.206875351,1.335533582401425
15.0,4.0,0.46415888336127786,2.0,0.1,1.0914991214446508,15.86563256,1.0914991214446508
15.0,5.0,0.6812920690579611,0.0,0.01,2.012742156409261,14.163642223,2.012742156409261
15.0,5.0,0.6812920690579611,1.0,0.05,1.4496519519278224,15.321733987,1.4496519519278224
15.0,5.0,0.6812920690579611,2.0,0.1,1.2200590601898733,14.659252242,1.2200590601898733
15.0,6.0,1.0,0.0,0.01,2.1679166567818955,14.459787314,2.1679166567818955
15.0,6.0,1.0,1.0,0.05,1.558730176541845,13.799671432,1.558730176541845
15.0,6.0,1.0,2.0,0.1,1.3400327842369804,13.637407939,1.3400327842369804
15.0,7.0,1.467799267622069,0.0,0.01,2.3050437788895435,12.181253334,2.3050437788895435
15.0,7.0,1.467799267622069,1.0,0.05,1.6963817374663381,12.914718338,1.6963817374663381
15.0,7.0,1.467799267622069,2.0,0.1,1.4446993427525907,14.015450417,1.4446993427525907
15.0,8.0,2.1544346900318834,0.0,0.01,2.3050506964732747,11.988771442000001,2.3050506964732747
15.0,8.0,2.1544346900318834,1.0,0.05,1.8372474035017476,15.04907676,1.8372474035017476
15.0,8.0,2.1544346900318834,2.0,0.1,1.5558568549022456,13.467841482,1.5558568549022456
15.0,9.0,3.1622776601683795,0.0,0.01,2.3049407107054494,12.010780824,2.3049407107054494
15.0,9.0,3.1622776601683795,1.0,0.05,1.9655241168904554,13.167493396,1.9655241168904554
15.0,9.0,3.1622776601683795,2.0,0.1,1.698635818762169,13.063564341,1.698635818762169
15.0,10.0,4.6415888336127775,0.0,0.01,2.3046686593905203,11.784382499,2.3046686593905203
15.0,10.0,4.6415888336127775,1.0,0.05,2.1279559255653484,14.144008983,2.1279559255653484
15.0,10.0,4.6415888336127775,2.0,0.1,1.8462408618790644,13.330184253,1.8462408618790644
15.0,11.0,6.812920690579611,0.0,0.01,2.3047927592959083,10.934865041,2.3047927592959083
15.0,11.0,6.812920690579611,1.0,0.05,2.3046410288260053,10.793647064,2.3046410288260053
15.0,11.0,6.812920690579611,2.0,0.1,1.9834642095919799,13.363235189,1.9834642095919799
15.0,12.0,10.0,0.0,0.01,2.304663376439167,11.649072606,2.304663376439167
15.0,12.0,10.0,1.0,0.05,2.304616429522147,11.417981579,2.304616429522147
15.0,12.0,10.0,2.0,0.1,2.1525404017227485,14.417133647,2.1525404017227485
16.0,0.0,9.999999999999999e-06,0.0,0.01,0.12258692026616443,16.877572361,0.12258692026616443
16.0,0.0,9.999999999999999e-06,1.0,0.05,0.11698855079189759,14.574201819,0.11698855079189759
16.0,1.0,3.414548873833601e-05,0.0,0.01,0.1243748385698609,15.275316815,0.1243748385698609
16.0,1.0,3.414548873833601e-05,1.0,0.05,0.11735388956744117,15.885835132,0.11735388956744117
16.0,2.0,0.00011659144011798311,0.0,0.01,0.130238938086638,18.819336461,0.130238938086638
16.0,2.0,0.00011659144011798311,1.0,0.05,0.11857610728964631,15.759690478,0.11857610728964631
16.0,3.0,0.00039810717055349735,0.0,0.01,0.14836653073726222,21.431319499,0.14836653073726222
16.0,3.0,0.00039810717055349735,1.0,0.05,0.1226430609652485,14.802488878,0.1226430609652485
16.0,0.0,0.001,0.0,0.01,0.18196558385796388,17.628577124,0.18196558385796388
16.0,0.0,0.001,1.0,0.05,0.130736939112219,13.641018783,0.130736939112219
16.0,1.0,0.002187761623949552,0.0,0.01,0.2385395410934011,18.311307128,0.2385395410934011
16.0,1.0,0.002187761623949552,1.0,0.05,0.1454724082421948,13.637595142,0.1454724082421948
16.0,2.0,0.00478630092322638,0.0,0.01,0.34151081708606473,18.747684464,0.34151081708606473
16.0,2.0,0.00478630092322638,1.0,0.05,0.17386016180615957,15.178462166,0.17386016180615957
16.0,3.0,0.010471285480508996,0.0,0.01,0.5164591289822298,20.23304438,0.5164591289822298
16.0,3.0,0.010471285480508996,1.0,0.05,0.2266428109994659,18.637712362,0.2266428109994659
16.0,4.0,0.022908676527677724,0.0,0.01,0.7756641461998475,20.598200431,0.7756641461998475
16.0,4.0,0.022908676527677724,1.0,0.05,0.3233641631044568,19.751137456,0.3233641631044568
16.0,5.0,0.05011872336272722,0.0,0.01,1.0519063154897905,21.74472054,1.0519063154897905
16.0,5.0,0.05011872336272722,1.0,0.05,0.4904028094726567,20.84073194,0.4904028094726567
16.0,0.0,0.1,0.0,0.01,1.245753103208144,17.800797894,1.245753103208144
16.0,0.0,0.1,1.0,0.05,0.7078377905158245,19.351077924,0.7078377905158245
16.0,0.0,0.1,2.0,0.1,0.4844207263137271,17.44194072,0.4844207263137271
16.0,1.0,0.14677992676220694,0.0,0.01,1.3364814151287958,17.770067567,1.3364814151287958
16.0,1.0,0.14677992676220694,1.0,0.05,0.8446499068369698,21.79715924,0.8446499068369698
16.0,1.0,0.14677992676220694,2.0,0.1,0.5960284766891032,20.838886974,0.5960284766891032
16.0,2.0,0.21544346900318834,0.0,0.01,1.435570670206747,17.801472449,1.435570670206747
16.0,2.0,0.21544346900318834,1.0,0.05,0.9762571146471622,20.538741351,0.9762571146471622
16.0,2.0,0.21544346900318834,2.0,0.1,0.7248880645845804,19.600155933,0.7248880645845804
16.0,3.0,0.31622776601683794,0.0,0.01,1.5621809671391311,17.464461806,1.5621809671391311
16.0,3.0,0.31622776601683794,1.0,0.05,1.0917248016541148,19.014829341,1.0917248016541148
16.0,3.0,0.31622776601683794,2.0,0.1,0.8588285789231488,19.424395541,0.8588285789231488
16.0,4.0,0.46415888336127786,0.0,0.01,1.6843570670503558,18.526708835,1.6843570670503558
16.0,4.0,0.46415888336127786,1.0,0.05,1.195447649554729,19.491066965999998,1.195447649554729
16.0,4.0,0.46415888336127786,2.0,0.1,0.9845464344003418,18.155189095,0.9845464344003418
16.0,5.0,0.6812920690579611,0.0,0.01,1.7969553762367,16.799004383,1.7969553762367
16.0,5.0,0.6812920690579611,1.0,0.05,1.294464610929034,18.145445845,1.294464610929034
16.0,5.0,0.6812920690579611,2.0,0.1,1.094021270174727,17.554305092,1.094021270174727
16.0,6.0,1.0,0.0,0.01,1.9360166498001867,18.748487852,1.9360166498001867
16.0,6.0,1.0,1.0,0.05,1.3911219527710985,16.052733863,1.3911219527710985
16.0,6.0,1.0,2.0,0.1,1.1985822029483422,16.851631419,1.1985822029483422
16.0,7.0,1.467799267622069,0.0,0.01,2.0622120756032287,14.086576919,2.0622120756032287
16.0,7.0,1.467799267622069,1.0,0.05,1.5137151513411087,16.071083696,1.5137151513411087
16.0,7.0,1.467799267622069,2.0,0.1,1.289690398192067,18.348067258,1.289690398192067
16.0,8.0,2.1544346900318834,0.0,0.01,2.062254503219733,13.682791782,2.062254503219733
16.0,8.0,2.1544346900318834,1.0,0.05,1.6396363226250883,17.408274947,1.6396363226250883
16.0,8.0,2.1544346900318834,2.0,0.1,1.3884088552216882,17.279747125,1.3884088552216882
16.0,9.0,3.1622776601683795,0.0,0.01,2.0620387859183733,13.359368187,2.0620387859183733
16.0,9.0,3.1622776601683795,1.0,0.05,1.754535064572974,16.776266458,1.754535064572974
16.0,9.0,3.1622776601683795,2.0,0.1,1.5155623255603692,15.15833076,1.5155623255603692
16.0,10.0,4.6415888336127775,0.0,0.01,2.0622695924907193,14.583936637,2.0622695924907193
16.0,10.0,4.6415888336127775,1.0,0.05,1.8999988141054276,16.968945105,1.8999988141054276
16.0,10.0,4.6415888336127775,2.0,0.1,1.6477719745487078,17.177142817,1.6477719745487078
16.0,11.0,6.812920690579611,0.0,0.01,2.062048492664553,13.548490069,2.062048492664553
16.0,11.0,6.812920690579611,1.0,0.05,2.0618635137373356,14.048489115,2.0618635137373356
16.0,11.0,6.812920690579611,2.0,0.1,1.7706645842814952,16.675006311,1.7706645842814952
16.0,12.0,10.0,0.0,0.01,2.062032489172572,14.017630551,2.062032489172572
16.0,12.0,10.0,1.0,0.05,2.061871070248006,12.54470708,2.061871070248006
16.0,12.0,10.0,2.0,0.1,1.9221585483683261,17.212258573,1.9221585483683261
17.0,0.0,9.999999999999999e-06,0.0,0.01,0.1066909917555111,20.372297555,0.1066909917555111
17.0,0.0,9.999999999999999e-06,1.0,0.05,0.10148955149813746,17.852807469,0.10148955149813746
17.0,1.0,3.414548873833601e-05,0.0,0.01,0.10849518237369031,22.10706499,0.10849518237369031
17.0,1.0,3.414548873833601e-05,1.0,0.05,0.10185255593158359,18.550937697,0.10185255593158359
17.0,2.0,0.00011659144011798311,0.0,0.01,0.11413090444889144,21.32731215,0.11413090444889144
17.0,2.0,0.00011659144011798311,1.0,0.05,0.1030729035669784,20.142787061,0.1030729035669784
17.0,3.0,0.00039810717055349735,0.0,0.01,0.1313029389712763,26.404850227,0.1313029389712763
17.0,3.0,0.00039810717055349735,1.0,0.05,0.10708210165066975,19.552733236,0.10708210165066975
17.0,0.0,0.001,0.0,0.01,0.1628993661745638,22.187815344,0.1628993661745638
17.0,0.0,0.001,1.0,0.05,0.11505658574218015,15.920468615,0.11505658574218015
17.0,1.0,0.002187761623949552,0.0,0.01,0.2171168101071443,22.028657544,0.2171168101071443
17.0,1.0,0.002187761623949552,1.0,0.05,0.12944449841071878,16.116155893,0.12944449841071878
17.0,2.0,0.00478630092322638,0.0,0.01,0.3146038663981145,22.735479236,0.3146038663981145
17.0,2.0,0.00478630092322638,1.0,0.05,0.15685781148854241,17.94622321,0.15685781148854241
17.0,3.0,0.010471285480508996,0.0,0.01,0.47747001869518374,23.886856235,0.47747001869518374
17.0,3.0,0.010471285480508996,1.0,0.05,0.20748618927395507,20.895940932,0.20748618927395507
17.0,4.0,0.022908676527677724,0.0,0.01,0.7119114295129738,25.328761714,0.7119114295129738
17.0,4.0,0.022908676527677724,1.0,0.05,0.298895501561998,23.364664398,0.298895501561998
17.0,5.0,0.05011872336272722,0.0,0.01,0.9519020504035461,26.945757386,0.9519020504035461
17.0,5.0,0.05011872336272722,1.0,0.05,0.45390253519782203,25.858566885,0.45390253519782203
17.0,0.0,0.1,0.0,0.01,1.119840739595407,22.15139606,1.119840739595407
17.0,0.0,0.1,1.0,0.05,0.6516379656145053,25.246770096,0.6516379656145053
17.0,0.0,0.1,2.0,0.1,0.4485954668340213,28.259241844,0.4485954668340213
17.0,1.0,0.14677992676220694,0.0,0.01,1.2001811228090062,20.832717161,1.2001811228090062
17.0,1.0,0.14677992676220694,1.0,0.05,0.77215994319342,25.016015936,0.77215994319342
17.0,1.0,0.14677992676220694,2.0,0.1,0.5508930176625305,22.117850998,0.5508930176625305
17.0,2.0,0.21544346900318834,0.0,0.01,1.2889563377873978,22.63865385,1.2889563377873978
17.0,2.0,0.21544346900318834,1.0,0.05,0.885690912189621,24.557719649,0.885690912189621
17.0,2.0,0.21544346900318834,2.0,0.1,0.6662563343163097,26.830363098,0.6662563343163097
17.0,3.0,0.31622776601683794,0.0,0.01,1.4022751415027284,22.185985118,1.4022751415027284
17.0,3.0,0.31622776601683794,1.0,0.05,0.9849699622880596,21.784127097,0.9849699622880596
17.0,3.0,0.31622776601683794,2.0,0.1,0.7838876965893408,22.935035362,0.7838876965893408
17.0,4.0,0.46415888336127786,0.0,0.01,1.51262231311571,21.574024187,1.51262231311571
17.0,4.0,0.46415888336127786,1.0,0.05,1.0760654116083967,23.350960889,1.0760654116083967
17.0,4.0,0.46415888336127786,2.0,0.1,0.8918961046057388,22.698571496,0.8918961046057388
17.0,5.0,0.6812920690579611,0.0,0.01,1.613889969956698,23.384232262,1.613889969956698
17.0,5.0,0.6812920690579611,1.0,0.05,1.1629296418664907,22.33232391,1.1629296418664907
17.0,5.0,0.6812920690579611,2.0,0.1,0.9861562921726851,22.007157039,0.9861562921726851
17.0,6.0,1.0,0.0,0.01,1.73940992705496,20.695075087,1.73940992705496
17.0,6.0,1.0,1.0,0.05,1.2492411538691257,20.149011269,1.2492411538691257
17.0,6.0,1.0,2.0,0.1,1.0781109146362622,20.909409494,1.0781109146362622
17.0,7.0,1.467799267622069,0.0,0.01,1.855823578920647,19.373926888,1.855823578920647
17.0,7.0,1.467799267622069,1.0,0.05,1.3592107554933708,19.865120824,1.3592107554933708
17.0,7.0,1.467799267622069,2.0,0.1,1.1583812356057708,22.420928599,1.1583812356057708
17.0,8.0,2.1544346900318834,0.0,0.01,1.8557855860476558,17.776764954,1.8557855860476558
17.0,8.0,2.1544346900318834,1.0,0.05,1.4724597480936048,21.158689081,1.4724597480936048
17.0,8.0,2.1544346900318834,2.0,0.1,1.246709036205394,20.100358883,1.246709036205394
17.0,9.0,3.1622776601683795,0.0,0.01,1.8560327048508474,16.596832962,1.8560327048508474
17.0,9.0,3.1622776601683795,1.0,0.05,1.5760197573331134,21.063190357,1.5760197573331134
17.0,9.0,3.1622776601683795,2.0,0.1,1.3607332490742479,20.191516119,1.3607332490742479
17.0,10.0,4.6415888336127775,0.0,0.01,1.8559812076673865,17.288062055,1.8559812076673865
17.0,10.0,4.6415888336127775,1.0,0.05,1.7070530985797376,21.005114286,1.7070530985797376
17.0,10.0,4.6415888336127775,2.0,0.1,1.4798719414947201,19.729295869,1.4798719414947201
17.0,11.0,6.812920690579611,0.0,0.01,1.8558106783440664,17.623287245,1.8558106783440664
17.0,11.0,6.812920690579611,1.0,0.05,1.8557183144484821,17.663580298,1.8557183144484821
17.0,11.0,6.812920690579611,2.0,0.1,1.5905896781507673,20.800482057,1.5905896781507673
17.0,12.0,10.0,0.0,0.01,1.855890565937682,17.451680997,1.855890565937682
17.0,12.0,10.0,1.0,0.05,1.8557206732724625,13.994527022,1.8557206732724625
17.0,12.0,10.0,2.0,0.1,1.7271265704900383,20.763841766,1.7271265704900383
18.0,0.0,9.999999999999999e-06,0.0,0.01,0.09547436713702849,22.316023957,0.09547436713702849
18.0,0.0,9.999999999999999e-06,1.0,0.05,0.08872343101717242,23.290179644,0.08872343101717242
18.0,1.0,3.414548873833601e-05,0.0,0.01,0.09724492360474203,25.858110337,0.09724492360474203
18.0,1.0,3.414548873833601e-05,1.0,0.05,0.08908444682266088,23.332327361,0.08908444682266088
18.0,2.0,0.00011659144011798311,0.0,0.01,0.10284221708559262,30.151894079,0.10284221708559262
18.0,2.0,0.00011659144011798311,1.0,0.05,0.09030254406365193,22.17885346,0.09030254406365193
18.0,3.0,0.00039810717055349735,0.0,0.01,0.11968002726467368,32.527870082,0.11968002726467368
18.0,3.0,0.00039810717055349735,1.0,0.05,0.09424503733799602,22.940178035,0.09424503733799602
18.0,0.0,0.001,0.0,0.01,0.1488493167540598,30.078670667,0.1488493167540598
18.0,0.0,0.001,1.0,0.05,0.10207783112276309,19.681390790000002,0.10207783112276309
18.0,1.0,0.002187761623949552,0.0,0.01,0.19911593841096545,26.706022764,0.19911593841096545
18.0,1.0,0.002187761623949552,1.0,0.05,0.11600699439967235,22.021225568,0.11600699439967235
18.0,2.0,0.00478630092322638,0.0,0.01,0.29149360722172113,27.341674265,0.29149360722172113
18.0,2.0,0.00478630092322638,1.0,0.05,0.14231765989927564,22.7329539,0.14231765989927564
18.0,3.0,0.010471285480508996,0.0,0.01,0.4432155693128054,28.716304891,0.4432155693128054
18.0,3.0,0.010471285480508996,1.0,0.05,0.19093593894912647,25.660864542,0.19093593894912647
18.0,4.0,0.022908676527677724,0.0,0.01,0.6551993515280352,31.568326624,0.6551993515280352
18.0,4.0,0.022908676527677724,1.0,0.05,0.27760471580170804,28.981990262,0.27760471580170804
18.0,5.0,0.05011872336272722,0.0,0.01,0.8649857529928425,30.969940872,0.8649857529928425
18.0,5.0,0.05011872336272722,1.0,0.05,0.4221768307873148,31.134741371,0.4221768307873148
18.0,0.0,0.1,0.0,0.01,1.0122848224578271,27.357694492,1.0122848224578271
18.0,0.0,0.1,1.0,0.05,0.60179481179508,28.996046327,0.60179481179508
18.0,0.0,0.1,2.0,0.1,0.41694162372315813,25.255843184,0.41694162372315813
18.0,1.0,0.14677992676220694,0.0,0.01,1.0836067519530217,25.632829349,1.0836067519530217
18.0,1.0,0.14677992676220694,1.0,0.05,0.7080621855636223,29.705685812,0.7080621855636223
18.0,1.0,0.14677992676220694,2.0,0.1,0.5107271332887561,29.032255836,0.5107271332887561
18.0,2.0,0.21544346900318834,0.0,0.01,1.1638569491655648,25.277139336,1.1638569491655648
18.0,2.0,0.21544346900318834,1.0,0.05,0.8065755577768066,29.858266088,0.8065755577768066
18.0,2.0,0.21544346900318834,2.0,0.1,0.6143208538987217,31.479368177,0.6143208538987217
18.0,3.0,0.31622776601683794,0.0,0.01,1.2660598465533353,24.837618265,1.2660598465533353
18.0,3.0,0.31622776601683794,1.0,0.05,0.8927455007340466,28.642689983,0.8927455007340466
18.0,3.0,0.31622776601683794,2.0,0.1,0.7178530414652997,30.039860866,0.7178530414652997
18.0,4.0,0.46415888336127786,0.0,0.01,1.3662928956342557,26.378055158,1.3662928956342557
18.0,4.0,0.46415888336127786,1.0,0.05,0.9735246596797378,28.660086392,0.9735246596797378
18.0,4.0,0.46415888336127786,2.0,0.1,0.8112827123147293,28.798900472,0.8112827123147293
18.0,5.0,0.6812920690579611,0.0,0.01,1.4580144273936775,26.793123148,1.4580144273936775
18.0,5.0,0.6812920690579611,1.0,0.05,1.0504646137058227,26.88965894,1.0504646137058227
18.0,5.0,0.6812920690579611,2.0,0.1,0.8932196340044247,24.833849905,0.8932196340044247
18.0,6.0,1.0,0.0,0.01,1.5719235998095713,25.903462921,1.5719235998095713
18.0,6.0,1.0,1.0,0.05,1.1280899351432807,24.47624354,1.1280899351432807
18.0,6.0,1.0,2.0,0.1,0.9747742317751812,26.582785423,0.9747742317751812
18.0,7.0,1.467799267622069,0.0,0.01,1.6796231585718169,22.292547516,1.6796231585718169
18.0,7.0,1.467799267622069,1.0,0.05,1.227305501835825,24.436538418,1.227305501835825
18.0,7.0,1.467799267622069,2.0,0.1,1.0461967233064635,25.319498222,1.0461967233064635
18.0,8.0,2.1544346900318834,0.0,0.01,1.6794981781220204,20.774673575,1.6794981781220204
18.0,8.0,2.1544346900318834,1.0,0.05,1.3297902435185107,26.032157257,1.3297902435185107
18.0,8.0,2.1544346900318834,2.0,0.1,1.1257523308007096,28.278055187,1.1257523308007096
18.0,9.0,3.1622776601683795,0.0,0.01,1.6796028347046945,19.890470266,1.6796028347046945
18.0,9.0,3.1622776601683795,1.0,0.05,1.423611506445228,24.492415226,1.423611506445228
18.0,9.0,3.1622776601683795,2.0,0.1,1.2286163746297667,22.971786412,1.2286163746297667
18.0,10.0,4.6415888336127775,0.0,0.01,1.6794283750172379,22.42514824,1.6794283750172379
18.0,10.0,4.6415888336127775,1.0,0.05,1.5422791704332155,24.96604219,1.5422791704332155
18.0,10.0,4.6415888336127775,2.0,0.1,1.33655146048802,24.95029217,1.33655146048802
18.0,11.0,6.812920690579611,0.0,0.01,1.6793270301071377,21.483864898,1.6793270301071377
18.0,11.0,6.812920690579611,1.0,0.05,1.6791564716213656,20.869704878,1.6791564716213656
18.0,11.0,6.812920690579611,2.0,0.1,1.4368349928970132,24.788870219,1.4368349928970132
18.0,12.0,10.0,0.0,0.01,1.6796854047040783,20.964091395,1.6796854047040783
18.0,12.0,10.0,1.0,0.05,1.6791311449068955,18.633765698,1.6791311449068955
18.0,12.0,10.0,2.0,0.1,1.5605310542466473,23.937578092,1.5605310542466473
19.0,0.0,9.999999999999999e-06,0.0,0.01,0.08539833704456092,26.98277145,0.08539833704456092
19.0,0.0,9.999999999999999e-06,1.0,0.05,0.07798739612474519,27.815137806,0.07798739612474519
19.0,1.0,3.414548873833601e-05,0.0,0.01,0.08713540226348654,31.964789535,0.08713540226348654
19.0,1.0,3.414548873833601e-05,1.0,0.05,0.07834725536358791,27.020723884,0.07834725536358791
19.0,2.0,0.00011659144011798311,0.0,0.01,0.09268364297447582,31.753963764,0.09268364297447582
19.0,2.0,0.00011659144011798311,1.0,0.05,0.0795616154996715,23.214331643,0.0795616154996715
19.0,3.0,0.00039810717055349735,0.0,0.01,0.10926143618689364,33.179504526,0.10926143618689364
19.0,3.0,0.00039810717055349735,1.0,0.05,0.0834605519840632,28.650006831,0.0834605519840632
19.0,0.0,0.001,0.0,0.01,0.13756084549307754,35.419766987,0.13756084549307754
19.0,0.0,0.001,1.0,0.05,0.09116261049548664,22.455405589,0.09116261049548664
19.0,1.0,0.002187761623949552,0.0,0.01,0.18385953734334903,32.236071956,0.18385953734334903
19.0,1.0,0.002187761623949552,1.0,0.05,0.10472580067869408,24.176879432,0.10472580067869408
19.0,2.0,0.00478630092322638,0.0,0.01,0.27121639115838414,31.07818143,0.27121639115838414
19.0,2.0,0.00478630092322638,1.0,0.05,0.13007910813863552,27.721250309,0.13007910813863552
19.0,3.0,0.010471285480508996,0.0,0.01,0.412709988010704,32.597609672,0.412709988010704
19.0,3.0,0.010471285480508996,1.0,0.05,0.17649497603214548,30.60781966,0.17649497603214548
19.0,4.0,0.022908676527677724,0.0,0.01,0.604788828427295,37.151376065,0.604788828427295
19.0,4.0,0.022908676527677724,1.0,0.05,0.25892851829476726,34.814045394,0.25892851829476726
19.0,5.0,0.05011872336272722,0.0,0.01,0.7890136695824655,37.234072823,0.7890136695824655
19.0,5.0,0.05011872336272722,1.0,0.05,0.39391059770749565,37.937162464,0.39391059770749565
19.0,0.0,0.1,0.0,0.01,0.9193139561159694,33.468242691,0.9193139561159694
19.0,0.0,0.1,1.0,0.05,0.5571986425153695,35.413083253,0.5571986425153695
19.0,0.0,0.1,2.0,0.1,0.3889083336768166,31.44412245,0.3889083336768166
19.0,1.0,0.14677992676220694,0.0,0.01,0.9833177613285348,29.536369715,0.9833177613285348
19.0,1.0,0.14677992676220694,1.0,0.05,0.6512067901285074,37.042734238,0.6512067901285074
19.0,1.0,0.14677992676220694,2.0,0.1,0.47476455979248167,44.0802911,0.47476455979248167
19.0,2.0,0.21544346900318834,0.0,0.01,1.055872685644009,31.404988361,1.055872685644009
19.0,2.0,0.21544346900318834,1.0,0.05,0.737200059837356,35.417454853,0.737200059837356
19.0,2.0,0.21544346900318834,2.0,0.1,0.5679207996784271,36.131250925,0.5679207996784271
19.0,3.0,0.31622776601683794,0.0,0.01,1.1488863662071207,29.774326163,1.1488863662071207
19.0,3.0,0.31622776601683794,1.0,0.05,0.8126716073159329,33.086939092,0.8126716073159329
19.0,3.0,0.31622776601683794,2.0,0.1,0.6593967414054238,36.80266547,0.6593967414054238
19.0,4.0,0.46415888336127786,0.0,0.01,1.2403929182581475,30.535892916,1.2403929182581475
19.0,4.0,0.46415888336127786,1.0,0.05,0.8848843422848831,35.561976891,0.8848843422848831
19.0,4.0,0.46415888336127786,2.0,0.1,0.7408272501035476,33.964668042,0.7408272501035476
19.0,5.0,0.6812920690579611,0.0,0.01,1.32387612149179,29.326325151,1.32387612149179
19.0,5.0,0.6812920690579611,1.0,0.05,0.9536243042091018,29.9497502,0.9536243042091018
19.0,5.0,0.6812920690579611,2.0,0.1,0.8126642194848601,31.466761888,0.8126642194848601
19.0,6.0,1.0,0.0,0.01,1.4273807354137313,29.641237793,1.4273807354137313
19.0,6.0,1.0,1.0,0.05,1.0238283582339198,30.897055698,1.0238283582339198
19.0,6.0,1.0,2.0,0.1,0.885531943707787,31.642284889,0.885531943707787
19.0,7.0,1.467799267622069,0.0,0.01,1.5271519898807309,26.560921483,1.5271519898807309
19.0,7.0,1.467799267622069,1.0,0.05,1.1138276916893826,28.961342321,1.1138276916893826
19.0,7.0,1.467799267622069,2.0,0.1,0.9496081944280913,31.203566721,0.9496081944280913
19.0,8.0,2.1544346900318834,0.0,0.01,1.5271064095910651,24.60320002,1.5271064095910651
19.0,8.0,2.1544346900318834,1.0,0.05,1.2070247079159167,30.025462925,1.2070247079159167
19.0,8.0,2.1544346900318834,2.0,0.1,1.0216800388194591,28.361548432,1.0216800388194591
19.0,9.0,3.1622776601683795,0.0,0.01,1.5273399180583533,25.067108619,1.5273399180583533
19.0,9.0,3.1622776601683795,1.0,0.05,1.2924269900259968,31.532441125,1.2924269900259968
19.0,9.0,3.1622776601683795,2.0,0.1,1.1149695667444302,26.175183213,1.1149695667444302
19.0,10.0,4.6415888336127775,0.0,0.01,1.5268308422367671,22.672325544,1.5268308422367671
19.0,10.0,4.6415888336127775,1.0,0.05,1.4003966865171964,29.351565615,1.4003966865171964
19.0,10.0,4.6415888336127775,2.0,0.1,1.2132224491103087,29.813912044,1.2132224491103087
19.0,11.0,6.812920690579611,0.0,0.01,1.527179021402591,25.040049597,1.527179021402591
19.0,11.0,6.812920690579611,1.0,0.05,1.526719610755556,25.042059782,1.526719610755556
19.0,11.0,6.812920690579611,2.0,0.1,1.3044914909637897,29.102640495,1.3044914909637897
19.0,12.0,10.0,0.0,0.01,1.5269395460417627,23.327645853,1.5269395460417627
19.0,12.0,10.0,1.0,0.05,1.5267235151286949,21.407700138,1.5267235151286949
19.0,12.0,10.0,2.0,0.1,1.4170820388018113,28.671538723,1.4170820388018113
20.0,0.0,9.999999999999999e-06,0.0,0.01,0.07628406280653348,31.456916973,0.07628406280653348
20.0,0.0,9.999999999999999e-06,1.0,0.05,0.06897851286282052,29.515688498,0.06897851286282052
20.0,1.0,3.414548873833601e-05,0.0,0.01,0.07799974746169944,36.130596325,0.07799974746169944
20.0,1.0,3.414548873833601e-05,1.0,0.05,0.0693365521802372,28.810353299,0.0693365521802372
20.0,2.0,0.00011659144011798311,0.0,0.01,0.08346274584739162,40.680586771,0.08346274584739162
20.0,2.0,0.00011659144011798311,1.0,0.05,0.07054777656470043,32.31322117,0.07054777656470043
20.0,3.0,0.00039810717055349735,0.0,0.01,0.09975715054158163,34.320761521,0.09975715054158163
20.0,3.0,0.00039810717055349735,1.0,0.05,0.07439568809732122,28.836769413,0.07439568809732122
20.0,0.0,0.001,0.0,0.01,0.12735676039583882,43.116471984,0.12735676039583882
20.0,0.0,0.001,1.0,0.05,0.08196344307540163,26.711786376,0.08196344307540163
20.0,1.0,0.002187761623949552,0.0,0.01,0.17151490764403124,40.044315344,0.17151490764403124
20.0,1.0,0.002187761623949552,1.0,0.05,0.09515877323172693,30.870199369,0.09515877323172693
20.0,2.0,0.00478630092322638,0.0,0.01,0.2533714375824358,35.344633552,0.2533714375824358
20.0,2.0,0.00478630092322638,1.0,0.05,0.11964837385299067,34.944949174,0.11964837385299067
20.0,3.0,0.010471285480508996,0.0,0.01,0.3855244221709754,39.210177614,0.3855244221709754
20.0,3.0,0.010471285480508996,1.0,0.05,0.16411233055795998,33.308636247,0.16411233055795998
20.0,4.0,0.022908676527677724,0.0,0.01,0.5599267414182112,41.547339767,0.5599267414182112
20.0,4.0,0.022908676527677724,1.0,0.05,0.24230131286696036,37.804173598,0.24230131286696036
20.0,5.0,0.05011872336272722,0.0,0.01,0.7224060662574899,42.137479597,0.7224060662574899
20.0,5.0,0.05011872336272722,1.0,0.05,0.3685248318874281,43.411390175,0.3685248318874281
20.0,0.0,0.1,0.0,0.01,0.8384773698476714,38.824210305,0.8384773698476714
20.0,0.0,0.1,1.0,0.05,0.5171091098387515,43.78024401,0.5171091098387515
20.0,0.0,0.1,2.0,0.1,0.36383523267579504,37.986654567,0.36383523267579504
20.0,1.0,0.14677992676220694,0.0,0.01,0.8966646425055288,35.564725948,0.8966646425055288
20.0,1.0,0.14677992676220694,1.0,0.05,0.6005845050741637,41.338242311,0.6005845050741637
20.0,1.0,0.14677992676220694,2.0,0.1,0.44255742207283744,43.096861086,0.44255742207283744
20.0,2.0,0.21544346900318834,0.0,0.01,0.9625871223499586,36.213123418,0.9625871223499586
20.0,2.0,0.21544346900318834,1.0,0.05,0.6760906689508256,41.292751755,0.6760906689508256
20.0,2.0,0.21544346900318834,2.0,0.1,0.5263956537625754,40.80084939,0.5263956537625754
20.0,3.0,0.31622776601683794,0.0,0.01,1.0471586801952089,35.357764653,1.0471586801952089
20.0,3.0,0.31622776601683794,1.0,0.05,0.7427393199184079,38.325704149,0.7427393199184079
20.0,3.0,0.31622776601683794,2.0,0.1,0.6073142881332645,39.669229813,0.6073142881332645
20.0,4.0,0.46415888336127786,0.0,0.01,1.1309122548348454,34.879018848,1.1309122548348454
20.0,4.0,0.46415888336127786,1.0,0.05,0.8077617391348969,40.562039998,0.8077617391348969
20.0,4.0,0.46415888336127786,2.0,0.1,0.6789122801944488,40.675786917,0.6789122801944488
20.0,5.0,0.6812920690579611,0.0,0.01,1.2074213041205353,35.734633215,1.2074213041205353
20.0,5.0,0.6812920690579611,1.0,0.05,0.8695911853719448,36.289470152,0.8695911853719448
20.0,5.0,0.6812920690579611,2.0,0.1,0.7424202553919823,37.890098355,0.7424202553919823
20.0,6.0,1.0,0.0,0.01,1.3018136218616634,38.176441479,1.3018136218616634
20.0,6.0,1.0,1.0,0.05,0.9334627629773447,34.287408412,0.9334627629773447
20.0,6.0,1.0,2.0,0.1,0.8079742597008895,36.462956158,0.8079742597008895
20.0,7.0,1.467799267622069,0.0,0.01,1.3945568972944649,30.177993629,1.3945568972944649
20.0,7.0,1.467799267622069,1.0,0.05,1.015482961359695,32.482019101,1.015482961359695
20.0,7.0,1.467799267622069,2.0,0.1,0.8658480255490257,34.530170759,0.8658480255490257
20.0,8.0,2.1544346900318834,0.0,0.01,1.3945602278581761,29.071898876,1.3945602278581761
20.0,8.0,2.1544346900318834,1.0,0.05,1.1006234910236339,34.536986793,1.1006234910236339
20.0,8.0,2.1544346900318834,2.0,0.1,0.9314703478690466,34.049621563,0.9314703478690466
20.0,9.0,3.1622776601683795,0.0,0.01,1.394873070085096,27.915129688,1.394873070085096
20.0,9.0,3.1622776601683795,1.0,0.05,1.1787070009529927,34.109338186,1.1787070009529927
20.0,9.0,3.1622776601683795,2.0,0.1,1.0164846965641066,31.587523597,1.0164846965641066
20.0,10.0,4.6415888336127775,0.0,0.01,1.3945536441776856,27.556816219,1.3945536441776856
20.0,10.0,4.6415888336127775,1.0,0.05,1.277366447492064,36.08038019,1.277366447492064
20.0,10.0,4.6415888336127775,2.0,0.1,1.1063174619491778,34.418597441,1.1063174619491778
20.0,11.0,6.812920690579611,0.0,0.01,1.3944652948588794,30.207914606,1.3944652948588794
20.0,11.0,6.812920690579611,1.0,0.05,1.3942384107315038,28.450850939,1.3942384107315038
20.0,11.0,6.812920690579611,2.0,0.1,1.1897548450318671,34.073384875,1.1897548450318671
20.0,12.0,10.0,0.0,0.01,1.3947816446952412,29.11077294,1.3947816446952412
20.0,12.0,10.0,1.0,0.05,1.3942371662739736,24.982475661,1.3942371662739736
20.0,12.0,10.0,2.0,0.1,1.2926575927435549,34.625647551,1.2926575927435549
21.0,0.0,9.999999999999999e-06,0.0,0.01,0.06803426667463443,26.171788534,0.06803426667463443
21.0,0.0,9.999999999999999e-06,1.0,0.05,0.06124587885189474,27.350247755,0.06124587885189474
21.0,1.0,3.414548873833601e-05,0.0,0.01,0.06974216337238028,29.21098469,0.06974216337238028
21.0,1.0,3.414548873833601e-05,1.0,0.05,0.0616031437308419,27.681912041,0.0616031437308419
21.0,2.0,0.00011659144011798311,0.0,0.01,0.075145450219117,31.93668185,0.075145450219117
21.0,2.0,0.00011659144011798311,1.0,0.05,0.06280669078410027,25.594205043,0.06280669078410027
21.0,3.0,0.00039810717055349735,0.0,0.01,0.09113427210190356,31.342066875,0.09113427210190356
21.0,3.0,0.00039810717055349735,1.0,0.05,0.06661126805574885,25.420040931,0.06661126805574885
21.0,0.0,0.001,0.0,0.01,0.11805330697673277,35.209155836,0.11805330697673277
21.0,0.0,0.001,1.0,0.05,0.07403714964549574,25.658433438,0.07403714964549574
21.0,1.0,0.002187761623949552,0.0,0.01,0.160884837892963,34.913669418,0.160884837892963
21.0,1.0,0.002187761623949552,1.0,0.05,0.08686936859333866,25.382552451,0.08686936859333866
21.0,2.0,0.00478630092322638,0.0,0.01,0.23740425916891797,29.215647015,0.23740425916891797
21.0,2.0,0.00478630092322638,1.0,0.05,0.11052892507844429,29.226704456,0.11052892507844429
21.0,3.0,0.010471285480508996,0.0,0.01,0.36097778906532435,31.308477015,0.36097778906532435
21.0,3.0,0.010471285480508996,1.0,0.05,0.1532212209231791,30.237570782,0.1532212209231791
21.0,4.0,0.022908676527677724,0.0,0.01,0.5194308627652257,39.86691158,0.5194308627652257
21.0,4.0,0.022908676527677724,1.0,0.05,0.2274195837429596,38.496875361,0.2274195837429596
21.0,5.0,0.05011872336272722,0.0,0.01,0.6634974408878437,33.505572683,0.6634974408878437
21.0,5.0,0.05011872336272722,1.0,0.05,0.3455909809860503,36.182697691,0.3455909809860503
21.0,0.0,0.1,0.0,0.01,0.7680394387828635,45.66290816,0.7680394387828635
21.0,0.0,0.1,1.0,0.05,0.4809561842460408,48.108422825,0.4809561842460408
21.0,0.0,0.1,2.0,0.1,0.341250523476555,45.28157822,0.341250523476555
21.0,1.0,0.14677992676220694,0.0,0.01,0.8208075400382707,42.364448429,0.8208075400382707
21.0,1.0,0.14677992676220694,1.0,0.05,0.5553505577297173,46.269355958,0.5553505577297173
21.0,1.0,0.14677992676220694,2.0,0.1,0.4134793392345488,50.170015775,0.4134793392345488
21.0,2.0,0.21544346900318834,0.0,0.01,0.8814041974233748,44.666829699,0.8814041974233748
21.0,2.0,0.21544346900318834,1.0,0.05,0.6220315079708337,44.41790416,0.6220315079708337
21.0,2.0,0.21544346900318834,2.0,0.1,0.48892170310722594,47.791744086,0.48892170310722594
21.0,3.0,0.31622776601683794,0.0,0.01,0.9586605208363741,42.565677449,0.9586605208363741
21.0,3.0,0.31622776601683794,1.0,0.05,0.6813457580505875,45.328491879,0.6813457580505875
21.0,3.0,0.31622776601683794,2.0,0.1,0.5607433968700941,48.736055567,0.5607433968700941
21.0,4.0,0.46415888336127786,0.0,0.01,1.0354456923515687,42.102078403,1.0354456923515687
21.0,4.0,0.46415888336127786,1.0,0.05,0.7402552179119222,44.693447273,0.7402552179119222
21.0,4.0,0.46415888336127786,2.0,0.1,0.624272797221125,44.610591807,0.624272797221125
21.0,5.0,0.6812920690579611,0.0,0.01,1.1055952740089943,41.424183337,1.1055952740089943
21.0,5.0,0.6812920690579611,1.0,0.05,0.7962526369759565,40.676712164,0.7962526369759565
21.0,5.0,0.6812920690579611,2.0,0.1,0.6808353627327286,43.078119777,0.6808353627327286
21.0,6.0,1.0,0.0,0.01,1.192493551592014,40.092193768,1.192493551592014
21.0,6.0,1.0,1.0,0.05,0.8545961803502067,39.740858516,0.8545961803502067
21.0,6.0,1.0,2.0,0.1,0.740162580093303,43.732988372,0.740162580093303
21.0,7.0,1.467799267622069,0.0,0.01,1.278525165800286,40.675767083,1.278525165800286
21.0,7.0,1.467799267622069,1.0,0.05,0.9296943949398304,40.883997106,0.9296943949398304
21.0,7.0,1.467799267622069,2.0,0.1,0.7927469925859583,40.158206337,0.7927469925859583
21.0,8.0,2.1544346900318834,0.0,0.01,1.2789549833555003,37.599365931,1.2789549833555003
21.0,8.0,2.1544346900318834,1.0,0.05,1.0077705326153834,43.034071703,1.0077705326153834
21.0,8.0,2.1544346900318834,2.0,0.1,0.852766584415967,40.166854133,0.852766584415967
21.0,9.0,3.1622776601683795,0.0,0.01,1.27851677634821,35.818763918,1.27851677634821
21.0,9.0,3.1622776601683795,1.0,0.05,1.079453011958407,42.640516789,1.079453011958407
21.0,9.0,3.1622776601683795,2.0,0.1,0.9305797866633922,41.248765968,0.9305797866633922
21.0,10.0,4.6415888336127775,0.0,0.01,1.2789351183441031,32.246441343,1.2789351183441031
21.0,10.0,4.6415888336127775,1.0,0.05,1.1699704905283281,39.285445947,1.1699704905283281
21.0,10.0,4.6415888336127775,2.0,0.1,1.0130342763675015,40.190884162,1.0130342763675015
21.0,11.0,6.812920690579611,0.0,0.01,1.278728828119563,32.131957765,1.278728828119563
21.0,11.0,6.812920690579611,1.0,0.05,1.2783842532243013,34.561545023,1.2783842532243013
21.0,11.0,6.812920690579611,2.0,0.1,1.0895979988642215,56.213950348,1.0895979988642215
21.0,12.0,10.0,0.0,0.01,1.2784457540483711,34.237747602,1.2784457540483711
21.0,12.0,10.0,1.0,0.05,1.2783662358573253,28.785455867,1.2783662358573253
21.0,12.0,10.0,2.0,0.1,1.1840351451639046,39.534631912,1.1840351451639046
22.0,0.0,9.999999999999999e-06,0.0,0.01,0.060666460888990206,28.480021366,0.060666460888990206
22.0,0.0,9.999999999999999e-06,1.0,0.05,0.054581838395619635,31.064848354,0.054581838395619635
22.0,1.0,3.414548873833601e-05,0.0,0.01,0.06233996783343793,31.530702169,0.06233996783343793
22.0,1.0,3.414548873833601e-05,1.0,0.05,0.05493972905487313,29.424569201,0.05493972905487313
22.0,2.0,0.00011659144011798311,0.0,0.01,0.067714372578555,32.867935448,0.067714372578555
22.0,2.0,0.00011659144011798311,1.0,0.05,0.056133606489472736,29.718498477,0.056133606489472736
22.0,3.0,0.00039810717055349735,0.0,0.01,0.0833089865803344,39.158859612,0.0833089865803344
22.0,3.0,0.00039810717055349735,1.0,0.05,0.059896821303571844,29.352597529,0.059896821303571844
22.0,0.0,0.001,0.0,0.01,0.10963442401462246,39.718216669,0.10963442401462246
22.0,0.0,0.001,1.0,0.05,0.06717947174150077,25.848517012,0.06717947174150077
22.0,1.0,0.002187761623949552,0.0,0.01,0.1511636845193007,37.398127088,0.1511636845193007
22.0,1.0,0.002187761623949552,1.0,0.05,0.07965311117620866,33.709196672,0.07965311117620866
22.0,2.0,0.00478630092322638,0.0,0.01,0.2231182860093739,39.41364963,0.2231182860093739
22.0,2.0,0.00478630092322638,1.0,0.05,0.10251165540555195,32.917632823,0.10251165540555195
22.0,3.0,0.010471285480508996,0.0,0.01,0.338734278094839,40.535952187,0.338734278094839
22.0,3.0,0.010471285480508996,1.0,0.05,0.14351475145311365,35.437832445,0.14351475145311365
22.0,4.0,0.022908676527677724,0.0,0.01,0.48287571063562257,40.530082995,0.48287571063562257
22.0,4.0,0.022908676527677724,1.0,0.05,0.21402394092905416,45.099421192,0.21402394092905416
22.0,5.0,0.05011872336272722,0.0,0.01,0.6114795727025119,44.331034103,0.6114795727025119
22.0,5.0,0.05011872336272722,1.0,0.05,0.3247736624242798,43.669710459,0.3247736624242798
22.0,0.0,0.1,0.0,0.01,0.7062516235390973,56.220559796,0.7062516235390973
22.0,0.0,0.1,1.0,0.05,0.448232298109661,56.960535496,0.448232298109661
22.0,0.0,0.1,2.0,0.1,0.32074556345425853,52.99165498,0.32074556345425853
22.0,1.0,0.14677992676220694,0.0,0.01,0.7545190772336883,51.20971725,0.7545190772336883
22.0,1.0,0.14677992676220694,1.0,0.05,0.5147938615092316,54.461982205,0.5147938615092316
22.0,1.0,0.14677992676220694,2.0,0.1,0.38710321732638087,56.964163373,0.38710321732638087
22.0,2.0,0.21544346900318834,0.0,0.01,0.8098111910205542,49.094273844,0.8098111910205542
22.0,2.0,0.21544346900318834,1.0,0.05,0.5740662302838025,53.300606308,0.5740662302838025
22.0,2.0,0.21544346900318834,2.0,0.1,0.45499148807326556,57.665069256,0.45499148807326556
22.0,3.0,0.31622776601683794,0.0,0.01,0.880695606902815,48.624749012,0.880695606902815
22.0,3.0,0.31622776601683794,1.0,0.05,0.6272070383319461,54.003986057,0.6272070383319461
22.0,3.0,0.31622776601683794,2.0,0.1,0.5189972496832659,54.623557875,0.5189972496832659
22.0,4.0,0.46415888336127786,0.0,0.01,0.9518436184928221,49.240094067,0.9518436184928221
22.0,4.0,0.46415888336127786,1.0,0.05,0.6808494318871311,51.246775598,0.6808494318871311
22.0,4.0,0.46415888336127786,2.0,0.1,0.5758078215043262,50.884420383,0.5758078215043262
22.0,5.0,0.6812920690579611,0.0,0.01,1.0163637070211688,48.972072792,1.0163637070211688
22.0,5.0,0.6812920690579611,1.0,0.05,0.7318307139890393,48.850415124,0.7318307139890393
22.0,5.0,0.6812920690579611,2.0,0.1,0.62655849405427,50.166754114,0.62655849405427
22.0,6.0,1.0,0.0,0.01,1.0965234804453505,51.21652853,1.0965234804453505
22.0,6.0,1.0,1.0,0.05,0.7853617124760125,48.895509233,0.7853617124760125
22.0,6.0,1.0,2.0,0.1,0.6805362328715138,50.40591389,0.6805362328715138
22.0,7.0,1.467799267622069,0.0,0.01,1.1765009050325497,43.652450296,1.1765009050325497
22.0,7.0,1.467799267622069,1.0,0.05,0.8543968058551411,48.253838137,0.8543968058551411
22.0,7.0,1.467799267622069,2.0,0.1,0.7285633549833275,45.844889911,0.7285633549833275
22.0,8.0,2.1544346900318834,0.0,0.01,1.1768700467420394,46.036399148,1.1768700467420394
22.0,8.0,2.1544346900318834,1.0,0.05,0.926278769131483,45.751653931,0.926278769131483
22.0,8.0,2.1544346900318834,2.0,0.1,0.7836819934526423,43.47273719,0.7836819934526423
22.0,9.0,3.1622776601683795,0.0,0.01,1.1766742797308236,38.481727434,1.1766742797308236
22.0,9.0,3.1622776601683795,1.0,0.05,0.9923269731002989,49.442575077,0.9923269731002989
22.0,9.0,3.1622776601683795,2.0,0.1,0.8551904031214893,44.933890043,0.8551904031214893
22.0,10.0,4.6415888336127775,0.0,0.01,1.1768052634205208,38.830810633,1.1768052634205208
22.0,10.0,4.6415888336127775,1.0,0.05,1.0756488853805892,48.390588615,1.0756488853805892
22.0,10.0,4.6415888336127775,2.0,0.1,0.9311518167288776,46.700233642,0.9311518167288776
22.0,11.0,6.812920690579611,0.0,0.01,1.177043064377046,40.286091393,1.177043064377046
22.0,11.0,6.812920690579611,1.0,0.05,1.1764237478612303,42.138409784,1.1764237478612303
22.0,11.0,6.812920690579611,2.0,0.1,1.0016663211828971,49.101150576,1.0016663211828971
22.0,12.0,10.0,0.0,0.01,1.1768704944858832,38.880269623,1.1768704944858832
22.0,12.0,10.0,1.0,0.05,1.1764174750182785,35.891589495,1.1764174750182785
22.0,12.0,10.0,2.0,0.1,1.088634400374928,50.700615574,1.088634400374928
23.0,0.0,9.999999999999999e-06,0.0,0.01,0.05414312647047859,28.911226579,0.05414312647047859
23.0,0.0,9.999999999999999e-06,1.0,0.05,0.048814788677860384,31.861986599,0.048814788677860384
23.0,1.0,3.414548873833601e-05,0.0,0.01,0.055806550774281496,34.538698852,0.055806550774281496
23.0,1.0,3.414548873833601e-05,1.0,0.05,0.04917202441685353,35.382927227,0.04917202441685353
23.0,2.0,0.00011659144011798311,0.0,0.01,0.06110502142902778,35.540321732,0.06110502142902778
23.0,2.0,0.00011659144011798311,1.0,0.05,0.05035354226684376,34.664683193,0.05035354226684376
23.0,3.0,0.00039810717055349735,0.0,0.01,0.07633614963914513,42.927254976,0.07633614963914513
23.0,3.0,0.00039810717055349735,1.0,0.05,0.05407928494029919,34.508323001,0.05407928494029919
23.0,0.0,0.001,0.0,0.01,0.10199519219885823,47.526583038,0.10199519219885823
23.0,0.0,0.001,1.0,0.05,0.0612166142901519,32.372643554,0.0612166142901519
23.0,1.0,0.002187761623949552,0.0,0.01,0.14227662047875606,44.193452264,0.14227662047875606
23.0,1.0,0.002187761623949552,1.0,0.05,0.07333552999390086,37.918274629,0.07333552999390086
23.0,2.0,0.00478630092322638,0.0,0.01,0.21029783299467494,40.805072672,0.21029783299467494
23.0,2.0,0.00478630092322638,1.0,0.05,0.09542266481645818,41.935058231,0.09542266481645818
23.0,3.0,0.010471285480508996,0.0,0.01,0.31858143660683214,44.750894007,0.31858143660683214
23.0,3.0,0.010471285480508996,1.0,0.05,0.13481096799499726,47.692408781,0.13481096799499726
23.0,4.0,0.022908676527677724,0.0,0.01,0.44985242286332167,51.14388243,0.44985242286332167
23.0,4.0,0.022908676527677724,1.0,0.05,0.2018972536480222,47.59750369,0.2018972536480222
23.0,5.0,0.05011872336272722,0.0,0.01,0.5650437001384123,51.630910873,0.5650437001384123
23.0,5.0,0.05011872336272722,1.0,0.05,0.3058055357143475,52.015530287,0.3058055357143475
23.0,0.0,0.1,0.0,0.01,0.6513983792932105,62.065955428,0.6513983792932105
23.0,0.0,0.1,1.0,0.05,0.4185143960214719,67.284043203,0.4185143960214719
23.0,0.0,0.1,2.0,0.1,0.30205267030639665,62.928841668,0.30205267030639665
23.0,1.0,0.14677992676220694,0.0,0.01,0.6957008919937933,57.318026989,0.6957008919937933
23.0,1.0,0.14677992676220694,1.0,0.05,0.4783265382740188,63.682352877,0.4783265382740188
23.0,1.0,0.14677992676220694,2.0,0.1,0.3630620628597723,89.343184643,0.3630620628597723
23.0,2.0,0.21544346900318834,0.0,0.01,0.7465927406785711,56.893170611,0.7465927406785711
23.0,2.0,0.21544346900318834,1.0,0.05,0.5313047875489362,61.176688717,0.5313047875489362
23.0,2.0,0.21544346900318834,2.0,0.1,0.4242090399572594,62.188055344,0.4242090399572594
23.0,3.0,0.31622776601683794,0.0,0.01,0.8121004422875657,62.396117151,0.8121004422875657
23.0,3.0,0.31622776601683794,1.0,0.05,0.5791936648259429,62.233379061,0.5791936648259429
23.0,3.0,0.31622776601683794,2.0,0.1,0.4814969253710455,58.310241554,0.4814969253710455
23.0,4.0,0.46415888336127786,0.0,0.01,0.8782901117351146,57.738655028,0.8782901117351146
23.0,4.0,0.46415888336127786,1.0,0.05,0.6282892463385743,68.023894803,0.6282892463385743
23.0,4.0,0.46415888336127786,2.0,0.1,0.5326106507591946,61.483764982,0.5326106507591946
23.0,5.0,0.6812920690579611,0.0,0.01,0.9379115609321803,55.967664751,0.9379115609321803
23.0,5.0,0.6812920690579611,1.0,0.05,0.6749547485592912,55.98266826,0.6749547485592912
23.0,5.0,0.6812920690579611,2.0,0.1,0.5784880361101488,56.672326289,0.5784880361101488
23.0,6.0,1.0,0.0,0.01,1.0118299434023688,53.529086776,1.0118299434023688
23.0,6.0,1.0,1.0,0.05,0.724290489857563,55.296694176,0.724290489857563
23.0,6.0,1.0,2.0,0.1,0.6278377617659643,56.360630329,0.6278377617659643
23.0,7.0,1.467799267622069,0.0,0.01,1.086550555400995,51.077534987,1.086550555400995
23.0,7.0,1.467799267622069,1.0,0.05,0.7879188147930388,56.399621257,0.7879188147930388
23.0,7.0,1.467799267622069,2.0,0.1,0.671908182565769,52.060790738,0.671908182565769
23.0,8.0,2.1544346900318834,0.0,0.01,1.0869363436583916,50.143117791,1.0869363436583916
23.0,8.0,2.1544346900318834,1.0,0.05,0.854349796303558,52.38693546,0.854349796303558
23.0,8.0,2.1544346900318834,2.0,0.1,0.7227147906276188,53.828246008,0.7227147906276188
23.0,9.0,3.1622776601683795,0.0,0.01,1.0865911851911652,47.244624486,1.0865911851911652
23.0,9.0,3.1622776601683795,1.0,0.05,0.9153918435484125,58.838855848,0.9153918435484125
23.0,9.0,3.1622776601683795,2.0,0.1,0.7886590817606406,54.255938243,0.7886590817606406
23.0,10.0,4.6415888336127775,0.0,0.01,1.086465553542394,47.253744304,1.086465553542394
23.0,10.0,4.6415888336127775,1.0,0.05,0.9923398676192189,57.048104902,0.9923398676192189
23.0,10.0,4.6415888336127775,2.0,0.1,0.8588662947042234,49.811927501,0.8588662947042234
23.0,11.0,6.812920690579611,0.0,0.01,1.0866185071716452,44.403246447,1.0866185071716452
23.0,11.0,6.812920690579611,1.0,0.05,1.0862528107314173,48.534217587,1.0862528107314173
23.0,11.0,6.812920690579611,2.0,0.1,0.9240308429333021,56.684743003,0.9240308429333021
23.0,12.0,10.0,0.0,0.01,1.0870072518524563,48.304898591,1.0870072518524563
23.0,12.0,10.0,1.0,0.05,1.0862470599774474,43.340852949,1.0862470599774474
23.0,12.0,10.0,2.0,0.1,1.0043786983268495,55.654705601,1.0043786983268495
24.0,0.0,9.999999999999999e-06,0.0,0.01,0.048405196152645866,32.535888677,0.048405196152645866
24.0,0.0,9.999999999999999e-06,1.0,0.05,0.043787343736553026,36.768230095,0.043787343736553026
24.0,1.0,3.414548873833601e-05,0.0,0.01,0.050061154413833596,36.584195388,0.050061154413833596
24.0,1.0,3.414548873833601e-05,1.0,0.05,0.04414446168862176,37.419012329,0.04414446168862176
24.0,2.0,0.00011659144011798311,0.0,0.01,0.05530748898109478,40.513462491,0.05530748898109478
24.0,2.0,0.00011659144011798311,1.0,0.05,0.04531523978076193,41.839660836,0.04531523978076193
24.0,3.0,0.00039810717055349735,0.0,0.01,0.07015791370863265,50.32390022,0.07015791370863265
24.0,3.0,0.00039810717055349735,1.0,0.05,0.04900451659632582,38.223683466,0.04900451659632582
24.0,0.0,0.001,0.0,0.01,0.09503478984801682,45.30307025,0.09503478984801682
24.0,0.0,0.001,1.0,0.05,0.05600270304816595,39.973647503,0.05600270304816595
24.0,1.0,0.002187761623949552,0.0,0.01,0.1341812120983104,49.634903609,0.1341812120983104
24.0,1.0,0.002187761623949552,1.0,0.05,0.06777632288924751,44.768381545,0.06777632288924751
24.0,2.0,0.00478630092322638,0.0,0.01,0.19930094727368008,50.903313692,0.19930094727368008
24.0,2.0,0.00478630092322638,1.0,0.05,0.08916886032184322,45.497136396,0.08916886032184322
24.0,3.0,0.010471285480508996,0.0,0.01,0.3001257820655632,52.723233814,0.3001257820655632
24.0,3.0,0.010471285480508996,1.0,0.05,0.1269713532869516,57.370300974,0.1269713532869516
24.0,4.0,0.022908676527677724,0.0,0.01,0.4195690198627538,56.973023185,0.4195690198627538
24.0,4.0,0.022908676527677724,1.0,0.05,0.19088009108020704,56.541403572,0.19088009108020704
24.0,5.0,0.05011872336272722,0.0,0.01,0.5237507867178111,54.929327501,0.5237507867178111
24.0,5.0,0.05011872336272722,1.0,0.05,0.28846583925453323,58.160453502,0.28846583925453323
24.0,0.0,0.1,0.0,0.01,0.6030446972289059,66.428038452,0.6030446972289059
24.0,0.0,0.1,1.0,0.05,0.39146532308982884,75.110739384,0.39146532308982884
24.0,0.0,0.1,2.0,0.1,0.2849382628592724,73.529657503,0.2849382628592724
24.0,1.0,0.14677992676220694,0.0,0.01,0.6436403442858524,67.435412046,0.6436403442858524
24.0,1.0,0.14677992676220694,1.0,0.05,0.4453659615054382,70.638556204,0.4453659615054382
24.0,1.0,0.14677992676220694,2.0,0.1,0.34113100717337336,73.867114781,0.34113100717337336
24.0,2.0,0.21544346900318834,0.0,0.01,0.6906819335838172,64.691403905,0.6906819335838172
24.0,2.0,0.21544346900318834,1.0,0.05,0.49304495727197456,73.528242366,0.49304495727197456
24.0,2.0,0.21544346900318834,2.0,0.1,0.3962253229399159,73.736850104,0.3962253229399159
24.0,3.0,0.31622776601683794,0.0,0.01,0.7515903697252656,68.801042022,0.7515903697252656
24.0,3.0,0.31622776601683794,1.0,0.05,0.536463240413685,69.367701886,0.536463240413685
24.0,3.0,0.31622776601683794,2.0,0.1,0.44773337795231344,67.690660237,0.44773337795231344
24.0,4.0,0.46415888336127786,0.0,0.01,0.8126356258954338,62.407851923,0.8126356258954338
24.0,4.0,0.46415888336127786,1.0,0.05,0.5815708712938066,72.586848134,0.5815708712938066
24.0,4.0,0.46415888336127786,2.0,0.1,0.4939862205565792,66.238076738,0.4939862205565792
24.0,5.0,0.6812920690579611,0.0,0.01,0.8680641470898037,64.668029866,0.8680641470898037
24.0,5.0,0.6812920690579611,1.0,0.05,0.6244818166932999,62.39189903,0.6244818166932999
24.0,5.0,0.6812920690579611,2.0,0.1,0.5357260241698543,62.417577826,0.5357260241698543
24.0,6.0,1.0,0.0,0.01,0.936235553984526,63.53218904,0.936235553984526
24.0,6.0,1.0,1.0,0.05,0.670067463799474,61.4407685,0.670067463799474
24.0,6.0,1.0,2.0,0.1,0.5810417805620836,65.476067193,0.5810417805620836
24.0,7.0,1.467799267622069,0.0,0.01,1.0064372834505033,58.211569235,1.0064372834505033
24.0,7.0,1.467799267622069,1.0,0.05,0.7289806833461605,62.325814538,0.7289806833461605
24.0,7.0,1.467799267622069,2.0,0.1,0.6216394426603805,62.094625061,0.6216394426603805
24.0,8.0,2.1544346900318834,0.0,0.01,1.006365299462735,53.644293121,1.006365299462735
24.0,8.0,2.1544346900318834,1.0,0.05,0.7905255207175925,61.536676023,0.7905255207175925
24.0,8.0,2.1544346900318834,2.0,0.1,0.6686270023564964,56.830938591,0.6686270023564964
24.0,9.0,3.1622776601683795,0.0,0.01,1.0065959785445395,53.397670761,1.0065959785445395
24.0,9.0,3.1622776601683795,1.0,0.05,0.8471288372886536,64.685130274,0.8471288372886536
24.0,9.0,3.1622776601683795,2.0,0.1,0.7296447812340394,60.923238586,0.7296447812340394
24.0,10.0,4.6415888336127775,0.0,0.01,1.006547956633351,53.198908724,1.006547956633351
24.0,10.0,4.6415888336127775,1.0,0.05,0.91842302471383,64.539392579,0.91842302471383
24.0,10.0,4.6415888336127775,2.0,0.1,0.794730721836817,57.595806347,0.794730721836817
24.0,11.0,6.812920690579611,0.0,0.01,1.006209774823499,49.48682002,1.006209774823499
24.0,11.0,6.812920690579611,1.0,0.05,1.0060897250240186,52.674624738,1.0060897250240186
24.0,11.0,6.812920690579611,2.0,0.1,0.8551307851879559,66.060420718,0.8551307851879559
24.0,12.0,10.0,0.0,0.01,1.0063936211181739,51.541217831,1.0063936211181739
24.0,12.0,10.0,1.0,0.05,1.0060823167943016,47.32402476,1.0060823167943016
24.0,12.0,10.0,2.0,0.1,0.9295992934366646,63.978353282,0.9295992934366646
25.0,0.0,9.999999999999999e-06,0.0,0.01,0.04338030725288285,38.949834573,0.04338030725288285
25.0,0.0,9.999999999999999e-06,1.0,0.05,0.03936863108446109,43.911116046,0.03936863108446109
25.0,1.0,3.414548873833601e-05,0.0,0.01,0.04503027569675928,44.243498067,0.04503027569675928
25.0,1.0,3.414548873833601e-05,1.0,0.05,0.039724469692771464,45.704504973,0.039724469692771464
25.0,2.0,0.00011659144011798311,0.0,0.01,0.05019257769758076,47.412190704,0.05019257769758076
25.0,2.0,0.00011659144011798311,1.0,0.05,0.04088722304372548,47.680024967,0.04088722304372548
25.0,3.0,0.00039810717055349735,0.0,0.01,0.06467681230193624,60.403775197,0.06467681230193624
25.0,3.0,0.00039810717055349735,1.0,0.05,0.044540376582241616,45.609441208,0.044540376582241616
25.0,0.0,0.001,0.0,0.01,0.08878671957071296,59.032845785,0.08878671957071296
25.0,0.0,0.001,1.0,0.05,0.0514066431805038,44.326730343,0.0514066431805038
25.0,1.0,0.002187761623949552,0.0,0.01,0.12672755344131678,51.288379626,0.12672755344131678
25.0,1.0,0.002187761623949552,1.0,0.05,0.06289853559547394,47.757524803,0.06289853559547394
25.0,2.0,0.00478630092322638,0.0,0.01,0.1892263616561035,59.585663312,0.1892263616561035
25.0,2.0,0.00478630092322638,1.0,0.05,0.08360108902579458,54.690302112,0.08360108902579458
25.0,3.0,0.010471285480508996,0.0,0.01,0.2831016942478656,57.217962451,0.2831016942478656
25.0,3.0,0.010471285480508996,1.0,0.05,0.11997388299708912,63.6266841,0.11997388299708912
25.0,4.0,0.022908676527677724,0.0,0.01,0.3925501070592719,65.372960578,0.3925501070592719
25.0,4.0,0.022908676527677724,1.0,0.05,0.1808413424332693,68.443907685,0.1808413424332693
25.0,5.0,0.05011872336272722,0.0,0.01,0.4868072981952286,61.87830304,0.4868072981952286
25.0,5.0,0.05011872336272722,1.0,0.05,0.2725959082797846,64.73656452,0.2725959082797846
25.0,0.0,0.1,0.0,0.01,0.5596589562294024,65.647196285,0.5596589562294024
25.0,0.0,0.1,1.0,0.05,0.3667603026413127,72.521314378,0.3667603026413127
25.0,0.0,0.1,2.0,0.1,0.26930523044594634,69.930567165,0.26930523044594634
25.0,1.0,0.14677992676220694,0.0,0.01,0.5968907972857914,67.707049844,0.5968907972857914
25.0,1.0,0.14677992676220694,1.0,0.05,0.41550011592147296,71.713122001,0.41550011592147296
25.0,1.0,0.14677992676220694,2.0,0.1,0.32098313583976607,69.744643614,0.32098313583976607
25.0,2.0,0.21544346900318834,0.0,0.01,0.641236454210681,66.261283359,0.641236454210681
25.0,2.0,0.21544346900318834,1.0,0.05,0.45871172224233425,72.613496731,0.45871172224233425
25.0,2.0,0.21544346900318834,2.0,0.1,0.37075518078991065,74.81988313,0.37075518078991065
25.0,3.0,0.31622776601683794,0.0,0.01,0.6975712861422917,72.780188329,0.6975712861422917
25.0,3.0,0.31622776601683794,1.0,0.05,0.4982839855585212,69.665593786,0.4982839855585212
25.0,3.0,0.31622776601683794,2.0,0.1,0.4172688045120006,67.736072961,0.4172688045120006
25.0,4.0,0.46415888336127786,0.0,0.01,0.7541162027225021,63.748363197,0.7541162027225021
25.0,4.0,0.46415888336127786,1.0,0.05,0.5398933810624053,70.99618356,0.5398933810624053
25.0,4.0,0.46415888336127786,2.0,0.1,0.4593237950773706,67.639047618,0.4593237950773706
25.0,5.0,0.6812920690579611,0.0,0.01,0.8058171064785519,64.66127806,0.8058171064785519
25.0,5.0,0.6812920690579611,1.0,0.05,0.579487897754156,64.15714773,0.579487897754156
25.0,5.0,0.6812920690579611,2.0,0.1,0.4975199813380748,63.751005018,0.4975199813380748
25.0,6.0,1.0,0.0,0.01,0.8691613042829025,65.390812824,0.8691613042829025
25.0,6.0,1.0,1.0,0.05,0.6217806658726223,64.584649417,0.6217806658726223
25.0,6.0,1.0,2.0,0.1,0.5392955165370519,64.249092878,0.5392955165370519
25.0,7.0,1.467799267622069,0.0,0.01,0.9352492538823964,54.687511002,0.9352492538823964
25.0,7.0,1.467799267622069,1.0,0.05,0.6764300636134054,64.839607457,0.6764300636134054
25.0,7.0,1.467799267622069,2.0,0.1,0.5768366983939636,62.676179144,0.5768366983939636
25.0,8.0,2.1544346900318834,0.0,0.01,0.9349409022909734,54.444100822,0.9349409022909734
25.0,8.0,2.1544346900318834,1.0,0.05,0.7336484655655543,59.30971533,0.7336484655655543
25.0,8.0,2.1544346900318834,2.0,0.1,0.6204322399072081,54.759124357,0.6204322399072081
25.0,9.0,3.1622776601683795,0.0,0.01,0.9350537598318481,50.593518708,0.9350537598318481
25.0,9.0,3.1622776601683795,1.0,0.05,0.7862551284432596,67.091980316,0.7862551284432596
25.0,9.0,3.1622776601683795,2.0,0.1,0.6770527574856225,67.965905819,0.6770527574856225
25.0,10.0,4.6415888336127775,0.0,0.01,0.9351532322547038,55.243496253,0.9351532322547038
25.0,10.0,4.6415888336127775,1.0,0.05,0.852505104040113,67.347735233,0.852505104040113
25.0,10.0,4.6415888336127775,2.0,0.1,0.7375621167645191,60.329040827,0.7375621167645191
25.0,11.0,6.812920690579611,0.0,0.01,0.934895682449975,58.765569472,0.934895682449975
25.0,11.0,6.812920690579611,1.0,0.05,0.9345257974410611,60.787532071,0.9345257974410611
25.0,11.0,6.812920690579611,2.0,0.1,0.7937125839888353,66.45644827,0.7937125839888353
25.0,12.0,10.0,0.0,0.01,0.9347789927412715,55.217574527,0.9347789927412715
25.0,12.0,10.0,1.0,0.05,0.9345182181579788,50.802670381,0.9345182181579788
25.0,12.0,10.0,2.0,0.1,0.8629187721780658,67.738517553,0.8629187721780658
26.0,0.0,9.999999999999999e-06,0.0,0.01,0.03896914738124489,50.12671963,0.03896914738124489
26.0,0.0,9.999999999999999e-06,1.0,0.05,0.0354865929204791,47.665790937,0.0354865929204791
26.0,1.0,3.414548873833601e-05,0.0,0.01,0.040615447277938234,53.52319007,0.040615447277938234
26.0,1.0,3.414548873833601e-05,1.0,0.05,0.035841965520549385,51.090249155,0.035841965520549385
26.0,2.0,0.00011659144011798311,0.0,0.01,0.04571900257463247,53.49516979,0.04571900257463247
26.0,2.0,0.00011659144011798311,1.0,0.05,0.03699406209448816,54.951775701,0.03699406209448816
26.0,3.0,0.00039810717055349735,0.0,0.01,0.059809932361838375,74.347234637,0.059809932361838375
26.0,3.0,0.00039810717055349735,1.0,0.05,0.04061063196465156,53.566898272,0.04061063196465156
26.0,0.0,0.001,0.0,0.01,0.08317237939299955,60.602646854,0.08317237939299955
26.0,0.0,0.001,1.0,0.05,0.04737092479720559,53.637566607,0.04737092479720559
26.0,1.0,0.002187761623949552,0.0,0.01,0.11995960090838052,65.594264015,0.11995960090838052
26.0,1.0,0.002187761623949552,1.0,0.05,0.05855755882359734,58.13312199,0.05855755882359734
26.0,2.0,0.00478630092322638,0.0,0.01,0.18002839104477136,63.25091203,0.18002839104477136
26.0,2.0,0.00478630092322638,1.0,0.05,0.07858669553717182,65.30326386,0.07858669553717182
26.0,3.0,0.010471285480508996,0.0,0.01,0.26753947609190826,71.00580831,0.26753947609190826
26.0,3.0,0.010471285480508996,1.0,0.05,0.11359894931453607,71.168011213,0.11359894931453607
26.0,4.0,0.022908676527677724,0.0,0.01,0.36759709388621487,74.053413546,0.36759709388621487
26.0,4.0,0.022908676527677724,1.0,0.05,0.17177144179011977,78.637059424,0.17177144179011977
26.0,5.0,0.05011872336272722,0.0,0.01,0.4536045240331907,77.051590797,0.4536045240331907
26.0,5.0,0.05011872336272722,1.0,0.05,0.2579629412974835,79.907237273,0.2579629412974835
26.0,0.0,0.1,0.0,0.01,0.5204968339332754,86.777720721,0.5204968339332754
26.0,0.0,0.1,1.0,0.05,0.34413925308029536,88.604629484,0.34413925308029536
26.0,0.0,0.1,2.0,0.1,0.2548965908480921,90.110095475,0.2548965908480921
26.0,1.0,0.14677992676220694,0.0,0.01,0.5555380759408625,86.716949508,0.5555380759408625
26.0,1.0,0.14677992676220694,1.0,0.05,0.38839758970499044,90.021472879,0.38839758970499044
26.0,1.0,0.14677992676220694,2.0,0.1,0.3024339939742732,88.56979412,0.3024339939742732
26.0,2.0,0.21544346900318834,0.0,0.01,0.5966796877630639,80.222107631,0.5966796877630639
26.0,2.0,0.21544346900318834,1.0,0.05,0.42776642320125036,85.185017469,0.42776642320125036
26.0,2.0,0.21544346900318834,2.0,0.1,0.3475386256486301,90.781601327,0.3475386256486301
26.0,3.0,0.31622776601683794,0.0,0.01,0.6488457941130256,82.072650872,0.6488457941130256
26.0,3.0,0.31622776601683794,1.0,0.05,0.46400657903510517,84.112772448,0.46400657903510517
26.0,3.0,0.31622776601683794,2.0,0.1,0.3897016810675862,86.677534419,0.3897016810675862
26.0,4.0,0.46415888336127786,0.0,0.01,0.7018630945858922,80.275739471,0.7018630945858922
26.0,4.0,0.46415888336127786,1.0,0.05,0.5024990656928997,100.12636303,0.5024990656928997
26.0,4.0,0.46415888336127786,2.0,0.1,0.42813199007562036,91.673496352,0.42813199007562036
26.0,5.0,0.6812920690579611,0.0,0.01,0.7500166623393613,84.252857476,0.7500166623393613
26.0,5.0,0.6812920690579611,1.0,0.05,0.5392179466420061,81.621448119,0.5392179466420061
26.0,5.0,0.6812920690579611,2.0,0.1,0.46324813066169596,77.714746792,0.46324813066169596
26.0,6.0,1.0,0.0,0.01,0.808956670981851,79.120676964,0.808956670981851
26.0,6.0,1.0,1.0,0.05,0.5785276666754983,77.216064246,0.5785276666754983
26.0,6.0,1.0,2.0,0.1,0.5019004621239664,78.73103211,0.5019004621239664
26.0,7.0,1.467799267622069,0.0,0.01,0.8708362701160612,72.735187852,0.8708362701160612
26.0,7.0,1.467799267622069,1.0,0.05,0.6294121343024006,77.214465088,0.6294121343024006
26.0,7.0,1.467799267622069,2.0,0.1,0.5367314795426007,78.695012624,0.5367314795426007
26.0,8.0,2.1544346900318834,0.0,0.01,0.8710034544011803,66.433107989,0.8710034544011803
26.0,8.0,2.1544346900318834,1.0,0.05,0.6827081181888152,79.122812272,0.6827081181888152
26.0,8.0,2.1544346900318834,2.0,0.1,0.577286227174042,69.791115024,0.577286227174042
26.0,9.0,3.1622776601683795,0.0,0.01,0.8705792286811954,64.270073201,0.8705792286811954
26.0,9.0,3.1622776601683795,1.0,0.05,0.7317679764250596,78.806481064,0.7317679764250596
26.0,9.0,3.1622776601683795,2.0,0.1,0.6299843095677463,73.790804189,0.6299843095677463
26.0,10.0,4.6415888336127775,0.0,0.01,0.8710558149359623,67.709328422,0.8710558149359623
26.0,10.0,4.6415888336127775,1.0,0.05,0.7934982849142818,79.251859935,0.7934982849142818
26.0,10.0,4.6415888336127775,2.0,0.1,0.6863788631380972,79.228642724,0.6863788631380972
26.0,11.0,6.812920690579611,0.0,0.01,0.8710454992490603,62.988011603,0.8710454992490603
26.0,11.0,6.812920690579611,1.0,0.05,0.8703952018794944,78.689127475,0.8703952018794944
26.0,11.0,6.812920690579611,2.0,0.1,0.7387146116878013,71.529886673,0.7387146116878013
26.0,12.0,10.0,0.0,0.01,0.870815489553986,62.073904005,0.870815489553986
26.0,12.0,10.0,1.0,0.05,0.8703587063954713,64.901610743,0.8703587063954713
26.0,12.0,10.0,2.0,0.1,0.8031983368329532,76.091349508,0.8031983368329532
27.0,0.0,9.999999999999999e-06,0.0,0.01,0.03507791729592844,57.510216006,0.03507791729592844
27.0,0.0,9.999999999999999e-06,1.0,0.05,0.032134464851412185,53.699515462,0.032134464851412185
27.0,1.0,3.414548873833601e-05,0.0,0.01,0.036728618845785155,53.748502755,0.036728618845785155
27.0,1.0,3.414548873833601e-05,1.0,0.05,0.032488831866860766,60.297536362,0.032488831866860766
27.0,2.0,0.00011659144011798311,0.0,0.01,0.04177540496509478,59.703424815,0.04177540496509478
27.0,2.0,0.00011659144011798311,1.0,0.05,0.03363062460921406,59.365021227,0.03363062460921406
27.0,3.0,0.00039810717055349735,0.0,0.01,0.05547129962870071,79.037775958,0.05547129962870071
27.0,3.0,0.00039810717055349735,1.0,0.05,0.037209739896997225,58.880768782,0.037209739896997225
27.0,0.0,0.001,0.0,0.01,0.07808812451968203,70.451524547,0.07808812451968203
27.0,0.0,0.001,1.0,0.05,0.04382854677797158,60.024823616,0.04382854677797158
27.0,1.0,0.002187761623949552,0.0,0.01,0.11366362926458955,70.971511801,0.11366362926458955
27.0,1.0,0.002187761623949552,1.0,0.05,0.05466984900724205,60.848642077,0.05466984900724205
27.0,2.0,0.00478630092322638,0.0,0.01,0.17140720201858212,79.055483527,0.17140720201858212
27.0,2.0,0.00478630092322638,1.0,0.05,0.07404545546338712,73.486817058,0.07404545546338712
27.0,3.0,0.010471285480508996,0.0,0.01,0.25307691850145103,77.584910594,0.25307691850145103
27.0,3.0,0.010471285480508996,1.0,0.05,0.10777849084941102,77.316651552,0.10777849084941102
27.0,4.0,0.022908676527677724,0.0,0.01,0.34485508230482914,85.499557174,0.34485508230482914
27.0,4.0,0.022908676527677724,1.0,0.05,0.1634316788764803,85.522832537,0.1634316788764803
27.0,5.0,0.05011872336272722,0.0,0.01,0.4237993821030727,82.122722867,0.4237993821030727
27.0,5.0,0.05011872336272722,1.0,0.05,0.24442972901712207,82.434416287,0.24442972901712207
27.0,0.0,0.1,0.0,0.01,0.48596784052657116,102.169741532,0.48596784052657116
27.0,0.0,0.1,1.0,0.05,0.3234058243629934,106.807645623,0.3234058243629934
27.0,0.0,0.1,2.0,0.1,0.24157669353769085,104.910542057,0.24157669353769085
27.0,1.0,0.14677992676220694,0.0,0.01,0.5183271657260715,101.183452993,0.5183271657260715
27.0,1.0,0.14677992676220694,1.0,0.05,0.36376009764419714,103.561060155,0.36376009764419714
27.0,1.0,0.14677992676220694,2.0,0.1,0.28532293244720575,112.30015879,0.28532293244720575
27.0,2.0,0.21544346900318834,0.0,0.01,0.5562348119829162,98.647643323,0.5562348119829162
27.0,2.0,0.21544346900318834,1.0,0.05,0.39982514057712437,107.319315549,0.39982514057712437
27.0,2.0,0.21544346900318834,2.0,0.1,0.32631290569923116,101.30784846,0.32631290569923116
27.0,3.0,0.31622776601683794,0.0,0.01,0.6053196244827708,96.413103406,0.6053196244827708
27.0,3.0,0.31622776601683794,1.0,0.05,0.43313026344724825,105.831128902,0.43313026344724825
27.0,3.0,0.31622776601683794,2.0,0.1,0.36469720309681436,95.681501253,0.36469720309681436
27.0,4.0,0.46415888336127786,0.0,0.01,0.6546786838568442,91.647494613,0.6546786838568442
27.0,4.0,0.46415888336127786,1.0,0.05,0.46891120937024267,99.294574778,0.46891120937024267
27.0,4.0,0.46415888336127786,2.0,0.1,0.3999741955899678,96.180559187,0.3999741955899678
27.0,5.0,0.6812920690579611,0.0,0.01,0.6995510797680541,93.43219352,0.6995510797680541
27.0,5.0,0.6812920690579611,1.0,0.05,0.5030227212835225,89.221694207,0.5030227212835225
27.0,5.0,0.6812920690579611,2.0,0.1,0.4323943384538878,87.82634631,0.4323943384538878
27.0,6.0,1.0,0.0,0.01,0.755172789454209,95.69028742,0.755172789454209
27.0,6.0,1.0,1.0,0.05,0.5396708260017101,85.786657047,0.5396708260017101
27.0,6.0,1.0,2.0,0.1,0.46827164009678274,92.412288341,0.46827164009678274
27.0,7.0,1.467799267622069,0.0,0.01,0.8132882866994946,81.994255015,0.8132882866994946
27.0,7.0,1.467799267622069,1.0,0.05,0.5871524984831169,96.064315274,0.5871524984831169
27.0,7.0,1.467799267622069,2.0,0.1,0.5006878755116456,86.602100086,0.5006878755116456
27.0,8.0,2.1544346900318834,0.0,0.01,0.8128204594171908,78.444109439,0.8128204594171908
27.0,8.0,2.1544346900318834,1.0,0.05,0.6369535980793563,91.824609016,0.6369535980793563
27.0,8.0,2.1544346900318834,2.0,0.1,0.5385168328648354,82.011358149,0.5385168328648354
27.0,9.0,3.1622776601683795,0.0,0.01,0.8128104285147464,70.094893865,0.8128104285147464
27.0,9.0,3.1622776601683795,1.0,0.05,0.6827961863425777,89.196427844,0.6827961863425777
27.0,9.0,3.1622776601683795,2.0,0.1,0.5876885072436328,88.334097521,0.5876885072436328
27.0,10.0,4.6415888336127775,0.0,0.01,0.8131583484392371,74.516355144,0.8131583484392371
27.0,10.0,4.6415888336127775,1.0,0.05,0.7404407018973312,86.784628021,0.7404407018973312
27.0,10.0,4.6415888336127775,2.0,0.1,0.6403809897744099,86.18897622,0.6403809897744099
27.0,11.0,6.812920690579611,0.0,0.01,0.8130890414683198,71.885224336,0.8130890414683198
27.0,11.0,6.812920690579611,1.0,0.05,0.8126409004125594,80.120625267,0.8126409004125594
27.0,11.0,6.812920690579611,2.0,0.1,0.6892723794800428,88.186055818,0.6892723794800428
27.0,12.0,10.0,0.0,0.01,0.8127850970704643,69.150920091,0.8127850970704643
27.0,12.0,10.0,1.0,0.05,0.8126134133923825,66.714673421,0.8126134133923825
27.0,12.0,10.0,2.0,0.1,0.7495024927269208,84.229310618,0.7495024927269208
28.0,0.0,9.999999999999999e-06,0.0,0.01,0.03174149835030461,61.037056579,0.03174149835030461
28.0,0.0,9.999999999999999e-06,1.0,0.05,0.029292605516475428,55.856530427,0.029292605516475428
28.0,1.0,3.414548873833601e-05,0.0,0.01,0.03336497322325609,59.083434761,0.03336497322325609
28.0,1.0,3.414548873833601e-05,1.0,0.05,0.02964539696676205,61.624323549,0.02964539696676205
28.0,2.0,0.00011659144011798311,0.0,0.01,0.038363397488063965,62.268774193,0.038363397488063965
28.0,2.0,0.00011659144011798311,1.0,0.05,0.03077916711144608,60.66797643,0.03077916711144608
28.0,3.0,0.00039810717055349735,0.0,0.01,0.05177586186771349,80.134019701,0.05177586186771349
28.0,3.0,0.00039810717055349735,1.0,0.05,0.034323544344886846,70.453729593,0.034323544344886846
28.0,0.0,0.001,0.0,0.01,0.07351458808360832,78.087954373,0.07351458808360832
28.0,0.0,0.001,1.0,0.05,0.04082661051857743,64.200553561,0.04082661051857743
28.0,1.0,0.002187761623949552,0.0,0.01,0.1079554579827787,83.103228983,0.1079554579827787
28.0,1.0,0.002187761623949552,1.0,0.05,0.051337106669125866,71.482052943,0.051337106669125866
28.0,2.0,0.00478630092322638,0.0,0.01,0.1634737862661792,79.800771653,0.1634737862661792
28.0,2.0,0.00478630092322638,1.0,0.05,0.06998835832753783,83.011119784,0.06998835832753783
28.0,3.0,0.010471285480508996,0.0,0.01,0.23979095451903762,86.62144232200001,0.23979095451903762
28.0,3.0,0.010471285480508996,1.0,0.05,0.10242931125278282,91.75535935,0.10242931125278282
28.0,4.0,0.022908676527677724,0.0,0.01,0.32423231981036277,89.306813389,0.32423231981036277
28.0,4.0,0.022908676527677724,1.0,0.05,0.155738496771478,97.298578427,0.155738496771478
28.0,5.0,0.05011872336272722,0.0,0.01,0.3965374862183282,92.457615752,0.3965374862183282
28.0,5.0,0.05011872336272722,1.0,0.05,0.23188300365789524,98.547576079,0.23188300365789524
28.0,0.0,0.1,0.0,0.01,0.454394039580084,105.860412975,0.454394039580084
28.0,0.0,0.1,1.0,0.05,0.30435553012093,112.994745536,0.30435553012093
28.0,0.0,0.1,2.0,0.1,0.22921817125779156,107.787123506,0.22921817125779156
28.0,1.0,0.14677992676220694,0.0,0.01,0.48441507776200726,102.620836561,0.48441507776200726
28.0,1.0,0.14677992676220694,1.0,0.05,0.3412929515142969,105.162141688,0.3412929515142969
28.0,1.0,0.14677992676220694,2.0,0.1,0.2695151344827314,103.718943425,0.2695151344827314
28.0,2.0,0.21544346900318834,0.0,0.01,0.5203608128003483,94.483087302,0.5203608128003483
28.0,2.0,0.21544346900318834,1.0,0.05,0.37450417975212485,100.109646346,0.37450417975212485
28.0,2.0,0.21544346900318834,2.0,0.1,0.306880283901454,108.519236738,0.306880283901454
28.0,3.0,0.31622776601683794,0.0,0.01,0.5659012673785133,97.733084221,0.5659012673785133
28.0,3.0,0.31622776601683794,1.0,0.05,0.4052381998388144,106.468593087,0.4052381998388144
28.0,3.0,0.31622776601683794,2.0,0.1,0.3419666640276901,99.040505822,0.3419666640276901
28.0,4.0,0.46415888336127786,0.0,0.01,0.6123155224662624,99.919292659,0.6123155224662624
28.0,4.0,0.46415888336127786,1.0,0.05,0.43855985370259537,110.099819578,0.43855985370259537
28.0,4.0,0.46415888336127786,2.0,0.1,0.37447050168822343,106.517459871,0.37447050168822343
28.0,5.0,0.6812920690579611,0.0,0.01,0.6544163015244961,105.401858804,0.6544163015244961
28.0,5.0,0.6812920690579611,1.0,0.05,0.47036369500756403,99.85343921,0.47036369500756403
28.0,5.0,0.6812920690579611,2.0,0.1,0.4045176727485369,94.266231685,0.4045176727485369
28.0,6.0,1.0,0.0,0.01,0.7066197983767782,100.915678485,0.7066197983767782
28.0,6.0,1.0,1.0,0.05,0.5046413897271593,89.004660315,0.5046413897271593
28.0,6.0,1.0,2.0,0.1,0.43792201217868987,96.263850981,0.43792201217868987
28.0,7.0,1.467799267622069,0.0,0.01,0.7610124107897753,89.411448636,0.7610124107897753
28.0,7.0,1.467799267622069,1.0,0.05,0.5490254103294083,98.922977804,0.5490254103294083
28.0,7.0,1.467799267622069,2.0,0.1,0.46817177549970257,91.300864926,0.46817177549970257
28.0,8.0,2.1544346900318834,0.0,0.01,0.7611719391913226,87.261124197,0.7611719391913226
28.0,8.0,2.1544346900318834,1.0,0.05,0.5956638364845203,98.355931618,0.5956638364845203
28.0,8.0,2.1544346900318834,2.0,0.1,0.5035413727050654,96.958466024,0.5035413727050654
28.0,9.0,3.1622776601683795,0.0,0.01,0.7612012032677692,82.910517865,0.7612012032677692
28.0,9.0,3.1622776601683795,1.0,0.05,0.6385914241743358,98.08503938,0.6385914241743358
28.0,9.0,3.1622776601683795,2.0,0.1,0.5495354196289575,91.931507462,0.5495354196289575
28.0,10.0,4.6415888336127775,0.0,0.01,0.7611483387732886,75.893947065,0.7611483387732886
28.0,10.0,4.6415888336127775,1.0,0.05,0.6925441273491234,93.616645467,0.6925441273491234
28.0,10.0,4.6415888336127775,2.0,0.1,0.5988743816909803,89.409623765,0.5988743816909803
28.0,11.0,6.812920690579611,0.0,0.01,0.7606608940548216,81.290446063,0.7606608940548216
28.0,11.0,6.812920690579611,1.0,0.05,0.7604707779605165,95.495502048,0.7604707779605165
28.0,11.0,6.812920690579611,2.0,0.1,0.6446571562307256,102.995517058,0.6446571562307256
28.0,12.0,10.0,0.0,0.01,0.7612081382438645,79.701744339,0.7612081382438645
28.0,12.0,10.0,1.0,0.05,0.7604480101982924,72.634092765,0.7604480101982924
28.0,12.0,10.0,2.0,0.1,0.701052149488415,94.614511056,0.701052149488415
29.0,0.0,9.999999999999999e-06,0.0,0.01,0.028827068044751204,71.268146197,0.028827068044751204
29.0,0.0,9.999999999999999e-06,1.0,0.05,0.026716504826773037,66.304157096,0.026716504826773037
29.0,1.0,3.414548873833601e-05,0.0,0.01,0.03045231695364838,71.576905901,0.03045231695364838
29.0,1.0,3.414548873833601e-05,1.0,0.05,0.027068071933907208,90.22975024,0.027068071933907208
29.0,2.0,0.00011659144011798311,0.0,0.01,0.03535603644544592,70.03315943,0.03535603644544592
29.0,2.0,0.00011659144011798311,1.0,0.05,0.028193963864909275,70.360454693,0.028193963864909275
29.0,3.0,0.00039810717055349735,0.0,0.01,0.04857612970839323,96.4987593,0.04857612970839323
29.0,3.0,0.00039810717055349735,1.0,0.05,0.03170315243836489,71.760406962,0.03170315243836489
29.0,0.0,0.001,0.0,0.01,0.06957329403439245,79.95105657,0.06957329403439245
29.0,0.0,0.001,1.0,0.05,0.038092871968370405,74.089143173,0.038092871968370405
29.0,1.0,0.002187761623949552,0.0,0.01,0.10267742969559701,89.494665368,0.10267742969559701
29.0,1.0,0.002187761623949552,1.0,0.05,0.04832946326923598,80.194997082,0.04832946326923598
29.0,2.0,0.00478630092322638,0.0,0.01,0.1559238758723259,96.950870224,0.1559238758723259
29.0,2.0,0.00478630092322638,1.0,0.05,0.0663177542700859,81.72201374,0.0663177542700859
29.0,3.0,0.010471285480508996,0.0,0.01,0.2274151989509954,98.741690753,0.2274151989509954
29.0,3.0,0.010471285480508996,1.0,0.05,0.09752002848814638,103.453105043,0.09752002848814638
29.0,4.0,0.022908676527677724,0.0,0.01,0.3052575517177702,105.163847487,0.3052575517177702
29.0,4.0,0.022908676527677724,1.0,0.05,0.1486037193749335,110.439023249,0.1486037193749335
29.0,5.0,0.05011872336272722,0.0,0.01,0.37186123991513104,107.103637549,0.37186123991513104
29.0,5.0,0.05011872336272722,1.0,0.05,0.22023034685885337,108.448095099,0.22023034685885337
29.0,0.0,0.1,0.0,0.01,0.42595520714779306,115.428339959,0.42595520714779306
29.0,0.0,0.1,1.0,0.05,0.2868467918082273,120.467033942,0.2868467918082273
29.0,0.0,0.1,2.0,0.1,0.21771535661883812,122.582593005,0.21771535661883812
29.0,1.0,0.14677992676220694,0.0,0.01,0.454132012258328,110.409611302,0.454132012258328
29.0,1.0,0.14677992676220694,1.0,0.05,0.32078366331855046,123.72731207,0.32078366331855046
29.0,1.0,0.14677992676220694,2.0,0.1,0.25488533697593313,125.437462434,0.25488533697593313
29.0,2.0,0.21544346900318834,0.0,0.01,0.4873866954185796,114.411427055,0.4873866954185796
29.0,2.0,0.21544346900318834,1.0,0.05,0.35147883488934806,122.628451548,0.35147883488934806
29.0,2.0,0.21544346900318834,2.0,0.1,0.2890542652371528,116.244871333,0.2890542652371528
29.0,3.0,0.31622776601683794,0.0,0.01,0.5302565823941102,111.204887043,0.5302565823941102
29.0,3.0,0.31622776601683794,1.0,0.05,0.3799526236755026,123.014700376,0.3799526236755026
29.0,3.0,0.31622776601683794,2.0,0.1,0.3212509250688572,114.038677037,0.3212509250688572
29.0,4.0,0.46415888336127786,0.0,0.01,0.5743376195829208,110.539776091,0.5743376195829208
29.0,4.0,0.46415888336127786,1.0,0.05,0.4110890152958677,109.787024311,0.4110890152958677
29.0,4.0,0.46415888336127786,2.0,0.1,0.3513059585639568,112.550358279,0.3513059585639568
29.0,5.0,0.6812920690579611,0.0,0.01,0.6133992492324671,113.005441798,0.6133992492324671
29.0,5.0,0.6812920690579611,1.0,0.05,0.44077639433111937,111.194179631,0.44077639433111937
29.0,5.0,0.6812920690579611,2.0,0.1,0.3792542947456196,103.249575257,0.3792542947456196
29.0,6.0,1.0,0.0,0.01,0.6623074091447301,107.525237246,0.6623074091447301
29.0,6.0,1.0,1.0,0.05,0.47291339956072165,105.498870613,0.47291339956072165
29.0,6.0,1.0,2.0,0.1,0.4104388774246834,97.778920356,0.4104388774246834
29.0,7.0,1.467799267622069,0.0,0.01,0.7137423114544307,88.889801905,0.7137423114544307
29.0,7.0,1.467799267622069,1.0,0.05,0.5145240474251415,111.118665297,0.5145240474251415
29.0,7.0,1.467799267622069,2.0,0.1,0.4387328253375347,102.102239939,0.4387328253375347
29.0,8.0,2.1544346900318834,0.0,0.01,0.713843830806267,89.88458072,0.713843830806267
29.0,8.0,2.1544346900318834,1.0,0.05,0.5582678350628115,99.950050507,0.5582678350628115
29.0,8.0,2.1544346900318834,2.0,0.1,0.4718863906016231,101.68498208,0.4718863906016231
29.0,9.0,3.1622776601683795,0.0,0.01,0.7137476211559518,88.04543042,0.7137476211559518
29.0,9.0,3.1622776601683795,1.0,0.05,0.5985694180490898,106.69037502,0.5985694180490898
29.0,9.0,3.1622776601683795,2.0,0.1,0.5149994716950618,113.066626706,0.5149994716950618
29.0,10.0,4.6415888336127775,0.0,0.01,0.7136320401708887,90.505280334,0.7136320401708887
29.0,10.0,4.6415888336127775,1.0,0.05,0.6491911860578052,108.419735017,0.6491911860578052
29.0,10.0,4.6415888336127775,2.0,0.1,0.5613085527238839,102.041617907,0.5613085527238839
29.0,11.0,6.812920690579611,0.0,0.01,0.7137467051528105,87.246092136,0.7137467051528105
29.0,11.0,6.812920690579611,1.0,0.05,0.7131190360354785,103.817843519,0.7131190360354785
29.0,11.0,6.812920690579611,2.0,0.1,0.6042640822169477,92.096809195,0.6042640822169477
29.0,12.0,10.0,0.0,0.01,0.7133349312362287,96.954950872,0.7133349312362287
29.0,12.0,10.0,1.0,0.05,0.7131840249399997,86.86210651,0.7131840249399997
29.0,12.0,10.0,2.0,0.1,0.6571663792077526,110.394833649,0.6571663792077526
30.0,0.0,9.999999999999999e-06,0.0,0.01,0.026184492694164698,72.962638749,0.026184492694164698
30.0,0.0,9.999999999999999e-06,1.0,0.05,0.02440244629151999,81.97720374,0.02440244629151999
30.0,1.0,3.414548873833601e-05,0.0,0.01,0.02777528885423316,79.108519821,0.02777528885423316
30.0,1.0,3.414548873833601e-05,1.0,0.05,0.024751707421605897,86.005425437,0.024751707421605897
30.0,2.0,0.00011659144011798311,0.0,0.01,0.032627307332224506,85.90490772,0.032627307332224506
30.0,2.0,0.00011659144011798311,1.0,0.05,0.02587080164362348,80.324731135,0.02587080164362348
30.0,3.0,0.00039810717055349735,0.0,0.01,0.045616320941936433,104.359903204,0.045616320941936433
30.0,3.0,0.00039810717055349735,1.0,0.05,0.029341275803898028,79.996055271,0.029341275803898028
30.0,0.0,0.001,0.0,0.01,0.06606812808263948,93.78013317,0.06606812808263948
30.0,0.0,0.001,1.0,0.05,0.03559826374410057,92.097449831,0.03559826374410057
30.0,1.0,0.002187761623949552,0.0,0.01,0.09779517187019485,105.730143043,0.09779517187019485
30.0,1.0,0.002187761623949552,1.0,0.05,0.045569765112475465,91.517825805,0.045569765112475465
30.0,2.0,0.00478630092322638,0.0,0.01,0.14915912780970877,107.723220773,0.14915912780970877
30.0,2.0,0.00478630092322638,1.0,0.05,0.06297643873924111,101.964867419,0.06297643873924111
30.0,3.0,0.010471285480508996,0.0,0.01,0.21593894992351728,114.03661688,0.21593894992351728
30.0,3.0,0.010471285480508996,1.0,0.05,0.09303964315985087,112.99974442,0.09303964315985087
30.0,4.0,0.022908676527677724,0.0,0.01,0.2879066723104984,107.607732716,0.2879066723104984
30.0,4.0,0.022908676527677724,1.0,0.05,0.14197717853836017,125.765245985,0.14197717853836017
30.0,5.0,0.05011872336272722,0.0,0.01,0.34938359372410993,116.696773765,0.34938359372410993
30.0,5.0,0.05011872336272722,1.0,0.05,0.20936730621118588,123.039008773,0.20936730621118588
30.0,0.0,0.1,0.0,0.01,0.3998817169838098,122.057645973,0.3998817169838098
30.0,0.0,0.1,1.0,0.05,0.27073456948213753,134.797876647,0.27073456948213753
30.0,0.0,0.1,2.0,0.1,0.2069950122130453,140.732856042,0.2069950122130453
30.0,1.0,0.14677992676220694,0.0,0.01,0.42636350389895117,130.670777921,0.42636350389895117
30.0,1.0,0.14677992676220694,1.0,0.05,0.3020231341189749,138.299054752,0.3020231341189749
30.0,1.0,0.14677992676220694,2.0,0.1,0.2413318461986503,139.221954108,0.2413318461986503
30.0,2.0,0.21544346900318834,0.0,0.01,0.4577188193014008,135.760013201,0.4577188193014008
30.0,2.0,0.21544346900318834,1.0,0.05,0.3304791932956384,140.87338359,0.3304791932956384
30.0,2.0,0.21544346900318834,2.0,0.1,0.27267097713895466,129.622717652,0.27267097713895466
30.0,3.0,0.31622776601683794,0.0,0.01,0.49841412959895,132.932422918,0.49841412959895
30.0,3.0,0.31622776601683794,1.0,0.05,0.35697159791631083,130.317827256,0.35697159791631083
30.0,3.0,0.31622776601683794,2.0,0.1,0.3023191131446455,138.074576887,0.3023191131446455
30.0,4.0,0.46415888336127786,0.0,0.01,0.539093543679723,136.2326285,0.539093543679723
30.0,4.0,0.46415888336127786,1.0,0.05,0.38610970624662366,134.800329458,0.38610970624662366
30.0,4.0,0.46415888336127786,2.0,0.1,0.33021989584977957,130.960074894,0.33021989584977957
30.0,5.0,0.6812920690579611,0.0,0.01,0.5765019549158588,133.212100525,0.5765019549158588
30.0,5.0,0.6812920690579611,1.0,0.05,0.41392031674469526,125.414118629,0.41392031674469526
30.0,5.0,0.6812920690579611,2.0,0.1,0.35627948809072413,119.39470368,0.35627948809072413
30.0,6.0,1.0,0.0,0.01,0.6221523479438444,122.273243364,0.6221523479438444
30.0,6.0,1.0,1.0,0.05,0.4440887132205271,121.731228676,0.4440887132205271
30.0,6.0,1.0,2.0,0.1,0.38547330266609847,124.561409669,0.38547330266609847
30.0,7.0,1.467799267622069,0.0,0.01,0.6710090493192549,117.527278452,0.6710090493192549
30.0,7.0,1.467799267622069,1.0,0.05,0.48320272427290356,124.349873527,0.48320272427290356
30.0,7.0,1.467799267622069,2.0,0.1,0.4120099491046056,114.999813946,0.4120099491046056
30.0,8.0,2.1544346900318834,0.0,0.01,0.6708012299130895,106.295240251,0.6708012299130895
30.0,8.0,2.1544346900318834,1.0,0.05,0.5243186691012203,117.368176397,0.5243186691012203
30.0,8.0,2.1544346900318834,2.0,0.1,0.44313984586668836,113.806513943,0.44313984586668836
30.0,9.0,3.1622776601683795,0.0,0.01,0.6705998644995654,92.148277059,0.6705998644995654
30.0,9.0,3.1622776601683795,1.0,0.05,0.5622112081447797,125.194303947,0.5622112081447797
30.0,9.0,3.1622776601683795,2.0,0.1,0.48363750288540325,129.21221669,0.48363750288540325
30.0,10.0,4.6415888336127775,0.0,0.01,0.6703617102837366,101.292955005,0.6703617102837366
30.0,10.0,4.6415888336127775,1.0,0.05,0.6097966964155348,128.556267402,0.6097966964155348
30.0,10.0,4.6415888336127775,2.0,0.1,0.5271832256436773,122.233679923,0.5271832256436773
30.0,11.0,6.812920690579611,0.0,0.01,0.6709878592933033,99.72374396,0.6709878592933033
30.0,11.0,6.812920690579611,1.0,0.05,0.6699221505355228,125.845715979,0.6699221505355228
30.0,11.0,6.812920690579611,2.0,0.1,0.5675709834441454,125.684912142,0.5675709834441454
30.0,12.0,10.0,0.0,0.01,0.6703701434752599,111.660827824,0.6703701434752599
30.0,12.0,10.0,1.0,0.05,0.6701941866063053,97.732718507,0.6701941866063053
30.0,12.0,10.0,2.0,0.1,0.6173023916828448,121.67459848,0.6173023916828448
31.0,0.0,9.999999999999999e-06,0.0,0.01,0.023813985227730924,93.09119878,0.023813985227730924
31.0,0.0,9.999999999999999e-06,1.0,0.05,0.02237324829738512,85.244514381,0.02237324829738512
31.0,1.0,3.414548873833601e-05,0.0,0.01,0.02539567295978027,91.966093641,0.02539567295978027
31.0,1.0,3.414548873833601e-05,1.0,0.05,0.022719149417040747,94.568133001,0.022719149417040747
31.0,2.0,0.00011659144011798311,0.0,0.01,0.030179067746046253,93.645526499,0.030179067746046253
31.0,2.0,0.00011659144011798311,1.0,0.05,0.02382934327048373,93.444526678,0.02382934327048373
31.0,3.0,0.00039810717055349735,0.0,0.01,0.04286001733234234,114.173392038,0.04286001733234234
31.0,3.0,0.00039810717055349735,1.0,0.05,0.027235394858738514,84.262643303,0.027235394858738514
31.0,0.0,0.001,0.0,0.01,0.0627544431186241,114.846827601,0.0627544431186241
31.0,0.0,0.001,1.0,0.05,0.0333705928456116,118.804059512,0.0333705928456116
31.0,1.0,0.002187761623949552,0.0,0.01,0.09330135683908115,117.271216439,0.09330135683908115
31.0,1.0,0.002187761623949552,1.0,0.05,0.04303173865025775,120.47094606900001,0.04303173865025775
31.0,2.0,0.00478630092322638,0.0,0.01,0.142719804117646,121.045617203,0.142719804117646
31.0,2.0,0.00478630092322638,1.0,0.05,0.05991490390990829,121.230245306,0.05991490390990829
31.0,3.0,0.010471285480508996,0.0,0.01,0.2053626012095986,121.008551629,0.2053626012095986
31.0,3.0,0.010471285480508996,1.0,0.05,0.0889234363914459,136.301482561,0.0889234363914459
31.0,4.0,0.022908676527677724,0.0,0.01,0.27186634737683957,127.638830508,0.27186634737683957
31.0,4.0,0.022908676527677724,1.0,0.05,0.1358052845025909,153.924083365,0.1358052845025909
31.0,5.0,0.05011872336272722,0.0,0.01,0.3291857374059277,126.683338173,0.3291857374059277
31.0,5.0,0.05011872336272722,1.0,0.05,0.19922122196086015,140.085713392,0.19922122196086015
31.0,0.0,0.1,0.0,0.01,0.37622939657008797,136.109434637,0.37622939657008797
31.0,0.0,0.1,1.0,0.05,0.2558967723335128,145.92898544,0.2558967723335128
31.0,1.0,0.14677992676220694,0.0,0.01,0.4012642715419653,136.433373384,0.4012642715419653
31.0,1.0,0.14677992676220694,1.0,0.05,0.28481629084049415,142.542184777,0.28481629084049415
31.0,2.0,0.21544346900318834,0.0,0.01,0.4309872157814556,140.93251603,0.4309872157814556
31.0,2.0,0.21544346900318834,1.0,0.05,0.31130139578844307,142.012021708,0.31130139578844307
31.0,3.0,0.31622776601683794,0.0,0.01,0.46890025214133024,148.746174156,0.46890025214133024
31.0,3.0,0.31622776601683794,1.0,0.05,0.33599264977066884,139.096540818,0.33599264977066884
31.0,4.0,0.46415888336127786,0.0,0.01,0.5077075508506367,137.313671073,0.5077075508506367
31.0,4.0,0.46415888336127786,1.0,0.05,0.3633521726713412,137.235335551,0.3633521726713412
31.0,5.0,0.6812920690579611,0.0,0.01,0.5425978286869112,131.485763038,0.5425978286869112
31.0,5.0,0.6812920690579611,1.0,0.05,0.38946238300619307,130.949473676,0.38946238300619307
31.0,6.0,1.0,0.0,0.01,0.5853084793005425,131.137030946,0.5853084793005425
31.0,6.0,1.0,1.0,0.05,0.41786793269026284,127.47242924,0.41786793269026284
31.0,7.0,1.467799267622069,0.0,0.01,0.6315370745038104,115.692256855,0.6315370745038104
31.0,7.0,1.467799267622069,1.0,0.05,0.45466307689706886,136.269545022,0.45466307689706886
31.0,8.0,2.1544346900318834,0.0,0.01,0.6318189264742585,115.831552817,0.6318189264742585
31.0,8.0,2.1544346900318834,1.0,0.05,0.4933930161629445,129.940267282,0.4933930161629445
31.0,9.0,3.1622776601683795,0.0,0.01,0.6317199721649188,103.112578448,0.6317199721649188
31.0,9.0,3.1622776601683795,1.0,0.05,0.5291041051532198,128.732347872,0.5291041051532198
31.0,10.0,4.6415888336127775,0.0,0.01,0.6314488794560601,102.804249314,0.6314488794560601
31.0,10.0,4.6415888336127775,1.0,0.05,0.5739010312365156,118.684241235,0.5739010312365156
31.0,11.0,6.812920690579611,0.0,0.01,0.6313315892668289,104.154546285,0.6313315892668289
31.0,11.0,6.812920690579611,1.0,0.05,0.6305453579543212,122.95260861,0.6305453579543212
31.0,12.0,10.0,0.0,0.01,0.6318048570006706,100.22876465,0.6318048570006706
31.0,12.0,10.0,1.0,0.05,0.6309831843451469,98.41018872,0.6309831843451469
32.0,0.0,9.999999999999999e-06,0.0,0.01,0.021707220664367973,99.539983862,0.021707220664367973
32.0,0.0,9.999999999999999e-06,1.0,0.05,0.020610263867394087,98.815587137,0.020610263867394087
32.0,1.0,3.414548873833601e-05,0.0,0.01,0.023278627647754294,95.715175197,0.023278627647754294
32.0,1.0,3.414548873833601e-05,1.0,0.05,0.02095475084404899,95.216092257,0.02095475084404899
32.0,2.0,0.00011659144011798311,0.0,0.01,0.027988543832827863,92.150954747,0.027988543832827863
32.0,2.0,0.00011659144011798311,1.0,0.05,0.022057899910053167,100.413122616,0.022057899910053167
32.0,3.0,0.00039810717055349735,0.0,0.01,0.040374284674555616,118.112879475,0.040374284674555616
32.0,3.0,0.00039810717055349735,1.0,0.05,0.02541009115922947,106.463740795,0.02541009115922947
32.0,0.0,0.001,0.0,0.01,0.05973997338730267,129.799628188,0.05973997338730267
32.0,0.0,0.001,1.0,0.05,0.03133691353193368,115.508130152,0.03133691353193368
32.0,1.0,0.002187761623949552,0.0,0.01,0.08913203964883402,128.21915228,0.08913203964883402
32.0,1.0,0.002187761623949552,1.0,0.05,0.04072974406675489,126.845989879,0.04072974406675489
32.0,2.0,0.00478630092322638,0.0,0.01,0.1365874363454149,132.613549023,0.1365874363454149
32.0,2.0,0.00478630092322638,1.0,0.05,0.05708168823090787,147.043228099,0.05708168823090787
32.0,3.0,0.010471285480508996,0.0,0.01,0.19549925392457038,147.578326205,0.19549925392457038
32.0,3.0,0.010471285480508996,1.0,0.05,0.08509681028611579,149.493313435,0.08509681028611579
32.0,4.0,0.022908676527677724,0.0,0.01,0.25723756458161534,148.283697731,0.25723756458161534
32.0,4.0,0.022908676527677724,1.0,0.05,0.13006641327951207,158.468128298,0.13006641327951207
32.0,5.0,0.05011872336272722,0.0,0.01,0.3101510260690104,154.347930812,0.3101510260690104
32.0,5.0,0.05011872336272722,1.0,0.05,0.18974928976393346,153.625358762,0.18974928976393346
32.0,0.0,0.1,0.0,0.01,0.35487630463490666,162.889580863,0.35487630463490666
32.0,0.0,0.1,1.0,0.05,0.2421776188683946,171.01935171,0.2421776188683946
32.0,1.0,0.14677992676220694,0.0,0.01,0.3780969375847953,148.485628823,0.3780969375847953
32.0,1.0,0.14677992676220694,1.0,0.05,0.26901017071481287,162.399891503,0.26901017071481287
32.0,2.0,0.21544346900318834,0.0,0.01,0.40636745797863294,155.092356344,0.40636745797863294
32.0,2.0,0.21544346900318834,1.0,0.05,0.29372139006013936,162.440169168,0.29372139006013936
32.0,3.0,0.31622776601683794,0.0,0.01,0.4421814931066329,141.94425263,0.4421814931066329
32.0,3.0,0.31622776601683794,1.0,0.05,0.31681220693385315,155.229292634,0.31681220693385315
32.0,4.0,0.46415888336127786,0.0,0.01,0.4781590569406535,156.963290522,0.4781590569406535
32.0,4.0,0.46415888336127786,1.0,0.05,0.3425445188457367,154.224684599,0.3425445188457367
32.0,5.0,0.6812920690579611,0.0,0.01,0.5114080179581446,152.800725316,0.5114080179581446
32.0,5.0,0.6812920690579611,1.0,0.05,0.36713713142028126,148.286473166,0.36713713142028126
32.0,6.0,1.0,0.0,0.01,0.5521878745163019,146.805936371,0.5521878745163019
32.0,6.0,1.0,1.0,0.05,0.39389079968582774,150.430582556,0.39389079968582774
32.0,7.0,1.467799267622069,0.0,0.01,0.5958804758876414,122.10215685,0.5958804758876414
32.0,7.0,1.467799267622069,1.0,0.05,0.42858823416926756,174.519157741,0.42858823416926756
32.0,8.0,2.1544346900318834,0.0,0.01,0.5959065890048376,127.601005858,0.5959065890048376
32.0,8.0,2.1544346900318834,1.0,0.05,0.465134791067628,149.365622375,0.465134791067628
32.0,9.0,3.1622776601683795,0.0,0.01,0.5959908269937136,124.379588285,0.5959908269937136
32.0,9.0,3.1622776601683795,1.0,0.05,0.4988189594164448,158.5120856,0.4988189594164448
32.0,10.0,4.6415888336127775,0.0,0.01,0.596123820386545,116.899597613,0.596123820386545
32.0,10.0,4.6415888336127775,1.0,0.05,0.5410977605775666,140.187684465,0.5410977605775666
32.0,11.0,6.812920690579611,0.0,0.01,0.5955490718593032,118.541645675,0.5955490718593032
32.0,11.0,6.812920690579611,1.0,0.05,0.594577438713253,139.583586894,0.594577438713253
32.0,12.0,10.0,0.0,0.01,0.5956042116116986,125.391694057,0.5956042116116986
32.0,12.0,10.0,1.0,0.05,0.5951578582830005,119.953239282,0.5951578582830005
33.0,0.0,9.999999999999999e-06,0.0,0.01,0.019916572612896175,106.856696902,0.019916572612896175
33.0,0.0,9.999999999999999e-06,1.0,0.05,0.019021287128244403,102.754399368,0.019021287128244403
33.0,1.0,3.414548873833601e-05,0.0,0.01,0.021472005883860865,105.702342651,0.021472005883860865
33.0,1.0,3.414548873833601e-05,1.0,0.05,0.01936355515960173,110.320131837,0.01936355515960173
33.0,2.0,0.00011659144011798311,0.0,0.01,0.026057059475646203,101.257859983,0.026057059475646203
33.0,2.0,0.00011659144011798311,1.0,0.05,0.02046009205507109,113.379531502,0.02046009205507109
33.0,3.0,0.00039810717055349735,0.0,0.01,0.03806170227753032,129.774386262,0.03806170227753032
33.0,3.0,0.00039810717055349735,1.0,0.05,0.023768519551562065,110.578588666,0.023768519551562065
33.0,0.0,0.001,0.0,0.01,0.05688378546425037,144.615622794,0.05688378546425037
33.0,0.0,0.001,1.0,0.05,0.029525686568973315,158.461961599,0.029525686568973315
33.0,1.0,0.002187761623949552,0.0,0.01,0.08538182874715838,151.123704825,0.08538182874715838
33.0,1.0,0.002187761623949552,1.0,0.05,0.03862628772442495,152.534437345,0.03862628772442495
33.0,2.0,0.00478630092322638,0.0,0.01,0.13104456502807615,154.440790221,0.13104456502807615
33.0,2.0,0.00478630092322638,1.0,0.05,0.0544611229368301,147.306847748,0.0544611229368301
33.0,3.0,0.010471285480508996,0.0,0.01,0.18632968507701755,161.183357464,0.18632968507701755
33.0,3.0,0.010471285480508996,1.0,0.05,0.08156647362945402,158.238749647,0.08156647362945402
33.0,4.0,0.022908676527677724,0.0,0.01,0.24360608677058468,160.179854384,0.24360608677058468
33.0,4.0,0.022908676527677724,1.0,0.05,0.12471815339654893,171.437919635,0.12471815339654893
33.0,5.0,0.05011872336272722,0.0,0.01,0.2933783225582562,163.300741344,0.2933783225582562
33.0,5.0,0.05011872336272722,1.0,0.05,0.18086400900308042,178.788443509,0.18086400900308042
33.0,0.0,0.1,0.0,0.01,0.33530616670318053,178.900019069,0.33530616670318053
33.0,0.0,0.1,1.0,0.05,0.22951252180919438,188.683617011,0.22951252180919438
33.0,1.0,0.14677992676220694,0.0,0.01,0.3572934136445281,158.598581126,0.3572934136445281
33.0,1.0,0.14677992676220694,1.0,0.05,0.2544584766881171,187.612916985,0.2544584766881171
33.0,2.0,0.21544346900318834,0.0,0.01,0.38350762749000616,167.163861117,0.38350762749000616
33.0,2.0,0.21544346900318834,1.0,0.05,0.27760157718459283,184.465478058,0.27760157718459283
33.0,3.0,0.31622776601683794,0.0,0.01,0.41753562728104526,174.106589518,0.41753562728104526
33.0,3.0,0.31622776601683794,1.0,0.05,0.299241978460343,183.720712632,0.299241978460343
33.0,4.0,0.46415888336127786,0.0,0.01,0.45209692779807803,170.190883351,0.45209692779807803
33.0,4.0,0.46415888336127786,1.0,0.05,0.32346616313452087,189.985046667,0.32346616313452087
33.0,5.0,0.6812920690579611,0.0,0.01,0.48266255455372187,175.803904279,0.48266255455372187
33.0,5.0,0.6812920690579611,1.0,0.05,0.3466776867090678,173.604615985,0.3466776867090678
33.0,6.0,1.0,0.0,0.01,0.5214239881894506,191.886551438,0.5214239881894506
33.0,6.0,1.0,1.0,0.05,0.3719402506806459,158.126231863,0.3719402506806459
33.0,7.0,1.467799267622069,0.0,0.01,0.5631906552079594,152.241269645,0.5631906552079594
33.0,7.0,1.467799267622069,1.0,0.05,0.40469165983659444,168.716028153,0.40469165983659444
33.0,8.0,2.1544346900318834,0.0,0.01,0.5625502527847448,142.750296155,0.5625502527847448
33.0,8.0,2.1544346900318834,1.0,0.05,0.4392419363457473,176.181812871,0.4392419363457473
33.0,9.0,3.1622776601683795,0.0,0.01,0.5627888244369426,129.009715866,0.5627888244369426
33.0,9.0,3.1622776601683795,1.0,0.05,0.47109429534192154,170.356996464,0.47109429534192154
33.0,10.0,4.6415888336127775,0.0,0.01,0.5628820204336393,129.62803003,0.5628820204336393
33.0,10.0,4.6415888336127775,1.0,0.05,0.5110270161918826,161.91751174,0.5110270161918826
33.0,11.0,6.812920690579611,0.0,0.01,0.5627033579268915,126.904379094,0.5627033579268915
33.0,11.0,6.812920690579611,1.0,0.05,0.5615953589357464,153.699453789,0.5615953589357464
33.0,12.0,10.0,0.0,0.01,0.5627169607315707,131.02993935,0.5627169607315707
33.0,12.0,10.0,1.0,0.05,0.5622748291107851,142.599371205,0.5622748291107851
34.0,0.0,9.999999999999999e-06,0.0,0.01,0.018630143986597986,107.36364937,0.018630143986597986
34.0,0.0,9.999999999999999e-06,1.0,0.05,0.017589926434084236,111.733347121,0.017589926434084236
34.0,1.0,3.414548873833601e-05,0.0,0.01,0.02018565744725748,124.002917018,0.02018565744725748
34.0,1.0,3.414548873833601e-05,1.0,0.05,0.0179306903514027,132.855630974,0.0179306903514027
34.0,2.0,0.00011659144011798311,0.0,0.01,0.024622232344210696,129.307748189,0.024622232344210696
34.0,2.0,0.00011659144011798311,1.0,0.05,0.019021028882258432,121.491593523,0.019021028882258432
34.0,3.0,0.00039810717055349735,0.0,0.01,0.03603440636990787,137.689521154,0.03603440636990787
34.0,3.0,0.00039810717055349735,1.0,0.05,0.022283579076119688,128.734612827,0.022283579076119688
34.0,0.0,0.001,0.0,0.01,0.05430099504853566,160.452858736,0.05430099504853566
34.0,0.0,0.001,1.0,0.05,0.027902568086766787,168.355021051,0.027902568086766787
34.0,1.0,0.002187761623949552,0.0,0.01,0.08180651325576942,156.784473224,0.08180651325576942
34.0,1.0,0.002187761623949552,1.0,0.05,0.036693766863894375,169.195723872,0.036693766863894375
34.0,2.0,0.00478630092322638,0.0,0.01,0.12558248625314417,168.949763729,0.12558248625314417
34.0,2.0,0.00478630092322638,1.0,0.05,0.05205406940530463,189.077876196,0.05205406940530463
34.0,3.0,0.010471285480508996,0.0,0.01,0.17752491267311496,173.215750652,0.17752491267311496
34.0,3.0,0.010471285480508996,1.0,0.05,0.07830348962634608,182.954211476,0.07830348962634608
34.0,4.0,0.022908676527677724,0.0,0.01,0.23086549228618233,183.667351539,0.23086549228618233
34.0,4.0,0.022908676527677724,1.0,0.05,0.11971664819637846,199.253612539,0.11971664819637846
34.0,5.0,0.05011872336272722,0.0,0.01,0.2773059422516395,184.012532948,0.2773059422516395
34.0,5.0,0.05011872336272722,1.0,0.05,0.1725623012767449,192.032045711,0.1725623012767449
34.0,0.0,0.1,0.0,0.01,0.3169548303848914,183.417439048,0.3169548303848914
34.0,0.0,0.1,1.0,0.05,0.21777184639113306,200.098701226,0.21777184639113306
34.0,1.0,0.14677992676220694,0.0,0.01,0.3377747864616305,192.742726833,0.3377747864616305
34.0,1.0,0.14677992676220694,1.0,0.05,0.2410326599432397,200.843521437,0.2410326599432397
34.0,2.0,0.21544346900318834,0.0,0.01,0.36288834263777286,192.266099256,0.36288834263777286
34.0,2.0,0.21544346900318834,1.0,0.05,0.2627354944128371,199.38730387,0.2627354944128371
34.0,3.0,0.31622776601683794,0.0,0.01,0.39494920224520824,192.076497335,0.39494920224520824
34.0,3.0,0.31622776601683794,1.0,0.05,0.28310504323226987,185.206367836,0.28310504323226987
34.0,4.0,0.46415888336127786,0.0,0.01,0.4272052436183835,186.493605976,0.4272052436183835
34.0,4.0,0.46415888336127786,1.0,0.05,0.30599134949545553,190.052001057,0.30599134949545553
34.0,5.0,0.6812920690579611,0.0,0.01,0.45708026561707066,187.913440837,0.45708026561707066
34.0,5.0,0.6812920690579611,1.0,0.05,0.327868079089348,188.171343155,0.327868079089348
34.0,6.0,1.0,0.0,0.01,0.49343718605325243,192.259881805,0.49343718605325243
34.0,6.0,1.0,1.0,0.05,0.35175321996255,181.880220863,0.35175321996255
34.0,7.0,1.467799267622069,0.0,0.01,0.5323931617041745,157.002720157,0.5323931617041745
34.0,7.0,1.467799267622069,1.0,0.05,0.38276566927676253,201.691929017,0.38276566927676253
34.0,8.0,2.1544346900318834,0.0,0.01,0.5330407635425544,156.959097318,0.5330407635425544
34.0,8.0,2.1544346900318834,1.0,0.05,0.4154768812580094,184.573984828,0.4154768812580094
34.0,9.0,3.1622776601683795,0.0,0.01,0.5325384674216064,143.163960958,0.5325384674216064
34.0,9.0,3.1622776601683795,1.0,0.05,0.4456391627341521,179.168467108,0.4456391627341521
34.0,10.0,4.6415888336127775,0.0,0.01,0.5324921991854867,147.044184103,0.5324921991854867
34.0,10.0,4.6415888336127775,1.0,0.05,0.48343230793378617,175.555115358,0.48343230793378617
34.0,11.0,6.812920690579611,0.0,0.01,0.5328438606605918,151.215596945,0.5328438606605918
34.0,11.0,6.812920690579611,1.0,0.05,0.5312916007709981,175.043897561,0.5312916007709981
34.0,12.0,10.0,0.0,0.01,0.532807264021068,141.720940422,0.532807264021068
34.0,12.0,10.0,1.0,0.05,0.5320673426638828,142.307441365,0.5320673426638828
35.0,0.0,9.999999999999999e-06,0.0,0.01,0.01744688537908233,139.404008033,0.01744688537908233
35.0,0.0,9.999999999999999e-06,1.0,0.05,0.016302046782231586,125.714520757,0.016302046782231586
35.0,1.0,3.414548873833601e-05,0.0,0.01,0.018977445677252243,131.60206151,0.018977445677252243
35.0,1.0,3.414548873833601e-05,1.0,0.05,0.01664127095190458,146.511273694,0.01664127095190458
35.0,2.0,0.00011659144011798311,0.0,0.01,0.02335934478103618,132.743918482,0.02335934478103618
35.0,2.0,0.00011659144011798311,1.0,0.05,0.01772371726403456,137.895782639,0.01772371726403456
35.0,3.0,0.00039810717055349735,0.0,0.01,0.034291031299108966,143.665998135,0.034291031299108966
35.0,3.0,0.00039810717055349735,1.0,0.05,0.02094055193852424,137.7952495,0.02094055193852424
35.0,0.0,0.001,0.0,0.01,0.05197595719180124,161.03539248,0.05197595719180124
35.0,0.0,0.001,1.0,0.05,0.026421347992351383,177.147407775,0.026421347992351383
35.0,1.0,0.002187761623949552,0.0,0.01,0.0785459524879152,178.356471516,0.0785459524879152
35.0,1.0,0.002187761623949552,1.0,0.05,0.03491850091179781,189.437717111,0.03491850091179781
35.0,2.0,0.00478630092322638,0.0,0.01,0.12085579451475455,193.554214928,0.12085579451475455
35.0,2.0,0.00478630092322638,1.0,0.05,0.049846292142215406,230.313956039,0.049846292142215406
35.0,3.0,0.010471285480508996,0.0,0.01,0.16965528675487548,188.639866042,0.16965528675487548
35.0,3.0,0.010471285480508996,1.0,0.05,0.07525962637008432,203.638135236,0.07525962637008432
35.0,4.0,0.022908676527677724,0.0,0.01,0.2193475543516571,208.673713076,0.2193475543516571
35.0,4.0,0.022908676527677724,1.0,0.05,0.11505567874555862,211.791467796,0.11505567874555862
35.0,5.0,0.05011872336272722,0.0,0.01,0.26313633613138143,202.664194271,0.26313633613138143
35.0,5.0,0.05011872336272722,1.0,0.05,0.16476253004843067,217.958592335,0.16476253004843067
35.0,0.0,0.1,0.0,0.01,0.3003541101952555,205.059069048,0.3003541101952555
35.0,0.0,0.1,1.0,0.05,0.20688093315371028,227.284228765,0.20688093315371028
35.0,1.0,0.14677992676220694,0.0,0.01,0.3200897828807033,215.876039914,0.3200897828807033
35.0,1.0,0.14677992676220694,1.0,0.05,0.2286438184824303,218.123017597,0.2286438184824303
35.0,2.0,0.21544346900318834,0.0,0.01,0.34348653631841986,204.003999622,0.34348653631841986
35.0,2.0,0.21544346900318834,1.0,0.05,0.24905801377645817,221.698818149,0.24905801377645817
35.0,3.0,0.31622776601683794,0.0,0.01,0.3739845684017864,201.521166631,0.3739845684017864
35.0,3.0,0.31622776601683794,1.0,0.05,0.26821962718279807,209.628367401,0.26821962718279807
35.0,4.0,0.46415888336127786,0.0,0.01,0.4048541102618082,207.776141261,0.4048541102618082
35.0,4.0,0.46415888336127786,1.0,0.05,0.28984846303168676,219.92097719,0.28984846303168676
35.0,5.0,0.6812920690579611,0.0,0.01,0.43260389615863326,207.928885966,0.43260389615863326
35.0,5.0,0.6812920690579611,1.0,0.05,0.31057758795402857,203.544926277,0.31057758795402857
35.0,6.0,1.0,0.0,0.01,0.4675833336517074,219.648932286,0.4675833336517074
35.0,6.0,1.0,1.0,0.05,0.33319311856796396,216.926297594,0.33319311856796396
35.0,7.0,1.467799267622069,0.0,0.01,0.5051844161429997,192.390199318,0.5051844161429997
35.0,7.0,1.467799267622069,1.0,0.05,0.36255863687167317,304.1864768,0.36255863687167317
35.0,8.0,2.1544346900318834,0.0,0.01,0.5046168368724666,171.378842803,0.5046168368724666
35.0,8.0,2.1544346900318834,1.0,0.05,0.39359360492455175,203.969455331,0.39359360492455175
35.0,9.0,3.1622776601683795,0.0,0.01,0.5048431579141162,164.22747546,0.5048431579141162
35.0,9.0,3.1622776601683795,1.0,0.05,0.4221873864258772,202.723878067,0.4221873864258772
35.0,10.0,4.6415888336127775,0.0,0.01,0.5049669273622941,175.413691787,0.5049669273622941
35.0,10.0,4.6415888336127775,1.0,0.05,0.45802202729834407,201.41133987,0.45802202729834407
35.0,11.0,6.812920690579611,0.0,0.01,0.5048985494922217,155.677775566,0.5048985494922217
35.0,11.0,6.812920690579611,1.0,0.05,0.5034135045609448,191.839347304,0.5034135045609448
35.0,12.0,10.0,0.0,0.01,0.5048409434634963,161.756554247,0.5048409434634963
35.0,12.0,10.0,1.0,0.05,0.5042726589695669,161.988491743,0.5042726589695669
36.0,0.0,9.999999999999999e-06,0.0,0.01,0.01635896056067571,127.570667869,0.01635896056067571
36.0,0.0,9.999999999999999e-06,1.0,0.05,0.015142519634519739,144.923092012,0.015142519634519739
36.0,1.0,3.414548873833601e-05,0.0,0.01,0.017886943349175375,145.09178215,0.017886943349175375
36.0,1.0,3.414548873833601e-05,1.0,0.05,0.015479924540622955,155.239059953,0.015479924540622955
36.0,2.0,0.00011659144011798311,0.0,0.01,0.022180674046252024,153.759620094,0.022180674046252024
36.0,2.0,0.00011659144011798311,1.0,0.05,0.01655617315701718,153.764941942,0.01655617315701718
36.0,3.0,0.00039810717055349735,0.0,0.01,0.03279357851695159,172.028241003,0.03279357851695159
36.0,3.0,0.00039810717055349735,1.0,0.05,0.01972618332057652,159.184833327,0.01972618332057652
36.0,0.0,0.001,0.0,0.01,0.04970258607656854,197.457843609,0.04970258607656854
36.0,0.0,0.001,1.0,0.05,0.025066118503138436,172.915148187,0.025066118503138436
36.0,1.0,0.002187761623949552,0.0,0.01,0.07558033522088625,204.119273946,0.07558033522088625
36.0,1.0,0.002187761623949552,1.0,0.05,0.033299724568359834,215.91190705100001,0.033299724568359834
36.0,2.0,0.00478630092322638,0.0,0.01,0.11607328439710504,203.112827457,0.11607328439710504
36.0,2.0,0.00478630092322638,1.0,0.05,0.04779959561139947,239.879222548,0.04779959561139947
36.0,3.0,0.010471285480508996,0.0,0.01,0.16202874793727862,224.536792945,0.16202874793727862
36.0,3.0,0.010471285480508996,1.0,0.05,0.07241919007523445,213.650328705,0.07241919007523445
36.0,4.0,0.022908676527677724,0.0,0.01,0.20845548808124226,224.842233758,0.20845548808124226
36.0,4.0,0.022908676527677724,1.0,0.05,0.11066041617691431,229.882132111,0.11066041617691431
36.0,5.0,0.05011872336272722,0.0,0.01,0.2497124373977329,225.896084002,0.2497124373977329
36.0,5.0,0.05011872336272722,1.0,0.05,0.15744310962167024,239.806056955,0.15744310962167024
36.0,0.0,0.1,0.0,0.01,0.28464488487624523,223.46424444,0.28464488487624523
36.0,0.0,0.1,1.0,0.05,0.1967797279666099,245.198888273,0.1967797279666099
36.0,1.0,0.14677992676220694,0.0,0.01,0.303735654472962,228.900573928,0.303735654472962
36.0,1.0,0.14677992676220694,1.0,0.05,0.2171553470485935,243.129543819,0.2171553470485935
36.0,2.0,0.21544346900318834,0.0,0.01,0.3260909814502115,225.268578442,0.3260909814502115
36.0,2.0,0.21544346900318834,1.0,0.05,0.23638888484822518,244.971750652,0.23638888484822518
36.0,3.0,0.31622776601683794,0.0,0.01,0.35481021726517814,235.346972022,0.35481021726517814
36.0,3.0,0.31622776601683794,1.0,0.05,0.2544853764958492,239.244008157,0.2544853764958492
36.0,4.0,0.46415888336127786,0.0,0.01,0.3840704622585377,271.829272337,0.3840704622585377
36.0,4.0,0.46415888336127786,1.0,0.05,0.2749841211888888,256.164951687,0.2749841211888888
36.0,5.0,0.6812920690579611,0.0,0.01,0.4106102506745517,240.348491882,0.4106102506745517
36.0,5.0,0.6812920690579611,1.0,0.05,0.2945998694901564,254.010858563,0.2945998694901564
36.0,6.0,1.0,0.0,0.01,0.4434304987872191,245.391205564,0.4434304987872191
36.0,6.0,1.0,1.0,0.05,0.3160950777773848,240.642815729,0.3160950777773848
36.0,7.0,1.467799267622069,0.0,0.01,0.47952310053160163,203.223021135,0.47952310053160163
36.0,7.0,1.467799267622069,1.0,0.05,0.34395006193488875,228.158462573,0.34395006193488875
36.0,8.0,2.1544346900318834,0.0,0.01,0.4789029227295676,209.615109507,0.4789029227295676
36.0,8.0,2.1544346900318834,1.0,0.05,0.3734025317384605,241.41084001,0.3734025317384605
36.0,9.0,3.1622776601683795,0.0,0.01,0.4793429251991241,185.202624539,0.4793429251991241
36.0,9.0,3.1622776601683795,1.0,0.05,0.40055834626404124,214.154669919,0.40055834626404124
36.0,10.0,4.6415888336127775,0.0,0.01,0.47908943683566724,180.950195876,0.47908943683566724
36.0,10.0,4.6415888336127775,1.0,0.05,0.43456161231085605,212.944029914,0.43456161231085605
36.0,11.0,6.812920690579611,0.0,0.01,0.47946300881305093,193.971256586,0.47946300881305093
36.0,11.0,6.812920690579611,1.0,0.05,0.47764355009296916,227.524035152,0.47764355009296916
36.0,12.0,10.0,0.0,0.01,0.47882490764476876,188.80880817,0.47882490764476876
36.0,12.0,10.0,1.0,0.05,0.4785343536561471,185.390343099,0.4785343536561471
37.0,0.0,9.999999999999999e-06,0.0,0.01,0.015359875203376769,163.5891378,0.015359875203376769
37.0,0.0,9.999999999999999e-06,1.0,0.05,0.014097409235004868,163.700526671,0.014097409235004868
37.0,1.0,3.414548873833601e-05,0.0,0.01,0.016861976552126224,166.617640276,0.016861976552126224
37.0,1.0,3.414548873833601e-05,1.0,0.05,0.014433010107052913,185.852705789,0.014433010107052913
37.0,2.0,0.00011659144011798311,0.0,0.01,0.021089231019004957,179.501426571,0.021089231019004957
37.0,2.0,0.00011659144011798311,1.0,0.05,0.015502471795703642,171.414996718,0.015502471795703642
37.0,3.0,0.00039810717055349735,0.0,0.01,0.03137040211486705,181.926780898,0.03137040211486705
37.0,3.0,0.00039810717055349735,1.0,0.05,0.018626118743902863,175.678219119,0.018626118743902863
37.0,0.0,0.001,0.0,0.01,0.04760527172722428,221.417219397,0.04760527172722428
37.0,0.0,0.001,1.0,0.05,0.023826351803302264,213.170804006,0.023826351803302264
37.0,1.0,0.002187761623949552,0.0,0.01,0.07278774939323938,214.614885585,0.07278774939323938
37.0,1.0,0.002187761623949552,1.0,0.05,0.03183052279745538,256.400060783,0.03183052279745538
37.0,2.0,0.00478630092322638,0.0,0.01,0.11186707741438874,226.392823108,0.11186707741438874
37.0,2.0,0.00478630092322638,1.0,0.05,0.04590143846240418,250.48204129,0.04590143846240418
37.0,3.0,0.010471285480508996,0.0,0.01,0.1547792344655508,229.212463623,0.1547792344655508
37.0,3.0,0.010471285480508996,1.0,0.05,0.06976759270334276,232.840505186,0.06976759270334276
37.0,4.0,0.022908676527677724,0.0,0.01,0.19840913395400323,244.345917367,0.19840913395400323
37.0,4.0,0.022908676527677724,1.0,0.05,0.10651231011890551,253.297126156,0.10651231011890551
37.0,5.0,0.05011872336272722,0.0,0.01,0.237130513330456,233.534168853,0.237130513330456
37.0,5.0,0.05011872336272722,1.0,0.05,0.15056957126995615,253.097648494,0.15056957126995615
37.0,0.0,0.1,0.0,0.01,0.27063409969094465,278.841940954,0.27063409969094465
37.0,0.0,0.1,1.0,0.05,0.1873774273070101,260.119710252,0.1873774273070101
37.0,1.0,0.14677992676220694,0.0,0.01,0.2882181006072838,246.862548107,0.2882181006072838
37.0,1.0,0.14677992676220694,1.0,0.05,0.20651290901437366,278.92428682,0.20651290901437366
37.0,2.0,0.21544346900318834,0.0,0.01,0.3098170753899433,251.793344411,0.3098170753899433
37.0,2.0,0.21544346900318834,1.0,0.05,0.22467282336778732,256.863260823,0.22467282336778732
37.0,3.0,0.31622776601683794,0.0,0.01,0.3368130480457375,245.194797344,0.3368130480457375
37.0,3.0,0.31622776601683794,1.0,0.05,0.2417783593787483,262.114181264,0.2417783593787483
37.0,4.0,0.46415888336127786,0.0,0.01,0.3653169756651515,265.53062132,0.3653169756651515
37.0,4.0,0.46415888336127786,1.0,0.05,0.2612355600074178,266.939380045,0.2612355600074178
37.0,5.0,0.6812920690579611,0.0,0.01,0.3901142021137501,253.672779503,0.3901142021137501
37.0,5.0,0.6812920690579611,1.0,0.05,0.2798585559698089,265.591559404,0.2798585559698089
37.0,6.0,1.0,0.0,0.01,0.4213706166739687,264.884860482,0.4213706166739687
37.0,6.0,1.0,1.0,0.05,0.30026040484185645,270.944841746,0.30026040484185645
37.0,7.0,1.467799267622069,0.0,0.01,0.4551631861833319,233.916955876,0.4551631861833319
37.0,7.0,1.467799267622069,1.0,0.05,0.3267529954425981,258.401012725,0.3267529954425981
37.0,8.0,2.1544346900318834,0.0,0.01,0.45560785531363013,224.019995454,0.45560785531363013
37.0,8.0,2.1544346900318834,1.0,0.05,0.35473257770271227,258.634411989,0.35473257770271227
37.0,9.0,3.1622776601683795,0.0,0.01,0.4551981466822417,206.457206374,0.4551981466822417
37.0,9.0,3.1622776601683795,1.0,0.05,0.3805355891663762,247.176723729,0.3805355891663762
37.0,10.0,4.6415888336127775,0.0,0.01,0.4557386220607708,193.352060097,0.4557386220607708
37.0,10.0,4.6415888336127775,1.0,0.05,0.4128635900033825,237.023268072,0.4128635900033825
37.0,11.0,6.812920690579611,0.0,0.01,0.45541993220080756,199.856332951,0.45541993220080756
37.0,11.0,6.812920690579611,1.0,0.05,0.45384744696722584,249.974069829,0.45384744696722584
37.0,12.0,10.0,0.0,0.01,0.45560464729829814,206.470058114,0.45560464729829814
37.0,12.0,10.0,1.0,0.05,0.4547695886353452,233.371871279,0.4547695886353452
38.0,0.0,9.999999999999999e-06,0.0,0.01,0.014431895578905896,169.799672601,0.014431895578905896
38.0,0.0,9.999999999999999e-06,1.0,0.05,0.013154136819693386,193.135251719,0.013154136819693386
38.0,1.0,3.414548873833601e-05,0.0,0.01,0.015940143249546426,187.974164071,0.015940143249546426
38.0,1.0,3.414548873833601e-05,1.0,0.05,0.013488654771391922,189.886269155,0.013488654771391922
38.0,2.0,0.00011659144011798311,0.0,0.01,0.020095823388828038,182.808209201,0.020095823388828038
38.0,2.0,0.00011659144011798311,1.0,0.05,0.014550078709124222,192.12160721,0.014550078709124222
38.0,3.0,0.00039810717055349735,0.0,0.01,0.030109772301686853,210.923504005,0.030109772301686853
38.0,3.0,0.00039810717055349735,1.0,0.05,0.017626870252741768,201.675827943,0.017626870252741768
38.0,0.0,0.001,0.0,0.01,0.045812623522918774,231.553913245,0.045812623522918774
38.0,0.0,0.001,1.0,0.05,0.022689575853412424,237.013852201,0.022689575853412424
38.0,1.0,0.002187761623949552,0.0,0.01,0.07011305486384843,237.087990065,0.07011305486384843
38.0,1.0,0.002187761623949552,1.0,0.05,0.030470624533402657,276.013760272,0.030470624533402657
38.0,2.0,0.00478630092322638,0.0,0.01,0.10771402950836405,243.089977704,0.10771402950836405
38.0,2.0,0.00478630092322638,1.0,0.05,0.044138845495693954,298.483217813,0.044138845495693954
38.0,3.0,0.010471285480508996,0.0,0.01,0.14792048376561673,263.882618747,0.14792048376561673
38.0,3.0,0.010471285480508996,1.0,0.05,0.06731003010944825,273.904257552,0.06731003010944825
38.0,4.0,0.022908676527677724,0.0,0.01,0.1892060333877457,268.1719302,0.1892060333877457
38.0,4.0,0.022908676527677724,1.0,0.05,0.10260425220424352,290.966518199,0.10260425220424352
38.0,5.0,0.05011872336272722,0.0,0.01,0.22564942759734863,273.281762231,0.22564942759734863
38.0,5.0,0.05011872336272722,1.0,0.05,0.14410148340288936,283.772286305,0.14410148340288936
38.0,0.0,0.1,0.0,0.01,0.25743621437235115,289.226709972,0.25743621437235115
38.0,0.0,0.1,1.0,0.05,0.17860682676445508,299.917188503,0.17860682676445508
38.0,1.0,0.14677992676220694,0.0,0.01,0.2746792689361315,293.088101184,0.2746792689361315
38.0,1.0,0.14677992676220694,1.0,0.05,0.19662117812037122,301.545396589,0.19662117812037122
38.0,2.0,0.21544346900318834,0.0,0.01,0.2946871758818955,292.512312308,0.2946871758818955
38.0,2.0,0.21544346900318834,1.0,0.05,0.21378467006165436,331.325711298,0.21378467006165436
38.0,3.0,0.31622776601683794,0.0,0.01,0.3207387697436148,276.700004315,0.3207387697436148
38.0,3.0,0.31622776601683794,1.0,0.05,0.2300046481048598,320.853001912,0.2300046481048598
38.0,4.0,0.46415888336127786,0.0,0.01,0.3474731439263456,309.201677561,0.3474731439263456
38.0,4.0,0.46415888336127786,1.0,0.05,0.24846684173636946,341.724348346,0.24846684173636946
38.0,5.0,0.6812920690579611,0.0,0.01,0.37133238412515035,279.332020213,0.37133238412515035
38.0,5.0,0.6812920690579611,1.0,0.05,0.266199630270231,307.187435609,0.266199630270231
38.0,6.0,1.0,0.0,0.01,0.4009039953253916,309.228159308,0.4009039953253916
38.0,6.0,1.0,1.0,0.05,0.28560468594853794,293.279368001,0.28560468594853794
38.0,7.0,1.467799267622069,0.0,0.01,0.43347982387700756,260.462889471,0.43347982387700756
38.0,7.0,1.467799267622069,1.0,0.05,0.3107967879645831,296.931904159,0.3107967879645831
38.0,8.0,2.1544346900318834,0.0,0.01,0.43334700055295766,234.211936804,0.43334700055295766
38.0,8.0,2.1544346900318834,1.0,0.05,0.3374451377729514,297.924530151,0.3374451377729514
38.0,9.0,3.1622776601683795,0.0,0.01,0.4334280597245415,226.81817392,0.4334280597245415
38.0,9.0,3.1622776601683795,1.0,0.05,0.3620074686483023,287.325569725,0.3620074686483023
38.0,10.0,4.6415888336127775,0.0,0.01,0.4335568250707279,218.482891952,0.4335568250707279
38.0,10.0,4.6415888336127775,1.0,0.05,0.3927776003911039,278.433407853,0.3927776003911039
38.0,11.0,6.812920690579611,0.0,0.01,0.4334522808205689,224.111063258,0.4334522808205689
38.0,11.0,6.812920690579611,1.0,0.05,0.4317685779737271,265.64649043,0.4317685779737271
38.0,12.0,10.0,0.0,0.01,0.43323032915079673,223.691860798,0.43323032915079673
38.0,12.0,10.0,1.0,0.05,0.43275721480149015,246.992600263,0.43275721480149015
39.0,0.0,9.999999999999999e-06,0.0,0.01,0.013583947904328025,187.694478719,0.013583947904328025
39.0,0.0,9.999999999999999e-06,1.0,0.05,0.012301081824708565,194.412379939,0.012301081824708565
39.0,1.0,3.414548873833601e-05,0.0,0.01,0.015077118120576011,182.046661503,0.015077118120576011
39.0,1.0,3.414548873833601e-05,1.0,0.05,0.012634372951944636,204.614195974,0.012634372951944636
39.0,2.0,0.00011659144011798311,0.0,0.01,0.01913934809711385,195.179889357,0.01913934809711385
39.0,2.0,0.00011659144011798311,1.0,0.05,0.013687824114685247,220.328008855,0.013687824114685247
39.0,3.0,0.00039810717055349735,0.0,0.01,0.028972984015354288,233.077185618,0.028972984015354288
39.0,3.0,0.00039810717055349735,1.0,0.05,0.016715215663352483,216.005103461,0.016715215663352483
39.0,0.0,0.001,0.0,0.01,0.044228699302468526,252.313833728,0.044228699302468526
39.0,0.0,0.001,1.0,0.05,0.021644408728045617,256.374224209,0.021644408728045617
39.0,1.0,0.002187761623949552,0.0,0.01,0.06779655727398255,264.889769128,0.06779655727398255
39.0,1.0,0.002187761623949552,1.0,0.05,0.029213202653594533,304.375383139,0.029213202653594533
39.0,2.0,0.00478630092322638,0.0,0.01,0.10377228869442741,273.827520028,0.10377228869442741
39.0,2.0,0.00478630092322638,1.0,0.05,0.042501584895389154,335.719461901,0.042501584895389154
39.0,3.0,0.010471285480508996,0.0,0.01,0.14166781743019835,274.533779684,0.14166781743019835
39.0,3.0,0.010471285480508996,1.0,0.05,0.06501471570203528,302.031078582,0.06501471570203528
39.0,4.0,0.022908676527677724,0.0,0.01,0.1803221858508998,288.281919455,0.1803221858508998
39.0,4.0,0.022908676527677724,1.0,0.05,0.0989027879999286,321.685091911,0.0989027879999286
39.0,5.0,0.05011872336272722,0.0,0.01,0.21519279777527386,316.296557071,0.21519279777527386
39.0,5.0,0.05011872336272722,1.0,0.05,0.13801895591066643,331.665757984,0.13801895591066643
39.0,0.0,0.1,0.0,0.01,0.245079602192278,329.075387739,0.245079602192278
39.0,0.0,0.1,1.0,0.05,0.17043072406296153,313.315030966,0.17043072406296153
39.0,1.0,0.14677992676220694,0.0,0.01,0.26166574245535434,311.976837701,0.26166574245535434
39.0,1.0,0.14677992676220694,1.0,0.05,0.18743169291811027,325.973792778,0.18743169291811027
39.0,2.0,0.21544346900318834,0.0,0.01,0.2807988043435582,317.07275368,0.2807988043435582
39.0,2.0,0.21544346900318834,1.0,0.05,0.20368548024987104,424.548363292,0.20368548024987104
39.0,3.0,0.31622776601683794,0.0,0.01,0.3052295053746481,292.994750273,0.3052295053746481
39.0,3.0,0.31622776601683794,1.0,0.05,0.21907772302491815,288.750800716,0.21907772302491815
39.0,4.0,0.46415888336127786,0.0,0.01,0.33085135494380774,275.34316754,0.33085135494380774
39.0,4.0,0.46415888336127786,1.0,0.05,0.23666862255751378,295.670913927,0.23666862255751378
39.0,5.0,0.6812920690579611,0.0,0.01,0.3537467142467831,299.818257884,0.3537467142467831
39.0,5.0,0.6812920690579611,1.0,0.05,0.2535007395901634,291.197189107,0.2535007395901634
39.0,6.0,1.0,0.0,0.01,0.38203831698583846,285.485217697,0.38203831698583846
39.0,6.0,1.0,1.0,0.05,0.27198322672379316,285.334652324,0.27198322672379316
39.0,7.0,1.467799267622069,0.0,0.01,0.41303239011436993,267.085485929,0.41303239011436993
39.0,7.0,1.467799267622069,1.0,0.05,0.29598191735742446,318.24820793,0.29598191735742446
39.0,8.0,2.1544346900318834,0.0,0.01,0.4130446938510392,245.052578002,0.4130446938510392
39.0,8.0,2.1544346900318834,1.0,0.05,0.32138064356904694,296.731226451,0.32138064356904694
39.0,9.0,3.1622776601683795,0.0,0.01,0.412778793728091,252.231315601,0.412778793728091
39.0,9.0,3.1622776601683795,1.0,0.05,0.34479829361258435,283.430505933,0.34479829361258435
39.0,10.0,4.6415888336127775,0.0,0.01,0.4131869089794205,236.870412723,0.4131869089794205
39.0,10.0,4.6415888336127775,1.0,0.05,0.3741081576713178,270.114204187,0.3741081576713178
39.0,11.0,6.812920690579611,0.0,0.01,0.4124183702476267,226.878008903,0.4124183702476267
39.0,11.0,6.812920690579611,1.0,0.05,0.41127511597942285,280.566356351,0.41127511597942285
39.0,12.0,10.0,0.0,0.01,0.4130127660347674,227.394403834,0.4130127660347674
39.0,12.0,10.0,1.0,0.05,0.4122458712276256,261.791425436,0.4122458712276256
40.0,0.0,9.999999999999999e-06,0.0,0.01,0.012992446928737487,198.740745929,0.012992446928737487
40.0,0.0,9.999999999999999e-06,1.0,0.05,0.01152790655309394,236.621469942,0.01152790655309394
40.0,1.0,3.414548873833601e-05,0.0,0.01,0.014454677025460815,228.096230648,0.014454677025460815
40.0,1.0,3.414548873833601e-05,1.0,0.05,0.011859759057564317,236.573425068,0.011859759057564317
40.0,2.0,0.00011659144011798311,0.0,0.01,0.018372087062031684,234.607428821,0.018372087062031684
40.0,2.0,0.00011659144011798311,1.0,0.05,0.012905588858581701,236.867830404,0.012905588858581701
40.0,3.0,0.00039810717055349735,0.0,0.01,0.027876209346225325,271.849556593,0.027876209346225325
40.0,3.0,0.00039810717055349735,1.0,0.05,0.015883674305713635,248.907050817,0.015883674305713635
40.0,0.0,0.001,0.0,0.01,0.042855615556158,302.986959025,0.042855615556158
40.0,0.0,0.001,1.0,0.05,0.020678413515567665,315.907267783,0.020678413515567665
40.0,1.0,0.002187761623949552,0.0,0.01,0.06550513714122458,307.558170012,0.06550513714122458
40.0,1.0,0.002187761623949552,1.0,0.05,0.02804739895818801,351.365577682,0.02804739895818801
40.0,2.0,0.00478630092322638,0.0,0.01,0.10006879656181024,311.245885895,0.10006879656181024
40.0,2.0,0.00478630092322638,1.0,0.05,0.04097374035553403,370.115934156,0.04097374035553403
40.0,3.0,0.010471285480508996,0.0,0.01,0.13595499862334884,314.233474283,0.13595499862334884
40.0,3.0,0.010471285480508996,1.0,0.05,0.06285077340228745,363.593096193,0.06285077340228745
40.0,4.0,0.022908676527677724,0.0,0.01,0.1722469428783621,375.272718414,0.1722469428783621
40.0,4.0,0.022908676527677724,1.0,0.05,0.09540356897958314,364.789064601,0.09540356897958314
40.0,5.0,0.05011872336272722,0.0,0.01,0.20525828852506375,346.199393107,0.20525828852506375
40.0,5.0,0.05011872336272722,1.0,0.05,0.13232645031123488,367.334662351,0.13232645031123488
40.0,0.0,0.1,0.0,0.01,0.23380441365965568,321.052404521,0.23380441365965568
40.0,0.0,0.1,1.0,0.05,0.16279003469804823,311.687042403,0.16279003469804823
40.0,1.0,0.14677992676220694,0.0,0.01,0.24942723954717927,309.486873297,0.24942723954717927
40.0,1.0,0.14677992676220694,1.0,0.05,0.17885215467716795,329.689233308,0.17885215467716795
40.0,2.0,0.21544346900318834,0.0,0.01,0.26785590944925397,327.548629852,0.26785590944925397
40.0,2.0,0.21544346900318834,1.0,0.05,0.19427339761943815,351.86337516,0.19427339761943815
40.0,3.0,0.31622776601683794,0.0,0.01,0.2911838596450448,325.677992397,0.2911838596450448
40.0,3.0,0.31622776601683794,1.0,0.05,0.2088984443506741,321.648414428,0.2088984443506741
40.0,4.0,0.46415888336127786,0.0,0.01,0.3155834610916168,336.090213987,0.3155834610916168
40.0,4.0,0.46415888336127786,1.0,0.05,0.22563087272696855,515.252371679,0.22563087272696855
40.0,5.0,0.6812920690579611,0.0,0.01,0.33715693633733357,307.991924253,0.33715693633733357
40.0,5.0,0.6812920690579611,1.0,0.05,0.24170243118085177,329.521055746,0.24170243118085177
40.0,6.0,1.0,0.0,0.01,0.3643244865149551,302.160617886,0.3643244865149551
40.0,6.0,1.0,1.0,0.05,0.2593344553855662,309.865826119,0.2593344553855662
40.0,7.0,1.467799267622069,0.0,0.01,0.39400726948712617,277.228011499,0.39400726948712617
40.0,7.0,1.467799267622069,1.0,0.05,0.28221780089361426,336.449471,0.28221780089361426
40.0,8.0,2.1544346900318834,0.0,0.01,0.39406298389933164,262.033502523,0.39406298389933164
40.0,8.0,2.1544346900318834,1.0,0.05,0.3064324496335638,313.395472236,0.3064324496335638
40.0,9.0,3.1622776601683795,0.0,0.01,0.39347068890852166,264.803743751,0.39347068890852166
40.0,9.0,3.1622776601683795,1.0,0.05,0.32880552344978586,298.645319129,0.32880552344978586
40.0,10.0,4.6415888336127775,0.0,0.01,0.3938109640891177,251.541808594,0.3938109640891177
40.0,10.0,4.6415888336127775,1.0,0.05,0.35674843600551986,289.052673073,0.35674843600551986
40.0,11.0,6.812920690579611,0.0,0.01,0.39363627982443905,253.852455968,0.39363627982443905
40.0,11.0,6.812920690579611,1.0,0.05,0.3922119113403838,303.677970286,0.3922119113403838
40.0,12.0,10.0,0.0,0.01,0.3935170000614426,242.193341484,0.3935170000614426
40.0,12.0,10.0,1.0,0.05,0.3932020570259737,272.464560988,0.3932020570259737
41.0,0.0,0.1,0.0,0.01,0.2231382197631554,423.025237744,0.2231382197631554
41.0,0.0,0.1,1.0,0.05,0.1556563207756128,410.693416979,0.1556563207756128
41.0,1.0,0.21544346900318834,0.0,0.01,0.2555871305228062,399.554223853,0.2555871305228062
41.0,1.0,0.21544346900318834,1.0,0.05,0.18550821725446798,432.329745047,0.18550821725446798
41.0,2.0,0.46415888336127786,0.0,0.01,0.30107886552623997,422.43981572,0.30107886552623997
41.0,2.0,0.46415888336127786,1.0,0.05,0.21541347655878668,453.792992537,0.21541347655878668
41.0,3.0,1.0,0.0,0.01,0.3480942098068055,423.055543291,0.3480942098068055
41.0,3.0,1.0,1.0,0.05,0.24755438373021246,413.492701046,0.24755438373021246
41.0,4.0,2.1544346900318834,0.0,0.01,0.37608161084064734,352.166769709,0.37608161084064734
41.0,4.0,2.1544346900318834,1.0,0.05,0.2925410292689092,426.34555764,0.2925410292689092
41.0,5.0,4.6415888336127775,0.0,0.01,0.37586868891957137,327.114366811,0.37586868891957137
41.0,5.0,4.6415888336127775,1.0,0.05,0.34056513822301254,403.905629297,0.34056513822301254
41.0,6.0,10.0,0.0,0.01,0.3761576265886184,323.24478484,0.3761576265886184
41.0,6.0,10.0,1.0,0.05,0.375479869141981,323.384840495,0.375479869141981
42.0,0.0,0.1,0.0,0.01,0.2131656132029087,818.879843545,0.2131656132029087
42.0,0.0,0.1,1.0,0.05,0.14896348559097525,1986.635082615,0.14896348559097525
42.0,1.0,0.21544346900318834,0.0,0.01,0.24398490860327432,2121.657598522,0.24398490860327432
42.0,1.0,0.21544346900318834,1.0,0.05,0.17732211652959307,1160.242447224,0.17732211652959307
42.0,2.0,0.46415888336127786,0.0,0.01,0.28797724180588263,502.204437714,0.28797724180588263
42.0,2.0,0.46415888336127786,1.0,0.05,0.20584303457759914,554.011958837,0.20584303457759914
42.0,3.0,1.0,0.0,0.01,0.332713508781777,525.592009349,0.332713508781777
42.0,3.0,1.0,1.0,0.05,0.2365349477387346,1943.248804257,0.2365349477387346
42.0,4.0,2.1544346900318834,0.0,0.01,0.3594903846517968,577.340258546,0.3594903846517968
42.0,4.0,2.1544346900318834,1.0,0.05,0.27955799778951607,570.504613808,0.27955799778951607
42.0,5.0,4.6415888336127775,0.0,0.01,0.3595230544973033,486.844105065,0.3595230544973033
42.0,5.0,4.6415888336127775,1.0,0.05,0.3254827853524201,487.877640412,0.3254827853524201
42.0,6.0,10.0,0.0,0.01,0.3591791118325447,382.319820678,0.3591791118325447
42.0,6.0,10.0,1.0,0.05,0.3589221916592117,399.009529517,0.3589221916592117
43.0,0.0,0.1,0.0,0.01,0.20397903331293252,697.363206785,0.20397903331293252
43.0,0.0,0.1,1.0,0.05,0.1426908047426011,692.284085612,0.1426908047426011
43.0,1.0,0.21544346900318834,0.0,0.01,0.23331012180043917,698.179582632,0.23331012180043917
43.0,1.0,0.21544346900318834,1.0,0.05,0.16965885486100488,749.622931839,0.16965885486100488
43.0,2.0,0.46415888336127786,0.0,0.01,0.27559586317093465,703.175019263,0.27559586317093465
43.0,2.0,0.46415888336127786,1.0,0.05,0.1968731096250865,1098.119928042,0.1968731096250865
43.0,3.0,1.0,0.0,0.01,0.31788898190105147,716.487655257,0.31788898190105147
43.0,3.0,1.0,1.0,0.05,0.2262624010768793,732.801572892,0.2262624010768793
43.0,4.0,2.1544346900318834,0.0,0.01,0.3439231001079651,616.304486707,0.3439231001079651
43.0,4.0,2.1544346900318834,1.0,0.05,0.2674114919624551,729.857579547,0.2674114919624551
43.0,5.0,4.6415888336127775,0.0,0.01,0.3442500321000851,522.439299153,0.3442500321000851
43.0,5.0,4.6415888336127775,1.0,0.05,0.31137735150289153,622.610047611,0.31137735150289153
43.0,6.0,10.0,0.0,0.01,0.34368728604376353,521.396586981,0.34368728604376353
43.0,6.0,10.0,1.0,0.05,0.3433839937842277,565.712382426,0.3433839937842277
44.0,0.0,0.1,0.0,0.01,0.19550031181010522,800.479607317,0.19550031181010522
44.0,0.0,0.1,1.0,0.05,0.13678621080443182,804.463671523,0.13678621080443182
44.0,1.0,0.21544346900318834,0.0,0.01,0.22342911628936402,767.328675121,0.22342911628936402
44.0,1.0,0.21544346900318834,1.0,0.05,0.16247698331161337,776.324362274,0.16247698331161337
44.0,2.0,0.46415888336127786,0.0,0.01,0.26389602997771167,779.522097274,0.26389602997771167
44.0,2.0,0.46415888336127786,1.0,0.05,0.18853923926613783,876.356930365,0.18853923926613783
44.0,3.0,1.0,0.0,0.01,0.3043730232922812,787.990450641,0.3043730232922812
44.0,3.0,1.0,1.0,0.05,0.21663449943471555,785.812646164,0.21663449943471555
44.0,4.0,2.1544346900318834,0.0,0.01,0.32929935694265633,707.607329667,0.32929935694265633
44.0,4.0,2.1544346900318834,1.0,0.05,0.2560667742780356,746.042084046,0.2560667742780356
44.0,5.0,4.6415888336127775,0.0,0.01,0.32914862754808255,545.66464975,0.32914862754808255
44.0,5.0,4.6415888336127775,1.0,0.05,0.2981871283464886,678.676386092,0.2981871283464886
44.0,6.0,10.0,0.0,0.01,0.32956973083909596,529.197645384,0.32956973083909596
44.0,6.0,10.0,1.0,0.05,0.32887252734601896,606.750514468,0.32887252734601896
45.0,0.0,0.1,0.0,0.01,0.18723667172669603,1110.707101692,0.18723667172669603
45.0,0.0,0.1,1.0,0.05,0.13125076316594234,1086.063057178,0.13125076316594234
45.0,1.0,0.21544346900318834,0.0,0.01,0.21452936124137206,1084.010657961,0.21452936124137206
45.0,1.0,0.21544346900318834,1.0,0.05,0.15575564443391643,1121.198771532,0.15575564443391643
45.0,2.0,0.46415888336127786,0.0,0.01,0.25289155124241497,1141.235847398,0.25289155124241497
45.0,2.0,0.46415888336127786,1.0,0.05,0.18069901877780517,1154.910419141,0.18069901877780517
45.0,3.0,1.0,0.0,0.01,0.292221038652829,867.878112657,0.292221038652829
45.0,3.0,1.0,1.0,0.05,0.2076181492557016,760.580288711,0.2076181492557016
45.0,4.0,2.1544346900318834,0.0,0.01,0.3163200538653469,634.197203951,0.3163200538653469
45.0,4.0,2.1544346900318834,1.0,0.05,0.24541753413093972,773.15156062,0.24541753413093972
45.0,5.0,4.6415888336127775,0.0,0.01,0.31584605673593674,574.111482506,0.31584605673593674
45.0,5.0,4.6415888336127775,1.0,0.05,0.28577966218067885,713.767911287,0.28577966218067885
45.0,6.0,10.0,0.0,0.01,0.31561618802819935,564.163130884,0.31561618802819935
45.0,6.0,10.0,1.0,0.05,0.3152837576423149,621.485374287,0.3152837576423149
46.0,0.0,0.1,0.0,0.01,0.17965062301093754,797.70539178,0.17965062301093754
46.0,1.0,0.21544346900318834,0.0,0.01,0.20557167198601559,819.13412554,0.20557167198601559
46.0,2.0,0.46415888336127786,0.0,0.01,0.2424973104073896,849.593889693,0.2424973104073896
46.0,3.0,1.0,0.0,0.01,0.2801512316916664,844.545094796,0.2801512316916664
46.0,4.0,2.1544346900318834,0.0,0.01,0.3032730553510772,746.007077657,0.3032730553510772
46.0,5.0,4.6415888336127775,0.0,0.01,0.3034061793580171,597.162925435,0.3034061793580171
46.0,6.0,10.0,0.0,0.01,0.3034320502563409,612.412734103,0.3034320502563409
47.0,0.0,0.1,0.0,0.01,0.17231514076476137,1047.231073428,0.17231514076476137
47.0,1.0,0.21544346900318834,0.0,0.01,0.19749189512969306,948.624482664,0.19749189512969306
47.0,2.0,0.46415888336127786,0.0,0.01,0.233008581072424,1005.109353257,0.233008581072424
47.0,3.0,1.0,0.0,0.01,0.26895784820236673,1015.550169957,0.26895784820236673
47.0,4.0,2.1544346900318834,0.0,0.01,0.2912946899690687,849.354167389,0.2912946899690687
47.0,5.0,4.6415888336127775,0.0,0.01,0.29106687557685557,768.164755424,0.29106687557685557
47.0,6.0,10.0,0.0,0.01,0.2910411650028486,773.296897298,0.2910411650028486
48.0,0.0,0.1,0.0,0.01,0.16573944722929596,837.549799725,0.16573944722929596
48.0,1.0,0.21544346900318834,0.0,0.01,0.1900221755023334,796.758654145,0.1900221755023334
48.0,2.0,0.46415888336127786,0.0,0.01,0.22389117216200352,778.395593735,0.22389117216200352
48.0,3.0,1.0,0.0,0.01,0.25831449560663333,847.378219142,0.25831449560663333
48.0,4.0,2.1544346900318834,0.0,0.01,0.27945658950336477,753.780271456,0.27945658950336477
48.0,5.0,4.6415888336127775,0.0,0.01,0.2799059434109601,651.568707099,0.2799059434109601
48.0,6.0,10.0,0.0,0.01,0.2799899106604714,630.975655077,0.2799899106604714
49.0,0.0,0.1,0.0,0.01,0.1592810243313623,1180.527918415,0.1592810243313623
49.0,1.0,0.21544346900318834,0.0,0.01,0.18246312262951203,1228.139974209,0.18246312262951203
49.0,2.0,0.46415888336127786,0.0,0.01,0.21511241770560016,1077.763505115,0.21511241770560016
49.0,3.0,1.0,0.0,0.01,0.24850087395456263,975.889560528,0.24850087395456263
49.0,4.0,2.1544346900318834,0.0,0.01,0.26933037330845166,874.135310578,0.26933037330845166
49.0,5.0,4.6415888336127775,0.0,0.01,0.26897298250312074,855.666958424,0.26897298250312074
49.0,6.0,10.0,0.0,0.01,0.2688182679766852,709.478157061,0.2688182679766852
50.0,0.0,0.1,0.0,0.01,0.15364989238513888,1440.267111804,0.15364989238513888
50.0,1.0,0.21544346900318834,0.0,0.01,0.17559847211466226,1446.910385264,0.17559847211466226
50.0,2.0,0.46415888336127786,0.0,0.01,0.20747571266318088,1587.328875631,0.20747571266318088
50.0,3.0,1.0,0.0,0.01,0.2395245417034988,1288.209423871,0.2395245417034988
50.0,4.0,2.1544346900318834,0.0,0.01,0.25923886703906707,1089.186701473,0.25923886703906707
50.0,5.0,4.6415888336127775,0.0,0.01,0.258900202071134,1048.245727133,0.258900202071134
50.0,6.0,10.0,0.0,0.01,0.2592763423887618,1062.124586297,0.2592763423887618
