repeat,K,mean,worst,cvar_0.01,cvar_0.05,cvar_0.1
0,1,0.01767935591884424,0.02527533810216578,0.025237879829356977,0.024209476149141516,0.023052700327670938
0,2,0.005970974689398736,0.008837284015854409,0.008504495719537937,0.007942759468923519,0.007619560229749611
0,3,0.003048936975261594,0.004992877909615283,0.004659617756164925,0.004234469561417779,0.004050752637549422
0,4,0.001808338243618967,0.00321014776245672,0.002937654299433827,0.002633804073877563,0.002495729685134191
0,5,0.0011701568953327779,0.002223787548996598,0.0020188413163321735,0.0017813901831587112,0.00167895599460705
0,6,0.0008034326996912064,0.0016202245448296213,0.0014670138050397548,0.001269413840911011,0.0012005944492714698
0,7,0.0005763705389977116,0.0012245731239677263,0.0011073194760246115,0.0009456375470317956,0.0008961523079017129
0,8,0.0004277849588157688,0.0009518314681946496,0.0008603870284528646,0.0007312952101174873,0.0006897756807781816
0,9,0.0003262758487765259,0.000756463961918719,0.0006854295440162069,0.0005820867114480401,0.000545984938359189
0,10,0.00025448263558096345,0.0006122148763514676,0.0005570904872076001,0.0004746590136788185,0.0004410087256513182
0,11,0.00020223287711493683,0.000503052500783545,0.00045956798291623704,0.00039509035131157707,0.00036333844223373384
0,12,0.0001632798184998946,0.00041872993246690573,0.00038382122647340075,0.00033366480055230317,0.00030401401074395224
0,13,0.0001336358155946897,0.000352449317453414,0.0003239016082121726,0.0002850918104980711,0.0002579289615666819
0,14,0.0001106708211958922,0.0002995596482887835,0.00027698595308196154,0.00024583369240687705,0.00022116674640119857
0,15,9.260098209683433e-05,0.0002567950565940629,0.00024127959168596862,0.00021364768960384638,0.00019147731933566504
0,16,7.818663725942757e-05,0.00022181088997145655,0.00021146556993023347,0.00018699612290016626,0.00016695562814148874
0,17,6.654772280679166e-05,0.00019289127180189872,0.00018631137283245007,0.00016506066082895375,0.00014647891656654905
0,18,5.704751595097174e-05,0.00016875922695677118,0.00016489732028229022,0.0001464525711752421,0.00012921537737225493
0,19,4.921747302736993e-05,0.00014845019853558386,0.00014652462002167087,0.00013053720101545728,0.00011453783814095737
0,20,4.270749483998245e-05,0.00013122588046079293,0.00013065364719625318,0.00011682653846569239,0.00010196590349046323
0,21,3.725232851863674e-05,0.00011720884051840033,0.00011703905047951151,0.00010499156287504829,9.112633449838158e-05
0,22,3.264844364696198e-05,0.00010659700975507416,0.00010617747017492721,9.478864471202534e-05,8.176710410016788e-05
0,23,2.87378466077483e-05,9.755834258891546e-05,9.655104226362705e-05,8.584169176248165e-05,7.361275334631301e-05
0,24,2.5396575926263377e-05,8.956398806516161e-05,8.804431882030071e-05,7.795965327848414e-05,6.646320601389315e-05
0,25,2.2526408869902193e-05,8.246001789109043e-05,8.105688814086812e-05,7.098672536813238e-05,6.016800000865936e-05
0,26,2.0048804903977933e-05,7.612015582502069e-05,7.481622193656268e-05,6.48460760453478e-05,5.460371327022916e-05
0,27,1.7900429274383247e-05,7.043997531468213e-05,6.922125008907416e-05,5.943153802265802e-05,4.9668270481645924e-05
0,28,1.6029807350988352e-05,6.533247300425038e-05,6.418765802914078e-05,5.464616081402434e-05,4.5284718454743596e-05
0,29,1.4394797938881007e-05,6.07246573626563e-05,5.964460307842414e-05,5.0344027930809756e-05,4.137404915410061e-05
0,30,1.2960666411140546e-05,5.655489484650941e-05,5.553216550932121e-05,4.646608027237949e-05,3.787251598955976e-05
1,1,0.017889659319580156,0.027676864041858155,0.02653927948729047,0.024246797769062228,0.02328849915947082
1,2,0.005923191203391379,0.008267169340767998,0.008228207035910408,0.007946820431362418,0.00759798388926739
1,3,0.0030088001058899694,0.004383962467589979,0.004372326549031174,0.004198388941801362,0.004037010636572429
1,4,0.0017788005739080375,0.002758007528845182,0.002725620887526722,0.002626336379917984,0.0024968832262267796
1,5,0.0011478683774817076,0.001992705660008355,0.0019521582675834023,0.001782950393257621,0.0016861892996995153
1,6,0.0007861516000785021,0.001509584381881538,0.0014743532441330778,0.0012969724818873225,0.0012076949265162286
1,7,0.0005626912702224894,0.0011817836117960624,0.0011540065208050384,0.0009853076036917768,0.0009001522109406147
1,8,0.0004167787236773936,0.0009478398336844517,0.0009271857207027306,0.0007745603979777288,0.000691844626417684
1,9,0.0003173009299015477,0.0007745444389091309,0.0007599134401926214,0.0006230747088221383,0.0005464837418903645
1,10,0.00024708048890917313,0.000642453770972751,0.0006326193829451453,0.0005105229121185739,0.00044107044961102653
1,11,0.00019606739292970818,0.0005394643688688021,0.0005333401577607429,0.0004249215442802969,0.0003628243290758868
1,12,0.00015809966572237044,0.00046023924365457263,0.0004589551872939149,0.00035877216220171976,0.0003028458309029244
1,13,0.0001292500061770569,0.00040477632864928853,0.00039824217625471594,0.00030714266097288834,0.0002559666986092083
1,14,0.00010693225196567943,0.00035821556313383947,0.0003480156576105923,0.00026566030971628373,0.00021936289121615238
1,15,8.939501347719608e-05,0.00031868927485432895,0.0003068325859287315,0.000231513363331476,0.0001899703201942443
1,16,7.542297665788132e-05,0.0002848236544374745,0.00027189393980707124,0.00020307336201552507,0.00016568121301287886
1,17,6.415454714341217e-05,0.0002555831523231563,0.00024195252862489538,0.00017914485534572787,0.00014546043072808442
1,18,5.496715189707501e-05,0.00023017042179488168,0.00021611183261988691,0.0001588330855179975,0.000128426599020916
1,19,4.740318409997056e-05,0.00020796007720298856,0.00019367459380895794,0.00014145674272953023,0.00011393238674038376
1,20,4.11210683232204e-05,0.0001884536766999643,0.00017408979320512023,0.00012684828376364227,0.0001015976274158385
1,21,3.586224808433016e-05,0.00017124839190133624,0.00015691583100585377,0.00011420233928938553,9.102128772453369e-05
1,22,3.1428495432089496e-05,0.00015601472123780784,0.0001417944167958418,0.00010315120654699637,8.18644452993749e-05
1,23,2.766604883181442e-05,0.000142480313505367,0.00012843169471294971,9.34462594312929e-05,7.385617437639609e-05
1,24,2.4454351719682296e-05,0.00013041800571428902,0.0001165843548090119,8.488578308374628e-05,6.682048039885474e-05
1,25,2.169794304022096e-05,0.00011963682423637704,0.00010604924509857016,7.730456943373765e-05,6.065374737661337e-05
1,26,1.9320540565460485e-05,0.00010997510774466142,9.665548420161555e-05,7.056614453540705e-05,5.5247761191431035e-05
1,27,1.7260671361971842e-05,0.00010129517557195106,8.825838930542285e-05,6.455688747485705e-05,5.046806089541653e-05
1,28,1.54684082123139e-05,9.347913989375139e-05,8.081717496911947e-05,5.918152774203251e-05,4.621162399112211e-05
1,29,1.3902906260576698e-05,8.642557731683739e-05,7.425498653577375e-05,5.435966011141376e-05,4.242763100319819e-05
1,30,1.2530525258709962e-05,8.00468552778064e-05,6.835289527063685e-05,5.0023019608118174e-05,3.904056586595191e-05
2,1,0.017725270980760918,0.030062640297903193,0.027787363410496105,0.024067917499364187,0.022824219751952972
2,2,0.0059984397917295686,0.009366443567226837,0.009107538730197207,0.008343620884739469,0.007900863708058214
2,3,0.003061544970564956,0.00505317796749757,0.005025838352922763,0.004520008737472436,0.004240650661846372
2,4,0.0018150425202001087,0.0032396712009923356,0.003199029988261798,0.002841244171146739,0.0026495055782749244
2,5,0.0011744374765606826,0.0022248910001929087,0.002224442854617636,0.0019440414933059793,0.0017976630258077068
2,6,0.0008065069677481183,0.001649250049411483,0.0016251446605815368,0.001406366788473485,0.0012864105875005632
2,7,0.0005787416044325954,0.0012684535283830427,0.001231257686262175,0.0010561794992139581,0.0009574927243015764
2,8,0.000429689821549596,0.001003120665295687,0.0009592029478427918,0.0008159305827877912,0.000735187209516552
2,9,0.0003278381725085498,0.0008107083111047482,0.0007639054126052851,0.0006456210696830149,0.0005795214725178566
2,10,0.0002557736835304946,0.0006666946407599396,0.0006193123461857961,0.0005203532122784991,0.0004656551905530856
2,11,0.00020329843412158276,0.0005561116577569309,0.0005095215976704462,0.00042537458234240586,0.00038045759941503546
2,12,0.00016415266443046056,0.0004693885734909113,0.0004251992759114455,0.0003519082136836388,0.00031525355680378975
2,13,0.0001343416819650927,0.0004001657575543389,0.0003595471344640278,0.000294807076423693,0.0002643056839079415
2,14,0.0001112312780669992,0.0003440783522270848,0.0003065984230032088,0.00024944691351846135,0.00022382368555967617
2,15,9.303485051624709e-05,0.0002980467636467385,0.0002633670485000406,0.0002135718369755985,0.00019171699587220266
2,16,7.851068783605408e-05,0.00025984588394167824,0.00022769227051709444,0.00018409722218154832,0.00016563138349648437
2,17,6.677703072542504e-05,0.00022783435236991238,0.00019891880786851332,0.00015991453118316496,0.00014436521355917575
2,18,5.7195654274711785e-05,0.0002007792011621782,0.00017632867562311812,0.00013981263445156112,0.0001266140053530326
2,19,4.9296633469906e-05,0.00017773923682116603,0.00015707774327240233,0.0001232440175930647,0.00011158488802471432
2,20,4.272857904319457e-05,0.00015798564500691328,0.00014055455460838535,0.00010940255635615932,9.887123323820813e-05
2,21,3.722502975297995e-05,0.00014094679687819782,0.00012628090572560692,9.77360303404511e-05,8.80148095600867e-05
2,22,3.258132729910722e-05,0.00012616915440686322,0.00011387845293152505,8.78179575324146e-05,7.871373747348811e-05
2,23,2.8638432144841514e-05,0.0001132891074454496,0.00010304469101091212,7.9162543007335e-05,7.06665510126838e-05
2,24,2.5271420363466874e-05,0.00010201237317156812,9.353541320372233e-05,7.167144042961506e-05,6.368522995194872e-05
2,25,2.2381190651518452e-05,9.209871613206837e-05,8.515172905656581e-05,6.518560133567054e-05,5.764916155164789e-05
2,26,1.9888406776725605e-05,8.335046973755791e-05,7.773033563462001e-05,5.943805625147024e-05,5.233151708200427e-05
2,27,1.77290187831069e-05,7.560381235052653e-05,7.11361429392439e-05,5.432668342054413e-05,4.762652452264787e-05
2,28,1.585091380913476e-05,6.872206539791068e-05,6.525662443479478e-05,4.9788157090476916e-05,4.344942020918411e-05
2,29,1.4211385005592098e-05,6.259049357114952e-05,5.9997446450386644e-05,4.583443713433906e-05,3.972926210716469e-05
2,30,1.2775199685438288e-05,5.711223324478093e-05,5.5279055901635e-05,4.229245325472628e-05,3.640631834147456e-05
3,1,0.01771426457676512,0.028859476081071082,0.026895104239607132,0.0241660358436513,0.022849357500425004
3,2,0.005997521433910375,0.009316643702091294,0.009208929137326499,0.008550690530887663,0.0080900508419732
3,3,0.0030674294008657317,0.005243161500596911,0.005059086940736248,0.004659095246253563,0.004359452902936426
3,4,0.001819415247675064,0.0034244671989850733,0.003270460177047272,0.0029457967904878467,0.002721039126545375
3,5,0.0011764155352835153,0.002394023767224787,0.0022805424728035003,0.0020212202010986774,0.0018510608548230393
3,6,0.0008064192921722735,0.0017532315755216146,0.00166960634270548,0.0014598081360982643,0.001328591243584865
3,7,0.0005771176800766971,0.0013284883164219748,0.0012668354050534092,0.0010967487034821968,0.0009906284639092386
3,8,0.000427016830093589,0.0010333373251958005,0.0009880648463373549,0.000848067880373401,0.0007622188434817601
3,9,0.00032450341434852524,0.0008206135376158059,0.0007877266210277062,0.0006712928475882229,0.0006011565580078323
3,10,0.00025206521799912666,0.0006627704371399543,0.0006405814098063985,0.000543211633628037,0.00048372525888596877
3,11,0.0001994231039759714,0.0005428360028627285,0.0005331671722826935,0.00044730486823708876,0.00039592069851216376
3,12,0.0001602552557797816,0.0004498909466355814,0.00044888156856654854,0.00037314760963598514,0.0003284673757779755
3,13,0.00013052102776230228,0.00038643862209568206,0.00038154619871966927,0.00031474801624051057,0.000275722545815393
3,14,0.00010755271572689389,0.00033574573534511,0.00032693284311485326,0.0002691175494782752,0.000233703851786876
3,15,8.953953653158851e-05,0.00029337427887858337,0.00028209897751499955,0.00023222918826965836,0.00020018483759359657
3,16,7.522245690469978e-05,0.0002575820410885321,0.00024686459839519967,0.00020188481270549092,0.00017283501259615332
3,17,6.370741408796138e-05,0.00022708282150935949,0.00021716474638797803,0.00017678676826392607,0.00015031251814493456
3,18,5.434754243291529e-05,0.00020090526592700175,0.00019191195424823502,0.00015591341618885818,0.00013151123799409048
3,19,4.666694740289305e-05,0.0001783005432135086,0.00017027821758953536,0.00013821731978417415,0.00011571694775234308
3,20,4.03102171040857e-05,0.00015868065050626758,0.00015162278930601038,0.0001231031813327237,0.00010234236206664882
3,21,3.500828452386252e-05,0.0001415763366979117,0.0001354425388264661,0.00011014349261768555,9.095598870102672e-05
3,22,3.055491339746293e-05,0.0001266078272656671,0.00012133718619748645,9.90175637746866e-05,8.120246490437547e-05
3,23,2.6790227523851965e-05,0.00011346404630974824,0.0001092410621599722,8.932352405994848e-05,7.288396695448184e-05
3,24,2.3588996014609363e-05,0.00010188757368851523,9.949768505498984e-05,8.083606817495324e-05,6.5689358747529e-05
3,25,2.0852183734692567e-05,9.166353930556123e-05,9.084692431192877e-05,7.337207197266826e-05,5.942932341609279e-05
3,26,1.850077783338205e-05,8.366734984551089e-05,8.313930912775389e-05,6.690043607669252e-05,5.392547529884937e-05
3,27,1.647122323591049e-05,7.792202940698652e-05,7.656219909360308e-05,6.117884636988295e-05,4.906499297640855e-05
3,28,1.4712010292701384e-05,7.271424373677766e-05,7.131678353395203e-05,5.608585330548236e-05,4.4757274327221846e-05
3,29,1.3181097417084451e-05,6.797719311064618e-05,6.656917126897797e-05,5.153740651135854e-05,4.0926747630336763e-05
3,30,1.1843945636395413e-05,6.365472119353736e-05,6.225815383869437e-05,4.74778295573643e-05,3.75099922618017e-05
4,1,0.01791381448171444,0.029062145431248874,0.028886556298391507,0.02567799732042784,0.023540139872541853
4,2,0.006007631840289909,0.009525516687719608,0.00946202651577473,0.00816403427589899,0.007810291457168442
4,3,0.0030617806280649174,0.005469094132126708,0.005379556248118743,0.004458246706372261,0.00419491795888219
4,4,0.001813110423164416,0.0035230273010821013,0.0034430548544847374,0.0028154307159808196,0.0026213784286177977
4,5,0.001171812993036258,0.002425830810623598,0.0023619836092525354,0.0019237200081882906,0.0017756256392520552
4,6,0.0008040021685344995,0.001746792257013168,0.0016976214505529308,0.0013876556563265597,0.0012743657551708436
4,7,0.0005766879490382592,0.0012993396419551777,0.001262084647821304,0.0010439437789553562,0.0009534138291983173
4,8,0.0004281634642977485,0.0009907257874193917,0.0009628241748472955,0.0008113925048457021,0.00073696559402239
4,9,0.00032680324884746506,0.0007703078343228778,0.0007555477305915034,0.0006444470527319002,0.0005845485457032434
4,10,0.000255154405398734,0.0006084644235121992,0.000604863602262659,0.0005223331562751576,0.00047283704140611984
4,11,0.00020301190293635168,0.0004948754824864196,0.0004909013585164298,0.00042981382687344203,0.0003887650455965673
4,12,0.0001641226663178618,0.00041210531178212005,0.00040302379427462873,0.00035796110146777457,0.0003245730366448617
4,13,0.00013450345728244123,0.00034661740228228134,0.00033722070150671903,0.0003011714763420956,0.0002745765097279595
4,14,0.0001115321847014985,0.00029405954744920256,0.0002913507059963471,0.00025578659547257395,0.00023436573756233488
4,15,9.343329705515307e-05,0.000256097002977684,0.00025372822160046405,0.00021972858704502672,0.0002015851035867789
4,16,7.897447567440989e-05,0.00022871123639528213,0.0002225042443845095,0.00019105474613667037,0.00017454922235602305
4,17,6.728163135915053e-05,0.00020540684619193406,0.0001963216853798683,0.00016745978240761278,0.00015231626777881756
4,18,5.772264552825425e-05,0.00018538249398689031,0.00017416602149379937,0.00014756376897337822,0.00013381650057056564
4,19,4.9832370847661905e-05,0.00016803151489768226,0.0001574849259331195,0.00013111221540328992,0.00011810821963669001
4,20,4.326310915296025e-05,0.00015288694079442958,0.0001445745123857584,0.00011697305216387482,0.0001046773533230364
4,21,3.7751222991664865e-05,0.00013958378803652103,0.0001331336283913425,0.00010483360475548045,9.313351174502642e-05
4,22,3.3094196818212585e-05,0.00012783273077293986,0.00012294023072859114,9.459516905979642e-05,8.326007224551071e-05
4,23,2.9134605259984865e-05,0.00011740142354864992,0.00011381536995022184,8.56019525349144e-05,7.467023362473889e-05
4,24,2.5748731769244675e-05,0.00010810104987110436,0.00010561294864265483,7.774471022114552e-05,6.727227400750915e-05
4,25,2.2838371398253088e-05,9.977649616086947e-05,9.821230474846629e-05,7.078101939262969e-05,6.078554190561675e-05
4,26,2.032484768173656e-05,9.22990765471617e-05,9.15127535324654e-05,6.45877599077398e-05,5.506057299597358e-05
4,27,1.814459122473808e-05,8.556107636913298e-05,8.542950912784318e-05,5.906655186484371e-05,4.9991218506777535e-05
4,28,1.6245834490294084e-05,8.03095763829037e-05,7.989059255757325e-05,5.4175968068319574e-05,4.5509684877840686e-05
4,29,1.4586114256011721e-05,7.571548030229298e-05,7.483445539250628e-05,4.993062541714489e-05,4.1539802491799605e-05
4,30,1.3130365258110332e-05,7.147579224694429e-05,7.020812979972806e-05,4.61025091757373e-05,3.79905116659494e-05
5,1,0.017632085080362916,0.02608702090607657,0.025353311732830383,0.02347990947204045,0.02272517327313737
5,2,0.005905612517779403,0.00929894524633288,0.009096859745482525,0.008270602395939691,0.007853196688400762
5,3,0.003003824783629074,0.0052800698786240816,0.005103525093467617,0.004499422756426039,0.004253919657674165
5,4,0.0017759936006114274,0.003409955379142952,0.003265020280043841,0.002825223746466954,0.002657399619696219
5,5,0.0011461623046539304,0.002367855733922978,0.0022492652291197833,0.0019287319736059339,0.0018014058948817187
5,6,0.0007851897487624404,0.0017274640391946063,0.0016290819996150683,0.0013929670653000069,0.001287744398394804
5,7,0.0005621646529603406,0.0013066708144957415,0.0012238771089366912,0.0010463943602541065,0.0009565501446085728
5,8,0.0004164672846398261,0.001016087159075898,0.0009665967458719551,0.0008088288643051764,0.0007338420164468574
5,9,0.0003170626585696322,0.0008075892608974828,0.0007833123635986078,0.0006418473349821932,0.0005780894332397645
5,10,0.00024683057427396797,0.0006533787877628451,0.0006450148572483588,0.0005214848631834386,0.0004652356668551275
5,11,0.00019575964882871216,0.0005393699223262509,0.0005379230175608662,0.0004306426360514799,0.0003815426395451656
5,12,0.00015771282075094088,0.0004605106172665045,0.0004532696530250996,0.00036047339049401477,0.00031719646663813737
5,13,0.00012877822560578096,0.0003956267906899715,0.00038523102602833236,0.00030566041661303283,0.00026695636887735514
5,14,0.00010637880992245659,0.0003416247671369931,0.00032979491542987807,0.00026149614703908745,0.00022715100715536623
5,15,8.876817042574937e-05,0.0002962699546417743,0.00028411047193575216,0.0002254269326988449,0.00019540282279195283
5,16,7.473335483533487e-05,0.0002578976612253008,0.000246098339948994,0.0001956240807019719,0.00016926748361710352
5,17,6.341350486915971e-05,0.00022523604071154638,0.0002142077792076536,0.0001709878023103643,0.00014780257006572682
5,18,5.41858146247245e-05,0.00019729322306519546,0.0001872601530538982,0.0001504073169629263,0.0001299468377473457
5,19,4.659190145243083e-05,0.00017328264869254583,0.0001643449846701486,0.00013301159264841964,0.0001148123197967973
5,20,4.028914307773936e-05,0.00015257199253575354,0.00014474904575304106,0.00011811162564557588,0.0001018565842565715
5,21,3.501783510912788e-05,0.00013464716491562155,0.00012790680976993942,0.0001052715342442364,9.069644056485273e-05
5,22,3.057860354931859e-05,0.00011908626302058517,0.00011336508952190991,9.423211192736237e-05,8.102938331766174e-05
5,23,2.6816601958021212e-05,0.0001055402873957421,0.00010075731766901922,8.466090077295798e-05,7.261382874132043e-05
5,24,2.3610281197988386e-05,9.371858336538494e-05,8.986430865293317e-05,7.626931706905947e-05,6.525482556005202e-05
5,25,2.0863293400909694e-05,8.337766337052675e-05,8.122602544013505e-05,6.888333345570081e-05,5.879356483390189e-05
5,26,1.849857776693282e-05,7.43125009830007e-05,7.359591225486662e-05,6.235944079372157e-05,5.309956993128018e-05
5,27,1.6453987034890978e-05,6.732488253569904e-05,6.683727439178483e-05,5.6578388588882825e-05,4.8064806323691226e-05
5,28,1.4679016335004719e-05,6.23277484794703e-05,6.083480198401455e-05,5.144039375921826e-05,4.3599186103076174e-05
5,29,1.3132330555117211e-05,5.781794316834312e-05,5.549071775696699e-05,4.6861432608098945e-05,3.96270990788496e-05
5,30,1.1779876764472425e-05,5.373627476366296e-05,5.072171838841934e-05,4.2770341669747486e-05,3.6084708715653826e-05
6,1,0.017760991009262463,0.028784209950512698,0.0271284238950582,0.024315700450614087,0.02315350963115295
6,2,0.005958858517393611,0.010515725124802283,0.009516765372537508,0.008263267486584087,0.007911421635163436
6,3,0.003032855847359247,0.005761256142589294,0.0051930907029784975,0.00446504926146169,0.004221882771498604
6,4,0.0017912053929093918,0.0036860561411425396,0.0032870340703511124,0.002783152975095185,0.0026201289176607046
6,5,0.001154344074684338,0.0025592806976981125,0.002248323341276277,0.0018794780228687125,0.0017679877179210064
6,6,0.000789902187523715,0.0018772420542189372,0.0016355420238778062,0.0013469532148707606,0.0012602205990661108
6,7,0.0005652509173106727,0.0014329372585181626,0.0012489968262360714,0.0010086695179357015,0.0009357348360255361
6,8,0.0004188686002902936,0.0011272306661255836,0.0009834665020730486,0.0007779770805407791,0.0007181137931874676
6,9,0.0003192469710531675,0.00090779257003586,0.0007931358392567962,0.0006141990331574519,0.0005648965550690242
6,10,0.0002490152211562506,0.0007448797919676171,0.0006520064747893909,0.0004941088362098508,0.0004531540732658873
6,11,0.00019802992004109454,0.0006205708475740448,0.0005444303512325179,0.0004039495334427221,0.000370197244242553
6,12,0.00016008613118940896,0.0005235429415564754,0.0004605296353269794,0.00033550080203536295,0.00030691395084184956
6,13,0.000131239137667147,0.00044635491556777187,0.0003938184924307082,0.00028221663799540104,0.00025734988345854626
6,14,0.0001088980869912689,0.00038395100673959304,0.0003398948057307374,0.00024072608311046778,0.00021801656740544215
6,15,9.131294840716766e-05,0.00033279678045106576,0.00029568500255150817,0.000207106411793312,0.00018639004066162184
6,16,7.727233414640688e-05,0.00029035956151038145,0.00025898999391070515,0.00017955265516047888,0.00016082637501418315
6,17,6.591935372431343e-05,0.0002547849244830203,0.00022820241428967184,0.00015687460325110748,0.0001400780443258581
6,18,5.663603071150998e-05,0.00022468902533731442,0.00020212508036118602,0.00013782877501039432,0.0001229545191153741
6,19,4.8968847496217765e-05,0.0001990216590228139,0.00017985127129687778,0.00012181883503834166,0.00010861251832566827
6,20,4.2579667134994004e-05,0.00017697376861407855,0.00016068388499588897,0.00010842010900009203,9.649740325551261e-05
6,21,3.7212709586786934e-05,0.00015791362481572897,0.00014407968218799593,9.713765592094037e-05,8.608248294732698e-05
6,22,3.26719134826312e-05,0.0001413419323452416,0.0001296100994334684,8.738974919089186e-05,7.706814199429184e-05
6,23,2.880515240090088e-05,0.0001268596963553118,0.00011693323459487749,7.888011369910688e-05,6.926702948041426e-05
6,24,2.549305815063659e-05,0.00011414485701833862,0.00010577350859722421,7.141325792744626e-05,6.246746051156403e-05
6,25,2.2640992289664025e-05,0.00010293505477722897,9.590669177044723e-05,6.483099083237879e-05,5.64859241902755e-05
6,26,2.017320204791736e-05,9.301475064325986e-05,8.714873766515818e-05,5.900694674501217e-05,5.120304867045908e-05
6,27,1.8028513393616787e-05,8.42054854052667e-05,7.934735762752176e-05,5.3864060027156285e-05,4.65675976052494e-05
6,28,1.615712001310379e-05,7.635843151759403e-05,7.237559397709303e-05,4.9267812706010156e-05,4.2452555068417546e-05
6,29,1.4518163228458189e-05,6.934864017324661e-05,6.612686805849296e-05,4.51477556909197e-05,3.8807823606898796e-05
6,30,1.307788932112126e-05,6.307055597615604e-05,6.051112872090743e-05,4.14444248715121e-05,3.5563211960592115e-05
7,1,0.01753376905763331,0.026424750160389296,0.0250348839254963,0.02279988504787018,0.022049395724921157
7,2,0.005954503106965484,0.008866211356326611,0.008650613622353129,0.008025856594232819,0.007640520838764167
7,3,0.0030414178805809973,0.004664892878896187,0.004660439901768544,0.004319140073169124,0.004052260383404552
7,4,0.0018025779584145219,0.0029666398260138455,0.0029574732881133227,0.0026816139088388126,0.0025018474453370144
7,5,0.0011654384218060365,0.0020414821965663212,0.002025571198996737,0.0018156649907096457,0.0016871714002257433
7,6,0.0007992508353525423,0.0014795772482930163,0.0014601233015169904,0.0012989634508913787,0.0012082243334014173
7,7,0.0005724837132312136,0.0011132953552178825,0.0010920714471570152,0.0009707423455748709,0.000900505537745544
7,8,0.00042410214533511567,0.0008619425313732666,0.00084000342398214,0.0007477997530851024,0.0006932452274327007
7,9,0.0003227675334349199,0.000682573473124255,0.000660572536446034,0.0005895648485753407,0.0005466063689181129
7,10,0.00025114039270899847,0.000550555703874413,0.0005289062601790123,0.0004735767706703344,0.0004391894273674801
7,11,0.00019905436700089514,0.0004509190939405987,0.0004424474108380466,0.0003865641983413078,0.00035862711648462314
7,12,0.00016026347835707474,0.00037649220921018604,0.00037531459031601836,0.0003199955840840286,0.00029702178548491313
7,13,0.0001307792388160246,0.0003297040376371852,0.00032180932387173775,0.0002680518122312116,0.00024867178982095246
7,14,0.00010797045573853735,0.0002909688733893782,0.0002784646866348604,0.0002273708139446671,0.0002102575761611858
7,15,9.005226270256062e-05,0.0002584485369729658,0.00024285935236200657,0.00019468748214435144,0.00017944692866557677
7,16,7.5784224500658e-05,0.00023082648431050856,0.0002132590721310514,0.00016841126586631495,0.00015424556234724503
7,17,6.428573734286755e-05,0.0002071351612123449,0.00018839396009776352,0.00014669697627782383,0.00013341412703901163
7,18,5.4919736376994294e-05,0.00018664707273381524,0.0001673158451985895,0.00012851159586339066,0.0001160761950853045
7,19,4.721749377740801e-05,0.00016880405254649625,0.00014930440722169078,0.00011315608702774354,0.00010154991629602256
7,20,4.082884907809109e-05,0.0001531701257769413,0.0001338039119055003,0.00010011888288505871,8.934074766436439e-05
7,21,3.548858246532217e-05,0.00013939933919335384,0.00012037964016029217,8.900931807316834e-05,7.904293581815892e-05
7,22,3.099326813804908e-05,0.00012721332065819763,0.00010868728971888395,7.94287938848412e-05,7.026270666938752e-05
7,23,2.7185070585432893e-05,0.00011638530607557357,9.845110256183996e-05,7.118537785518191e-05,6.270972655830202e-05
7,24,2.3940225559748296e-05,0.00010672855556371238,8.944797470919686e-05,6.414715914273399e-05,5.615098886076219e-05
7,25,2.1160735212506998e-05,9.808780639112973e-05,8.149573979896663e-05,5.807931978471975e-05,5.045641902495488e-05
7,26,1.876830239737682e-05,9.033286512522835e-05,7.512221946885335e-05,5.2724244797539206e-05,4.548225350883087e-05
7,27,1.669984696154053e-05,8.335373233841171e-05,6.945559625430849e-05,4.797665424572618e-05,4.111218906184758e-05
7,28,1.4904154314384298e-05,7.70568427286442e-05,6.435277327087268e-05,4.375398249818135e-05,3.728894900136877e-05
7,29,1.3339344208236496e-05,7.136212914156135e-05,5.9744626973617584e-05,3.9987020747300845e-05,3.3929895311457736e-05
7,30,1.1970940364049196e-05,6.620070363772976e-05,5.557225015798705e-05,3.661738392026319e-05,3.0955982396177154e-05
8,1,0.017654713581880185,0.026696536966572537,0.02614971146211048,0.02429041906029311,0.023107177240492154
8,2,0.005896078389746255,0.008506547683395146,0.008353408536587129,0.00793240203673161,0.007671461934729891
8,3,0.0030005238428326545,0.004809948147272006,0.004696440283272491,0.004317529998415874,0.004107520389186828
8,4,0.001774565981461755,0.003095109748492842,0.003048403301443181,0.0027258235534132077,0.0025635544122202757
8,5,0.0011455287990717058,0.002138640569836611,0.0021340610267500653,0.0018673697955841582,0.0017413636045989951
8,6,0.0007850363852495864,0.0015907401209646404,0.0015700004941195556,0.00134863268926994,0.001253401096598508
8,7,0.0005623953495457082,0.001231677690448498,0.0011962355023893549,0.0010112502756325329,0.0009401514907153189
8,8,0.00041702735797230153,0.0009789149213385157,0.0009354400262225545,0.0007803296316330019,0.0007288934551197689
8,9,0.0003179032407291209,0.0007935808749307512,0.0007462758398442704,0.0006207351628324311,0.0005799884215497546
8,10,0.00024790307032572604,0.0006533827454292664,0.0006048927916918494,0.0005061160334700748,0.00047207478021025795
8,11,0.00019701686006296144,0.0005447057831011303,0.0005003079752449582,0.000420915760796204,0.000390342808985006
8,12,0.00015911087545093198,0.00045880098260151565,0.0004217158331541656,0.00035472777429548406,0.00032699694641645505
8,13,0.0001302779044534612,0.0003898062205304509,0.0003589225232140651,0.000302317567881041,0.0002772682027582689
8,14,0.00010794615178539212,0.0003336551482322851,0.0003080302221616226,0.00026000951449597903,0.00023732095773478472
8,15,9.037453323393677e-05,0.0002874440874615593,0.00026627586036373247,0.00022525286573857236,0.00020471651975691096
8,16,7.635513196057383e-05,0.0002490482662838169,0.00023165394507103474,0.0001965613677120624,0.00017779715579402237
8,17,6.503165341063179e-05,0.0002168802347271778,0.00020267886984707807,0.00017305804916988398,0.0001553730099641432
8,18,5.578530260882429e-05,0.00018973269683655235,0.00017823042897120565,0.00015355966847463513,0.00013660441110210927
8,19,4.816114146056006e-05,0.00016667327491796399,0.00015745066947209447,0.0001368679459052153,0.00012067691262280986
8,20,4.1819451863043274e-05,0.00014697224073828262,0.00013967336973064577,0.00012248310432261803,0.00010706837841068728
8,21,3.650294017064825e-05,0.00013005176587737257,0.0001243748018063568,0.00011001257046261526,9.541821147879497e-05
8,22,3.201420579793606e-05,0.0001154495719412917,0.00011125260980333139,9.914410505946353e-05,8.539255949872019e-05
8,23,2.8199996384452073e-05,0.00010279243306370905,0.00010048505984301577,8.962657345006381e-05,7.672545212560053e-05
8,24,2.4940033269149844e-05,9.177655494254702e-05,9.103988983195077e-05,8.125595138382207e-05,6.923021885956034e-05
8,25,2.213896668139169e-05,8.329065919854148e-05,8.272174974993679e-05,7.389231850939966e-05,6.270241958114505e-05
8,26,1.9720507258457963e-05,7.702229450933331e-05,7.536898890423679e-05,6.744686471449055e-05,5.694323320219498e-05
8,27,1.762309246878726e-05,7.139962628197926e-05,6.884698822882357e-05,6.171328506288722e-05,5.1844410953416194e-05
8,28,1.579664982970685e-05,6.633969519276465e-05,6.33770168476938e-05,5.659660499667529e-05,4.731563738097373e-05
8,29,1.4200153463671834e-05,6.177223536313091e-05,5.8607107596292976e-05,5.20168705914045e-05,4.330460277813382e-05
8,30,1.2799761061054008e-05,5.7637421146888756e-05,5.4504422728860046e-05,4.790637883040052e-05,3.9739325039223496e-05
9,1,0.01752688957485439,0.024800692591481634,0.024706815612885586,0.023192732653337326,0.0222856534771809
9,2,0.005888456509892679,0.008150134680692728,0.008100173813417317,0.007828216056156124,0.0075453416368027725
9,3,0.003001131529571207,0.004567760361187305,0.00446366645186066,0.0041786636124369805,0.0039892608396764045
9,4,0.001773082135246444,0.002948678506380421,0.0028174600329465924,0.0025764693094536824,0.0024535118306947775
9,5,0.001142219495164249,0.002032824489737914,0.001921280801902556,0.0017312363932186132,0.001643938841592334
9,6,0.0007806443811224309,0.0014631103556417148,0.0013855974390849105,0.0012397632686683379,0.0011627307980119016
9,7,0.000557417134381105,0.0010859888004047377,0.0010359880822368123,0.0009254116929916228,0.0008574161680521582
9,8,0.0004117864317999622,0.0008249771373477907,0.0007960866617205203,0.0007112231452980125,0.0006545590904637076
9,9,0.0003126107565748597,0.0006381720229076954,0.0006250851478412673,0.000559036560130834,0.0005130384776654245
9,10,0.00024269572002841953,0.0005009448136572027,0.0004995029678326122,0.0004483818326337593,0.0004106567322982135
9,11,0.0001919809732565622,0.0004120472491886766,0.0004101478918120963,0.0003669906972053046,0.00033474308902818595
9,12,0.00015429837402794328,0.00034559460852326776,0.0003445489222715792,0.0003046842764494919,0.00027695669123572
9,13,0.00012571717050807407,0.0002932458807717185,0.0002927049266651261,0.0002560313651997929,0.00023194624383951191
9,14,0.00010364955214928369,0.0002513173031792011,0.0002510776942549128,0.0002174876028848739,0.00019658885970094743
9,15,8.634367597422398e-05,0.00021724981979656693,0.00021718929300524806,0.00018642232003663502,0.0001681899558034542
9,16,7.258455147589732e-05,0.00018930594642285517,0.00018926355254140126,0.000161137386153888,0.0001450251739027903
9,17,6.151139288192872e-05,0.00016609756170120677,0.0001660015265025078,0.00014034320308538984,0.0001258613989915818
9,18,5.250271699115405e-05,0.00014655308818891958,0.00014643646000943664,0.00012336815305175313,0.00010985574279790843
9,19,4.5102147382638255e-05,0.00012995200284585402,0.00012983757799137457,0.00010897011749650627,9.637974023474066e-05
9,20,3.8969384521808734e-05,0.00011574101229460347,0.00011564475816728364,9.666714126602203e-05,8.496562530942944e-05
9,21,3.384713108997548e-05,0.0001034901813766187,0.00010342325848052583,8.609873655486505e-05,7.521669380934775e-05
9,22,2.9538362720246983e-05,9.28617562601037e-05,9.283176979181258e-05,7.703438855306846e-05,6.69303707426309e-05
9,23,2.5890443410983757e-05,8.361132996156409e-05,8.359950534768632e-05,6.91381340000607e-05,5.977879107825786e-05
9,24,2.2783852852618166e-05,7.556589528640928e-05,7.550953148807311e-05,6.222850073638679e-05,5.360048581329832e-05
9,25,2.012407326648778e-05,6.84884075495244e-05,6.838647995630631e-05,5.623297215765094e-05,4.825628914122903e-05
9,26,1.7835673903221927e-05,6.22345496415836e-05,6.208738197280913e-05,5.094012798636347e-05,4.358685715401292e-05
9,27,1.5857945703966768e-05,5.6685787293297446e-05,5.649475638085497e-05,4.625064654956369e-05,3.946617406260477e-05
9,28,1.4141643643022619e-05,5.174405953110793e-05,5.1511345245430174e-05,4.208199046148638e-05,3.582459032052064e-05
9,29,1.264653014755073e-05,4.7327694789825495e-05,4.705606698768168e-05,3.836508729989381e-05,3.261498372814549e-05
9,30,1.1339504391315332e-05,4.3368240940442553e-05,4.306087855118964e-05,3.5041757940291827e-05,2.97523077388155e-05
10,1,0.017648698175658638,0.025072015016594784,0.02505995949140247,0.022545729997588342,0.021576040381273736
10,2,0.005943316725468304,0.008293880867693615,0.008237172434150248,0.007873397636020268,0.007602481313805895
10,3,0.003038429948959645,0.004534129092959142,0.00450679025444704,0.004262536488694342,0.004072633568726854
10,4,0.0018001746947224962,0.002843700687948749,0.0028335684093723132,0.0026626783246176807,0.002544671811592898
10,5,0.001162837559571963,0.0019267216701891493,0.0019174401387091285,0.0018209807627043908,0.0017273997915345952
10,6,0.0007969123832096706,0.0014014304329994893,0.0013887430092900553,0.0013170798812039623,0.001239994596810878
10,7,0.0005706065755781963,0.0011001254214690213,0.0010921944255495065,0.0009897351704933322,0.0009269417717265255
10,8,0.0004227067040863751,0.0008855802798865014,0.0008814405537957678,0.0007687656718425973,0.0007151846353080038
10,9,0.0003218031217886709,0.000726320279803406,0.0007252597212350537,0.0006117500340486798,0.0005646495587960218
10,10,0.0002505365963276964,0.0006072213773387309,0.0006057759497019067,0.0004963218591403177,0.0004547331100404822
10,11,0.0001987408361754422,0.0005155432135621105,0.000512073787896539,0.00040992199241021655,0.00037253717091795854
10,12,0.00016017718348640956,0.00044221382225880125,0.00043713137587964636,0.00034319800270282116,0.00030931647765386895
10,13,0.00013086652168647924,0.00038257897148777603,0.0003762333376259562,0.00029087735588498754,0.00025978578248339975
10,14,0.00010818696679072107,0.0003334112271720321,0.0003260976618511635,0.0002487631646849599,0.00022041518887455004
10,15,9.036207345803524e-05,0.0002924051233926431,0.00028437009735714236,0.0002145276683344879,0.00018855188370481052
10,16,7.615867916108063e-05,0.0002578713577425886,0.0002493182612095606,0.00018684201064339073,0.00016282993203976874
10,17,6.470229109187194e-05,0.00022854463143411928,0.00021963941067973565,0.0001639922236056474,0.00014174066149884686
10,18,5.536088561641982e-05,0.00020345898997014747,0.00019433555213084226,0.00014469432090315673,0.00012425992069880793
10,19,4.766983706632402e-05,0.00018186465082142017,0.0001726298740706984,0.0001282660114498611,0.0001096500525455184
10,20,4.128228610896834e-05,0.00016317110743836911,0.0001548761325743212,0.00011426513163421436,9.721997398584124e-05
10,21,3.5935643792635895e-05,0.00014690732632814985,0.0001399323968452225,0.00010228790478601002,8.657360828440918e-05
10,22,3.1428562128568944e-05,0.0001326933334274698,0.00012677600066137113,9.187883797056459e-05,7.736386856657275e-05
10,23,2.760483206233762e-05,0.00012021955604105296,0.000115143117885159,8.278583391541569e-05,6.941399635263644e-05
10,24,2.434195076212564e-05,0.00010923155165401081,0.0001048176759086142,7.480547712626772e-05,6.252280597708194e-05
10,25,2.1542888875826766e-05,9.951854693057916e-05,9.56209977697638e-05,6.777207888866544e-05,5.649434403414993e-05
10,26,1.9130084378248686e-05,9.090471706482312e-05,8.740404742985938e-05,6.154951273016627e-05,5.121090004522531e-05
10,27,1.7041007556083914e-05,8.324246659461391e-05,8.004154442444453e-05,5.602505386574661e-05,4.654312163308347e-05
10,28,1.522484908224249e-05,7.640719291329751e-05,7.342744037645138e-05,5.1157966932766425e-05,4.23908162777267e-05
10,29,1.364002062969696e-05,7.029316265693625e-05,6.7471401099828e-05,4.681374643267831e-05,3.874464811415368e-05
10,30,1.2252249992047953e-05,6.481023354845732e-05,6.209604067996705e-05,4.292063444338909e-05,3.549626987294742e-05
11,1,0.01776760393053473,0.024050127183858426,0.023951080276321444,0.022855134354870903,0.02221801549926834
11,2,0.00612673185022957,0.008334244493124027,0.008263754830730524,0.00793016528336167,0.007747083073647386
11,3,0.003156785390794444,0.004515816861473679,0.00446073806273325,0.0043013524205661735,0.00417786589255119
11,4,0.001883739517144161,0.0029489677125436363,0.0028372282976318304,0.0026809994074494413,0.0025992021087992553
11,5,0.0012252009901005333,0.002072960366517018,0.001962075600357031,0.0018159550342865282,0.0017507882504439296
11,6,0.0008450283312839449,0.0015307748572469112,0.0014310692362981695,0.0013002662624216432,0.0012469036733535048
11,7,0.0006085751124634745,0.0011713117909899423,0.0010849027304966515,0.0009687950456359797,0.0009274041165316675
11,8,0.0004531607049049183,0.0009209445033247434,0.0008471612221497787,0.0007455459690551329,0.0007127543405649075
11,9,0.00034653703912927464,0.0007399776877582408,0.000677294032861032,0.00059095669216629,0.0005625386460967987
11,10,0.00027082719963969314,0.0006053234498135093,0.0005520795809379182,0.0004777257071253924,0.0004526345353316562
11,11,0.00021552593708742008,0.0005027444168673816,0.0004574095154095736,0.00039378131997261525,0.00036981003602045234
11,12,0.0001741623567623205,0.0004230475578779534,0.00038429996141721044,0.0003286328672797233,0.0003062554438377726
11,13,0.00014259253698838172,0.00036007435918419134,0.00032680863001964273,0.0002771121808863471,0.00025683272252558843
11,14,0.00011807439998030019,0.00030957381397419756,0.00028088029597304366,0.00023574838164849322,0.00021769821011470995
11,15,9.874193983154922e-05,0.00026853811918400617,0.00024367432645840093,0.00020271759988861978,0.00018621461135695882
11,16,8.32941091231212e-05,0.00023479440844326524,0.00021315632130307707,0.00017577509763965757,0.0001606865914721682
11,17,7.080424292465463e-05,0.00020674485619431035,0.00018784122058338669,0.00015363662478282337,0.0001397307532219049
11,18,6.0599760563998066e-05,0.00018319622956001203,0.00016662674893695132,0.00013498861810235598,0.00012244745129661296
11,19,5.2184203202065926e-05,0.00016324522870543132,0.00014868259008341786,0.00011915673288383944,0.00010790807489137469
11,20,4.5185517237202825e-05,0.00014619965637474063,0.00013337496538977044,0.00010562176549398281,9.554015007152901e-05
11,21,3.932102743544946e-05,0.00013152318832407726,0.00012021428633711827,9.39784604680821e-05,8.493070363905578e-05
11,22,3.4373266461825645e-05,0.00011879603578220591,0.00010881818598733205,8.414644264450082e-05,7.583877123230701e-05
11,23,3.0173011666810395e-05,0.00010768651696361139,9.888500552926308e-05,7.560154296148077e-05,6.79500594632332e-05
11,24,2.6587195497513975e-05,9.793024500314197e-05,9.017451445602648e-05,6.812935078717197e-05,6.108587148813066e-05
11,25,2.3510167153956214e-05,8.931471395845557e-05,8.249371474626639e-05,6.160520881199149e-05,5.5142942605901e-05
11,26,2.0857294197500105e-05,8.16677623311781e-05,7.568626908670604e-05,5.594027783112031e-05,4.9924153602973546e-05
11,27,1.856022112219193e-05,7.48488557107717e-05,6.962454570550308e-05,5.0960084764116766e-05,4.5307604081283075e-05
11,28,1.656331656971284e-05,6.874244158488151e-05,6.420357459779508e-05,4.6549823542150454e-05,4.121025307116058e-05
11,29,1.4820983542853908e-05,6.3252842531552e-05,5.933641499036172e-05,4.2684972311870754e-05,3.756263831793589e-05
11,30,1.3295603231277025e-05,5.830030198613298e-05,5.4950575068599566e-05,3.922206340779492e-05,3.4314319573008996e-05
12,1,0.01775697220622737,0.027978973890796413,0.02661005583957234,0.024113757710752654,0.02301326581768577
12,2,0.006018701508973023,0.009603725432441439,0.009422634187027846,0.008632247566083063,0.008139242501706766
12,3,0.0030693833437951245,0.005028377803727928,0.0049954145746452586,0.004627955758022441,0.004355363259834441
12,4,0.001816552665430538,0.0032883647674237016,0.0032304094032762566,0.002901322254023817,0.002715949526961273
12,5,0.0011728116440799213,0.002351954335809826,0.00226329365434371,0.0019778900568682063,0.0018415485318554684
12,6,0.0008034726443101281,0.0017696658971112582,0.001672719037283984,0.0014281427753342298,0.0013205517579940478
12,7,0.0005751810113481646,0.001380244920719364,0.0012839180318748116,0.0010713285829210561,0.0009857094464321042
12,8,0.0004260575666090612,0.001105598977159643,0.0010134515019666688,0.0008278995012266244,0.0007588259731761149
12,9,0.00032436582329884654,0.0009039336507430046,0.00081725814409628,0.0006545346183820219,0.0005991561821363006
12,10,0.00025257367771737795,0.0007511236852707305,0.0006702174031447324,0.0005288281898229647,0.0004818404740811249
12,11,0.00020041804582248684,0.0006323891629652376,0.0005624659063752887,0.00043512983295605697,0.00039362038793579657
12,12,0.00016160321522234593,0.00053822837999344,0.00047981491081516034,0.00036326832445546757,0.00032576815942161256
12,13,0.00013211482221962966,0.0004622846223930399,0.00041327425572062625,0.00030666663295195466,0.0002727834458373707
12,14,0.00010930828577348344,0.0004001605893653275,0.0003589114207169622,0.00026129004014874903,0.000231519611672798
12,15,9.139202112147713e-05,0.0003487268204175924,0.00031393808444485024,0.00022464692677492336,0.00019854376629682002
12,16,7.712247389206891e-05,0.00030570131606957933,0.00027632826958817123,0.00019509162107120566,0.00017201354085300563
12,17,6.561785724530941e-05,0.0002693847426120793,0.0002445785090795033,0.00017097805525037818,0.00015015156139554957
12,18,5.6240942522046714e-05,0.00023848836465881177,0.00021755241121603752,0.00015091385177624646,0.00013210315572535558
12,19,4.8523347099155e-05,0.00021201912172859693,0.00019437710669607334,0.0001342558883077961,0.0001168555996542527
12,20,4.2115481088613844e-05,0.00018920097839389354,0.00017437255647286025,0.00012000984243776887,0.00010398981006883865
12,21,3.675276529234576e-05,0.00016941991686573278,0.00015700223412604608,0.00010771836944429661,9.295373300462128e-05
12,22,3.223240250095959e-05,0.00015218470971180696,0.00014183804658200844,9.718592333580564e-05,8.341763650327011e-05
12,23,2.8397133575668876e-05,0.00013709845324624289,0.00012853494492965755,8.7986110977648e-05,7.521778867508837e-05
12,24,2.5123701901975052e-05,0.00012383758257883013,0.00011681225877708971,7.991005368416586e-05,6.807582375271963e-05
12,25,2.2314545062187005e-05,0.00011213618095907985,0.00010643977825637207,7.27882011680044e-05,6.183357712319143e-05
12,26,1.9891732520150728e-05,0.00010177409607449815,9.722724224942657e-05,6.67129915067989e-05,5.6331899241837345e-05
12,27,1.7792488533381285e-05,9.256783406883786e-05,8.901630611855561e-05,6.133358821454813e-05,5.145765375333474e-05
12,28,1.5965848524300113e-05,8.436350750115544e-05,8.167433841460925e-05,5.6552128166036205e-05,4.7123519222492315e-05
12,29,1.4370135712055676e-05,7.703132068691092e-05,7.508958316657587e-05,5.235173933602019e-05,4.327663335121398e-05
12,30,1.297103805325306e-05,7.046121870500474e-05,6.916735317487229e-05,4.856334802594469e-05,3.986184078255746e-05
13,1,0.017873703859771085,0.024479817119174328,0.024114533775225634,0.02293628126111449,0.022162695079158495
13,2,0.0060153083476941,0.009193349697543084,0.008727857746506711,0.008056679116501519,0.007744310458300497
13,3,0.0030737395025423964,0.005021018358900593,0.00478245657264709,0.00438139901074241,0.004172316263761663
13,4,0.0018229975998670144,0.0031529066151446787,0.0030376256295515163,0.0027619746195735114,0.0026119837431638447
13,5,0.0011789971137436924,0.00213552522484421,0.0021010642511589024,0.0018833185878794879,0.0017728212853275207
13,6,0.0008089236641432693,0.0015502114077486481,0.0015348919218047237,0.0013531921559163788,0.001273197233309674
13,7,0.0005798674677873041,0.001212485489277156,0.0011662567837885857,0.0010127644900522349,0.0009523351205740974
13,8,0.000430048310333897,0.0009777316973495693,0.0009126495582269967,0.0007841331951555182,0.000735264429096498
13,9,0.0003277468743429049,0.0008066163363778838,0.0007306135615345322,0.0006243223926513545,0.0005819048255420357
13,10,0.0002554263597658982,0.0006771047433597198,0.0006052864293188175,0.0005074764732592442,0.00046928621096451107
13,11,0.00020281396445921026,0.0005760865991486858,0.0005119272664845031,0.0004210392935498694,0.0003851195201026044
13,12,0.00016360418472210122,0.00049536147633195,0.0004382930029659481,0.000353868092634934,0.000320590117992134
13,13,0.00013377405176577144,0.0004295767357644217,0.00037905484462503417,0.00030067142609960603,0.0002703924919190591
13,14,0.00011067168335731237,0.00037510677023426764,0.00033060511322456664,0.00025846648589715487,0.00023034020262173525
13,15,9.249931922173994e-05,0.0003294144380601762,0.00029042510440102783,0.00022427021881439726,0.0001978815180323279
13,16,7.800814588087363e-05,0.0002906722763477375,0.0002567086147587136,0.0001962508316294816,0.0001714946080707264
13,17,6.631186116644054e-05,0.0002575297951822505,0.00022812954628426745,0.00017282848952535727,0.00014986059728426537
13,18,5.676933463973379e-05,0.00022896600701617325,0.00020369386557316475,0.00015301411960143513,0.0001317632423653437
13,19,4.89087980901798e-05,0.0002041933227693421,0.00018264262918276123,0.00013611337864205124,0.00011656193649128308
13,20,4.237771747330789e-05,0.00018259330568523252,0.00016438685053975886,0.00012159237203117804,0.00010374082699929575
13,21,3.6908951120559664e-05,0.000163672701397905,0.0001484627532162187,0.0001090348395686865,9.270135287858515e-05
13,22,3.22974714398741e-05,0.00014703268161448638,0.00013450039187889564,9.811214083290934e-05,8.312595485589433e-05
13,23,2.8384078621881996e-05,0.0001323468889589231,0.00012220123121703017,8.856876900791741e-05,7.480939758265012e-05
13,24,2.504382823061154e-05,0.00011934546463338834,0.00011132184848470182,8.03001220108731e-05,6.753472535706831e-05
13,25,2.2177690513254358e-05,0.00010780322165412761,0.00010166189947162377,7.298915693388837e-05,6.112830795704276e-05
13,26,1.9706459584761785e-05,9.753074298120732e-05,9.305510340263343e-05,6.651060236201728e-05,5.5464598648790936e-05
13,27,1.7566251255462403e-05,8.836757886039269e-05,8.536239924414386e-05,6.0877846676458646e-05,5.043982010365917e-05
13,28,1.570513737912952e-05,8.017697532100714e-05,7.846668663372315e-05,5.584171823888519e-05,4.596754015262422e-05
13,29,1.4080603213657463e-05,7.284173665121007e-05,7.226873887283689e-05,5.132493535474033e-05,4.197527230949719e-05
13,30,1.2657607557680986e-05,6.710704761292588e-05,6.66839937219387e-05,4.726231840792609e-05,3.8401837108215855e-05
14,1,0.017655495456101112,0.024686683293575554,0.024369974367859006,0.022881345056597967,0.022060260595752036
14,2,0.005930771485914313,0.00860747001213003,0.008355299438365866,0.007936168783663686,0.0076290639615687935
14,3,0.0030306258290008227,0.004788794523164671,0.004713997339830761,0.00427442809264732,0.004080594512630702
14,4,0.001795779288152407,0.0030290377508196153,0.0030182783860984125,0.0026759336168199798,0.002541537239385503
14,5,0.0011598874289662172,0.002137010748106659,0.002085115082012325,0.001816914955867497,0.001723608922998303
14,6,0.000794644066359869,0.0015886916243173807,0.0015171060525638613,0.001309378338382649,0.0012338860633021754
14,7,0.0005687286468814622,0.0012266582468418309,0.0011464025901737848,0.0009870972417767012,0.0009204551985205346
14,8,0.0004210869350839456,0.0009747340922599101,0.0009010462500283441,0.0007715794000042601,0.0007091512316398129
14,9,0.00032037208430150325,0.0007922065085613391,0.000727298917884915,0.0006172006082973376,0.0005612393403736715
14,10,0.0002492542009105614,0.0006556439375159616,0.0005978711416477788,0.0005033636865998525,0.000453348626032805
14,11,0.0001975824965935822,0.000550762702241406,0.0004988509336540279,0.0004166676158071865,0.0003729418910693578
14,12,0.00015912713627350941,0.00046844453729950024,0.00042357997119647105,0.0003495480687396229,0.0003110103198355669
14,13,0.00012991417268947192,0.0004026430022229459,0.00036678010455314553,0.00029736246068231095,0.00026226240049327475
14,14,0.00010732473487356359,0.0003492180993087539,0.00032022404255447674,0.00025605054547854207,0.00022323381186051535
14,15,8.95840767241854e-05,0.00030525629351686777,0.0002815670478790368,0.0002222208063708403,0.00019188090522029262
14,16,7.545993723410182e-05,0.0002686577460211371,0.0002491134058811662,0.00019419023178071692,0.0001661395196639177
14,17,6.407825633055501e-05,0.00023787712943256788,0.00022160812677964303,0.0001707262789960135,0.00014493400815050148
14,18,5.480718535428232e-05,0.0002117560230066901,0.00019810356934896027,0.00015090861943336544,0.00012718375291296402
14,19,4.7182149022788145e-05,0.0001894116857966856,0.0001778715412423773,0.00013436381713230155,0.00011228162010604188
14,20,4.085629488591403e-05,0.00017016152273447346,0.000160343850731022,0.0001201909939794945,9.966001793603175e-05
14,21,3.5567043864680754e-05,0.0001534707176071351,0.00014507115135617955,0.00010793892279655845,8.896983794057983e-05
14,22,3.1113084814705205e-05,0.00013891524262849093,0.00013169384388278256,9.726811918266641e-05,7.979011297461609e-05
14,23,2.733828227881424e-05,0.00012615528245031162,0.00011992110783672178,8.793962947696187e-05,7.186207659331666e-05
14,24,2.412024499768218e-05,0.00011491584288541323,0.00010951552933504248,7.976080646581371e-05,6.498218411616442e-05
14,25,2.1362089582909548e-05,0.00010497240044137805,0.00010028165524102174,7.265637377292998e-05,5.893950798195054e-05
14,26,1.8986428406917662e-05,9.614014365020548e-05,9.205735035409128e-05,6.638760507992971e-05,5.364225366220331e-05
14,27,1.6930927783279123e-05,8.826581044567221e-05,8.470718782462906e-05,6.08059816586094e-05,4.8961804164947354e-05
14,28,1.5144989302602984e-05,8.122142674341404e-05,7.811733603330827e-05,5.582001528127123e-05,4.4798953636538064e-05
14,29,1.358724428252812e-05,7.489945441118231e-05,7.219156163923043e-05,5.135274511757355e-05,4.108461817877132e-05
14,30,1.2223643545887114e-05,6.92089958976184e-05,6.684807534371814e-05,4.733903518437979e-05,3.776063078475256e-05
15,1,0.01749887384408967,0.02514865328524451,0.02491959691653281,0.02295407143936522,0.022054280688056746
15,2,0.005882151157414414,0.008531372918675182,0.008332759486184622,0.007838541766519993,0.007574459491678849
15,3,0.003011712463453623,0.004865882915600485,0.00467965154435205,0.004322176772668235,0.004083688905759393
15,4,0.0017906402086651965,0.003137030963322029,0.0029967004968763393,0.002741606267215205,0.002565316043485374
15,5,0.0011618362270267965,0.0021778305290097496,0.0020814736542290116,0.001891941972199366,0.0017473032297050915
15,6,0.0008002820967048643,0.0015889111744537515,0.001539139136520053,0.0013776220989206818,0.0012561140554353937
15,7,0.0005761489515533227,0.001201467963938472,0.0011805737788319975,0.001042712086302952,0.0009394022506321621
15,8,0.00042920690683064146,0.000933526391599971,0.0009308113280556406,0.0008126926431887126,0.0007261036001051613
15,9,0.00032858008871289513,0.0007586591773875316,0.0007498824529817041,0.0006484805879143333,0.0005774051503236874
15,10,0.00025721147244644,0.0006307442438671203,0.0006147594231768068,0.0005295026148513212,0.0004696566992713869
15,11,0.0002051099650259544,0.0005317504547624535,0.0005113499059047151,0.00043911944520133253,0.00038822741049493746
15,12,0.00016613975262564688,0.00045358016802381565,0.000432035325172377,0.0003688852122989819,0.0003255293496550528
15,13,0.0001363822332897247,0.00039081232135883064,0.0003717970086349546,0.00031330839632127185,0.000276333497077614
15,14,0.00011325079769327472,0.00033969363054068744,0.00032284895498909966,0.00026918765935092677,0.00023686144369766682
15,15,9.498902817245351e-05,0.00029755179091854535,0.0002825517710785194,0.0002334999090388098,0.00020523312385117772
15,16,8.037451317339968e-05,0.00026243879843957974,0.0002489977568122758,0.0002039741033958736,0.00017922547931159435
15,17,6.853786284050563e-05,0.00023290584986846517,0.00022077880794869862,0.00017940864973076207,0.00015755148470945082
15,18,5.8848743537874475e-05,0.00020785662199796612,0.0001968364025526848,0.00015894760348173683,0.0001394232561192975
15,19,5.084219654590595e-05,0.0001864489303251027,0.00017636193030276247,0.0001415669489989327,0.000123971414864864
15,20,4.4169875522689467e-05,0.00016802719271080842,0.00015872884450958484,0.0001266399175206277,0.00011070485269535102
15,21,3.8567094378307976e-05,0.00015207505038570534,0.00014344547437410154,0.00011373627408701858,9.924072217155512e-05
15,22,3.3830136349466006e-05,0.00013818150040457883,0.0001301215729467651,0.00010251609605260461,8.927677750344026e-05
15,23,2.9800359791412635e-05,0.00012601628015690213,0.0001184441931849749,9.29623105121882e-05,8.057166079828953e-05
15,24,2.635288971966243e-05,0.00011531170883875455,0.00010816002096098793,8.47025030283126e-05,7.295855794156428e-05
15,25,2.338845581129863e-05,0.0001058491124963336,9.906225530851955e-05,7.739044838326077e-05,6.626545523949269e-05
15,26,2.0827422848594358e-05,9.744855292617428e-05,9.098074145291401e-05,7.08921786123897e-05,6.0340998519468066e-05
15,27,1.8605370714679263e-05,8.996097113896863e-05,8.377446399869846e-05,6.509643409596427e-05,5.513536605508642e-05
15,28,1.666978408223873e-05,8.32621177309046e-05,7.732577500932356e-05,5.991016556023227e-05,5.04982053953206e-05
15,29,1.4977546593933425e-05,7.72478208666458e-05,7.15359126571416e-05,5.5255051608582776e-05,4.635036320462902e-05
15,30,1.3493024988695674e-05,7.183026608001752e-05,6.632149050698669e-05,5.113171783073853e-05,4.26298880476548e-05
16,1,0.017830448948620382,0.02424094241889714,0.024072416788394294,0.022996937988716028,0.02237960357390573
16,2,0.005996419478281415,0.009441178204639907,0.008962254854605655,0.008227412472180326,0.007864220610376678
16,3,0.003076332197405452,0.005372393680593305,0.005110167713367513,0.004517059251852279,0.004269938944444381
16,4,0.0018312520434128248,0.0035015815200105456,0.003383650047037204,0.002870891969283219,0.0026877394454710127
16,5,0.0011888858315010254,0.0024638378329097516,0.0024087825321670395,0.0019830703649408787,0.0018363123492264343
16,6,0.0008189363868917273,0.0018239444287495743,0.001798040667430563,0.0014460553376917222,0.0013250373514290352
16,7,0.0005893243501258553,0.0014002076011918774,0.001388039324356573,0.0010956330270011098,0.000995732157113565
16,8,0.0004386721852988951,0.0011046406381754268,0.0010988474622425828,0.0008548341274160541,0.0007731669183720272
16,9,0.000335463886162206,0.0008901702951491104,0.0008871616009937021,0.0006829111444632635,0.0006147443122553266
16,10,0.00026226178389671475,0.0007296544737246811,0.0007276737451750129,0.0005573175193202746,0.0004979298464175451
16,11,0.00020883734850442542,0.0006064973487299739,0.0006047024174763051,0.00046161808529815554,0.0004097410884464895
16,12,0.00016890087742153288,0.0005100600783320646,0.0005080703140433373,0.00038737874472566304,0.0003414082595964377
16,13,0.00013843088957856537,0.0004332520955179742,0.00043091988432564276,0.00032924456122407385,0.00028795903584939497
16,14,0.00011477023132263231,0.000371191656753788,0.0003684851725553413,0.0002825800555251718,0.00024563358082358436
16,15,9.61130979102163e-05,0.0003204241458393048,0.0003173666962980929,0.0002442930913448708,0.0002114650935793997
16,16,8.12019097840773e-05,0.00027844678435822833,0.00027508542738597,0.00021253161322849372,0.00018330043089887968
16,17,6.914188372447326e-05,0.0002434092661833586,0.00023979875264032566,0.00018593032387816921,0.00016005845094342787
16,18,5.928414134800762e-05,0.00021391932727914787,0.0002101141205676216,0.00016346371412678316,0.00014077050022617967
16,19,5.115005516742154e-05,0.00018891302915054995,0.00018496358246355838,0.0001443486946007331,0.00012454999127156787
16,20,4.4381128561960056e-05,0.00016756614140421162,0.00016351740191531197,0.0001279784962128479,0.00011083441689720686
16,21,3.8705092774280164e-05,0.00014923231588758718,0.00014512337066503123,0.00011398448143490095,9.901311180963792e-05
16,22,3.391253968965711e-05,0.00013339913714715472,0.0001292634206359155,0.00010196045683523303,8.876297417369075e-05
16,23,2.9840540288760213e-05,0.00011965635235659234,0.00011552210701857951,9.148806128005384e-05,7.982775492116514e-05
16,24,2.6360981062470023e-05,0.00010767255685062878,0.00010356338534714716,8.236819769483286e-05,7.203148849404344e-05
16,25,2.3372140755563352e-05,9.717785053071318e-05,9.31132771480915e-05,7.466609520542643e-05,6.51770967496304e-05
16,26,2.0792527056103283e-05,8.795077596185739e-05,8.39467776504635e-05,6.785270376624468e-05,5.9124290438555644e-05
16,27,1.855631192380789e-05,7.980837011233647e-05,7.629824147777119e-05,6.18912938880281e-05,5.376043409129469e-05
16,28,1.6609912653056586e-05,7.259850939848192e-05,6.985217853438451e-05,5.6605978099638525e-05,4.903286275116227e-05
16,29,1.4909404112454795e-05,6.61939636484055e-05,6.409456035847536e-05,5.188539620216946e-05,4.483492729451434e-05
16,30,1.3418540829233409e-05,6.0487737218729265e-05,5.893752241697292e-05,4.765761144578947e-05,4.107946786430268e-05
17,1,0.017827187753256472,0.03085628698544096,0.029120412359722916,0.025549660850240786,0.023896974170085662
17,2,0.005964034414252779,0.009717502699363986,0.009696768160223568,0.008319349679623844,0.007887257753801053
17,3,0.0030409029436579715,0.0054839945515515005,0.005282721513512094,0.0045425814361173085,0.00424820945969954
17,4,0.0018036712881383387,0.0035224055732554064,0.003409009423341374,0.0028939270265703676,0.0026722757097207327
17,5,0.0011687190991266875,0.002439173354152413,0.0023802665272242497,0.00199905127682848,0.0018286793450193167
17,6,0.0008039237085384204,0.0017765333132457168,0.0017447434877224978,0.0014563277361418036,0.001319900726787502
17,7,0.0005778277076833024,0.0013417932204330327,0.0013239350917557105,0.0011034938741773606,0.0009903499701248435
17,8,0.0004296309856035578,0.0010416061869750028,0.0010309427653477535,0.0008591696387596322,0.0007675943240817914
17,9,0.00032818706076118696,0.0008260702459569477,0.000819057045309244,0.0006856642896207084,0.0006092233346219267
17,10,0.00025628520301350404,0.0006664698433601698,0.0006612266136099879,0.0005567237086015002,0.0004929353057774344
17,11,0.0002038402656710055,0.0005453054534353121,0.000540846625652394,0.00045834592215165005,0.0004046811941421778
17,12,0.00016465599696839972,0.0004514103532483373,0.0004478461390521963,0.00038171997981844283,0.0003364616566210744
17,13,0.00013477362885465623,0.0003773841153008963,0.00037619279676395496,0.0003214160551988981,0.0002831500375866152
17,14,0.0001115791550093646,0.0003183559921690165,0.00031826015595105026,0.0002731191738058662,0.00024077305266148168
17,15,9.32971091640129e-05,0.00027160078290022397,0.0002708969696963279,0.0002338713321952335,0.0002066302666177612
17,16,7.86916552042352e-05,0.0002326998013082433,0.00023180557505404664,0.00020188930548099734,0.0001786128994582659
17,17,6.688386069418227e-05,0.00020011247417117865,0.00019927632351601576,0.00017522274859985208,0.00015526935836262807
17,18,5.7236579923258014e-05,0.0001726532269829599,0.00017201444745917584,0.00015289295910710291,0.00013572769665010407
17,19,4.927998981523741e-05,0.00015016469800046886,0.00014978050377291666,0.0001343490377566943,0.0001192163583375832
17,20,4.266228270824506e-05,0.00013319808958543386,0.00013140390110704737,0.00011851073593727144,0.00010514328925142706
17,21,3.7116328154778235e-05,0.00011858532833930047,0.00011708228025348386,0.00010501326700606809,9.30619853392296e-05
17,22,3.243670445121873e-05,0.00010592130232170969,0.00010472944667214611,9.335973304969169e-05,8.263487503445572e-05
17,23,2.8463602839636878e-05,9.48851054030752e-05,9.393615858678649e-05,8.325066298835511e-05,7.359209506394913e-05
17,24,2.5071371590404965e-05,8.521975894802802e-05,8.446413709075591e-05,7.447974685221208e-05,6.572577130928555e-05
17,25,2.216024566894425e-05,7.671739833854839e-05,7.611886709837936e-05,6.687171850534e-05,5.893388225529824e-05
17,26,1.96502974216732e-05,6.920831310938676e-05,6.874016905085785e-05,6.0184359950833644e-05,5.2978344175490117e-05
17,27,1.7476957843810164e-05,6.255274198175942e-05,6.219508331615406e-05,5.4286951254035884e-05,4.773303953143701e-05
17,28,1.5587663093937897e-05,5.663466234926943e-05,5.6372437480073606e-05,4.907044369859867e-05,4.309978227139698e-05
17,29,1.3939317038372e-05,5.21998433206978e-05,5.177844199004571e-05,4.444331317326473e-05,3.8989946956481845e-05
17,30,1.2496352311963801e-05,4.871117466243529e-05,4.767466962385892e-05,4.035522832840113e-05,3.533502941830281e-05
18,1,0.01758419576554676,0.02680557006535923,0.02605369083877237,0.02373535636103395,0.022550341096091452
18,2,0.005977049336073557,0.009410239889593379,0.009324087073765683,0.00842680119229978,0.007927728713472169
18,3,0.0030589972198695327,0.005441068003695041,0.005232452350004808,0.004578405154192248,0.004250403442870248
18,4,0.0018168548402947272,0.0035686032019786444,0.003394986568297772,0.0028932021581077926,0.0026552737754636483
18,5,0.0011767819064143926,0.0025203458466208292,0.0023847750350565146,0.001981164663427313,0.0018020889501410256
18,6,0.0008086387266432403,0.0018708186717484887,0.0017643048968885844,0.0014345028140860835,0.0012971908238489567
18,7,0.0005805472613273689,0.0014394020927379107,0.0013550701087533697,0.0010798452472449121,0.0009718175707168107
18,8,0.0004312029303764352,0.0011378922228481747,0.001070773054096741,0.0008390686806718579,0.0007515999362591393
18,9,0.0003291173251759431,0.000918782802412693,0.0008652256698763524,0.0006682406243253104,0.0005959200386924909
18,10,0.00025687116179362883,0.000754550839353984,0.0007118215497027378,0.0005433868933709606,0.0004818170126936489
18,11,0.0002042541942346159,0.0006283210845632546,0.0005943338429610686,0.0004494577490817411,0.0003957444424434484
18,12,0.0001649956629244435,0.0005292652491235012,0.0005024013780523153,0.00037639938587375084,0.00032932569343235824
18,13,0.00013509267279175163,0.00045016969348377924,0.0004291533364044329,0.00031852026519096617,0.00027700188359977513
18,14,0.00011190533319648026,0.0003860746175427645,0.0003698861757253902,0.0002719480747500767,0.00023530256570256748
18,15,9.364322476811418e-05,0.0003334763439810309,0.0003212911908910886,0.00023412837401731368,0.00020157442649918676
18,16,7.906208361026217e-05,0.0002898409869402737,0.00028098533289711524,0.00020301621235908478,0.00017387218982080967
18,17,6.727841704082893e-05,0.00025329785608050644,0.00024721640839596654,0.00017710943804849705,0.00015094386276732222
18,18,5.7652784988017245e-05,0.00022244047299802797,0.00021867232645051966,0.00015534306045159458,0.00013178133685910672
18,19,4.971437346306879e-05,0.00019619409025827862,0.00019435444793564728,0.0001369101051981997,0.00011562473586496495
18,20,4.311111219698436e-05,0.000173725463039392,0.00017349155300006876,0.00012118992544562319,0.00010189063303012473
18,21,3.757599582505429e-05,0.00015658025451127362,0.00015548019387322476,0.00010769875820590015,9.015139800707674e-05
18,22,3.2903916505091864e-05,0.0001420471191527384,0.00013984257255018477,9.605496998374264e-05,8.004722877506047e-05
18,23,2.89354544517358e-05,0.00012931110805798642,0.00012619629352874568,8.601930557535567e-05,7.134899007761295e-05
18,24,2.5545359262943844e-05,0.00011809275344618123,0.00011423231051792786,7.730949958586134e-05,6.383071529295306e-05
18,25,2.2634246901838452e-05,0.00010816497281557314,0.00010369862146640497,6.971070978130023e-05,5.726958711164338e-05
18,26,2.0122535163885973e-05,9.934167037344378e-05,9.438805788628704e-05,6.303186575128461e-05,5.1525449514917584e-05
18,27,1.7945959612686e-05,9.146913229703905e-05,8.612903143901567e-05,5.728666137749547e-05,4.6521192012374896e-05
18,28,1.6052220132670354e-05,8.441946090602598e-05,7.911873439128536e-05,5.218598660869035e-05,4.214534046119323e-05
18,29,1.439844622612171e-05,7.808551437126414e-05,7.293978772941981e-05,4.764369340718774e-05,3.828341670293454e-05
18,30,1.2949262010711822e-05,7.237697027236877e-05,6.73705786654619e-05,4.3587186537802784e-05,3.4855508794458345e-05
19,1,0.017731496005714383,0.025806861459667447,0.025398743058169828,0.023631433102335463,0.022767484597574696
19,2,0.005983592498327228,0.008964916043087759,0.008646402861257143,0.00807206949465135,0.007776569526712662
19,3,0.0030374933553742713,0.005268839076026226,0.0048597019764283055,0.004364308324792022,0.004155984596969976
19,4,0.0017931527747712544,0.003504379031888336,0.003169398766031798,0.0027492090304612415,0.002582913978164808
19,5,0.001156104004875717,0.0025105998339810427,0.002236987445073316,0.0018789359504833858,0.0017478606209590554
19,6,0.0007913433883106872,0.0018902186800676293,0.0016603494395945409,0.0013594159932582262,0.0012529987180790435
19,7,0.0005661847363133754,0.0014744174865689013,0.0012762045661329781,0.001024924210834627,0.0009378096413113996
19,8,0.00041925030659679426,0.0011808412845013346,0.0010067622307371104,0.0007984279013728603,0.0007260847191849958
19,9,0.0003191236758828868,0.0009651659458803673,0.0008103405336353351,0.0006365115554512568,0.000576022467324914
19,10,0.0002484733225404049,0.0008017021557753403,0.0006635487534306458,0.0005170390231270518,0.0004662599644796272
19,11,0.00019716466284454184,0.0006746701210495273,0.0005563919910058957,0.00042733029750820337,0.0003838836178408923
19,12,0.00015898662330162772,0.0005739106892058213,0.00047248086476905785,0.00035783891047868135,0.0003203700689523878
19,13,0.0001299822219156521,0.0004926240308166312,0.0004050465470609841,0.00030378133790113235,0.0002706548722907712
19,14,0.00010754681883335724,0.00042610732999083154,0.0003500140154498352,0.00026033922080811415,0.00023118175685024676
19,15,8.99172741593511e-05,0.0003710158599122667,0.0003045159469729332,0.0002255178121968986,0.00019940972332211328
19,16,7.58706821150555e-05,0.00032491267018506403,0.0002664829489601522,0.00019672154402502123,0.00017324197846319478
19,17,6.45404805391152e-05,0.00028598449386326406,0.00023438783622351216,0.00017265482400287988,0.00015145976402744038
19,18,5.530080735046147e-05,0.0002528570337301214,0.00020801250190171362,0.000152501713851714,0.00013315836643683932
19,19,4.769185036686041e-05,0.00022447163280744394,0.0001857720536276969,0.00013566454273550863,0.00011765463206356952
19,20,4.137053215796535e-05,0.0002000009633003329,0.00016656898929404138,0.00012139937961375599,0.0001045928643391486
19,21,3.6077252239028405e-05,0.00017879015732534393,0.00014989240180360476,0.00010906252445051656,9.339688174988248e-05
19,22,3.16130375786875e-05,0.00016031491003632882,0.0001353346464251997,9.832610380581432e-05,8.37082305023957e-05
19,23,2.782357720779084e-05,0.0001441511411739671,0.00012256691900257015,8.904972776988608e-05,7.528002131881334e-05
19,24,2.4587893823413396e-05,0.00012995267715268008,0.00011132140587506109,8.092384067698127e-05,6.80383088966082e-05
19,25,2.1810191087724653e-05,0.00011743459506207058,0.00010137804339595505,7.373674898910988e-05,6.170148436518365e-05
19,26,1.9413909176209086e-05,0.00010636062712105918,9.255456232843984e-05,6.735583339800039e-05,5.61067652672542e-05
19,27,1.733733752754735e-05,9.65335197722381e-05,8.469890765680381e-05,6.17275333913542e-05,5.1149229783084264e-05
19,28,1.55303400412552e-05,8.778757188094321e-05,7.768339970613471e-05,5.6740979941357676e-05,4.6777037888229314e-05
19,29,1.3951884654907168e-05,7.998280022438051e-05,7.140018804643796e-05,5.226366778618905e-05,4.288523730820342e-05
19,30,1.2568161149111791e-05,7.300033432340744e-05,6.575767663579503e-05,4.823285193051589e-05,3.9401535692089955e-05
20,1,0.017628386175124706,0.02580059377542579,0.02549953594205856,0.023973026555857098,0.02300569018512937
20,2,0.005978470988269049,0.008809146735482129,0.008752552993986662,0.008229607519105266,0.007945323070284251
20,3,0.003063135466022845,0.004895995251454339,0.0048709246828479566,0.004572307396771618,0.004345115235416857
20,4,0.001819941582236222,0.003196154359223983,0.0031555857444780476,0.0029063894771983838,0.0027343259473282477
20,5,0.001179777377427335,0.0022761283383050585,0.0022175642232101825,0.0020082175567666576,0.0018629465911290943
20,6,0.0008118692146266098,0.0017047276069232567,0.00164314183579964,0.001464299898115344,0.001341584540407878
20,7,0.0005839332900706839,0.0013233701094830836,0.0012623677178988906,0.001111173208179599,0.001006496691671797
20,8,0.00043458467776657833,0.0010554385028278244,0.0009969258712773249,0.0008678623018947326,0.0007795568030585855
20,9,0.0003323597950825815,0.0008597996934342403,0.0008046928990836801,0.000692955815988912,0.0006189639226619334
20,10,0.00025988600520920245,0.0007125809629122026,0.0006612356215592569,0.0005631853436061775,0.0005008322930461214
20,11,0.00020699471422584825,0.0005990761633350077,0.0005515365788525265,0.0004644236376253816,0.0004119522857624786
20,12,0.0001674457110773451,0.0005097905511632089,0.0004659331446608423,0.0003877277682298922,0.000343225765080733
20,13,0.00013725619586850212,0.00043835716163079003,0.0003979731568073316,0.00032812657178243453,0.00028909696758845106
20,14,0.00011379831274488396,0.00038037078837274035,0.00034321383725262767,0.0002803385837901452,0.00024579439257253034
20,15,9.528801818571773e-05,0.0003327023734541782,0.00029851574785178355,0.0002414620771419575,0.00021068495365369864
20,16,8.048368663112993e-05,0.00029307891396111117,0.0002616106819196946,0.00020941914727233045,0.00018200051480980734
20,17,6.850212270371575e-05,0.0002598169303786822,0.00023082803251885553,0.00018274756906258872,0.0001583056834826515
20,18,5.870280375175193e-05,0.00023164823908370725,0.0002049163718581949,0.000160353449007958,0.00013849421696044217
20,19,5.0613090039054295e-05,0.00020760307818624103,0.00018292412159534192,0.00014140516501900808,0.00012188553426897422
20,20,4.387875040936955e-05,0.00018692991181155225,0.00016411794755777262,0.0001252643469690389,0.00010776206084536498
20,21,3.823053578017759e-05,0.00016903929132647692,0.00014792584298477032,0.00011167212565475502,9.57192112095472e-05
20,22,3.346116067956653e-05,0.00015346385192836667,0.000133896727737958,9.993685952696145e-05,8.53669966769833e-05
20,23,2.940917553444093e-05,0.00013982934915845335,0.00012167131485144175,8.975159295433442e-05,7.640343461990752e-05
20,24,2.594748709435096e-05,0.00012783338510833126,0.00011141563727268637,8.086918759045325e-05,6.862940713870915e-05
20,25,2.2975068154332997e-05,0.00011722957773955148,0.00010233811380607998,7.324155798992847e-05,6.185547291877045e-05
20,26,2.0410890090180912e-05,0.00010781563977969856,9.424875462868591e-05,6.663150314479886e-05,5.596697174873755e-05
20,27,1.8189427088783157e-05,9.942430335058323e-05,8.701315086589562e-05,6.0781053543302956e-05,5.0781795928223016e-05
20,28,1.6257286601190426e-05,9.191634137432714e-05,8.051881322619292e-05,5.5584293793127604e-05,4.6193681838933374e-05
20,29,1.4570656863410586e-05,8.51751513325348e-05,7.46710113051829e-05,5.099045621719658e-05,4.213376571194815e-05
20,30,1.3093354073456086e-05,7.91025152786454e-05,6.938951181857084e-05,4.689868175257375e-05,3.851584206363477e-05
21,1,0.017989505114622675,0.027040413722549592,0.025727606618716516,0.024076262089002327,0.022965884067617386
21,2,0.006086821195702743,0.009001895176285834,0.00881426282305875,0.008276552114385063,0.00790152636829022
21,3,0.003125208884430186,0.0051482647219606575,0.004956904051967811,0.004553998758218337,0.004288030508728856
21,4,0.0018605007147578228,0.0033109041610526586,0.0032173453900528597,0.0028744665282841976,0.002680838375647477
21,5,0.0012073331793883329,0.0022853476883085053,0.0022661054352886064,0.001961971118641861,0.0018161124429078932
21,6,0.0008309086166083381,0.0017073232294090664,0.001681045697682572,0.0014156746796309557,0.001299051282264195
21,7,0.0005972221877853873,0.0013469803004636397,0.0012935908165655767,0.0010646138297539607,0.0009669067713414202
21,8,0.0004439238042136799,0.0010915173666907565,0.0010227162065540604,0.0008259295523641889,0.0007419586395395591
21,9,0.0003389576668040186,0.0009021378143858537,0.0008253965268320123,0.0006561060266167015,0.000585348764653302
21,10,0.0002645683435227647,0.0007568775100509021,0.0006769828563743182,0.0005306679104849129,0.00047241283281985265
21,11,0.0002103322704988397,0.0006424700196088479,0.0005655331489271226,0.0004358097907856441,0.00038806979197878415
21,12,0.00016983628404470177,0.000550464324269594,0.00048118090862747263,0.00036263724216016276,0.00032285542900567456
21,13,0.0001389787359846261,0.00047523163122328415,0.000412869101770673,0.00030566792939179776,0.00027164060092376097
21,14,0.00011504930298047268,0.00041287876341184447,0.0003567450499681622,0.0002599250363050924,0.0002309081025758109
21,15,9.620627560218033e-05,0.0003606250426304387,0.00031008026209925084,0.0002234440737553487,0.0001979546667531272
21,16,8.116745962088752e-05,0.00031642905603706823,0.00027089005114732724,0.00019346613559282936,0.00017086512733972974
21,17,6.902098457133948e-05,0.0002787564127282511,0.0002376968782976958,0.00016844381515841535,0.0001483687360694893
21,18,5.910598910582031e-05,0.0002464302706806033,0.00020937831968195642,0.0001475943744149705,0.00012975619059315868
21,19,5.093537420328594e-05,0.00021853219242343609,0.00018506656476624197,0.00013006929557452752,0.00011424409786544483
21,20,4.414461682264044e-05,0.00019433458072485682,0.00016408025122304022,0.00011508615998353304,0.00010104981064049886
21,21,3.845714149430333e-05,0.00017325350048383775,0.00014587714624649545,0.00010219984784451664,8.972417764460763e-05
21,22,3.366045271964936e-05,0.000154815004508084,0.0001300205999801723,9.11465655581316e-05,8.000384050029564e-05
21,23,2.9589404178255447e-05,0.00013863061721755172,0.00011615530299088778,8.189650513389873e-05,7.159311296171795e-05
21,24,2.611428898346034e-05,0.0001243791640767637,0.0001039894594245818,7.378811496674854e-05,6.430154435953583e-05
21,25,2.313224153097493e-05,0.00011179308569001638,9.328146837551157e-05,6.665274129328481e-05,5.791015832352311e-05
21,26,2.0560949127325632e-05,0.00010064797913117695,8.382982869862292e-05,6.035133599585024e-05,5.235954189552203e-05
21,27,1.8333997442799236e-05,9.075450046327962e-05,7.546538594445539e-05,5.4768375177531e-05,4.751192084558178e-05
21,28,1.6397386739827302e-05,8.195202125360772e-05,6.80453064809936e-05,4.984736488254936e-05,4.328819074698158e-05
21,29,1.4706897213759804e-05,7.410360628008063e-05,6.20865023320855e-05,4.551688273570438e-05,3.959168633799807e-05
21,30,1.3226077090794957e-05,6.709199915824717e-05,5.6944965669173425e-05,4.1661243971306394e-05,3.6310403474504325e-05
22,1,0.01812340618281181,0.02694853925120807,0.02618838045076279,0.024336223177100633,0.023217618612853767
22,2,0.006063723753749338,0.008648125814295155,0.008623066386600379,0.008298699396893344,0.007984485072514085
22,3,0.0031063590889966425,0.004920000634888647,0.004745723601090441,0.004479637475799283,0.004280456005163386
22,4,0.0018455679410232003,0.003186775442026336,0.0030681180436662363,0.002808165251764478,0.0026625872147014356
22,5,0.0011952335716311007,0.002213321602238455,0.0021366511807258738,0.0019131068851068176,0.0018090318167776904
22,6,0.0008206976119551746,0.001609752477476747,0.0015629422010885788,0.001385993739598671,0.001299856537445215
22,7,0.0005883709309986619,0.0012097447657886788,0.001183900580190825,0.001048049872000782,0.0009720596249612331
22,8,0.0004361320865395957,0.0009316151880849517,0.0009283226925230117,0.0008185816764925595,0.0007506681241266177
22,9,0.0003320388082204362,0.00077362320378125,0.0007523651201273233,0.0006554620120716398,0.0005946959150172863
22,10,0.0002583929826109244,0.0006559871894191924,0.0006254693555927929,0.0005347767432688246,0.0004809815896563513
22,11,0.00020480263969564153,0.0005621642075999923,0.0005271528134595227,0.00044277126513758155,0.00039512448455407553
22,12,0.00016487362789169345,0.00048577194166716115,0.0004488154553777874,0.00037147952489352147,0.00032974749580389704
22,13,0.00013451692815868887,0.0004225420741377716,0.0003853258774560215,0.00031490315124390017,0.00027906478251742763
22,14,0.00011103141947380338,0.0003695134148325889,0.00033314126169633497,0.00026927446926056027,0.00023852038436954665
22,15,9.258262883776954e-05,0.0003245647600287479,0.00028974183390425694,0.00023198170696078386,0.0002055014104127123
22,16,7.789436396418378e-05,0.00028613331890535047,0.0002532889792881337,0.00020114918622452538,0.0001782837628466024
22,17,6.605989745624785e-05,0.0002530389597420299,0.00022241097534436368,0.0001754011716550913,0.000155610241922439
22,18,5.6422853509807985e-05,0.0002243710613332231,0.00019606440682290636,0.00015390617984821438,0.00013654660341603153
22,19,4.8500077944880395e-05,0.000199413609220714,0.00017344200137793672,0.00013626863850551673,0.000120529886988966
22,20,4.1930527965454674e-05,0.000177594328769225,0.00015390979761858677,0.00012117238652348862,0.00010684719303526827
22,21,3.6440700111495914e-05,0.00015844931759023733,0.00013745271667329686,0.00010825846678895346,9.507753739046527e-05
22,22,3.1820808966637375e-05,0.00014159790956037318,0.00012316159291875052,9.705313144164273e-05,8.502293708162569e-05
22,23,2.7908096875533617e-05,0.00012672444176678764,0.00011059347100885451,8.728356933744217e-05,7.63735598273375e-05
22,24,2.4574960650540394e-05,0.0001135647747461486,9.950234043408981e-05,7.8693181369566e-05,6.889643148903077e-05
22,25,2.1720386466062357e-05,0.00010189614956121324,8.968425740749916e-05,7.111096455920124e-05,6.231881751988674e-05
22,26,1.92636913703975e-05,9.152943059293035e-05,8.096880622046672e-05,6.43956628237708e-05,5.6583718132516706e-05
22,27,1.713989558980938e-05,8.230308387406572e-05,7.321256947622364e-05,5.842966836535604e-05,5.149203446975876e-05
22,28,1.5296262708968377e-05,7.407843886892497e-05,6.629407429753586e-05,5.311435779564472e-05,4.695719321307609e-05
22,29,1.3689686234031446e-05,6.673591415161113e-05,6.010983723982447e-05,4.836648564258086e-05,4.290652456888321e-05
22,30,1.2284696387187212e-05,6.017197754314302e-05,5.457123713214213e-05,4.411536654936342e-05,3.927863953253788e-05
23,1,0.017780921907319017,0.026590720291235905,0.026395200596652638,0.024486685531837603,0.02352478788096791
23,2,0.005973981910116887,0.009181226921819793,0.009055629255490362,0.008518272093616044,0.008080681556248592
23,3,0.003048852642230768,0.005169131155920896,0.0051651312897303785,0.004703705002170438,0.004345283393606972
23,4,0.0018069788276421372,0.0034227542196810417,0.0033458954696378943,0.0029791108440831637,0.002725900884012952
23,5,0.001167857978697224,0.00244379436011598,0.0023289149994029194,0.002035607986326691,0.001858404016206994
23,6,0.0008006348539801712,0.00183313928930983,0.001718745231772983,0.0014704429923936267,0.0013379472084170596
23,7,0.0005733860248169389,0.00142402378358346,0.0013200664478509139,0.0011049133495383337,0.0010009097040268602
23,8,0.0004247978754114737,0.0011354763911408034,0.0010426556451437908,0.0008573310607487403,0.0007744099525493803
23,9,0.0003233841662211419,0.0009239120840870905,0.000841765185134655,0.0006813835269681462,0.0006154491163481426
23,10,0.0002517330507155389,0.0007640098152751737,0.0006916091015830698,0.0005527070948281228,0.0004989765862046453
23,11,0.00019964331571600374,0.0006401681405374547,0.0005764539706503834,0.000455215914997862,0.00041081984721769334
23,12,0.00016085293952412607,0.0005423135429551315,0.00048624713567403405,0.00038008507965772503,0.00034262253463837936
23,13,0.00013136675474616607,0.00046368825651316035,0.0004143160752920959,0.000322417563060112,0.0002889495285388483
23,14,0.00010855146090974551,0.00039961210106254536,0.00035608722320524746,0.0002768792978195282,0.00024612559829917434
23,15,9.062219435730105e-05,0.00034675509731278047,0.00030833825752663805,0.0002397401736079604,0.0002113657970248227
23,16,7.633937908776816e-05,0.0003026924219705051,0.00027057727029544557,0.00020921153723536283,0.00018281636036709652
23,17,6.482350480700917e-05,0.00026562250668742213,0.00023981164646236377,0.00018388537523901435,0.00015912360181922217
23,18,5.54385447017295e-05,0.00023418304896973845,0.00021352651593421382,0.00016255319409028853,0.0001392806982400008
23,19,4.771663672410538e-05,0.00020732774684717453,0.0001908895570791954,0.00014439146140024387,0.00012257391389808547
23,20,4.130828442155312e-05,0.0001842417911961908,0.00017125754880363005,0.00012878114938683674,0.00010862254558418864
23,21,3.594874203217067e-05,0.00016428273110288727,0.00015412640545432596,0.00011528002712002108,9.673805489429749e-05
23,22,3.143489656201815e-05,0.00014693832916336138,0.00013909599614282518,0.00010353799281183824,8.64741607556371e-05
23,23,2.760909714564427e-05,0.0001317960258560023,0.00012584496341748594,9.327476595089048e-05,7.76131051718127e-05
23,24,2.4347667399544933e-05,0.0001185204823272251,0.00011411242602872953,8.426366838380309e-05,6.989522787679683e-05
23,25,2.1552627666935174e-05,0.00010683683846403929,0.0001036844981302161,7.631966320823574e-05,6.312643307453101e-05
23,26,1.9145651423872178e-05,9.651807579397574e-05,9.438422839265289e-05,6.929041748563418e-05,5.716606952524704e-05
23,27,1.706359884571557e-05,8.737536949043332e-05,8.606400068124237e-05,6.304954314586831e-05,5.189815182091393e-05
23,28,1.5255178402857234e-05,7.925064477861002e-05,7.859972899285455e-05,5.7491427629175406e-05,4.722635554372084e-05
23,29,1.3678425131215459e-05,7.201077814470958e-05,7.188637573126382e-05,5.2527238945807267e-05,4.3070160287997453e-05
23,30,1.2298776913304714e-05,6.612587452187883e-05,6.583445683315813e-05,4.812946889234252e-05,3.936184891281653e-05
24,1,0.017754379747618364,0.026622009943755506,0.02656433398149515,0.024179821338657835,0.02317251414931159
24,2,0.005950038380263465,0.008698186622987642,0.00865408447370902,0.00814615323483075,0.007820095259000407
24,3,0.003021673391252026,0.005054044739171321,0.004889323163898434,0.0044412950533307665,0.004209995972697565
24,4,0.00178575454822826,0.003505424574083297,0.003235201545958688,0.0028176044274639987,0.002646983679160582
24,5,0.0011525612346139366,0.0026281079014371838,0.0023358774358528756,0.0019436365106415576,0.0018024373597358794
24,6,0.0007899672233543902,0.0020648289135305653,0.0017715031212629123,0.001414578751036392,0.0012960510423745651
24,7,0.000566155146872,0.001676647390007541,0.0014021316870850664,0.0010732284026843501,0.0009729167968956801
24,8,0.0004200873306854702,0.0013955578048342303,0.001146440205665891,0.0008406232557416754,0.0007553910159484717
24,9,0.00032051776471553035,0.0011842826418147026,0.0009558743090502821,0.0006748847570209023,0.0006017432901630264
24,10,0.00025021634756850213,0.0010207319062909552,0.0008095951415258065,0.0005539877177474373,0.0004898908295451856
24,11,0.000199113917447992,0.0008910310549059153,0.0006946169527209481,0.0004634416558358534,0.00040530329742706933
24,12,0.00016104359735709484,0.0007860650638778422,0.0006024563376123992,0.00039337120235042255,0.00034045972892255446
24,13,0.0001320790024572668,0.0006996279987609655,0.0005273566713344627,0.00033730611001005076,0.0002891965147787627
24,14,0.00010963695286406561,0.0006273694406032424,0.0004652880919153279,0.0002917433920439186,0.00024827860234013035
24,15,9.196945383429037e-05,0.0005661641496814039,0.0004133552517672992,0.0002542204719057445,0.0002149761818986869
24,16,7.78643109458853e-05,0.0005137193725285494,0.0003694315392602294,0.0002232542078948559,0.00018771655351279201
24,17,6.646253306159773e-05,0.00046832186128799855,0.0003319250290803112,0.00019753846145388496,0.0001650592395750525
24,18,5.7143594650711035e-05,0.00042867024531388187,0.0002996241313781123,0.000176110598516751,0.00014601790662031883
24,19,4.945142656935932e-05,0.0003937612612041091,0.00027350716291898774,0.00015803245209646178,0.00012988932362280138
24,20,4.304555700662048e-05,0.00036281091891355634,0.0002505031833447952,0.00014236171626209822,0.0001161553578528104
24,21,3.766817920449051e-05,0.000335198874806265,0.0002301039819824173,0.00012869188138273205,0.00010427868908699763
24,22,3.3121534676342335e-05,0.00031042854280790633,0.00021191847329599063,0.00011670050310034832,9.394710598967885e-05
24,23,2.9252114324441773e-05,0.0002880980748027215,0.00019562954896269866,0.00010612878424610664,8.491212687832225e-05
24,24,2.593944925489845e-05,0.0002678789702444588,0.00018097743786003436,9.676677230829489e-05,7.697341355175446e-05
24,25,2.308804346859231e-05,0.00024950011915732723,0.00016774732536969163,8.84424690202204e-05,6.996787059183453e-05
24,26,2.0621490609026093e-05,0.0002327357659287316,0.00015576002566413904,8.101370861251032e-05,6.38105698048736e-05
24,27,1.847813059822112e-05,0.0002173963365454519,0.00014486487222123775,7.436202413333861e-05,5.838346792534658e-05
24,28,1.6607806322394933e-05,0.00020332138026905465,0.00013493424030475403,6.838796063802539e-05,5.353687827892538e-05
24,29,1.4969415811727005e-05,0.0001903740886981217,0.00012585928404352422,6.3007454623816e-05,4.919718468834126e-05
24,30,1.352904627230637e-05,0.00017843700282753122,0.00011754658724844343,5.819537499596621e-05,4.532003097003053e-05
25,1,0.017780295527290744,0.026692930323766396,0.025884534529884533,0.02406882257288232,0.023158868205974726
25,2,0.005941234336892604,0.008874281015140562,0.008783882818267603,0.008144710653854737,0.007781997617910779
25,3,0.0030180049353944814,0.004902670381763428,0.004752150832598764,0.0043779614898209725,0.0041430626243102436
25,4,0.0017830301467788323,0.0030821588659325754,0.003006320501674078,0.0027190178803307755,0.0025655236251137625
25,5,0.0011500234895287086,0.002094143566488862,0.002053683345070058,0.0018484462299180166,0.0017348037599127252
25,6,0.0007874248987231056,0.0015005416141489114,0.0014788795759787007,0.0013316791995314989,0.001241834172535768
25,7,0.0005635448739912619,0.0011188192225538999,0.0011184028789443608,0.0009990178445727985,0.0009285795566257556
25,8,0.0004173946972515605,0.0008838861809273317,0.0008815805188748515,0.0007723190493797675,0.0007167800715479442
25,9,0.00031775539367828997,0.0007171532238624914,0.0007155019864214286,0.0006143836187375188,0.0005681572867134526
25,10,0.0002474087482148013,0.000593797933477496,0.0005902661757972807,0.0004986783978762489,0.00045955369810848765
25,11,0.00019628877492762178,0.0004978466476435599,0.000493529755094033,0.00041209041827901976,0.00037805537670814355
25,12,0.0001582271234981924,0.00042184802862083856,0.00041732276739229633,0.00034504179127433054,0.0003151994259022046
25,13,0.00012929383429947924,0.0003607282830686272,0.00035629266767691237,0.00029187697174193133,0.0002655007055437128
25,14,0.00010690149754449905,0.00031092721410892835,0.00030672770552876125,0.00024948425920803526,0.00022580048326110267
25,15,8.929798942209183e-05,0.00026988434365895217,0.00026598452988214275,0.00021530064694434302,0.00019392395280732353
25,16,7.526743313789955e-05,0.00023571952046271,0.00023213777887465267,0.000187239353499586,0.00016788272780207973
25,17,6.394772010547292e-05,0.00020702717738290162,0.00020375760702842296,0.00016404725214140198,0.00014644532415953278
25,18,5.471577296358858e-05,0.00018273984053479044,0.0001797640272648248,0.00014501612689017971,0.00012839156626368725
25,19,4.71134828482379e-05,0.00016203532580289466,0.00015932900803030748,0.0001287701880174381,0.00011318191406768443
25,20,4.079877721925561e-05,0.0001442723029395929,0.00014180915809111405,0.00011491848274125234,0.00010026854346991074
25,21,3.551261259678978e-05,0.00012894473311765448,0.00012669851392159095,0.00010299739162155227,8.920389629394078e-05
25,22,3.1056289171155346e-05,0.00011564912725600631,0.00011359483849128935,9.260884283733579e-05,7.96833431775729e-05
25,23,2.727559278132159e-05,0.00010406067261650529,0.0001033751458237315,8.351200130157515e-05,7.138894929867259e-05
25,24,2.404953652348534e-05,9.481924351378704e-05,9.436741817470366e-05,7.551158461689033e-05,6.413162385107682e-05
25,25,2.128225340250833e-05,8.777469011226692e-05,8.638632160678361e-05,6.844775812424531e-05,5.7757008850647364e-05
25,26,1.8897080967413796e-05,8.144103732509798e-05,7.928535731016045e-05,6.218858420473032e-05,5.213800606279665e-05
25,27,1.6832192434148e-05,7.572359887238555e-05,7.294325667695089e-05,5.663636179635892e-05,4.7184824041196974e-05
25,28,1.5037333222422422e-05,7.054368906433436e-05,6.725891624497486e-05,5.1694222957418685e-05,4.2865292694009e-05
25,29,1.347135728032151e-05,6.583538796097157e-05,6.214748232175175e-05,4.7273561741945047e-05,3.9051012463746245e-05
25,30,1.2100348663592995e-05,6.15430484597876e-05,5.7537297345228004e-05,4.330944344092837e-05,3.5645056425659685e-05
26,1,0.017720644196303557,0.026338374012733413,0.026208484872488277,0.024298922934492456,0.023381299488579973
26,2,0.005964507629162987,0.009369597705241182,0.008956580219433404,0.008026099119871916,0.007712918781716019
26,3,0.0030359534463763782,0.005040430121671564,0.0048845335621632655,0.00436882928819949,0.004141285054704706
26,4,0.0017930852950952796,0.003152246535278467,0.003124979929186653,0.0027773496768799142,0.0025980033350012617
26,5,0.0011554240576670373,0.00226090845927178,0.002156440473492032,0.0019095874005858402,0.0017731519188341662
26,6,0.0007901248062524421,0.00170173394001005,0.0015645062022051819,0.00138157140224267,0.0012781943823230344
26,7,0.0005646826897144496,0.0013256209190356768,0.00119645609803467,0.001042594128879347,0.0009585622522236012
26,8,0.0004176523408669315,0.001059639133844153,0.0009484226376113556,0.0008083803331811387,0.0007418875116000015
26,9,0.0003175421358998967,0.0008642812779054213,0.0007679684095836009,0.0006421456973307965,0.0005879914010694575
26,10,0.000246968714914255,0.000716468564094589,0.0006357100384819122,0.0005232176915411805,0.0004758467540779495
26,11,0.00019576559871673852,0.0006019142220883587,0.0005336454635996079,0.00043341377325989617,0.00039206275210784463
26,12,0.0001577031545865439,0.0005113579564213153,0.00045324967081157705,0.0003644491045126718,0.0003271945871336393
26,13,0.00012881407176977284,0.00043856882073686976,0.0003888221917308782,0.0003098634502153536,0.00027633144832964787
26,14,0.00010648827790365885,0.00037922204555025174,0.00033642775903448125,0.0002659017507407652,0.00023591542093564155
26,15,8.896005282844515e-05,0.00033023618264285296,0.00029327537292438014,0.00023074644694497828,0.00020296724416517768
26,16,7.500554129567457e-05,0.0002893658056984634,0.00025733930516953286,0.0002016597301976559,0.0001758039271082189
26,17,6.37581412799775e-05,0.00025494250857210866,0.00022794450430273013,0.00017777742547778885,0.00015318970924594417
26,18,5.459243674549431e-05,0.00022570527076620393,0.0002036177297012022,0.0001576437694337407,0.00013427390153258496
26,19,4.704929956337988e-05,0.00020068646307535822,0.00018262307916916426,0.0001404153324610701,0.00011836273236412655
26,20,4.0786430381308214e-05,0.00017913349571532067,0.00016437408720497876,0.0001255706252386554,0.00010485678263433265
26,21,3.554501854177299e-05,0.00016045387868625542,0.00014841164993175188,0.00011270106081410435,9.332932892549071e-05
26,22,3.112684715441797e-05,0.0001441760069631655,0.0001343716705836373,0.00010148249775520179,8.35347170780489e-05
26,23,2.7378304341677366e-05,0.00012992071933097248,0.00012196193284150084,9.165488096924361e-05,7.502005217392582e-05
26,24,2.4179044684497232e-05,0.00011738037159857144,0.00011094532024503328,8.300743802892436e-05,6.767278901722013e-05
26,25,2.1433834178988678e-05,0.00010630323608175892,0.00010112747102006758,7.54238981095676e-05,6.123201228974045e-05
26,26,1.906660794769827e-05,9.6481732004365e-05,9.234757898135681e-05,6.879351587234353e-05,5.5572752553551e-05
26,27,1.701608760827064e-05,8.774344825217845e-05,8.447145639143376e-05,6.288950300982829e-05,5.058403412083525e-05
26,28,1.5232512274695185e-05,7.994422645836693e-05,7.73862435891317e-05,5.763410524904747e-05,4.6174166314014876e-05
26,29,1.3675174340525252e-05,7.296278145727307e-05,7.099633154984567e-05,5.300303768364812e-05,4.223857760782607e-05
26,30,1.2310543420354306e-05,6.669648083822472e-05,6.522018762378335e-05,4.883347473652905e-05,3.871269647823517e-05
27,1,0.017681393235438114,0.027477503549239543,0.027188273723204336,0.024812754194127186,0.02347250851562146
27,2,0.005930102400245898,0.009247413848378854,0.008962464365358355,0.008238556727942055,0.00789927941467855
27,3,0.0030162546233568626,0.005232999954446488,0.005046924646090795,0.004543931394017427,0.004281557126783096
27,4,0.0017845466547499627,0.0033589892489451463,0.0032824094135346944,0.002883142745842798,0.002687659923808097
27,5,0.0011530721868825658,0.0023266458853493277,0.0023019296689288037,0.0019913214136496275,0.0018304842504617742
27,6,0.000791037803495634,0.0016967847081207504,0.0016947484272006087,0.0014620471613914683,0.0013205771320525233
27,7,0.0005672576933662202,0.0013008520405400259,0.0012925959144299147,0.001115757536295811,0.0009933950760783942
27,8,0.00042100643244980684,0.0010257268586480591,0.001012796141050914,0.0008769222431867305,0.0007732124175504906
27,9,0.00032118640350598736,0.0008255660710455162,0.0008106318780585186,0.0007045742613006644,0.0006166354081617644
27,10,0.00025063421094422385,0.0006757404842873334,0.0006601183916476816,0.0005774512145228931,0.000502053303160242
27,11,0.00019930854898501056,0.0005609358084004482,0.0005452908141370004,0.0004800579759687123,0.00041608432411465124
27,12,0.0001610518596720722,0.00047121885876142663,0.00046008399527947675,0.0004055950761435845,0.00035031338200667493
27,13,0.0001319383292689263,0.0003999203792364249,0.00039543525735671035,0.0003461363424396063,0.00029845793291740594
27,14,0.00010938145800015946,0.0003427919632959461,0.00034261162781405014,0.0002979439525174586,0.0002565586262822112
27,15,9.162848703381634e-05,0.00030228363341957653,0.00029888521419682644,0.00025838065336310624,0.00022247371253984724
27,16,7.746223077832898e-05,0.00026783976490713364,0.0002622820322698388,0.0002257899051957077,0.0001942931412736531
27,17,6.601905170705524e-05,0.00023828545041029356,0.0002313435473910438,0.00019859829636069813,0.00017069263256405987
27,18,5.667435461199216e-05,0.00021273126320172725,0.00020497187472392814,0.0001755585271271979,0.00015083848748679917
27,19,4.896863385147532e-05,0.00019049099229854693,0.0001823267204286736,0.00015588897763619937,0.0001340240503386271
27,20,4.2558584986337116e-05,0.0001710261692424957,0.00016275521848987826,0.0001390384593088202,0.00011958225778661961
27,21,3.718410599612991e-05,0.00015390782853980832,0.00014574319625951113,0.00012452972132379617,0.00010710123876289486
27,22,3.264560248152995e-05,0.00013878961074349633,0.00013088070424186306,0.00011189050142482919,9.625467829400193e-05
27,23,2.8788112170798802e-05,0.00012538848801467057,0.00011783722750672122,0.00010082544473119107,8.678117725736511e-05
27,24,2.549002641776677e-05,0.00011347071101193304,0.00010634358540085283,9.109524434234648e-05,7.846924012793527e-05
27,25,2.265496298382793e-05,0.00010284139624660961,9.63058097623431e-05,8.251639847869112e-05,7.114619397264701e-05
27,26,2.0205832458238163e-05,9.333669398146922e-05,8.752284140431098e-05,7.506204410588348e-05,6.466989811489674e-05
27,27,1.8080453401172014e-05,8.481781394713698e-05,7.966397628786072e-05,6.848458150745902e-05,5.8922464328667756e-05
27,28,1.6228275259522845e-05,7.716640825915696e-05,7.261476792563944e-05,6.265552375327734e-05,5.380544538900228e-05
27,29,1.460790331334174e-05,7.028095960228038e-05,6.62776618532123e-05,5.7436609108519926e-05,4.923610961079808e-05
27,30,1.3185210892101198e-05,6.407392378981248e-05,6.056904038874187e-05,5.2751434740550075e-05,4.5144528018543636e-05
28,1,0.017957119420341564,0.029189518922743803,0.02755124266970307,0.024097576506353087,0.022875396056025368
28,2,0.006049934650893042,0.00840858887266246,0.00830189680070822,0.007919322542094516,0.0076659980530391775
28,3,0.0030689873053472995,0.00462723588168489,0.004507059297227361,0.004275685221093177,0.004082353830794803
28,4,0.0018109741204691604,0.00296324953694543,0.0028985724446799355,0.0026624436484035978,0.002521002393816667
28,5,0.0011665293128750853,0.0020433608038287958,0.0020202790974580614,0.0018027290065547065,0.0016902980539877943
28,6,0.0007974624349631327,0.0014895399705649507,0.00148504213665274,0.001295048747175731,0.0012031138959489574
28,7,0.0005697408697582203,0.0011552060821851731,0.0011335482377009282,0.0009680091385355055,0.0008978301716488686
28,8,0.00042125191901527315,0.0009215322574647656,0.0008898499171267505,0.000747314384937328,0.000693088351283233
28,9,0.0003201667869736377,0.0007508029571882066,0.0007138138232153199,0.0005924045038877009,0.000549658534507267
28,10,0.0002489175770958033,0.0006217680568097975,0.0005825235180407833,0.0004804950484826677,0.0004445523656451169
28,11,0.0001972315270244463,0.0005216419460853532,0.0004820752891999029,0.0003965345848496657,0.0003656546489796181
28,12,0.00015881514368163975,0.00044230834426038537,0.000403611630838422,0.0003324016042488568,0.0003049267790357608
28,13,0.00012966129392719182,0.00037838146723915243,0.0003412587966586494,0.0002815726020445553,0.0002570362410813094
28,14,0.00010713420800802738,0.00032615257563454244,0.00029098888204810594,0.00024085112132492145,0.00021865306463545684
28,15,8.945103720154943e-05,0.0002829869179675936,0.00025062456118112947,0.00020763494639648543,0.00018746321195910773
28,16,7.537615356825047e-05,0.0002469626750895201,0.000219111891967706,0.00018014208359249582,0.00016191088209528763
28,17,6.40346289078352e-05,0.00021664621071225014,0.00019365734866389714,0.00015720092295052804,0.00014078117586445647
28,18,5.479500430678441e-05,0.0001909473171765605,0.00017236341710413249,0.00013812025911144583,0.00012305342556415185
28,19,4.7193665877899234e-05,0.00016902313858206848,0.00015405913223449704,0.00012193293890552344,0.00010806399121694502
28,20,4.0884920805806614e-05,0.00015021268076407477,0.00013823073646811954,0.00010809817552701315,9.5368363192809e-05
28,21,3.560735181793826e-05,0.00013399110013139032,0.000124470795500072,9.620105719519794e-05,8.461552866509723e-05
28,22,3.1160715960133424e-05,0.00011993711635143986,0.00011245220049678362,8.591383767582808e-05,7.548346672923411e-05
28,23,2.7389812563835826e-05,0.00010770933797297951,0.00010190948751421681,7.706272939217193e-05,6.76227253852043e-05
28,24,2.4173042421330334e-05,9.702876995403439e-05,9.262516762829376e-05,6.934003144064369e-05,6.077237829101202e-05
28,25,2.1414177854173038e-05,8.766569153732374e-05,8.44195567711979e-05,6.258863179473874e-05,5.4777295448041426e-05
28,26,1.9036364329745398e-05,7.942967782554104e-05,7.714309478815419e-05,5.6687717083025406e-05,4.9510405523669534e-05
28,27,1.6977695001120443e-05,7.216191862789767e-05,7.067046491097659e-05,5.151111955471913e-05,4.488509279229369e-05
28,28,1.5187908501952623e-05,6.572924028826705e-05,6.489603570375999e-05,4.692442582724016e-05,4.08163632304915e-05
28,29,1.3625898679230129e-05,6.001940652166218e-05,5.9730288315006186e-05,4.2908498720200137e-05,3.720207897943589e-05
28,30,1.2257817922084616e-05,5.525658366295003e-05,5.5096987489550446e-05,3.933029219137421e-05,3.3982362582402336e-05
29,1,0.017657678469788843,0.028265625809058947,0.027652974558399337,0.023846036598179278,0.022725547477329026
29,2,0.005971015154275785,0.008562471738698412,0.008411657550053749,0.00783244746807486,0.00757119184382473
29,3,0.003057588373293255,0.004872246723277886,0.004626444213516315,0.004207645186735645,0.004051691181213851
29,4,0.001814378246121913,0.0031435435155883797,0.002924299100838311,0.002614936954682754,0.0025151827329051744
29,5,0.0011740826037827084,0.0021843646352936318,0.002011287324570563,0.0017744983276148964,0.0017064327975911298
29,6,0.0008061589102593339,0.0015964322488175816,0.001473982033371569,0.0012858175594719792,0.0012284580755224047
29,7,0.0005783922659619124,0.0012107111005915877,0.0011251821214281609,0.0009745719721616288,0.0009220778201929049
29,8,0.00042936782555680515,0.0009446717069676464,0.0008993796543922006,0.000764184199989047,0.0007150726045563937
29,9,0.00032756849469138993,0.0007539761514063478,0.000735246614494157,0.000615993103420401,0.0005687881293717399
29,10,0.0002555717706698516,0.000613036080878445,0.0006117698853732841,0.0005063650179577672,0.00046175429781989254
29,11,0.00020317099076862084,0.0005263843800176718,0.0005163095860496721,0.0004229052884280776,0.00038108920479206475
29,12,0.00016409999320827603,0.00045813463876556856,0.0004408684606862241,0.0003578816462478937,0.0003187312580690965
29,13,0.00013435994633363352,0.0004018012358430245,0.0003801669670000218,0.00030623184451853,0.0002697524840531266
29,14,0.00011131426156331666,0.00035467233850487056,0.00033059147400357,0.0002645271519532061,0.00023074452378179963
29,15,9.317519327104393e-05,0.0003148154804809611,0.0002895910111470133,0.0002303766876027988,0.00019924073605361584
29,16,7.870069851029621e-05,0.0002808085044582361,0.00025531646767861286,0.0002020707724742703,0.00017324941073828574
29,17,6.700918858218715e-05,0.00025157628022676,0.0002263966856807708,0.0001783596858703674,0.00015170976349119508
29,18,5.746289822932472e-05,0.00022628773947814228,0.00020179486132536592,0.0001583121007561012,0.00013365766458439652
29,19,4.95925107844617e-05,0.00020428858537220623,0.00018071369368082864,0.00014122199399656273,0.00011848055067231538
29,20,4.304730476587247e-05,0.00018505584138592122,0.00016253104913636836,0.00012654592904999483,0.00010554070482143559
29,21,3.756149144206982e-05,0.0001681662143817797,0.0001467552713956788,0.000113859874861823,9.443051646619813e-05
29,22,3.293105773282768e-05,0.00015327347148147454,0.00013377849389152976,0.00010282889002500209,8.48391031766242e-05
29,23,2.8997564613827338e-05,0.0001400918730421233,0.00012270805842370778,9.318546077346623e-05,7.663940344004207e-05
29,24,2.5636635745485606e-05,0.00012838378657161641,0.00011287858414492384,8.471377289122038e-05,6.951117182269127e-05
29,25,2.2749661940317773e-05,0.00011795025955487508,0.0001041158644582268,7.723812423805147e-05,6.323520584133572e-05
29,26,2.0257744461823055e-05,0.00010862373359175243,9.627502475361704e-05,7.061427305961001e-05,5.7724360817293203e-05
29,27,1.809721902521094e-05,0.00010026233911838781,8.923476217273186e-05,6.475515508958375e-05,5.287043787672448e-05
29,28,1.6216310437763564e-05,9.274537722411725e-05,8.28928778547013e-05,5.9641391978666844e-05,4.857996978874095e-05
29,29,1.4572605791228662e-05,8.596970659398631e-05,7.716277571189715e-05,5.5055912809404066e-05,4.4762539617157825e-05
29,30,1.3131126984893431e-05,7.984682967965496e-05,7.197069288628691e-05,5.093134497723523e-05,4.13317739006969e-05
30,1,0.017743727429758147,0.027225908998531324,0.02554277175555687,0.02309525010322354,0.0224070964662043
30,2,0.006012672381682185,0.00836007643278137,0.008310763344861126,0.007938039605269849,0.007668726218355103
30,3,0.0030763170851781773,0.004589740519994317,0.00456376178777188,0.004259768201421645,0.004087781178904936
30,4,0.0018271596946348224,0.00297068980698625,0.002905283497640216,0.0026819952763353144,0.002552421609988142
30,5,0.0011839071865109387,0.0020569013019807302,0.0019912856757021034,0.0018534306602634907,0.001738003746131978
30,6,0.0008138539234350752,0.00148893927728152,0.0014508401812759397,0.0013561098517802064,0.0012538596364264408
30,7,0.0005843818242509589,0.0011131075897982618,0.0011022935134802222,0.0010328292733128956,0.0009425888289252305
30,8,0.0004339562483501858,0.0008664688636956262,0.0008648969510147812,0.0008099733967617854,0.0007304042530981636
30,9,0.00033100559300998985,0.0007023407331533736,0.0007015690260393297,0.0006491385737202877,0.0005809610711783541
30,10,0.0002580689933119197,0.0005788538584246715,0.0005788288252335382,0.0005293551113687227,0.00047181605284520153
30,11,0.00020490710263894007,0.0004859662475824225,0.00048546562387111815,0.0004388178929556426,0.0003890611079226752
30,12,0.0001652247001833803,0.0004127508816446828,0.00041194277051724635,0.0003683946773100412,0.00032518777786291254
30,13,0.00013499734334656993,0.0003536709834974561,0.0003528589926769458,0.00031265893509973186,0.00027467719678773164
30,14,0.00011156630390880662,0.0003053541501744826,0.0003047006366776161,0.0002682263098439361,0.00023409524248811788
30,15,9.312503902176486e-05,0.00026538397626005197,0.00026496725005843843,0.0002318020777644488,0.00020125496997513151
30,16,7.841577607386449e-05,0.00023198822667871283,0.0002318369380078061,0.00020161086873258174,0.00017425422789744542
30,17,6.654390895611922e-05,0.0002040692755459177,0.00020395520565886542,0.00017634366325294635,0.0001518091716637173
30,18,5.686098942324644e-05,0.00018066078164920914,0.0001802973536684526,0.00015501741295700615,0.00013295035143772428
30,19,4.888898861799534e-05,0.00016066496102712816,0.0001600762732164188,0.00013688184034672392,0.0001170936875642326
30,20,4.227011371718312e-05,0.00014346563406152806,0.00014267914956207932,0.00012162385185678053,0.00010355087961479612
30,21,3.673285707689628e-05,0.0001285793421268092,0.00012762308339342253,0.00010850594073409405,9.191335167710074e-05
30,22,3.20685932248363e-05,0.00011562244726558881,0.0001145233932298185,9.711648141623683e-05,8.191306075551322e-05
30,23,2.811517117906336e-05,0.00010428737007790959,0.00010307060054436635,8.718059434241009e-05,7.324359459915473e-05
30,24,2.4745232454493918e-05,9.432517338826841e-05,9.301347280291571e-05,7.847533650906903e-05,6.567349922450592e-05
30,25,2.1857775500942787e-05,8.553262614317913e-05,8.414636447775798e-05,7.081830821729596e-05,5.903660962393441e-05
30,26,1.9371984811333575e-05,7.774247790299288e-05,7.629965346485752e-05,6.405909389996366e-05,5.3208894211487656e-05
30,27,1.7222662237758787e-05,7.081606535165403e-05,6.933243713545275e-05,5.80727535967887e-05,4.8082543049993575e-05
30,28,1.5356806661866867e-05,6.463763365572732e-05,6.312689824172955e-05,5.275481843589262e-05,4.353982207058824e-05
30,29,1.3731026699548023e-05,5.910993317887667e-05,5.758391870055908e-05,4.801740302851747e-05,3.952156045577367e-05
30,30,1.2309564510699921e-05,5.415077465755871e-05,5.261963552972625e-05,4.378615690028806e-05,3.5973923956184385e-05
31,1,0.018047162784134017,0.030654523664036416,0.028158989090152117,0.02498977691496814,0.023633722619064094
31,2,0.006056105894511728,0.009773671459341637,0.009583201400885064,0.008507459999846801,0.008004181295910087
31,3,0.003100738231263084,0.005273273617351774,0.005249754630164254,0.004581358930223316,0.004275320307062918
31,4,0.0018444840405927102,0.0033898549823113545,0.0033570619028724753,0.002862564613325875,0.0026669575160479892
31,5,0.001196683820023299,0.0023404811260998213,0.002324412043710089,0.0019496997178404922,0.0018086504833802817
31,6,0.0008237177779833429,0.001693800505914667,0.0016901693341814512,0.0014007282138363353,0.001297451908335078
31,7,0.0005923474880835206,0.0012772490021231244,0.0012725288614261468,0.0010505810159413425,0.0009701378320861164
31,8,0.00044062937895368804,0.0009939368896483777,0.0009836293010271231,0.0008119165804596692,0.0007492401741475598
31,9,0.0003367528085571403,0.0007901790722513345,0.0007761739415885137,0.0006434541650826647,0.0005930597151557138
31,10,0.00026311971396009365,0.0006391066519343089,0.0006227407266619362,0.0005212120684327875,0.0004785353761583352
31,11,0.00020941090938261095,0.0005242877741240215,0.0005065203292846858,0.00042858171143203187,0.00039284824214053885
31,12,0.00016928356304830318,0.00043521294798838504,0.0004167359767917959,0.0003577423681250689,0.00032709298362228786
31,13,0.00013868397462506277,0.0003649069641272805,0.00034621902758974206,0.00030194926136611146,0.0002760613815541384
31,14,0.00011493481681484804,0.00030859352723931586,0.0002953087073841591,0.0002570456237046196,0.0002355597697954305
31,15,9.62172767103971e-05,0.0002629136457452914,0.00025605290060421067,0.00022049579839760074,0.00020299032341521535
31,16,8.126516364023364e-05,0.00022544999613955644,0.00022356739603361344,0.00019117228276175388,0.00017614497789732544
31,17,6.917786299218908e-05,0.00019839669196445342,0.00019641215590100427,0.00016687278828773192,0.00015400801436351496
31,18,5.9302471923239564e-05,0.0001784979189352506,0.00017350895780173526,0.00014679367899641873,0.0001353938414735793
31,19,5.1157543112769905e-05,0.0001613553345009573,0.00015501716564498636,0.00013008366792875963,0.00011960030816791712
31,20,4.4382581106673316e-05,0.0001464789697648764,0.00013942529394460408,0.00011625440124691112,0.00010610502699695888
31,21,3.8703888318565853e-05,0.00013348466168350658,0.00012583531881657967,0.00010441620731251045,9.458469531029351e-05
31,22,3.3911029506706765e-05,0.00012206756018182285,0.00011392827033029877,9.421178564303812e-05,8.461930644214324e-05
31,23,2.9840334916411423e-05,0.00011198305702896405,0.00010344682272695369,8.527083431946699e-05,7.594981042702254e-05
31,24,2.636315624784471e-05,0.00010303286522582688,9.418127365069462e-05,7.739999359531702e-05,6.845436624360386e-05
31,25,2.337738645046137e-05,9.505472632662607e-05,8.595915603970206e-05,7.044169356103674e-05,6.196443456189804e-05
31,26,2.08012556406893e-05,8.791470797004305e-05,7.877441523214201e-05,6.426638275043609e-05,5.623340457722465e-05
31,27,1.8568736996956308e-05,8.150137389953855e-05,7.331426184128736e-05,5.8766675420530384e-05,5.120297866174822e-05
31,28,1.66261064508552e-05,7.572132347206287e-05,6.838363266268191e-05,5.385289245289543e-05,4.6743582243582107e-05
31,29,1.4929339349961101e-05,7.049574384586783e-05,6.391628566805613e-05,4.944962715921579e-05,4.277687082019752e-05
31,30,1.3442121164931366e-05,6.575771888097928e-05,5.985615461299453e-05,4.5533465793277564e-05,3.922771358570494e-05
32,1,0.017910220301552114,0.027633941754452145,0.026502938815353684,0.023941656857226455,0.022821800813923508
32,2,0.0060512424616625225,0.009002691020704244,0.008904352158176074,0.008292637418870416,0.007880047274630719
32,3,0.0030939982832994604,0.004875179146518264,0.004827300011982841,0.004432353860982973,0.004221090329264399
32,4,0.0018322968608951687,0.0031084499299501534,0.0030383024375825415,0.0027629599162702053,0.0026292262314972547
32,5,0.001182114174099659,0.002159090175649573,0.0020779774806726154,0.0018787353108930197,0.001782075790872102
32,6,0.0008085913393708788,0.0015920292928515635,0.0015039376140793975,0.0013588958891272743,0.0012807200042007463
32,7,0.0005776132901791328,0.0012268360749205448,0.0011390813712067686,0.0010250474151564828,0.0009586008196241317
32,8,0.0004267703108067702,0.000977797811051049,0.000897813503085672,0.0007973434911304909,0.0007409753293304733
32,9,0.00032398666431720873,0.0008000911413301976,0.0007344163415419734,0.0006371883430013383,0.0005863464315610773
32,10,0.00025151295134840984,0.0006685079799247539,0.0006120741526666613,0.0005207141119329508,0.0004728375456768823
32,11,0.00019894529374879104,0.0005680353222161895,0.0005177927921728918,0.00043214616767611876,0.000387529479269762
32,12,0.00015989591632901214,0.000489305188780649,0.0004433923076613964,0.0003632525290466485,0.00032234313175617146
32,13,0.00013028979954861936,0.0004262401282703567,0.0003835097273651038,0.00030863493878858584,0.00027125426398358793
32,14,0.00010744213005000842,0.00037476450079293255,0.0003345057183154793,0.0002646330568057353,0.00023106268739278712
32,15,8.95344772442691e-05,0.00033206537357352437,0.00029383628662613744,0.000229426008486426,0.0001986321292810704
32,16,7.530528229418209e-05,0.0002961515237358928,0.0002596765596894661,0.0002003874185373655,0.00017228125226364385
32,17,6.386063793235409e-05,0.00026558121287344487,0.00023068740262166695,0.00017602819487076596,0.0001503877463967785
32,18,5.4555140566777194e-05,0.00023928910000393583,0.00020586611205833779,0.00015541075290308336,0.00013208972856004186
32,19,4.69148976232503e-05,0.00021647328885411954,0.00018470552788791292,0.00013782326264328892,0.00011664696640675647
32,20,4.058662167030457e-05,0.00019651989446466424,0.00016794506249404704,0.00012301436684794572,0.00010362019614087463
32,21,3.5303276111118755e-05,0.00017895161193492743,0.00015320659496003019,0.00011026051223579849,9.251376167552239e-05
32,22,3.086045921869635e-05,0.000163391987014352,0.00014016539486298016,9.914760428756334e-05,8.300210886425596e-05
32,23,2.709989600991123e-05,0.0001495401672891957,0.00012856323350315447,8.955830410778085e-05,7.474117576722348e-05
32,24,2.3897721009603047e-05,0.00013715277754639004,0.00011819212990467001,8.11421752644698e-05,6.759090028306249e-05
32,25,2.115604403125574e-05,0.00012603071893102478,0.00010888259128637249,7.370769135882855e-05,6.13221018274194e-05
32,26,1.8796800022386287e-05,0.00011600942341552076,0.0001004949870874072,6.711678136590348e-05,5.5787729471967396e-05
32,27,1.6757210313274516e-05,0.00010695156744274856,9.291313874390705e-05,6.12790920230243e-05,5.091235802394223e-05
32,28,1.4986395487527847e-05,9.874155882452819e-05,8.603949701567796e-05,5.618860164014692e-05,4.6584354773463563e-05
32,29,1.3442821223764666e-05,9.128131801607365e-05,7.97914709487621e-05,5.162490470731184e-05,4.27206123404928e-05
32,30,1.2092353414569333e-05,8.448701512188459e-05,7.409860210285483e-05,4.752286380798802e-05,3.926097514864464e-05
33,1,0.018065773091866914,0.02770737096391604,0.026517408775159304,0.024113176969517973,0.02311289392559096
33,2,0.006022108300728796,0.008972504714218395,0.008780087216777945,0.00817893128427908,0.007845693510923
33,3,0.0030732715326618576,0.005038253454068355,0.004965812786987237,0.004499568769580406,0.004280177777223054
33,4,0.0018237244218357212,0.0032808285443491295,0.003230685815102856,0.002842838560825116,0.002683879056030995
33,5,0.0011807227447972303,0.0022767169794955223,0.0022607786131828237,0.0019493854917432911,0.0018258912057245661
33,6,0.0008110432145261473,0.0016661714767836108,0.0016587341805855793,0.0014109153331663864,0.001309946156010299
33,7,0.0005820233935468659,0.0012820228968324404,0.001259726108459978,0.001059645191720859,0.0009775640609615906
33,8,0.0004320684247497616,0.0010138088659239154,0.000982383200860721,0.0008183852792342152,0.0007522214740563194
33,9,0.00032956360583171347,0.0008192146999316063,0.0007824373075217559,0.0006491940155102197,0.0005929430281812494
33,10,0.00025702579481028624,0.0006736687821041265,0.0006340405103806019,0.0005256673928030353,0.0004766628787717561
33,11,0.00020420762345552297,0.0005620652354533507,0.0005212544914285695,0.000432192590713701,0.00038963561948181187
33,12,0.0001648140649949998,0.00047468881796812793,0.0004338136501681212,0.0003599701268342306,0.0003234242732926669
33,13,0.0001348250124123859,0.0004050582241432865,0.00036486638937514154,0.00030317405434283743,0.0002720998764409872
33,14,0.00011158778110198573,0.0003487160622071347,0.0003097019508987006,0.00025782561900587476,0.0002311896136032073
33,15,9.3302231895406e-05,0.0003025167929723647,0.00026499893546113847,0.00022133681468904228,0.0001982770614667389
33,16,7.871666718660595e-05,0.000264190731868796,0.00023100846720221528,0.00019196780203826268,0.00017150509973385262
33,17,6.694191907189825e-05,0.0002320679818351685,0.00020317982192808934,0.00016761251356711655,0.0001493454801366279
33,18,5.7334242725133047e-05,0.00020489854189539622,0.00017973244556219905,0.00014722793589490142,0.0001308777141514059
33,19,4.9419589479924606e-05,0.00018173213391688156,0.0001598028188010792,0.0001302730496181602,0.00011536630575227588
33,20,4.2843486883612484e-05,0.0001618361542188419,0.0001427304074987916,0.00011601200277535251,0.00010221325728637282
33,21,3.7337171044671115e-05,0.00014463856363922345,0.00012800312715962502,0.00010403178712230398,9.101721663861364e-05
33,22,3.269426958707122e-05,0.0001296874447295667,0.00011521907125809703,9.366568114136306e-05,8.143996701834805e-05
33,23,2.8754474285340547e-05,0.0001166219133338897,0.00010405921786726099,8.464517744316742e-05,7.314141058160446e-05
33,24,2.539193017108753e-05,0.00010515089932259153,9.426767827819884e-05,7.67549878129749e-05,6.593198807242851e-05
33,25,2.250686089693233e-05,9.503746642193478e-05,8.563721019869399e-05,6.982087966594559e-05,5.964235321240568e-05
33,26,2.0019448969805367e-05,8.608708651955303e-05,7.79984597085577e-05,6.37357888651794e-05,5.41126585208938e-05
33,27,1.7865309371814837e-05,7.813877393033588e-05,7.121187973335757e-05,5.841554935880097e-05,4.928215855934109e-05
33,28,1.5992103905979953e-05,7.105831284289147e-05,6.532177026711353e-05,5.367096948197043e-05,4.499904499479973e-05
33,29,1.4356982140500867e-05,6.473303374079696e-05,6.005915839238977e-05,4.9425882408749425e-05,4.118457887291239e-05
33,30,1.2924628119333816e-05,5.906774790586783e-05,5.5327028313117686e-05,4.5616165968766594e-05,3.7798938871373556e-05
34,1,0.01763989737726723,0.026130670080823534,0.0259531452331304,0.023182038529383074,0.022206581508881915
34,2,0.005905564054221189,0.009011902638331164,0.008625453867029073,0.007822340776275936,0.007610101015104352
34,3,0.002998599394980825,0.004607322940729602,0.004552562957948162,0.004235421318423809,0.0040678210398033985
34,4,0.0017694023273281052,0.00280760429706043,0.002797932113725983,0.0026282567610868878,0.002516261153209882
34,5,0.0011395291283080914,0.0018690019727115427,0.0018674173315883016,0.001761294148841829,0.001690826156966763
34,6,0.0007790888146008563,0.0013608414361488026,0.0013420950435185047,0.001248507211204495,0.001201996578415691
34,7,0.0005568368043941124,0.001031052481228532,0.0010036764939515825,0.0009278231113012573,0.0008913190427463708
34,8,0.00041196452453686686,0.0008041474239438942,0.0007739988804948287,0.0007136064175066582,0.0006817672435581071
34,9,0.0003133437408778117,0.0006416548519116334,0.0006116793563029415,0.0005658269677915582,0.0005352276320296355
34,10,0.00024381330420225028,0.0005215431037305908,0.0004982426522649202,0.0004581274524292252,0.00042998505759252685
34,11,0.00019334907835242253,0.0004304464944727486,0.000414954081778774,0.0003783178276978043,0.00035197495684391136
34,12,0.0001558154853803972,0.00035987134601991617,0.00035137171498636,0.000317983000279676,0.0002926165702244909
34,13,0.00012730870754655967,0.00030420955375178043,0.0003008023485566635,0.00027032491769123784,0.00024659984418795317
34,14,0.00010526217894819373,0.0002602231823208691,0.0002599302815424248,0.00023218272095870338,0.0002099273145770261
34,15,8.794031326450735e-05,0.00022940840512417792,0.00022914975318129012,0.00020153418851008342,0.0001803236855096376
34,16,7.414029192305827e-05,0.00020482332184825527,0.00020419150551061126,0.00017616917115517776,0.00015615819467275246
34,17,6.30102855294009e-05,0.00018456899805827304,0.00018311340056969538,0.00015495128446112145,0.00013624703131709902
34,18,5.3935298675477584e-05,0.00016731763325724848,0.00016512836596425064,0.00013703572353296036,0.00011976101966079832
34,19,4.6463580178944443e-05,0.00015246771384684092,0.00014964392260307069,0.00012178344027810435,0.00010589838666807512
34,20,4.025806847894651e-05,0.00013956545964370195,0.0001362064703889958,0.00010870347356323799,9.40790641469827e-05
34,21,3.506368177590265e-05,0.00012826328179800755,0.00012446339845785336,9.74133452427388e-05,8.393080962432147e-05
34,22,3.0684864751838e-05,0.00011829110822697912,0.000114136798695849,8.761132586009296e-05,7.518246750735206e-05
34,23,2.6969910646010834e-05,0.00010943627227332704,0.00010500489241048282,7.905666642411008e-05,6.757461360102807e-05
34,24,2.379984215468622e-05,0.00010152919879304562,9.68886837181551e-05,7.155528026197769e-05,6.09220522524593e-05
34,25,2.1080411686936313e-05,9.443307680027077e-05,8.964221816576209e-05,6.494921940701468e-05,5.507900729879758e-05
34,26,1.8736269159117478e-05,8.80363127610267e-05,8.314536940858154e-05,5.914386343375505e-05,4.9926304406043134e-05
34,27,1.6706657488507217e-05,8.224694904058005e-05,7.72984259647987e-05,5.4052147863190784e-05,4.536571449918461e-05
34,28,1.494219908489484e-05,7.698848822583262e-05,7.201797812832272e-05,4.951736314114961e-05,4.1315659580325246e-05
34,29,1.3402471069083777e-05,7.219673478172678e-05,6.72337565623144e-05,4.546544115756975e-05,3.770791786532761e-05
34,30,1.2054157249657697e-05,6.781738087777214e-05,6.288617623135821e-05,4.190866641876686e-05,3.448507043355346e-05
35,1,0.017698396284183158,0.03173423645040982,0.029483511169969397,0.02473467137173787,0.023277128627888072
35,2,0.005962678793510236,0.009041042997296316,0.00890406776522571,0.00820724963252906,0.007773579144950771
35,3,0.0030413176775554883,0.004884835959463611,0.004877885085561203,0.004362485696144468,0.004169280067028279
35,4,0.0018009309106812971,0.0030709079319498917,0.0030662104064511746,0.002721823070244977,0.002591095770729386
35,5,0.0011632663829436326,0.0021288893313943695,0.002105939966333365,0.0018471295107994757,0.0017527054064135224
35,6,0.0007972011249557967,0.001559489843763926,0.0015209907783625234,0.001330380066200978,0.0012569540879751708
35,7,0.0005707967047637289,0.001185742590495344,0.001138732761455168,0.0010018478838330134,0.0009386620869424958
35,8,0.0004228158588594687,0.000927257087565395,0.0008759874747171753,0.0007769197957402686,0.0007241001970080608
35,9,0.00032184289941484504,0.0007412436120914598,0.0006967475733962077,0.0006170191111420135,0.000573890191521039
35,10,0.00025051625901678827,0.0006031349700919224,0.000577098426159113,0.0004991758268547701,0.00046400590905982533
35,11,0.0001986688836702604,0.0004979737867161607,0.0004850240129411141,0.0004102791624478562,0.00038097599090312873
35,12,0.00016006182736073005,0.0004162151869748786,0.0004123255050872897,0.0003427090369978596,0.0003174521038847104
35,13,0.00013071571048990646,0.0003562980754141321,0.0003539137486879415,0.00029023314118457346,0.0002675231135525382
35,14,0.00010800824658982889,0.00031300598175861184,0.0003062941284754262,0.0002490594621370374,0.0002275620248564
35,15,9.016243221494524e-05,0.0002766615811130587,0.00026699304337308397,0.00021570345601640184,0.00019533633568434515
35,16,7.594443036332275e-05,0.000245867476738818,0.00023421401832315143,0.00018805682945368304,0.00016931928672967445
35,17,6.447900961927443e-05,0.00021956944089700816,0.0002066234557832939,0.00016513663037945355,0.00014800860698505844
35,18,5.513339037359901e-05,0.00019695596283460012,0.00018321259112287058,0.00014581418268539925,0.00013007933009935468
35,19,4.744220924319616e-05,0.0001773918346491139,0.00016320587417063657,0.00012935839491041415,0.00011487461465857726
35,20,4.1057911728098316e-05,0.0001603728377762879,0.00014599855298954033,0.00011524681326039901,0.0001018892221013901
35,21,3.5717271040501e-05,0.00014549395667970053,0.0001311131585714626,0.00010310646833893243,9.08098291988589e-05
35,22,3.121836623659991e-05,0.00013242653520521353,0.00011816854051759426,9.28522654384041e-05,8.124069578408826e-05
35,23,2.7404482567197123e-05,0.00012090151175134296,0.00010685743080428059,8.388989096606232e-05,7.292505240594689e-05
35,24,2.4152677638654372e-05,0.0001106968909540033,9.692992281573522e-05,7.601967252464171e-05,6.568929780542064e-05
35,25,2.1365545295383547e-05,0.00010162823403082109,8.862067802365561e-05,6.907880934441135e-05,5.933699443328581e-05
35,26,1.8965204760997988e-05,9.354134235904207e-05,8.15306942425708e-05,6.293346606675015e-05,5.373878636127798e-05
35,27,1.688886023253999e-05,8.630656201079932e-05,7.517350783744921e-05,5.747278535321381e-05,4.87877155215009e-05
35,28,1.5085483324187536e-05,7.98143043154603e-05,6.945409416690827e-05,5.2604302774874406e-05,4.4394719577079165e-05
35,29,1.3513308107600723e-05,7.397149067787515e-05,6.429241552243636e-05,4.8250399314045257e-05,4.048515774912003e-05
35,30,1.2137920906716928e-05,6.869870800432905e-05,5.962064893287214e-05,4.434553049629526e-05,3.699610342685208e-05
36,1,0.01789873429962687,0.024696276424489336,0.02426020211788165,0.023310160438475364,0.022470988849606542
36,2,0.006155931787289269,0.009344835447858616,0.00902695546391118,0.008444200782769692,0.008074163432735667
36,3,0.003175943634559023,0.005159404391556652,0.005082598680319236,0.004721313504668451,0.004412818803219587
36,4,0.0018972863088664693,0.0032942774529457638,0.0032602151395149837,0.0029994172121244737,0.0027880999213309265
36,5,0.0012350780898799918,0.0023364384693938863,0.0023111340564776735,0.0020567464204997573,0.001907635182051125
36,6,0.000852498080057708,0.0017426407692965704,0.001722116828861921,0.0014916490223427672,0.0013771800818315628
36,7,0.0006144315345780996,0.0013476689041145363,0.0013293787748751337,0.0011242112026338955,0.0010353367182047738
36,8,0.0004579026575229095,0.0010710500636451977,0.0010536319625467363,0.0008740677021238073,0.0008028305486318546
36,9,0.0003504839643209752,0.0008695213583066024,0.0008523546139795687,0.000696422444442882,0.0006383910358322911
36,10,0.0002741880624892072,0.000718041143318031,0.0007009194073860764,0.0005672827888167562,0.0005182484910298242
36,11,0.00021844084213202677,0.0006012582352960177,0.0005841867555688537,0.000471742425729294,0.00042796514446345025
36,12,0.00017672774788871388,0.000509318916495708,0.000492397577662009,0.0003970283925730677,0.00035806163604093966
36,13,0.0001448766773048539,0.0004356544880128516,0.00041901373375556795,0.00033834137465835613,0.00030320140441628953
36,14,0.00012012701177582895,0.0003757449337622388,0.00035951272797993055,0.00029104286307677653,0.0002591551733457268
36,15,0.0001006002954255852,0.0003263945432855641,0.00031068099055148895,0.00025222534535895375,0.00022361816136118946
36,16,8.498693367897584e-05,0.0002852902696416981,0.0002701819772947018,0.00022000293539758544,0.00019421115333305674
36,17,7.235425063094615e-05,0.0002507231702934235,0.00023628275711139234,0.00019317104046054836,0.000169634285767938
36,18,6.202532699843116e-05,0.00022140747663873728,0.00020767560444167574,0.00017055937159775667,0.0001491831594006023
36,19,5.350048590395449e-05,0.0001963600180980984,0.00018335847813277822,0.00015124719166795955,0.00013182282069718884
36,20,4.64052203886175e-05,0.00017481802184256002,0.00016255307950245943,0.0001347078944347051,0.00011711604014903913
36,21,4.045493482947488e-05,0.0001561819266108279,0.00014464751500793102,0.00012064820073465256,0.00010444452913104506
36,22,3.543062207728375e-05,0.00013997486583755864,0.00012924149019142637,0.00010844625217342545,9.345305831284907e-05
36,23,3.116179882533868e-05,0.00012581348188623457,0.0001164633295604599,9.775842831523428e-05,8.387224878773514e-05
36,24,2.7514347532962513e-05,0.00011338658223544542,0.00010564079673703306,8.835679279491581e-05,7.549794770221117e-05
36,25,2.4381730972561112e-05,0.0001024393123403615,9.621124528925241e-05,8.005588878775454e-05,6.823167128081387e-05
36,26,2.167856068745335e-05,9.276126797955428e-05,8.783903329874306e-05,7.290299129108252e-05,6.18140738444992e-05
36,27,1.9335831595914275e-05,8.417745995242543e-05,8.038116101257487e-05,6.653662978191697e-05,5.612724107003093e-05
36,28,1.729735134569116e-05,7.654137061813843e-05,7.371757046420589e-05,6.085301701171126e-05,5.1078069552130976e-05
36,29,1.5517036790522598e-05,6.972956294193652e-05,6.774684089483498e-05,5.5764663522906503e-05,4.6613952653549446e-05
36,30,1.3956846922141562e-05,6.363745468321435e-05,6.238281222636726e-05,5.1197376581247656e-05,4.262253573367102e-05
37,1,0.017629211512362002,0.025271881238986348,0.024708045357669607,0.022755382825375235,0.021989039662305004
37,2,0.005939042060845967,0.008619325020283128,0.008354883418384957,0.007901855269060365,0.007641482747997365
37,3,0.003032053921755704,0.004870769393378224,0.004725213666520169,0.0043878262153880555,0.004170818416173448
37,4,0.0017972689791415314,0.003148592880699732,0.00306776277068746,0.002794579894481027,0.00263730257763987
37,5,0.0011622415125738174,0.0021968930492755247,0.0021502439558725014,0.0019298038759077312,0.0018067762532704551
37,6,0.0007976764226141828,0.0016136521224448723,0.001586303073746171,0.0014094143000215188,0.0013042123847627107
37,7,0.0005721554072677896,0.0012296845717626045,0.001214302331395361,0.0010734901150825534,0.000979660300335217
37,8,0.00042468712162997913,0.0009633184074543489,0.0009559268885640175,0.0008415415310843649,0.0007599340975777149
37,9,0.0003239978387801651,0.0007710668100350968,0.0007692748862907805,0.0006746172264435388,0.0006035661114862699
37,10,0.0002528124537633646,0.0006324245049380971,0.0006301933114816799,0.0005517982619310084,0.0004893057532911002
37,11,0.00020101706543886754,0.0005290684702882578,0.0005239269810881591,0.00045883515866339107,0.00040388308726533977
37,12,0.0001624056973856336,0.0004482631106172808,0.00044108769898553026,0.00038622438808185496,0.0003384221845284075
37,13,0.00013301961517129325,0.0003839292903948985,0.00037872767685560263,0.0003284929668099397,0.000287008955221095
37,14,0.00011024961782707899,0.0003319027082452585,0.0003276697037930623,0.00028189374139380786,0.0002462184177894377
37,15,9.232711779488128e-05,0.00028925462325890685,0.00028600374200138607,0.00024400895739446724,0.0002131390081144097
37,16,7.802378559352126e-05,0.0002538775766790817,0.0002518047769115657,0.00021267309151064927,0.0001857779801532576
37,17,6.646806642522294e-05,0.0002242242606993579,0.00022320530478181836,0.00018642026969837964,0.0001629089741336037
37,18,5.7029688682090934e-05,0.0001991381574131811,0.00019905718942055098,0.00016424051091243244,0.00014361835330990193
37,19,4.924503765851386e-05,0.00017923955197591033,0.00017849023315021962,0.00014544679710342038,0.00012725959544204458
37,20,4.2767802932465496e-05,0.0001623156172563182,0.00016083569339544245,0.00012972037535097092,0.00011332337894041206
37,21,3.73356572550972e-05,0.00014769188117730588,0.00014557316257004312,0.00011615769189383376,0.00010129536297052817
37,22,3.274733663378702e-05,0.00013496638489502675,0.00013229301454687923,0.00010450851683585772,9.085506980599303e-05
37,23,2.8846606860603786e-05,0.00012382070454012027,0.0001206694294913698,9.437976250204477e-05,8.176034715530972e-05
37,24,2.551087373184209e-05,0.00011400023239212507,0.00011044073597807982,8.548658955511615e-05,7.380710163596507e-05
37,25,2.264297721333349e-05,0.00010529961485156259,0.00010139489650805998,7.764484054069746e-05,6.680455186875773e-05
37,26,2.0165202182860248e-05,9.755187415211066e-05,9.335866148476235e-05,7.070315483392551e-05,6.0636850480559506e-05
37,27,1.801485405233985e-05,9.062019603675262e-05,8.618937472182864e-05,6.456070081222617e-05,5.518264813981868e-05
37,28,1.614095356365206e-05,8.439166982825902e-05,7.976871897779375e-05,5.9127693498590183e-05,5.032735110194976e-05
37,29,1.4501741667316968e-05,7.877247389880478e-05,7.399789696055337e-05,5.4275698237942784e-05,4.5992245474764365e-05
37,30,1.3062777359332508e-05,7.368414190554674e-05,6.879388554266471e-05,4.9920182039432746e-05,4.211087422715295e-05
38,1,0.017885348959501966,0.027766141473073852,0.027097871973798655,0.024533219121606338,0.02326001784297581
38,2,0.0059794138492806305,0.009549747143648145,0.009019797645307439,0.00815065606769071,0.007750205669771493
38,3,0.0030572266912097445,0.005552302477099123,0.005068390618270004,0.004435183581690064,0.0041579123073337805
38,4,0.001814220364271266,0.0036705194871684767,0.0032593211302150748,0.002768232629504103,0.002578383020088811
38,5,0.0011735786682838384,0.0026035206870442563,0.002266718211021942,0.0018762804502259686,0.0017373699385345603
38,6,0.0008051467279375414,0.0019333919509613993,0.0016568903200499209,0.0013423148365596651,0.00123854728422281
38,7,0.0005769938854780477,0.0014831115881335385,0.0012569732587550358,0.0010033943895134945,0.0009233373550508071
38,8,0.00042773109275566544,0.0011656028463623346,0.0009993904185256637,0.0007753764950290877,0.0007111656917030748
38,9,0.0003258090142099678,0.0009334725951238155,0.0008120795401338097,0.0006175493591302368,0.0005624549798896796
38,10,0.00025377008329493617,0.0007589268169432955,0.0006712948378839681,0.0005029040051933609,0.0004548454998917397
38,11,0.00020138065108986296,0.000624702118032582,0.0005626346055878658,0.00041760966709631226,0.00037450270299604655
38,12,0.00016235553098154423,0.0005195753597848153,0.0004769332930971628,0.0003517024976884337,0.00031321570230494043
38,13,0.00013268279893722084,0.0004359741519553169,0.00040811946043127717,0.00029983530332547084,0.0002652604454674915
38,14,0.0001097169034145123,0.0003686294513585317,0.00035203244789490775,0.00025821019912863425,0.00022711300176277526
38,15,9.166396619555945e-05,0.0003137786085987247,0.0003057366946540702,0.0002243312949692411,0.0001962729724092474
38,16,7.727776056567157e-05,0.00026867466964843696,0.00026710802414146135,0.00019624147929465046,0.00017081832285788286
38,17,6.567386880977554e-05,0.0002378766017878139,0.00023457515057599617,0.00017281582482712852,0.0001495917207009149
38,18,5.6212647548007846e-05,0.00021387673418382728,0.0002069531392285208,0.0001529516263790014,0.00013182171142777683
38,19,4.842357431761253e-05,0.00019291070348122357,0.00018333314348920702,0.0001359715183096733,0.00011671859949607545
38,20,4.195519919793337e-05,0.00017448572945972938,0.0001630075931256266,0.00012135370674987319,0.00010378577665532112
38,21,3.6541344088263356e-05,0.000158210532237584,0.00014541830135659508,0.00010879825552296074,9.266304920224984e-05
38,22,3.197784639363617e-05,0.00014376984925967072,0.0001301197410444686,9.789698487320381e-05,8.303810338913315e-05
38,23,2.8106285560924355e-05,0.0001309064010249831,0.00011675257848297539,8.834131698630721e-05,7.464215710110369e-05
38,24,2.4802419256392296e-05,0.00011940786891856039,0.00010633811923696859,7.994541669389889e-05,6.728374342232584e-05
38,25,2.1967849357812965e-05,0.00010909731479945106,9.713373546109092e-05,7.255295746216877e-05,6.0827627066651824e-05
38,26,1.9523936967534758e-05,9.98260101070781e-05,8.886832484511926e-05,6.599379660877286e-05,5.515532895528821e-05
38,27,1.740730564366402e-05,9.146798299355743e-05,8.142761103155748e-05,6.015439502446402e-05,5.0169271697450014e-05
38,28,1.556648087168865e-05,8.391581174420835e-05,7.471404038669304e-05,5.493973248120813e-05,4.575287472948866e-05
38,29,1.3959352295235371e-05,7.707733698937271e-05,6.864384770863994e-05,5.026976361660093e-05,4.1806274560182904e-05
38,30,1.2551238455154601e-05,7.087306151037806e-05,6.314473177078059e-05,4.6076650527511834e-05,3.826980568518909e-05
39,1,0.017846494477978966,0.02978294704257939,0.028543090971621457,0.02390983938123973,0.022516957728274892
39,2,0.006045056542264242,0.008636366963861424,0.008629751570543404,0.007979474781510405,0.007670059210100469
39,3,0.003100463202499124,0.004815350979468477,0.0047311728612441095,0.004352178549656001,0.004161423924783157
39,4,0.0018404451449838715,0.0031621737638026807,0.003048162639258562,0.002736745293994914,0.002594363978623189
39,5,0.0011900545767662852,0.002246037340362451,0.0021269422966302427,0.001864585508688659,0.0017548546130039973
39,6,0.0008157910126987558,0.0016821989246136044,0.0015657012427754643,0.0013422948698698564,0.0012519330213345932
39,7,0.0005839418578097434,0.00130926061232474,0.0011980971980929042,0.0010050627912638575,0.0009304266704306093
39,8,0.00043224681674973746,0.0010491405512487565,0.0009441005870749748,0.0007761995589211622,0.000714243055134622
39,9,0.00032868540213946946,0.0008601224126751713,0.0007612216311312639,0.0006145673345048204,0.0005612394141800692
39,10,0.0002555240242833042,0.0007182086434204893,0.0006251694967188137,0.0004980521967143917,0.0004500545166486807
39,11,0.00020235816287345664,0.000608776575737093,0.0005212285476349341,0.00041032986552204745,0.0003685540907444562
39,12,0.00016279278641338567,0.0005224939476355238,0.00044005602753885637,0.000343102108824674,0.0003062151570754548
39,13,0.00013274344937508085,0.00045317330846807104,0.0003754856244398365,0.00029035355733770244,0.0002576542826099052
39,14,0.00010951574389776844,0.00039657862577008996,0.00032461005429855613,0.00024801786526340954,0.00021918827797288786
39,15,9.12823369513504e-05,0.000349729303096929,0.00028323921452682997,0.00021363789194953938,0.000188132353968515
39,16,7.67737733778974e-05,0.0003104777290740009,0.00024895859644618565,0.00018552291803631757,0.00016269824787161504
39,17,6.50893104010146e-05,0.00027724393019276015,0.00022024602458855613,0.000162093745708484,0.00014165104734294927
39,18,5.557770704447459e-05,0.000248843890442033,0.00019612198956117075,0.00014238867326105766,0.00012415359997411382
39,19,4.776012231951242e-05,0.00022437555710987344,0.00017563205326617993,0.00012568029542282753,0.00010935963748033175
39,20,4.127908867608275e-05,0.0002031413982618135,0.00015784744082190767,0.00011141013127359107,9.681249975518292e-05
39,21,3.586404197663386e-05,0.0001845947098936287,0.00014232324282820307,9.919449049784212e-05,8.603679077841495e-05
39,22,3.130760172285974e-05,0.00016830170368136463,0.00012870410463202735,8.874242280832695e-05,7.672751866002128e-05
39,23,2.7448973150627415e-05,0.00015391429249348953,0.00011691672974894267,7.985086957596546e-05,6.867380689831654e-05
39,24,2.4162154006437272e-05,0.00014115026015587334,0.00010658366820907254,7.206083666528807e-05,6.16470257810856e-05
39,25,2.1347436845855907e-05,0.0001297786124089853,9.744680883187385e-05,6.520652049314335e-05,5.551368224619687e-05
39,26,1.8925206249321766e-05,0.00011960861791077696,8.933316873216652e-05,5.9169960965828086e-05,5.012464744096752e-05
39,27,1.6831356616660056e-05,0.00011048151345477139,8.209995611603506e-05,5.387642869916094e-05,4.536067597412208e-05
39,28,1.5013869215710122e-05,0.00010226415711554628,7.562843305212677e-05,4.916644300349067e-05,4.11481575978923e-05
39,29,1.343022848674653e-05,9.484412229850021e-05,6.981918679257464e-05,4.498206589862541e-05,3.7475145662391236e-05
39,30,1.2045452767882735e-05,8.812586925347423e-05,6.458845286764253e-05,4.122716405865645e-05,3.420580792251185e-05
40,1,0.017996747163529007,0.023836731486665968,0.02383020210839633,0.023508140802167184,0.022773384880296045
40,2,0.006044411763021958,0.008646178470682222,0.008510720575224742,0.008121250088911111,0.007768840282467283
40,3,0.0030963030034687057,0.004715622472629549,0.004651380609435452,0.004407365435429396,0.004184886998844681
40,4,0.001838595169259493,0.0029738944540601627,0.0029520211578797128,0.0027414408055823824,0.002598387257713954
40,5,0.001190000510915857,0.00207883384537418,0.002050327683786401,0.0018625929190785155,0.0017510987151114685
40,6,0.0008168427103141481,0.0015543025705693756,0.0014998618974070952,0.0013397921921217712,0.0012477598596915556
40,7,0.0005856399826993902,0.0012067514180638264,0.0011394479989141405,0.0010058384660469807,0.0009270070648438785
40,8,0.0004342967057853653,0.0009636239772199696,0.0009110139383809844,0.0007793705855623762,0.0007146064221835149
40,9,0.0003308988011212687,0.0007862910011816364,0.0007445953479447915,0.00061994689637953,0.0005649547616817884
40,10,0.000257781629899634,0.0006526170114070804,0.000618805743612459,0.0005042235548965537,0.0004563034983488994
40,11,0.00020458565122130748,0.0005491508017844973,0.0005211628695073428,0.00041878262253458674,0.0003764602320740108
40,12,0.000164945257010375,0.00046731578229862675,0.0004437162686814701,0.0003523991434858069,0.000314953339622247
40,13,0.00013479525354278169,0.0004014198499259077,0.0003811900966245623,0.00029976472325112457,0.00026646290961450435
40,14,0.00011145379214130072,0.00034755517307363397,0.0003299597917901618,0.0002576099549161331,0.00022765193305781362
40,15,9.310167168984849e-05,0.0003029601779540776,0.0002874603055425924,0.00022383338202524878,0.00019631997262022573
40,16,7.847462647511e-05,0.000265634091902317,0.0002518294264060493,0.00019577309039938662,0.00017044361237358998
40,17,6.667514100849426e-05,0.0002340956397721208,0.00022168492227182422,0.0001722166635199145,0.00014900047569110458
40,18,5.705389164480061e-05,0.00020722720320892277,0.0001959808196867073,0.00015226033996787558,0.0001309389380246504
40,19,4.9133081984105464e-05,0.00018417136906107002,0.0001739120849479975,0.00013530892475180933,0.00011559020443338485
40,20,4.255571144102565e-05,0.0001642605588253036,0.000154849808214535,0.00012077278096620173,0.00010260853806632456
40,21,3.705130552220045e-05,0.00014696810735800338,0.00013829613334647226,0.00010817149973412553,9.144835666744884e-05
40,22,3.2412332479055484e-05,0.00013187358329542814,0.0001238522826368901,9.718858472027154e-05,8.182898545358286e-05
40,23,2.8477698397795744e-05,0.00011863777015667511,0.00011130181413246238,8.757004628329935e-05,7.345274839445871e-05
40,24,2.512101720219822e-05,0.00010698432872272004,0.0001012891786990393,7.916297428008055e-05,6.611810967707438e-05
40,25,2.2242155640733288e-05,9.668616199168325e-05,9.235863668404987e-05,7.191323629864122e-05,5.969432878883417e-05
40,26,1.9761058957758278e-05,8.755514330685443e-05,8.43656915074317e-05,6.551735902886697e-05,5.4047111959096805e-05
40,27,1.761318725789859e-05,7.94342850594667e-05,7.718971836265939e-05,5.985754977037405e-05,4.905029258819648e-05
40,28,1.574610426268533e-05,7.219170223988609e-05,7.072922340608442e-05,5.47892242021968e-05,4.4642338333595234e-05
40,29,1.4116900578016076e-05,6.571591221861338e-05,6.489819137958308e-05,5.0238409398417994e-05,4.0726159914696735e-05
40,30,1.2690228126704534e-05,5.9912140605477726e-05,5.962324212956665e-05,4.614219597191535e-05,3.723462752096376e-05
41,1,0.01778369997313669,0.026706004796302214,0.02665083907926591,0.024031140282843193,0.022812026485030543
41,2,0.0060133989332749205,0.008447540910687218,0.008305758730424297,0.00768323950716829,0.007470095402439206
41,3,0.0030760535964281283,0.004783802052063885,0.00454844326529328,0.004126903294821221,0.003975615478057915
41,4,0.0018272014643594256,0.003127197367086714,0.002966041544262182,0.002583395400967695,0.0024757339408314157
41,5,0.001184215361291171,0.0021779613988313225,0.002074594750710553,0.0017657562552620856,0.001681209957721769
41,6,0.0008144666024181421,0.0015828029517030552,0.0015176704744181467,0.0012773980689904352,0.0012090665158321742
41,7,0.0005852879153648781,0.0011864436676988948,0.0011470111065876348,0.0009641851227428899,0.0009054270327437782
41,8,0.0004350970154489522,0.0009106907641143112,0.0008887691023862579,0.0007507132395355724,0.0007014845127591569
41,9,0.0003323052774102203,0.0007123466011685617,0.0007024758469894635,0.0006002230757759336,0.0005580609375634585
41,10,0.00025945593041553044,0.0005658745417559282,0.0005643395121744533,0.0004889922658291514,0.00045256026604686815
41,11,0.00020632265728046516,0.00046382152376442127,0.00045959668479698685,0.00040451863027783625,0.00037273075418787013
41,12,0.00016662519895929928,0.00038685504758632553,0.00037868534032613774,0.0003398339774571836,0.0003114383204944138
41,13,0.00013635272482366773,0.0003260114823395711,0.0003204741207700915,0.00028953163806147615,0.000263567375526353
41,14,0.00011285760298835726,0.00027722513380428577,0.0002760557408349045,0.0002489336087793709,0.0002251143729900117
41,15,9.434174011311021e-05,0.00024165047922658346,0.00023963521023585052,0.0002157137827779628,0.0001939822704062267
41,16,7.955347357060689e-05,0.0002137273748601881,0.00020942219407522785,0.00018874170093973632,0.00016840811924878396
41,17,6.760241105884923e-05,0.00019001770699723819,0.00018410142127162267,0.0001661638666784595,0.00014708074418286974
41,18,5.7842861725766704e-05,0.0001697000448864785,0.00016442430892194622,0.00014708821892098152,0.00012933848637489828
41,19,4.979847833458543e-05,0.0001521493428208717,0.00014838847075210112,0.00013083897119819756,0.00011429945023678394
41,20,4.311238077133587e-05,0.00013688223354414445,0.00013457149215261878,0.00011709649908021077,0.00010147208457684227
41,21,3.751344182722573e-05,0.00012351946771107196,0.0001224590345235311,0.00010523061356881774,9.057352027977426e-05
41,22,3.279306099447779e-05,0.00011179657715207656,0.00011177808409463272,9.495261835272058e-05,8.125357430903197e-05
41,23,2.878888557893784e-05,0.00010326011842385203,0.00010231013523911783,8.5986696936539e-05,7.31380279869859e-05
41,24,2.5373220410355568e-05,9.563255500316662e-05,9.387830724627474e-05,7.80926841636414e-05,6.608068769507046e-05
41,25,2.244465608470434e-05,8.878630778262301e-05,8.63379172351004e-05,7.111266238260357e-05,5.992469963674703e-05
41,26,1.9921941320997635e-05,8.261641431410219e-05,7.956948567123382e-05,6.491676499110577e-05,5.448975165998519e-05
41,27,1.7739442647307325e-05,7.703570245859163e-05,7.34734797970165e-05,5.941107789817748e-05,4.967103511726427e-05
41,28,1.5843741850308828e-05,7.197114830154401e-05,6.796631584144418e-05,5.456033152658031e-05,4.538447276769497e-05
41,29,1.4191059050235478e-05,6.736109577026472e-05,6.297728462779643e-05,5.0221347863267074e-05,4.1559556949184606e-05
41,30,1.274528179908977e-05,6.31531106714288e-05,5.8495411580781556e-05,4.6360965371217234e-05,3.815985353682778e-05
42,1,0.017874379468288876,0.02549926272520337,0.025297735668583548,0.02403663567614501,0.023144505126907
42,2,0.006116361363805143,0.008836957844974649,0.008700095800011447,0.008211097185363024,0.00783565496761909
42,3,0.0031506520639318723,0.0051401804260892345,0.004866985002974987,0.004414568503817543,0.004223151904508357
42,4,0.0018804511897756201,0.0033765700374075703,0.0031320995782921843,0.0027737137603854353,0.0026431303967563904
42,5,0.001223020951888409,0.0023806607115172615,0.0021777565610388914,0.0019095560412891704,0.0018088756303286859
42,6,0.000843354809297923,0.001758428854176885,0.0015907605894907718,0.0013882673149554889,0.0013087547736100563
42,7,0.0006072297145619052,0.0013425092641866667,0.001204214056067577,0.001050957304612794,0.0009870863278481014
42,8,0.00045209412976805546,0.0010508160716556194,0.0009457087711404618,0.0008205809819190089,0.0007675684516062246
42,9,0.0003457332219912006,0.0008387560879144601,0.0007570149146146285,0.0006568003808622878,0.0006106071724043729
42,10,0.000270273673158693,0.0006802002063777009,0.0006153887647000879,0.000536177512081828,0.0004950335360324708
42,11,0.0002152063569329428,0.0005589316664257341,0.0005094740251818128,0.00044489067325204914,0.00040733114179480965
42,12,0.00017405616449558123,0.0004644237502431093,0.0004267894351320405,0.00037399597400209096,0.000339580114439882
42,13,0.0001426765498511358,0.0003895933093294389,0.0003611185893271367,0.00031759135025825793,0.0002864626245127587
42,14,0.00011832454226281983,0.0003295315562190072,0.0003104526662437936,0.00027238208902187315,0.00024460063171595205
42,15,9.913459237240986e-05,0.0002807511863115107,0.0002690874925454586,0.00023590434843892582,0.00021069242741414
42,16,8.380700476292454e-05,0.00024072154904217525,0.00023478885274347275,0.000205684505604732,0.00018284911052233562
42,17,7.141697981562811e-05,0.000207571930036538,0.0002060578943305372,0.00018057668592644675,0.00015969088001308062
42,18,6.129403452187643e-05,0.00018365086464580782,0.00018177379114213193,0.0001593507711886993,0.00014040405659127911
42,19,5.2943850176544234e-05,0.00016554528279082964,0.00016194140323236072,0.00014138063770443684,0.0001242709808838505
42,20,4.599643667221507e-05,0.00014974128792747266,0.00014645110630627796,0.00012632945675446986,0.0001105902135489152
42,21,4.0171037429144594e-05,0.0001358594538584458,0.00013288292171121895,0.00011349583220071876,9.88684341748645e-05
42,22,3.5251925447603165e-05,0.0001235991557921606,0.00012093586979233551,0.00010232305384127014,8.874401744870053e-05
42,23,3.107142921190087e-05,0.00011271904152010565,0.00011036705671629512,9.254625701411944e-05,7.992626211770908e-05
42,24,2.7497846184513065e-05,0.00010302299321320075,0.00010097831006406543,8.395136158019335e-05,7.22088552092581e-05
42,25,2.44267155908092e-05,9.434988665936594e-05,9.260634942862819e-05,7.636370393609088e-05,6.542440972399468e-05
42,26,2.1774435271289276e-05,8.656601651594074e-05,8.51154498196867e-05,6.965149378538849e-05,5.943594010789458e-05
42,27,1.9473537090290108e-05,7.955941951623402e-05,7.839189052511283e-05,6.38390734469336e-05,5.4154721218650675e-05
42,28,1.7469151029971154e-05,7.323556664098407e-05,7.233970147288011e-05,5.8639175167980834e-05,4.947910183564662e-05
42,29,1.5716331424685042e-05,6.751405501301239e-05,6.68773653475194e-05,5.397350755799794e-05,4.530578458086809e-05
42,30,1.417801547757649e-05,6.232603854027583e-05,6.193523270470972e-05,4.9775760174857215e-05,4.15699782621733e-05
43,1,0.01779953779218242,0.024838942805687714,0.024753518706201096,0.023729366579564547,0.023022068348032172
43,2,0.006017399722624749,0.009419960171013013,0.009166390161265718,0.008517054785629946,0.008064586459428081
43,3,0.0030840290826346147,0.005328475311401473,0.005188395540324756,0.004693739834235099,0.004393283591240688
43,4,0.0018334183362338251,0.0033951836202874546,0.0033215868037069036,0.0029667490637609534,0.0027652118786841663
43,5,0.001189281615578931,0.002321414694877208,0.002288335728977451,0.002028188262720279,0.0018839744114118636
43,6,0.0008188630979923317,0.0016647783089219614,0.0016566051674159392,0.001464649747233271,0.0013558259029260531
43,7,0.0005892928215178188,0.0012504534678422726,0.0012432307699584198,0.0011016263694742317,0.0010156373831876479
43,8,0.00043886603592265867,0.0009756607337938652,0.000958933438750947,0.0008557766468960375,0.000785315266988318
43,9,0.00033591650723328246,0.0007783089688867474,0.0007557979171618598,0.0006819724787327883,0.0006227565795389856
43,10,0.00026294079266016247,0.0006320937132334539,0.0006105475520536967,0.0005562164794196134,0.0005037579271033035
43,11,0.00020968717495629732,0.0005209930424473204,0.0005090321640897658,0.00046047923992010507,0.0004144450510177483
43,12,0.00016986327269925204,0.0004347875338072564,0.00042943092239056916,0.0003862672897465081,0.0003458811051871712
43,13,0.00013945391529807585,0.0003667076872597601,0.00036585717098701874,0.0003286948853962218,0.00029249532738538913
43,14,0.00011581138107464839,0.0003186460591428775,0.00031799565356814877,0.0002822679486011792,0.00024966851891575334
43,15,9.713958241597345e-05,0.00028438716154995867,0.00028369727218833943,0.00024431920558283304,0.00021505932800839099
43,16,8.218969498565577e-05,0.00025489358950390393,0.00025456394683616044,0.00021293507966630874,0.00018668380383946265
43,17,7.007429232366153e-05,0.00022982169266115462,0.00022955460549136482,0.00018724345557649512,0.00016303168771134724
43,18,6.015041142156929e-05,0.0002088779083060037,0.00020788972572198896,0.00016587680421977034,0.00014319795402400416
43,19,5.194403036680921e-05,0.00019073176799745375,0.0001889740858773816,0.00014791950709709534,0.00012643097828990635
43,20,4.5100142281415164e-05,0.00017487040919174086,0.00017234526875564813,0.00013253568164235506,0.00011217328844495081
43,21,3.934905389790724e-05,0.000160896559181156,0.00015763850006204845,0.0001192966661601331,0.00010000331136785783
43,22,3.448320299477599e-05,0.00014849860605794322,0.0001445621070498233,0.00010773901296743688,8.945200779254777e-05
43,23,3.034093558485503e-05,0.00013742928695226607,0.0001328800415596718,9.757960278932268e-05,8.025793678865159e-05
43,24,2.6794973781185876e-05,0.00012749028333824348,0.00012239920298709456,8.860912872872773e-05,7.230351894181056e-05
43,25,2.3744098798193945e-05,0.00011852093291383434,0.00011296008751936792,8.065622489411427e-05,6.537846619795662e-05
43,26,2.1107072095704494e-05,0.00011038985372067559,0.00010442978497493844,7.357938157190777e-05,5.9271021932518236e-05
43,27,1.881813698468999e-05,0.00010298865706032261,9.669666080250135e-05,6.726082826124526e-05,5.384629800886414e-05
43,28,1.682365116456197e-05,9.622717768265196e-05,8.966626674550308e-05,6.160185038017507e-05,4.9013303990500964e-05
43,29,1.5079538569474956e-05,9.002981906051504e-05,8.325816027487086e-05,5.651916415014563e-05,4.4705142150775044e-05
43,30,1.3549341650228482e-05,8.433272710056703e-05,7.740340507248372e-05,5.194208201884476e-05,4.086717806624949e-05
44,1,0.017981015288302992,0.02576755330945948,0.02576338683015522,0.024745989624982704,0.02375797144937098
44,2,0.005913609453531706,0.008536883018945786,0.00852084092387648,0.00800541250439658,0.007605717323480934
44,3,0.0030113518056529925,0.004919514310313184,0.004820652662815077,0.0043229476820100445,0.004061018152222042
44,4,0.0017836481105414526,0.003189065405417321,0.003121807414256293,0.002712904913501152,0.0025291683597114226
44,5,0.0011533342624695886,0.00221997116906461,0.0021729344872676282,0.0018581249025117184,0.0017220347958930877
44,6,0.0007917194320857788,0.0016231599190223228,0.001588442939835259,0.0013422354391799754,0.001242525224426912
44,7,0.0005681041344201185,0.0012300492246829105,0.0012031544655833441,0.0010134616991754743,0.0009353713366165129
44,8,0.00042191112093467863,0.0009577673096296716,0.0009361563383614004,0.0007901892263536976,0.000725738799825556
44,9,0.0003220987030415902,0.0007617069809779694,0.000743900780658261,0.000630677573820229,0.0005765531399169371
44,10,0.00025152782289334963,0.0006161221790213203,0.000601214473338104,0.0005139766468014914,0.0004670313986766407
44,11,0.00020016845732229047,0.0005053001311326689,0.0004930776529993713,0.000425699574236313,0.00038492042279633995
44,12,0.00016186862612321197,0.000419202435246106,0.000417408157823621,0.0003573022068771363,0.00032203238527720763
44,13,0.00013270562883360977,0.0003616783235416902,0.00035642243065735153,0.0003031157444766114,0.00027264049078279254
44,14,0.0001100950261041362,0.0003165121415783924,0.00030656898842327184,0.00025945540782904903,0.00023313312162010725
44,15,9.228564387475945e-05,0.0002783035109844253,0.0002653334168197022,0.00022379979173513617,0.00020100002112034262
44,16,7.80616170291528e-05,0.00024571579192253674,0.00023088726726632549,0.00019434191889138307,0.00017472175546458574
44,17,6.656043004124452e-05,0.00021773544015214145,0.00020520038922548282,0.00017007864902923194,0.0001529603983138165
44,18,5.7158428243159444e-05,0.0001935759664118671,0.00018314749498540633,0.0001498423871596809,0.00013464661078136335
44,19,4.9396871901062606e-05,0.00017261526978101118,0.0001640682285799704,0.00013301132283967548,0.00011909763067186438
44,20,4.2933057237517864e-05,0.00015435345605375935,0.00014746021564789334,0.00011858028350270319,0.0001057987459434148
44,21,3.750733188714582e-05,0.00013838359725716094,0.0001329250411923894,0.00010612721145881572,9.434984951479678e-05
44,22,3.292041792105966e-05,0.0001243708974959239,0.00012014275053236773,9.531867523321794e-05,8.445914407623717e-05
44,23,2.9017555768600534e-05,0.00011203746965454595,0.00010885353175770458,8.588834710323053e-05,7.586122226321089e-05
44,24,2.5677245032735223e-05,0.000101150957167706,9.88443192791053e-05,7.762136654993291e-05,6.839417873469242e-05
44,25,2.2803135345639127e-05,9.151585830709955e-05,8.993883560615524e-05,7.034281379661149e-05,6.18436534246691e-05
44,26,2.0318108975081886e-05,8.296679577706983e-05,8.199007891371922e-05,6.390909942093382e-05,5.605792388640148e-05
44,27,1.8159909999353117e-05,7.536321771929724e-05,7.487457955412236e-05,5.8201453386322064e-05,5.0938881833970136e-05
44,28,1.6277879084483637e-05,6.85851731237127e-05,6.848795565780239e-05,5.312094605631805e-05,4.645614709037061e-05
44,29,1.4630488254627024e-05,6.295296438299904e-05,6.274143619108252e-05,4.858464112436029e-05,4.2475053188470395e-05
44,30,1.318346110458367e-05,5.800912927021403e-05,5.755911374871696e-05,4.463708167952854e-05,3.891777236496588e-05
45,1,0.01788180846320297,0.027035417046562586,0.02696061885640926,0.02412989246599732,0.02312268017711219
45,2,0.0059583842580741946,0.00896305135074226,0.008790019727864697,0.008203602359243299,0.0078071558131355325
45,3,0.0030274564389502386,0.005054076710870947,0.0049454030767105295,0.004397934239999434,0.004145415645984593
45,4,0.0017889541280907072,0.0032319887088860543,0.00319522259005806,0.002722666522018613,0.002555433134060326
45,5,0.0011536536882135317,0.0022277878792071985,0.0022217427160892526,0.001827139842951156,0.0017157979562133032
45,6,0.0007894003695250132,0.0016292889160852515,0.0016216805831461855,0.0013075250324826465,0.001224663024555148
45,7,0.0005643289656228934,0.0012384596039560034,0.001225113884741095,0.0009793180204148977,0.0009137893767139809
45,8,0.0004173426933379239,0.0009646778505852091,0.0009495208661733528,0.0007611637023310572,0.0007058076978489616
45,9,0.000317132475588657,0.0007655895469433103,0.0007506093329557586,0.0006079750598354034,0.0005580813523578374
45,10,0.0002464086612712482,0.0006165802175625447,0.0006027555761881449,0.0004943208802913431,0.00044993750057221207
45,11,0.0001950520247935239,0.0005024814300829674,0.0004902449289306731,0.00040842512639926147,0.00036859621150979547
45,12,0.00015685533708601238,0.0004134942116756104,0.0004029788859118011,0.0003421451122071474,0.00030630304803349034
45,13,0.00012786029656711043,0.0003430386325405519,0.0003342152730959247,0.0002894542894437233,0.0002582004505207912
45,14,0.00010545869646151542,0.0002865518989323126,0.00027930740211446284,0.00024695114971161217,0.00021975759789793215
45,15,8.788302681028825e-05,0.00024078326549085573,0.00023496579605055779,0.00021223843257954918,0.00018869635897415687
45,16,7.390594875638268e-05,0.00020336301076894295,0.00020257735017406586,0.00018369855728722853,0.00016315821834964186
45,17,6.265677929599964e-05,0.0001802613076154172,0.00017639537018649315,0.00015999930804591467,0.00014194618225998933
45,18,5.350602199353854e-05,0.0001619532128045112,0.00015635174855396073,0.00014033112735706307,0.0001241728960052331
45,19,4.5990777199726666e-05,0.00014624339813429463,0.00014009894102511966,0.00012364182050494314,0.00010921923697683159
45,20,3.976542302868175e-05,0.00013265465384996138,0.00012636737381798563,0.00010939014875396098,9.66307980841861e-05
45,21,3.456831890818642e-05,0.00012081666210724715,0.0001144316357851616,9.735543829011798e-05,8.588108607097816e-05
45,22,3.019890059682798e-05,0.0001104381854405664,0.00010399109311430636,8.697663090763968e-05,7.663762933523195e-05
45,23,2.650165332164895e-05,0.00010128735835608636,9.480650077005792e-05,7.796460390059926e-05,6.862648614228984e-05
45,24,2.3354722362754574e-05,9.31775038284477e-05,8.668541590111788e-05,7.010538265645785e-05,6.165932673086551e-05
45,25,2.0661703390955823e-05,8.595677781416017e-05,7.947150578185982e-05,6.32240923944565e-05,5.55756101389537e-05
45,26,1.8345646921459085e-05,7.950050591897764e-05,7.30366084618476e-05,5.737415471446074e-05,5.023306407302894e-05
45,27,1.634462651844399e-05,7.37054399855717e-05,6.727476634642206e-05,5.237499805222129e-05,4.552389546690875e-05
45,28,1.4608425996162688e-05,6.848540196071691e-05,6.209769215198696e-05,4.79945035829487e-05,4.135866021971815e-05
45,29,1.309603715629585e-05,6.376794267038155e-05,5.743128730108028e-05,4.4082873364792686e-05,3.7662677612256e-05
45,30,1.177375131543144e-05,5.949175185032318e-05,5.321294227542756e-05,4.0579653107433477e-05,3.437323458910904e-05
46,1,0.018123248235120806,0.02581393460981434,0.024809111833989483,0.023447881534659328,0.022768412876830253
46,2,0.006186474783193207,0.009225600450832693,0.009159780758358516,0.008554883173129423,0.008104352924568991
46,3,0.0031842979123881277,0.00510502919951369,0.005075397203478915,0.004667490066452338,0.004391050694464547
46,4,0.0019028272539915964,0.003237436528024187,0.0032317166216463368,0.0029610826358680673,0.0027645135637457303
46,5,0.00124010736310662,0.0023097232561137466,0.002266976906039266,0.0020371479561370784,0.0018948028972244947
46,6,0.0008570630612541523,0.0017871575962008926,0.0016951265664627798,0.0014861743152287713,0.0013696663726206163
46,7,0.0006184197350682515,0.0014263353051849293,0.0013118241317701174,0.0011298769257457632,0.0010320372146535154
46,8,0.0004612708302476073,0.0011647918074693254,0.0010453132058956538,0.000884492272433034,0.0008030854953205918
46,9,0.0003532516526218024,0.0009682421444192094,0.0008541126436959296,0.0007078393917557022,0.0006398927428268707
46,10,0.0002764099851866553,0.0008163446480166631,0.0007106884944179401,0.0005770983315872075,0.0005198311439535885
46,11,0.00022018604854395923,0.0006962973188583023,0.0005987487327313611,0.00047894712672359106,0.00042965680026832805
46,12,0.00017806729654615313,0.0005996637746995548,0.0005096797844840665,0.000403566964897889,0.00035992257013291125
46,13,0.00014587724953500823,0.0005206751444206844,0.0004376613893204636,0.0003434926459891847,0.00030501955900399025
46,14,0.00012084809913573,0.00045526455405538776,0.000380330692005406,0.00029488415516823474,0.00026113082250431974
46,15,0.0001010933712896426,0.00040049043140602476,0.0003346721967820441,0.0002550426917842173,0.00022529090245482038
46,16,8.529565365587036e-05,0.0003541778033692137,0.0002961852860543773,0.0002222056378765329,0.0001956785457071983
46,17,7.251513600114201e-05,0.0003146874794685034,0.0002634345270622015,0.00019518950905492155,0.0001710705543280548
46,18,6.206863096836701e-05,0.00028076316361310755,0.0002353344832813499,0.00017241660668597375,0.00015040293190634623
46,19,5.3451084206525454e-05,0.00025142760954491745,0.00021105051389994387,0.00015313320314011152,0.00013298669829183454
46,20,4.628344780800147e-05,0.00022591051363929194,0.00018993110916579607,0.00013656501865982128,0.00011816646537219577
46,21,4.027733355826802e-05,0.00020359745294931846,0.00017146078102965394,0.00012241302891027585,0.00010556365592919578
46,22,3.5210591738683196e-05,0.000183993083759406,0.0001552266520737152,0.00011017086878804277,9.463543527164068e-05
46,23,3.0910150360485056e-05,0.000166694192511147,0.0001408943567251364,9.947198475084684e-05,8.511134622288443e-05
46,24,2.7239769039349832e-05,0.000151369674028111,0.00012819038843510253,9.006576588963715e-05,7.677317904442498e-05
46,25,2.409117588823789e-05,0.00013774545878076033,0.00011688898301152551,8.176270685828789e-05,6.944301631721191e-05
46,26,2.1377569107041138e-05,0.0001255930279088351,0.00010680224299946284,7.442546445621986e-05,6.300724224176326e-05
46,27,1.902879492252828e-05,0.00011472056430394217,9.777261057010356e-05,6.800908472056865e-05,5.731878954402624e-05
46,28,1.698772945984293e-05,0.00010496606462302789,8.966706459228742e-05,6.228581389430557e-05,5.229834604471031e-05
46,29,1.5207535747148439e-05,9.619192679668383e-05,8.237259910426551e-05,5.716542578445649e-05,4.7848535956966985e-05
46,30,1.3649564026692807e-05,8.828065959951983e-05,7.579266508921136e-05,5.2722693653067115e-05,4.386584860764456e-05
47,1,0.01766838379378245,0.025742345816748773,0.0255103476405631,0.024050928575916966,0.022828489387833564
47,2,0.006003375768901129,0.008519618599968352,0.008356490244304533,0.008010796651051708,0.007742244255368067
47,3,0.0030899319536083995,0.004959072019696434,0.004748074230805477,0.004402628543908117,0.004216291029504159
47,4,0.0018458991660413387,0.0032789907892930535,0.0030838234406163185,0.002799337590474748,0.002650442633481398
47,5,0.0012029065750717319,0.0023251433868057753,0.002173418562072446,0.0019372563330906489,0.0018153172180191475
47,6,0.0008318399479675542,0.0017248152224801064,0.001616779011194027,0.0014166073190860977,0.0013166405650356762
47,7,0.0006010406011317404,0.0013208658066377141,0.0012431234386910835,0.0010747462969806928,0.0009963454790917817
47,8,0.0004492746213706898,0.0010359825522371661,0.000979720639993213,0.0008433879930471244,0.0007784216715672407
47,9,0.0003450634202789831,0.0008279451258691919,0.0007871314506987526,0.0006772223701416501,0.0006223785444673478
47,10,0.0002709694620860789,0.0006718687968778704,0.0006422774641082675,0.0005540230389606009,0.0005067072831995196
47,11,0.00021675306978949073,0.0005522148967501834,0.0005308387468889525,0.000459690604028019,0.0004185581312199357
47,12,0.0001761113770396115,0.000458835088969504,0.00044350836750446724,0.00038624138444368615,0.0003499363900731192
47,13,0.0001450107787430839,0.0003848594510924326,0.00037400675186532203,0.00032817928662513005,0.0002958298324437753
47,14,0.00012078380214580747,0.0003254989322617233,0.00031826600169274495,0.00028120538370985325,0.00025230666248571206
47,15,0.00010161610066008287,0.00027733228024342697,0.00027577103897890286,0.00024271846037053174,0.00021694066337251376
47,16,8.624306762518878e-05,0.00024295417479973237,0.000240409080874905,0.0002108998392441103,0.00018801842940225564
47,17,7.376411426022233e-05,0.0002161484682204049,0.00021069465580360344,0.00018437118228845656,0.00016406827840296582
47,18,6.352552061050559e-05,0.00019296304439800092,0.00018551397695262296,0.0001619980087515411,0.00014392176193348926
47,19,5.5044574359357354e-05,0.0001727680575013951,0.00016608111441721767,0.00014306441582876076,0.00012686857509948193
47,20,4.795929041905655e-05,0.00015507533166568747,0.00014926003711159745,0.00012708962330645546,0.00011234419683182869
47,21,4.199438597893591e-05,0.0001394993278362539,0.00013451734825794154,0.00011332589806300687,9.995912155834952e-05
47,22,3.693782111730964e-05,0.00012573041262801303,0.00012153568018254365,0.00010140257253444904,8.943235927066803e-05
47,23,3.2624347523492884e-05,0.00011351620244965692,0.00011005758570363001,9.102259440421495e-05,8.028893368325518e-05
47,24,2.8923791841747666e-05,0.00010264829986510082,9.987183374502278e-05,8.19456306056871e-05,7.235235856362205e-05
47,25,2.5732591630770952e-05,9.29526902831251e-05,9.080336302184595e-05,7.397554812059229e-05,6.544407676869419e-05
47,26,2.2967600312763406e-05,8.428266354872147e-05,8.27057985184075e-05,6.700588827285929e-05,5.9371942521156274e-05
47,27,2.0561497428963703e-05,7.65135051050808e-05,7.545579211627238e-05,6.090097834313379e-05,5.4038412429854916e-05
47,28,1.8459349567559744e-05,6.953844715208227e-05,6.894868156472805e-05,5.5477962199300296e-05,4.930138365513521e-05
47,29,1.6616006151415845e-05,6.326553127745173e-05,6.309511631850308e-05,5.066838554924052e-05,4.5089766113204093e-05
47,30,1.4994107845451308e-05,5.802166415079617e-05,5.781840253557163e-05,4.646027704482635e-05,4.1321063026407294e-05
48,1,0.017579438010734968,0.025623325839838337,0.02557360967955439,0.023376270053567013,0.02220376715659983
48,2,0.005943662873550553,0.008976789835941865,0.008845012858390063,0.00808398573475622,0.007708151285567647
48,3,0.0030384151135647215,0.005020547114506936,0.0049592512640759595,0.004413678590981275,0.004173179163724181
48,4,0.0018006169516307218,0.003187020157567829,0.0031656478119529846,0.0028020514855270177,0.0026195279768469644
48,5,0.001164327094683365,0.0021802831893983983,0.0021793526303050727,0.001934641551983975,0.0017842024152951133
48,6,0.000799177892894515,0.0015883358251817148,0.0015784406707058636,0.0014136496344687153,0.0012842469358773866
48,7,0.0005732866395187424,0.0012019465465085502,0.00118615050411781,0.0010721560013947956,0.0009637382595288058
48,8,0.00042553149837331954,0.0009357716915522352,0.0009329322673881481,0.0008361614154649437,0.0007462757510458112
48,9,0.00032459863291323473,0.0007656215844253885,0.0007553781053308803,0.0006666812370715063,0.0005918014038916308
48,10,0.00025320008249420795,0.0006395684595146377,0.0006235164670621535,0.0005431980129165571,0.0004789218628250453
48,11,0.00020121806766058438,0.0005406742644270559,0.0005227770125003454,0.0004490182341192332,0.000394395543757291
48,12,0.00016244527924122565,0.00046163808980100924,0.0004431115522794334,0.00037614210690770696,0.0003291972754066703
48,13,0.00013292199793143409,0.0003975154355561184,0.00037908141723253674,0.00031908540011404377,0.00027810472468442146
48,14,0.00011003772273494908,0.0003448371100084202,0.0003269156467428678,0.00027339107483695244,0.00023748844531896424
48,15,9.202216580517626e-05,0.0003010975569879026,0.00028392338410525026,0.00023607465422151525,0.0002044199768428599
48,16,7.76450014228656e-05,0.0002644434803512349,0.0002481374088121562,0.0002053032328033711,0.00017718507652621538
48,17,6.603252616737879e-05,0.00023347654135951907,0.0002180895987172607,0.00018011116498405932,0.000154528325155703
48,18,5.655229493549741e-05,0.00020712389325189829,0.00019266479142628944,0.00015887724068808028,0.00013555595703125338
48,19,4.873859044392074e-05,0.00018455062472278903,0.00017100291096078777,0.00014083917811175885,0.000119607863773884
48,20,4.22431345915656e-05,0.0001650989797690879,0.00015243175095951182,0.00012540837803340604,0.00010614931045374981
48,21,3.680180483786296e-05,0.0001482452008582604,0.00013685236327488885,0.00011212446399756896,9.460519142452335e-05
48,22,3.221173170111257e-05,0.00013356827890664396,0.00012409998603407938,0.0001009558871198745,8.465195560359198e-05
48,23,2.831526847663041e-05,0.00012072693575568134,0.00011289094123221437,9.121946134768841e-05,7.603221057753446e-05
48,24,2.4988595173572707e-05,0.00010944241580739686,0.00010299470773198682,8.268372442513707e-05,6.85420858088653e-05
48,25,2.2133500546346135e-05,9.948545119228358e-05,9.422170853631666e-05,7.51676617635811e-05,6.197279593510398e-05
48,26,1.967137748677039e-05,9.066627342864866e-05,8.641490752900026e-05,6.852263716087797e-05,5.6204522233999e-05
48,27,1.753878192238403e-05,8.282688045743425e-05,7.944335896422028e-05,6.26256996711371e-05,5.1104246202714016e-05
48,28,1.568411075182428e-05,7.583499444707024e-05,7.319720352039281e-05,5.737445425031617e-05,4.6579159061607455e-05
48,29,1.406509051632266e-05,6.957930138347234e-05,6.758374928036244e-05,5.2782095885932736e-05,4.255164376819099e-05
48,30,1.2646860151577845e-05,6.396567220690088e-05,6.252437559427291e-05,4.871497185042135e-05,3.8956400271814376e-05
49,1,0.017727435004937488,0.027677745823924238,0.02622098663869104,0.02405656705950745,0.022881313557247922
49,2,0.0060458103527432725,0.009363474841312511,0.009121998420950968,0.008576931305022456,0.008240063095554848
49,3,0.0031133058327917087,0.005212461737136838,0.005165980931594547,0.004775634552131001,0.004535704189012331
49,4,0.0018591181850632346,0.0033552635165752212,0.0033318997932940417,0.0030631980897672315,0.002885932218067711
49,5,0.0012112887010024824,0.0023797972842882205,0.002323874566381312,0.002131741716190544,0.0019899998495617657
49,6,0.0008374876516558773,0.0017808768452414725,0.0017085934399653727,0.0015673791411571973,0.0014495347029407977
49,7,0.0006049862630636349,0.0013850503920970468,0.001312001622190208,0.0011992051999408788,0.0010970662763037807
49,8,0.0004520985732452012,0.0011087088029251135,0.0010496521054302803,0.0009440892109662043,0.0008546748489313659
49,9,0.00034711609240273576,0.0009074239204029279,0.0008586880742450114,0.000761110593681929,0.0006811155114478533
49,10,0.00027247295614329285,0.000755779336773441,0.000716339908542466,0.0006245546393427174,0.0005528029594382955
49,11,0.0002178538296445222,0.0006383647494662571,0.000605919236632054,0.0005199692530890957,0.00045647298099797163
49,12,0.00017690941400154441,0.0005453848802490147,0.0005181417999912822,0.0004381405035936991,0.0003825439781958498
49,13,0.00014557664837337126,0.00047036367512074166,0.00044707630643767,0.00037396168053136744,0.0003240884653813139
49,14,0.00012116880839303918,0.0004088739181230571,0.0003886583455667155,0.0003221591971446716,0.00027706514182120686
49,15,0.00010185859584689605,0.00035780035277635,0.0003400193196240767,0.0002795613241206912,0.00023874013931024832
49,16,8.637243513454074e-05,0.00031489488614877244,0.0002990818748194738,0.00024413077580730513,0.00020720228490606873
49,17,7.380334385304331e-05,0.00027849873904439324,0.000264307284440365,0.00021477720455621496,0.0001810821261189489
49,18,6.3492912692933e-05,0.0002473636089275368,0.0002345328139027041,0.00019019543206986195,0.00015925375756099274
49,19,5.4954895768002785e-05,0.00022053347232103599,0.00020907459581095478,0.00016913265255978578,0.00014081651834008213
49,20,4.7824578922192555e-05,0.00019726459100427682,0.00018713119216769183,0.00015096359011152792,0.00012510986250843383
49,21,4.182452572191627e-05,0.00017697020197542,0.00016798972764253927,0.0001351975209895348,0.00011157179919746491
49,22,3.674096573994085e-05,0.0001591815224169334,0.0001512077985492354,0.00012144443515766156,9.98685025263041e-05
49,23,3.240723972670617e-05,0.00014351976344015706,0.00013642842278906067,0.00010944047303646656,8.965709114390461e-05
49,24,2.8692010833950547e-05,0.00012967571411916543,0.00012336052604114173,9.891695583649166e-05,8.070687064017088e-05
49,25,2.5490749016131428e-05,0.00011739462284286948,0.00011234154497173498,8.961896663069595e-05,7.285393001786918e-05
49,26,2.2719498110678135e-05,0.00010646484567649884,0.00010294436843249526,8.140391803279398e-05,6.595794518464059e-05
49,27,2.0310257523818497e-05,9.67092137974948e-05,9.452569231625462e-05,7.418182789400185e-05,5.9884949993685834e-05
49,28,1.8207521051761793e-05,8.797839098134808e-05,8.696039833496439e-05,6.774429493872986e-05,5.451038508011739e-05
49,29,1.6365655167992256e-05,8.014570645561406e-05,8.014275681172977e-05,6.196777361279034e-05,4.971233363270577e-05
49,30,1.4746893301697105e-05,7.486265240996968e-05,7.398287357328939e-05,5.677194719468158e-05,4.5441277598639125e-05
50,1,0.017575780372677194,0.026205294263259047,0.0255077034114704,0.02370675859374752,0.022615516458530056
50,2,0.005965948708917332,0.008874408086260985,0.008753508833522243,0.008313963553012865,0.007913597233577522
50,3,0.0030524667129563764,0.005069248203548,0.004966224275955157,0.004571046680150663,0.004312317928557031
50,4,0.0018132289123428136,0.003293732284525709,0.003228735763542683,0.002882756836409382,0.0026930010600108426
50,5,0.0011757213497408062,0.0022979967877307115,0.0022535863297896436,0.0019758622613266236,0.0018276291876576853
50,6,0.0008093599739906931,0.0016804960156305494,0.0016482333990562661,0.0014295994215982456,0.00131508199644853
50,7,0.000582394173210276,0.0012708629223113976,0.0012462955397326576,0.0010778179878308848,0.0009855427214481047
50,8,0.00043371680743834,0.00098554762509785,0.000976839094193706,0.0008386768923438186,0.0007619591856951752
50,9,0.00033199353715696224,0.000803149753292533,0.0007912671361623119,0.0006688992706759577,0.0006044396809798692
50,10,0.0002599124678221733,0.0006764571470731675,0.0006512754785018649,0.0005447869717342508,0.0004904696692335465
50,11,0.00020733551406387958,0.0005766977576951781,0.0005430895100218595,0.0004518967287770473,0.00040488932964792296
50,12,0.00016803947667019277,0.0004965785350991049,0.00045812284626553263,0.00037955896215548506,0.0003394269922124604
50,13,0.0001380524198623862,0.00043119835463298095,0.0003952793337972072,0.000322215684243709,0.0002879097346112819
50,14,0.000114754407875652,0.0003771385069903132,0.00034397155137638486,0.00027682383351368124,0.00024700531893484865
50,15,9.636776273218235e-05,0.0003319398598878689,0.0003015497337204175,0.00024010253501875663,0.00021371726860481226
50,16,8.165626709000772e-05,0.000293787862695885,0.00026608864704694374,0.00021030712718057165,0.00018641691917962227
50,17,6.974143527943502e-05,0.0002613148237935513,0.00023615978596583777,0.0001854975721239901,0.00016365021372971982
50,18,5.998687547665256e-05,0.0002334712614859572,0.00021068383631781343,0.00016449962811048964,0.00014448592978620497
50,19,5.192356603858255e-05,0.00020943952875067553,0.00018883235920832562,0.00014658440742274474,0.00012821939693828405
50,20,4.520042896717638e-05,0.00018857421232030655,0.00016996061241597907,0.000131189534346949,0.00011433310109404112
50,21,3.9550945998129304e-05,0.000170360016613849,0.0001535606224724172,0.00011815522850227421,0.00010248095984749633
50,22,3.477018148895043e-05,0.0001543813814931315,0.00013922775659710621,0.00010694326529196705,9.220158535818122e-05
50,23,3.0698695269258815e-05,0.00014030016700370372,0.00012663649508180036,9.732126015950148e-05,8.323725854499573e-05
50,24,2.721110220092298e-05,0.0001278390038951148,0.00011552259910900577,8.883161160057242e-05,7.538071598520458e-05
50,25,2.420781884089997e-05,0.00011676869918820899,0.00010566980359534841,8.130694951167432e-05,6.846373034829317e-05
50,26,2.1609030138836054e-05,0.00010689859267857003,9.689976298706926e-05,7.460987471075309e-05,6.234859815917491e-05
50,27,1.9350224722568285e-05,9.806909273554175e-05,8.906436926173916e-05,6.862669101599435e-05,5.69217189843488e-05
50,28,1.737885318936637e-05,9.01458426956871e-05,8.203982237520377e-05,6.326262205125362e-05,5.208869886002617e-05
50,29,1.5651800300711995e-05,8.301512159777843e-05,7.572201058490065e-05,5.8438123251372153e-05,4.777057803887361e-05
50,30,1.4133453829759676e-05,7.658018911476458e-05,7.002288036242116e-05,5.4086010950635984e-05,4.392106414639934e-05
51,1,0.01791718249835462,0.02533306187856131,0.02529987545615328,0.023936937147038862,0.02301147140466882
51,2,0.006054669422397516,0.008982991809795164,0.008928952343423988,0.008268485970096818,0.007868910189172887
51,3,0.003108961280574414,0.004897002782878999,0.004870690993308155,0.004506749144916877,0.004261281570721608
51,4,0.0018522856342675783,0.0031293865495089245,0.003083470359642331,0.00284497566775493,0.0026785353028254727
51,5,0.0012032291758632728,0.0021484747017233904,0.0021029540274370437,0.0019476850709301032,0.0018286455652376
51,6,0.0008287524069008396,0.001547314919463628,0.0015211307234809502,0.0014131114735584159,0.0013169965045102437
51,7,0.0005959798568336798,0.0011531319915537024,0.001144585029885438,0.0010644884770052553,0.0009857216022204868
51,8,0.0004431000339743249,0.0008906646565168075,0.0008861494099656402,0.0008246582927787765,0.000760375522215631
51,9,0.00033830874331379,0.0007158225489963169,0.0007016914209442641,0.0006536009812820771,0.0006000705563910778
51,10,0.00026397308745229804,0.000587047194757261,0.0005703997503905811,0.0005275033073641783,0.00048286535314157687
51,11,0.00020973215473361193,0.0004895949002509087,0.0004760369634450093,0.0004318671091314971,0.0003946771106706585
51,12,0.00016920576373675097,0.00041415652134960693,0.00040230865075895734,0.0003578164495065881,0.0003269091996833397
51,13,0.0001383098440884973,0.00035462381103295074,0.000343640415708141,0.00029948195063191996,0.00027367708827942674
51,14,0.00011434332983253982,0.00030685720367133013,0.00029622607384161405,0.0002531786135939505,0.00023136990239670444
51,15,9.546915108177439e-05,0.0002679729757716546,0.0002573931065515507,0.0002160130750090879,0.00019711437591705966
51,16,8.040714423767595e-05,0.00023591392838635862,0.0002252191698443883,0.00018577834455871657,0.00016906802701432933
51,17,6.824598920822608e-05,0.00020918173361018116,0.00019829209460734326,0.00016153665412519378,0.00014588148942269323
51,18,5.83245469539701e-05,0.00018666498807622038,0.00017555507590494057,0.00014136903694657272,0.00012655400189841772
51,19,5.015499829170453e-05,0.00016752580875218414,0.00015620413390522148,0.00012428944007153344,0.0001105199276713105
51,20,4.337188887158529e-05,0.0001511232815264022,0.00013961858880294002,0.00010977750626905712,9.702990907980206e-05
51,21,3.76976401242174e-05,0.00013696070666667617,0.00012531292611228404,9.73950802427677e-05,8.568598966741836e-05
51,22,3.291876471843664e-05,0.0001246485632644014,0.00011290283994195606,8.669565475909884e-05,7.601194028512667e-05
51,23,2.886918365009828e-05,0.00011387807048824779,0.00010208086751312912,7.762544459438918e-05,6.769815997570032e-05
51,24,2.5418342104488834e-05,0.0001044020251634994,9.25986328965188e-05,6.972391519124604e-05,6.0483362445343076e-05
51,25,2.246262274896191e-05,9.602071975473348e-05,8.425372225472218e-05,6.289094695325634e-05,5.41931605651025e-05
51,26,1.9919059866048442e-05,8.857146196071212e-05,7.687985502524773e-05,5.707610139369422e-05,4.868813828619376e-05
51,27,1.7720681796062322e-05,8.192068345081533e-05,7.033943411400868e-05,5.195372831415201e-05,4.3908413878624244e-05
51,28,1.5813020909420584e-05,7.595793395102586e-05,6.451783595880509e-05,4.739411036652046e-05,3.975107518959835e-05
51,29,1.4151470953965534e-05,7.059126458054328e-05,5.931898866391857e-05,4.332331251128309e-05,3.611220252439211e-05
51,30,1.2699266418853694e-05,6.574364620196844e-05,5.4661914649095934e-05,3.9678926631337344e-05,3.29161038379229e-05
52,1,0.017807981290792155,0.023995978464681673,0.02396905224675331,0.023286943153240463,0.022528379933428724
52,2,0.005886178433033994,0.008817763094263934,0.00867821369166805,0.008205331308369718,0.007808373701950077
52,3,0.0029717297261053085,0.004775453083300442,0.004720009275968516,0.004442900011057106,0.004143404425425162
52,4,0.0017469900492154478,0.0030813739904811807,0.0030149270449781537,0.0027783128692916324,0.0025637335151790074
52,5,0.001122379909487996,0.002151912386934102,0.0020831936245886435,0.0018839480727836613,0.0017247824604261156
52,6,0.0007659804677719509,0.0015835272167719423,0.0015272561044536882,0.0013489142506176292,0.0012265760441251864
52,7,0.0005466629162151962,0.0012097922583965345,0.0011608164783085736,0.0010053980534573486,0.000908086621957119
52,8,0.00040392165410045583,0.0009507520456014739,0.000906607514306922,0.0007726073652574043,0.0006944268340108715
52,9,0.0003068701991488355,0.0007638530876929156,0.0007232747119213241,0.0006091060703466108,0.0005449660292856652
52,10,0.00023851693663498128,0.0006246667871427211,0.0005869624786116613,0.0004891248460387605,0.0004362894971099712
52,11,0.00018895306956403767,0.0005183211075837216,0.00048308761000042603,0.0003989991169980261,0.0003555829632128452
52,12,0.00015212125369268797,0.00043532620016096505,0.00040231185673161884,0.0003308137515868821,0.0002939285369294994
52,13,0.0001241711748322129,0.0003693888713779863,0.0003384238266325257,0.00027724989158801124,0.00024624634439914157
52,14,0.0001025733688174544,0.0003161995475168963,0.0002875116546298415,0.00023453627148200973,0.000208462777101519
52,15,8.56183979017288e-05,0.00027272562168555224,0.000250079545898983,0.00020071202947404546,0.00017807141317586995
52,16,7.212219003730948e-05,0.00023678264645148926,0.00021894772203316323,0.00017350593518911757,0.00015332075834056168
52,17,6.12465864492305e-05,0.00020676488797918382,0.0001927879202622948,0.00015167069533600163,0.00013330803287256267
52,18,5.238672658578794e-05,0.0001814708303443519,0.00017060704738859,0.00013336899232376786,0.0001166037524615966
52,19,4.509849168377019e-05,0.00015998715395585617,0.00015165003152339392,0.00011786007010091632,0.0001025237760088697
52,20,3.905065366212577e-05,0.00014160978336041425,0.0001353340930902059,0.00010474019657703059,9.056657762629701e-05
52,21,3.399265148381329e-05,0.00012578904451033724,0.00012120331583955732,9.358267381152279e-05,8.046261953193245e-05
52,22,2.9732479003881504e-05,0.00011209086390779314,0.00010889664496326328,8.391600600448206e-05,7.176581303009185e-05
52,23,2.612124987773531e-05,0.00010016886159259246,9.812495458308694e-05,7.549633176073317e-05,6.428741358056934e-05
52,24,2.3042253726711818e-05,8.974397905006514e-05,8.865435781393833e-05,6.812745791548244e-05,5.777288746486919e-05
52,25,2.040308454479747e-05,8.058940598667432e-05,8.029388756704563e-05,6.165004725846905e-05,5.210509847384613e-05
52,26,1.8129903334128134e-05,7.325328056184514e-05,7.288628530798552e-05,5.5973293686284575e-05,4.724823746598667e-05
52,27,1.616320458063726e-05,6.722187801642401e-05,6.630103131809254e-05,5.096213877290431e-05,4.3037154980377816e-05
52,28,1.4454656429011966e-05,6.181352204181425e-05,6.0429012692267966e-05,4.6508686967870355e-05,3.9310160265833205e-05
52,29,1.2964716900864017e-05,5.6951342047619284e-05,5.5178402352898536e-05,4.2538365208946674e-05,3.598358380658115e-05
52,30,1.1660817474923952e-05,5.2569747853744614e-05,5.047144353543392e-05,3.898840894251983e-05,3.300578651477392e-05
53,1,0.01804530455596396,0.028158387311503625,0.027979057470856092,0.025174938418516767,0.02385557492544122
53,2,0.006094642315322262,0.008996348199583774,0.00881858767594505,0.008332526263185877,0.008034102554198317
53,3,0.00311664927605012,0.004879982128772249,0.0048330104195904895,0.0045881834216418655,0.004371520653078491
53,4,0.0018513802244874062,0.00313225624173772,0.003052521652710507,0.0028883811737462164,0.002737105064339426
53,5,0.0011998663849200147,0.0021665023941439833,0.0020949105776115586,0.001967680896005708,0.0018600875269715084
53,6,0.0008250320790471913,0.0015758438454761576,0.001530778553657419,0.0014227252731998914,0.0013389676670467277
53,7,0.0005926332475680466,0.0011883263367854276,0.001160959077413765,0.0010721837456961723,0.001005400201181709
53,8,0.0004403419567057382,0.0009205907111028779,0.0009043264822864699,0.0008347254648480802,0.0007788684299163138
53,9,0.00033615765483391356,0.0007281542609992112,0.0007191390152884068,0.0006666765270753248,0.0006180367462972289
53,10,0.00026237461619874227,0.0005854829726838676,0.0005813707894410347,0.000542763736131112,0.0005005667668475826
53,11,0.00020860910253658053,0.0004770491667251496,0.0004763504716850688,0.00044940769962622493,0.0004118786883685249
53,12,0.00016847877341325958,0.0003981062009892031,0.00039725948089394995,0.0003765359748311812,0.00034357156636517967
53,13,0.00013790564649283118,0.00034012278005445397,0.0003373255860554756,0.00031968928282343005,0.00029000481519272155
53,14,0.00011419756327896652,0.00029345702551123164,0.00029034616964448783,0.000274152224781817,0.0002472714545434291
53,15,9.552679862978735e-05,0.0002553600731731537,0.00025186590171288414,0.00023688539298385942,0.0002126706869237509
53,16,8.062196499239133e-05,0.0002238671639136855,0.00022014186457988238,0.00020603781441026677,0.00018428998844802473
53,17,6.857957491450903e-05,0.00019754469731837567,0.0001940969673952952,0.00018037333929869545,0.00016079975704348697
53,18,5.8745292336617445e-05,0.00017532730407344863,0.00017339458667223063,0.00015896759195346342,0.00014111195692683006
53,19,5.0637112430460974e-05,0.00015641019813964602,0.0001560338568188281,0.00014080093922518147,0.0001244441106823296
53,20,4.389449866562784e-05,0.00014183967078957316,0.0001410080486512842,0.00012534066194443892,0.00011029746443487864
53,21,3.824400108398175e-05,0.0001296692029029306,0.00012790794986092876,0.00011196755877847964,9.825031093711879e-05
53,22,3.347557797315534e-05,0.00011888108040182931,0.00011641260867878357,0.00010033432078179611,8.786275215200674e-05
53,23,2.9426011100708978e-05,0.00010926528147944678,0.00010626720482230994,9.016533546764853e-05,7.885577266582462e-05
53,24,2.5967109188994296e-05,0.00010065318462668177,9.726712104507268e-05,8.123732739928624e-05,7.097781912226198e-05
53,25,2.2997197929176687e-05,9.290773555130881e-05,8.924631870231236e-05,7.33677836841351e-05,6.405892828350089e-05
53,26,2.043490052384937e-05,8.591625234299902e-05,8.20687451457106e-05,6.640627405711516e-05,5.7992303947138024e-05
53,27,1.8214537178529857e-05,7.958509784572988e-05,7.562190594917459e-05,6.030327279911489e-05,5.2619612563797774e-05
53,28,1.6282683816507285e-05,7.383568948549164e-05,6.981200244288285e-05,5.494112311366518e-05,4.784626148949713e-05
53,29,1.4595570895641721e-05,6.86014778979596e-05,6.456021439043035e-05,5.0146727821067064e-05,4.3613997114516745e-05
53,30,1.3117097927787097e-05,6.382563477096395e-05,5.979982966077656e-05,4.5848654952638245e-05,3.9837410513988943e-05
54,1,0.01797604948727014,0.026280216349882125,0.02531612666893521,0.023790924531068715,0.02300886956364487
54,2,0.0060945253473284056,0.008802818455249,0.00876052454969415,0.008406890477667597,0.008031272214056752
54,3,0.003122178551965828,0.0051461310023487,0.00502519647226397,0.004580995048150171,0.004320191837843555
54,4,0.0018565833186948866,0.003420977985042551,0.003293408890547739,0.0028665446507038454,0.0026861332855821684
54,5,0.0012039554602497787,0.0024378685797968825,0.00232300664270427,0.001944674239835392,0.001819335416353228
54,6,0.0008281454307402211,0.0018208645041304183,0.0017204107056019143,0.0014083036995918689,0.0013073897972853122
54,7,0.0005950446353470269,0.0014072382905254317,0.0013191841141232167,0.001068406568239013,0.0009798339768928176
54,8,0.0004422831822905673,0.001116174428410403,0.0010381762786370794,0.000838923755353021,0.0007603544952453321
54,9,0.0003377942220440641,0.0009035974887319956,0.0008336964092041908,0.0006735430035247383,0.0006047966518909836
54,10,0.00026381816075533876,0.0007437102618199675,0.0006803978873755301,0.000551625820489371,0.0004902164385199246
54,11,0.0002099326849673534,0.000620555756935041,0.0005626940369025217,0.0004599290592729413,0.0004035604869753565
54,12,0.00016972896190765142,0.0005238134318102815,0.0004758619962281864,0.00038841712689978425,0.00033695372352770316
54,13,0.00013911117823408488,0.00044655755756780333,0.0004099106562578337,0.00033147779294934014,0.00028475296920723247
54,14,0.00011537535499049605,0.0003839941135896608,0.000355973120390527,0.0002853370374814191,0.0002430976038604741
54,15,9.668605993953099e-05,0.00033271570531671484,0.00031132026021869454,0.00024745782083051437,0.00020964271278219095
54,16,8.176698798042317e-05,0.0002902446595851381,0.0002739616428938943,0.00021601034207065846,0.0001821189700368667
54,17,6.971160984797316e-05,0.00025474331028097283,0.00024241568296010785,0.00018964638449689658,0.00015957696463424025
54,18,5.986379622536352e-05,0.00022482485492763104,0.00021555982274749425,0.00016735384743172578,0.00014065798373368504
54,19,5.174056922863731e-05,0.00019942665045411562,0.00019253019492899444,0.00014836036490820218,0.00012462182880876188
54,20,4.49809484515802e-05,0.00017772337178614605,0.0001726527998306901,0.00013230866937776403,0.00011105633801048378
54,21,3.931137279696271e-05,0.00015906626156872292,0.00015539529024119307,0.00011866079552351985,9.93987906215542e-05
54,22,3.452189063657003e-05,0.00014293984343185278,0.00014033255216943283,0.0001067853801097465,8.927898171792587e-05
54,23,3.044948794411747e-05,0.00012893056274853568,0.0001278934137037246,9.640060479688156e-05,8.044762001451358e-05
54,24,2.6966234911994322e-05,0.0001180435239079285,0.00011737362425969796,8.727814088708446e-05,7.270387702029081e-05
54,25,2.397073958975198e-05,0.0001100698181799325,0.0001080280595544848,7.930946437028017e-05,6.588442030399238e-05
54,26,2.138190582967685e-05,0.00010281900185142111,9.968647740898578e-05,7.245942593637526e-05,5.985525551088244e-05
54,27,1.9134319370422317e-05,9.61966019686408e-05,9.220886309759827e-05,6.635343248047302e-05,5.45055813033429e-05
54,28,1.7174799203611712e-05,9.012497140795765e-05,8.547918495882413e-05,6.089290347597609e-05,4.97431065731951e-05
54,29,1.5459792977453743e-05,8.453965039038274e-05,7.940059968583729e-05,5.602742536340151e-05,4.549044337523869e-05
54,30,1.3953390603475303e-05,7.938661079454942e-05,7.389173710355628e-05,5.172144228128636e-05,4.1682300558691215e-05
55,1,0.01775624622941111,0.025702771801878008,0.025166879192427483,0.023768982329164717,0.02291103065753456
55,2,0.005984681859527183,0.00875641546551472,0.008585922770567384,0.008048083141575433,0.007700710055544818
55,3,0.0030455543507744965,0.004676787014116301,0.004632465249858867,0.004414836671124018,0.004183557193763984
55,4,0.0017980285071170926,0.003071597048400908,0.003020349903926004,0.0028081637797171414,0.0026331601871732242
55,5,0.0011585452747813383,0.002168965937289362,0.002118464562239077,0.0019401143620728666,0.0018001457591787253
55,6,0.0007925588307500634,0.0016094831989808777,0.0015610504199780504,0.0014144915187698976,0.001300122127755021
55,7,0.0005668343205229344,0.0012382672169352655,0.0011924141182240412,0.001071173926677394,0.000978727562257265
55,8,0.0004196537199916865,0.000979100490761844,0.0009361171563772701,0.0008381955643757873,0.0007593174946631332
55,9,0.00031942492485588183,0.0007908661400423407,0.000750910161749894,0.0006710041271430162,0.0006035985603240046
55,10,0.00024873173173597864,0.0006497785570471742,0.0006128983022980091,0.0005469978464433773,0.0004905656281853266
55,11,0.00019740039182300704,0.0005412943028888674,0.0005083929500842554,0.00045258265945192144,0.0004049595420801239
55,12,0.00015920307390217405,0.0004561084701385306,0.00042701184614880194,0.0003791252939902223,0.0003391261644294464
55,13,0.00013017675391018495,0.00038803722752872187,0.0003621676172450432,0.0003209272118173226,0.00028720910784391096
55,14,0.00010771561533549395,0.0003328356533657056,0.0003097262924296331,0.00027437525996981335,0.0002454783873314053
55,15,9.00573163923556e-05,0.0002875072041115256,0.00026677610671842916,0.0002373329910937587,0.00021157464237166125
55,16,7.598034308162438e-05,0.00024988449631271035,0.00023121534408624892,0.00020689262606551413,0.00018377340092994303
55,17,6.461950253854179e-05,0.00021836613527944702,0.00020390197814355458,0.0001814474049077034,0.00016064484805657504
55,18,5.535004359003449e-05,0.00019174655936014118,0.00018213204177020692,0.00016001125053178786,0.00014118182326893896
55,19,4.7712951916540384e-05,0.00016910309435454505,0.00016333328138031425,0.00014182304376938627,0.00012478833241728855
55,20,4.136565963755851e-05,0.00014971919034300252,0.00014698911225829395,0.00012622678022290544,0.00011078550456619452
55,21,3.6048840786601296e-05,0.00013303112283939874,0.00013269389727777874,0.00011276879482382658,9.873888895175966e-05
55,22,3.156361950200285e-05,0.00012165921783846864,0.00012012473918954084,0.00010109031389552853,8.831622889846764e-05
55,23,2.775565633544783e-05,0.00011200699573159795,0.0001090214363187528,9.104244667314017e-05,7.925240676517869e-05
55,24,2.4503862073013085e-05,0.00010326874325804814,9.917199207069472e-05,8.232866784296656e-05,7.133371709704947e-05
55,25,2.1712277526400415e-05,9.533512004864487e-05,9.040197097861101e-05,7.466368642910017e-05,6.440139037027217e-05
55,26,1.9304152983909456e-05,8.811398034426859e-05,8.280459873123461e-05,6.788531394147178e-05,5.83127693078746e-05
55,27,1.7217577843231043e-05,8.152687398094972e-05,7.632723721855296e-05,6.186917253930359e-05,5.293207942031807e-05
55,28,1.5402217232551133e-05,7.550641466174814e-05,7.044983758919252e-05,5.651162730747563e-05,4.8173468669197914e-05
55,29,1.381684891792701e-05,6.999426981899887e-05,6.510399375815921e-05,5.1725768470213953e-05,4.393498135230537e-05
55,30,1.2427485462167984e-05,6.493960247936582e-05,6.0231079747621734e-05,4.7438277278627625e-05,4.014932950215893e-05
56,1,0.017738577562412088,0.026012234795590523,0.025443328641439538,0.02397746923101992,0.023079071070435837
56,2,0.00601104534610249,0.008406785627634318,0.008286089535671415,0.008032537342889405,0.007814807942615513
56,3,0.00307211498043083,0.0046076107509934495,0.0045283040366694135,0.0043590760326913894,0.004207930573697306
56,4,0.0018203334880248607,0.0029887995254864216,0.002936846868274533,0.00274847508189353,0.002627250806581938
56,5,0.0011761230205567495,0.002098149159345482,0.0020669077044799342,0.0018848645174535858,0.0017836156535703522
56,6,0.0008062009911024001,0.0015537291658460368,0.0015311625626871124,0.0013669008094706764,0.0012782489967873196
56,7,0.000577410462490994,0.001195734119644846,0.0011763870778168858,0.0010300789289674058,0.0009552070995368245
56,8,0.0004278825507502816,0.0009473261275728796,0.0009287308327832931,0.0007988817523317407,0.0007361584444024092
56,9,0.00032586302447243034,0.0007677025204703427,0.000748816639268012,0.0006362680466150387,0.0005814889197238999
56,10,0.0002538013167166719,0.0006335067069888883,0.0006139834827887428,0.0005166130364196892,0.0004692636674944503
56,11,0.00020142013049645477,0.0005305584673074328,0.0005103862293684431,0.0004269209023142069,0.0003852961159243555
56,12,0.0001624136554318865,0.0004498312205255713,0.00042914940039149045,0.00035737595149339704,0.000320371686217705
56,13,0.00013276050306775718,0.0003853508146032974,0.0003643550602860329,0.0003026698274096877,0.00026925495308258895
56,14,0.000109811159170028,0.0003330322787622365,0.00031192621536625274,0.0002592568015301635,0.00022871414274841826
56,15,9.177047780400285e-05,0.00029000390119663185,0.00027225140123956495,0.00022417592440554068,0.00019605737591691028
56,16,7.739223434658917e-05,0.00025419807653013354,0.00023962986954972247,0.00019535799046340704,0.00016926525801129282
56,17,6.579255548083148e-05,0.0002240948140275937,0.00021210220293784669,0.0001714661849583986,0.0001470663786451825
56,18,5.633251841708998e-05,0.0001985560046026741,0.00018865901091142523,0.00015126257085052664,0.00012867112722161596
56,19,4.854232073626203e-05,0.00017671546280228839,0.0001685337868040399,0.0001340429535408279,0.00011330620304705462
56,20,4.207115429772907e-05,0.00015790425415397247,0.000151135110671241,0.00011926422448643191,0.0001002488352894487
56,21,3.665337768436367e-05,0.00014159892473833183,0.00013600005732176195,0.00010650170965225286,8.909804140508235e-05
56,22,3.208525818865599e-05,0.00012738493819159508,0.00012276154890341527,9.541921741787276e-05,7.960558487952533e-05
56,23,2.820870808444339e-05,0.00011493041873685393,0.0001111250707087448,8.57476259008738e-05,7.14322124437287e-05
56,24,2.4899734812946754e-05,0.00010396700805747522,0.00010085179428456084,7.726932464996146e-05,6.429917603035593e-05
56,25,2.2060121639320892e-05,9.427571495587283e-05,9.174616170044572e-05,6.98067414727628e-05,5.8045145259114433e-05
56,26,1.961135628087174e-05,8.567632264594646e-05,8.364662577840757e-05,6.321376636317615e-05,5.254521673746789e-05
56,27,1.7490146014332522e-05,7.801936644309276e-05,7.641865598259566e-05,5.736926079612336e-05,4.7747722610569894e-05
56,28,1.564506711875197e-05,7.117999238980198e-05,6.994939311165871e-05,5.232787116356571e-05,4.3487925318672405e-05
56,29,1.4034035262746505e-05,6.505320857928506e-05,6.414351916417133e-05,4.7828245863714536e-05,3.9693217171290134e-05
56,30,1.2622376786579976e-05,5.95501789788038e-05,5.8920033421046975e-05,4.3799589746813916e-05,3.632915033053637e-05
57,1,0.017687391980023216,0.024809728179638123,0.024143407646953982,0.023021384090928902,0.02235468504849791
57,2,0.006042128140648619,0.008584430570130615,0.008485453212770198,0.007970245164499146,0.0076458886674345364
57,3,0.0030994264174423526,0.004814124618194405,0.004770914709095676,0.0044363336905133026,0.004175882306211165
57,4,0.0018419222160437443,0.0031831413746182344,0.0031175232619736425,0.0028200337615311008,0.0026386999724990496
57,5,0.0011927177766959773,0.0023188457744831945,0.0021993370033955204,0.0019424749180974358,0.0018023187382866092
57,6,0.0008189493508962113,0.0017723305759127295,0.0016428909118665223,0.0014121367152689942,0.001295869063661515
57,7,0.00058725903168553,0.0013990481448609416,0.001277128311368914,0.0010650490919968502,0.0009677807496744918
57,8,0.00043555386461792585,0.001130492008312781,0.0010174633331829972,0.0008261714856713125,0.0007472652235258123
57,9,0.00033189906712554723,0.0009300051033592692,0.0008261252238289665,0.0006584360464472483,0.0005915781723104901
57,10,0.00025860655837680794,0.0007761210743538572,0.0006810906633714515,0.0005355111774463449,0.00047728226711204964
57,11,0.00020529598972092217,0.0006553958161114321,0.0005686664850876715,0.0004423378502587369,0.0003928616457116567
57,12,0.00016558490235360552,0.0005589750708791056,0.0004799091129812894,0.0003701423497331815,0.0003285523015386997
57,13,0.00013539505840882827,0.00048079930785847663,0.00040874857887044806,0.00031319176117337616,0.00027823930260481203
57,14,0.0001120347809594111,0.0004165946393855648,0.0003509372400055146,0.000267569008723765,0.00023786459933276848
57,15,9.367760294871672e-05,0.0003632717822497105,0.00030342738577802795,0.00023052632403227166,0.00020539627290512056
57,16,7.905397403497216e-05,0.0003185512245276079,0.000263985910004762,0.00020047525008801042,0.0001786732924617734
57,17,6.72625997595837e-05,0.00028072075628758836,0.00023197255689632899,0.00017592160711896914,0.00015642083838333915
57,18,5.765150845772278e-05,0.0002484739240125065,0.00020676129269900975,0.00015531606159764735,0.00013771922736651154
57,19,4.974109713817988e-05,0.0002207997466507464,0.00018513494741826116,0.00013795107296983244,0.00012193318317902649
57,20,4.317317870753193e-05,0.000196905858515048,0.00016645127699011435,0.00012339649814342902,0.00010856510502164123
57,21,3.767654415401244e-05,0.00017616398065205458,0.00015020717975553345,0.0001108559312399024,9.711351267525735e-05
57,22,3.3043252230946214e-05,0.00015807061542070112,0.00013600380829214165,9.996066769397801e-05,8.723341144100922e-05
57,23,2.9112029163354333e-05,0.00014221830601972535,0.00012352145793601612,9.049896568429894e-05,7.863211011064435e-05
57,24,2.5756467451549205e-05,0.00012827434444089093,0.00011250123893150753,8.228048567654834e-05,7.12311025516783e-05
57,25,2.2876518127329868e-05,0.00011596480570914273,0.00010273152656969283,7.502950601452041e-05,6.477687672118791e-05
57,26,2.0392277754389493e-05,0.00010506244062310727,9.403782302179288e-05,6.860492740978376e-05,5.9073571856949796e-05
57,27,1.8239396783882564e-05,9.537739740283122e-05,8.62750861819998e-05,6.289037261046852e-05,5.401426835054697e-05
57,28,1.6365648346545542e-05,8.675004068151752e-05,7.932186344405248e-05,5.778913829911368e-05,4.9523516184917164e-05
57,29,1.4728337586700285e-05,7.90453418316604e-05,7.307576059304417e-05,5.3220314827148274e-05,4.5537450885425345e-05
57,30,1.3292326648077414e-05,7.214845820877356e-05,6.744990855698209e-05,4.911577472977456e-05,4.196388617468536e-05
58,1,0.017801768460241684,0.026426948365654238,0.02634495740689279,0.024364685396270184,0.023133061787776212
58,2,0.006012491885846487,0.008964148469829361,0.00874155099958214,0.008165809839472408,0.007798778794643838
58,3,0.003077067040786654,0.004741461600597801,0.004721436868154414,0.004462479623348043,0.004237645447417812
58,4,0.001828175734789414,0.002978507798786963,0.0029752638571867865,0.0028006057696213682,0.002659232492338259
58,5,0.0011846325947415276,0.00203389686307933,0.0020326931503440128,0.0019132881353848628,0.0018079435259588596
58,6,0.000814247755033335,0.0014714254605166475,0.0014640139357907406,0.0013840833754407594,0.0013004493121134564
58,7,0.0005845482659390772,0.0011063524168214,0.0010956399858348548,0.0010401680732878408,0.0009774597876349993
58,8,0.0004339927335342914,0.0008563383773662285,0.0008506691135253554,0.0008061642840336631,0.0007569311147929248
58,9,0.0003309763966437436,0.0006784490140515834,0.000674795646248649,0.0006401369761297749,0.000600417994329206
58,10,0.000258012050955445,0.000557664868736495,0.0005527934921830285,0.000518808115430271,0.00048595002279153723
58,11,0.0002048436180905254,0.00047418283114599667,0.000461927795434849,0.0004278035953635143,0.0003994950433420588
58,12,0.00016516611131977828,0.000408221587446248,0.0003911621678116319,0.0003584021695750534,0.0003327873231013718
58,13,0.00013494959966696565,0.0003549815734862979,0.00033493280647346876,0.00030408829261535316,0.00028097905938744174
58,14,0.00011153232795395172,0.00031123215811636006,0.00028947546420603925,0.00026032417143402955,0.00023939013208670564
58,15,9.310609298077876e-05,0.00027473294704911017,0.0002533308456892148,0.00022503646025768208,0.00020555757363588926
58,16,7.841220531717318e-05,0.0002438889975525161,0.00022351440111598284,0.00019607089365156617,0.00017799310164963504
58,17,6.655554223674963e-05,0.00021753805897904756,0.00019823887387409358,0.00017181779186518358,0.0001551814918747192
58,18,5.688735440153662e-05,0.00019481522722110623,0.0001766235281620307,0.00015133251787059887,0.00013608806828636943
58,19,4.8929429950784074e-05,0.00017506451717266364,0.00015799639808269938,0.00013425747278949702,0.00011999250152504236
58,20,4.232386054214901e-05,0.00015777970636771652,0.00014183656034656066,0.00011965708321897184,0.00010624924482118777
58,21,3.6799064437282724e-05,0.00014256391372929496,0.00012773437846399133,0.00010702382492944198,9.446594136626098e-05
58,22,3.2146369970079346e-05,0.00012910144625083163,0.00011536356559002067,9.603338089697696e-05,8.437491210067438e-05
58,23,2.8203600555592907e-05,0.0001171378448334484,0.00010446119296559233,8.642567877389756e-05,7.562388711612832e-05
58,24,2.48433883672217e-05,0.0001064655122188975,9.48131474444599e-05,7.799001765950511e-05,6.798339456492541e-05
58,25,2.1964735832256196e-05,9.691320583648867e-05,8.62433938558176e-05,7.055410481063927e-05,6.128480063030449e-05
58,26,1.9486842439344012e-05,8.833824831034954e-05,7.860593785149401e-05,6.40230729894157e-05,5.5399578567707296e-05
58,27,1.7344534074182975e-05,8.06206764307635e-05,7.177873416612664e-05,5.829871396313942e-05,5.025797820481428e-05
58,28,1.5484840909205187e-05,7.365879133386343e-05,6.565901557098462e-05,5.3196599292566985e-05,4.5694148622869376e-05
58,29,1.3864408493608949e-05,6.736573426834085e-05,6.0159672424272104e-05,4.863644556635189e-05,4.166418165249039e-05
58,30,1.244752011272783e-05,6.166682192746885e-05,5.520641820142702e-05,4.455019667998528e-05,3.806764161738025e-05
59,1,0.017915750808373255,0.02598637971231733,0.025940134452898722,0.02488053580133736,0.0237009934411214
59,2,0.006030691482614644,0.00949431040119791,0.009412340954941582,0.008431364857723176,0.007995156959165726
59,3,0.003075594765384756,0.00537828890996977,0.00537469721524329,0.0046037814383031745,0.004264003185723306
59,4,0.0018237065629777118,0.0035034330073934576,0.003458476708947866,0.002929750311578384,0.0026700811927457433
59,5,0.0011800914650449584,0.0024573927247769035,0.0023908210715632176,0.002017879974370176,0.0018205970243251421
59,6,0.0008103018116139654,0.001810905928348832,0.001735627998174609,0.001466442613166545,0.0013111693061640523
59,7,0.0005813404825904426,0.001384102902220593,0.0013062109572111518,0.0011057521077372156,0.0009835642554707315
59,8,0.00043149693874145275,0.0010882984210833211,0.0010108195094911353,0.0008573774265389636,0.0007611257938992925
59,9,0.00032911261368699304,0.0008754110598690106,0.0008050693107134028,0.0006828841043336865,0.0006037641404581716
59,10,0.0002566877797097511,0.0007174806340972396,0.000653380500977969,0.0005535477880919608,0.00048798861500345335
59,11,0.00020396932332373156,0.0005973460013928971,0.0005379264769161587,0.00045525783797944363,0.0004007907629231716
59,12,0.000164660864180936,0.0005040096564014846,0.0004519893718212204,0.000379009909565442,0.0003333702333633129
59,13,0.0001347427420218765,0.0004301692894641238,0.0003873928131222313,0.00031883272145739763,0.00028041958176943364
59,14,0.0001115634435397623,0.00037082911896963323,0.000335121493435581,0.000271686145591017,0.00023806791243350197
59,15,9.332425884975317e-05,0.00032248267650807733,0.0002922292177466952,0.00023346811241044835,0.00020374722160715003
59,16,7.877496556801271e-05,0.0002826133849927841,0.0002566043913577829,0.00020203132848295417,0.0001756739677343313
59,17,6.70278163847442e-05,0.00024937935927993115,0.00022670131597684893,0.00017591669214874574,0.0001525697377132621
59,18,5.7440384079118335e-05,0.0002214088465911639,0.0002013670892038816,0.00015415110422013152,0.0001333021916259236
59,19,4.953981275971826e-05,0.00019766417989368037,0.00017972719901432333,0.00013587189698918497,0.0001172277212020831
59,20,4.297269069600293e-05,0.00017734931030123448,0.0001611081741385988,0.00012031435456445301,0.00010366107959346104
59,21,3.747118399123077e-05,0.0001598457248648598,0.00014579641119279426,0.00010751287821359817,9.226425589073054e-05
59,22,3.282972594957578e-05,0.00014466725010076233,0.00013259526122130972,9.664478013838634e-05,8.24576341204765e-05
59,23,2.8888699041040465e-05,0.00013142766367907547,0.00012100784205147335,8.72255028145693e-05,7.395370355714579e-05
59,24,2.5522834813472677e-05,0.00011981714478092975,0.00011078463680704441,7.900984128564139e-05,6.65426300789763e-05
59,25,2.263285056336529e-05,0.00010958492140936114,0.00010172259106105088,7.188452101267803e-05,6.011032557437167e-05
59,26,2.0139340729022167e-05,0.00010052632622173179,9.365509569438012e-05,6.56005386061105e-05,5.449698093052376e-05
59,27,1.7978261111515598e-05,9.247303094491245e-05,8.64444005795979e-05,6.006480485074205e-05,4.957791079199173e-05
59,28,1.609755301851643e-05,8.528560117686005e-05,7.997580795897694e-05,5.512834679127368e-05,4.5241841769866264e-05
59,29,1.4454593083613224e-05,7.88477646788833e-05,7.415318421543163e-05,5.0756280430209686e-05,4.1373562955771956e-05
59,30,1.3014247891207349e-05,7.306195859819206e-05,6.889545898708428e-05,4.683350677468352e-05,3.7912680721550185e-05
60,1,0.017512464647654172,0.02446444848811128,0.02425657300310155,0.023192592600632535,0.02251102097979676
60,2,0.005892359708974757,0.008738280458567754,0.008525155662891797,0.008090572504087705,0.007810835901360445
60,3,0.002999192801010078,0.0049443507908684525,0.004757796115282545,0.004420102304194459,0.004215243384357117
60,4,0.0017699417399016342,0.0032165257427667583,0.0030370199129972565,0.002786417574336589,0.002627588309347009
60,5,0.0011394066766499155,0.0022623244851394226,0.002110351884422124,0.0019009110660636968,0.0017767835284750624
60,6,0.0007783592320034448,0.0016760799809158828,0.0015729799267843866,0.0013670204878713228,0.0012683299595660756
60,7,0.0005555524310640167,0.0012888977238081994,0.0012162917404559186,0.0010214608188536007,0.0009420108688795871
60,8,0.00041020500114271995,0.0010191179307025564,0.0009664900082419493,0.0007870007264848079,0.0007210464029757471
60,9,0.00031120624380435264,0.0008232634092827794,0.0007842617856208449,0.0006222739973134782,0.0005663774994106837
60,10,0.0002413977121865619,0.0006764140358544317,0.0006470176245405319,0.000500664737278023,0.0004548205647974743
60,11,0.00019074722926299304,0.0005634231718457391,0.0005409803839615795,0.00040875977122835404,0.0003709399354458859
60,12,0.00015310605700070252,0.00047463194575872756,0.00045733232776711306,0.0003379763873450424,0.00030655240919565027
60,13,0.00012455586623307113,0.0004036296283787797,0.0003902005159908444,0.0002832355409463774,0.00025606114514887884
60,14,0.00010251630731384877,0.000346015254601111,0.0003355403509408962,0.0002399809721529512,0.00021602289692922456
60,15,8.52396699887963e-05,0.00029867946285999436,0.0002904860796363979,0.00020490518165308262,0.0001842781863801417
60,16,7.151295456056348e-05,0.0002593706074370265,0.0002529570347433623,0.0001765246910112536,0.0001583956314726461
60,17,6.047604253516661e-05,0.00022642309282990832,0.00022141027875787367,0.0001530632397030721,0.00013699973024005571
60,18,5.1507341307346304e-05,0.00019858185369020097,0.0001946803276988149,0.00013338962050504468,0.00011915599708672187
60,19,4.414994447711278e-05,0.0001748857590285836,0.00017187242978828823,0.00011697835517753406,0.00010417934114148719
60,20,3.806282782426647e-05,0.00015458822444285394,0.0001522897676097851,0.00010331947911262076,9.159583954877729e-05
60,21,3.298791333994396e-05,0.00013710195794572252,0.00013538272026089753,9.171795573089506e-05,8.091095980723962e-05
60,22,2.8727421321279373e-05,0.0001219597414946439,0.00012071281219617532,8.193884398600927e-05,7.175665838923917e-05
60,23,2.5128030077892712e-05,0.00010878610194612294,0.00010792664911876174,7.344799371996598e-05,6.387286399226471e-05
60,24,2.2069624083683252e-05,9.72765234523532e-05,9.673677639496796e-05,6.610551205720864e-05,5.7043799624570106e-05
60,25,1.945718718066204e-05,8.718197622524812e-05,8.690741992511864e-05,5.972955973680045e-05,5.1101553146489724e-05
60,26,1.7214884878286447e-05,7.829725379532182e-05,7.824372555477466e-05,5.4157667587614594e-05,4.5910295327680685e-05
60,27,1.5281692058997625e-05,7.071500522048139e-05,7.058354190969335e-05,4.931853915766283e-05,4.135834336503944e-05
60,28,1.3608126026890207e-05,6.407790733620647e-05,6.379107698225187e-05,4.501931284157014e-05,3.7387452224734175e-05
60,29,1.2153779797394624e-05,5.81696119089592e-05,5.775195206601184e-05,4.118686706122975e-05,3.390987028883497e-05
60,30,1.0885441328162305e-05,5.289732039732578e-05,5.236930955818272e-05,3.7759866359396186e-05,3.083096766106009e-05
61,1,0.017974548386454833,0.0278529987023883,0.02657507417238243,0.024026624159523047,0.02302769999581467
61,2,0.0061042354911964945,0.009317433323724648,0.00922747365532645,0.008298724381198653,0.007928984052650264
61,3,0.0031329613386968636,0.00512033304321442,0.005064202580742732,0.004563643936869198,0.0043355980914386045
61,4,0.0018638519102831023,0.003181337372937194,0.0031614712710048305,0.002887688937133658,0.0027200560826314644
61,5,0.0012089425691703792,0.002224117522089032,0.002172911293102914,0.001977531491622356,0.0018461281716460262
61,6,0.0008316002565207864,0.0016457862724068315,0.0015887245528651479,0.0014266949793513904,0.001321397936457245
61,7,0.0005973800024957307,0.0012572373365234198,0.0012310368807489386,0.0010691354399828656,0.0009876822152005082
61,8,0.00044376150493776926,0.0009837933501788073,0.0009789376436958423,0.0008263715786789021,0.0007608925302759156
61,9,0.0003386011875632791,0.000803981784292949,0.0007942241862242541,0.0006566764341962494,0.0006001251993716543
61,10,0.00026409386326581313,0.0006743006716225833,0.0006547042918519112,0.0005315607262529313,0.00048263873897593705
61,11,0.0002097872933846958,0.0005727632360851544,0.0005467215965824525,0.00043684053999532723,0.0003951163308608823
61,12,0.00016925132477170073,0.0004915435032238258,0.00046446425635339813,0.0003646150855483173,0.0003284568347743955
61,13,0.00013837399691001963,0.00042543864168228244,0.00040084092136342573,0.0003084791850050477,0.00027608025309679667
61,14,0.00011443854402496965,0.0003708637745370214,0.0003489218044936402,0.0002633128271173161,0.00023451313251051913
61,15,9.55991027688502e-05,0.00032527161482111006,0.00030598768090503057,0.00022649089578029215,0.0002009898318403658
61,16,8.057070246955076e-05,0.0002868032889539347,0.0002700753244515669,0.00019612909670807576,0.00017347565510319248
61,17,6.843954368125941e-05,0.0002540705529533925,0.00023973640496992784,0.0001712419146513861,0.0001506625373511187
61,18,5.854337168821027e-05,0.0002260155635844597,0.0002138819291880598,0.00015069784465427766,0.00013164351869974171
61,19,5.039404457441998e-05,0.00020181798060703274,0.00019167917442407413,0.0001332738296918238,0.00011565101132146091
61,20,4.362623560687481e-05,0.00018083182810985386,0.00017248176355095626,0.00011845743619941797,0.00010229341571646744
61,21,3.796273676607823e-05,0.00016254157551096857,0.00015578120218469113,0.00010569918632574951,9.096963503827715e-05
61,22,3.319054836907863e-05,0.0001465309376435025,0.00014117263645689802,9.466051272557584e-05,8.120265833356274e-05
61,23,2.9144120319195187e-05,0.00013246028162945794,0.00012833023068625115,8.512281594961326e-05,7.273389079311508e-05
61,24,2.5693423130269158e-05,0.00012004997823394956,0.00011698917700047638,7.687762077198362e-05,6.53749465488795e-05
61,25,2.2735335748001878e-05,0.00010906793708395624,0.00010693235698737072,6.970447936151242e-05,5.8948263090844255e-05
61,26,2.0187346336664685e-05,9.932013832083325e-05,9.798031900486756e-05,6.3377007079976e-05,5.3299543516680494e-05
61,27,1.798288893030463e-05,9.064334508014106e-05,8.998365369706777e-05,5.7775173416598676e-05,4.833166517478925e-05
61,28,1.606785225422104e-05,8.289942697681178e-05,8.281712787826218e-05,5.280072364577821e-05,4.396769262297911e-05
61,29,1.4397938690390726e-05,7.677935786961578e-05,7.637512399502895e-05,4.8381939295289806e-05,4.012549878816962e-05
61,30,1.2936646823470246e-05,7.137879845588369e-05,7.056806035963189e-05,4.444249432018821e-05,3.670627112934363e-05
62,1,0.01788227755766441,0.0270866589189663,0.026142255219236313,0.024375221575902457,0.023250652074693273
62,2,0.005945510865763361,0.008477467515175263,0.008476230348154413,0.008084295683798853,0.0077667297814560665
62,3,0.0030220999281716293,0.004641367341880537,0.004599357156039124,0.004295508603875566,0.004097115828132815
62,4,0.0017869015543172549,0.002935151506351038,0.002909316307726509,0.0026687510876805985,0.0025275533021224933
62,5,0.0011533139927788192,0.0020176540433825417,0.0019955458420867177,0.0018045192207660078,0.001706464725412079
62,6,0.0007902016928832529,0.001465765561915472,0.0014460104817910042,0.0012908596737804124,0.0012175666311161118
62,7,0.0005659161940108561,0.0011077001818954437,0.0010890926930926812,0.0009649051663234351,0.0009052060102223315
62,8,0.0004194509020535983,0.0008623056376500077,0.0008452802231175495,0.0007446409026388295,0.000694272831287225
62,9,0.00031956138387130117,0.000686989029084835,0.0006717514414459315,0.0005899302057723769,0.0005463723972552165
62,10,0.0002490099799363426,0.0005575776170568261,0.0005440633860842439,0.00047665396983156435,0.0004389234093545221
62,11,0.00019771744032846028,0.00045949726208165673,0.00044769469533966714,0.0003911258180996702,0.0003585937931254515
62,12,0.00015950682825391807,0.000383526501207633,0.00037565833551536155,0.0003251306075651471,0.00029735279559657286
62,13,0.0001304426897486727,0.00032359587853633085,0.00031849147322207476,0.0002733253316739743,0.0002496655862070867
62,14,0.00010793406314832835,0.0002755770338135684,0.0002724130014247149,0.00023266394598927325,0.0002118674167679799
62,15,9.022645794214835e-05,0.00023658265540336043,0.0002347752299192258,0.00019989413574154026,0.00018147399146568058
62,16,7.610234362463119e-05,0.0002045445973487103,0.00020367767739733352,0.00017304306987225498,0.00015663574175645245
62,17,6.469838487705481e-05,0.00017795044907779165,0.0001777265107823453,0.00015079449955678748,0.00013606619997703884
62,18,5.539053515559794e-05,0.00015608607034912222,0.0001558799974257653,0.0001321862915103838,0.00011887435927806322
62,19,4.771987562687669e-05,0.00013783026016916594,0.00013734647796134248,0.0001164926572152357,0.00010450067676121451
62,20,4.134362718121644e-05,0.00012216828582275164,0.00012151536695698738,0.00010323461601515103,9.238328564360694e-05
62,21,3.600211227668581e-05,0.00010865457378053416,0.00010790947388090034,9.18993751433862e-05,8.201295323989567e-05
62,22,3.1496052888732115e-05,9.693463747966118e-05,9.615141324901221e-05,8.219617847768105e-05,7.316608732857322e-05
62,23,2.7670703667185444e-05,8.67234069977649e-05,8.59395240901939e-05,7.38417030394939e-05,6.55533154673681e-05
62,24,2.4404588813940597e-05,7.778941606596084e-05,7.703033154550681e-05,6.656095598182066e-05,5.894317344585365e-05
62,25,2.1601391959792648e-05,6.99430870052451e-05,6.988027957690316e-05,6.019311162298617e-05,5.3177805396451926e-05
62,26,1.918403881876667e-05,6.460041588762676e-05,6.421649537017107e-05,5.475179860985501e-05,4.8204277386848864e-05
62,27,1.709032653339702e-05,5.991419047358074e-05,5.935035778664242e-05,4.993582371128466e-05,4.381233527324277e-05
62,28,1.5269658376024633e-05,5.568972286058086e-05,5.5004106142735474e-05,4.5683362907739195e-05,3.992009892110845e-05
62,29,1.3680578097181781e-05,5.1869127903823154e-05,5.1106357426710863e-05,4.195501950908006e-05,3.6459319111474615e-05
62,30,1.22888893958674e-05,4.840352211787896e-05,4.759763757083753e-05,3.862790944431418e-05,3.3372749457003766e-05
63,1,0.017519707670916578,0.024390510586493937,0.024272299478989446,0.02334592504297,0.02239964213229858
63,2,0.005861492872863919,0.008736545839127783,0.00867780042649919,0.007981573729250211,0.00767299723339899
63,3,0.0029861692574566913,0.004818946695643598,0.004719694262413367,0.00434158971549613,0.0041288303820420265
63,4,0.0017692240446077051,0.0030278581106875577,0.002944065943483098,0.002715825101390582,0.0025765468908391063
63,5,0.001144514841853957,0.0020444634051257756,0.002003350573174174,0.0018460797461877,0.0017443649966552809
63,6,0.0007859388932070017,0.0014480481661847276,0.0014343743126421387,0.001328752572949229,0.0012481676136675407
63,7,0.000564029230156639,0.001088601051241603,0.0010751509294337988,0.0009930870488084815,0.0009326903388389571
63,8,0.00041882230491995036,0.0008594873248144451,0.0008352992537301908,0.000765529822422731,0.0007190485557072738
63,9,0.000319596149537499,0.0006947703736257271,0.0006681692768129465,0.0006090364560613475,0.0005679408950245864
63,10,0.00024938407658772516,0.0005724254249684029,0.0005489766323279104,0.0004958333413396944,0.00045779692335637926
63,11,0.0001982527822960397,0.0004791120307277673,0.00045812082599217777,0.00041114829145582596,0.0003750199007824923
63,12,0.00016010612987506524,0.00040635485643636474,0.00039409608245671304,0.0003455033896601042,0.000311235240791434
63,13,0.00013105420525109812,0.00034855502543808037,0.00034233341779838454,0.0002934954878791087,0.000262069790996847
63,14,0.00010853187525110913,0.00030189190951598503,0.00029979008514383597,0.0002518300047301414,0.00022299531309126903
63,15,9.079920384061756e-05,0.0002649784323613313,0.0002643322687933887,0.00021845320669284753,0.00019132240618972322
63,16,7.664667331624819e-05,0.00023683560797738425,0.0002344249102821776,0.00019138371924188105,0.00016563808190185012
63,17,6.521514536152665e-05,0.00021241004812871679,0.00020893873876059305,0.00016905038218628787,0.00014464595138102802
63,18,5.588255522451414e-05,0.00019105725345090768,0.000187026397636917,0.0001500950769368215,0.0001270921766259444
63,19,4.819070219528832e-05,0.00017227808819139808,0.000168040728425249,0.00013387474629157425,0.00011224736565639705
63,20,4.179683028091054e-05,0.0001556787165658002,0.0001514795557627663,0.00011989418748303143,9.982036071382802e-05
63,21,3.6440929055849786e-05,0.0001409431861254019,0.00013694757440526858,0.00010776668350784453,8.914590157407618e-05
63,22,3.192323133273423e-05,0.00012781427267380803,0.0001241295318688938,9.71863832443195e-05,7.999753036876068e-05
63,23,2.808846110262206e-05,0.00011607983531116479,0.00011277102812052953,8.790858730620352e-05,7.202612153151287e-05
63,24,2.4814633424625248e-05,0.00010556291716969545,0.00010266454872525906,7.983090511134004e-05,6.506872480662992e-05
63,25,2.2004975988976684e-05,9.611443799269358e-05,9.392824635944295e-05,7.281604223126909e-05,5.907135015961216e-05
63,26,1.9582024806082755e-05,8.760771047928295e-05,8.647594476160214e-05,6.656622144507758e-05,5.382217067625224e-05
63,27,1.748325579943687e-05,7.993426065309116e-05,7.975338071201872e-05,6.1026611496223566e-05,4.917352445606934e-05
63,28,1.5657815827590443e-05,7.434684758022211e-05,7.367372133899354e-05,5.611494008950683e-05,4.5027285149270984e-05
63,29,1.4064050399394254e-05,6.959977964213707e-05,6.816272282267188e-05,5.169616885516267e-05,4.131762805680722e-05
63,30,1.2667615342928715e-05,6.527418763974443e-05,6.315652276060367e-05,4.771046470038359e-05,3.798903264989025e-05
64,1,0.017773659521483395,0.03034327718651479,0.028758883639589748,0.024654796864278954,0.02316294556336096
64,2,0.005964990302684539,0.008101378741566703,0.008099405869195352,0.007870474990851101,0.007632017098500218
64,3,0.0030226597401818945,0.004599324457666942,0.004572471007581546,0.004277383687940875,0.004097600589174908
64,4,0.001784497883383844,0.0029574472981088204,0.0029439829431377675,0.0027039260701329994,0.0025600076418790555
64,5,0.0011512312582187857,0.002054008310773518,0.0020513531182784544,0.0018534874313077723,0.0017386276515013832
64,6,0.0007887387849505087,0.0015228291444335438,0.0015072539175945065,0.0013400971449036088,0.0012477120779620702
64,7,0.0005649719852570362,0.0011751855902759182,0.0011503479880990738,0.0010104498276212106,0.0009328270834882584
64,8,0.0004188851884080318,0.0009343149434024823,0.0009032618931494247,0.0007846860687648751,0.0007209041875173994
64,9,0.00031925393360132876,0.0007599337762939543,0.0007316638623072614,0.0006253904915733178,0.0005709425579172309
64,10,0.00024886803348278514,0.0006292275062593467,0.0006049898681835432,0.0005079744432186442,0.00046070501475282564
64,11,0.0001976732656254632,0.0005284756716667822,0.000507767979354118,0.00041946034367335103,0.000377988979483906
64,12,0.00015951284951645287,0.000449014479383458,0.00043139081281786946,0.0003506378328252156,0.00031484622255172404
64,13,0.00013046667548688396,0.00038514635168243366,0.00037020710035307513,0.0002963145663219168,0.00026549506078967866
64,14,0.0001079550540236713,0.00033299287169655386,0.0003203807893421575,0.0002529441591626954,0.0002261964333305379
64,15,9.023155918752488e-05,0.000289834263471004,0.00027923196703524985,0.00021759358544689618,0.0001943540202381665
64,16,7.608429744194487e-05,0.0002537131715271641,0.0002448406400944172,0.00018843892152354682,0.00016832809580942697
64,17,6.46537815246375e-05,0.00022318847396432916,0.0002158002447556864,0.00016447156043643323,0.0001468959492029089
64,18,5.5318520673220875e-05,0.0001971775457014976,0.00019105966847932342,0.0001449635468534291,0.00012887246671088466
64,19,4.762123371476259e-05,0.00017485241054157697,0.00016981930583098487,0.0001284679197025168,0.00011360742620450241
64,20,4.122013691397409e-05,0.00015556969082014755,0.0001514610472279251,0.00011431106249382497,0.0001006112832754995
64,21,3.585610593678919e-05,0.00013882230818876642,0.00013550011887609038,0.00010208267610640084,8.943735971548417e-05
64,22,3.1330117147483994e-05,0.00012420551160116156,0.00012155131403962971,9.145937289852042e-05,7.976940983899561e-05
64,23,2.7487482325544172e-05,0.00011139254342785131,0.00010930489729537842,8.218323522415974e-05,7.135979149044951e-05
64,24,2.420665675705299e-05,0.00010011691546750129,9.850913200563029e-05,7.404633490641472e-05,6.405435400375473e-05
64,25,2.1391178513244106e-05,9.015929921601036e-05,8.895742057899297e-05,6.687939069995922e-05,5.763654404464673e-05
64,26,1.896378495731502e-05,8.133769057884092e-05,8.047870818267947e-05,6.054334402817989e-05,5.2006686019671486e-05
64,27,1.6862064935404888e-05,7.349993393511628e-05,7.29302291738175e-05,5.4947473138621145e-05,4.7043668366092875e-05
64,28,1.5035208583324931e-05,6.651797049426784e-05,6.619195829413074e-05,5.002202416108297e-05,4.263636762497425e-05
64,29,1.3441551374011361e-05,6.028336360979198e-05,6.016231826839533e-05,4.5616014027716134e-05,3.871182184840967e-05
64,30,1.2046699539744258e-05,5.4805867440024596e-05,5.475482447958846e-05,4.166512942935221e-05,3.520836766900757e-05
65,1,0.017905204364930465,0.025124841823010457,0.025069974146331407,0.023901718941131283,0.023064745353466993
65,2,0.006021096517346054,0.00939425644094686,0.008882318794750016,0.00827460574345985,0.007947850196332882
65,3,0.0030520911691512428,0.0047253153115205575,0.0046088021857036586,0.004362487987038152,0.00420988324386365
65,4,0.0017965582166553024,0.0028121905580123356,0.0028081848954748323,0.0026867469021367796,0.0025888336114027
65,5,0.0011540261238051155,0.0019065572157533684,0.0019008428634369893,0.0018110951384607264,0.00173217982184019
65,6,0.0007867415540034298,0.001385746516656126,0.001377666525738981,0.0012927185422905332,0.00122588271607729
65,7,0.0005605455236744404,0.001049079093911069,0.0010402210929397909,0.0009598955915009946,0.0009056528203163119
65,8,0.0004133205592854942,0.0008139689171184592,0.0008075076129864605,0.0007362476278570151,0.000691735681327222
65,9,0.00031327461421216897,0.0006437089693983937,0.0006404826485623854,0.0005808807393839677,0.0005435417121392283
65,10,0.0002428831613952874,0.0005169189620097101,0.0005168133123612187,0.0004697635465613538,0.0004373280746339042
65,11,0.00019191122026514267,0.00042548281307784846,0.00042293303902025525,0.00038677042068268756,0.0003582711941766933
65,12,0.0001540953081397058,0.0003548480895807838,0.0003501944480455941,0.00032306627727636745,0.000297727762862261
65,13,0.00012545133644257796,0.0002990979084261034,0.00029431198693081497,0.00027392241854320396,0.00025031730487869234
65,14,0.0001033610870039781,0.00025582741689180057,0.0002551020646023671,0.0002348532920397337,0.0002129263714194662
65,15,8.605513811104039e-05,0.00022761324386567108,0.00022280800602541163,0.00020324620567464198,0.00018267010678194785
65,16,7.230824389837472e-05,0.0002037109930181014,0.0001959937380234626,0.0001770980031501803,0.00015788114204153854
65,17,6.125361228387976e-05,0.00018326003931605543,0.00017461178284123254,0.00015554344252703876,0.0001374504878868845
65,18,5.226625048732557e-05,0.00016561388131202735,0.0001565994680766878,0.00013741801279373598,0.00012047723821693487
65,19,4.4887753020989875e-05,0.00015027688897339552,0.0001418707293419678,0.00012198494995334659,0.00010619955047377474
65,20,3.877667391243938e-05,0.00013686227571511555,0.00012900937924697087,0.00010875189961025841,9.429386531902756e-05
65,21,3.3675096180039605e-05,0.0001250634696793118,0.0001177130827467424,9.733421998581141e-05,8.411384579963833e-05
65,22,2.9385688923129496e-05,0.00011463415991363724,0.00010774037742619056,8.746813750027356e-05,7.531172036695575e-05
65,23,2.5755693751856492e-05,0.0001053740914413354,9.889588486922246e-05,7.896931055314438e-05,6.765978672761366e-05
65,24,2.2665574077693624e-05,9.711875394177666e-05,9.101969568062497e-05,7.155217599121986e-05,6.0975219318465724e-05
65,25,2.0020854826731937e-05,8.973176169583866e-05,8.397960933892216e-05,6.501333422145048e-05,5.510982054201097e-05
65,26,1.7746178668083586e-05,8.309912949069264e-05,7.766536348854137e-05,5.92265191322763e-05,4.9942411042124055e-05
65,27,1.5780923933369667e-05,7.712490818661166e-05,7.198427433714397e-05,5.408712149079706e-05,4.537310918420851e-05
65,28,1.407593725737684e-05,7.172781166240009e-05,6.685789486418243e-05,4.950784827186684e-05,4.131898129245246e-05
65,29,1.2591071571816186e-05,6.683857784174934e-05,6.221941888125817e-05,4.5415374594380015e-05,3.771069893981339e-05
65,30,1.1293312543636498e-05,6.239788109178275e-05,5.801163985399958e-05,4.1747735010569185e-05,3.44996673125447e-05
66,1,0.017916111853479542,0.027139951132273993,0.02618593248338065,0.02419890059830026,0.023147669343493982
66,2,0.006040858996115728,0.008815755983066742,0.008670739218008901,0.008291985508146582,0.00793077292921213
66,3,0.0030951433318527734,0.0050391729077659325,0.004868499316424203,0.004578760686470947,0.0043385449016930784
66,4,0.0018420278208010868,0.003340450954457491,0.0031850272878100674,0.0029113610449797243,0.0027229838119469884
66,5,0.0011953287238981429,0.002377266917800787,0.002267314880326242,0.002004052636052101,0.0018475684955420834
66,6,0.000822523385895281,0.0017685469793704554,0.001691165088676531,0.001451933648494757,0.0013250385540042025
66,7,0.0005910094267478487,0.0013575023055637525,0.0013039239588781746,0.0010917550401091647,0.000991075092395612
66,8,0.0004391059013651984,0.0010665864321540625,0.001030673766613593,0.0008452718570557269,0.0007626837428042585
66,9,0.00033508834805812425,0.0008533503084689616,0.0008306828636000776,0.0006688335065954661,0.0006013534686531767
66,10,0.00026137595923852503,0.000692751607806932,0.0006800763889739815,0.000540318966647848,0.0004838415939532931
66,11,0.00020764299154712757,0.000569145400108354,0.0005640318225569339,0.0004438145564983338,0.0003953682632027424
66,12,0.00016753385759151675,0.00047352588499659313,0.0004729161305322353,0.00036911949394330824,0.00032785026975892654
66,13,0.00013698233952719419,0.00040516139199282407,0.000400232776241,0.0003106989370976438,0.000275506637130457
66,14,0.00011330080079666816,0.0003496299263202418,0.0003414646134236885,0.0002640778046232602,0.00023383596876718916
66,15,9.466259212835378e-05,0.00030395165934360516,0.0002933893300449105,0.00022629648899474814,0.00020046370580740678
66,16,7.979584257600165e-05,0.0002659618378363974,0.00025365763623592713,0.00019560606303224175,0.0001733346782748769
66,17,6.779596066593033e-05,0.0002340570712412409,0.00022052422629374846,0.00017022841828512355,0.00015085389641900803
66,18,5.8007345320506275e-05,0.00020702946652622703,0.00019267103590492947,0.00014920651824484773,0.00013205360477435164
66,19,4.994678132634883e-05,0.0001839553308186339,0.00016908812783766108,0.0001317357858269878,0.00011620209484362243
66,20,4.325266781101792e-05,0.00016411877277876678,0.0001489916070160112,0.0001170750505924578,0.00010273824584804361
66,21,3.765066550482445e-05,0.0001469582025004796,0.00013176593367423466,0.00010449220820881926,9.133292508088766e-05
66,22,3.293001704802116e-05,0.0001320281994600238,0.00011821056377170131,9.361989969145323e-05,8.151094449633841e-05
66,23,2.8926947139460815e-05,0.0001189719031652603,0.000107043067167709,8.418337385073484e-05,7.305120291887263e-05
66,24,2.5512845754328265e-05,0.00010750073850284191,9.722011703803083e-05,7.5977504317933e-05,6.577491158482756e-05
66,25,2.2585737019593147e-05,9.73793359437991e-05,8.8542201813143e-05,6.883637659731193e-05,5.950098483444577e-05
66,26,2.0064039784880366e-05,8.841418434662681e-05,8.084523035275368e-05,6.25281917083221e-05,5.4050006732118226e-05
66,27,1.7881949183761958e-05,8.04450008602116e-05,7.399324315177833e-05,5.6949888752212e-05,4.9229555446741125e-05
66,28,1.5985979729864636e-05,7.333810231939801e-05,6.787281484985929e-05,5.1997310916447614e-05,4.495097466940012e-05
66,29,1.4332350794665352e-05,6.698126711991824e-05,6.238871448140531e-05,4.757397692201235e-05,4.1140417436756456e-05
66,30,1.2884989895339835e-05,6.127971821422275e-05,5.746051093557488e-05,4.361220342468142e-05,3.773598322030849e-05
67,1,0.017661076340774247,0.02691330672168382,0.025912411655276885,0.024011838790199143,0.02276014126039596
67,2,0.005926586315377371,0.00833504711363659,0.00822999565841976,0.0077547705956684835,0.007511471017176113
67,3,0.0030272809782205244,0.004520312858605002,0.004499757064909555,0.004219603436423619,0.004061943393547945
67,4,0.0017947736678291949,0.00303190656569145,0.0029161490689082045,0.002655566340207079,0.0025308563979047523
67,5,0.0011605833553885137,0.002171985012258417,0.002036435358769803,0.0018210955604283177,0.0017118795987118543
67,6,0.0007964189866658314,0.0016272675632253996,0.0014999078234124799,0.0013180657281986474,0.00122436113148435
67,7,0.0005711227585827389,0.0012597672288591725,0.0011505238261437058,0.000993364524774572,0.0009123883366916649
67,8,0.0004237903870805692,0.0010001194451941297,0.0009056979800522459,0.0007716179426483572,0.0007010283567554215
67,9,0.0003231831316873894,0.0008100589384411425,0.0007275725297937682,0.0006132356584752272,0.000552631382643153
67,10,0.00025204372072682064,0.0006669563639718071,0.000594117659606989,0.0004967247812479419,0.00044414054861970635
67,11,0.000200269484129679,0.0005566902288822728,0.0004917437129894935,0.0004095128889020057,0.000362782605200919
67,12,0.00016166259776213916,0.00047006333760214264,0.00041400961135970615,0.00034189994751154253,0.00030090773870807507
67,13,0.00013227056209504372,0.0004008732912523014,0.0003542917357795351,0.00028849959782619583,0.00025245079209544987
67,14,0.00010948893458214075,0.0003448142493197094,0.00030588325525984306,0.0002456549340885806,0.00021439684976180855
67,15,9.155265454598373e-05,0.00029882259626914844,0.0002660818034921046,0.0002108124285489883,0.0001836055279381276
67,16,7.723589238053277e-05,0.00026067190159886075,0.00023295336109635664,0.00018214515818601543,0.00015836147659986866
67,17,6.566876099321839e-05,0.00022871393704126567,0.0002050841652083802,0.0001585235669284522,0.00013754770340268597
67,18,5.622200625775717e-05,0.00020170840786154455,0.00018142098260479848,0.00013919076859640205,0.00012009654204154734
67,19,4.8432541888103996e-05,0.00017870826786226164,0.00016116564034935238,0.0001229696707574412,0.00010545696276794625
67,20,4.1954232490136015e-05,0.00015898081428967461,0.000143703803252476,0.0001090765397472858,9.316256106158723e-05
67,21,3.6524681805428845e-05,0.00014195236818061955,0.00012855590151960816,9.710265289413788e-05,8.270886204033332e-05
67,22,3.194239771308925e-05,0.00012716883246094272,0.00011534270017778158,8.672542828034856e-05,7.372062888791725e-05
67,23,2.8050822529535582e-05,0.00011426714176332433,0.00010376073856220203,7.768730818048782e-05,6.600556228563074e-05
67,24,2.4726989594576484e-05,0.0001029543110035288,9.356454242345064e-05,6.978047835282289e-05,5.929690656360098e-05
67,25,2.1873350018235582e-05,9.299186698801514e-05,8.455355915137867e-05,6.28356480567141e-05,5.343246122338103e-05
67,26,1.9411805422976232e-05,8.418414678937229e-05,7.698065646240918e-05,5.6713700149592394e-05,4.830506512862002e-05
67,27,1.7279297661920196e-05,7.636940923102187e-05,7.05630968436747e-05,5.129939916508973e-05,4.3769726022957e-05
67,28,1.5424511957079584e-05,6.941301694491188e-05,6.482765954081562e-05,4.6580574655929475e-05,3.974528830640607e-05
67,29,1.3805386040734831e-05,6.320215894071928e-05,5.968523887788615e-05,4.243160636351129e-05,3.616377937217892e-05
67,30,1.2387209445975495e-05,5.7641730787411134e-05,5.506075042897274e-05,3.8753695205159445e-05,3.2971840887639535e-05
68,1,0.01764727186643381,0.027728903769682938,0.02696597370677225,0.024262778157574553,0.022968312393957736
68,2,0.00587322324517811,0.009943010085357034,0.00897589154877072,0.008019896066436178,0.007655380526540736
68,3,0.002998330868769709,0.0056762241227627614,0.005009138392837233,0.0043315917911042915,0.004120356024368958
68,4,0.0017781428823502449,0.0036877778183826903,0.0032310695857451608,0.002711661505390212,0.0025667399459595843
68,5,0.0011515434466553536,0.002586163360575584,0.002252881561042992,0.0018615760948043195,0.0017381713704336024
68,6,0.0007920556637884126,0.0019076448540017736,0.0016506195646326855,0.0013613165255212394,0.001253326826089082
68,7,0.000569656251510616,0.001458445028274478,0.001254757869494839,0.001033806544815772,0.0009447957078178611
68,8,0.0004241245875517219,0.0011451933598059089,0.000985300491874825,0.0008123875248925241,0.0007359263561220327
68,9,0.0003246305790070049,0.0009180397592530853,0.0007988757767458331,0.0006526745577953046,0.0005867623027257658
68,10,0.0002541657278061201,0.0007482355630556942,0.0006584585441265407,0.0005339748689710312,0.0004774028718270391
68,11,0.00020278240264586585,0.0006181785224215355,0.0005499762229066239,0.0004436158034848879,0.00039491237188685175
68,12,0.00016438137867366045,0.0005165647546744662,0.00046443670989801476,0.00037278002004003194,0.00033139799879288595
68,13,0.0001350739958477341,0.00043584782781835537,0.0003958487914318355,0.0003168459213216738,0.0002811696100250642
68,14,0.0001122977854134205,0.0003708250900453059,0.000340079742103246,0.00027236570769640994,0.00024085778840663173
68,15,9.431564048265192e-05,0.000317811300874549,0.0002941946089619004,0.0002358074781506464,0.0002080121649775201
68,16,7.992053592726967e-05,0.0002741350824640861,0.00025605699222442746,0.00020543289293453436,0.00018101698842497264
68,17,6.825532203065501e-05,0.00023782103287993249,0.00022407859252258024,0.00018032765813903734,0.00015860357545967874
68,18,5.8699401146992456e-05,0.00020738283653606743,0.00019705688938652827,0.00015908488164529966,0.00013985376166577773
68,19,5.079556480243946e-05,0.00018168499533281502,0.00017406690647403582,0.00014096002571577294,0.00012404411306692073
68,20,4.420164444022777e-05,0.00015984824236315315,0.00015438721632290815,0.000125396114776956,0.00011054104337358814
68,21,3.865788644018487e-05,0.0001411834892273095,0.0001374482235916448,0.000112043569933345,9.887554483678225e-05
68,22,3.3964519193203074e-05,0.00012514484305711803,0.00012279530264675377,0.00010054201254383526,8.874183849441708e-05
68,23,2.996606206085945e-05,0.00011129563172455889,0.00011006205828219953,9.050941566205229e-05,7.989521975045795e-05
68,24,2.654017691349521e-05,9.928346725500452e-05,9.895062219421173e-05,8.172033966480014e-05,7.213780956146163e-05
68,25,2.3589632270782402e-05,8.9612159397011e-05,8.921692694161069e-05,7.410301608738802e-05,6.530807642115207e-05
68,26,2.1036433377877984e-05,8.164369707564416e-05,8.136801153808013e-05,6.738279097176478e-05,5.927302489339572e-05
68,27,1.8817481084778727e-05,7.46479512158568e-05,7.460975925536036e-05,6.142603431054933e-05,5.396107652494333e-05
68,28,1.6881324161191172e-05,6.887738771936886e-05,6.857720986199529e-05,5.613945678039255e-05,4.924221340764521e-05
68,29,1.5185703341846108e-05,6.369572206831864e-05,6.317759680332866e-05,5.149910594926338e-05,4.5029743687613626e-05
68,30,1.3695675276853959e-05,5.903053969460246e-05,5.833188336248205e-05,4.733976286936619e-05,4.1309793020263484e-05
69,1,0.01781326062545384,0.027059052405093764,0.026686138364417376,0.02460546136764346,0.02300671325912028
69,2,0.005939503909567292,0.008732954272454775,0.008705693077558918,0.008174057634379641,0.007839734947000326
69,3,0.0030277183014159013,0.004927540398681575,0.004893059440926033,0.004376788557753671,0.004202933141052427
69,4,0.0017934667508495566,0.003234715424488909,0.0031522963697549044,0.002754730555816874,0.0026191756040974522
69,5,0.0011602390575475522,0.0022993955231743767,0.0021936763524317386,0.00189026096185109,0.0017809729726343034
69,6,0.0007973265778175189,0.0017188891322483578,0.0016066509169974518,0.0013773615700915336,0.001288713225604809
69,7,0.0005730190750849625,0.0013317223806152485,0.00122135785838297,0.0010495866586543467,0.0009731464434300195
69,8,0.00042635030462940724,0.0010597775861826903,0.0009564314260846953,0.000823463488771383,0.0007589172981229592
69,9,0.00032613957892482824,0.0008611022150632232,0.000781045363374999,0.0006617379984887497,0.0006058360125127645
69,10,0.0002552025657692119,0.0007113958519984864,0.0006501970656379713,0.0005419708954434051,0.0004934191788414177
69,11,0.00020349765297516184,0.0005957399290769453,0.0005474891934032723,0.000450262907647306,0.00040837073701701114
69,12,0.00016487226430949916,0.000504538760256998,0.00046532142745902335,0.00037851892146283675,0.00034222322019026376
69,13,0.00013540568814267507,0.0004313796526013266,0.0003985688862515546,0.0003217164260356527,0.0002901464315036923
69,14,0.00011251519906156693,0.0003718374365485916,0.0003436519629875618,0.00027633163708255413,0.0002484382769692987
69,15,9.445032924473379e-05,0.0003227739242802678,0.0002979949627565227,0.00023947637795499865,0.00021449768712363278
69,16,7.999494091651244e-05,0.00028191056927676946,0.00026051041141495276,0.0002089573607957275,0.00018660975716206272
69,17,6.828551634606973e-05,0.0002475586765325894,0.00023061140990962456,0.00018339310612896777,0.00016336048209032473
69,18,5.869693550953667e-05,0.0002184439316231413,0.00020518904818074178,0.000161818093924664,0.0001440313098939596
69,19,5.076874796489673e-05,0.0001935892545315223,0.00018340858400321252,0.00014359866269141378,0.000127576491488369
69,20,4.415645157315992e-05,0.00017223476046100513,0.00016462207729899707,0.00012803567113214742,0.00011355743937060438
69,21,3.859861307341237e-05,0.00015378193117454364,0.00014831992607296593,0.00011461754841731952,0.00010148219257483852
69,22,3.389425588909815e-05,0.00013775394262515234,0.00013409656716371362,0.00010313171881063475,9.09909406197044e-05
69,23,2.9887040082097974e-05,0.00012376699526272727,0.00012162577796151293,9.310634376508468e-05,8.189513446260669e-05
69,24,2.6454019763516396e-05,0.0001115092765430038,0.00011064261044449892,8.444334547990908e-05,7.391085292141298e-05
69,25,2.349753800955017e-05,0.00010113466577078507,0.00010092998648638087,7.679362054759198e-05,6.687395142744006e-05
69,26,2.0939305856883427e-05,9.341309819299728e-05,9.230862109079499e-05,7.001273877988634e-05,6.064932480508306e-05
69,27,1.871602349767169e-05,8.648832810159097e-05,8.462935607350521e-05,6.398087817385995e-05,5.5124879536824255e-05
69,28,1.6776104878641992e-05,8.02572945930265e-05,7.776726291844021e-05,5.859792941759391e-05,5.020693473875413e-05
69,29,1.507720147570649e-05,7.463302178279542e-05,7.161706008810225e-05,5.37797094464175e-05,4.586728428464385e-05
69,30,1.3584311536879118e-05,6.954166982597481e-05,6.608951803840588e-05,4.945500414892792e-05,4.1990878723697535e-05
70,1,0.017469653952729928,0.024305433636079166,0.02398754037010545,0.023273411279208248,0.022326899728680228
70,2,0.005910685825641435,0.00885486810488625,0.008742539524300555,0.008076362316026658,0.0077345021365659685
70,3,0.0030104798382307196,0.00492535176003263,0.004839245540248763,0.004442418134336205,0.004181863799751932
70,4,0.0017796732720818777,0.0032031137052053148,0.003136610736427195,0.0028282718048918193,0.002614876839865626
70,5,0.001148144957917619,0.0022615687929757166,0.002204235812948153,0.001953868015226372,0.0017785600376590803
70,6,0.0007863244686612585,0.001684147872233262,0.0016338833682293858,0.0014226725590562178,0.0012809127367642537
70,7,0.0005628702715776211,0.0013031581477734183,0.0012583899752608718,0.0010789766701278425,0.0009628325572005449
70,8,0.00041694904633064365,0.0010379959120227033,0.00099754452173375,0.0008422730460492085,0.0007457149151066536
70,9,0.00031742772276886067,0.000845735720457531,0.0008087403934741858,0.0006734682569673265,0.0005912392008506189
70,10,0.0002471389437679439,0.0007017355080789724,0.0006675680758218329,0.0005500716304659029,0.0004784746548757172
70,11,0.0001960464092548518,0.0005909954588851488,0.0005591925919085495,0.0004559760449500959,0.00039380124007998426
70,12,0.00015799857032670897,0.0005039452048605993,0.0004741601898943891,0.0003826727878371138,0.00032897531864388955
70,13,0.00012907449138314177,0.0004342382624738188,0.00040620742826949507,0.00032453481818190956,0.00027826613893662435
70,14,0.00010669121012001763,0.00037752814678239534,0.0003510475126814002,0.00027773540175262865,0.0002378281936227437
70,15,8.90984505563156e-05,0.00033075554911704135,0.0003062341344981679,0.0002396526352911416,0.00020511716809701384
70,16,7.50807828090678e-05,0.00029171585749300066,0.0002688553593105554,0.000208207470889873,0.0001782274435322653
70,17,6.37758529657988e-05,0.00025878744187478526,0.00023729827216112674,0.00018198335320701616,0.0001558461709044472
70,18,5.4560051216690014e-05,0.0002307557189598351,0.00021042689708169375,0.000159920484019319,0.0001370428991422827
70,19,4.697466967481568e-05,0.00020669620281440766,0.00018737307358641909,0.00014130697370385182,0.00012111447366498686
70,20,4.0677081124153406e-05,0.0001858949512817748,0.00016746323631680496,0.00012557049769229838,0.0001075215601243921
70,21,3.54077795279122e-05,0.0001677933346645604,0.00015016766464301222,0.00011228367102917314,9.590709731693054e-05
70,22,3.096770759234907e-05,0.00015194898663818248,0.0001350646338375974,0.00010075788162618052,8.588875027003204e-05
70,23,2.7202393790153045e-05,0.00013800774173725579,0.0001218146548071081,9.070275902106522e-05,7.717597973393721e-05
70,24,2.3990680921434867e-05,0.0001256831685763979,0.00011014167245548163,8.18901382866045e-05,6.959203736089811e-05
70,25,2.123660310693663e-05,0.00011474144115671758,9.981914578831434e-05,7.41341274011687e-05,6.293567200371834e-05
70,26,1.8863455037487876e-05,0.000104990017706433,9.065960614476143e-05,6.72819962835374e-05,5.70697550919143e-05
70,27,1.6809409345757182e-05,9.62690723027738e-05,8.250672897995646e-05,6.13358238398665e-05,5.188122476110985e-05
70,28,1.502424153115525e-05,8.844494149579944e-05,7.52292461025775e-05,5.6058469459333025e-05,4.7276185611745144e-05
70,29,1.3466856854924973e-05,8.140506279460263e-05,6.87162220027936e-05,5.1341784942677604e-05,4.317613767536659e-05
70,30,1.2103404489367123e-05,7.505402940728497e-05,6.287335271123737e-05,4.711480973615559e-05,3.951504637894492e-05
71,1,0.018021977697284867,0.02866933970266795,0.0279872205726318,0.025311097382400966,0.02367299306016752
71,2,0.0060979347345833206,0.008903392232521403,0.008882915562621878,0.008189110451260974,0.007911847146500851
71,3,0.0031245503411027743,0.0047928771382925155,0.00479032957328449,0.004474267425354552,0.004238297922992555
71,4,0.001861102202517964,0.003177919288449387,0.0030987517288904227,0.0028372914987007617,0.0026647029843703427
71,5,0.0012096542279491677,0.002269422136383325,0.0021786705337194993,0.001953054934795296,0.0018195486123112018
71,6,0.0008341329052787376,0.0017038647700894514,0.001633766704226471,0.0014137767732468954,0.0013126984650736902
71,7,0.0006008836900817207,0.0013261930333900386,0.0012664014360120527,0.0010642855581004544,0.0009854264070422625
71,8,0.00044777435485028464,0.0010606599884720516,0.00100600560240067,0.0008262106088956193,0.0007628160785593059
71,9,0.0003428580344972715,0.0008664739128570498,0.0008144569315735539,0.0006571702424181459,0.0006047525529897029
71,10,0.000268434963176996,0.0007199840215341773,0.0006694840717057688,0.0005324396011076648,0.0004893875940074333
71,11,0.00021411287906532522,0.00060666029016147,0.0005572617325934883,0.000438935349607517,0.0004030060714364489
71,12,0.00017349760244977585,0.000517150807125577,0.0004687856576692047,0.0003690179625177578,0.00033627942229192114
71,13,0.00014249982581121523,0.0004452023602160763,0.00039796058375923896,0.0003143180692648746,0.00028402966883941266
71,14,0.00011841766506102795,0.00038649863412238685,0.0003405281676629284,0.00027016714916246453,0.00024250599385156152
71,15,9.941538564356742e-05,0.00033797908608170516,0.00029526040556858104,0.0002346238443731811,0.00020880836316080763
71,16,8.421510193349225e-05,0.00029742301959923733,0.0002609092517263622,0.00020530345465576242,0.0001811557055493199
71,17,7.190806534864265e-05,0.0002631865862616891,0.00023182324524144394,0.00018069633074792354,0.0001584441270851259
71,18,6.1835659979942e-05,0.0002340314020435196,0.00020697279059121292,0.0001601102470874122,0.00013957411971809124
71,19,5.351237085744988e-05,0.00020900989876421801,0.0001855735619353177,0.000142671955012663,0.00012370285608410975
71,20,4.657475469395061e-05,0.0001873868473882437,0.0001670186163772734,0.00012764119680666366,0.00011021180851389623
71,21,4.074693041991786e-05,0.00016858454176251684,0.000150831572415854,0.00011460354794689866,9.867624815815315e-05
71,22,3.581680357164813e-05,0.00015214381443404926,0.00013663369582697969,0.00010323110265078902,8.870299119488425e-05
71,23,3.1619407400996954e-05,0.00013769586258693842,0.00012412035804670207,9.326136333106655e-05,8.00491234992396e-05
71,24,2.8025049531623415e-05,0.00012494158967639706,0.00011304392954782422,8.458481676684051e-05,7.244767058442763e-05
71,25,2.493075800437644e-05,0.0001136362578011461,0.00010320116694830786,7.710080699750695e-05,6.57425744304287e-05
71,26,2.225402740319786e-05,0.00010357794811259859,9.4423787391902e-05,7.043284105614619e-05,5.983660305705072e-05
71,27,1.9928191073988943e-05,9.459878828879328e-05,8.657133621077566e-05,6.447276490581137e-05,5.463327761254168e-05
71,28,1.78989579614308e-05,8.655821519922265e-05,7.952572670813781e-05,5.917283135481432e-05,4.9990555569358666e-05
71,29,1.6121793669445056e-05,7.933775122465785e-05,7.318701433547474e-05,5.4462946488382896e-05,4.5835972147070686e-05
71,30,1.455992041424944e-05,7.283691798176846e-05,6.747009274264796e-05,5.0213162435878186e-05,4.213543674338155e-05
72,1,0.017555662706386935,0.02511746902056765,0.024930319401044003,0.023856636762158732,0.022848656233206747
72,2,0.005925400373634249,0.009745772395385646,0.009345770469649788,0.008317124505992281,0.00792275516933305
72,3,0.0030391620990093625,0.005458842258347761,0.005214754429935358,0.004534095795233632,0.004298608462459217
72,4,0.0018053975126708476,0.0035035576995481412,0.0033368260472571003,0.002866043491312995,0.002694566217440924
72,5,0.0011687055016667625,0.0024322448298861165,0.0023107095333357915,0.0019621906840941346,0.001831732826170239
72,6,0.0008023078844236653,0.001779264955239369,0.001686637390307472,0.0014164882978804484,0.0013122294355884581
72,7,0.0005752305500591638,0.0013515659036247986,0.001278523028094398,0.0010612796790067684,0.0009776419559056491
72,8,0.0004265473481020361,0.001056400431663627,0.0009971707495812442,0.0008205946118070146,0.0007522726041768104
72,9,0.0003249484162406878,0.0008444387047471125,0.0007952555694448148,0.0006494827147799358,0.0005937974206224988
72,10,0.00025310020083168903,0.0006873816414236846,0.0006456927547154373,0.0005253123006995271,0.0004778789055123519
72,11,0.00020083290385553514,0.0005680144124745128,0.0005320410811347022,0.00043099963090282456,0.00039187502824838163
72,12,0.0001618939737768828,0.0004753628717256805,0.00044383809354173436,0.0003578685605983698,0.00032624331996753683
72,13,0.00013228799923318806,0.00040215846808909657,0.00037416350773877274,0.0003003960081781724,0.0002745628735481975
72,14,0.00010937766461248737,0.0003434314027634196,0.00031828987159539875,0.00025476120670340206,0.00023338689121418896
72,15,9.137312501580265e-05,0.00029569110511501803,0.0002728982173370583,0.00021790978736808893,0.0002003032410032465
72,16,7.703009407240857e-05,0.0002564289255983288,0.00023560310526349882,0.00018854599407035848,0.00017312249459090773
72,17,6.546508640823343e-05,0.00022380564372608455,0.00020465478280947482,0.0001645766710336373,0.0001505615809924596
72,18,5.6038932644608936e-05,0.00019644910575863513,0.00017874667573361785,0.0001443920194411998,0.00013166567887166992
72,19,4.82813964984238e-05,0.00017331969805963417,0.00015688762974133528,0.0001272627223220626,0.00011578658345077312
72,20,4.184125255936323e-05,0.00015361883419812134,0.00013831512784497088,0.00011262666801199193,0.00010234151777390839
72,21,3.6452538498980856e-05,0.0001367254232329962,0.00012243511169795145,0.00010028368758076574,9.082523786246358e-05
72,22,3.1911315949590255e-05,0.00012215095825642849,0.00010877947449270981,8.969780985510795e-05,8.090389103607504e-05
72,23,2.8059398038110173e-05,0.00010950724957258548,9.716775561910667e-05,8.047502775842561e-05,7.23117512046464e-05
72,24,2.477278031282789e-05,9.848290209699211e-05,8.834369731137748e-05,7.240331635425292e-05,6.48813799674102e-05
72,25,2.1953300066277067e-05,8.882593956419784e-05,8.058005805735985e-05,6.530998217285107e-05,5.841854175376908e-05
72,26,1.9522545397956283e-05,8.033081421444168e-05,7.371688480219035e-05,5.92051084582338e-05,5.273915231025524e-05
72,27,1.7417353973928168e-05,7.282858778008436e-05,6.762323579107671e-05,5.380480329268403e-05,4.773518084216968e-05
72,28,1.558644959808237e-05,6.617943414128887e-05,6.219110473503023e-05,4.907857043718226e-05,4.3360583444561346e-05
72,29,1.3987902916075213e-05,6.0266860923034044e-05,5.733076975775959e-05,4.495571088371563e-05,3.947330723665816e-05
72,30,1.2587195707479382e-05,5.499321706030759e-05,5.296720047410099e-05,4.126466092027218e-05,3.6014949426243676e-05
73,1,0.017415019808074167,0.02864138853462148,0.0269143886724188,0.02291350428153447,0.021896708834152477
73,2,0.005926298067907292,0.008840270328406605,0.008820649375041704,0.008040303250453304,0.007663444108096345
73,3,0.003012088164222483,0.0050561698531300155,0.004840445461656911,0.004292764744648682,0.004095926162596396
73,4,0.0017744092569954774,0.003280095540167326,0.003049176686866493,0.0026775995955785705,0.0025441874571174162
73,5,0.0011405491740538295,0.0022836540337017996,0.002089220544271017,0.0018267465434357957,0.0017205197640596075
73,6,0.0007783118485756595,0.0016659326434356706,0.0015063718354889968,0.0013146739987866397,0.0012370392715025638
73,7,0.0005552337598680567,0.0012568144955790684,0.0011303960264991498,0.0009857043321474489,0.0009280971883660945
73,8,0.00041000064746853185,0.0009728277147732263,0.0008787492114475663,0.0007680736093036789,0.0007176922802169963
73,9,0.0003112574001566586,0.0007686484932874052,0.0006966022719927924,0.0006121789389680123,0.0005689662432642739
73,10,0.00024173151514359032,0.000617760277593712,0.0005715584990578052,0.0004985783068009478,0.00046031257291634305
73,11,0.00019133966738385695,0.000503746989691568,0.00047604619374214547,0.00041224375604324777,0.0003785168637352748
73,12,0.00015391317662671457,0.0004159877181358649,0.000401365518678535,0.0003459740259230679,0.00031578495245692263
73,13,0.0001255291714708098,0.00034736441122850857,0.0003419645990531256,0.00029326545016853365,0.0002662213786780174
73,14,0.00010361002855399637,0.00029508395056836764,0.00029402542538013157,0.00025071681381214756,0.00022664082138633136
73,15,8.64138156167852e-05,0.0002603737732432769,0.00025484952893516463,0.00021593507529541438,0.00019451863521573044
73,16,7.273419841784314e-05,0.0002310325102890347,0.00022248451471316598,0.00018751650130393105,0.0001680834279543904
73,17,6.17175429441651e-05,0.0002060151617781777,0.00019548888241194889,0.00016404213855029966,0.0001461108964217187
73,18,5.2748078716893745e-05,0.0001845260345347637,0.00017277935852906686,0.00014429213382309775,0.00012778565916519717
73,19,4.537388903800621e-05,0.00016594813686865057,0.00015352912394782484,0.0001276859873281096,0.00011243235893245399
73,20,3.9258096747817544e-05,0.00014979547951987602,0.00013709836171832418,0.00011350483202964207,9.935033921261054e-05
73,21,3.414599453598412e-05,0.00013568003421559986,0.00012334447861759903,0.00010128188036409341,8.821651242478602e-05
73,22,2.9842494364918725e-05,0.00012328832038501576,0.00011179780894918519,9.069844547548164e-05,7.866810603511301e-05
73,23,2.61963914264465e-05,0.0001123644706597927,0.00010162072243782475,8.156998581878422e-05,7.039178742571212e-05
73,24,2.308921133821586e-05,0.00010269775387284773,9.261287630557471e-05,7.357134154382925e-05,6.319098346968316e-05
73,25,2.042719175679637e-05,9.411322819722168e-05,8.4609353047761e-05,6.653480103903215e-05,5.69305645746643e-05
73,26,1.813544067640431e-05,8.6464633928742e-05,7.747328121294747e-05,6.032215230895435e-05,5.148407487600749e-05
73,27,1.6153627860133685e-05,7.962891647239983e-05,7.109021869309309e-05,5.488831208686929e-05,4.671793102888416e-05
73,28,1.4432770394980657e-05,7.350195463646952e-05,6.536382705076882e-05,5.0095766341118094e-05,4.24971548896727e-05
73,29,1.2932808686922071e-05,6.799519286097303e-05,6.0212504037838816e-05,4.5821412251528745e-05,3.8747926703378165e-05
73,30,1.1620760079765788e-05,6.303296019245532e-05,5.556673593721559e-05,4.1998693738119414e-05,3.5418900097995804e-05
74,1,0.017796870572379987,0.028817109253026274,0.027203009242604312,0.02465763157944267,0.02341290357887226
74,2,0.006042078409653142,0.009450489961177356,0.009114781854683507,0.008319560262715776,0.007912499140160626
74,3,0.003092569340460725,0.005380809375867153,0.005232212261166614,0.00450975913871084,0.004258700632513199
74,4,0.0018380541407478463,0.0034427316035206545,0.003389232354966511,0.0028284515715704143,0.002649197850827652
74,5,0.0011922353358151737,0.0023598520765906804,0.002354633878035226,0.001926505987236976,0.0017906549962293141
74,6,0.0008207680816824925,0.0017339068982554875,0.0017145470524549743,0.0013912019560968262,0.0012797360844044718
74,7,0.0005904678412122226,0.0013232004810628851,0.0012918768860552554,0.0010462047999553266,0.0009544014084513809
74,8,0.00043951851330813625,0.001035615910180545,0.0009992138530974678,0.0008149172783205401,0.0007372744713864307
74,9,0.0003361987780876678,0.0008267735533702766,0.0007890893275767626,0.0006492871773428316,0.0005842647130834004
74,10,0.0002629694494320005,0.0006707210916710523,0.0006338338854880341,0.0005274824545195509,0.0004747872051286919
74,11,0.0002095513470375435,0.000551398720124921,0.0005164108925016518,0.00043602817935698096,0.00039295138749447043
74,12,0.00016962989892374636,0.00045841207895088473,0.00042625359119826696,0.00036664639509150925,0.00032946632045856007
74,13,0.0001391720518036739,0.00038478357838343065,0.0003604266717287328,0.000311741293753858,0.00027923471658896135
74,14,0.00011551595104564533,0.0003256852061232158,0.0003071028587379906,0.00026734665409277177,0.0002388829620844991
74,15,9.685458394949171e-05,0.0002776897645308281,0.00026340467711542673,0.00023124664985583147,0.00020616927782632846
74,16,8.193085966944473e-05,0.00023831054228378703,0.00022769184826397268,0.00020183866874639734,0.0001794179339187124
74,17,6.98512241009139e-05,0.0002057086208796483,0.00019841620025321102,0.0001777986238728747,0.00015718414296794447
74,18,5.996826561566889e-05,0.00017850130124049575,0.00017365994247061219,0.00015749071289464646,0.00013842982720107592
74,19,5.1804805498724315e-05,0.00015563351597357077,0.00015295605107214585,0.0001402653183303376,0.00012255254670331912
74,20,4.5003657245182435e-05,0.0001362895863201965,0.0001353553454642376,0.00012563075464011185,0.00010897697684920182
74,21,3.9293676001614764e-05,0.00012130842184646879,0.00012098510220535206,0.00011292654567727933,9.729081783303313e-05
74,22,3.4466382533505704e-05,0.00011108668644773463,0.0001098757963581898,0.00010184044022021766,8.71614471484329e-05
74,23,3.0359592436230297e-05,0.00010198076704216327,0.0001000697854021401,9.21209195877793e-05,7.833693140745898e-05
74,24,2.6845772219127342e-05,9.383822506149709e-05,9.17297270057454e-05,8.356335245389806e-05,7.061392949402836e-05
74,25,2.3823638780816415e-05,8.653244299798735e-05,8.488255695594137e-05,7.59997484796968e-05,6.382680145794508e-05
74,26,2.121201877465719e-05,7.995731024948785e-05,7.869780441187264e-05,6.929106948265822e-05,5.788334387749276e-05
74,27,1.8945304990701682e-05,7.40231972358699e-05,7.309326237101693e-05,6.332138602857664e-05,5.262558814138599e-05
74,28,1.6970056158819354e-05,6.86538613969813e-05,6.799978199986926e-05,5.799338439634856e-05,4.8007531907719804e-05
74,29,1.5242425411048245e-05,6.378403815434515e-05,6.335870358938617e-05,5.3224874521889086e-05,4.389875871660158e-05
74,30,1.3726196129842895e-05,5.935754287952413e-05,5.911988167383252e-05,4.8946048854504354e-05,4.0225903149035324e-05
75,1,0.017814169043283336,0.026329927038634012,0.025540815528423633,0.02366059761307437,0.02281421182623736
75,2,0.006009227377861558,0.008504221985137695,0.008406584513452322,0.008050715679086311,0.0078125693229637
75,3,0.0030786198594499204,0.004787732962087953,0.004739957997864999,0.004425189295747565,0.004252913344538664
75,4,0.0018296819385799452,0.0030633258275676437,0.0030620708810256874,0.002835787307663884,0.0026797919994654296
75,5,0.0011855064131540917,0.0021666454751019864,0.002145486848290487,0.0019742691036266045,0.001835364320051772
75,6,0.0008149208385537401,0.0016179016276476384,0.0016010141779761711,0.0014531748957991198,0.0013313094534991583
75,7,0.0005852977934022262,0.0012543165662994048,0.001239269061734979,0.0011101952163378608,0.0010039349533662889
75,8,0.00043493724697912404,0.0009997267176358818,0.0009855077120528232,0.0008757253159760366,0.0007809754517759257
75,9,0.000332145676927866,0.0008138928947970753,0.0008000704631747166,0.000706071522506887,0.0006237884675980431
75,10,0.00025939152230306553,0.0006737934447729017,0.0006635858466604562,0.000579025271191141,0.0005079528642120615
75,11,0.00020639883587974053,0.0005654160273873459,0.0005596350230962807,0.00048148404957107084,0.0004206729545051326
75,12,0.00016685607589357978,0.00047979960928646275,0.0004774971995480436,0.0004050494558766653,0.000352742476904835
75,13,0.00013673376340777414,0.00041188880549824104,0.00041143305729406863,0.0003441240294918566,0.0002989022448061312
75,14,0.00011337401537676704,0.0003601490258105353,0.0003574945546140382,0.00029538726820511256,0.00025557574721618223
75,15,9.497389415458302e-05,0.00031729989359471477,0.00031288827283504426,0.0002556602910697632,0.00022053025193742806
75,16,8.028025348008184e-05,0.00028140516638367244,0.00027558933057502945,0.0002228912652594465,0.00019158978136060153
75,17,6.840321027766093e-05,0.0002510339772355247,0.000244098760129851,0.00019563210508018815,0.00016782781270830842
75,18,5.8698681234037516e-05,0.00022510925192498066,0.00021728627181556877,0.00017259425833894635,0.00014789884463219907
75,19,5.069245378138391e-05,0.0002028068517441679,0.0001942855784185284,0.00015306955105439564,0.00013095385378680265
75,20,4.402995566134488e-05,0.00018348688151072556,0.00017442303870360872,0.0001365954649686324,0.00011644415782538565
75,21,3.844233039968729e-05,0.00016664592335899678,0.00015716797838101284,0.0001223599588910563,0.00010394195554788074
75,22,3.372309416033496e-05,0.00015188319792118797,0.00014209744417280692,0.00010999231263790257,9.31090588551662e-05
75,23,2.971179938263443e-05,0.0001388761858919279,0.00012887076866257852,9.919475369843675e-05,8.372321205620277e-05
75,24,2.6282423893622714e-05,0.00012736279477984082,0.0001172109296580799,8.972583560479932e-05,7.553759947940904e-05
75,25,2.333500056449517e-05,0.0001171281300085273,0.00010689069553634617,8.13880975324109e-05,6.834479927550991e-05
75,26,2.0789503452320252e-05,0.00010799455466144726,9.772219428504603e-05,7.401878348967904e-05,6.200035975864135e-05
75,27,1.858132750120658e-05,9.981413115209739e-05,8.954896665313517e-05,6.748277957095677e-05,5.6498364210074216e-05
75,28,1.6657908420983646e-05,9.246281047318887e-05,8.223984533676574e-05,6.167918812320902e-05,5.1610518425693144e-05
75,29,1.4976168315593958e-05,8.583591903813614e-05,7.572163163010263e-05,5.659716572159168e-05,4.7249237725367726e-05
75,30,1.3500566158995905e-05,7.984461978803268e-05,7.054923844518708e-05,5.2042937734946545e-05,4.334702590927797e-05
76,1,0.017723092857575413,0.02774052851968807,0.026831895009059307,0.02347417589687122,0.022455963799990365
76,2,0.005929154719793605,0.008309083670333832,0.008095393477700077,0.007688638436046688,0.007476613033432231
76,3,0.003018858538161447,0.004531727237953077,0.004392519272573092,0.004138638877227064,0.003998411215116294
76,4,0.0017868818980287457,0.002830483003173039,0.0027783846466783715,0.002591697414996906,0.0024920555703149
76,5,0.0011544816218312423,0.0019439247216125558,0.0019308052846403127,0.0017808589320697002,0.0016874061701321395
76,6,0.0007918533746540281,0.001453331701099029,0.0014267294676163196,0.001295280269293746,0.0012090617139673863
76,7,0.0005677362429629064,0.00112319806109118,0.001098363633285866,0.00098233190627901,0.0009020999791213902
76,8,0.00042128831978913926,0.0008895973645796967,0.0008685238317689315,0.0007675087130642384,0.0006951084795682483
76,9,0.0003213445215411486,0.0007179843767752681,0.0007009895005015273,0.0006137653868452477,0.0005503018921123582
76,10,0.00025070715067541764,0.0005881947555945487,0.0005749726562723199,0.000500044492315293,0.00044476824661335594
76,11,0.00019931751674456732,0.00048774063193684114,0.00047779134469948476,0.00041364600701443216,0.00036591323923964523
76,12,0.0001610092000636008,0.0004085162397027481,0.0004013192390202636,0.00034653717406680086,0.0003058601278518565
76,13,0.0001318519061152325,0.0003450551074604262,0.00034223546704273297,0.00029364144071267006,0.00025881689334797696
76,14,0.00010925691871732427,0.00029810434554480495,0.00029582807644778597,0.000251287419916899,0.00022110261425170173
76,15,9.14704095657527e-05,0.00026365510019370246,0.00025747027128312106,0.00021697382807882125,0.00019043845791582656
76,16,7.727467452897046e-05,0.0002345110772429523,0.00022538838547082852,0.0001888756074316102,0.00016520027062017948
76,17,6.580579649547405e-05,0.00020955552906658427,0.0001989805525260392,0.0001654445917482337,0.0001443128294448244
76,18,5.643898380931706e-05,0.00018796955256311054,0.00017668163240721453,0.00014571500842134105,0.0001270042268940085
76,19,4.8714546360981456e-05,0.00016914004669660814,0.00015748622140293784,0.00012896430779964598,0.00011234755227732497
76,20,4.22889803070803e-05,0.00015259894504440001,0.00014085008462990067,0.00011463810326940214,9.995776044647549e-05
76,21,3.6901964060955745e-05,0.00013798231277093308,0.00012634698804040757,0.0001023435112689663,8.936431481434632e-05
76,22,3.235366773347938e-05,0.0001250023198144407,0.00011363844073052267,9.177025567513145e-05,8.018258598820863e-05
76,23,2.8488885009714716e-05,0.00011342771469623565,0.00010319997483639649,8.255274797389962e-05,7.21820629505401e-05
76,24,2.5185762102461745e-05,0.00010307000463898989,9.415523574316296e-05,7.454204681450444e-05,6.521201331352437e-05
76,25,2.234767679867637e-05,9.377352558601931e-05,8.60860408192772e-05,6.759615163221986e-05,5.910823926835149e-05
76,26,1.9897309583554863e-05,8.540820226095892e-05,7.88623982067358e-05,6.144786212240231e-05,5.3712565024354266e-05
76,27,1.7772261986130417e-05,7.786419394114725e-05,7.237590929680815e-05,5.5987055179927574e-05,4.893001681578373e-05
76,28,1.592178142905266e-05,7.104787939265747e-05,6.653539226549846e-05,5.1121750473648124e-05,4.470782193683166e-05
76,29,1.4304287116681776e-05,6.487880484011344e-05,6.126354193960562e-05,4.689631155106836e-05,4.093429311892655e-05
76,30,1.2885482460010181e-05,5.928733301560335e-05,5.649435101565391e-05,4.321830294569827e-05,3.7552510308651844e-05
77,1,0.017866971337633836,0.029682420132880093,0.028771533257112167,0.02493945363019097,0.02342307432643895
77,2,0.005977932334930622,0.009780118215419666,0.00951409149283095,0.00831493953511878,0.007946294753930206
77,3,0.0030656521704995813,0.00546945746266536,0.005213150576686719,0.004539742959256632,0.004290114046246902
77,4,0.001823935811019062,0.0035582000447392085,0.003338742693655263,0.002878491273401449,0.0026849201183841258
77,5,0.0011829320137315758,0.0024861313215879762,0.0023331929224758353,0.0019889083628524063,0.0018255748955527777
77,6,0.0008137641400297617,0.0018193244582981494,0.0017224139347469213,0.001449252288586523,0.0013108590036900974
77,7,0.0005848048660056464,0.0013769979335785827,0.0013154316182602862,0.0010952961768515835,0.0009806211752146467
77,8,0.00043477873815470753,0.0010694560125422163,0.0010306712895120887,0.0008519927572310747,0.0007596152614098865
77,9,0.0003321733509987606,0.0008477554700295939,0.0008318051976659922,0.0006798409980535159,0.0006040750204323088
77,10,0.0002595358650807137,0.0006851960733222984,0.000684235785194912,0.0005543762648992031,0.0004897908023220935
77,11,0.00020662496671383006,0.00058332831395894,0.0005708420210243067,0.00045997987268434537,0.00040322384741104815
77,12,0.000167144322301582,0.0005021173335093965,0.00048186756621590194,0.0003868282963220553,0.00033658078751407295
77,13,0.0001370710666975592,0.00043617162592074786,0.0004108182235582759,0.0003293262059607976,0.00028406104720373187
77,14,0.00011375020251597926,0.00038179213400665277,0.00035481559373235947,0.00028271603642168714,0.00024254957873957227
77,15,9.538014866933534e-05,0.0003363648502082619,0.0003087124048377648,0.000244441267934751,0.0002088124606184312
77,16,8.070856149293197e-05,0.0002979946682460931,0.00027017344422950595,0.00021266032337327796,0.00018099674244230658
77,17,6.884621544709156e-05,0.00026527662746280947,0.00023766578312439383,0.00018658743896141338,0.00015799297847429993
77,18,5.9149689477125315e-05,0.00023714846944872524,0.00021002844312703305,0.00016466358004276963,0.00013878290300443758
77,19,5.114547382653985e-05,0.0002127929579467658,0.0001863678088455049,0.00014592662816592807,0.00012270256760668987
77,20,4.447972984402058e-05,0.00019157156730786323,0.00016675056526866945,0.0001298099552510664,0.00010894746723143797
77,21,3.888434155061078e-05,0.00017297847081072703,0.00015070950603320556,0.00011609313983872982,9.733148774855699e-05
77,22,3.4153548074506545e-05,0.00015660797896860804,0.0001365417931162532,0.00010415581180002887,8.731918338259385e-05
77,23,3.0127587523365656e-05,0.00014213108077745746,0.00012397286638358494,9.371152596074185e-05,7.867324478879687e-05
77,24,2.6681072252524616e-05,0.00012927826584041455,0.00011278169339680124,8.453466257379749e-05,7.111374328678097e-05
77,25,2.3714610198300963e-05,0.00011782675714503479,0.00010278479564881975,7.647018486421639e-05,6.444511591896038e-05
77,26,2.1148687221004243e-05,0.00010759089152796273,9.382855850988451e-05,6.945023991437387e-05,5.854084860060158e-05
77,27,1.89191464314241e-05,9.841478010394532e-05,8.578337805086942e-05,6.321472095343064e-05,5.329586281365552e-05
77,28,1.6973810122076988e-05,9.016664294367317e-05,7.853914967666218e-05,5.7693845603415283e-05,4.862225756224726e-05
77,29,1.5269929052765416e-05,8.273438892696553e-05,7.200175009535698e-05,5.2868663998264205e-05,4.4446020877286066e-05
77,30,1.377223754707856e-05,7.60221326594004e-05,6.609026394203973e-05,4.854250979172713e-05,4.0745358317185205e-05
78,1,0.017733575017647604,0.026128714758888436,0.025713437593906,0.02410940843411123,0.022931591859370538
78,2,0.005892949038908968,0.009270185333052329,0.00906760466604653,0.008208931968062322,0.00775509971236603
78,3,0.0029984464285874868,0.005032164180798924,0.005011890334630061,0.004455246236097621,0.004165425453343834
78,4,0.0017736765285653433,0.0032181617439648903,0.003195687360542065,0.002782510889778787,0.0025830447970042665
78,5,0.0011449327168163081,0.0022360070314927506,0.0021988924488143048,0.0018813984871181738,0.0017350511665527614
78,6,0.0007843452440978468,0.0016326431340397865,0.001590051972801819,0.001345776122930912,0.0012333974511861347
78,7,0.0005614893189180725,0.0012354177705064257,0.0011912193278354145,0.0010010976105003613,0.0009155901985034318
78,8,0.0004159001867879452,0.0009605795210372115,0.0009164962698715305,0.0007685490947337365,0.000703872248816622
78,9,0.000316593368956693,0.0007631697380016176,0.0007199936322315037,0.000606439219979686,0.0005560522855872516
78,10,0.00024646136603347546,0.0006171613992444119,0.0005752621864076431,0.0004906707016087865,0.0004479865831701845
78,11,0.00019549241986784732,0.0005065853981586233,0.0004661339093987325,0.000402925033109891,0.0003669483731243836
78,12,0.00015754550725929691,0.00042118340731548407,0.00038386503188730676,0.0003349786116848156,0.0003048642128511878
78,13,0.00012870477027567315,0.00035411677790228124,0.0003271259297186008,0.0002816170030572161,0.0002563691117108634
78,14,0.0001063902634304755,0.00030068539072644883,0.000282114177288743,0.00023994015966032536,0.00021759767716516225
78,15,8.885395108694948e-05,0.00025757544348349105,0.0002453312389895464,0.00020645466383574667,0.00018638979272406572
78,16,7.488231175628486e-05,0.00022239941351791923,0.0002149281644929637,0.00017897109484480263,0.00016082943880808007
78,17,6.361469486745533e-05,0.0001934048225577937,0.00018954325011701987,0.00015657803602252388,0.00013966429402148395
78,18,5.442900977286756e-05,0.0001692843294106634,0.00016815568481185356,0.0001381368896455066,0.00012198135106889063
78,19,4.686787961135822e-05,0.00015092786934582008,0.00014998827769975958,0.0001224798502226947,0.00010711969313702852
78,20,4.058981857584581e-05,0.00013694258361551223,0.00013444120585933962,0.00010909416463430931,9.463030809027463e-05
78,21,3.533627957936834e-05,0.00012472157063840456,0.00012104590576710514,9.75788234341481e-05,8.411030631587497e-05
78,22,3.0908996421071924e-05,0.00011398481564456114,0.00010943236495942327,8.761648557567942e-05,7.5174047659526e-05
78,23,2.7154139865120626e-05,0.00010450573872718645,9.930552233706824e-05,7.895335041051556e-05,6.743018904538049e-05
78,24,2.39510669403256e-05,9.609931190082195e-05,9.096943766609354e-05,7.145167976722706e-05,6.074510908169764e-05
78,25,2.1204218360094508e-05,8.861318659588137e-05,8.404814124647156e-05,6.496080562833308e-05,5.498879083747162e-05
78,26,1.883720666550182e-05,8.192097744185891e-05,7.784769577813121e-05,5.928532623644934e-05,4.992394560286887e-05
78,27,1.6788450338163403e-05,7.591711578472533e-05,7.227268935621209e-05,5.429765413101331e-05,4.54482949735874e-05
78,28,1.5007913106227706e-05,7.051286262669313e-05,6.724309058965224e-05,4.9894946701906464e-05,4.1479235965061916e-05
78,29,1.345464290792204e-05,6.563318911786281e-05,6.269132783180676e-05,4.602217201324733e-05,3.795048758431943e-05
78,30,1.2094895985047167e-05,6.12143138195917e-05,5.8560003828502235e-05,4.256759972683328e-05,3.4864023903148677e-05
79,1,0.017711337621339987,0.027098265749361607,0.026095009613584963,0.023859462287919343,0.022757263607585107
79,2,0.00598352907727665,0.008702553581694668,0.008669766579112958,0.00818473948859187,0.007857921192319437
79,3,0.003058508800434569,0.004899253067666445,0.0048854725067037814,0.004461280785413249,0.0042505434938624465
79,4,0.0018162101244315876,0.0032035005697763066,0.003141368507637241,0.002819695316751015,0.002663799939022005
79,5,0.0011768408538315148,0.0022611018312283008,0.002192220810270097,0.0019328556216121483,0.001814453851269449
79,6,0.0008092811711108799,0.001674121912365671,0.0016238583403024452,0.0013970366733388792,0.0013048926256812123
79,7,0.000581506107615736,0.0012811575560974938,0.001243126778412707,0.0010507006444902725,0.0009750100388303222
79,8,0.0004322728076144346,0.0010045134045661513,0.0009752806019664413,0.0008147659895617616,0.00075069387521218
79,9,0.0003301737082287752,0.0008023845241945461,0.0007798296507885091,0.0006458316280350568,0.0005915261426472811
79,10,0.000257849011567433,0.0006504337745451198,0.0006331116338374592,0.0005210331943544681,0.00047466164125353733
79,11,0.0002051256556521957,0.0005336068093222735,0.0005204640073280769,0.0004268928355440859,0.00038751763798173773
79,12,0.00016575408470981924,0.00044213495678435677,0.00043236928407036515,0.0003543895928695603,0.0003213131348240415
79,13,0.0001357424687009107,0.00036943026184074875,0.0003624130447304045,0.00029724189685368226,0.0002699022735033883
79,14,0.00011245597011423823,0.0003109072176683059,0.00030613623502340247,0.0002515282389486875,0.0002290364155771184
79,15,9.410585534220663e-05,0.0002632890595867167,0.00026035770895603614,0.00021523083912586188,0.0001960841131814542
79,16,7.944778348863821e-05,0.00022418168418990585,0.0002227575571885913,0.00018606277773194335,0.00016941506352111655
79,17,6.759735570386295e-05,0.00019180238264337047,0.00019161171631003066,0.00016237769519773917,0.0001474207312766518
79,18,5.79139166312433e-05,0.00016643381515135013,0.00016561778196700282,0.0001425549027768375,0.00012913747592804175
79,19,4.992540146523334e-05,0.0001454117217870893,0.00014377766867941413,0.00012576912438805703,0.00011367595730119959
79,20,4.327858480429207e-05,0.00012761126937028638,0.000125316745938672,0.00011145508664164679,0.00010061986823382768
79,21,3.770545375183976e-05,0.00011245006846584613,0.00010962698468212324,9.92179341742826e-05,8.944951039909834e-05
79,22,3.300005045250538e-05,9.946725869828793e-05,9.843679025906238e-05,8.890944812458621e-05,7.981988613501265e-05
79,23,2.9002252053554465e-05,8.991768267128577e-05,8.910622889450449e-05,7.993174929847364e-05,7.155623474971404e-05
79,24,2.558623298187423e-05,8.317258788165798e-05,8.216335292141066e-05,7.207664768301827e-05,6.434842668623192e-05
79,25,2.2652140814898898e-05,7.707310981666349e-05,7.606263844373892e-05,6.520881594143688e-05,5.80310403456885e-05
79,26,2.0120011759104504e-05,7.153865950910186e-05,7.056208705178498e-05,5.91576199962031e-05,5.249186010032868e-05
79,27,1.7925269089520487e-05,6.650208690649339e-05,6.558616171893167e-05,5.380894274902049e-05,4.7620744762573385e-05
79,28,1.601535509147581e-05,6.19068058237558e-05,6.107137835618885e-05,4.90567320401698e-05,4.332547064008768e-05
79,29,1.4347184531548838e-05,5.7704647221056556e-05,5.6963927968863945e-05,4.4887254811739246e-05,3.9525994017967694e-05
79,30,1.2885200293177446e-05,5.385423597502081e-05,5.32178532345602e-05,4.1270863579804946e-05,3.6134287695852754e-05
80,1,0.017608346651271863,0.029488032128274784,0.027771204409928717,0.02425681020426994,0.022850443614792024
80,2,0.0058890221163660815,0.008766556751716495,0.008723932523109101,0.007968010373267127,0.007596825996289072
80,3,0.002991111838116809,0.0048308327650764555,0.004830781023558757,0.004378079471953905,0.004130678645573909
80,4,0.001767919800313668,0.0030420150678712302,0.0030403241069846777,0.002772343669661547,0.0026040662974462303
80,5,0.0011417431448577605,0.0021115937968637726,0.0020882822448148454,0.0019043370919221859,0.001783552463687364
80,6,0.0007832203580258061,0.0015959198859555788,0.0015458294559378958,0.0013836602612041695,0.0012894345067523167
80,7,0.0005618686750555787,0.0012524844153744949,0.0011971046539728174,0.0010477488227469069,0.0009716983822841459
80,8,0.00041732265532931965,0.00101020431787124,0.0009530071062196896,0.0008170898639250596,0.0007544908361667053
80,9,0.0003187042627753246,0.0008316936615673225,0.0007748622252551246,0.0006519360139801742,0.000599754801568639
80,10,0.00024899700382707656,0.000695695168703757,0.0006405494024857232,0.0005302486238964241,0.00048698283788768166
80,11,0.00019826149477673285,0.0005893359171509614,0.0005366252401632078,0.0004391531450868933,0.0004019721440427949
80,12,0.0001604120965686587,0.0005044035361302633,0.0004545070962311753,0.00036967659433729573,0.00033612678398773347
80,13,0.0001315743474505962,0.0004354256689329697,0.0003884873373212077,0.0003147327118244214,0.00028438900313681044
80,14,0.00010919874639114355,0.00037861977121329544,0.00033463792384385226,0.00027032432398955644,0.00024278804548892382
80,15,9.155937065826735e-05,0.00033128928771184883,0.000290248146452648,0.00023430397377369378,0.00020888697402639324
80,16,7.745858733678509e-05,0.00029146094720516695,0.00025472703394238233,0.00020459863600191802,0.00018106227095885893
80,17,6.604704091482424e-05,0.0002576583269345783,0.00022464736400466687,0.00017966743031678072,0.00015788720834077245
80,18,5.671057549111463e-05,0.0002287555820167645,0.0001989828135385782,0.0001585589708532737,0.00013845749824094392
80,19,4.899730736758098e-05,0.00020388005935802046,0.00017694069392433693,0.00014071537172206835,0.00012219047046285112
80,20,4.2569479984411055e-05,0.00018234570081459892,0.00015789948418998403,0.00012544497025696345,0.00010833017939516603
80,21,3.71710080363095e-05,0.00016360641183908302,0.00014136542085679566,0.00011222445622819331,9.641401182139051e-05
80,22,3.26051815789665e-05,0.00014722272090542677,0.0001276291152595011,0.0001007179539935481,8.612938968929082e-05
80,23,2.871908504536463e-05,0.00013283749735965318,0.00011572119475396011,9.065567993136913e-05,7.726032440467846e-05
80,24,2.5392537022095806e-05,0.00012015797489946298,0.00010517873282817698,8.181872926387468e-05,6.950634309025202e-05
80,25,2.2530125309418223e-05,0.00010894224825567055,9.581323009562426e-05,7.409920740959016e-05,6.269840985738358e-05
80,26,2.0055394271907413e-05,9.898899735453552e-05,8.746737076912109e-05,6.732842695899056e-05,5.6703320206819504e-05
80,27,1.7906550248734836e-05,9.01295757802718e-05,8.000892293323996e-05,6.131379517652441e-05,5.1427222360454045e-05
80,28,1.603325191034593e-05,8.222185500690681e-05,7.332601971361543e-05,5.5954753578832555e-05,4.6789997272099586e-05
80,29,1.4394185597114539e-05,7.514538863979735e-05,6.73234675388813e-05,5.116655018993104e-05,4.266547617476668e-05
80,30,1.2955215158450505e-05,6.879758018345756e-05,6.191982830869114e-05,4.6877340586532235e-05,3.89938770407983e-05
81,1,0.01770611034476175,0.026877974178142396,0.026874015228842037,0.023652037218017806,0.02239395841967149
81,2,0.0060309867117313894,0.008725636131990707,0.00849466320903896,0.008061647903023604,0.007840891033792543
81,3,0.0030785805550901497,0.004865088525253658,0.004759697882578642,0.00441959898389607,0.004237497460685388
81,4,0.001822963721327938,0.0031262189050973084,0.003081000889630891,0.002787960699812521,0.002650409826613481
81,5,0.0011770665211564952,0.0021705236036079923,0.0021656981926665196,0.0019208131545793545,0.0018010463797382206
81,6,0.0008062456315954239,0.0016135841838595523,0.001599705368375507,0.0013952713453954896,0.0012927602049600932
81,7,0.0005769323158504243,0.001248744123861284,0.0012250670362369512,0.0010538548239229983,0.0009657960004987908
81,8,0.0004271038277151193,0.0009937453318694938,0.0009644374676992696,0.0008188598439805968,0.000745187256170025
81,9,0.00032492649271409214,0.0008087902659224055,0.00077608888305998,0.0006506746794266236,0.0005905202722115703
81,10,0.00025280041179170996,0.0006705375540548619,0.000635809990668172,0.0005288580001099861,0.0004771610051140897
81,11,0.00020041526402035333,0.0005645628407839169,0.0005287347215208868,0.0004371431763778521,0.00039201060774956284
81,12,0.0001614426179390305,0.0004815714232867287,0.00044531248658886274,0.0003658710991152348,0.0003261923791857043
81,13,0.00013184558599783444,0.00041536411404376357,0.00037917651117309073,0.0003094692932048937,0.00027439459760712786
81,14,0.00010896414679582262,0.000361684628562383,0.00032594999660562037,0.000264481495080878,0.00023327074443372638
81,15,9.099616098180984e-05,0.00031753708049714764,0.0002825450700936938,0.00022802178429423298,0.00019995279856741972
81,16,7.669087252692049e-05,0.0002807666236396435,0.0002467343292244248,0.00019791847065280376,0.00017260136901577625
81,17,6.516158661545491e-05,0.0002497935106116265,0.00021784481203555454,0.00017281323613706567,0.00014991780049586052
81,18,5.576773229006415e-05,0.00022343976109034556,0.00019367110237667397,0.0001517161287154093,0.00013101657634465768
81,19,4.8038651557948304e-05,0.00020081344602484395,0.00017300661773028936,0.0001338746114539938,0.0001152875171351205
81,20,4.162320502318899e-05,0.00018122977885952856,0.00015520768482237657,0.0001186380419012162,0.00010191869822513768
81,21,3.625575688692552e-05,0.0001641562784372569,0.00013977204756460737,0.00010554423630093085,9.049345316614906e-05
81,22,3.173278730951849e-05,0.00014917400791387053,0.00012630326930403326,9.422822237164018e-05,8.071196776544853e-05
81,23,2.7896540202598615e-05,0.00013594975380815772,0.00011448511819066594,8.443282107565985e-05,7.22261577014615e-05
81,24,2.46234140371236e-05,0.00012421577772624742,0.00010406286949316359,7.595200260699796e-05,6.492277497926745e-05
81,25,2.1815603557987355e-05,0.00011375489131807217,9.482947785462749e-05,6.851357366653973e-05,5.853558127501138e-05
81,26,1.9395003693802357e-05,0.00010438932619220369,8.661522850102861e-05,6.196392220077839e-05,5.298015192018448e-05
81,27,1.72987097344849e-05,9.597234429646255e-05,7.927990687740805e-05,5.6287426072527586e-05,4.812237394083622e-05
81,28,1.5475658483961463e-05,8.838185079096511e-05,7.290419871421047e-05,5.131872804573744e-05,4.383461345025774e-05
81,29,1.3884094774844952e-05,8.151548618030667e-05,6.737973673830839e-05,4.699932985513396e-05,4.001405935178437e-05
81,30,1.2489641740563722e-05,7.528682224358605e-05,6.23779028772675e-05,4.312939368909879e-05,3.662059148041334e-05
82,1,0.017750793575851062,0.027762906276746196,0.026971796389106656,0.02386594569430973,0.022878580381684985
82,2,0.006016795039670717,0.009165490604512955,0.00877417442655488,0.008188961840517633,0.007871107559293525
82,3,0.003080881394078287,0.004618486070832583,0.004603643457803586,0.00439874828894495,0.004199228922038209
82,4,0.0018273263445570931,0.0028987359083329435,0.002898224893428634,0.0027616128928154428,0.00261400336906762
82,5,0.0011815870145289282,0.002013742600824519,0.0019939444119976752,0.0018863149720080487,0.0017737498700538409
82,6,0.0008105268462966378,0.0015118149752954425,0.001463163504518391,0.001365400085115777,0.0012766710511676383
82,7,0.0005809151872370019,0.001176737810729614,0.0011148349440801824,0.0010281887328015033,0.0009568877068122167
82,8,0.0004307887298653028,0.0009407566212449348,0.0008769985068343034,0.000796818087658528,0.0007408173468978835
82,9,0.0003283238961362856,0.0007678478799999195,0.0007058622396994339,0.0006336145174419088,0.0005904864470355744
82,10,0.0002559224955863018,0.0006372348124420505,0.00058437950577317,0.0005149443437639462,0.00047969035365585754
82,11,0.00020327557812266882,0.0005361595236532923,0.000492237626551856,0.0004258206679779367,0.00039586404928922136
82,12,0.00016405625805395813,0.0004563880214882393,0.0004198813059689134,0.00035760050137754134,0.0003310079324719829
82,13,0.00013422893692140208,0.00039238861265317605,0.00036204406586579974,0.00030535912594889373,0.0002798176947404652
82,14,0.00011113433990369767,0.00034032128212761834,0.0003151044614247728,0.0002630674693601418,0.00023935660311497244
82,15,9.297047888973355e-05,0.0002974470355910002,0.0002765032533678653,0.00022923050749302118,0.00020640914903399154
82,16,7.848623625981649e-05,0.0002617671727875651,0.0002443894227465858,0.00020134147681490793,0.00017958021428376086
82,17,6.679417480763184e-05,0.000231794603149286,0.0002173971843018487,0.00017784541926240937,0.00015736584426756677
82,18,5.725273301737009e-05,0.0002064041743383587,0.0001945010700561077,0.00015787161886411633,0.00013883780176020667
82,19,4.939012589779669e-05,0.000184731996947859,0.00017491918595893065,0.0001407580006995985,0.0001231525711521097
82,20,4.2854035582067674e-05,0.00016610610737784927,0.00015804710440946374,0.00012628185549812235,0.00010970054851559512
82,21,3.7377656151041214e-05,0.0001499977228475266,0.00014341175970649953,0.00011379750019621613,9.808905117056127e-05
82,22,3.275634511262687e-05,0.00013598635028863677,0.00013063870917514675,0.00010286033012372766,8.800839203812576e-05
82,23,2.8831294533126616e-05,0.0001237344108354048,0.00011942850903079474,9.323200246694182e-05,7.921149425937769e-05
82,24,2.547793381518745e-05,0.0001129685207826686,0.00010953941966574036,8.471912451335424e-05,7.149914658792007e-05
82,25,2.2597575575084156e-05,0.00010346550528707764,0.00010077457798365338,7.716319859110006e-05,6.475082573601819e-05
82,26,2.011131861499999e-05,9.504182638970082e-05,9.297236874881043e-05,7.043313957287997e-05,5.880689943314407e-05
82,27,1.7955544032325252e-05,8.75455067766854e-05,8.599911740929992e-05,6.441963461093324e-05,5.354368870454463e-05
82,28,1.607855055549254e-05,8.084989972797947e-05,7.974348808810571e-05,5.903083999890025e-05,4.885799830708008e-05
82,29,1.443801443066321e-05,7.484883975168475e-05,7.411214807322513e-05,5.418906087221628e-05,4.466932755657013e-05
82,30,1.2999052867090937e-05,6.945283620885114e-05,6.902638273074785e-05,4.982816196099143e-05,4.09130503215763e-05
83,1,0.017669030149968182,0.027946363472849765,0.026894993923365442,0.02416732230561066,0.022793537342377664
83,2,0.005925992327681979,0.00909320956872995,0.008693706061196165,0.00788229037293858,0.007578255124796587
83,3,0.0030212925129626724,0.005241190736906675,0.004851757097893646,0.00429344778159736,0.004079835316039598
83,4,0.0017883383720574025,0.0034285767169998814,0.003118087176434051,0.002702997231968662,0.0025489758382027717
83,5,0.0011549500596764494,0.002420481312682088,0.00217494730937176,0.001856478919265442,0.0017309308503558496
83,6,0.0007915749561456214,0.0017979552859744797,0.0016047697814023307,0.0013471686753674162,0.001245806196308339
83,7,0.0005669584961730129,0.0013845573680115728,0.001236462536671087,0.001017546640564557,0.0009354248818651628
83,8,0.0004202010629914633,0.0010950094945665196,0.0009803115049922578,0.0007928666871786564,0.0007258237526282417
83,9,0.00032007754260644826,0.0008838209956125965,0.0007945080506317804,0.0006319172437920956,0.0005777990088629153
83,10,0.00024934515140667826,0.0007248373636650165,0.000655195550580611,0.0005148713062304521,0.00046921979281270025
83,11,0.00019791471274116675,0.0006021038225011104,0.0005479318212148475,0.00042779244553226936,0.00038696479941700173
83,12,0.00015959990272902325,0.0005054071631989766,0.0004635408515468253,0.0003596167119674754,0.0003235723558894338
83,13,0.00013045758851486559,0.00042794240571672606,0.00039595225976965737,0.000305593354882798,0.0002736868524902497
83,14,0.00010789080608426089,0.0003650195460045393,0.00034101023130733287,0.0002621795067302593,0.0002335727992934773
83,15,9.014043772004261e-05,0.00031331158066830666,0.0002957848654784784,0.00022653757641685814,0.00020097875590261954
83,16,7.598539383046264e-05,0.00027039902939706166,0.0002581574429741221,0.00019695487316343695,0.00017404954468713287
83,17,6.455959726594646e-05,0.00023448411484608558,0.0002265616569886314,0.00017240229164517523,0.00015161447201194643
83,18,5.523688447072838e-05,0.00020420575572240062,0.00019981705094171003,0.00015179064004260494,0.00013292755866903264
83,19,4.7556699037918706e-05,0.0001785164801764193,0.00017701880283481353,0.00013422426512791594,0.00011713007394900962
83,20,4.117499364049501e-05,0.00015832743667546493,0.00015746297007101183,0.00011915568658988909,0.00010362420975321328
83,21,3.583110790327645e-05,0.000143384057762754,0.00014059464675806376,0.00010621076396260822,9.211555577689814e-05
83,22,3.132500184750441e-05,0.00013032286728544947,0.00012597128247555982,9.500566182386439e-05,8.215297834347327e-05
83,23,2.7501339264621292e-05,0.00011884808444165005,0.00011323625286085954,8.522579283104188e-05,7.34873155999437e-05
83,24,2.4238186088915738e-05,0.00010871969337716207,0.00010209950028906644,7.66545014903797e-05,6.591708325557398e-05
83,25,2.143887048438703e-05,9.974118598201205e-05,9.232313917320178e-05,6.917318799512745e-05,5.934325048805467e-05
83,26,1.9026042470880983e-05,9.175037124185228e-05,8.371060560327363e-05,6.26880401305863e-05,5.361564778092325e-05
83,27,1.6937285489436495e-05,8.461239586028983e-05,7.609837614282251e-05,5.6942066306068876e-05,4.856628138676268e-05
83,28,1.5121837388855126e-05,7.821438214772752e-05,6.93495751666795e-05,5.1835537427105105e-05,4.409752356026299e-05
83,29,1.3538114197761914e-05,7.246126428171287e-05,6.334898845683355e-05,4.728447800312996e-05,4.013893273830958e-05
83,30,1.2151821432568447e-05,6.727252331228096e-05,5.799913647130962e-05,4.322248379126494e-05,3.663495185942207e-05
84,1,0.017757150659230527,0.028063358897062362,0.026095196323776014,0.023901785026761848,0.02288535731474646
84,2,0.005990812901358849,0.008645874954367833,0.00846904819882894,0.008017708718907003,0.0077720912049808995
84,3,0.00305011514975991,0.004683166555577262,0.0046145754261512715,0.004342770767791064,0.004197911832687751
84,4,0.00180453438935083,0.002907042063216053,0.0028954972801210344,0.0027230700809156684,0.0026153533844560026
84,5,0.0011652625144910628,0.0019803787216082108,0.0019694063023191783,0.001866079812895625,0.0017683037500066476
84,6,0.0007987379333873017,0.0014322154704546617,0.001412560917615905,0.001348767509592555,0.0012681549396478529
84,7,0.0005722233178493783,0.001075031454718621,0.00105567386421529,0.001014083187095928,0.0009486368851334123
84,8,0.00042420997593840934,0.0008299889693681599,0.0008278256679283399,0.0007878332512626972,0.0007319620202003729
84,9,0.00032319820668224057,0.0006727022451887256,0.0006681486459556652,0.000625884291216554,0.000579215650686162
84,10,0.0002518086194569344,0.0005576696897182473,0.0005536905157778719,0.000506203077491903,0.00046751557246754033
84,11,0.0001998773101712548,0.0004687152106577955,0.00046575483411120835,0.000416301910600217,0.00038350778315701596
84,12,0.00016117336569699685,0.0003983650298854831,0.00039661086631971734,0.00034694748426409444,0.0003193689103747769
84,13,0.00013172495767039904,0.0003416997985284014,0.00034118263312419184,0.0002924391921161108,0.00026879021945423916
84,14,0.00010891546469439406,0.0002966801332280961,0.00029602095864114046,0.00024978737892403095,0.00022825327960060093
84,15,9.097163488192856e-05,0.0002604373484983247,0.00025871195091349086,0.00021536681103389663,0.0001954621626382904
84,16,7.666184539335047e-05,0.0002301811054267103,0.0002275224107074351,0.0001869093617517154,0.00016914930667636475
84,17,6.511196729189556e-05,0.00020463244132053258,0.00020117964838964482,0.00016314518793040587,0.00014738523468193994
84,18,5.568957340060122e-05,0.0001828417992400252,0.00017873048397836107,0.00014312587907808517,0.0001291860511273061
84,19,4.7929177278462006e-05,0.00016409191271734506,0.00015944845563353272,0.00012613097529691288,0.0001139201357079555
84,20,4.148282161551239e-05,0.00014783244945161636,0.00014277124324068284,0.00011168201190895511,0.00010097333075066916
84,21,3.608673045380449e-05,0.00013363511795257783,0.00012825752755249973,9.928634230252091e-05,8.985992783131568e-05
84,22,3.1538374604723437e-05,0.00012116225329235769,0.00011555664763157223,8.868327485737993e-05,8.02928369499606e-05
84,23,2.7680426596922e-05,0.00011014446027314862,0.00010438686789972854,7.968050343804822e-05,7.196885638480202e-05
84,24,2.4389358988452466e-05,0.00010036445406037552,9.451955150672933e-05,7.1982108457924e-05,6.469376676652516e-05
84,25,2.1567225427454446e-05,9.164521232400413e-05,8.576745919932138e-05,6.525463491041325e-05,5.830936014080124e-05
84,26,1.913565728838129e-05,8.384117305358558e-05,7.797597811061904e-05,5.933810028169177e-05,5.270620082593946e-05
84,27,1.7031424734299946e-05,7.683161452398955e-05,7.101646355113945e-05,5.4228961902417943e-05,4.778594887672606e-05
84,28,1.5203117074166706e-05,7.051561942364726e-05,6.478112639159383e-05,4.967295740585652e-05,4.343447670918385e-05
84,29,1.3608633796639094e-05,6.48082032185766e-05,5.917906585627949e-05,4.5597579575438854e-05,3.9560200207833446e-05
84,30,1.2213269490062642e-05,5.963730799829527e-05,5.413316143105162e-05,4.194163102813614e-05,3.610157846406418e-05
85,1,0.0176072315488838,0.026647133439006942,0.025912967939971672,0.024198087548418235,0.023098843516639826
85,2,0.00596367213879358,0.00978239773407576,0.009399073373995728,0.008292812987746508,0.007823675902240897
85,3,0.003048792623543456,0.0056860824812288565,0.005342942571596196,0.004526437614428372,0.004253047879040349
85,4,0.0018076620788060021,0.00369346589757667,0.003426082804327564,0.0028900664733411624,0.0026717802113861906
85,5,0.0011694144889317476,0.00256167062911879,0.002356907217538846,0.0019949027963406477,0.0018282461285154677
85,6,0.0008028988067540485,0.001857746963460043,0.0017003158916276454,0.0014515656055911503,0.0013245067095796095
85,7,0.0005760279903006751,0.0013918362954190844,0.0012826562843929572,0.0010951534284419236,0.0009978709125297229
85,8,0.00042755188029784083,0.0010690442652006,0.0010026613132994716,0.0008532253651049714,0.000774264585950934
85,9,0.00032607583139883525,0.0008374391253406786,0.0007992244507471117,0.0006791938245179954,0.0006144021727158397
85,10,0.0002542604888229663,0.0006665920815226879,0.0006470503736575009,0.0005502829020543197,0.0004964287873281596
85,11,0.00020195443043544744,0.0005376977111513168,0.0005305593293900235,0.00045261021851631755,0.00040747868840514096
85,12,0.00016292752768632462,0.0004407598710655633,0.00043969294596804456,0.00037675302563672925,0.0003390883292348763
85,13,0.0001332040156080275,0.00037413328982775247,0.0003677032362866574,0.0003168262265663385,0.00028570514122602917
85,14,0.00011016173161707227,0.00031976981624201687,0.0003099168304911482,0.0002694271822344295,0.00024295768940855818
85,15,9.202166480064836e-05,0.0002749539641258277,0.00026300968990088976,0.00023092526239387262,0.0002083240620913199
85,16,7.754680605441394e-05,0.00023768291334901482,0.00022456343905605063,0.00019926133956721346,0.0001798981316648091
85,17,6.58582318319642e-05,0.0002064494275677572,0.00019278417672074298,0.000173287531039347,0.00015630603692738066
85,18,5.631935846438505e-05,0.0001800997392679678,0.00016914526136710818,0.00015150075695091473,0.00013657555767033705
85,19,4.8461150491977965e-05,0.00015773769879240073,0.0001498655656948215,0.00013307723662182695,0.00012004688634198609
85,20,4.193264746262184e-05,0.0001386584372188866,0.00013335756642775186,0.0001173932872814048,0.00010598203197798638
85,21,3.646754583029421e-05,0.00012230141508989397,0.0001191383227059498,0.00010396090357417352,9.393956061212936e-05
85,22,3.1861195716978714e-05,0.00010821653595438639,0.0001068243262306832,9.24492420811847e-05,8.357096186164772e-05
85,23,2.7954493349243013e-05,9.617654606830285e-05,9.610790629145812e-05,8.273320769939297e-05,7.459821215358712e-05
85,24,2.462242453214249e-05,8.800779208031122e-05,8.673994171154041e-05,7.43093933218996e-05,6.679741744666586e-05
85,25,2.176579863787108e-05,8.076352911562165e-05,7.851701591576786e-05,6.69337381044247e-05,6.0030844834859906e-05
85,26,1.930520537152306e-05,7.431121398980722e-05,7.127175153102662e-05,6.0490211946804845e-05,5.413048834661342e-05
85,27,1.717654234256163e-05,6.85416487542651e-05,6.486545284598441e-05,5.4809334109444914e-05,4.8933825613030335e-05
85,28,1.532766743409983e-05,6.336411946578259e-05,5.9607042279757976e-05,4.9780075034522155e-05,4.434175281425554e-05
85,29,1.3715866517622897e-05,5.8702686186479566e-05,5.496685537236181e-05,4.539719292009102e-05,4.02714327851475e-05
85,30,1.2305918973958786e-05,5.449332328548028e-05,5.0786823966440594e-05,4.152984179499562e-05,3.6653230001635775e-05
86,1,0.017896885673963015,0.025535875351359143,0.02537476398625802,0.023817241870157598,0.02288704383699704
86,2,0.006058058055454673,0.008754267448063402,0.008719598616114349,0.008242721509893894,0.007933513317083188
86,3,0.0030928678940386214,0.004860965349548626,0.004768390684250675,0.004499624961764074,0.0043089474125359
86,4,0.0018342777136760935,0.0030710545582497075,0.0030461677213783796,0.0028506194009483184,0.002706656544860425
86,5,0.0011866103654731047,0.002094479242235348,0.0020922249075383146,0.001953714352763618,0.0018487626703101417
86,6,0.0008142103095415324,0.0015215321098830527,0.0015103123688519535,0.0014103494805813583,0.0013342345030401784
86,7,0.0005835340120835614,0.0011431851672361337,0.0011356456628447437,0.0010659792273895723,0.0010023053879231198
86,8,0.00043256404417269916,0.0008812822237796514,0.0008802835660454758,0.0008353414666697397,0.000777274278216573
86,9,0.00032944565587919914,0.0006974419806153531,0.0006954411576480691,0.0006697727229392303,0.0006168866633523101
86,10,0.0002565491083701268,0.0005629159131806791,0.0005622855721395797,0.0005469836178313251,0.0004995188378166685
86,11,0.00020353463433489934,0.0004822377368031132,0.0004791940058528583,0.0004548363020244386,0.0004111601842526179
86,12,0.00016404776716044087,0.00041781019375464846,0.00041300530145867284,0.00038277628061318485,0.000343597550028483
86,13,0.00013402973308395522,0.00036528992107245353,0.0003592127757946253,0.000325401986373053,0.000290623350240284
86,14,0.00011080257818639559,0.00032174697796570655,0.00031476512283744535,0.0002790196323240143,0.00024825319097330773
86,15,9.254967010610559e-05,0.0002851395226247384,0.00027753082311820246,0.00024103168729158064,0.0002138594549598521
86,16,7.800862180707433e-05,0.0002540031107234087,0.00024597920304396056,0.0002099631529836853,0.00018572621806916656
86,17,6.628343259117538e-05,0.0002272603480962011,0.0002189837633779564,0.00018442093896327679,0.00016228804817240472
86,18,5.672608964991643e-05,0.0002041005467276879,0.00019569712629752983,0.00016324093352446236,0.00014263233540196232
86,19,4.8859976979583104e-05,0.00018390143953477464,0.00017546931549137183,0.00014536128839415507,0.00012614947363486184
86,20,4.232917460749821e-05,0.00016617691321819885,0.0001577930179085429,0.00013019716036620935,0.00011209031922685522
86,21,3.68641998522152e-05,0.00015054127014345065,0.000142266083011212,0.0001170070815601685,9.998022181107003e-05
86,22,3.2258427168870624e-05,0.00013668425090204223,0.00012856529365665008,0.00010547294285053073,8.949782808661825e-05
86,23,2.8351584377663515e-05,0.00012435322244964047,0.00011642766611430399,9.533897712991785e-05,8.039377253384695e-05
86,24,2.501802423026404e-05,0.00011334023897413892,0.00010563687908961656,8.639733861527344e-05,7.24465629800119e-05
86,25,2.215827221100565e-05,0.00010347248153187582,9.601326106225342e-05,7.847749410744483e-05,6.552478976342498e-05
86,26,1.9692856316048368e-05,9.460508336171044e-05,8.74062886657031e-05,7.143830606636826e-05,5.9495424540358155e-05
86,27,1.7557748542158286e-05,8.661566825984622e-05,7.968888559261187e-05,6.516204571367868e-05,5.415252849889831e-05
86,28,1.5700959418493913e-05,7.940013839168249e-05,7.275303208109426e-05,5.954980975350037e-05,4.9392052576066755e-05
86,29,1.4079967354478496e-05,7.286938667569954e-05,6.650634193025114e-05,5.451797150339369e-05,4.514805949917861e-05
86,30,1.265975917544408e-05,6.694670257193793e-05,6.0926004489973374e-05,4.9995403854521925e-05,4.134579806841469e-05
87,1,0.01757541825096524,0.0257625976881949,0.025459474036101694,0.02385129238729706,0.022704503743519358
87,2,0.00593550763082884,0.009482203374801405,0.009044768943261193,0.00818897758403722,0.007827010918552863
87,3,0.0030357871814912806,0.005226987598022792,0.005018969136500026,0.004446281948843998,0.004244336092200695
87,4,0.0018028164040288818,0.0032452482727294207,0.003150719793862795,0.002796123352461903,0.0026429822258470645
87,5,0.0011684280974398155,0.00215669882551328,0.0021225327290810727,0.0019031642483609637,0.0017928810075129476
87,6,0.000803534995307866,0.0015206688606964195,0.001510909704689911,0.0013723717003735604,0.0012851524684274619
87,7,0.0005772871945745641,0.001169729721993155,0.0011399784605994221,0.0010281235516378384,0.0009606022043250511
87,8,0.00042901194282224213,0.0009265308129145423,0.0008855231515843326,0.000793961733408164,0.000741856252899025
87,9,0.0003275699141640709,0.0007507907313729437,0.000702948744346436,0.0006288196043826004,0.0005878500299832018
87,10,0.00025573081393607345,0.0006195328819422188,0.0005705617868892942,0.0005096339290988651,0.00047487411312373674
87,11,0.00020338737686339124,0.0005188473659998697,0.0004778123277615669,0.0004206212097956929,0.0003895769102403669
87,12,0.000164325169273302,0.0004398970042612492,0.00040475787759682773,0.00035146263440779873,0.0003243493331426511
87,13,0.00013457213936728278,0.00037683938807658477,0.0003461779565622266,0.00029772621996590714,0.0002738684372398789
87,14,0.00011150528181884191,0.00032568109216807675,0.00029849755982394686,0.0002559112384009233,0.00023358194537777605
87,15,9.334345231071054e-05,0.0002836142883471126,0.0002591952534568221,0.00022169054575629587,0.00020081611990815286
87,16,7.884755561571876e-05,0.00024861635241713167,0.00022644700122232049,0.00019335600435051024,0.0001738555826553054
87,17,6.713708719255166e-05,0.00021919939019576041,0.0001989039553337326,0.0001696586989556955,0.0001516765330592447
87,18,5.7574460777115764e-05,0.0001942485953433849,0.00017554937410983192,0.000150124630974103,0.00013345167582166424
87,19,4.969013907663267e-05,0.00017291505473423583,0.00015560388291009316,0.00013346889271269674,0.00011811839151999013
87,20,4.313303931889766e-05,0.00015454293651573684,0.0001387018569391026,0.00011916342745108219,0.00010500936352883226
87,21,3.76369965136265e-05,0.00013861897171093572,0.00012475367876998032,0.0001067965942022271,9.37291547202903e-05
87,22,3.299766128231179e-05,0.00012473673503332202,0.00011259054119543634,9.604346773383387e-05,8.396601589386514e-05
87,23,2.9056316785210003e-05,0.00011257095885880208,0.00010192211186661981,8.66446433572095e-05,7.556020243596076e-05
87,24,2.568836817935973e-05,0.00010185877894393133,9.251563578873583e-05,7.839087121617956e-05,6.827378673859162e-05
87,25,2.2795040222396128e-05,9.238585144321761e-05,8.418269736735034e-05,7.111175551298261e-05,6.18688154916975e-05
87,26,2.0297311185697476e-05,8.397594642040821e-05,7.676938391108854e-05,6.474505837275501e-05,5.624208552740623e-05
87,27,1.8131427469200384e-05,7.648305742349638e-05,7.023922975214015e-05,5.9169747635296495e-05,5.1295869925354994e-05
87,28,1.6245549953590356e-05,6.978535545101779e-05,6.451557885101129e-05,5.425799298011501e-05,4.692008790976637e-05
87,29,1.4597220359570215e-05,6.378051087309408e-05,5.938152986765315e-05,4.9873178229909796e-05,4.300959959857962e-05
87,30,1.3151428386764452e-05,5.838204093953622e-05,5.476279320229591e-05,4.593066949284075e-05,3.951428302426697e-05
88,1,0.0177973282970764,0.029176700646508846,0.02842000590057578,0.02485516881843628,0.02332303704293944
88,2,0.0059751185622350985,0.009293689502907862,0.009179090999460945,0.00843084803638717,0.007874077971121449
88,3,0.003042730297677356,0.005205648411820782,0.00508600425228181,0.004475829640673818,0.004177748376468631
88,4,0.0017977275118994426,0.0033347151730557874,0.003206360974388163,0.002742218999876419,0.002567914372984039
88,5,0.001158479129720156,0.00231252615847222,0.002180754548823902,0.0018283809473817487,0.0017169408669794584
88,6,0.0007920103616658627,0.0016902505898723542,0.001560741725181244,0.001300312476751607,0.0012167804665248502
88,7,0.0005657046190810049,0.0012825494429079068,0.0011590003819140127,0.0009664103343318962,0.0009014334106362517
88,8,0.0004180377938332968,0.0010008550311477662,0.0008851680592862207,0.0007447706062119325,0.0006928832758083727
88,9,0.00031745995964953646,0.000798240376820141,0.0006992636664253501,0.0005925180376015025,0.000545993752746843
88,10,0.00024654438328682124,0.0006478498290138938,0.0005687766469300529,0.0004809188887737803,0.0004392733302784318
88,11,0.00019509304814735367,0.0005333674547017722,0.0004728317013231902,0.0003968843891421157,0.0003600101135850673
88,12,0.00015685336106016225,0.0004443955015231239,0.0004002644160654082,0.0003323070068299768,0.0002992639149479958
88,13,0.00012784109365204696,0.0003740435676819018,0.0003420827642796253,0.00028234743354640923,0.00025206705761182967
88,14,0.00010543351614908054,0.00031759428710808084,0.00029473013465932925,0.0002426900785905153,0.00021486947315771163
88,15,8.785529744034445e-05,0.0002717277555367109,0.00025570459450974156,0.00021010161104211895,0.00018497618519590546
88,16,7.387519182321975e-05,0.0002340517362105544,0.00022319859924689578,0.00018301977948495873,0.00016074958607050207
88,17,6.262085732170276e-05,0.0002028068697628724,0.00019587583999918894,0.0001608131199473587,0.0001405757631119362
88,18,5.346238732532528e-05,0.0001766759617114118,0.00017272844938859652,0.00014207917226497063,0.0001235913664431129
88,19,4.5937123888910406e-05,0.0001546572632640847,0.0001529829388293179,0.00012606662179378227,0.00010917698928739415
88,20,3.9699986243211685e-05,0.00013609494835072837,0.0001360366070747491,0.00011229316131419905,9.685713350732176e-05
88,21,3.448997113173895e-05,0.00012279125249378263,0.00012141353426696194,0.00010037926067149044,8.626148227290295e-05
88,22,3.010713569630448e-05,0.00011111323497636284,0.00010873348242140324,9.002243194073646e-05,7.709788526180068e-05
88,23,2.6396513688636606e-05,0.00010082670906144706,9.768949590500451e-05,8.09788570710075e-05,6.913316815708971e-05
88,24,2.3236702076600713e-05,9.173706479530933e-05,8.80314888508586e-05,7.305003435820184e-05,6.21792712885856e-05
88,25,2.0531646514199632e-05,8.368136162186017e-05,7.955596183370836e-05,6.621695573391028e-05,5.6083083088391254e-05
88,26,1.8204651460157463e-05,7.652228691921546e-05,7.308949861469693e-05,6.0197877391084435e-05,5.071887758102121e-05
88,27,1.6193959309151836e-05,7.014346945982462e-05,6.730334911383341e-05,5.485875396958857e-05,4.598409524575543e-05
88,28,1.4449450599095278e-05,6.444579474331762e-05,6.211247566247107e-05,5.01085100568397e-05,4.179916254787696e-05
88,29,1.2930154971253014e-05,5.934447349918375e-05,5.744411158258078e-05,4.5870361562460615e-05,3.8077779602702146e-05
88,30,1.1602355103993927e-05,5.476668494862792e-05,5.323572747087235e-05,4.207921031537848e-05,3.4774882857172415e-05
89,1,0.017850716537364954,0.026834388157264324,0.026733883750791665,0.023930660079662425,0.022811364114934878
89,2,0.005997560333267344,0.009074646857629305,0.008916795205905704,0.008279958867213937,0.007953971498306856
89,3,0.0030647190783518073,0.005207435218236382,0.0051336426859764205,0.004544972152510899,0.00430313109740015
89,4,0.0018177964734182072,0.0034442760808655504,0.0033741297490024963,0.0028672290116118584,0.002688241591848114
89,5,0.0011759407998637185,0.002454964557631578,0.002386414743367339,0.001956477321234699,0.0018275374525127067
89,6,0.0008071579738161261,0.0018398090664560234,0.0017737210939282777,0.0014190520157666721,0.0013139584072707363
89,7,0.0005788879161380729,0.0014307803788966482,0.001367346527232579,0.0010776310943483478,0.0009834876098068052
89,8,0.0004295599416147443,0.0011450322153891848,0.0010841792734291996,0.000844234838870302,0.0007602695062755715
89,9,0.00032757366566729055,0.0009375800335224281,0.0008791710403998542,0.0006786159912503618,0.0006038949616050046
89,10,0.0002554602529770096,0.0007822038519767859,0.0007261126368295506,0.0005569803653928603,0.0004909530802102106
89,11,0.00020298651796817947,0.0006627681822395953,0.0006088980208478604,0.0004645178581975342,0.00040643701795657096
89,12,0.00016387068165341355,0.0005689064001413039,0.0005171878401659392,0.0003935340290298654,0.0003419002518637999
89,13,0.00013410439060000372,0.0004937199254170655,0.0004441026752479893,0.00033769151249514484,0.0002908389501239699
89,14,0.00011104503069212798,0.0004324809981769345,0.0003849256839569108,0.00029243767104848966,0.0002499622031567929
89,15,9.290089488987362e-05,0.00038186706746778964,0.00033633874035814495,0.0002552484562497252,0.00021664431858497618
89,16,7.842724249036962e-05,0.0003394914129657664,0.00029595509335375694,0.00022431557063021042,0.00018912846361697226
89,17,6.674059251788781e-05,0.0003036059829736991,0.00026202395559722863,0.000198314920416505,0.0001661594274508962
89,18,5.720182298478523e-05,0.0002729080109030658,0.00023323844354037693,0.00017625808987383485,0.00014692520861497697
89,19,4.934063104348187e-05,0.0002464111242600569,0.0002086076083032463,0.00015739448760522572,0.00013055410914282416
89,20,4.280557435946126e-05,0.00022335761591779366,0.00018890025690273648,0.00014114532540755793,0.0001165684847659041
89,21,3.733033847017411e-05,0.00020315760830507044,0.0001720562973607658,0.0001270581142746607,0.00010463535046331825
89,22,3.2710530755772154e-05,0.00018534615456418092,0.00015723345481971396,0.00011477469217318155,9.42674834152872e-05
89,23,2.8787443414403242e-05,0.00016955252583174027,0.00014411431915687745,0.00010400836390159272,8.521434821652103e-05
89,24,2.5436515646890274e-05,0.0001554779160549828,0.00013244311882826856,9.452729385021773e-05,7.726520761608402e-05
89,25,2.255901794831785e-05,0.00014287904931745133,0.00012201174748125111,8.614226427584287e-05,7.026141431647818e-05
89,26,2.00759797920806e-05,0.0001315559833669499,0.0001126493466817079,7.869752999777006e-05,6.40862456262953e-05
89,27,1.7923701449124284e-05,0.00012134293424959063,0.00010421445158075051,7.206390158664261e-05,5.861169299878239e-05
89,28,1.6050399096813283e-05,0.00011210130162749557,9.658900666145812e-05,6.613345412857665e-05,5.373106932604498e-05
89,29,1.4413670559749416e-05,0.0001037143147174051,8.96737616244096e-05,6.0956227711848256e-05,4.9373997950786694e-05
89,30,1.2978562030201784e-05,9.608288391860462e-05,8.338469661376115e-05,5.6322216038437716e-05,4.54580158442951e-05
90,1,0.01755137606925926,0.030537532052805794,0.02836585224917275,0.02395336594610546,0.022787047215562038
90,2,0.005890683957185006,0.009483382646019873,0.00909579042376959,0.0082206140682763,0.007826136748743023
90,3,0.0030044306372225965,0.004677004473293377,0.004660636939812085,0.004435877902947983,0.004217609477726153
90,4,0.0017789721368133855,0.0030757939400243525,0.0030303429258666803,0.0027739298050371234,0.0026241226642599496
90,5,0.001149307359671775,0.002171700187575619,0.0021388746354876207,0.0018838835595558982,0.0017734182934537092
90,6,0.0007881804436519439,0.0016069137697578,0.0015865727774935976,0.0013649372369899982,0.0012668825103349178
90,7,0.0005649831046193444,0.0012296619781320447,0.0012191273803737357,0.001027063427229998,0.0009460125250850702
90,8,0.00041912985878604344,0.0009653127132744046,0.0009619361683838028,0.0008002370152511761,0.0007347087381298316
90,9,0.0003195837255979075,0.0007766201175258055,0.0007749473948427653,0.0006451222169653866,0.0005859794205228077
90,10,0.0002492199371381413,0.0006400686001611348,0.0006349188275774054,0.0005313499321700371,0.00047602016322170467
90,11,0.00019802421811149858,0.0005350176667234161,0.0005275342406424877,0.0004441654299697338,0.0003944595548450615
90,12,0.00015985811145706013,0.0004525464132360025,0.0004435519030356989,0.00037727514046247156,0.00033190458117121017
90,13,0.0001308092006225037,0.00038669373875895583,0.00037677623438432163,0.0003240667973535597,0.0002827018249289278
90,14,0.00010830027291806169,0.0003333452578519664,0.00032442430677830656,0.0002806733385303578,0.00024297298572103829
90,15,9.05849120967288e-05,0.00028958329488586485,0.0002833950517615817,0.0002447841287970873,0.00021044130986166022
90,16,7.645018157055539e-05,0.00025329070994952797,0.0002494174912591935,0.00021477107729146465,0.00018378764205169348
90,17,6.503521865720663e-05,0.00022290056433177196,0.00022176838191325092,0.00018944701631856236,0.00016150965286071533
90,18,5.5717177543943335e-05,0.00019915013751722714,0.00019819156346445144,0.00016816202635139225,0.00014266124710029707
90,19,4.8037599377259516e-05,0.00018023884973357657,0.00017794277895463904,0.0001498946188128899,0.00012658872477708886
90,20,4.165375415008018e-05,0.00016351147602070335,0.00016094307564591776,0.0001341683604641536,0.00011278749003494814
90,21,3.630580443809292e-05,0.00014865168597991686,0.00014597884623855992,0.00012077739032154585,0.00010088468188778886
90,22,3.1794223949191454e-05,0.00013540048005755953,0.00013274855657041654,0.00010905146608282241,9.057009829555076e-05
90,23,2.7963999984566997e-05,0.00012354360661143962,0.00012100516078787185,9.873454276525767e-05,8.15702023213647e-05
90,24,2.469340765131559e-05,0.00011290219683314181,0.00011054437941032804,8.963003102829486e-05,7.370518360637323e-05
90,25,2.1885917533763043e-05,0.0001033256872585421,0.00010119589924960568,8.158442182754324e-05,6.677024349816807e-05
90,26,1.946428454665376e-05,9.468639722695472e-05,9.281667171509865e-05,7.443102725581203e-05,6.064382585469491e-05
90,27,1.736617691020765e-05,8.687532253287363e-05,8.528574300443979e-05,6.804993380538475e-05,5.5215230965649986e-05
90,28,1.554090704369497e-05,7.979883555938024e-05,7.8500219417717e-05,6.234050982297182e-05,5.040524153752503e-05
90,29,1.3946960576261315e-05,7.337606976367294e-05,7.237208528479891e-05,5.723888887533225e-05,4.61029831617179e-05
90,30,1.2550110073664854e-05,6.753682688668636e-05,6.682566926287403e-05,5.266321382586018e-05,4.224478407337025e-05
91,1,0.017785591715938756,0.025142440562138022,0.02498441089134461,0.02409340803431862,0.022889049108559982
91,2,0.005953340679111403,0.00947137140560947,0.008947181480306148,0.00809216585756615,0.007699136732608973
91,3,0.003036588839310297,0.005425903726087303,0.005010212001643024,0.0044504524899264715,0.00416901941468959
91,4,0.0017964544597545002,0.003526603743441041,0.0031850672231329294,0.002788529615622198,0.0025986315368001314
91,5,0.0011590819268506264,0.002458653310353236,0.0021926649808656704,0.0019021581593391518,0.001759784489140227
91,6,0.0007935094880536186,0.0017958449165540605,0.001596431484223257,0.0013667648262226753,0.0012624628381585348
91,7,0.0005676510986181669,0.0013565788097081575,0.0012263596964035295,0.0010200607772553269,0.0009425002876300766
91,8,0.00042019555067995145,0.0010513400378647016,0.0009667242242369328,0.0007859593065360606,0.0007254176214952288
91,9,0.0003196979814514893,0.0008314798522050074,0.0007774415633878732,0.0006236418785915117,0.0005723877675488038
91,10,0.00024878860372068624,0.0006685795680116411,0.0006352761494029638,0.0005047292861060529,0.00046032096266849387
91,11,0.00019730119268554857,0.0005450903585888255,0.0005259342263792739,0.0004158170944452368,0.00037650460428204264
91,12,0.0001590012729504641,0.000449687519480886,0.0004401946480446021,0.0003470708848485751,0.0003123873180959627
91,13,0.00012991512706111833,0.00037479612102759327,0.00037187346974671174,0.00029292480939117714,0.00026237158563038345
91,14,0.00010742625120056604,0.0003181801631845645,0.00031668818326937166,0.0002495974529265341,0.000222770050949723
91,15,8.976309645344086e-05,0.00027598507905617997,0.0002715920228048273,0.00021456373663641089,0.00019078794414629407
91,16,7.569678442880047e-05,0.00024059357081145877,0.00023436719845973603,0.00018596709085679904,0.00016467625160844615
91,17,6.435650320172274e-05,0.00021067243804014598,0.00020702675387686604,0.00016255979519328603,0.00014330027485923416
91,18,5.511336513147215e-05,0.00018520069598048332,0.0001842651121936213,0.0001431277490607597,0.00012544227541940454
91,19,4.750540626531676e-05,0.00016592709088178545,0.0001646557688563088,0.00012667229075044633,0.00011041399928272688
91,20,4.1188023085127715e-05,0.00015072294082644043,0.00014766052979459777,0.00011262940909444015,9.77200018093219e-05
91,21,3.5900537820100065e-05,0.00013736193610632452,0.00013285245750578755,0.00010059895552843161,8.698682262020725e-05
91,22,3.144322217268504e-05,0.00012556039003834994,0.00011988882528191707,9.031647904286712e-05,7.783741034304496e-05
91,23,2.7661240716732122e-05,0.00011508884661313774,0.00010849156311685632,8.136734388658103e-05,7.002315258213684e-05
91,24,2.4433256738672156e-05,0.00010575962150459749,9.843289031054048e-05,7.353715568820293e-05,6.321916857056134e-05
91,25,2.1663232081930048e-05,9.741764721318741e-05,8.952460329122331e-05,6.669357591275669e-05,5.7254959429530077e-05
91,26,1.9274448463757956e-05,8.993364611633325e-05,8.160998117684006e-05,6.070061979461529e-05,5.20038464437407e-05
91,27,1.720509556666339e-05,8.319896854100964e-05,7.45575937961446e-05,5.5389719564230426e-05,4.736186168083071e-05
91,28,1.5404978515637526e-05,7.712163878019024e-05,6.825651108693756e-05,5.0730365749498746e-05,4.3243044462869183e-05
91,29,1.3833034763456892e-05,7.162328932486606e-05,6.320572034602705e-05,4.659346488339866e-05,3.957583522884181e-05
91,30,1.2455442844859106e-05,6.663675661001098e-05,5.863481604163072e-05,4.2887694142096624e-05,3.6305460271195213e-05
92,1,0.017700228498727003,0.02752404928502546,0.02615231652417053,0.023759784761177696,0.02252422475513039
92,2,0.005991345010633205,0.008575594249341635,0.008393540564186674,0.007919907602850544,0.0076505200262934475
92,3,0.0030595386912163312,0.0047947255104920355,0.004684839811999384,0.0043102204801949325,0.0041070378370611435
92,4,0.0018134874463773029,0.0030558848456276482,0.0029871514942770225,0.002737340737560276,0.002582809386240331
92,5,0.001172733502668527,0.0021090612081635153,0.00207118549269077,0.001884230802251458,0.0017623248863403505
92,6,0.0008047260320416666,0.0015359377040496797,0.0015186007026145856,0.001366904958157217,0.0012712243191974168
92,7,0.0005769743507144853,0.001162716147725115,0.0011538830405222052,0.0010311375574370639,0.0009525598477147894
92,8,0.00042800252023505536,0.0009062719393850216,0.0009006012479609248,0.0008008328348964496,0.0007346137852201484
92,9,0.00032627053230702293,0.0007226577871452799,0.0007178309421116698,0.0006360451912601039,0.0005803844002358453
92,10,0.0002543442703261276,0.0005868272240102986,0.0005819230796932481,0.0005138668862607844,0.00046825372743101925
92,11,0.00020201144859573867,0.0004836463137522317,0.00047838574239222024,0.00042161238989198385,0.0003835545769262377
92,12,0.00016300350392937598,0.00040353107011077206,0.00040236346029948525,0.00035041181881536666,0.0003186183916515147
92,13,0.00013332090420221715,0.0003444508028847335,0.0003423118288457768,0.0002951625261035347,0.00026769403197558046
92,14,0.00011032720588649861,0.000298049544217717,0.0002936656112478644,0.0002512294670389108,0.00022697495297105538
92,15,9.223518390347043e-05,0.0002596106805720752,0.0002537342661982594,0.00021576321527110452,0.00019397597165490005
92,16,7.780344055274477e-05,0.00022741781076311788,0.00022058517380538987,0.00018652612576106027,0.00016711714276795484
92,17,6.615102944398089e-05,0.00020020406482371917,0.00019279870442577974,0.00016218628804421224,0.00014492406353106344
92,18,5.6640765670822385e-05,0.00017701478520511048,0.00016931130658041086,0.0001417911877745191,0.00012639763741545927
92,19,4.880382922611466e-05,0.0001571174273828717,0.0001493121927707407,0.00012465602134742047,0.00011091462278651493
92,20,4.2289909323218483e-05,0.0001399408764798001,0.00013217363358119003,0.00011004704081975814,9.783936253999605e-05
92,21,3.6833549050650354e-05,0.00012503360099854613,0.00011740288411698894,9.75156798559924e-05,8.6667882387087e-05
92,22,3.223099912736004e-05,0.00011203417523786966,0.00010460836568552495,8.676644395588548e-05,7.70479622014634e-05
92,23,2.8324027930841795e-05,0.00010065011075304215,9.34754434749143e-05,7.744567835939177e-05,6.874933188869035e-05
92,24,2.49884210250888e-05,9.064238729466818e-05,8.452437252971577e-05,6.93899979884496e-05,6.155183893262908e-05
92,25,2.212569515873217e-05,8.181396844846617e-05,7.6991271946779e-05,6.236720018571297e-05,5.528158421723143e-05
92,26,1.9657049546795694e-05,7.400115209916609e-05,7.02950193585548e-05,5.6242969606717325e-05,4.9880070039993e-05
92,27,1.751889636536656e-05,6.706697010813863e-05,6.432404084971237e-05,5.0887053843974725e-05,4.5134133208591644e-05
92,28,1.56595205644488e-05,6.089609114606301e-05,5.898450977579317e-05,4.61489357857936e-05,4.0951255559146824e-05
92,29,1.4036557114954229e-05,5.539084105656669e-05,5.41970010897601e-05,4.2034967312729534e-05,3.730060144255085e-05
92,30,1.2615066670072683e-05,5.046806440729234e-05,4.9893879716057316e-05,3.840202003000899e-05,3.40495487932412e-05
93,1,0.017594526147832044,0.025688434585002144,0.025299478484025043,0.024032237027123097,0.022639481374042713
93,2,0.005899460984542135,0.008784359300647642,0.008619745407831506,0.008127146935062484,0.007820786592062024
93,3,0.0030006380817500333,0.004563129029251061,0.004519358147875055,0.004317671551551803,0.004151557966661915
93,4,0.0017742330921864766,0.00300789875811091,0.00292733376018368,0.0027169835255849476,0.0025736494000647503
93,5,0.0011463708089124768,0.0021315536305558155,0.0020480394593638727,0.0018510603129418455,0.0017378187935549907
93,6,0.0007869194404474062,0.0015842046607593694,0.0015041634926479198,0.0013329844655506336,0.0012450337489882256
93,7,0.0005648674203138636,0.001218212616488143,0.0011537060506776014,0.0009990103898683675,0.0009315772242587332
93,8,0.0004197156634377823,0.0009609720399356367,0.0009099562384325595,0.0007731802401955574,0.000720568140788814
93,9,0.00032056547321373586,0.0007731433822821733,0.0007323970016172127,0.0006149170869997028,0.0005716280599518881
93,10,0.0002503989504248671,0.0006318254049889427,0.0005990029135715847,0.0004997311556944651,0.00046253257733958064
93,11,0.00019927494268029585,0.0005229178355996412,0.0004962986638881987,0.0004129727416828247,0.00038145152290966
93,12,0.0001611032138216019,0.00043733106677905993,0.00041563601812532973,0.00034622085258233617,0.000318911033735246
93,13,0.00013200277079498295,0.00036897697440493865,0.0003512398243417288,0.000294065895389356,0.00026952919568550856
93,14,0.00010941673188930533,0.00031364374030778264,0.00029912264320899537,0.0002526399147437878,0.00022990142462909878
93,15,9.161173129755527e-05,0.0002683360766713308,0.0002564523719888962,0.00021867035101215095,0.00019785716664619162
93,16,7.738310412541504e-05,0.0002308727401381644,0.00022258001636014097,0.00019082408619049227,0.00017145908587217634
93,17,6.587512166905735e-05,0.0001996324016833325,0.00019434916953197314,0.00016782658713875094,0.0001494953310770314
93,18,5.6468013593878094e-05,0.0001733882552077113,0.00017050833019074515,0.00014837033251104842,0.0001311067933515224
93,19,4.87050506943324e-05,0.0001511974512324637,0.0001502253417553731,0.00013178461554680558,0.00011560570105317053
93,20,4.224435900537374e-05,0.0001333877177148979,0.00013285655575161188,0.00011758967781141714,0.0001024052611383966
93,21,3.682639713821552e-05,0.00011960191867690866,0.00011789735315291307,0.00010544121194525484,9.12038861072219e-05
93,22,3.2251583194231446e-05,0.00010755666120880918,0.00010591172147259145,9.489070805582496e-05,8.164211001110812e-05
93,23,2.8364635454058637e-05,9.698091783004842e-05,9.59408392743509e-05,8.568269532446346e-05,7.340645797404558e-05
93,24,2.5043437910907965e-05,8.76555569870521e-05,8.708796838371175e-05,7.761007554249058e-05,6.620800595104874e-05
93,25,2.219100782135704e-05,7.940149764480477e-05,7.920170802797874e-05,7.050351595719385e-05,5.988912269734108e-05
93,26,1.972962334470758e-05,7.224033707460275e-05,7.215564618618151e-05,6.422348061118292e-05,5.4320537000447895e-05
93,27,1.7596477161252454e-05,6.614590607621682e-05,6.584339702614043e-05,5.8654169398651876e-05,4.9395422962953e-05
93,28,1.5740422547710107e-05,6.06415500498213e-05,6.0493282784638186e-05,5.3698855786281385e-05,4.5031402331875636e-05
93,29,1.4119511267974429e-05,5.6342401257726214e-05,5.6001567089373454e-05,4.9276263183820915e-05,4.12069240611394e-05
93,30,1.2699112012050095e-05,5.271315330802302e-05,5.192945493446202e-05,4.532252949693894e-05,3.778986999593936e-05
94,1,0.017866622867038353,0.025481740633356467,0.025441684714489425,0.02385426131119945,0.022661321334601567
94,2,0.0060033255684941444,0.00923079060681296,0.008808514727840375,0.008159622094235765,0.007771550524112941
94,3,0.0030527669056455253,0.004736454656969175,0.004670358303619449,0.004382377475066628,0.004148885971854975
94,4,0.0018015932839751602,0.0030264348887138206,0.002972678430994426,0.0027457130802124056,0.002577692924896456
94,5,0.001160220503636417,0.002077178544570699,0.002046820519353794,0.0018792421672499508,0.0017495910533472537
94,6,0.0007931156805346112,0.001497097879805838,0.0014918576027497267,0.0013598004081722137,0.0012609291113000972
94,7,0.000566668567680671,0.0011383919609803935,0.0011283511736404402,0.0010267235065533455,0.0009466858035819797
94,8,0.0004190147683129456,0.0008960926790348221,0.0008773405104435983,0.0007987277102535202,0.0007332232640122748
94,9,0.00031849038135899397,0.0007201060301798015,0.0006968951566530482,0.0006359012476048416,0.0005817065685666586
94,10,0.000247630928305063,0.000587998549411661,0.0005630242092720375,0.0005172763858687831,0.00047166793096266367
94,11,0.0001962263990118487,0.0004862390228234527,0.00047076206054468526,0.0004285371230011308,0.0003894392631402195
94,12,0.00015802110312581206,0.00040623270001998476,0.0003992361732969397,0.0003604649868184208,0.00032588210958481176
94,13,0.00012903080613273782,0.0003422800924871057,0.00034164713957997024,0.0003066551942320657,0.0002759710646579388
94,14,0.00010663381862328505,0.0002987388667132987,0.0002946005713040363,0.0002632335053957726,0.00023663358110429588
94,15,8.905616592625214e-05,0.0002634013382781097,0.00025570108896045044,0.00022771642804547413,0.00020475832184880591
94,16,7.506800806947854e-05,0.00023354794669170262,0.0002232110251052541,0.0001983256405449746,0.0001784452634771416
94,17,6.37983562380862e-05,0.00020810129022694925,0.0001958396949227251,0.00017375906292180045,0.00015644739780508934
94,18,5.461856236507018e-05,0.0001862449301137259,0.0001736195309429866,0.0001533485930894791,0.00013789156961616038
94,19,4.7067113934909415e-05,0.0001673482332120424,0.0001562591654182815,0.0001361004425946957,0.00012217297018027778
94,20,4.0799955096644764e-05,0.0001509159744395344,0.00014119732486091055,0.00012141048671137592,0.0001088103583527111
94,21,3.555698614848943e-05,0.00013655366478316673,0.00012805323767244798,0.00010872661763494811,9.728750365232146e-05
94,22,3.113905001204242e-05,0.00012394313703013754,0.00011652303669627306,9.770607775952389e-05,8.7295383254797e-05
94,23,2.739185510760089e-05,0.00011282498886005957,0.00010636131887424113,8.808246373967732e-05,7.858688735208636e-05
94,24,2.419457061261455e-05,0.0001029857149187841,9.736779355987676e-05,7.964042885976674e-05,7.098059708235799e-05
94,25,2.1451621679459914e-05,9.424811248881073e-05,8.937745066507082e-05,7.239235730375438e-05,6.436012490282826e-05
94,26,1.908670969308087e-05,8.646401662270228e-05,8.225320752845483e-05,6.604766040361579e-05,5.8510258437078074e-05
94,27,1.703840141171315e-05,7.950872212617399e-05,7.588033071112812e-05,6.052360448822907e-05,5.3323402162852605e-05
94,28,1.5256838697303458e-05,7.327664673633587e-05,7.016214866052621e-05,5.559114280405939e-05,4.870972203252096e-05
94,29,1.3701258291151008e-05,6.767792101928201e-05,6.501671687579366e-05,5.1172331360333606e-05,4.459373146481833e-05
94,30,1.2338103738949883e-05,6.263567948153939e-05,6.037419542316203e-05,4.720249181782574e-05,4.091162672940441e-05
95,1,0.017475932094080916,0.026172958364478142,0.02560646577206747,0.023557255247630807,0.022535787109959154
95,2,0.005847345492744202,0.008497191189991815,0.008451875245305433,0.007789141725640629,0.007498397989392311
95,3,0.0029885160947218446,0.00477657686148237,0.004668750975652686,0.00426195866663083,0.004034499347734737
95,4,0.0017733870751317237,0.0030871027560862934,0.0030439798863703934,0.0026883831715925717,0.002515145926772202
95,5,0.001148602075699105,0.0022542948768083442,0.002137289952712302,0.0018399878650796502,0.0017023859987976083
95,6,0.0007897239968042651,0.001730483030680382,0.0015787281964008875,0.0013308714113036565,0.0012180825762545186
95,7,0.0005674652130476375,0.0013754876164668716,0.0012099503763650027,0.0010061885262524846,0.0009124979527812927
95,8,0.0004219052984658897,0.0011214140437299713,0.000972538641753486,0.0007841410317022179,0.000706926281163735
95,9,0.0003223409185118872,0.0009319305606417039,0.000798935554027543,0.0006255217922905857,0.0005637752240603381
95,10,0.0002518157938509585,0.0007860461635231185,0.0006668742965789141,0.000509909956805569,0.00045952807495076186
95,11,0.00020040108733816446,0.0006708704785274277,0.0005637385942150539,0.00042226880353682747,0.0003803791455272262
95,12,0.00016200129731714863,0.000578084565639678,0.0004814684204886161,0.0003550491119858282,0.0003189009970750667
95,13,0.00013272497009167238,0.0005020940937312576,0.00041469791573189483,0.0003028212486051134,0.0002702296733410721
95,14,0.00011000440678073217,0.000439004586157783,0.0003597276694215482,0.00026116640590263297,0.00023107101124813495
95,15,9.209677258072562e-05,0.00038602408319808867,0.00031401068310790735,0.00022688995846842402,0.00019927460004369766
95,16,7.778969791030112e-05,0.00034109998263850126,0.00027624763452113537,0.0001982938032205298,0.00017303077176429124
95,17,6.622142398736349e-05,0.00030269007341783213,0.00024411888434757546,0.0001741991228947071,0.00015111810663974133
95,18,5.67675683067931e-05,0.00026961351740979706,0.00021657068548685182,0.00015372345216479452,0.00013290755067676664
95,19,4.896792487278083e-05,0.00024095111244817964,0.00019279090752158425,0.00013633131045581078,0.0001174593343517602
95,20,4.247802399663428e-05,0.00021597686127808612,0.00017214377715331095,0.00012151374494664028,0.00010440857258839729
95,21,3.7036399328867366e-05,0.00019410996780040718,0.00015412460163344383,0.00010868053815080846,9.318612131160476e-05
95,22,3.244204843411936e-05,0.0001748804863811619,0.00013885131271044643,9.749281309074935e-05,8.344904925998305e-05
95,23,2.8538645286801363e-05,0.00015790429640436703,0.00012563860192333314,8.769470893446497e-05,7.49958984233281e-05
95,24,2.5203308585813412e-05,0.000142864572431615,0.00011387696882621319,7.914865989326633e-05,6.758807957956458e-05
95,25,2.2338496334865675e-05,0.00012949786056012358,0.0001033763376722928,7.172131034782322e-05,6.10703487583828e-05
95,26,1.9866079081665847e-05,0.00011758347492107839,9.397697834901092e-05,6.516303898046426e-05,5.5314885537775066e-05
95,27,1.772295316392432e-05,0.00010693532339223136,8.583237474000442e-05,5.9328554775683236e-05,5.021563314949345e-05
95,28,1.5857756916639525e-05,9.739553525051809e-05,7.864382992491171e-05,5.415305428645008e-05,4.568397159186162e-05
95,29,1.422838651628659e-05,8.882944246927112e-05,7.218931850067478e-05,4.957275582131869e-05,4.1652758853426305e-05
95,30,1.2800098176863767e-05,8.112158981588427e-05,6.637976067138513e-05,4.546865994182279e-05,3.8086814345381365e-05
96,1,0.017781165381740377,0.024688283833404136,0.0246639380722899,0.023511928569431004,0.02268720701873574
96,2,0.0059500573987602175,0.00915362766246358,0.008866524162903398,0.008224763420889418,0.007822405308618828
96,3,0.003034733471326463,0.005434743954965296,0.005126199944336014,0.004515572048887875,0.004253128574344756
96,4,0.0017965966215584244,0.0036723635030965008,0.003386428476700607,0.0028719429012000687,0.0026679548797300025
96,5,0.0011600401461154563,0.0026683676592090732,0.002418625514313973,0.0019768310544524058,0.0018121522379633977
96,6,0.0007948264707188924,0.002033933942753973,0.0018195830721741085,0.001437476395910442,0.0012989923477390712
96,7,0.0005690986354569944,0.001604016813106786,0.001420700228394759,0.0010862691547178101,0.0009718912800423014
96,8,0.0004216453992652067,0.0012975124498304084,0.0011405311097212796,0.0008455470153595401,0.0007500166660714499
96,9,0.0003210791385040196,0.0010704009135800822,0.000935557570275434,0.0006740082259988624,0.0005943117588493435
96,10,0.00025006492786054766,0.0008969531700272126,0.0007807028695050067,0.0005491766709433395,0.00048053145074433126
96,11,0.00019845756775534963,0.0007612355260208534,0.0006606395529321818,0.0004544315889299604,0.00039601736677679755
96,12,0.00016003510537264073,0.0006529101690497666,0.0005655444586981998,0.0003811863305860007,0.00033073467996540083
96,13,0.00013083106423037447,0.0005650078842115061,0.0004888715964891334,0.00032400770064194823,0.0002793846237271819
96,14,0.00010823287334592889,0.0004926771207412388,0.0004261136788000032,0.0002782569135460593,0.0002385014959934508
96,15,9.047083522576045e-05,0.00043244713626158993,0.000374079380701666,0.00024106065940608028,0.00020528193485608312
96,16,7.631662489199711e-05,0.00038177610427408395,0.00033045404847626244,0.00021021849668607812,0.00017801771003564973
96,17,6.489919623179292e-05,0.0003387642295358959,0.0002935232296597569,0.00018438407630173235,0.00015543020991308078
96,18,5.558897554567179e-05,0.000301966067085023,0.0002619933425835535,0.00016269133119983754,0.00013661358874993214
96,19,4.792308107817077e-05,0.0002702644641243362,0.00023487223547351475,0.00014442407055191252,0.00012072888171314516
96,20,4.15559017826839e-05,0.00024278389586318615,0.00021138774885282806,0.00012873609955235324,0.00010714467953234502
96,21,3.6225751464090525e-05,0.00021882963445851389,0.00019093101636089444,0.00011517903563912266,9.552090551232468e-05
96,22,3.1731945237272573e-05,0.00019784424812126604,0.00017301624020294704,0.00010339803098895315,8.559219619222291e-05
96,23,2.791877146660157e-05,0.00017937596644073244,0.00015725166506791628,9.31090981211923e-05,7.703300704841246e-05
96,24,2.466411027908103e-05,0.00016305532237974638,0.00014331830662584865,8.41881986844712e-05,6.961132746955837e-05
96,25,2.1871235996709623e-05,0.00014857766511599038,0.00013095414128399554,7.635445085064848e-05,6.314483548780694e-05
96,26,1.9462834932712643e-05,0.00013568990162302462,0.0001199422019882167,6.941881126143237e-05,5.7439122308909654e-05
96,27,1.737658653981264e-05,0.0001241803273290915,0.00011010150767347429,6.32568643050579e-05,5.237468695667495e-05
96,28,1.5561862296012337e-05,0.00011387074270285513,0.00010128007547126943,5.786454267193476e-05,4.7864684950039295e-05
96,29,1.3977233487095508e-05,0.00010461028172421107,9.334948240736276e-05,5.317200869813314e-05,4.383628151734499e-05
96,30,1.2588571044425391e-05,9.627053656591007e-05,8.62005928805854e-05,4.8989297928153476e-05,4.024520212740223e-05
97,1,0.017923883371635897,0.02860543943841114,0.02839233896529665,0.02456184547612939,0.023361626103146817
97,2,0.006161975322989715,0.008632700960907024,0.00855494643441151,0.008109336647517009,0.007842748736544478
97,3,0.0031502119977647926,0.0048781102589396785,0.004836266404466583,0.004312486396267969,0.004107873306737559
97,4,0.0018670551649268541,0.003158109232931083,0.0031023961666621714,0.0026870629466865335,0.002544390059775579
97,5,0.001206628213626042,0.0021927469045433775,0.002145308410602428,0.0018273470047133731,0.0017190386516581994
97,6,0.0008269274217413078,0.001596213956947165,0.0015600901063885422,0.0013173418536610144,0.0012305956751640789
97,7,0.0005918154557793792,0.001202492901820642,0.0011762431238599394,0.0009892127220943296,0.0009184353433799293
97,8,0.00043804540595331775,0.0009298335367867275,0.0009112129484910141,0.0007651483077770265,0.0007066428206563899
97,9,0.0003331084294908798,0.0007339629266511557,0.0007209204348174623,0.0006069499836987939,0.0005577738342728096
97,10,0.0002590020943842899,0.0005891316950670112,0.0005800310185672696,0.0004905225117553515,0.00044919474608851707
97,11,0.00020516587526179023,0.0004795079538992538,0.0004731173468230691,0.0004026259402496607,0.000368014600226413
97,12,0.0001651106772556639,0.0003949144576369415,0.0003903360268600363,0.00033529605472272723,0.00030536857845240564
97,13,0.00013469359487638195,0.0003285662392055863,0.0003251597527570625,0.00028216972135335484,0.00025613660551584126
97,14,0.00011118291134438046,0.00027580052776852445,0.0002752842100055872,0.0002396049351399013,0.00021700414746099656
97,15,9.272690878113707e-05,0.00023941604590544627,0.00023637285795009754,0.00020518725275788153,0.00018535754280049984
97,16,7.803983434059483e-05,0.0002099403949800375,0.00020436222471726116,0.00017748410750567472,0.00015967593806644922
97,17,6.62098150656047e-05,0.0001851382055652417,0.00017791701430992581,0.00015460878452061447,0.00013844718447874913
97,18,5.657784442362904e-05,0.00016409937609801218,0.00015830951435927092,0.00013541738802231676,0.00012070876580719272
97,19,4.865954544205988e-05,0.00014612444244592153,0.0001415383547977651,0.00011918332517909855,0.00010576788880680965
97,20,4.2093417419110404e-05,0.000130668393599597,0.00012709520187745082,0.00010535855946437553,9.310780798468669e-05
97,21,3.660589357826687e-05,0.00011730131975579328,0.00011458058317906891,9.351451919089767e-05,8.237059062434195e-05
97,22,3.1987310077605455e-05,0.0001056803292964998,0.00010367691131414015,8.331214622517874e-05,7.31723671018375e-05
97,23,2.8075100315019578e-05,9.552917794776691e-05,9.412903457007906e-05,7.448039402289347e-05,6.52519035664186e-05
97,24,2.4741861119237473e-05,8.662327569971284e-05,8.572999796615351e-05,6.680054415990077e-05,5.839842877657036e-05
97,25,2.1886758605242724e-05,7.877850509866561e-05,7.83104734045667e-05,6.010360749609398e-05,5.245800534109056e-05
97,26,1.9429258237451432e-05,7.184278003760228e-05,7.173081348032525e-05,5.425404360396988e-05,4.7305274065203497e-05
97,27,1.7304495102468733e-05,6.606041430125552e-05,6.587500767105646e-05,4.910582560497083e-05,4.279242763405822e-05
97,28,1.545981672987896e-05,6.10789884972169e-05,6.064603561482897e-05,4.455982067825948e-05,3.88473876084097e-05
97,29,1.3852174272639792e-05,5.660043788789016e-05,5.596225855353358e-05,4.0613008282239775e-05,3.536603165181348e-05
97,30,1.2446134420779375e-05,5.2562044416361535e-05,5.1754590727501074e-05,3.710097279096109e-05,3.2270273849900846e-05
98,1,0.017711175976643356,0.02788003417253387,0.026917131980134075,0.02437853670187485,0.023126681995818032
98,2,0.006030458753947707,0.009557917115237255,0.00905912407226011,0.008310091208312737,0.007949935822206647
98,3,0.0030861797385558255,0.005244668420496055,0.005018737018000574,0.004509765152400328,0.004297280173403141
98,4,0.0018328669976969611,0.0032784471532198364,0.00317926093180534,0.0028353398718842454,0.002678096641740642
98,5,0.001187885636688299,0.0022105443970298995,0.0021824344034896007,0.0019400148662178142,0.0018146450489730278
98,6,0.0008170777976615559,0.0015961716205713497,0.0015825559544112415,0.001400576672169878,0.0013030355944768286
98,7,0.0005873297306922487,0.0012326317224595296,0.0011944307278074196,0.001056500559114324,0.0009749770191120287
98,8,0.0004368624518038076,0.0009817469074663615,0.000932590025521404,0.0008227263178964822,0.0007525070343711068
98,9,0.00033396489907307507,0.0008006468978981177,0.0007494446890414829,0.0006572613288992057,0.0005974833149088308
98,10,0.0002611003722325797,0.0006651529903856234,0.0006149671275803563,0.0005357652073845002,0.00048442954030147444
98,11,0.00020799231435968344,0.0005607917455954314,0.0005117510501228713,0.0004432323035851572,0.0003999954191102035
98,12,0.00016833041932907478,0.00047846823124840764,0.0004307820097334048,0.0003713147936352571,0.00033470540906318407
98,13,0.00013808712939819047,0.00041223055708963465,0.00036689179829984555,0.0003151513028496409,0.00028316887591410593
98,14,0.00011460658099926368,0.0003580465403994618,0.00031702243767305115,0.0002702256904925526,0.00024245049330091865
98,15,9.608767353848812e-05,0.0003131014117048029,0.0002757766559381579,0.00023345702290995026,0.00020952271995343857
98,16,8.1278796210909e-05,0.00027537793492342133,0.00024126813878808047,0.0002037293388394383,0.0001826587097767338
98,17,6.929126761798213e-05,0.0002433964425143731,0.00021361891839501477,0.0001787433983053748,0.00016027206291015662
98,18,5.9481885117561705e-05,0.00021604889148940973,0.0001906341284450743,0.00015755468363509777,0.0001413900972946994
98,19,5.137703009670915e-05,0.0001924900386554656,0.00017077585237838393,0.00013987509972480396,0.00012533689643672518
98,20,4.462248019650538e-05,0.00017206433200598603,0.00015350965691573857,0.000124821039030445,0.00011161518087767035
98,21,3.8949528586890264e-05,0.00015425571542566948,0.00013841358626853442,0.00011192305413789178,9.978974839163737e-05
98,22,3.4151681948295263e-05,0.0001386524757448132,0.00012515005598443901,0.0001008227791760559,8.960886578261867e-05
98,23,3.0068360746341718e-05,0.00012492217317377618,0.00011344578063896961,9.106124475889879e-05,8.070906280937539e-05
98,24,2.657331983048222e-05,0.0001127934609884597,0.00010307718494193484,8.244087790672991e-05,7.289247174550128e-05
98,25,2.356630442096065e-05,0.00010204269536457274,9.385962830336281e-05,7.479968575654031e-05,6.599818957109599e-05
98,26,2.0966957773574987e-05,9.248393030451829e-05,8.563932769755121e-05,6.813781805855222e-05,5.9894171164591364e-05
98,27,1.8710318114716723e-05,8.396134111623265e-05,7.828722047293119e-05,6.226024094575715e-05,5.4471142269207687e-05
98,28,1.6743452042980534e-05,7.63434149508341e-05,7.1694242629068e-05,5.718977831008058e-05,4.966783242922831e-05
98,29,1.5022910543810921e-05,6.95184442076965e-05,6.576765410426505e-05,5.266081086567903e-05,4.537274629146472e-05
98,30,1.351278725018106e-05,6.339099257621377e-05,6.0428148426635116e-05,4.85823108272182e-05,4.1519752431415615e-05
99,1,0.017658246108830104,0.03067416944169714,0.03018749569684435,0.02496712840312207,0.023292567733117508
99,2,0.005972346727252531,0.008940173415613428,0.00871464833748953,0.008118902844901979,0.007742307414486102
99,3,0.0030366003127542686,0.004672428117081005,0.004629683166576694,0.004306218813439668,0.004117284340822107
99,4,0.0017958232812500597,0.002956114851451655,0.002939943121945697,0.0026995586696995965,0.002570843540447809
99,5,0.0011600792612555663,0.002032164283604701,0.0020250948030647534,0.0018431843353907545,0.0017494241535670758
99,6,0.0007957414347406485,0.0014763087767125265,0.001471496852946543,0.001328019522681247,0.0012618211256674719
99,7,0.0005705905029488106,0.0011153200121171555,0.001110275655934281,0.000997857019954543,0.0009479050833408609
99,8,0.0004234461017536624,0.0008674101052658996,0.0008614560357110367,0.0007735446210208651,0.000734067662407004
99,9,0.0003229939253715945,0.0006897780801508087,0.0006829586565502129,0.0006163719695080843,0.0005821348755423852
99,10,0.0002519627001801096,0.0005582137278778821,0.0005508172417303833,0.0005003842302627204,0.00047133814478770593
99,11,0.0002002553366044843,0.0004581600608688283,0.00045549035287349195,0.0004135143352068574,0.0003876893704142214
99,12,0.00016168413597990783,0.0003886169080771088,0.0003845188009751971,0.00034589531818009645,0.0003231863128893021
99,13,0.00013230619881344924,0.00033676029565773275,0.00032840895433285924,0.0002930135367716619,0.000272619491524084
99,14,0.00010952474863118678,0.0002941464139329684,0.00028600925396785135,0.0002515477551308792,0.00023203135753678469
99,15,9.158037034517258e-05,0.0002586148357098483,0.00025059798701145035,0.00021757970742328025,0.00019900755397064465
99,16,7.725118314858822e-05,0.00022862351399587595,0.0002206925938469306,0.00019010827182100844,0.00017184691942735345
99,17,6.566994671848187e-05,0.00020304611738072577,0.00019520033703098252,0.00016701586554412163,0.00014943337375582146
99,18,5.620910247010756e-05,0.0001810423744311361,0.000173298396640562,0.00014742070641415972,0.00013075811854163094
99,19,4.840658708353495e-05,0.000161973103470678,0.00015435518753686614,0.00013066465538055035,0.0001150496340776316
99,20,4.1916825068967645e-05,0.00014534331312690384,0.00013787748430229088,0.00011623965474062109,0.00010168351824460349
99,21,3.647766959478176e-05,0.00013076334425929994,0.00012347411372185966,0.00010374781350824293,9.030533689884106e-05
99,22,3.188767625611771e-05,0.00011792184584417165,0.00011083052477331456,9.287344639262259e-05,8.052392796672165e-05
99,23,2.799020960460509e-05,0.0001065666573853765,9.969064730552932e-05,8.33631359012775e-05,7.202113093192008e-05
99,24,2.4662152313886586e-05,9.649106380753386e-05,8.984372667023699e-05,7.501128254016522e-05,6.460669879190662e-05
99,25,2.1805767555334404e-05,8.752375875067796e-05,8.111461461378613e-05,6.764947458854139e-05,5.8212122753091286e-05
99,26,1.934275534938885e-05,7.952140580918487e-05,7.335649991983785e-05,6.128264994451099e-05,5.2578609432487125e-05
99,27,1.720985745056058e-05,7.236304566514767e-05,6.644538762833906e-05,5.5632371623195946e-05,4.76038138509737e-05
99,28,1.535556978249912e-05,6.594583272842526e-05,6.027584964452092e-05,5.059550915419343e-05,4.321996342029369e-05
99,29,1.373765684431795e-05,6.018174206846695e-05,5.475771254091678e-05,4.609412154944237e-05,3.931624860695352e-05
99,30,1.232125354062709e-05,5.4994993634202243e-05,4.981344530826317e-05,4.214106020833623e-05,3.585863314224718e-05
