rho,C
0.7674271693846013,31.634487980049993
