gamma,C
0.7623074305479781,38.67429968157894
