rho,C
0.7543149197782741,19.735607278610175
