gamma,C
0.7539535698400005,20.878101008707574
