gamma,C
0.7344169407115875,5.825250837363223
