gamma,C
0.7327455988624557,2.8355995695283207
