rho,C
0.7385374951208347,4.938486489674934
