rho,C
0.6581352190080123,64.67730477515595
