rho,C
0.6629695700912596,96.04630250666537
