iteration,training_loss,validation_loss,iter_time,raw_grad_norm,lr,t0,t1,t2,t3,t4,t5,t6,t7,t8,t9,t10
0,0.04469748695327097,0.011458027723165416,0.08768658404005691,,,1.2500000000000002,1.2500000000000002,1.2500000000000002,1.2500000000000002,1.2500000000000002,1.2500000000000002,1.2500000000000002,1.2500000000000002,1.2500000000000002,1.2500000000000002,1.2500000000000002
1,0.041633493290383426,0.011457993435242958,0.04417291597928852,0.02801568713757338,9.999999999992654e-07,1.2500022366055827,1.2500022366048642,1.2500022366040677,1.2500022366031318,1.2500022366019805,1.250002236600498,1.250002236598479,1.250002236595515,1.2500022365906542,1.2500022365810437,1.2500022365524186
2,0.044755081757799665,0.011451097309434385,0.047515332989860326,0.0299560667826996,0.0002009799999999999,1.2504521884982454,1.2504522071197153,1.2504522472271697,1.2504522710783956,1.2504522836349972,1.2504522895862646,1.2504522916150922,1.2504522912157006,1.2504522891490275,1.2504522854553417,1.2504522777910618
3,0.040853062028682594,0.011437385491594412,0.002425041049718857,0.028219107202588873,0.0004009599999999988,1.2513488950138014,1.2513489083518512,1.251348804212483,1.2513486394448599,1.251348451091417,1.2513482548782164,1.2513480568712352,1.251347859201568,1.2513476621557922,1.2513474642941773,1.2513472573443676
4,0.041530954154838574,0.011416874558146049,0.0024066250189207494,0.028668028108414234,0.0006009399999999995,1.2526936088081184,1.2526931998989732,1.2526927858030863,1.252692303624427,1.2526917976069907,1.2526912893560025,1.252690785825009,1.2526902882614344,1.2526897953913263,1.2526893031148072,1.2526887939527802
5,0.04113569188648637,0.011389647456404767,0.0023019170039333403,0.02766270133868666,0.0008009199999999984,1.254484201415469,1.254482610165439,1.2544816715823175,1.2544808276500732,1.2544800179221072,1.2544792421662436,1.2544784978475476,1.25447778009003,1.254477082834406,1.2544763967735875,1.2544756909914139
6,0.04220765428000853,0.011355712783937825,0.0024768749717622995,0.02812253432717444,0.001000899999999999,1.2567225922100485,1.2567205936244774,1.2567193086392356,1.2567182165521906,1.256717231221095,1.2567163396322378,1.2567155254065574,1.2567147716667113,1.256714062596078,1.2567133796004253,1.2567126730407845
7,0.03965069835086523,0.011315239964162522,0.0023595839738845825,0.0273384010114085,0.0012008799999999997,1.2594073911867634,1.259403263362496,1.259401244461083,1.259399638345527,1.2593982041123022,1.2593969025270804,1.259395707238469,1.2593945946074105,1.2593935428667613,1.2593925261262569,1.25939147462334
8,0.04247709104452199,0.01126814047855598,0.00230095797451213,0.028853537866011608,0.0014008600000000003,1.2625476198872334,1.262541799034692,1.262539298067753,1.2625373400167201,1.2625355706512424,1.2625339389292647,1.2625324146219303,1.2625309703820997,1.2625295802751733,1.26252821202088,1.2625267741153503
9,0.04161236756351645,0.011214578825853583,0.0023675410193391144,0.028126257994771364,0.0016008399999999992,1.2661409193947837,1.2661317299743626,1.2661293701344765,1.2661276579326062,1.2661260136536232,1.266124414089547,1.266122862115896,1.2661213494714938,1.2661198585596136,1.266118356802265,1.2661167314052484
10,0.04360264272842568,0.01115458883300839,0.002515540982130915,0.028844318114714725,0.0018008199999999981,1.270195201212349,1.2701801696857016,1.2701777372147076,1.270176541605164,1.2701754897125905,1.270174480335287,1.2701734991150195,1.2701725315960528,1.270171555549036,1.2701705310802678,1.270169318100777
11,0.0423014206140774,0.011088327359226909,0.002486291981767863,0.02851064378955968,0.0020007999999999988,1.274708185210701,1.2746884759207662,1.2746862338586693,1.2746856199902914,1.274685154223228,1.2746846875192481,1.274684200131202,1.274683678869962,1.274683102628771,1.2746824284808418,1.2746814900297574
12,0.042523842407374786,0.011015925212530179,0.0024433329817838967,0.028673985915022848,0.0022007799999999994,1.2796845981022478,1.279659937889878,1.279657580908814,1.2796573147221963,1.2796572303561866,1.2796571137728157,1.2796569323245497,1.279656670954168,1.2796563087197492,1.2796557995352724,1.279654948801436
13,0.04207852043033819,0.010937506923239497,0.002313292003236711,0.028671656275868946,0.002400759999999999,1.28512635000093,1.2850976252255393,1.285095269008112,1.2850952936959366,1.2850955597430966,1.2850958068346456,1.2850959715148218,1.2850960161151221,1.2850959033654412,1.285095571942031,1.2850947883752495
14,0.0394673975688835,0.010853749399122125,0.002397709002252668,0.026825040253279,0.00260074,1.291018605575597,1.290978094975979,1.29097098100186,1.2909678202348325,1.2909656817976254,1.290964018319864,1.2909626128177807,1.2909613312821537,1.2909600698734176,1.290958714572721,1.2909569615056604
15,0.039781895701553154,0.0107646576657374,0.00238695798907429,0.027203549173039507,0.0028007199999999996,1.2973692606896572,1.2973106122200144,1.2972955733989107,1.2972870016622655,1.2972807437966343,1.297275776684129,1.297271630623349,1.2972680166373145,1.297264726361092,1.2972615663988043,1.2972581403533272
16,0.03781743532370576,0.010670677357033486,0.0023561249836347997,0.026625597863402854,0.0030007000000000002,1.3041773642117696,1.304087056366564,1.3040575652817012,1.304038762803124,1.3040243013916357,1.3040123809012092,1.3040021537213475,1.303993112051417,1.3039849042958678,1.303977230462724,1.3039695782799718
17,0.042553797876833395,0.010571181613152292,0.0024761659442447126,0.028583031921912052,0.00320068,1.3114708320386035,1.3113491689523726,1.3113057612708976,1.3112775399593233,1.3112558571972668,1.3112380185203636,1.3112227279111275,1.3112092221929819,1.3111969893502133,1.3111856156480022,1.3111744686019018
18,0.03507872677306425,0.010467781033104282,0.0023584170266985893,0.024207260807954396,0.0034006600000000007,1.3191794742878782,1.3190189674051604,1.3189552859823357,1.3189115040930834,1.318876951158248,1.3188481496718885,1.3188233416043311,1.3188014497395624,1.318781734233348,1.318763604471235,1.3187462505878778
19,0.04374704978692291,0.010359029063809068,0.002362958970479667,0.028725801937257964,0.0036006399999999996,1.327390695165934,1.3271942467027935,1.327111685989713,1.3270539385121154,1.3270082555988287,1.3269702383813375,1.3269375892680881,1.3269088844481698,1.3268831479788294,1.3268596155930905,1.3268373057640581
20,0.03971506688694257,0.010245998479557395,0.0023642079904675484,0.027051203428104634,0.0038006199999999993,1.336085656130684,1.3358362014957872,1.3357265899430157,1.3356490648437012,1.335587847925103,1.3355371850423452,1.3354939703818256,1.3354562524820885,1.335422693297448,1.335392264968562,1.3353637463854153
21,0.04303968985245435,0.010128292045812051,0.0023533330531790853,0.02778097693761771,0.0040006,1.345278496916788,1.3449672489499245,1.344831130226269,1.3447364590827275,1.3446629557873335,1.3446030051280178,1.3445525090224613,1.3445089242238644,1.3444705337613907,1.3444360482260114,1.344404013790838
22,0.03861209881057556,0.010006973948911365,0.0023677920107729733,0.02614012533856313,0.004200579999999999,1.3549406779462154,1.3545540200664226,1.354383925216178,1.3542662475863985,1.3541756979542308,1.3541024637451202,1.354041242324994,1.3539887634338799,1.3539428418314332,1.3539018644904506,1.3538640972574048
23,0.03866766529577703,0.009882142180272703,0.002373291994445026,0.025697049605624574,0.0044005599999999995,1.3650635943957008,1.3645908100346813,1.3643861806385933,1.36424543202167,1.3641377301627433,1.3640509349087873,1.3639785207703257,1.3639165100050048,1.3638622790325692,1.3638139204328037,1.3637694420836755
24,0.04141086844279947,0.009753398616012956,0.0024912090157158673,0.027058193135519406,0.004600539999999999,1.3756892961060339,1.3751224225048884,1.374883149619088,1.3747210556545888,1.374598567875815,1.3745007800208788,1.3744197476494493,1.374350692321271,1.3742905080806096,1.3742369737454634,1.374187830011188
25,0.03672254950788759,0.009622365974615563,0.0023148749605752528,0.024866620001561056,0.00480052,1.38677828985181,1.3860803384092333,1.3857868919716554,1.3855904727810298,1.3854440004607784,1.3853284702957733,1.3852337525150549,1.3851537906933755,1.3850846833019217,1.3850236810154546,1.3849681030460794
26,0.04134568720319124,0.009487905650834846,0.0023504170239903033,0.026613863867460927,0.0050005,1.398375420594892,1.3975367650057633,1.3971892554058747,1.3969598073344636,1.3967912467229477,1.3966602261400898,1.396554270327181,1.3964659405572493,1.3963904744645577,1.3963245546123406,1.396265051834033
27,0.03537989837841301,0.009351805705710781,0.0024398340028710663,0.023810922163590393,0.0052004799999999995,1.4104079482526999,1.4094014541840307,1.4089851058235643,1.4087114571060453,1.408511990108883,1.4083582966372723,1.4082351091528214,1.4081333182962628,1.408047106616711,1.407972451869156,1.4079056741303921
28,0.0379369670408485,0.009213386442407604,0.002318624989129603,0.025333548380314368,0.00540046,1.4229349556432813,1.4217405069652698,1.4212447381005995,1.420919459968827,1.4206835372944004,1.420502852313729,1.4203589593347017,1.4202408363373167,1.4201414527322387,1.4200559739756289,1.4199800907252387
29,0.03718308147181913,0.00907327521558716,0.0023803329677321017,0.02439504008888898,0.00560044,1.4359369206923942,1.4345189626724304,1.4339312460527567,1.4335458766541376,1.4332676030713756,1.4330557748727335,1.4328882387836217,1.432751714021056,1.4326377258192522,1.432540468243817,1.4324548866471556
30,0.03911749177728206,0.00893088434780036,0.002358625002671033,0.02591252641521222,0.00580042,1.449480199817535,1.4478045527462404,1.4471134032089217,1.4466626650793355,1.4463391992286772,1.4460944596880752,1.4459019940320814,1.4457459827263301,1.4456163690508366,1.4455063072604295,1.4454099613647
31,0.03817728972446591,0.00878691115902027,0.0023871250450611115,0.024874611985041168,0.0060003999999999995,1.463529831946034,1.4615687128313473,1.460759538191,1.4602336628748815,1.4598582543308294,1.4595757630349755,1.4593547799490585,1.459176552785121,1.4590291999302618,1.4589046803596346,1.4587962704920627
32,0.037741085989900905,0.008641458921718427,0.002334082964807749,0.024867002345779276,0.00620038,1.4780959462330001,1.475816585166725,1.4748770657182755,1.4742688649941478,1.4738369945598255,1.4735136777905216,1.4732618919290763,1.4730595958917438,1.472892887106063,1.4727524185095908,1.4726305115699587
33,0.03366155209388665,0.008495971566359324,0.0023699579760432243,0.022661252351139465,0.00640036,1.4930945384383676,1.4904594315860509,1.4893692137052341,1.48866211342754,1.4881599818825366,1.4877841049560319,1.487491322745332,1.4872559407566504,1.4870617820051195,1.4868980126649451,1.4867558636875606
34,0.03397719252060712,0.008350563419122057,0.002350208000279963,0.02276250722209465,0.00660034,1.5085545908515472,1.5055013534179686,1.5042343271528649,1.5034098323299834,1.5028234630206647,1.5023839772583332,1.5020411384338035,1.5017650216662601,1.501536808107766,1.5013439334241407,1.5011763672083864
35,0.03191165223606401,0.008205765015531451,0.0023596250102855265,0.022032103082449538,0.00680032,1.5244533547183334,1.5209253558820124,1.5194475824410116,1.5184806676764993,1.5177902871024103,1.5172707600756192,1.5168636887364018,1.5165342616959177,1.5162606006875743,1.5160281330174177,1.515825372270336
36,0.03567648336352546,0.008060468719420419,0.0024042919976636767,0.023355662109935976,0.007000299999999999,1.5408711709635614,1.536804001015069,1.5350990537151363,1.5339816900040069,1.5331827327275422,1.532580315174368,1.532107098170269,1.5317229898824265,1.5314028362464738,1.5311299289233062,1.530891242950009
37,0.03360793840214651,0.007915481262052021,0.0023673750110901892,0.022511795145834453,0.00720028,1.5577801369216586,1.5531049256271505,1.5511428343670544,1.54985597248898,1.5489347627212735,1.5482387824157893,1.547690588789174,1.5472441890983082,1.546870798543187,1.5465513566452993,1.5462711568999017
38,0.034597346256050474,0.0077708669250202474,0.0023466250277124345,0.022524781239575152,0.0074002600000000005,1.5752011716319514,1.5698318553675736,1.5675810234939513,1.5661050622851045,1.5650483778821904,1.5642494107305858,1.5636192667344992,1.5631052929419957,1.562674615893123,1.5623055291733272,1.5619814428864944
39,0.034452371703987246,0.007626825316676417,0.00231087498832494,0.021897305128966125,0.007600239999999999,1.593112171937936,1.5869528248655997,1.5843859812429646,1.5827076738580548,1.5815089572077785,1.580604088924012,1.5798912606040072,1.5793103836228524,1.5788240510583607,1.578407637252226,1.5780424875258914
40,0.032631800941128386,0.007483752708147865,0.0022797919809818268,0.021675898638890332,0.00780022,1.611516755813322,1.6044762791682892,1.6015549952535844,1.5996498861049961,1.5982918771488048,1.5972680319054675,1.5964620878405036,1.5958056578188664,1.5952562818206075,1.594786082558432,1.5943741141004124
41,0.03497124594353145,0.007340997557324527,0.0023898340296000242,0.0221880417685353,0.0080002,1.6304531018300115,1.6224595314117785,1.619154764646704,1.6170083580064136,1.615483653313155,1.6143371749313282,1.6134365832937008,1.6127043453699352,1.6120924775856336,1.611569575378594,1.611112228820934
42,0.033743741563776714,0.007198784009220573,0.0023533329949714243,0.02159441466388963,0.00820018,1.6498849726996385,1.6408890138450765,1.6371838464890407,1.6347845900578706,1.6330853838324837,1.6318107433233247,1.6308113230935108,1.6299999005066665,1.6293226519507051,1.628744457728711,1.628239325843821
43,0.03172389671724401,0.007058097767221328,0.002318957995157689,0.020626122029504652,0.00840016,1.6697824510837083,1.6596887571677206,1.6555439980933926,1.6528677643802832,1.6509778366626047,1.649563340430112,1.6484561712914878,1.6475584384795947,1.6468098965019748,1.6461713452696751,1.6456139680369768
44,0.031138335081398932,0.0069190071757750105,0.002303791989106685,0.019966396617882916,0.00860014,1.6901007189207498,1.6788473746112158,1.6742376346962515,1.671265415159033,1.6691701970797188,1.6676040114442212,1.666379002090442,1.6653860432650063,1.6645581337489144,1.6638517863745304,1.6632352216552273
45,0.03222558779836311,0.0067813486108340825,0.0023002499947324395,0.020734613736325024,0.00880012,1.7109462327762146,1.6984017602672399,1.6932844563448117,1.689992198300963,1.687676018072152,1.6859469142243013,1.6845954596531123,1.6835003576322958,1.6825873281542656,1.6818082831250611,1.6811282768343485
46,0.03451037019392292,0.006644367259127892,0.002450707950629294,0.021014551641025198,0.0090001,1.7323427381724723,1.7183972951461284,1.7127549272799305,1.709139220472327,1.7066045156192913,1.7047178028807377,1.703246711089837,1.7020570684077208,1.7010669319856844,1.7002233931890103,1.6994882054790514
47,0.033917291006626264,0.006508200586914577,0.0023054589983075857,0.020668766883728627,0.009200080000000001,1.7542683535256265,1.738838731345006,1.732656917266857,1.7287131651200158,1.7259608009664587,1.7239201173695549,1.7223343526046653,1.7210556906299002,1.7199941113760329,1.7190916591781147,1.7183066581221216
48,0.029190236128173765,0.006374703048817651,0.0023664170294068754,0.018597053824435557,0.00940006,1.7765914710374786,1.75954190082063,1.7527734196522833,1.748472732006735,1.7454833915336476,1.743274809502531,1.7415637563333177,1.7401876350601664,1.7390476795240488,1.7380804680945485,1.7372406164448129
49,0.0317812909075402,0.0062429504353964625,0.002429499989375472,0.019373616783270424,0.00960004,1.7994009616853464,1.7805960531100675,1.7732061330419293,1.7685331162561184,1.7653003539550907,1.762922095689588,1.7610866645680283,1.7596156497837019,1.7584009511238625,1.7573733213447573,1.7564834310286925
50,0.030069866974512107,0.006113348894751683,0.002365000022109598,0.018993382553402927,0.00980002,1.8226896681042821,1.8019838573410951,1.7939288125334103,1.7888570449796348,1.785362808155165,1.7828014295379204,1.780830970219424,1.779256249104519,1.777959285924208,1.7768646726432518,1.7759189123331933
51,0.02794275484021201,0.005986574548040625,0.0023570419871248305,0.01770711609174368,0.01,1.8463547290692386,1.8236111101298051,1.8148452470538048,1.8093435541682483,1.805564761788498,1.8028019788796048,1.800681261041558,1.7989896725720302,1.7975987595365188,1.7964265721328283,1.7954151858283116
52,0.029495416853158832,0.0058642482493746085,0.002184791024774313,0.018627879042161066,0.009999878165711622,1.8700441930317948,1.8451452876860226,1.8356438701357891,1.8296979915791567,1.825624630915005,1.8226521456247657,1.8203736450532368,1.8185580746397645,1.8170663628914798,1.8158099595068515,1.8147264860183863
53,0.030202888697158994,0.00574594669635502,0.002305292000528425,0.018807885289181054,0.009999512668784518,1.8937887005722505,1.8666365865490537,1.8563713694320072,1.8499616342141976,1.8455798978436166,1.8423872009411006,1.8399424137989273,1.8379956578131307,1.8363968379163456,1.835050553949255,1.8338898103149077
54,0.031167720332224383,0.00563110738711001,0.002380999969318509,0.019059213569077155,0.00999890352703249,1.9176280003136805,1.8881137796618548,1.8770689680988764,1.870188102597163,1.8654951520744347,1.8620811986003485,1.8594698585956597,1.8573919600525817,1.8556861692834616,1.8542501367726583,1.8530122036698633
55,0.03001676181489893,0.005519931046431854,0.002305749978404492,0.018463963681088335,0.009998050770144252,1.9415177591555148,1.909525601351404,1.8976792651390477,1.8903174047858269,1.8853082089559197,1.8816700438352962,1.8788900813529246,1.876679333942707,1.8748649931361125,1.8733376524054495,1.8720209410624509
56,0.028931062334989162,0.005412785858223082,0.00244824995752424,0.017834002953822228,0.00999695443968197,1.9654281621643945,1.9307971232124865,1.91810727742336,1.9102440547427775,1.9049073483235206,1.9010383737354677,1.898085844349363,1.8957399317819748,1.8938157772152275,1.892196568155914,1.890800997294144
57,0.027531529996678683,0.005309842150592605,0.0023110839538276196,0.0170774878941949,0.009995614589079242,1.9892936571606927,1.9518885504156924,1.938308937902826,1.9299161040341197,1.92423227466575,1.9201176654003975,1.9169807689169873,1.9144899947501015,1.9124478966051928,1.9107299132544777,1.9092495663333184
58,0.030984664343528524,0.005209815565592856,0.0023203750024549663,0.017721957049120513,0.0099940312836385,2.0131884397535798,1.9728900389117416,1.9584194975370275,1.9495073857467748,1.9434899257426588,1.9391438472868345,1.9358365547626177,1.9332144181252424,1.9310673479918485,1.929263061086844,1.9277099600388796
59,0.031373654251753036,0.0051120546134243265,0.0024224999942816794,0.018818313422146824,0.009992204600527814,2.037241046508363,1.9939484811822568,1.978579918864665,1.969150825242573,1.962804479483319,1.958231852847307,1.9547585543696644,1.9520087193226408,1.9497596014160443,1.947871242686681,1.9462469882358673
60,0.028386289172137244,0.005017495100671031,0.0023355840239673853,0.017060373800953058,0.009990134628777144,2.061269683797252,2.0148885923494593,1.9986058200178964,1.988649532987823,1.9819680082968543,1.9771645525281785,1.9735221606223967,1.9706423029210507,1.9682893207303056,1.966315413590706,1.964618750736024
61,0.02880011629537296,0.0049262405906162696,0.002471334009896964,0.016360632702819903,0.00998782146927399,2.085234179761854,2.0356070517992175,2.0184079038674,2.0079282227848636,2.0009168884320085,1.995888334438488,1.992082636891009,1.9890785525182657,1.986627531480393,1.9845739644317104,1.9828108736856533
62,0.025655457712619064,0.004838606087224423,0.0024012920330278575,0.015705105024311158,0.009985265234758489,2.109081751925304,2.056094070952267,2.0379423990732106,2.026917087017998,2.019559838535898,2.014293063823374,2.0103127007945685,2.007174202140904,2.004615800441116,2.0024738738752412,2.000636160520831
63,0.02724835196057189,0.0047539362288733,0.0024525419576093554,0.016090649864014008,0.009982466049817897,2.1328814847825,2.076413052246625,2.0572916444719054,2.045712513952419,2.0380046598693182,2.0324960825671083,2.0283378034168553,2.025061696325446,2.0223926931924825,2.0201591500714406,2.018243538596375
64,0.02560595817190558,0.004672575738230349,0.00236529199173674,0.015230080052812992,0.009979424050880543,2.1565615417381925,2.096491974062969,2.0763692613763216,2.0642152741602797,2.056141222123368,2.0503782897397844,2.046031583724075,2.042608862371525,2.039821420757061,2.037489357955997,2.035489705106373
65,0.02683028527895493,0.004593815667087953,0.0023059999803081155,0.01561243850166694,0.009976139386209164,2.180181739365653,2.11641691106872,2.095279373857704,2.082545526807322,2.074103008896285,2.0680843931671933,2.063548247921013,2.0599779681870016,2.057071107682314,2.0546394640846124,2.052554610775215
66,0.023472948992832424,0.004518275358120505,0.0023137080133892596,0.014348164529902183,0.009972612215893682,2.2036236846410913,2.136061952127751,2.113876454934397,2.100541365747921,2.091714456042857,2.085427008110552,2.080689978471406,2.0769618604851154,2.0739261543623524,2.0713861526329427,2.0692078279229413
67,0.024844057344561625,0.004445578994353117,0.002473916974849999,0.013929124796317556,0.009968842711843402,2.2268599022289903,2.1554105880829257,2.132171027174573,2.1182346318168364,2.1090253892845765,2.1024721819679675,2.0975379838856245,2.0936562179320473,2.09049622996318,2.087852735470985,2.08558605137665
68,0.025463658338818765,0.0043752719158717986,0.0023331670090556145,0.014997778021976117,0.009964831057778631,2.2500752740587453,2.1745872617989335,2.1502688755701147,2.135716992242183,2.126116025787674,2.1192900190386377,2.1141530636819357,2.1101130734098437,2.106824990970097,2.1040747929354082,2.1017170256159945
69,0.026292876763961293,0.004307009663291522,0.0023336249869316816,0.014579484581084797,0.009960577449221733,2.2732130282227936,2.1936026495486476,2.16820343533946,2.153040958468916,2.143054660571728,2.13596251881733,2.1306294446066483,2.126437746257223,2.1230279286263256,2.1201772122258586,2.1177343615796835
70,0.025089551174997112,0.0042407762746019964,0.0023378750192932785,0.014374873120193588,0.009956082093487582,2.2962628768737035,2.2124797883649676,2.1859919001483226,2.1702128582491325,2.159837383073051,2.1524759668584106,2.146943878043653,2.142597624258746,2.139063188944572,2.136108997514604,2.1335780134911064
71,0.025377486155194796,0.00417644467798534,0.0023637499543838203,0.014402327816823858,0.009951345209673482,2.3192639441266234,2.2312098969784033,2.2036296597450638,2.1872343831204493,2.176470748912165,2.168840912533604,2.163110335985892,2.158609700517239,2.154950483846853,2.151892342210441,2.149272465375095
72,0.024913320011007142,0.004114081742386006,0.002296042046509683,0.014287573574241675,0.009946367028648461,2.3422310983801276,2.249790600854593,2.221097557317853,2.2040734150014134,2.192912772998935,2.18500759113337,2.1790728341919774,2.1744129964311414,2.1706248371306045,2.167459102016545,2.164747106536414
73,0.024594031708517025,0.004053646067163696,0.0022874579881317914,0.013469896776688278,0.009941147793042041,2.365063994114114,2.268156106380572,2.2383563584161745,2.2207069581593446,2.20915448239969,2.2009794918921513,2.1948462128810964,2.19003280272014,2.1861212444017277,2.1828533447950744,2.180054530572889
74,0.023699875600250178,0.003995196455435259,0.0023697500000707805,0.012935018324001004,0.009935687757232404,2.3877111349998303,2.2862914467308646,2.255383420758253,2.2371090184881615,2.2251656135690574,2.216721732207976,2.2103908552193734,2.20542482498408,2.2013908673977003,2.198021857734791,2.1951373336421014
75,0.024273666918664435,0.003938581699863758,0.002394584007561207,0.013085990056372628,0.00992998718733399,2.410238414503756,2.3042102148382506,2.2721828856015738,2.2532841348105936,2.2409532490047797,2.2322449068575403,2.2257213163505787,2.2206077728654767,2.2164566323171884,2.2129917753441037,2.2100268127823273
76,0.02383586126701839,0.003883589072629605,0.0023200419964268804,0.012968071244087855,0.009924046361184534,2.4326385243397897,2.321958836927539,2.2888109935462047,2.269289903191211,2.2565744062448156,2.24760441609728,2.2408906151738543,2.235631665536267,2.231365037870923,2.227805627638122,2.224761139186744
77,0.0247886325280895,0.0038300066629645703,0.0023130420013330877,0.013527759694235846,0.009917865568331524,2.4550308227367506,2.3395900946861214,2.3053154435615983,2.285169187045841,2.272068005597929,2.2628358600724354,2.2559316400292344,2.2505272921370363,2.246145362532637,2.242491733380358,2.239368178075622
78,0.024042306619704787,0.003777777877927144,0.002279167005326599,0.012997283880631346,0.009911445110018081,2.477345483201807,2.3570690011351214,2.321682312795312,2.3009232655246175,2.2874462983683777,2.277959432364433,2.270870277615245,2.2653244857166595,2.260830006230339,2.257083956592985,2.2538823673934716
79,0.02604487541896778,0.0037264406374149317,0.0023981659905984998,0.013872827619487372,0.009904785299168283,2.4997241137924,2.374523921900458,2.338041488084287,2.3166810648725273,2.3028383816761693,2.2931051977285652,2.285838170813104,2.280156918147592,2.2755550177986548,2.271720994475532,2.2684452651549685
80,0.02492245066127357,0.0036762579352205655,0.0023442499805241823,0.013104279280528493,0.00989788646037192,2.5220664321191752,2.3918747213405727,2.354306103006923,2.3323535472469006,2.318153458459236,2.3081809082766696,2.3007419805512077,2.294930443509382,2.290225674281194,2.286307732107466,2.2829615179637375
81,0.023671918820855006,0.0036274658665752042,0.002462124975863844,0.012792970301029665,0.00989074892986866,2.5443579183439553,2.4090779850984325,2.370425914819397,2.347876438493297,2.3333117956815452,2.3230912935354544,2.3154712800409434,2.309520093938751,2.304703167453985,2.300692241942138,2.2972667867383003
82,0.0239668109531514,0.0035799252553896503,0.0023659159778617322,0.012727110756825246,0.009883373055531672,2.5666023858285167,2.4261553347826643,2.3864225193173407,2.363274485952698,2.3483415167781496,2.33786840102628,2.330062247113406,2.323966218495811,2.319031959472333,2.3149229888491227,2.3114134000136715
83,0.02223577924357488,0.003534008431648448,0.0022635000059381127,0.011636040154416277,0.009875759196850664,2.5886636543969823,2.4429833304055464,2.402159763856027,2.3784023682403737,2.3630928570771794,2.352360700378975,2.3443635308540927,2.338119004663835,2.3330647417756336,2.3288558454258808,2.325260880573796
84,0.022041894560192666,0.0034895869712086693,0.0023382090148516,0.011706673129702205,0.009867907724914365,2.6105850873257466,2.4595942246760543,2.4176610985473608,2.3932822983687,2.3775876287217663,2.366589350345958,2.358395197783646,2.351997058616799,2.346818356110091,2.342505648448974,2.3388218747771696
85,0.02378021064936178,0.003446176340102665,0.002320417028386146,0.012578434638405448,0.009859819022392443,2.632520706316774,2.476117956771527,2.433069453429359,2.408064155603361,2.3919801275397456,2.3807115525753457,2.372316303910982,2.3657605699873976,2.3604536272292806,2.3560335157787238,2.3522575580658867
86,0.022654574744809138,0.00340397222117667,0.00228358298772946,0.011834322883887723,0.009851493483516844,2.6543733060364167,2.49246404980648,2.448297362648589,2.4226655018905867,2.4061903659741497,2.3946489889027447,2.386049744241423,2.3793333320344288,2.37389498374694,2.3693642805527904,2.3654929646883636
87,0.022902599917779765,0.0033627727516328653,0.002249915967695415,0.012106511388797796,0.00984293151406259,2.676204291615425,2.5086870198548783,2.463401923296916,2.4371426806514855,2.4202751852809787,2.408459477269497,2.3996546590044368,2.3927759644812427,2.3872046089749794,2.3825617267975305,2.3785934882927657
88,0.02412047939771676,0.003322292458381897,0.002342708990909159,0.011693926993269481,0.009834133531327996,2.6979276967266954,2.524810601494744,2.4784531885182455,2.4515907668505057,2.4343493042143716,2.422273507216166,2.413274804999713,2.4062435370651767,2.4005473417532053,2.3957992081966943,2.391739961637023
89,0.02266898364418825,0.0032828302152569026,0.0022761250147596,0.01180082631601359,0.009825099964114322,2.719622169070708,2.540796007191125,2.493362170995791,2.465891090126077,2.448271151292794,2.435931237098376,2.426735220983212,2.419548516604927,2.41372514743453,2.408869906858897,2.4047182215790937
90,0.021907621145681955,0.003244544118486327,0.0022935839951969683,0.010325638449170631,0.009815831252704892,2.74103816172439,2.5565433273997193,2.5080438615731455,2.4799746570637153,2.4619845451315427,2.449387571361543,2.440000484287839,2.4326640534375206,2.426718834572392,2.421761513612588,2.4175221741898234
91,0.021343283186275402,0.003207378026348707,0.002381125057581812,0.010841597958504073,0.009806327848843626,2.762322745499644,2.572081400135765,2.5225141639254485,2.4938437360714625,2.4754811595892603,2.4626253663405193,2.4530460040201687,2.4455590618198833,2.439491533524183,2.434431916396172,2.430104885697048
92,0.019969911344622608,0.0031715080125779295,0.0022931669955141842,0.009713921258589895,0.009796590215713018,2.783298282726299,2.5873389270882594,2.536707229880797,2.5074332352795006,2.4886950915397024,2.4755771546827927,2.4658022606039776,2.4581616594877236,2.451968783081704,2.446803927911643,2.4423863513358497
93,0.023353013724540378,0.0031361859037607456,0.002260665991343558,0.011432424491275902,0.00978661882791157,2.804294430341646,2.6025012386954556,2.5508516356298836,2.520993723377356,2.5018943742351496,2.4885255488238727,2.478565054615001,2.470779692448942,2.4644695662800915,2.459206904647043,2.4547056458265484
94,0.021248585876527303,0.003101866797834475,0.0022747089969925582,0.00993874364797975,0.009776414171430657,2.8250748156052152,2.6173991845593467,2.5647677380907763,2.534345109071598,2.514896441515806,2.5012855216968175,2.4911467879060574,2.4832230809422,2.476801458630476,2.4714462308797183,2.4668661132380496
95,0.023219649659473877,0.003068063672143092,0.002403042046353221,0.011157730066018869,0.009765976743630838,2.8458649985897515,2.63224062548013,2.578637265927271,2.547669481718801,2.5278855543937917,2.5140426316224533,2.5037329006311446,2.4956761665258678,2.489147018179218,2.483702238621134,2.479045588194184
96,0.022131542878439797,0.0030348731201775784,0.002305332978721708,0.010990487719157829,0.00975530705321762,2.866654574540654,2.6469962132310774,2.59243640933207,2.560932287001171,2.5408179447601085,2.526745543764089,2.5162658891411525,2.5080762388750637,2.5014390199671874,2.4959036905294454,2.4911691920400485
97,0.01975781713944711,0.0030027999567364396,0.0022444159840233624,0.009105602368743467,0.00974440562021666,2.887130984682889,2.6614519720991363,2.605956212307566,2.573921849717038,2.553480427463421,2.5391809250789406,2.5285334059194255,2.5202127265730105,2.5134692146724666,2.507845030316781,2.5030343129043646
98,0.02076774146108576,0.0029715169843171074,0.002413666050415486,0.00988604737074255,0.009733272975948424,2.9074698615106884,2.6757241051756315,2.6193120827664154,2.5867554162939848,2.565992177238278,2.5514693777876674,2.5406568382823407,2.532207327171264,2.5253592340854096,2.5196475237175537,2.5147616018904593
99,0.018881307068813108,0.002941350794117489,0.0022564579849131405,0.008779627498145221,0.009721909663002288,2.9275044771649705,2.6896924424297084,2.632387916764409,2.59930468734397,2.5782120585339743,2.563458094581786,2.5524736471550296,2.543889386804632,2.536931695677433,2.531128214594819,2.5261635003712497
100,0.022112939487435153,0.0029116544074604036,0.0023133750073611736,0.009866750353996449,0.009710316235210091,2.9474386973283795,2.703560969750155,2.6454053207152755,2.611819623258502,2.590413675693971,2.57543943195211,2.5642914269788157,2.5555789039768664,2.5485167561585693,2.542625586468929,2.5375853089612015
101,0.02133304247024102,0.002882569474807527,0.0022978750057518482,0.009633186905356594,0.009698493257619149,2.967259818133974,2.717304423230105,2.6583153409976843,2.6242368886822898,2.6025222642163626,2.5873303167608075,2.5760202114842876,2.567180322152789,2.560014320197713,2.554035923155996,2.548920483595387
102,0.019433797706834635,0.0028543549917261083,0.0022986250114627182,0.009032895716635925,0.009686441306464712,2.9869015556555,2.730813280234198,2.6710051863897912,2.6364325435133114,2.6144056145826937,2.5989920336411183,2.5875160085935813,2.578545159240899,2.571271922098952,2.5652031129119908,2.5600095003114935
103,0.0223966695206904,0.002826411191903118,0.0023217080160975456,0.01023983206349774,0.009674160969141874,3.006585748897712,2.7443015177291477,2.683689992155287,2.6486459686882693,2.62632384984912,2.6107020938505574,2.599071120043943,2.5899784989038928,2.582605869968253,2.576453438761787,2.5711875911815034
104,0.02105051275241526,0.0027989710392125697,0.0024139159941114485,0.009772927436956425,0.009661652844176954,3.02624281321858,2.7576951181618217,2.6963091256685594,2.660798712953912,2.638180643531126,2.6223473083884046,2.6105568645629185,2.601337308656294,2.59385974252882,2.5876179193965427,2.582273943612079
105,0.02151802654686437,0.002771899723957799,0.0023885000264272094,0.009822270014098211,0.009648917541198314,3.045882074024916,2.7710373610315577,2.7089071618738148,2.6729401459096715,2.6500316450690504,2.63399005828919,2.6220429645294625,2.612698971439709,2.605118794725438,2.5987897847905197,2.5933697945624536
106,0.021317054747377,0.0027453200962533056,0.002319833030924201,0.009370200814466406,0.009635955680906654,3.065448193018833,2.7842211299651756,2.721394920701627,2.6849914052179096,2.6618063996068386,2.6455677278758074,2.633473391564119,2.624013141084817,2.6163376199743156,2.6099279873422754,2.60443798998829
107,0.02121106439773807,0.0027192419433068153,0.0024448330514132977,0.008751792955545762,0.009622767895044761,3.0848112346202265,2.7972778753576484,2.7337854530193137,2.696963347268951,2.6735146116727124,2.6570884501703453,2.6448550492407903,2.635285713386958,2.627521274982206,2.6210368311601924,2.6154821129733565
108,0.020803506748322063,0.0026936858551530884,0.002322874963283539,0.008848197855035024,0.009609354826366708,3.1040295073357362,2.8102050560868306,2.746066886289853,2.708839593019017,2.685134589656615,2.6685252702149462,2.6561556218736455,2.646479055278955,2.6386268891468423,2.6320683399857314,2.6264492414388623
109,0.020529865098989863,0.00266866747371494,0.0022106670076027513,0.009068134031995509,0.009595717128606544,3.123183050451558,2.823006395222823,2.758232692243399,2.720602402351145,2.696640698837642,2.6798462882325023,2.6673376058528797,2.6575505477263883,2.649607114719935,2.642970762188633,2.637283502562278
110,0.019004797400567763,0.0026443552023711803,0.002262874972075224,0.008362539917727431,0.009581855466446418,3.1421568968066804,2.8355966967036625,2.7702044107290464,2.732170062799706,2.7079471847675762,2.6909623269882603,2.6783090238683043,2.6684059492044665,2.66036588582119,2.6536465587204177,2.647886162541637
111,0.020892427861381346,0.002620528321801658,0.0023265419877134264,0.008565567850489017,0.009567770515484183,3.1610075439685192,2.8480191811052666,2.7820526317745236,2.743631487106242,2.7191566966421647,2.7019870077672588,2.6891938764331953,2.679179451342538,2.671047519400391,2.664250122447205,2.658421635035805
112,0.020253877330299947,0.0025971501454007217,0.002386874984949827,0.008747335592848687,0.009553462962200483,3.17979153080672,2.860309720226474,2.7938116413959895,2.7550127309503045,2.730287059258364,2.7129303685330184,2.699994216326187,2.6898648227214235,2.681637287688992,2.6747581173531554,2.668857950702237
113,0.020875404295346456,0.0025740754495712473,0.002307249989826232,0.008888225548496336,0.009538933503925276,3.1985375892130463,2.8725315600024417,2.805538912644393,2.766376731739041,2.7414084888487498,2.723869811026059,2.7107939589959846,2.700551601817337,2.692229452992902,2.6852686802490813,2.6792963369515905
114,0.019562827248706508,0.0025515347483674304,0.0022641249815933406,0.007629761438767299,0.009524182848803865,3.216986052264886,2.8846209217863086,2.817147830728614,2.7776282821367246,2.7524195631199633,2.7346989802050907,2.7214823555595076,2.7111252937087977,2.70270640567459,2.695661697639492,2.6896147476613588
115,0.01883989851954791,0.0025296043745957047,0.0023228750214911997,0.007440416150911408,0.009509211715762368,3.2351527048870508,2.896514320250124,2.8285959357351844,2.788719740855082,2.7632667393721846,2.745359138846043,2.731996690309896,2.7215201905817765,2.7130001584772536,2.7058674213976017,2.6997420384357884
116,0.02114427797995184,0.002507930635888111,0.0023003749665804207,0.008580394036112817,0.009494020834472686,3.253311581529766,2.908313673058061,2.839983044737192,2.799773861520117,2.774095770040556,2.756017334748768,2.74252296364571,2.7319391715629227,2.7233287393600842,2.716117578298892,2.7099224202358765
117,0.019549681689118303,0.0024867244785505517,0.00230787496548146,0.007685847434573619,0.009478610945316945,3.2712981194829847,2.9198879135341618,2.8512141155200403,2.810699005900788,2.784811840230181,2.7665717760110913,2.752952553107672,2.742267065674669,2.73357094817972,2.72628536262,2.7200238628100215
118,0.020513739315644278,0.0024658715597515317,0.0022452499833889306,0.007557521839063934,0.009462982799351401,3.2890739884002924,2.9313588889449607,2.8623700309751574,2.8215633058396308,2.7954789401235023,2.7770872672247653,2.7633520025576424,2.7525726274716704,2.7437978437434274,2.736444207173763,2.7301221986048603
119,0.020934725719816832,0.002445332602427501,0.002332208037842065,0.007744115593732664,0.009447137158269843,3.3067209915100992,2.942694497090572,2.8734452387949747,2.832372693501827,2.8061081445887317,2.7875769825852106,2.773735750789606,2.7628713193590433,2.7540258196066567,2.7466113878570795,2.7402355621617103
120,0.019608452604432697,0.002425190354997172,0.002288666961248964,0.007385651479774298,0.009431074794366457,3.3241862710500163,2.9538654288333057,2.8844031584829772,2.8430859893935785,2.8166540817176813,2.797991802862036,2.784050669379012,2.773105712712694,2.7641929717708136,2.7567204025681873,2.7502927791642717
121,0.019755547202503977,0.0024055363042224803,0.002266082970891148,0.006963060895914082,0.009414796490498206,3.341415583431691,2.9648091594052017,2.895184540782776,2.8536452956112375,2.827058771539551,2.8082724032196054,2.794236685577039,2.783215695236248,2.774239821955964,2.76671296736749,2.7602372143982623
122,0.018005647404568337,0.0023865185512765906,0.0023259579902514815,0.006204254659552422,0.009398303040046649,3.358267473645344,2.9755262113720664,2.905734374498637,2.8639741690965925,2.837232880531204,2.818322510471618,2.8041922461398054,2.7930952505734807,2.784056245179854,2.7764750808854126,2.7699511460381654
123,0.020432001470260083,0.002367724982363667,0.002293833007570356,0.007913063932694328,0.009381595246879296,3.3751452353512708,2.9862147913398367,2.9162563855434196,2.8742773193389186,2.8473825320316704,2.8283489942504456,2.8141243593941816,2.802951123738434,2.7938484761085847,2.786212338786431,2.7796394751217717
124,0.020289831996239707,0.0023492494863769434,0.0022301250137388706,0.007198986769651232,0.009364673925310414,3.3919081043112493,2.9967534612844933,2.926671518827131,2.8844984811444125,2.857466008011953,2.8383174429764586,2.8240044401833213,2.812759949392017,2.803598466907336,2.795912064973115,2.789294950330195
125,0.01954025296034287,0.002331067172747299,0.002446583006531,0.007393522345933122,0.009347539900061343,3.408605433643376,3.0072236111224244,2.937033258127848,2.8946692660560767,2.86749614259405,2.8482284159226254,2.833822279451976,2.822501468580165,2.813275906579212,2.8055339476818357,2.798867319474239
126,0.01801693404164057,0.00231341316126026,0.0023170830099843442,0.006166717662164535,0.009330194006220302,3.4249862635410584,3.0175029239351856,2.9472136305018517,2.9046597313389895,2.877343388810314,2.8579526860682423,2.843448706746251,2.8320463504878606,2.8227511292591783,2.814947802772913,2.808225699602419
127,0.019441860921964434,0.0022960346765947756,0.0023456659982912242,0.006997589218076479,0.009312637089201685,3.4412670431968366,3.02768689397248,2.9573056849917023,2.9145748828552436,2.887126250799583,2.867621336877536,2.8530269396791113,2.8415495438348763,2.8321905515539516,2.8243312580582813,2.8175586857752677
128,0.019057771754370612,0.002278937366231503,0.0023446670384146273,0.007012368372804549,0.009294870004704857,3.457457373526712,3.037815969932329,2.9673541056792714,2.9244417716590663,2.8968549971561144,2.87722936355087,2.8625376537514757,2.8509781237825083,2.841548208640791,2.833625852352059,2.826795840197013
129,0.020108622497312448,0.0022620036457430812,0.0022972920560278,0.007044001407004517,0.009276893618672453,3.4735861162873194,3.047819795197869,2.9773684129431954,2.9343073981789605,2.9066039154228935,2.886869538559282,2.872088950390711,2.860453467395707,2.850957500699965,2.8429759537501256,2.8360916034178896
130,0.020307575951574473,0.002245168754990709,0.0023468330036848783,0.00728554236306318,0.009258708807248167,3.489714568316016,3.05774743697315,2.987379296277029,2.9442025863626906,2.9164025880766244,2.896572794292549,2.8817138967689955,2.870011148333803,2.86045660118488,2.8524223750467668,2.8454894409923477
131,0.01945623735719375,0.00222865608663286,0.0023364590015262365,0.0062115375564458465,0.009240316456734052,3.5055991694812687,3.067555868105594,2.997291733699553,2.9540133621613687,2.9261243101745467,2.9062042655452722,2.8912711783251788,2.879504671602153,2.8698945939870164,2.8618104139699345,2.854831381571578
132,0.018646822154516005,0.0022126317624577246,0.002215666987467557,0.00563576172315116,0.009221717463547325,3.5211613088699214,3.0771415108596663,3.006999484055327,2.9636329289539804,2.9356599604862685,2.9156487015410804,2.900639420591466,2.88880698572588,2.8791397086703965,2.871004388137067,2.8639785851440194
133,0.019959367192909746,0.0021967231291055754,0.0022641669493168592,0.007758642154061043,0.009202912734176675,3.5369142079363605,3.0867583833937546,3.0167082943670436,2.9732471280517974,2.9451851145454375,2.9250793417399725,2.909990650099204,2.8980890891154796,2.888361327652354,2.880171566690824,2.8730957103481285
134,0.019490363995846968,0.00218110254032507,0.0022529999841935933,0.006221075473697776,0.009183903185138079,3.552483883680194,3.096273420036938,3.0263120151111074,2.982772536499984,2.9546322462333023,2.9344379591604555,2.9192739982995044,2.907306655835461,2.89752140544325,2.8892799741087565,2.882156655966456
135,0.017950909710917465,0.002165944807407554,0.0022486249799840152,0.0054854943939525455,0.009164689742930143,3.567741937955109,3.1055777711553407,3.0357104004127264,2.992101866509234,2.9638874914589692,2.943605457692837,2.9283660180129356,2.9163325417914856,2.906489429696888,2.8981959490226976,2.89102476150915
136,0.018121844402473875,0.0021511389132961123,0.0023356250021606684,0.005466586984966021,0.009145273343988932,3.582696622510191,3.114746224798486,3.0449684194170996,3.0013038868487296,2.9730242043505903,2.952660508664166,2.937349605342846,2.925252944193539,2.9153543823471364,2.907010929192044,2.8997937261010094
137,0.018170309288087886,0.0021366929049212945,0.002250332967378199,0.005863099144199161,0.009125654934642336,3.597500071281175,3.123742686785067,3.0540880109605757,3.0103654068462706,2.98201385488119,2.9615621198753015,2.9461744357016744,2.9340102689647174,2.924052718444218,2.9156564143612345,2.9083908668374385
138,0.019133104835881282,0.002122442577507539,0.002307209011632949,0.006522318068758413,0.009105835471063953,3.612325220243728,3.1326176761854954,3.063144936266752,3.019374096494445,2.990951608746474,2.9704111081852025,2.9549454580741563,2.9427125908785774,2.932694863066467,2.924244583016205,2.9169296397054874
139,0.01997144526022665,0.0021083632914623758,0.0022717079846188426,0.005274978065244937,0.009085815919226475,3.626835673142452,3.1413656760457824,3.072150311796257,3.02836936881798,2.9999025832763015,2.9792937125879715,2.963767365291136,2.951480798372649,2.941416190036144,2.9329238419570802,2.9255702766473997
140,0.01974358035552713,0.002094410288024807,0.0023282499751076102,0.005931082673380757,0.009065597254854615,3.641250565883129,3.1499438319457,3.0811187238230215,3.0373731948265923,3.0088841280068572,2.988217941880743,2.9726383111519774,2.9603037249023822,2.9501970247244342,2.941666761769684,2.934278259581485
141,0.01804362783284135,0.0020808262510638408,0.0022923750220797956,0.005264133714466617,0.00904518046337755,3.6554487558687523,3.158293071176071,3.089911950670602,3.0462124580124965,3.0177068695278257,2.9969843473276168,2.9813510509656678,2.9689675799427855,2.9588179790376423,2.950249122198269,2.9428251683853253
142,0.017452034133579965,0.0020675885137870723,0.002264667011331767,0.005000121942688239,0.009024566539880893,3.6693702098904124,3.1665025615124733,3.0985611834702347,3.054908251298524,3.0263849538730043,3.0056063710333456,2.9899194391924913,2.97748692743459,2.967293980439193,2.958685888099981,2.951225682955677
143,0.01804451065051275,0.002054614374875338,0.002293375029694289,0.005032220904838297,0.009003756489058193,3.683041953653862,3.174595083127374,3.107123859982107,3.0635211376320814,3.0349820503841336,3.014149148278401,2.998409880534948,2.985929090508431,2.9756929815803583,2.967045343945319,2.9595481537032504
144,0.018830563110145776,0.0020417398337465357,0.0022718330146744847,0.006235302451116722,0.00898275132516197,3.6967958055190624,3.1826383832409033,3.1156610828234563,3.0721207501085113,3.0435735131193917,3.022689288741736,3.006898818191221,2.994369435960523,2.9840891220965444,2.9754003455976274,2.9678642133217954
145,0.017712923240179212,0.00202926060516761,0.0022424589842557907,0.0036746104234787343,0.008961552071954277,3.7099718240214363,3.19049339182542,3.124035873543035,3.080569914089867,3.052022741971107,3.031093349385272,3.015257177491267,3.0026842085602916,2.9923642943872175,2.983638630433521,2.9760674856363223
146,0.020463030784779776,0.002016718237061615,0.0023366250097751617,0.006474977355545582,0.008940159762656805,3.7233232977717132,3.198385392264932,3.1324810634229188,3.0891065702705385,3.0605722861680023,3.039609178611587,3.0237371546866094,3.0111293399385697,3.0007776759495863,2.992022304391124,2.984422775468217
147,0.01800353727728092,0.002004489585029999,0.002278874977491796,0.004618610928633481,0.008918575439900538,3.7364178174384226,3.206049907758545,3.1407637335096177,3.0975035513581735,3.0689906545605092,3.0479978569801447,3.0320931884481284,3.019453550377084,3.0090731131900395,3.000290914161278,2.992665760422829
148,0.019139396260024057,0.001992416575824739,0.0023087500012479722,0.004937402221463237,0.008896800155674905,3.749327449301291,3.213622762844174,3.149013810436592,3.1058842600977083,3.077399817154409,3.056381205432889,3.04044658706681,3.0277772670746605,3.0173698125102635,3.0085622783373895,3.000912798055738
149,0.018365427637567454,0.001980472582699823,0.002406541956588626,0.005548197351146334,0.008874834971276547,3.7622296297134676,3.2211975096550143,3.1572342476247215,3.114233129795192,3.0857766168716974,3.064732309017968,3.048766989804346,3.0360666094529534,3.0256302612417616,3.0167951848267514,3.0091189346307314
150,0.01994498428570148,0.0019685176897205328,0.002355500007979572,0.006223878972564605,0.008852680957257558,3.7752793104282327,3.2288721214188785,3.165518345901346,3.1226413373238646,3.09421281185271,3.073143624542283,3.0571481604396173,3.044416904032153,3.0339514859142382,3.025088402262552,3.0173846933573967
151,0.017761875745840254,0.0019567800191569113,0.0024806250003166497,0.00449453185387409,0.00883033919337333,3.7880358001558747,3.2364698296393537,3.1737287610546687,3.1309871071796493,3.1025957317729937,3.081507166762942,3.065484172360819,3.052723090027376,3.0422285350874825,3.0333366150363887,3.0256040130314124
152,0.017425477973702235,0.0019453982788868833,0.002314375014975667,0.003968896537353693,0.008807810768529916,3.8004388965738087,3.243846837718396,3.181734626423224,3.1391457098436546,3.1108083382148286,3.0897080078713617,3.073660663023872,3.0608705010292487,3.050346526256873,3.041425094500758,3.0336627533634988
153,0.01938181217099097,0.001934055901892448,0.0023408340057358146,0.005258541619225004,0.008785096780730956,3.8128008745000264,3.251247880460824,3.189777783855793,3.147352788691249,3.11907481819327,3.0979659181523997,3.0818964728811795,3.069078920295361,3.0585267378836734,3.0495765929739167,3.0417849560207197
154,0.0200100793521124,0.0019228199582834778,0.002360458020120859,0.004704788357655153,0.008762198337024175,3.8250016069436477,3.2585637565676593,3.197781262349515,3.1555565966912775,3.127365452915365,3.1062602407296467,3.090174771593016,3.0773323643859256,3.066752930488004,3.0577741632514313,3.0499528593355216
155,0.01770299812488955,0.001911905599643615,0.0022284589940682054,0.004054285212107898,0.00873911655344741,3.8369250308854603,3.265715539218086,3.20561748165578,3.1635933201277093,3.135490183282643,3.1143875424334695,3.0982843724004394,3.085415117985691,3.074806577933331,3.065797494037716,3.057945042757271
156,0.01862643052554942,0.0019011289802717236,0.002309333998709917,0.0047652402956569724,0.008715852554974233,3.8487600358343528,3.2728125340564715,3.2134173039118425,3.171593456949351,3.143576059053238,3.122476752362343,3.106357691662585,3.0934637854393907,3.0828282462671495,3.073790787612727,3.0659089452254507
157,0.017308556751454842,0.0018906310016526043,0.0022994999890215695,0.004150282915796918,0.008692407475459107,3.8603952174591925,3.2796942230356767,3.2210641144546623,3.1794562308051835,3.151525990164118,3.1304277251072423,3.1142892643456683,3.1013673216685484,3.0907016408882924,3.0816329650655603,3.073719158386633
158,0.017659646415630764,0.0018803712311438827,0.0022611250169575214,0.00386508003296469,0.00866878245758213,3.871725311341546,3.286553246478163,3.228639449663464,3.187226169168082,3.1593723470339588,3.1382705909149085,3.1221102039096857,3.1091584972399535,3.0984611679347234,3.089359853630229,3.0814127004618115
159,0.018990151184084463,0.0018702340703112678,0.002232917002402246,0.004654180623707331,0.008644978652793346,3.883023396063925,3.2932809976048505,3.236156979994529,3.1949602917614848,3.167191213867861,3.1460875585473307,3.12990531094281,3.1169231257122583,3.106193133054634,3.0970579390091015,3.0890760865491425
160,0.01852858639556385,0.0018602559629810856,0.0022715420345775783,0.003954658184374202,0.00862099722125662,3.8941163496171693,3.29978757121297,3.243582152549206,3.2026374051335518,3.1749814642114593,3.153889555488415,3.1376936060495613,3.124685316603523,3.113925743029551,3.104758906307969,3.096744215690773
161,0.018010379676735615,0.0018504069743523648,0.002306707960087806,0.0045507622101499095,0.008596839331793086,3.9051751484106325,3.3062187621969863,3.2509503192685605,3.210262746632243,3.182721066481354,3.1616414119035223,3.145432413100075,3.1323988047693283,3.1216103620904634,3.1124124505357944,3.1043653027486844
162,0.01876405809375941,0.0018406107948114464,0.002266791998408735,0.004918469783111934,0.0085725061618242,3.916277990774752,3.3126942437031395,3.2583332726408445,3.217893859930155,3.190459649082636,3.1693900043720324,3.1531674743384266,3.1401091885926706,3.1292930372449415,3.1200655729960256,3.1119877359189085
163,0.019690291980335905,0.0018308134740898326,0.0022692920174449682,0.005187023677626748,0.008547998897314337,3.9274910534886147,3.3192100997849887,3.2657613045213387,3.2255675200472163,3.1982397687767543,3.1771809164634,3.160946938342587,3.1478667988967066,3.1370261574428597,3.1277726042651297,3.1196677006591655
164,0.018515130793573302,0.0018211551064330775,0.002267666975967586,0.0038224837476599277,0.008523318732712993,3.938455076272921,3.325605759797307,3.2731288104020972,3.2332096533910697,3.206004636564224,3.18496617006427,3.1687277502102558,3.155631113134766,3.1447705155823433,3.13549470585423,3.127366050329612
165,0.019244990387176544,0.001811537837344098,0.0024016249808482826,0.004599869471855116,0.008498466870896572,3.9493930124933057,3.3319866493423436,3.2805050630633983,3.240875453566259,3.2138019450086115,3.192789434097166,3.1765507298571576,3.1634408377185537,3.152562991057708,3.14326719366076,3.1351167110029543
166,0.018202256374621827,0.001802064424443102,0.0024287080159410834,0.004092220535863466,0.008473444523109757,3.9601960842991364,3.338242086565903,3.287824124873132,3.2484996148738783,3.221561978796376,3.200576192929261,3.1843358333695058,3.1712107642595777,3.1603132551204567,3.150994991702136,3.1428201447709774
167,0.01664484836189774,0.0017928953949904417,0.002316083002369851,0.0036119500569169994,0.008448252908906481,3.9708013877758974,3.3442015541276318,3.294927089164788,3.25593353205648,3.229138588089361,3.208177327993209,3.1919297803218343,3.1787833863780657,3.1678604019925642,3.158514529991855,3.150310848605565
168,0.017388058961230534,0.0017839061029611895,0.00222379103070125,0.0039032969740754714,0.00842289325609048,3.9812470092328707,3.3501742348395616,3.3019613526807974,3.2632741814107518,3.2366096493205774,3.215668915383959,3.1994122865479544,3.1862435612814717,3.175294219662727,3.1659199345248346,3.157686654495749
169,0.019792358132895104,0.0017749094537222554,0.002295374986715615,0.0043625120742371345,0.008397366800655453,3.991658902514475,3.356133973199212,3.309028743903782,3.2706693257340134,3.244153080535928,3.223246076903336,3.206991215979288,3.1938091600675924,3.1828414104652807,3.173445810189262,3.1651894162804592
170,0.017536346012012434,0.0017660892111496587,0.0022505419910885394,0.003792335282812412,0.008371674786724825,4.0019189920958125,3.362003583622761,3.316019103198842,3.2779796867103133,3.2516083640095386,3.2307318649366725,3.214476073123789,3.2012777332284905,3.190288691042989,3.1808689696801715,3.172586839338587
171,0.01701236606690559,0.0017575135311126246,0.00225108303129673,0.003188978117218792,0.008345818466491113,4.01190300940762,3.3676700273666382,3.322852808070602,3.2851507614460522,3.2589326407377968,3.238089145540605,3.2218323491488583,3.2086166296888656,3.1976047972078225,3.188159287994774,3.1798496669235803
172,0.01761583785991109,0.0017490961136510227,0.002328458009287715,0.0037705028216202968,0.008319799100154882,4.021785240082524,3.3732434681504113,3.32958518051746,3.292224702620808,3.266166907127117,3.245359153613591,3.22910221481219,3.2158687260524643,3.2048332696991264,3.1953609164990624,3.1870226789574976
173,0.017002455128737895,0.0017409179134721749,0.002349458052776754,0.0031047066455321738,0.008293617955863345,4.031430401411465,3.378517538259474,3.3361377737000786,3.2991449794407663,3.27326215705103,3.252497136024133,3.236244963170081,3.222997556143524,3.2119419945937504,3.202446089383802,3.1940823921293253
174,0.01806704634159082,0.001732913332506804,0.002282500034198165,0.0032046412688300934,0.008267276309648533,4.040863313825442,3.383654233617304,3.3425764726627727,3.3059629004637023,3.28027101416038,3.2595568415541556,3.2433140644824103,3.2300537543139467,3.2189774204128883,3.2094562668685644,3.2010649914659606
175,0.01823241229802896,0.001724980084154161,0.0022949589765630662,0.003813923255087691,0.008240775445365122,4.050247195429956,3.3887715499776636,3.349011704875707,3.312774167374965,3.2872673682518627,3.2666005838684486,3.250365138664759,3.2370911469371744,3.225993989299256,3.2164480273790717,3.208029918436349
176,0.01942586670759225,0.0017170542348926155,0.002323624968994409,0.004114904944998206,0.008214116654627854,4.059689878239144,3.3937430929077745,3.3554112228908997,3.3195941876651878,3.2943033635214682,3.273701796785152,3.257486067849398,3.2442074831916488,3.233096797130581,3.2235321996789144,3.215092658461587
177,0.017182304677887044,0.0017093657781565978,0.0022335839457809925,0.0029356125826066584,0.008187301236748575,4.068916530215166,3.3982884267097133,3.3615658395900887,3.326226434007293,3.3012029018778666,3.280689236526774,3.264504505376019,3.251224352638403,3.2401001137305734,3.2305152031764166,3.222052048353064
178,0.017184354602719068,0.0017018083184947381,0.0022753330413252115,0.0034208956828662004,0.008160330498672923,4.078024267542303,3.4028072614974283,3.367693294776217,3.33281238011255,3.308039517170819,3.2876017094962715,3.271438662287614,3.2581497908759487,3.247006174659672,3.237396031573214,3.2289049565673373
179,0.01808606797268587,0.0016943756793115852,0.0022682910203002393,0.0032459949247721103,0.00813320575491662,4.086979154585451,3.4072868643490994,3.3737672637856067,3.3393454859821694,3.314817044020964,3.294452507787638,3.2783093886763437,3.2650109843122346,3.253847631213318,3.2442122894226766,3.235693661898661
180,0.017508734413658657,0.0016871228892387346,0.0024044999736361206,0.0029372162193161654,0.008105928327501413,4.095719712212996,3.4117136899563345,3.3797493768439626,3.3457789698332236,3.3214869305716705,3.3011890742818473,3.285060156157346,3.2717474689450294,3.2605603622116566,3.250896319553839,3.242347025789131
181,0.01873223418278853,0.0016798741636050941,0.002319291001185775,0.003529932355949056,0.008078499545890629,4.1044074586161,3.4161221264287835,3.3857520289048715,3.3522446364279674,3.328202993162962,3.307983202862185,3.2918791923077406,3.278560885359729,3.2673576002293654,3.2576712321305417,3.2490969315909375
182,0.017962665868526916,0.001672667272062347,0.002340917009860277,0.003927709014386856,0.008050920746924387,4.113163414413006,3.4205605595731217,3.391773728563361,3.3587157033180013,3.334909140802984,3.314756876347827,3.2986697701357843,3.285339556708165,3.2741148288098167,3.2644015791668384,3.2557982590708034
183,0.01893277493924028,0.0016654201997263922,0.0023224999895319343,0.003572330514792533,0.008023193274754443,4.121840715450277,3.4250826497839957,3.397882515626055,3.3652843538777844,3.341720877057655,3.3216436836048637,3.3055794204830034,3.292242505982703,3.281000708373962,3.2712642875192293,3.262635001269636
184,0.019001877164643872,0.001658182484456217,0.0023079169914126396,0.0037080705688087167,0.007995318480778672,4.130538815518163,3.4294805086137887,3.4039689858409643,3.3718720233803547,3.3485785603277396,3.3285900790248504,3.3125566239543827,3.299218218042721,3.287963298805611,3.2782068513005536,3.2695541429949584
185,0.018641011356744137,0.0016510241703034017,0.00222379103070125,0.0029954221958998694,0.007967297723575205,4.13903166380493,3.433874075106592,3.410039675009041,3.3784447372401165,3.3554245807891645,3.3355307439514523,3.3195346281653264,3.306201509485045,3.2949399820630965,3.285169702200687,3.2764993792158013
186,0.017967371436938613,0.001644052343252126,0.0022730419877916574,0.0028988805509361573,0.00793913236883622,4.147392671200239,3.4379440828598504,3.4158835185407175,3.384829054155267,3.3621341851718998,3.3423617826920786,3.3264202243670242,3.3131000914207283,3.3018356723491054,3.2920528772756756,3.2833654501106926
187,0.017915001111993383,0.0016371869024781362,0.0023183749872259796,0.0030016351440601582,0.007910823789301368,4.1556091320851865,3.441985770696077,3.4216824486699906,3.391167176831636,3.36879321261454,3.3491403903319994,3.3332525790169876,3.3199455848991026,3.308678913786664,3.298884468245807,3.29018087533343
188,0.01930735646475161,0.0016303117276604124,0.0023141669807955623,0.0031419082860001876,0.007882373364690881,4.163689761213493,3.446080253568506,3.427539001651432,3.397580346512896,3.375539903705241,3.356014470370095,3.3401852770149167,3.326894334395826,3.315627252485999,3.305822218068447,3.2971030136650286
189,0.017006086436344783,0.0016236670202778645,0.002360749989748001,0.0023516991965984516,0.007853782481638316,4.171533149467864,3.449856126326287,3.4331698736368703,3.4037750074424573,3.382107804973209,3.362726053339777,3.346972794533748,3.3337068155352867,3.322446144310324,3.3126345728863265,3.3039027079593724
190,0.01645925099875768,0.0016171951499110641,0.0024378750240430236,0.002607584666204369,0.007825052533622976,4.179184384132115,3.453605967682144,3.438733093188836,3.4098796340008017,3.388559536478076,3.3693040582480265,3.353612977741975,3.3403622218742135,3.32910036076868,3.3192763176212363,3.3105269089915144
191,0.01756957658908077,0.0016108060189876303,0.0023298750165849924,0.0027475680604594726,0.007796184920902,4.186682687171642,3.457335059329864,3.444294108499743,3.415984162598752,3.3949996488482372,3.3758618461389114,3.360225081014153,3.346983744690787,3.3357156484499284,3.3258747018130044,3.317103551956729
192,0.017437366990114993,0.0016045027377754617,0.0022793749812990427,0.0031982563181565515,0.007767181050442099,4.19420030322828,3.4610447257334465,3.449742197957781,3.421983660335711,3.4013463848972507,3.3823423518727567,3.366770101238195,3.353545749373284,3.3422763785662912,3.332422107100114,3.3236319092594555
193,0.019042288763540662,0.0015981999259237856,0.0022325419704429805,0.0032384409840431508,0.007738042335851005,4.201703797629704,3.464822812788416,3.4552238979218757,3.428012078124518,3.407723901123667,3.3888569264373967,3.373353342962243,3.360150522070672,3.3488845891390424,3.339021663025827,3.3302169513611313
194,0.017354491776853154,0.001592073657076703,0.0022765829926356673,0.0024499150272748673,0.007708770197308559,4.209022215715124,3.4685107367747063,3.4606011005460915,3.4339147237518137,3.413965193378601,3.395229430658567,3.379790409361115,3.366604988242485,3.355338190777563,3.3454621671779443,3.3366385559711422
195,0.017861596356880224,0.0015860580566255012,0.002299790969118476,0.002317610173053258,0.007679366061497494,4.216105479181324,3.4721614507041085,3.465935028044714,3.43976615759258,3.420158491162993,3.401555618662926,3.3861814783919253,3.3730136024916804,3.361745966343162,3.3518571500832643,3.3430150357845516
196,0.017819829768646118,0.0015800933752407136,0.0022938749752938747,0.0027503404290378443,0.007649831361533909,4.223074912468991,3.4758778811962148,3.4713035801499084,3.4456320772030415,3.426346064464426,3.4078668022662653,3.3925527966806324,3.3794012075535207,3.368132782618726,3.3582319935664047,3.349372443223895
197,0.018008652349337746,0.0015742310079474926,0.0023049580049701035,0.0021153794044340146,0.0076201675368974126,4.229765349576806,3.4795739763944122,3.4766419252521232,3.4514686305419926,3.432501910464113,3.414147030904303,3.398894510875855,3.3857611666132024,3.374493837897561,3.3645828516919236,3.3557074459041507
198,0.017777288348667628,0.0015684877300281251,0.0022736249957233667,0.0021717340396571563,0.007590376033360965,4.236219896073355,3.483302466101389,3.4819412286338745,3.4572480947571793,3.4385879805634296,3.420351856844038,3.4051574270607876,3.392040658423618,3.380773496455501,3.3708519000912327,3.361960518407376
199,0.018075938575271917,0.001562789767405669,0.0023241249728016555,0.0028092123991074122,0.007560458302920422,4.242672858863233,3.486970215701707,3.487215337377674,3.4630183003104666,3.4446668942409193,3.4265477567341796,3.4114079972158677,3.3983045165023684,3.3870343999305965,3.377099251064048,3.368189001433574
200,0.017986267775207624,0.001557184241164522,0.002222541021183133,0.001874459175449418,0.007530415803723761,4.248826768006764,3.490564672269914,3.492451929568275,3.4687654418548184,3.4507327981227474,3.432737796079503,3.417657890787598,3.4045715044565803,3.393301426289081,3.3833551665124384,3.374428131611748
201,0.017320151496799625,0.0015516763668203763,0.002305292000528425,0.0022033688893849093,0.00750025,4.254824698183115,3.49411438859616,3.497669596904099,3.4744808635413,3.4567507118172296,3.4388708192845896,3.423844451794008,3.410771152343846,3.3994979915594863,3.3895381321244478,3.380592130855217
202,0.017692762117266177,0.0015462895570202493,0.0023211249499581754,0.0017959805050205262,0.007469962361987863,4.260591525153849,3.497505327485274,3.502774823810908,3.4801100385032213,3.4627030480774406,3.444951060659082,3.4299857101326006,3.4169298758429214,3.4056562487637607,3.3956844805767643,3.386720647146976
203,0.01900205483764769,0.0015408865484256825,0.002247125026769936,0.00274820411046502,0.007439554365864094,4.266370582850773,3.500988029699544,3.507909019570887,3.4857698824483627,3.4686909113870885,3.451073570327594,3.436175078590063,3.4231419631190994,3.4118726307997607,3.4018933870960586,3.3929159285865738
204,0.017775754517597223,0.0015355174908575169,0.0023226249613799155,0.0029531446353354917,0.007409027493671525,4.2722480479986364,3.5044897600125164,3.5130422769460696,3.4914166868802488,3.474651032889448,3.4571581373788094,3.442318479532844,3.429302283803694,3.418032499151124,3.408041780895515,3.399047090230532
205,0.018462217479113554,0.0015300945599755111,0.0023028330178931355,0.002944901542718507,0.007378383233246842,4.278163435042897,3.508102749333282,3.5182584937129455,3.4971457805105017,3.4806955643054533,3.4633319147230015,3.448555582691291,3.4355612289078508,3.4242957034640207,3.4142980623198182,3.405290318311928
206,0.017478407660759306,0.001524759511827808,0.0022476250305771828,0.0025459817279051386,0.007347623078148061,4.284046709484348,3.5117215764775582,3.523439456654175,3.5028199148136427,3.4866700275599283,3.469424930191859,3.4547026571798307,3.44172255099308,3.430454675023304,3.4204444236121403,3.411418588600159
207,0.0175731188241424,0.0015195585067046414,0.002284125017467886,0.002060552905229341,0.007316748527581749,4.289776206822192,3.51526165218788,3.5285507695433282,3.50841066916155,3.4925492170443615,3.4754127583435532,3.4607349462262924,3.447760245712169,3.4364815557257042,3.4264507340016617,3.4173993106898686
208,0.0189766441737486,0.001514365312622431,0.002253583981655538,0.002598207873407373,0.007285761086329943,4.295479952947629,3.518839651680393,3.533694012092875,3.514027702700549,3.498453309703546,3.4814257035692946,3.4667935891403614,3.4538254458719027,3.4425370007144878,3.432486405479628,3.4234100773252263
209,0.017337534182467133,0.0015092599017864478,0.0023632500087842345,0.002483212571604415,0.007254662264676809,4.301180136385144,3.5223227609028616,3.5387593917922238,3.519555062509884,3.5042692719367756,3.487351011460759,3.4727688229285607,3.4598095211152247,3.4485139548727686,3.4384450343496966,3.429345106230168
210,0.017467314023315274,0.0015043002358910039,0.002386750013101846,0.0023024578310747858,0.007223453578335045,4.306864620109219,3.525446983943854,3.5436350064321074,3.524920441058739,3.509949093101298,3.493150351765831,3.4786245845045682,3.46567550885614,3.454372598262154,3.4442836383423545,3.4351579148491003
211,0.01768912104334399,0.001499422021013043,0.002284292015247047,0.0024502846889327846,0.007192136548371993,4.312565334366904,3.5283353455393054,3.5483633982195655,3.530173425658888,3.515554248474718,3.4988941265375395,3.4844370499239234,3.4715044495847622,3.460197868755827,3.450091069560033,3.44094108112853
212,0.01746358625253929,0.001494663204938758,0.002373124996665865,0.0016352586546065336,0.00716071270113551,4.31800383023881,3.5311664528297144,3.5530249745507616,3.5353669353664303,3.5210954920016753,3.5045689982831743,3.4901753051672313,3.477255636527289,3.465942815676361,3.4558166543935385,3.446641483474038
213,0.01815264672283779,0.0014899565579852658,0.002274792001117021,0.002383171494498939,0.007129183568179581,4.323441981456297,3.5339531044976944,3.5576011499063673,3.540484834523657,3.526583949400514,3.5102038316075217,3.4958828786464866,3.482981271052118,3.4716657331273733,3.461522781446921,3.4523246617305103
214,0.01744991999589224,0.0014853199608213553,0.0023055000347085297,0.0018051874431757235,0.007097550686189664,4.3286838224515725,3.5367072949781884,3.562157251817447,3.5455825477529723,3.5320502130775138,3.515817648159318,3.501571172229488,3.4886888557031615,3.477370824255564,3.4672103990142626,3.4579880078626313
215,0.01812838777240355,0.0014806998790256368,0.0024222920183092356,0.0020409942799526084,0.007065815596907797,4.333814032717921,3.539412844980256,3.5667211882625844,3.5507041592341135,3.537548335824433,3.5214705336205516,3.5073051465518374,3.494448397425053,3.483133568164133,3.4729607717813504,3.463718679065148
216,0.0185280629003829,0.0014760581710915885,0.002266166964545846,0.0029531163336906636,0.007033979847057464,4.339118352625694,3.5421052953097174,3.571267120021813,3.5558222640383828,3.5430572310956547,3.527144444090893,3.5130679655129504,3.500243086240185,3.4889363464857177,3.478755430841796,3.469497199272167
217,0.01823016685197645,0.0014714860989049482,0.002408625034149736,0.0017264310275921003,0.007002044988268195,4.344189889623315,3.5448191480943736,3.575812924476618,3.56093182274077,3.548554563247019,3.5328034858817094,3.51881251906416,3.5060162472574445,3.494714676840705,3.4845230620149166,3.4752464220548718
218,0.019056530717134323,0.001466855174588368,0.002212916035205126,0.002351655388168653,0.00697001257699996,4.349195474606642,3.5476408068088285,3.58045981465368,3.566155921698931,3.5541717778264084,3.5385885011237392,3.524688534129721,3.511926768736461,3.5006361821025185,3.490439462910711,3.4811496172609053
219,0.017276638473660014,0.0014623970950523755,0.0022426670184358954,0.0013513632131318752,0.006937884174467288,4.353970766950288,3.55003639649279,3.584882171790942,3.571203200877947,3.5596580798537056,3.5442617187857657,3.530466312048334,3.5177437888005825,3.5064661783968436,3.496263534288525,3.486958800214763
220,0.01642201610004378,0.0014581486610271786,0.0022937500034458935,0.0009110431980321655,0.006905661346563195,4.3584058462393385,3.5520885812634613,3.5890901194856557,3.5760608848146833,3.5649730546885423,3.549774350138128,3.5360894712434585,3.523408103009093,3.512143077355674,3.5019326221810623,3.492610362001082
221,0.017751378643999626,0.0014540045436220626,0.0023077079677022994,0.0018510184259620626,0.006873345663782852,4.362823734959395,3.5538728494140113,3.593123641488745,3.580765981287536,3.570175792731948,3.5551891266003772,3.5416313120943896,3.528999216243017,3.5177538800088644,3.507539741244277,3.4982030054569435
222,0.017105879014246688,0.0014499246641991662,0.0022651669569313526,0.0017152102122057627,0.006840938701147048,4.367132291488217,3.5557046875316143,3.597149530324245,3.585445994443416,3.5753372138449127,3.56055334151512,3.5471149392575922,3.5345263021149838,3.5232955055542474,3.5130733279824136,3.503718238272875
223,0.017377540939941982,0.0014458935554578394,0.002294959034770727,0.0017825870035355598,0.006808442038125421,4.371355054751586,3.5576183621284323,3.6011683225662514,3.590097581449558,3.5804570177683517,3.5658721172272343,3.5525518049160993,3.5400075990625903,3.5287926971033694,3.518564223839464,3.5091924167318833
224,0.01751488463001374,0.0014419092614207049,0.00245199998607859,0.0016183565492693247,0.006775857258559482,4.375446737103702,3.5596149755403403,3.605148634608918,3.594709438403593,3.5855356172326993,3.57115800989927,3.5579630032281777,3.5454713411220493,3.534279515910271,3.524051476487591,3.514669087205208
225,0.01753326930746987,0.0014381003454361774,0.0022713340003974736,0.00120313468113726,0.006743185950585416,4.379383112261835,3.5612596408554147,3.6088930462734368,3.599078315455686,3.590405345020995,3.576250466287457,3.5632090671166,3.550787223853532,3.5396380914857786,3.529424306273623,3.5200442596310815
226,0.01723065193449316,0.0014342789378641383,0.0022676250082440674,0.0024199362169270507,0.0067104297065566825,4.383429345495012,3.5631213053318036,3.6127142515494595,3.6034803293245496,3.5952769428640066,3.5813300506141426,3.5684295771376977,3.556069124825262,3.544954998385566,3.5347494956718886,3.5253665236203187
227,0.01812476881470029,0.0014304830414268003,0.0023398749763146043,0.002098675220314633,0.006677590122966401,4.387543306114974,3.564914724956802,3.616479563200962,3.6078265934256635,3.600106433995555,3.586377691898619,3.5736295701141763,3.5613389317010107,3.5502669620756238,3.5400750762073128,3.5306933675233734
228,0.017705560582417974,0.0014267109218246052,0.0022733340156264603,0.001948323203236645,0.006644668800369547,4.3916564139708765,3.5667174252299567,3.6202291172265113,3.612165749972928,3.6049285820825014,3.5914196248088253,3.5788202766654487,3.5665961026716713,3.555561685654143,3.5453792916352156,3.535994716440088
229,0.017794895696689957,0.0014230037077990515,0.002281624998431653,0.0018008382165178227,0.006611667343304942,4.395765360110019,3.5682449151215576,3.6237967503794706,3.6163609337057894,3.6096725035878534,3.5964229651800523,3.5840015371063516,3.571859924812691,3.560872031192944,3.5507037119139766,3.5413185881952196
230,0.017094388354777456,0.0014193555335736976,0.0023732500267215073,0.0014746250937170795,0.00657858736021704,4.399746928210719,3.5696807434665105,3.62734635577326,3.620548341905545,3.614405033830418,3.6014085043868467,3.5891565824874903,3.577091241196723,3.5661447651234215,3.555987057310438,3.5465988283663714
231,0.018172602230414427,0.0014156858766312765,0.0022455420112237334,0.0019147021248731406,0.0065454304633775495,4.403666364891689,3.57129454577295,3.630998933010635,3.6248272438865468,3.6192042492660432,3.6064479324777907,3.594354860907908,3.582360921580487,3.5714530324247566,3.561305290127952,3.551914169154925
232,0.01842460963742714,0.0014120568960428199,0.002311416028533131,0.0020869841419165936,0.006512198268806849,4.407668077358002,3.5727534522944993,3.634608115681854,3.629003708058986,3.623929664054294,3.6114028168920824,3.599501271826738,3.587590861468565,3.576746804424043,3.5666240940188794,3.5572465852808914
233,0.019654646911357446,0.0014083449304663545,0.0023087089648470283,0.0021785294732129972,0.006478892396195212,4.411643384023275,3.574444208388723,3.638377891556764,3.6333449123627806,3.6288053884571876,3.6165048332244982,3.604787009891898,3.5929581355448326,3.5821756402807443,3.5720781527328826,3.5627147275929714
234,0.017210872512642802,0.0014047432216076894,0.002244416973553598,0.001413582469455738,0.006445514468823885,4.4155235760024425,3.5759677552668756,3.641988925907037,3.6375345698872894,3.6335473018832323,3.621485188791126,3.6099669162537578,3.5982302847881895,3.587519583831991,3.5774542227146267,3.5681104234093506
235,0.017585576490074056,0.0014012303815851093,0.0022544170496985316,0.0016749712648733628,0.006412066113485961,4.41938498431807,3.577307778266561,3.6454780253037753,3.641609450775924,3.6381857537897098,3.6263725205061497,3.615059582309499,3.6034189203956433,3.5927797568461277,3.582745062353412,3.573417715863395
236,0.018422201084681813,0.001397776625008001,0.002349084010347724,0.0014509600563913936,0.006378548960407088,4.423137267559814,3.57862231826292,3.648937635958021,3.645644286446422,3.6427792904637,3.6312166058044895,3.6201081063207203,3.608564438841467,3.5979959156968757,3.587991783982686,3.578680152373147
237,0.01694599239898135,0.0013944033968636394,0.002355000004172325,0.0014720959822879826,0.006344964643166021,4.426814058470886,3.5798675047044184,3.6523429150424453,3.649614046094281,3.6472927699239275,3.6359736646077176,3.625064433283982,3.613616303114864,3.60311778924817,3.5931447903348817,3.5838496515715437
238,0.017250804786480046,0.001391132293449315,0.002257124986499548,0.0013506086493314687,0.006311314798615003,4.430412560272424,3.5809901487210123,3.6556232261445185,3.653421491637949,3.6516628629865706,3.640588961701153,3.629905040344418,3.6185649454319866,3.6081526085949602,3.598219660640846,3.588948285529397
239,0.017314073150690185,0.0013878974736529028,0.002266832976602018,0.0014051079812536533,0.006277601066799985,4.433852299594553,3.5822320195053683,3.658975109726648,3.657284283142086,3.6560500931802613,3.645201538587392,3.6347200950874328,3.6234743549948156,3.613135506697781,3.6032339951759558,3.593979076757964
240,0.016752592363849912,0.0013847659103161153,0.0023521670373156667,0.0007969290672188596,0.006243825090880691,4.436995191108281,3.58339083213637,3.6622566213056635,3.6610934148200047,3.660378436513392,3.6497574071193624,3.639473223401901,3.6283199569080624,3.6180508873621027,3.6081787018166214,3.5989381367316335
241,0.01606109589093627,0.001381766502998201,0.0022863750346004963,0.0006528360350511304,0.006209988517050537,4.4398384307467404,3.584455263076954,3.665427658586803,3.6647990935105907,3.6646013493962792,3.654208009801636,3.6441145103648345,3.633049297236547,3.622844651269886,3.6129982047843323,3.603769027172335
242,0.018249180541647446,0.0013786639976283998,0.002308082999661565,0.0024938187916083705,0.0061760929944563985,4.442887709537047,3.5857466314791995,3.6687710470061754,3.6686694097166312,3.6689619037043903,3.6587825054963474,3.648863979283422,3.6378776873556986,3.627729177198942,3.6179030251571636,3.6086807051261265
243,0.01649510314208201,0.001375669100499995,0.0022425829665735364,0.0010752379182709187,0.006142140175118224,4.445838310031434,3.58695012149263,3.6719985021138624,3.672404667213618,3.6731833904530666,3.663217379737835,3.6534784217866747,3.642575806409643,3.6324892008100456,3.6226880395024605,3.6134767457889123
244,0.017404281024853235,0.0013727198143180812,0.0022528329864144325,0.0014919448814819177,0.006108131713848528,4.448803876544848,3.588104079735173,3.675140176005859,3.676062927461557,3.677321066348913,3.667584553398909,3.658032336454403,3.6472284291799792,3.637213517308755,3.6274478518515925,3.618255137328053
245,0.016766932437155015,0.0013698955234623476,0.002419165975879878,0.0009920066955854791,0.006074069268171734,4.451319139947456,3.5892717392799196,3.6782387319440306,3.6796614766738815,3.6813886207302375,3.6718745149227483,3.662502809573883,3.651793460608375,3.641846711382527,3.632114266963486,3.622938467774686
246,0.016428614823409692,0.0013671108856115283,0.00226320797810331,0.0016802926703852893,0.0060399544982433885,4.453948073591336,3.590301757516777,3.6812473304306064,3.6831796743952117,3.6853880714270284,3.676101969888077,3.6669166948115794,3.656304454448356,3.6464277576901925,3.6367288121965458,3.6275695802918237
247,0.017318817268945793,0.0013643573857337334,0.0022076250170357525,0.0011036023432583197,0.006005789066769251,4.456442910304723,3.5913463823161003,3.684301511909129,3.6867351857882134,3.6894089156128986,3.680339306191313,3.6713268540913395,3.6608014705440315,3.6509851840889236,3.6413122906468476,3.6321633191815494
248,0.01866547933644168,0.0013616423939632532,0.0022306250175461173,0.0011475152017826331,0.00597157463892425,4.458904714877224,3.5922218803695007,3.687251963005538,3.690170862618535,3.6933567141165304,3.6845270901963794,3.675727781443425,3.6653176414581523,3.655589995187947,3.6459639195938367,3.636842423740623
249,0.017508107041758193,0.001358911017129687,0.002358625002671033,0.0013957734470471936,0.005937312882271331,4.461313201420956,3.5932185681336675,3.690283444071967,3.69369307145124,3.6973755643074595,3.6887769418873835,3.680176845398626,3.669872422670259,3.660224219699814,3.6506384186596623,3.641539036183093
250,0.017271516573402108,0.0013562355314072822,0.0022302920115180314,0.001126223641393343,0.005903005466680175,4.463682811806473,3.5941079638467963,3.69324689076429,3.6971565193529523,3.701337847504562,3.6929755511282156,3.684575844168222,3.6743778726915632,3.6648074595681295,3.6552599252263875,3.6461800260611352
251,0.01785243956291493,0.0013535510148165093,0.0023854579776525497,0.0015456985380401622,0.00586865406424582,4.466074372999238,3.595091274729511,3.696293498323176,3.7006843709054875,3.7053372773899236,3.6971953604434877,3.68898174947671,3.678881472795193,3.6693828854791346,3.6598701884189406,3.6508081001735664
252,0.017460285313769242,0.0013508603964375147,0.002301541971974075,0.0017849172199994668,0.005834260349207154,4.46857575093701,3.5961211583215484,3.6993721911705997,3.704234036967789,3.709346120768637,3.7014154051200276,3.693379313712818,3.683370562065096,3.6739384672935036,3.664456664172217,3.6554091306207237
253,0.01662214390104359,0.0013483337296889284,0.0022098749759607017,0.0009659870498359196,0.005799825997865329,4.470632458522921,3.597016909652074,3.7023246581051867,3.7076436840250384,3.7132219561330775,3.7054995414267697,3.6976410338442203,3.6877207684416287,3.6783523485514205,3.6688981060580446,3.65986205084797
254,0.017587257694329828,0.001345921078173613,0.0023136670351959765,0.0013913346306991456,0.005765352688502049,4.472797277253511,3.5977832816794653,3.705050257479425,3.710781990289238,3.7168355699905486,3.7093308888361634,3.7016834351974346,3.6918780381767378,3.6826034367527107,3.6731997144503965,3.6641947528881826
255,0.01682614004390012,0.0013435878831966693,0.002267583040520549,0.001179278289161447,0.005730842101297777,4.474960581488424,3.5982732191081803,3.7076402515076836,3.71380168927879,3.720357628000011,3.7130772481514236,3.7056466864955206,3.6959563308015313,3.686775082529551,3.6774203520621715,3.668444846118792
256,0.017168533175784272,0.0013412655020969653,0.0024442499852739275,0.0010302718140071515,0.005696295918249847,4.476959431316345,3.5989127775539926,3.7102968084258223,3.7168778481234557,3.7239175398029216,3.716853034283395,3.709628701944848,3.700047299269121,3.690954108391051,3.6816452624118137,3.6726971821976235
257,0.016981367035670162,0.0013389574517517976,0.0023242090246640146,0.0010467293224123405,0.005661715823090485,4.478894262888417,3.5996022029409906,3.712970745187344,3.7199769999776895,3.7274861868343123,3.720635464528881,3.7136107367481257,3.704136517270197,3.695128956400418,3.6858655277225933,3.676944587639538
258,0.018034262323554706,0.0013366800916370233,0.0022468750248663127,0.0011842861571025854,0.00562710350120474,4.480824426312749,3.600384575276165,3.715657283684155,3.7230549777972275,3.7310108391948456,3.7243586809722613,3.717527143085696,3.7081552054015225,3.6992342664173985,3.6900171477315373,3.6811269856765656
259,0.016291617577122285,0.0013345573341058408,0.002240500005427748,0.0010355756175188392,0.005592460639548352,4.482726716371753,3.600806964520506,3.7181018871582587,3.7258728018179883,3.734299427913925,3.7278409988443535,3.7212223698185034,3.7119584822809477,3.7031389596760222,3.693975853920953,3.6851256800919616
260,0.016410141824056156,0.0013325003842794914,0.0022493330179713666,0.0008647720350476657,0.005557788926565523,4.484585880420438,3.601106308527161,3.720450742287514,3.7286087398829384,3.737507825276648,3.7312507983835443,3.724843569133823,3.715687638897793,3.706965623752503,3.697853262733906,3.6890390123381565
261,0.01801140531619992,0.0013303836170909884,0.002248500008136034,0.0016054409965184668,0.005523090052106634,4.486558526993612,3.6013805063756323,3.7228515472708588,3.731429695267942,3.7408222603843932,3.7347796532250617,3.7285853439456424,3.71953691997377,3.710908321664691,3.7018432247446746,3.6930612256771607
262,0.01767390360568181,0.0013283472468391903,0.002226583019364625,0.0007696159122965127,0.005488365707345868,4.488429228258592,3.6014517147197957,3.7251194317989054,3.7341177864481137,3.744032141444222,3.7382125099210333,3.7322518544653773,3.723321829918404,3.714801713045203,3.7057937982802454,3.697054564748382
263,0.017168554915628822,0.0013264557423629199,0.0022638749796897173,0.0010874969576115511,0.0054536175846988015,4.490238361800434,3.6011575069339825,3.72712156329193,3.7365239474433247,3.7470087246559842,3.7414223141857073,3.7357298666392067,3.726932024719366,3.718542910889907,3.7096039821904156,3.7009212355394148
264,0.01761702837616576,0.0013244944982956277,0.002324416011106223,0.0018585539714049571,0.0054188473777399115,4.492224467421466,3.600977786519362,3.7292417277920706,3.7390585716402653,3.7500937365666025,3.744732735973112,3.739290353282646,3.730614457704322,3.7223438412049292,3.713465968428876,3.7048322568794356
265,0.017907135156096692,0.0013224511987778367,0.00234791700495407,0.0016589526956997398,0.005384056781120031,4.494244970960646,3.6011175460764004,3.7315150961088652,3.7417486836543294,3.7533134595522113,3.7481774142830817,3.74297434955054,3.7344164702785236,3.7262568789483788,3.717435677749953,3.708846166817996
266,0.018149615987059477,0.0013204440266884894,0.002244041010271758,0.0021862419399896723,0.005349247490483755,4.496530387072627,3.6011057381768685,3.733696031980063,3.7443239413941454,3.7564288597247417,3.7514988898562684,3.7465457395691164,3.7380943350373723,3.73005642304808,3.7212888593012647,3.7127525850765464
267,0.018564683779355464,0.0013184054428255873,0.0023179170093499124,0.0010827405455596604,0.005314421202386803,4.49869288999919,3.601215983987133,3.7359572001935097,3.7469929285392904,3.7596369191936514,3.754924314823854,3.7502226680778397,3.741883733871311,3.7339671145540136,3.7252548642310157,3.716770741221073
268,0.017803430097820528,0.0013163372099121514,0.002311958000063896,0.0014878405294395456,0.005279579614213322,4.500857867378691,3.60153491254983,3.738326826995853,3.7497601842795607,3.762917456269347,3.758412162872993,3.753942290945991,3.7457054733228747,3.7378968261261574,3.7292322979645154,3.720792585935538
269,0.018035772525449786,0.001314233839591269,0.002218583016656339,0.0014473260127961254,0.005244724424093169,4.503012843100928,3.602014309503209,3.740789513113949,3.752624635132835,3.7662819808235106,3.761981599042918,3.7577332883877133,3.7495945889575912,3.7418866314047263,3.7332660977721064,3.724866176762358
270,0.0192499856659001,0.0013120430943770866,0.002313958015292883,0.002077190246469727,0.005209857330819133,4.505332030369118,3.6025457152303653,3.743354215553636,3.7556254336766766,3.7697925313113436,3.765707965195893,3.761678936194676,3.753639164592144,3.746028075313026,3.7374503757863726,3.729087878808101
271,0.0180791132903742,0.0013098989558696138,0.002295291982591152,0.0019797079550048,0.005174980033764154,4.507821241259386,3.602867513635422,3.745803114663019,3.758502543538978,3.773192573160565,3.769322844614444,3.7655282026941626,3.757594671874752,3.750093894332354,3.741567849974581,3.7332523414073413
272,0.016577738906160485,0.0013078031391481962,0.0022420830209739506,0.000941985974197722,0.005140094232798483,4.510011071233951,3.603282320942516,3.7482997996943475,3.7614301895556124,3.7766197944575493,3.772954753297472,3.7693758043961743,3.76153784508355,3.7541340888623367,3.745650912349472,3.7373733583459283
273,0.019200830704020812,0.0013055825838334185,0.002210000006016344,0.002123497077637117,0.0051052016282068435,4.51228099999868,3.6039512915377903,3.7510314023156437,3.764603132715091,3.7802826251010146,3.77682322438207,3.773450752496819,3.765703917879385,3.758388586250344,3.749942313256312,3.741695541362656
274,0.018132597883350865,0.0013034982133796709,0.0021806249860674143,0.0018858722206280267,0.005070303920605558,4.514715779768077,3.604417045662651,3.7534755076076207,3.767405206049246,3.783594283342897,3.780346013590537,3.777224489875182,3.7696026098315705,3.7624161818454183,3.754038825817774,3.74585169581796
275,0.018094560182224533,0.0013014114572340908,0.002212874998804182,0.0014676616080104444,0.0050354028108596585,4.51714518589415,3.604943459416228,3.755961505278462,3.7702518474419047,3.7869419137447635,3.783903082290444,3.7810228798129377,3.7735202080897916,3.7664535385428954,3.7581386344187795,3.7500041314800283
276,0.017092370891760626,0.0012995205861847656,0.002220708003733307,0.0011129235260623823,0.0050005,4.519527464936185,3.605204542729832,3.7581945772050127,3.772733720941117,3.7899561046771018,3.787067409819292,3.7844709820380924,3.777063033691396,3.7701533065969124,3.7618978620514176,3.753841133218051
277,0.017720861893301784,0.001297704451264559,0.0022200830280780792,0.0005856815026379919,0.004965597189140341,4.521729982470331,3.6053761640254876,3.760303620231251,3.775115576706939,3.7928803928818984,3.790166678379213,3.7878607529246895,3.780560362729262,3.773808199052334,3.7656160814908204,3.7576355263177805
278,0.017383761790593644,0.0012959027908225386,0.0022137920022942126,0.0010778790317249665,0.004930696079394444,4.523716863846776,3.6057553472892905,3.7625152596165723,3.777595151130626,3.7958655643623604,3.793313203576012,3.7912696407465183,3.7840633542831617,3.7774492447732855,3.7693093657600047,3.761392189192901
279,0.016805475470843607,0.001294075742722912,0.002326624991837889,0.0014388998360926305,0.004895798371793159,4.5256431470735485,3.6063779668466456,3.7648632485003097,3.7802076399031277,3.7989441148712886,3.7965389104514697,3.794729388064357,3.787603854118403,3.7811089241560323,3.77301070171972,3.7651449576480034
280,0.016886588504392227,0.0012923240124995956,0.0023309170501306653,0.0009397441987291376,0.004860905767201518,4.527240576808708,3.6070103959419786,3.7671990860116438,3.782808451561563,3.8019952130308234,3.799735250027273,3.7981483573886097,3.791100567150346,3.784716727367454,3.7766567712279913,3.768836985558003
281,0.017963732174678216,0.0012905886121241461,0.002411167020909488,0.00159140842414302,0.0048260199662358465,4.528981864810919,3.607595120191644,3.7694740422561908,3.785347230664386,3.8049864169003382,3.8028710440344615,3.801511626376886,3.794545157109871,3.7882789341466316,3.7802629543960427,3.7724954867684204
282,0.016881855808390866,0.0012888483128313092,0.0022705839946866035,0.0014295275858562026,0.004791142669180866,4.53075272501392,3.6083087861307264,3.771821403512677,3.7879533161119445,3.8080103094787785,3.8060260556537853,3.8048693519823527,3.7979725820238563,3.7918082550257863,3.783827809071073,3.7761033729110696
283,0.017388618118746018,0.001287136920984959,0.0023347079986706376,0.0010223582777526708,0.004756275575906832,4.5325017577432325,3.6089238740157152,3.7741147766710066,3.7905266425218547,3.8110085968142453,3.809167670170589,3.8082145942552565,3.801392404951561,3.795328214789477,3.787384111823176,3.7797007177930064
284,0.01726918689345507,0.001285497238070512,0.002310624986421317,0.0005457016647554475,0.004721420385786677,4.53408618465002,3.6094657686104124,3.776336489457011,3.793023173678493,3.8139235702875003,3.812229142430076,3.811481237131866,3.804740023624005,3.7987797973307655,3.79087780281478,3.7832393067573964
285,0.016748366272085962,0.001283887968849522,0.0022943340009078383,0.0010894904082583258,0.004686578797613198,4.5356964250919685,3.609943207216679,3.7784876839223305,3.795460530147704,3.8167831000662016,3.8152440149951663,3.8147050837128638,3.808051429381159,3.8021980122314947,3.794342084245201,3.7867501281901053
286,0.017878378775102257,0.0012822898812062551,0.0022695420193485916,0.0010515930853609342,0.0046517525095162455,4.537090141265607,3.6105390742722605,3.7807220634551193,3.7979811539886428,3.819710143449879,3.818321988943945,3.8179780803594006,3.811405814077976,3.8056494798882747,3.7978345810412364,3.7902834585884975
287,0.017727146374396544,0.0012807305395758676,0.002288707997649908,0.0007098248225638972,0.0046169432188799715,4.538393169106077,3.6111163994256263,3.782919832763066,3.8004738358254295,3.8225997001835026,3.8213700392651138,3.8212178193381545,3.814731244788094,3.809070590891786,3.801298486787852,3.7937875325081754
288,0.018380185429733055,0.0012792424961485614,0.0021854169899597764,0.0012082070780197868,0.00458215262226009,4.539775523703596,3.6114561067898,3.784911460980922,3.80274563711979,3.825312510455037,3.824260486499039,3.8243346067715325,3.8179532487833656,3.812410725854614,3.8046964291122602,3.7972407301195177
289,0.01778291647040747,0.0012777893462829436,0.0024405000149272382,0.0009538115185567504,0.004547382415301199,4.541159063939065,3.611645074850128,3.7868271484159592,3.804956848502035,3.8279769164360955,3.8271135804028384,3.827420583305307,3.8211504990405785,3.8157291166799543,3.80807537533082,3.800676210111248
290,0.018571261071029375,0.0012763119678807844,0.0022820840240456164,0.0011080849569737206,0.004512634292654133,4.542536631789419,3.611872146585265,3.7887877731498167,3.8072419260433823,3.83072167076695,3.8300566973922825,3.830591990965977,3.8244323808110186,3.81912616368292,3.8115302700397016,3.8041838364163274
291,0.01674477263185539,0.0012748517685312814,0.0022303329897113144,0.0008488195915222747,0.0044779099478933675,4.54383949516298,3.6121068458056356,3.7907755909690986,3.809571727689363,3.833496109293401,3.8330229333248393,3.83377043264586,3.8277119439996046,3.822508877304983,3.8149629468321202,3.807661108567963
292,0.01786173946082717,0.00127341515908945,0.0022401250316761434,0.0007234448192273891,0.004443211073434475,4.5450061006031826,3.612361682858828,3.792754981630903,3.8119095827757707,3.836279579762144,3.8360049756742205,3.8369644835338774,3.8310105713390072,3.8259110202368456,3.818417248722982,3.8111608817152542
293,0.0193639996295793,0.0012718707046933627,0.0022772079682908952,0.002410308345425485,0.004408539360451648,4.546446496935739,3.61279535613028,3.7948983655056043,3.8144253401527486,3.83923815163033,3.839162945237351,3.8403261571419196,3.8344717389021508,3.82946740816647,3.822020028234455,3.8148027688884114
294,0.01644470724882658,0.0012703912458815851,0.0023118749959394336,0.0005954271370677618,0.0043738964987952616,4.547746988377283,3.6132001707050034,3.7969901882274937,3.816882133969404,3.842128436594293,3.842249045053324,3.8436098890902275,3.8378518460920743,3.832937806047919,3.825533290996453,3.818350792703206
295,0.0170332875680928,0.0012689709512170664,0.002252416976261884,0.0009595897291722003,0.004339284176909517,4.549058926176345,3.6135761393811783,3.799052785603276,3.819290275064065,3.844941222716182,3.845234162539981,3.8467659864081107,3.841085687090795,3.8362407267906184,3.828865041238968,3.821701860356395
296,0.01637013378834582,0.0012676305546846305,0.002351165981963277,0.0006076684865978737,0.004304704081750153,4.5501639019141935,3.6138923098220337,3.8010220256724723,3.82161502956384,3.8476681846560306,3.848137220527169,3.8498370998435036,3.8442342244478,3.839455403306389,3.832106890682289,3.824960784192519
297,0.01781271021047192,0.0012663427591424203,0.002166791004128754,0.0012006800661390426,0.004270157898702224,4.55135831297608,3.6140343607590486,3.802856473273303,3.8237969426460428,3.8502614360337324,3.850908272795009,3.852790142096701,3.8472746180246284,3.842577911591027,3.835269481620046,3.8281548063528743
298,0.016475607166647324,0.0012650888857901842,0.00230320799164474,0.0007293513153854156,0.004235647311497952,4.552518637138702,3.614144413225751,3.804639854252346,3.8259323588376577,3.8528107170927055,3.85363986798333,3.8557029672146923,3.8502751716181858,3.8456580335604915,3.8383880117740357,3.8313023850850914
299,0.01641476035415443,0.001263923223701881,0.002300499996636063,0.000614269908514272,0.004201174002134672,4.553546193695031,3.614066836373388,3.8062861234584306,3.827932879750826,3.8552339837880933,3.8562440810348044,3.858494180425382,3.8531540425570903,3.8486215559208286,3.841391599453511,3.8343390537664988
300,0.01665628225721686,0.0012628306535908468,0.002259250031784177,0.0007200835760858447,0.004166739650792848,4.554378156082159,3.6138846641980398,3.807869649581466,3.8298637345992494,3.8575849019634707,3.858771026540761,3.8612062508140226,3.855950969662978,3.8515015825474914,3.8443098348827607,3.837289117110353
301,0.01649973822249011,0.0012618162924030775,0.002469667000696063,0.0007074881775296942,0.004132345935754183,4.555013239460424,3.613653566793235,3.809369836989791,3.831700277769131,3.8598326433553165,3.861191148427054,3.863811342048111,3.8586424112962465,3.854279348202778,3.847128966882807,3.840143620761354
302,0.017103267825665697,0.0012608342236678147,0.002306832990143448,0.0009328072931562148,0.004097994533319826,4.555688004292359,3.613241944539591,3.8107630104607892,3.833452832210744,3.8620157717223056,3.8635639232450383,3.8663774527721944,3.8613013395094997,3.857025926934868,3.8499176790106793,3.8429666003740386
303,0.016386313645635576,0.001259951516698329,0.0023458750220015645,0.0005782282009262761,0.0040636871177286695,4.556316613222554,3.6126936820924866,3.812009820734909,3.834999508575739,3.8639870770277596,3.86570223492977,3.8687219048971757,3.8637369218555873,3.8595653799867744,3.852505714101683,3.8456019084320188
304,0.01671422371791349,0.0012591223736058408,0.0023467919672839344,0.0015202771777541692,0.00402942536107575,4.557126727796412,3.6119807933468064,3.813102514641515,3.836349205046025,3.865780504342174,3.8676423292868436,3.8708911133218638,3.8659928419403715,3.8619459175031188,3.8549387960324037,3.8480970643442953
305,0.019092123389686022,0.0012582621999600678,0.002257208980154246,0.0008524930008637904,0.0039952109332307495,4.557956583647666,3.6113478147163476,3.814246206813084,3.8377405771352855,3.8676270740271277,3.869645939520688,3.873137529820094,3.8683387263488687,3.864426838293987,3.857481990019085,3.850709420577611
306,0.018463783145363285,0.0012573168051490283,0.002445999998599291,0.0017744062089836122,0.003961045501756612,4.558952501193961,3.6109323931977246,3.8155631462011774,3.83930430104803,3.8696344318186005,3.871805514105337,3.8755276283303037,3.870822084655967,3.8670351247374484,3.8601465650138094,3.8534359260478626
307,0.01703757407301532,0.00125635909789069,0.0023057080106809735,0.0009177483318760186,0.003926930731828268,4.559934655617186,3.610614763545434,3.816962459675977,3.840943497285012,3.871695132383124,3.8740132873433186,3.8779514081386797,3.8733340550936854,3.8696624086770273,3.8628256687160216,3.8561711261955525
308,0.018073473873180698,0.0012554311470426378,0.0022640000097453594,0.0006395068429487154,0.0038928682861514748,4.560844620781125,3.6102819629232297,3.81837756416764,3.8426087434518275,3.873764648417757,3.876219197984258,3.8803465261044323,3.8757991993080116,3.872215285770476,3.865411239714464,3.8587891881520986
309,0.017589082110897974,0.0012545081174303583,0.0022672079503536224,0.0007028600022908146,0.0038588598248817775,4.56165228436492,3.609975715363378,3.8198292915368453,3.8443212228470163,3.875878530948987,3.878473193930616,3.8827849067799187,3.8783074932872936,3.874807587520266,3.868035354745638,3.861444098584124
310,0.017372520878243324,0.0012535463254861683,0.002289291995111853,0.0013571523255667016,0.0038249070055436027,4.562513549470351,3.609900167921259,3.8213927685353553,3.846143493050678,3.878078887645495,3.8808067527061825,3.8852872847360302,3.8808726983704793,3.877446907920999,3.870701004293111,3.864134790618879
311,0.017790192026598713,0.0012526759581744152,0.0022567500127479434,0.000935434765293831,0.003791011482949462,4.563369344590464,3.609593184763737,3.822750520981421,3.847718492999956,3.8800627012265823,3.8829175587525904,3.8875956876219844,3.8832478434624913,3.879917415108123,3.8732031424313553,3.86667610649191
312,0.01669113766525331,0.0012518038749647408,0.0023376669851131737,0.000903496342969549,0.003757174909119309,4.564247294106546,3.60928574986353,3.82412151654058,3.849319845402102,3.882067498080765,3.8850527443022607,3.889920848693465,3.8856378038680486,3.8823948737620055,3.8757078805060177,3.8692134797699382
313,0.017808534401711672,0.0012509381304401544,0.002355167001951486,0.0008101063138981383,0.0037233989332000153,4.565118349576582,3.60889889498522,3.8254501679968675,3.8508919965785227,3.884064480884955,3.8871971739766313,3.8922705429388382,3.8880658491067237,3.884920907531174,3.8782706473237254,3.871815971050829
314,0.01739273557029866,0.001250090446382298,0.002294124977197498,0.0007600758392357496,0.003689685201384996,4.565985928326018,3.608455877880911,3.826714698996556,3.852426504603116,3.886030164887789,3.889326329599612,3.894607187257421,3.8904872475392964,3.88743966250866,3.8808277209357707,3.8744116597059035
315,0.018549592196595445,0.0012491769393131,0.002378665958531201,0.001755454777738775,0.0036560353568339784,4.56696276286399,3.608268805749153,3.8281665687593605,3.8541382841283047,3.888142654265868,3.8915884149879862,3.8970567443573523,3.8930111437092885,3.8900486453436596,3.8834678895798804,3.8770830565350387
316,0.018560804015709222,0.0012482852546721393,0.002304875000845641,0.0009575961746378059,0.0036224510395929128,4.567981734364735,3.608073226202487,3.8295637320972262,3.855766749702924,3.890172007708579,3.8937706963427496,3.899440047851215,3.895481605897405,3.8926186553699833,3.8860811956270167,3.8797384157528003
317,0.01657526383911918,0.0012473977301732365,0.0023815000313334167,0.0008310636200943973,0.0035889338865140396,4.5689551213947945,3.607962126740074,3.8309976703708135,3.857439993514007,3.892230823528857,3.895979831152745,3.9018373202531285,3.897960428985577,3.8951878253360555,3.888688670570668,3.8823821870487008
318,0.018313056954106545,0.0012465803062146146,0.002304374997038394,0.0016940313078204824,0.003555485531176114,4.570052483530103,3.6075732725947685,3.832253891751289,3.8589006615115644,3.89408762655033,3.897965771008177,3.904025554782399,3.9002267825152876,3.8975624619392804,3.891109014988472,3.884855660119174
319,0.018514577350863894,0.0012458455544135097,0.0023001250228844583,0.0011188146145928513,0.0035221076038047896,4.5711910722715405,3.607059811555078,3.833396835952819,3.860196988750296,3.8957755199907123,3.8997246188316432,3.9059851296712242,3.902207894995112,3.8996553528380087,3.8932026101307127,3.887003424578876
320,0.017463269568142134,0.0012450934397646132,0.0023047919967211783,0.0010328492730900683,0.003488801731193153,4.572278750672951,3.6067350577690687,3.8346514203259088,3.861598704861278,3.8975379374265176,3.9015519816384923,3.907993449538601,3.904234135717889,3.901779663358083,3.895324714181494,3.889170492505258
321,0.016497368901266928,0.0012443407517365756,0.002235833031591028,0.0009143128718897446,0.003455569536622451,4.573255898220983,3.60660025772182,3.835973426450587,3.863067675416494,3.899344650267107,3.903423483129162,3.9100319578010034,3.906290911842321,3.903925526117989,3.89746878487466,3.8913544677136835
322,0.017511900995028112,0.0012435693838772346,0.0022992909653112292,0.001072440467096765,0.003422412639782963,4.574224691780343,3.606557912939554,3.8373828482655647,3.864633584854672,3.9012313934482625,3.9053726119954595,3.912132036750568,3.9084041760025556,3.9061146339737443,3.899650761819981,3.893566665147073
323,0.016719400007717725,0.001242819549804033,0.002239416993688792,0.0006458698289628246,0.0033893326566950604,4.575108195083173,3.606593326697265,3.8388003112434093,3.866198137896989,3.9030967982867315,3.907296878502454,3.914199953537833,3.9104870391654756,3.9082715742181753,3.901804508273476,3.8957513227290215
324,0.018100478494670495,0.0012421137185719701,0.0023304999922402203,0.0011624926225936461,0.003356331199630453,4.576067365523155,3.6065038996133483,3.8400963208604324,3.867604378902767,3.904816081061372,3.9090514204480193,3.916124641848772,3.912421671446461,3.9103097375481273,3.9038478339896727,3.897848213757967
325,0.01796531936061888,0.0012413830735717537,0.0023607079638168216,0.0015607126427109432,0.003323409877033601,4.577149885760648,3.6063789583538677,3.841369035546093,3.8690246962904595,3.90656782491601,3.910863300980216,3.918110642308943,3.9144285501238834,3.912416756077433,3.9059629857499063,3.900012766774241
326,0.0177685722796975,0.0012407652879187726,0.0022871250403113663,0.0015428689349505054,0.0032905702934433196,4.578276135947376,3.60598155590036,3.8423973835753125,3.870117740369592,3.9079883686372923,3.9123036064699845,3.9197402945907585,3.916077662657749,3.9141921011960035,3.9077648462798154,3.9018911813220116
327,0.016812696891253635,0.001240153136908186,0.0022801670129410923,0.0007835290351791591,0.0032578140494145848,4.5793789864538095,3.6056292796360245,3.843435741239491,3.87121698966802,3.909406586804656,3.913742141340769,3.92136435613154,3.9177218943014114,3.915960205105697,3.909559867446859,3.903761471389866
328,0.017161818956548294,0.0012395902294133482,0.0022445410140790045,0.0006172631920542495,0.0032251427414405186,4.580282060607719,3.6052904095308267,3.8444467196363057,3.8722678514010527,3.9107680045516497,3.9151171344464446,3.922924300876823,3.9193018384088134,3.9176669348070714,3.9112965663047814,3.9055775313908025
329,0.017367499237864296,0.0012390084064355686,0.002283333975356072,0.0008357628759791652,0.003192557961874579,4.581128298181243,3.6050436930966407,3.8455367155968885,3.873418402631251,3.9122218118533256,3.916592518609178,3.9245739938588033,3.9209727681120734,3.919454097605146,3.913111142447943,3.907463071447023
330,0.017856322730875736,0.0012384077686376025,0.0023142920108512044,0.0009076933696236081,0.0031600612988529537,4.581891693281992,3.6049344503296683,3.8467029920750675,3.8746637356141886,3.913765289908985,3.91817117697959,3.9263226478872575,3.922749443107565,3.9213417336405385,3.915027545127803,3.90944567444409
331,0.0179498432407196,0.0012378317590412738,0.002362583007197827,0.00138965152218517,0.003127654336217149,4.58276729115608,3.6047099079106295,3.847772622469747,3.875800210633015,3.9152044014631664,3.9196386890492407,3.9279661928859873,3.9244179058913495,3.9231272187735833,3.9168410851229916,3.9113301740277704
332,0.01765729286185429,0.001237280168527036,0.0022474589641205966,0.0009617515204184099,0.003095338653436806,4.583685434861744,3.604504850337979,3.848809278557207,3.8768990561961045,3.916555281539168,3.9210179727142176,3.929485778430359,3.925971157425911,3.9247788813486575,3.9185339317749874,3.9130918603276204
333,0.01767229739049875,0.0012367179423435845,0.0022727500181645155,0.0010103420158920754,0.003063115825532712,4.584624497660164,3.60435145901186,3.8498743367669834,3.878038900990753,3.9179386335483026,3.922434159215239,3.9310351146924942,3.927554903490063,3.926455589435645,3.920251156265409,3.914874523936868
334,0.018252564579442663,0.0012361358123877003,0.0022641660179942846,0.0009429831910272115,0.00303098742300004,4.585502723808813,3.6043125861548213,3.8510174101047894,3.8792696284628168,3.919413643991199,3.923951848942811,3.932684674855074,3.929242285142552,3.9282324356094724,3.922068096298331,3.9167532578574127
335,0.016763667059581596,0.0012356194094497522,0.002230541023891419,0.0009242678463653736,0.0029989550117318032,4.586172147114184,3.6041631142799435,3.852065655399524,3.880393468909838,3.92079088355901,3.925372857801443,3.934246678487354,3.9308459112552594,3.9299314505834153,3.9238103336339742,3.9185600928733963
336,0.016850302441279563,0.0012351338818907098,0.0022524160449393094,0.0004100874589680179,0.0029670201529425366,4.58676230381131,3.603973042280437,3.853073903344971,3.881482567482606,3.9221218831553255,3.9267499468165257,3.935756827396771,3.9323992389346283,3.93157565075479,3.925498945783589,3.920311612914442
337,0.017368916122223934,0.001234777681577679,0.0025578750064596534,0.0019636045830340476,0.0029351844030922032,4.587465338768127,3.603483100472707,3.8538724699877918,3.882216491518775,3.923102384382201,3.9276344039544293,3.936796782347531,3.933366266783082,3.932666369409769,3.926554614557969,3.9214521277954155
338,0.017242034934043082,0.0012344207968417408,0.0022557079792022705,0.0007393009046052406,0.0029034493138103373,4.588043680583579,3.603099761349932,3.854739364536771,3.8830291888437403,3.9241444511791586,3.9285859390866333,3.9378882166032705,3.934387180805035,3.9337976983953125,3.9276509252065646,3.9226240566168444
339,0.016269408546558818,0.0012340559380227992,0.002249542041681707,0.0006132997318223766,0.0028718164318204194,4.5885776306644805,3.602701137271676,3.855628650550071,3.8838919046667026,3.9252381689075597,3.9296096920668626,3.9390469828996606,3.935487477284193,3.9349999822525,3.928822882091153,3.92386365835944
340,0.017129880005357857,0.0012337043384635126,0.002409541979432106,0.0006563522062982608,0.0028402872988644886,4.589023725246893,3.6022287933129435,3.8564922210450496,3.884748151812042,3.926335797952906,3.9306542255964105,3.9402300464579127,3.936624324316196,3.9362390279450334,3.9300398252526794,3.9251483044881708
341,0.017316756815655417,0.0012333374048652352,0.0022345419856719673,0.0007974272611623592,0.002808863451628009,4.589410179750228,3.6018789078330538,3.857434086682177,3.885695793332173,3.927514005148959,3.9317863741421717,3.9414890716498205,3.937838518962647,3.937544079731803,3.931320382926621,3.926487237261131
342,0.018442495283561938,0.0012329354491131782,0.002257874992210418,0.0009734015671536097,0.0027775464216649565,4.589819930090427,3.6016440520681954,3.8584402981980497,3.886728819321414,3.928783034505008,3.933030820436555,3.9428628317566727,3.939181840075156,3.9389765514726958,3.932735636400213,3.9279579687764006
343,0.01775910540068361,0.0012325262834765654,0.0022408749791793525,0.0006451535067056065,0.0027463377353231923,4.590192322002315,3.6014445859189914,3.8594708594692255,3.8878003421993794,3.930096152072237,3.934333897531609,3.944295306953725,3.9405935665763505,3.940473827025347,3.934220167462042,3.929493750428553
344,0.017018221599501046,0.001232115413515374,0.002300167048815638,0.0006785780064386121,0.00271523891367006,4.590566824299319,3.6012191758505634,3.8605005763715887,3.888891281341936,3.931427432470676,3.935667827057274,3.9457539292508335,3.9420378709848545,3.9419971651403243,3.935732665915069,3.9310517101215496
345,0.017032491675831655,0.0012317180833361617,0.0023276249994523823,0.0006076596998735703,0.002684251472418251,4.590921451123309,3.600914482767018,3.861469750177172,3.88994513708287,3.9327297168185513,3.936991467102209,3.947206852246775,3.943488984216856,3.943528317633079,3.937260024736917,3.9326243102910934
346,0.017972916481873772,0.001231320986270035,0.0023682910250499845,0.0008195540400496963,0.0026533769218519384,4.591195028622603,3.600724327657765,3.8624750070718834,3.8910369594929906,3.9340635462080025,3.9383557694445304,3.948698078819525,3.9449860581239595,3.9451032820892213,3.9388357873415165,3.9342436486980854
347,0.01758253929674159,0.0012309604051711485,0.0023525829892605543,0.0008405156699151644,0.0026226167667531583,4.59153516622612,3.6004691021459583,3.863403107631443,3.892006867508332,3.935269756623056,3.9395550591559743,3.950025821819797,3.9462919505403873,3.9464932474881946,3.9402093636179374,3.935666249289653
348,0.017269816653076423,0.001230580997193956,0.0023591669742017984,0.0011654785151963777,0.0025919725063284762,4.591969774769755,3.6002160356282755,3.864336365228763,3.8929878293053153,3.9364937555398174,3.9407826436753965,3.9513871577260273,3.9476411814813863,3.94792889404735,3.941635509985541,3.9371421868507195
349,0.01664923086231864,0.001230223381249867,0.0023802919895388186,0.0006646322678028458,0.0025614456341359064,4.592438464785579,3.599980911863333,3.8652111539165874,3.8938958598672295,3.9376258159222943,3.9419099353875473,3.952638504158176,3.9488797419923256,3.9492507843783344,3.9429516722294853,3.9385093408510787
350,0.016639391002551903,0.0012298962276456465,0.002319500024896115,0.000587949947168994,0.0025310376380121382,4.592837147494393,3.5996544176685585,3.866008911737065,3.894729062844184,3.9386964048688102,3.9429815082386486,3.9538416200295803,3.950075910084948,3.9505331162737747,3.944232420369475,3.9398415103234328
351,0.018677874509306445,0.0012295223540681854,0.002272208977956325,0.0014144763226729483,0.0025007500000000012,4.593285527428178,3.599500375380655,3.866928353524966,3.895703020276742,3.939902634813515,3.944199571422019,3.955185681236077,3.9514189163215248,3.951957078034091,3.94565755076738,3.941314555081371
352,0.016470282455448567,0.0012291964106988572,0.002325874986127019,0.0008016558623910334,0.0024705841962762423,4.593652746292298,3.5992023578054573,3.86772665942468,3.8965648921811398,3.940991568772561,3.9453089114476816,3.956418108425524,3.9526588998603818,3.953277336629106,3.9469864574630464,3.942693023777699
353,0.01739422795528128,0.001228879469596951,0.002278583007864654,0.0011490059306034407,0.002440541697079578,4.594103850310279,3.5988285110988234,3.8684596533808993,3.8973527146012445,3.9420048003787946,3.946343633184763,3.9575815191995565,3.953836728078028,3.9545424032100374,3.948267731011356,3.944029543511591
354,0.01699647330942594,0.0012285586395682766,0.002200583985541016,0.0007206025965474298,0.0024106239666390364,4.5945066077977215,3.598545279943403,3.8692554932816217,3.8982026796341067,3.943065348097768,3.9474252203955813,3.9587796643514923,3.9550469149310374,3.955829217810742,3.9495668880141186,3.9453756875920707
355,0.01759810790184074,0.0012282972225409314,0.0022619589581154287,0.0016431614854152308,0.00238083246310259,4.595009512529886,3.598082176495281,3.86993584540021,3.8988424857747632,3.943933510192716,3.9482107260193233,3.9597095225572003,3.9558967037673884,3.9567881741167317,3.9504686177931796,3.946343475265859
356,0.016841076274252922,0.0012280601906590747,0.002256083011161536,0.0005125732339523876,0.0023511686384660928,4.595414300619728,3.597606479523342,3.870577875928065,3.8994357076197836,3.944754706193666,3.9489549913553943,3.9606006671930696,3.9567199621105162,3.9577234683206735,3.9513594196994255,3.9473037028551876
357,0.01708769602274908,0.0012278525892154095,0.0022498329635709524,0.001294128463166813,0.0023216339385025075,4.595857019661741,3.5969663547921322,3.8711148680834664,3.8999106210476304,3.9454694659862724,3.9495783074736788,3.96137761965795,3.9574191096478293,3.958540409113145,3.9521282513745137,3.9481464079848387
358,0.017320521270483145,0.0012276739307757589,0.0022561249788850546,0.0010937149565435854,0.0022922298026914426,4.596309568111761,3.5962154273470412,3.8715172622067557,3.900240731883216,3.9460536974219607,3.950083139539412,3.9620517545379608,3.9580326079437063,3.959282460466789,3.9528371154175193,3.948936472957629
359,0.019191237108283677,0.0012274398324580785,0.002254792023450136,0.0013681020958373946,0.0022629576641489953,4.596809617224953,3.595623304930034,3.872056146231327,3.9007388536380767,3.9468070672467297,3.9507811210360466,3.9629146291223196,3.958849474251074,3.96022015492854,3.9537486188644912,3.9499226330099746
360,0.018344629679624077,0.0012271950976789673,0.002224458963610232,0.0008311602369757945,0.0022338189495579018,4.597335678135472,3.5950755769597764,3.8726103053670915,3.901255263639891,3.947569047879586,3.9515003655736805,3.96379727563919,3.9597020709519937,3.961194630486053,3.954710269024372,3.950961224877067
361,0.016178096053036328,0.0012269398546789745,0.002322999993339181,0.0006925480517591001,0.002204815079098002,4.597842219445502,3.594588631024319,3.8732098477489316,3.9018364272833646,3.9483864090067056,3.952285665518714,3.9647331972516886,3.960612151773976,3.9622133539934428,3.955716015397653,3.9520335050321127
362,0.016533207615711618,0.0012266835958139291,0.0022364999749697745,0.0005095683995148463,0.002175947466377023,4.598309547589961,3.5941633813940177,3.873830889974439,3.902443633428375,3.9492218446850873,3.9530980783389102,3.9656921806943832,3.961554029243403,3.9632597989209626,3.956754838305463,3.9531352195402474
363,0.016246190765587958,0.0012264490493564778,0.002235708001535386,0.000592979723526409,0.002147217518361684,4.598722434962874,3.593679693509652,3.8744111531763603,3.9030183777227614,3.9500203141106787,3.9538733923947182,3.966606886799622,3.9624494570042454,3.9642536896615828,3.9577395753910816,3.954179190128702
364,0.01728240854054564,0.0012262107652183034,0.002213875006418675,0.0005854939275893278,0.0021186266353091193,4.59910749129746,3.593283580150619,3.8750243413230776,3.9036309672048057,3.9508445650934205,3.954678087271194,3.967542814469661,3.9633694828550983,3.9652664492500853,3.9587459499622812,3.95524152049388
365,0.017076343623630304,0.0012259578290721935,0.002240958041511476,0.0009880233432958182,0.002090176210698632,4.599535222240315,3.592952494832619,3.875670961580793,3.9042813539833423,3.951699741216376,3.955520572872144,3.9685092843400005,3.9643247658637697,3.9663076638834913,3.9597831183717322,3.956330025502817
366,0.017470108633692284,0.0012257059575319358,0.002277208026498556,0.0005896777624807397,0.002061867631163781,4.5999557613233835,3.5926488838429442,3.8763219436341236,3.9049416179219025,3.9525585742282865,3.956370541366958,3.969477274911541,3.9652829470679802,3.967346484715845,3.9608183010403186,3.9574131704838185
367,0.018379469450676884,0.0012254404782121302,0.00225333304842934,0.0009911186166973074,0.002033702276424795,4.600325733983923,3.5924639907331337,3.877052179623791,3.905693781774899,3.953501448912631,3.957311685296884,3.97052816925962,3.9663267367456396,3.968463011257863,3.9619312447405655,3.9585681486743765
368,0.017478593924689922,0.0012251713985959782,0.0022542920196428895,0.0007074535695508414,0.0020056815192213283,4.60067577726079,3.5922736403994535,3.8778061841427416,3.9064847139298284,3.9544824130767267,3.9582988213645285,3.971621407547601,3.967417077785403,3.9696217773446087,3.9630882462207544,3.9597638769372074
369,0.017427239794481405,0.0012248816974483082,0.0022142500383779407,0.0012223367184495215,0.001977806725245557,4.6010528403024065,3.5921944797947303,3.878630716919547,3.907355455429416,3.9555343343806633,3.959360699185444,3.972781038417083,3.9685748185167005,3.970840642671805,3.9643046643803332,3.961013660673836
370,0.018081953664728218,0.001224593554865803,0.0022569579887203872,0.0006339815242888343,0.0019500792530756125,4.601403360753427,3.5920938216792044,3.879444407571215,3.908224289339808,3.9565997431895665,3.9604509176000797,3.973978255186103,3.969780894916128,3.972111541805096,3.965579010487694,3.962322227268344
371,0.016747211028831015,0.0012243078852136918,0.002277916995808482,0.0009565496833661841,0.0019225004541093714,4.601796935974783,3.592020512106247,3.88024847022365,3.9090806136660525,3.957637595776614,3.961510434172718,3.9751342236918163,3.9709434201820644,3.9733317185575223,3.9668012748479593,3.963574733901916
372,0.0178878168215001,0.0012240684014977615,0.002325707988347858,0.0008949625074016595,0.0018950716724985875,4.602192790191846,3.5918374505789914,3.8809309701926575,3.9097786289087293,3.9585068272849004,3.9623681191489593,3.9760868197399244,3.971877535591994,3.9743291185229674,3.967785006074369,3.9645951767920757
373,0.017830311303128094,0.0012238273768556305,0.0022798340069130063,0.0008933277479359305,0.0018677942450833797,4.602622216415157,3.591657753867278,3.881594748281238,3.9104506364016496,3.9593558057252105,3.9632104306947604,3.9770312764447757,3.9728118013971434,3.9753321463210107,3.968782035507806,3.9656327643196128
374,0.017514998873689475,0.0012236074502011984,0.0023255000123754144,0.0009662110349289412,0.0018406695013270778,4.603077331926266,3.591403097221667,3.882200706499965,3.911041845423386,3.960115565494024,3.9639456928042147,3.977864149461068,3.973624247986453,3.9762129409677693,3.969653078903796,3.9665463414007878
375,0.01728612889656519,0.0012233803494249816,0.002249790995847434,0.0007528275961344345,0.0018136987632514257,4.603506031811215,3.5911758801582834,3.8828404138939807,3.9116881955838445,3.9609309082770148,3.96474707536564,3.978758169547774,3.9745019076362635,3.977152186356526,3.9705829287657783,3.967512920256887
376,0.017722566766473942,0.0012231869581242,0.0023363749496638775,0.0005883330010919764,0.0017868833453721464,4.603900504992786,3.590883977504186,3.8834144333606133,3.912246542449964,3.961651499274278,3.965437116111156,3.979526811221763,3.975237668464515,3.9779276220580293,3.971329473871341,3.9682686700523195
377,0.01615529091943877,0.0012230001496435258,0.002313084027264267,0.0005609605168440132,0.001760224554634879,4.604228105383062,3.5906521259068978,3.8839949140979493,3.9128192907607273,3.9623785195682575,3.9661417984947542,3.9803060417149254,3.9759900663022814,3.978717360896934,3.9720944571663637,3.969042482454796
378,0.01721587778389754,0.0012227878551373148,0.002292916993610561,0.0014481870654569839,0.0017337236903514676,4.604621312418066,3.590508970386017,3.884631111570802,3.913460529222044,3.9631698540400158,3.966919203289987,3.9811548743473977,3.976817375103909,3.979579658220769,3.9729352305728334,3.9698912638149877
379,0.017464966325145912,0.0012225932362220204,0.002298832987435162,0.0011769541910041175,0.001707382044136658,4.605036031248452,3.590241723367591,3.8851732544469373,3.914008021904374,3.9638758757217807,3.9676167750847133,3.9819306118895303,3.9775767113390192,3.980379153139093,3.9737176444528832,3.9706863491246716
380,0.017014029552769438,0.001222429199354041,0.00241424998966977,0.0006434936282823494,0.001681200899845118,4.6053670963967654,3.589930724265487,3.885657120791066,3.914489589028443,3.964509448017127,3.9682303925220546,3.9826216607089875,3.9782440472034217,3.9810895016024763,3.9744082588033063,3.9713935094090997
381,0.01751291590218283,0.0012222900413243157,0.0022494999575428665,0.0013818621111146942,0.00165518153350889,4.605750873739566,3.5895351275137983,3.88604548067011,3.9148300450363847,3.9649960141680176,3.968670782744145,3.9831444870618897,3.978737237543658,3.9816376265573217,3.9749436609068263,3.9719595772429543
382,0.017702372620305815,0.0012221656965842014,0.0022673339699395,0.00024323167056797544,0.0016293252132751743,4.60608817349249,3.589161910984484,3.8864282016962473,3.915151297293586,3.9654514348539482,3.9690687157008244,3.983617316217048,3.9791699532235207,3.9821213331082475,3.9754068014161352,3.972452016085211
383,0.01708335732788477,0.0012220528867531988,0.0022278749966062605,0.0007738024128049616,0.0016036331993445477,4.606331586927412,3.588842216615087,3.886830822334323,3.915494489677289,3.9659167358735243,3.969476817089444,3.984090698865074,3.9796025768001164,3.982597269744933,3.9758607644646853,3.9729295908411477
384,0.018192690812791287,0.0012219261044016673,0.002264833019580692,0.0008295899904748029,0.0015781067439095222,4.606562743020065,3.5886140220024236,3.8872913730126624,3.915901588456826,3.9664438660933343,3.9699540900112122,3.9846329254722894,3.9801098622525926,3.983147779410636,3.9763933175208757,3.9734861867553217
385,0.017730674302278277,0.001221786504901621,0.0022257500095292926,0.0007475643629323191,0.0015527470910935187,4.606792625474834,3.5884130273832,3.887782539363077,3.9163630024986555,3.9670309729554645,3.970505642112694,3.98524994225611,3.9806994969000353,3.9837787563444245,3.9770094515602836,3.974124336021142
386,0.017029277390615383,0.0012216727065151544,0.0022500419872812927,0.0008349694200359923,0.0015275554768902442,4.607021205590387,3.58813314330401,3.8881940267177195,3.9167273216795024,3.9675140929999233,3.9709366022326686,3.985742461729387,3.9811513309363025,3.984271300123566,3.977478290087571,3.974615718634633
387,0.01660040088723338,0.0012215570723325367,0.0022485839435830712,0.0005418288299059339,0.0015025331291034288,4.607228181703459,3.587838557840988,3.888599231768578,3.91710524057972,3.968019543989843,3.971405264231171,3.9862764369058765,3.9816544198047303,3.9848154072343185,3.978003724019529,3.9751629629861855
388,0.01767096912284997,0.0012214403130552684,0.0022251250338740647,0.0018583647494963991,0.0014776812672870094,4.607551060508834,3.5875074884943605,3.888941911193523,3.917428300344601,3.968446162013102,3.971802052363233,3.9867180669950293,3.9820749149068653,3.985263719381978,3.9784449934775665,3.975623538689075
389,0.018071895648863696,0.0012213175285402114,0.0022230000467970967,0.0006266134699705085,0.001453001102685663,4.607875366673719,3.5872149929099617,3.889289568109265,3.9177613439220185,3.968886757972528,3.972222478398681,3.9871902173228335,3.982535335926471,3.9857577232017927,3.9789386554385,3.976140182785012
390,0.01743951794158489,0.0012211937977412975,0.002326708985492587,0.0011440082729497912,0.0014284938381758005,4.6081077454089785,3.587017655606207,3.8896935308859977,3.9181581734420736,3.9693885102956985,3.9727114732503606,3.9877296313224773,3.983066764469029,3.98632042593055,3.979501240632163,3.9767227427959533
391,0.017288447593840572,0.0012210883316394728,0.0022824170300737023,0.0007116289711419841,0.0014041606682069128,4.608341452731355,3.5867669270217606,3.890044007190933,3.918486182495379,3.96981650262896,3.973110879366752,3.9881771174464324,3.9834917110395844,3.986776087720552,3.979944615630196,3.9771848967490984
392,0.018247070318338023,0.0012209493456500483,0.002235083025880158,0.0018701993098872213,0.001380002778743382,4.608643310317857,3.5866498303591987,3.8904911391186547,3.9189211214660844,3.970347422369918,3.9736191643870074,3.988730133335331,3.9840251525443255,3.9873370537206747,3.9804942478547045,3.977750733371628
393,0.016498036434773457,0.0012208105344296855,0.002248374978080392,0.0005872983364632262,0.001356021347206654,4.608935356892372,3.586524262155715,3.8909369066445505,3.919361300371836,3.970887175663567,3.9741410728857005,3.9892987559660646,3.9845771369535816,3.987917072946297,3.981064532682015,3.9783369226908416
394,0.01692633068344422,0.0012206964200129125,0.0022375419503077865,0.0009699261878809377,0.001332217542417869,4.609157977007582,3.586311478345952,3.8913274968909297,3.9197394975654087,3.971366980417561,3.974598938569379,3.9898065493898525,3.985066330749154,3.988438230248106,3.98157622686669,3.978868199706298
395,0.016574089262121193,0.0012205752130851745,0.0022421249886974692,0.0007504953616750696,0.0013085925245408944,4.609366974797817,3.586159473778441,3.891747889303069,3.9201591528046342,3.9718872995453904,3.975104687629097,3.990360389204474,3.9856051816859064,3.9890063630370265,3.98213593266755,3.9794449759160146
396,0.019259183221473762,0.001220452611566967,0.002361374965403229,0.0006342900772641756,0.0012851474450257668,4.6095458605920765,3.5859946103066673,3.8921772830513155,3.9205895999976974,3.9724335973808733,3.9756478516963236,3.9909628696975927,3.9862025625365187,3.989638397649258,3.982765118626932,3.980093067786585
397,0.017915326006718028,0.0012203201214343114,0.0023640829604119062,0.0008922267420068093,0.0012618834465525906,4.609735658346575,3.585869819671271,3.892637989105829,3.9210594078671708,3.9730188716205235,3.976236318659041,3.9916110377376017,3.986849889819028,3.9903200709673654,3.9834459177130124,3.9807918665816193
398,0.01878239186382049,0.0012201841518935878,0.00227162498049438,0.0007250175099023111,0.0012388016629758254,4.609906036217562,3.585766418705864,3.8931189668416275,3.921560872533915,3.9736366958125133,3.976865076451,3.9923000362063292,3.9875428661786145,3.991047651825479,3.9841755139241717,3.981539793332781
399,0.017688944287393964,0.001220052568856242,0.002234000014141202,0.0005890622920089941,0.0012159032192690445,4.61004612766752,3.5856604591011663,3.893599464084761,3.922067798043101,3.9742596276611226,3.9775030325757856,3.99299740701397,3.9882468560808975,3.991785419425056,3.984916897732413,3.982299092687602
400,0.016607228743683988,0.0012199754270099024,0.0023051250027492642,0.0021576875907436794,0.0011931892314700856,4.610189828091368,3.5853758745718074,3.89393036950028,3.922359258681676,3.9746567829038573,3.9778441693745883,3.993399364866926,3.988590191282761,3.9921704555017268,3.985251428677455,3.98265239198937
401,0.017509514925435427,0.0012198971122482478,0.0023144169826991856,0.0006978747621815543,0.0011706608066266702,4.6102935212299005,3.5851409039142696,3.8942840387384403,3.9226789148676096,3.9750799551350706,3.9782199025855065,3.9938356488068836,3.9889767717793423,3.992598691865155,3.9856369533467326,3.9830574618870895
402,0.018602217496662934,0.0012198029391344903,0.0024193329736590385,0.0010998569643254612,0.0011483190427424423,4.6104108685891845,3.5849836895518137,3.894691633956507,3.9230610123918965,3.9755653963797286,3.978666318097992,3.994341513972815,3.989440463284689,3.993102479457641,3.9861041869376654,3.983543725561319
403,0.01612504909507281,0.0012197220346286685,0.002250916964840144,0.000565202514886694,0.0011261650287234543,4.610495441076004,3.58479618668562,3.8950595159466976,3.9234075950888467,3.9760091072999533,3.9790749315518736,3.9948035873988714,3.9898649487098568,3.9935627178240667,3.9865326561880057,3.9839898028234146
404,0.016571790184844355,0.0012196382240700983,0.0023680830490775406,0.0005485152491220145,0.0011041998443250959,4.610585999962904,3.584626877819408,3.8954313549106128,3.9237647193761442,3.976460374047856,3.9794971110904727,3.995276273314063,3.990305275680594,3.9940362044625464,3.98697857069295,3.9844520551010154
405,0.01708099553065876,0.0012195650282678398,0.002293249999638647,0.0009624207334725363,0.0010824245600994634,4.61066498369989,3.5843800537084416,3.895764986213046,3.924084025777622,3.9768771582664955,3.979882021798809,3.995713719257551,3.9907080495809226,3.994473706424267,3.9873876610516037,3.9848787119900653
406,0.01730426335167456,0.001219476085753258,0.002262833993881941,0.0011985023990942875,0.0010608402373431939,4.610773640336724,3.584207079954254,3.896144283697033,3.9244586950949265,3.977347078437243,3.980327558053916,3.9962087166693303,3.991173053744654,3.9949696209701338,3.987857626807058,3.9853632143955893
407,0.01721730425105115,0.001219403176621224,0.002305208006873727,0.0011939271328569874,0.0010394479280457247,4.610910735879186,3.5839729737685824,3.896453120062515,3.924731771578297,3.9777116379166024,3.980649570337781,3.996582657831906,3.9915125653299137,3.9953466248510425,3.988213220925534,3.9857415033970165
408,0.017123168355920895,0.001219332339406408,0.0023239590227603912,0.0007304986445000359,0.0010182486748380314,4.611068650532706,3.5837438396488324,3.896750524411946,3.92498939983454,3.9780527542849646,3.9809424285743336,3.9969208953727553,3.9918100161198886,3.9956769165499844,3.98851671666701,3.9860648444778937
409,0.019104891262199705,0.001219250979351689,0.0022309579653665423,0.0010107786350275088,0.0009972435109418076,4.6112499428319875,3.5835532277690416,3.8970728775987444,3.925277748758746,3.9784236022671444,3.9812718514511896,3.9972964564287103,3.992151395120429,3.996052172895046,3.9888706394289883,3.9864399109417943
410,0.019444392021539705,0.0012191725360690738,0.0024338330258615315,0.002484013142484747,0.0009764334601191078,4.611531489078509,3.583302319540131,3.897330177260811,3.9254805571656184,3.978706287897826,3.9814969417598642,3.9975695502282407,3.9923775845760705,3.9963163970036364,3.9891041918808847,3.9866977676764805
411,0.01808724778948184,0.0012190865454155307,0.0023356250021606684,0.0011155430477679618,0.0009558195366224508,4.6118329781812175,3.5830656835000467,3.8975873768438056,3.9256989421550847,3.979006205649046,3.9817521798693836,3.997873991574557,3.9926450332638654,3.996621923597311,3.9893856417036972,3.9870034670469385
412,0.016562055812811182,0.0012189991266206139,0.002256374980788678,0.0006118665205854314,0.000935402745145387,4.612118397268043,3.5828478825664027,3.897849468887863,3.9259344378980607,3.979322021944874,3.982033425640109,3.9982029127395475,3.9929439185668807,3.996956428891961,3.989699940311733,3.987339784621812
413,0.01699405058460898,0.0012189220288603855,0.00225650001084432,0.0010379955279498222,0.0009151840807735252,4.61236314249198,3.5825679836917286,3.8980683757695274,3.9261340225073997,3.979614541636231,3.9823033544089173,3.998528700210144,3.9932501102816333,3.9973017829216264,3.9900318875797836,3.987695083437503
414,0.016529895344198152,0.001218853995717573,0.0022696249652653933,0.0006144796153885377,0.0008951645289360467,4.612558588484045,3.582339322931073,3.898302343232565,3.926346481917099,3.979905304594783,3.9825657533354004,3.99883011261046,3.9935229858250847,3.997594248375149,3.990298613207171,3.987964134241862
415,0.0170174193443979,0.00121878880022014,0.0023509999737143517,0.0005887283712203031,0.0008753450653576633,4.612713026386119,3.582134101171253,3.8985434757890545,3.9265704555106162,3.9802067220132265,3.9828457150747894,3.99915024476007,3.993821222031711,3.99791342974173,3.9905972802362415,3.9882668041242897
416,0.01795197419144367,0.0012187252113165816,0.002221332979388535,0.0008113887142963612,0.0008557266560110695,4.612883641151799,3.5819281856472642,3.8987760047041777,3.926775420183352,3.9804847765599707,3.983097198608917,3.9994408488315827,3.994089073919309,3.9982024501110605,3.990866584624944,3.988540332722257
417,0.017075497997051985,0.0012186623322189478,0.0022994999890215695,0.00040011722671551644,0.0008363102570698579,4.6130423830855225,3.581744057880828,3.8990066075951373,3.9269857929293255,3.9807631767258425,3.9833542230500845,3.999733885782421,3.9943640283258213,3.998497773335968,3.9911467083223884,3.988826153953052
418,0.01763137042972519,0.001218600212154406,0.00224883301416412,0.0004117294466671149,0.0008170968148619213,4.613182788693121,3.5815705943451763,3.899230483276604,3.927198876836679,3.9810479268708034,3.983626584218445,4.00004457871634,3.9946624119162437,3.9988172762151177,3.9914545336577336,3.989140357625894
419,0.017909156934087126,0.001218539900410366,0.0023805000237189233,0.000844129919490417,0.0007980872658233266,4.613341120642869,3.581399326580532,3.8994495757186107,3.927391969314899,3.981311300673924,3.98386281662623,4.000323018775919,3.994917611105893,3.9990994826781607,3.991719162868866,3.9894153248825277
420,0.01753238484071089,0.0012184898040333467,0.0023381669889204204,0.0010126302768911992,0.0007792825364526756,4.613486110063112,3.5811753809926445,3.8996253202388376,3.9275408658063804,3.9815301275353785,3.98405548559467,4.000559390135734,3.9951336033192737,3.9993454132743222,3.9919514314579607,3.989661757491133
421,0.016647519172832064,0.0012184373954152428,0.0022492920397780836,0.0008050385570817334,0.0007606835432659496,4.613602817294882,3.581004178054353,3.8998275127035043,3.9277233558852496,3.981779627806421,3.9842843157711285,4.000829111746107,3.9953864169544233,3.9996254803517917,3.9922196726425074,3.989942560369251
422,0.017079780033336118,0.0012183871526438548,0.0022503749933093786,0.0005742696773772695,0.0007422911927518332,4.613710431903855,3.5808203159752288,3.9000260755751004,3.9279054610705737,3.982027783491828,3.9845132694029295,4.001096414290467,3.99563745855226,3.9999016105675884,3.992484584853714,3.990219239345609
423,0.01762510344609125,0.0012183366742073147,0.0023287920048460364,0.000552668976817096,0.0007241063813275485,4.613817521796986,3.5806369003707825,3.900222492577203,3.928085366425285,3.9822751269335774,3.984743833121259,4.001367184615194,3.9958953442566396,4.000186251780013,3.9927611974054855,3.990509209432483
424,0.016906124095095856,0.001218285772737531,0.002264791983179748,0.000565423186121522,0.0007061299952951432,4.613906684518263,3.580469644257434,3.900426101992581,3.9282818943362927,3.98253908357038,3.9849968996437024,4.001658719124987,3.9961769165753473,4.000492343509896,3.993060447988494,3.9908202574619214
425,0.017590255487473016,0.0012182537773390166,0.002353499992750585,0.0013669352680912028,0.0006883629107983164,4.613960002609602,3.58025014704251,3.9005781113822047,3.9284159666068423,3.982735862956235,3.985171547831675,4.001868950859364,3.9963679944072825,4.0007071410500235,3.9932618138028078,3.9910334441446227
426,0.01781701647281865,0.001218213853625332,0.0023388330009765923,0.0014721005960148853,0.0006708059937796987,4.6140590877851535,3.5800364128538353,3.9007361548367223,3.9285556239518966,3.982937286383497,3.985351092022048,4.002083583760779,3.996564671697536,4.000927575226812,3.993470563697348,3.9912546357761545
427,0.018430606342778263,0.00121817402128094,0.0023035419872030616,0.0011186586229553698,0.0006534600999386576,4.614116338500136,3.5798582206483376,3.900920714121324,3.9287275057316835,3.9831697200068366,3.98556670561315,4.002333460043746,3.996800405358417,4.001186096644605,3.9937197733374923,3.9915156884456096
428,0.017575226076699656,0.0012181281182801185,0.002485749952029437,0.001095538257891506,0.0006363260746895873,4.614199286434102,3.5797183359652696,3.9011178521771646,3.9289130713730214,3.9834109852305573,3.9857912507419946,4.002588493272691,3.997041496993745,4.001447537403172,3.993972468190013,3.991779251992197
429,0.01715383800800602,0.0012180795694326102,0.002222375012934208,0.0006750287301598607,0.0006194047531207041,4.614286581480449,3.5795887178590364,3.901317201909346,3.929107425280036,3.983661925796457,3.9860302604670097,4.002858168095202,3.9973001094758778,4.001726053081602,3.9942438030609293,3.9920611128406094
430,0.01738864182074137,0.0012180295201372857,0.002241792040877044,0.0006009550389241784,0.0006026969599533516,4.614372912458922,3.5794708134899085,3.901518167521963,3.929308509869459,3.9839200428148507,3.986281445645612,4.00313983624596,3.9975738577198525,4.002018772527967,3.994530842618211,3.9923577829455548
431,0.017168706917904772,0.0012179814484722957,0.0022544169914908707,0.0004955238256090716,0.0005862035095017946,4.614442403779518,3.579362761190062,3.9017161412157693,3.9295091878094173,3.9841786192388606,3.9865370195198353,4.00342653950811,3.997855781810672,4.002319744848054,3.9948281233720424,3.992664690270795
432,0.018187647200760174,0.0012179349264361083,0.0023015839979052544,0.001407897653356696,0.0005699252056335431,4.614545128541532,3.579238402925677,3.9018948387654078,3.9296786414886067,3.9844049532629566,3.9867483818890017,4.003669928054548,3.9980850260382272,4.00257051270535,3.9950693018700725,3.9929176231854853
433,0.01701583562641738,0.0012178915184520738,0.002316792029887438,0.0010335463867786774,0.000553862841730158,4.614609935688385,3.5791328142937964,3.9020846772391726,3.9298634184724612,3.9846443189069416,3.9869765598491127,4.003928135819021,3.998331654069765,4.002836743436985,3.995327333073919,3.9931860872335614
434,0.01716433936856269,0.001217849432526253,0.0023769999970681965,0.00044670056370814783,0.0005380172006485993,4.6146648033530635,3.579042472360083,3.9022744127872384,3.9300464733977813,3.9848799671745296,3.9872033653196124,4.004184979450877,3.9985800456362406,4.003104882535907,3.99558966612442,3.993458973446025
435,0.01810937728050966,0.0012178090395311217,0.0022263749851845205,0.0005030789186003579,0.0005223890546830563,4.614711205294674,3.5789505854464982,3.902461641266614,3.9302271575213372,3.9851134805095465,3.9874289541349124,4.004440643038464,3.998827952996007,4.0033724355759235,3.9958519020491066,3.993731852135581
436,0.016146208363658047,0.0012177741026991986,0.002294209029059857,0.0007071462811482595,0.0005069791655273144,4.614767835536331,3.578851175053505,3.9026204516564516,3.930372583566794,3.985306585939889,3.9876082339444334,4.004647622501335,3.9990229921672635,4.003586410133684,3.99605801216658,3.993948556822514
437,0.017985948311984006,0.0012177523293536035,0.002429499989375472,0.0020033976873612366,0.0004917882842376341,4.614841955862499,3.578691814535178,3.902734025886339,3.9304430936075856,3.9854270656617525,3.987682200371912,4.004755521154166,3.999087588413687,4.003678570354632,3.996116272821284,3.994022269346218
438,0.016599777238088084,0.001217745063886753,0.00224229198647663,0.0014937405746949693,0.00047681715119613513,4.614906833875798,3.5785037041360206,3.902797315036381,3.930453248049407,3.985469900301819,3.987672902259457,4.004766652125232,3.9990550548678283,4.0036649912077165,3.9960721383163316,3.9939909354461203
439,0.017360446502493857,0.0012177299980830657,0.002237417036667466,0.0009647289956106569,0.0004620664960747236,4.614978599192854,3.5783481422590575,3.9028844279083192,3.9304985947762217,3.9855479118785757,3.9877070505228827,4.004819954179989,3.9990706158927756,4.00369740991028,3.996077783113144,3.994007674193527
440,0.017151443675817574,0.0012177103508958218,0.0023432080051861703,0.0008484001318233963,0.0004475370377995175,4.615043695022287,3.5782309502222915,3.902992197817816,3.93057195229901,3.9856525247014667,3.987774483979146,4.004905238371517,3.9991233841429965,4.00376533469155,3.996122430250402,3.994062102177692
441,0.016077171043812812,0.001217689284709791,0.002363624982535839,0.00047774204934524265,0.0004332294845158176,4.6151017265210825,3.5781319629428117,3.903105459941432,3.930656404746969,3.9857674419401796,3.987857490268142,4.005005407953114,3.9991954414678172,4.003851521089595,3.9961884890984445,3.994137163728886
442,0.017447878594900552,0.0012176634502000017,0.002344458014704287,0.0010378363467959245,0.000419144533553583,4.615155973413996,3.5780681653986632,3.903239275085223,3.9307680890138337,3.9859089776589927,3.9879726578748214,4.005136757871119,3.999302753806053,4.003971566352608,3.9962910424320275,3.9942476164307625
443,0.017648165419950484,0.001217633375887984,0.002434833033476025,0.0009474678819904578,0.00040528287139345574,4.615211260179672,3.578025049157674,3.9033863315141444,3.930900313996321,3.986071848405308,3.98811466422487,4.005294587317582,3.999440318378908,4.004120722570388,3.996424974633223,3.994388380624923
444,0.01733791586685555,0.001217606484058431,0.002295415964908898,0.00032760659403087693,0.00039164517363329224,4.615258292245878,3.5779760781385237,3.9035183279615215,3.9310192602332616,3.9862211075423324,3.9882457388219326,4.0054417210503805,3.999569955085422,4.00426219140444,3.996553599235895,3.9945242268195766
445,0.01784723118797776,0.0012175846997673873,0.0022395409760065377,0.0015229158954322335,0.0003782321049552411,4.615322310172685,3.577895692324282,3.903628313470465,3.931107275961561,3.986336585373274,3.9883310872612396,4.005540592460413,3.999636937192215,4.004338695856796,3.9966017908257214,3.9945755706236934
446,0.017862716343713003,0.0012175608818354488,0.0023150829947553575,0.0006791648356502567,0.0003650443190933469,4.615386623952588,3.577820135718848,3.9037404452067106,3.931202331851633,3.98646045124967,3.988430025866447,4.005654220764253,3.9997237623861444,4.0044357271055375,3.996674935634228,3.994652620604119
447,0.018102947409152925,0.0012175360864232188,0.0023928749724291265,0.0008485086616234772,0.0003520824588016869,4.6154379893141915,3.5777689171869484,3.9038617375809186,3.9313103995702536,3.9865968096725757,3.988546075517859,4.005784641202441,3.999831544284784,4.004553016008909,3.9967715731565816,3.9947527077294316
448,0.017548646952388707,0.001217514913291449,0.0022385410265997052,0.0005896294610345397,0.00033934715582304695,4.615480451199921,3.5777051026330975,3.903967106008445,3.9313991228441685,3.9867175264614167,3.988647253483644,4.005903725879972,3.999930720578353,4.0046644224656305,3.996865759524628,3.994852445409269
449,0.017935235924021947,0.001217492436528283,0.0023099579848349094,0.00110869915049578,0.0003268390308581253,4.615536488374044,3.5776372520397617,3.904066565008423,3.93148302275474,3.9868314836109304,3.988743898444387,4.006017670230936,4.000027746407989,4.004773675544973,3.9969607565245413,3.9949535465022725
450,0.017157349669986468,0.0012174666147514493,0.002262707974296063,0.0012750521355844454,0.0003145586935352887,4.615606147191475,3.5775833122800984,3.9041684609569853,3.9315721234881718,3.986949432444526,3.9888477161131495,4.006138308727682,4.000134506366952,4.0048921726421955,3.99706741664486,3.995066059019242
451,0.017852561963552754,0.0012174392607652508,0.0023202919983305037,0.0008351059838716104,0.00030250674238085137,4.615676398747113,3.577541725833894,3.9042730609732947,3.9316675966308985,3.98707317038525,3.9889608718191116,4.006267777643312,4.000252882205094,4.005021535623993,3.9971869016450756,3.995190890148536
452,0.018793836877879364,0.0012174109062503974,0.002270916011184454,0.0008046753265758741,0.0002906837647899102,4.615741271764761,3.577504589907142,3.904384368093747,3.9317729784199953,3.987207045259486,3.9890870826653777,4.006409946902554,4.000386185087958,4.005165165517275,3.9973222652244944,3.9953311878792923
453,0.01697529372917931,0.0012173884896249075,0.0022698750253766775,0.0015056548867560756,0.0002790903369977137,4.615811916098961,3.5774418872134994,3.9044727132614674,3.931848962366427,3.9873089140905584,3.989172004084298,4.006508442639268,4.000464595215184,4.0052519060566745,3.9973889945431305,3.9953998325750564
454,0.018845019577635156,0.0012173659496027243,0.002339749946258962,0.0010641946223997685,0.0002677270240515765,4.615888652542469,3.5773796881543842,3.904554707728973,3.9319194733058347,3.9874030744012137,3.9892508512895684,4.0066001336660495,4.000538993056788,4.005334930215775,3.9974554186307882,3.9954693887852364
455,0.018043175467883036,0.0012173430460106877,0.002220541995484382,0.0007817875952504372,0.0002565943797833396,4.6159645650465615,3.5773212113053474,3.904634836099613,3.931990089608671,3.9874973631429667,3.9893324395892558,4.006695252394832,4.0006199654430805,4.005425160620485,3.9975321131228236,3.9955499443316977
456,0.016572187709727813,0.0012173196958689353,0.0022793750395067036,0.0009038664824895746,0.00024569294678238046,4.616040609687723,3.577276404509458,3.904716294885717,3.932063463550724,3.987591921009233,3.989415462123996,4.006789862109831,4.00070164598551,4.005514569429517,3.9976092009809263,3.9956300809141134
457,0.0176559627962905,0.0012172964014516543,0.0023123329738155007,0.0006618638190547053,0.00023502325636916188,4.616107507021076,3.5772344913444205,3.9047981461708843,3.9321414686357903,3.9876931330539587,3.98950912363689,4.006895863587753,4.000797666851019,4.005618198194891,3.9977026031232494,3.995726380884577
458,0.016979472058637226,0.001217277039648013,0.002281750028487295,0.0015555012739197369,0.00022458582856934304,4.616175626070129,3.577169920902511,3.904859356718682,3.9321957686481706,3.9877696248558503,3.9895769205058285,4.006976560699638,4.000868742517519,4.005698031809444,3.9977734641907845,3.9958014364168095
459,0.017601922985571394,0.0012172600416676075,0.0022999169887043536,0.00104679347582111,0.0002143811720884298,4.616246020144497,3.577105827417327,3.904909523485149,3.9322379603046405,3.987827951925448,3.9896266411995014,4.007034102845208,4.000918100731235,4.005752593440403,3.9978213360185557,3.995852247585471
460,0.016596762317099605,0.0012172467798807305,0.0023023749818094075,0.0011978594915548943,0.00020440978428698246,4.6163137510928385,3.5770318029695254,3.9049454742227496,3.932262381440016,3.9878677388234767,3.9896541525159432,4.007069552258096,4.000942147716639,4.005782381232054,3.997841905863294,3.99587596905757
461,0.017843201581417816,0.0012172346380324357,0.0024630839470773935,0.0008651384480027152,0.00019467215115637467,4.616374874170075,3.5769522275455996,3.9049765948091837,3.932282996526734,3.9879055302111386,3.9896818343535645,4.007106854761878,4.000970431605616,4.005817548339559,3.9978699569190943,3.9959079535750432
462,0.01743074829165386,0.0012172233386527902,0.0022817919962108135,0.0007961128555607561,0.0001851687472951083,4.6164306108493065,3.5768705165071304,3.90500516890897,3.9323014836580366,3.987942124881143,3.989709544750767,4.0071451799864946,4.001001322148423,4.005856015821596,3.9979028202754314,3.995945230117659
463,0.018251250482307455,0.0012172120373797307,0.0022031660191714764,0.0006431563625733585,0.00017590003588567962,4.616483663349472,3.57679841092498,3.9050379939083326,3.9323223960204796,3.9879805421631827,3.989736542608793,4.007183581435752,4.001030632832419,4.0058943381458505,3.9979350921456502,3.9959830589770573
464,0.01631741445040259,0.001217205548428453,0.0023948749876581132,0.001635713220593824,0.00016686646867200534,4.616534310440214,3.576715948831973,3.9050551261022624,3.932323880810367,3.987995015530677,3.9897355929284277,4.0071897945107,4.0010240371334795,4.005892591861321,3.99792382697547,3.995973194925099
465,0.016858150612850006,0.0012171983750749176,0.0023366250097751617,0.0008977351248151895,0.00015806848593740948,4.616584269697338,3.576638241298605,3.905074414678387,3.932329515663374,3.988013389108125,3.9897401604547342,4.007201009775504,4.001023649537971,4.005896416754123,3.9979189398526955,3.9959692716981827
466,0.017460434518330743,0.001217188799443807,0.0022293750080280006,0.0013026909545358638,0.00014950651648315563,4.616636611655352,3.5765729896212863,3.9051003984689037,3.9323451638746842,3.9880418344999766,3.989757751013424,4.007225170052858,4.001038363956744,4.00591511140701,3.997930365246834,3.995981637273065
467,0.017280553661213807,0.0012171831915965966,0.0022333329543471336,0.0010260235396227062,0.00014118097760755784,4.6166799941678915,3.576506003702247,3.9051202372364804,3.932348150104839,3.988057777364306,3.989755104303576,4.007230722122209,4.001026664379156,4.005909787643473,3.9979110431800082,3.9959646976579366
468,0.016595358788487998,0.001217177101584641,0.0022744169691577554,0.0006470715930860527,0.00013309227508563512,4.616715660681178,3.5764513360558765,3.9051449213092977,3.932359363801392,3.9880810342734536,3.989762975825135,4.00724594850189,4.001027367775692,4.005916031531688,3.997905398772975,3.995961083983678
469,0.016985678680585117,0.0012171718539195889,0.002270541968755424,0.000678511147541973,0.00012524080314933647,4.616743019091462,3.576398489512969,3.905167985989988,3.9323706809804175,3.988104845719598,3.9897742171451105,4.007264766577596,4.001034360765652,4.00592838073251,3.99790793637023,3.9959655958264584
470,0.016577807789381855,0.0012171670499392722,0.0022959159687161446,0.0003128685930947291,0.00011762694446832748,4.616767572044306,3.576352150842022,3.9051907236430976,3.932382490130735,3.9881268846003257,3.9897846319865073,4.007281114281992,4.0010400088618425,4.0059382936156025,3.99790921214288,3.9959684892157235
471,0.01640077690502334,0.0012171631832902652,0.0022523330408148468,0.0005066582208505785,0.00011025107013133847,4.616785366094691,3.5763117178441677,3.905212936203062,3.9323944178395607,3.9881478851212337,3.9897948803376897,4.00729661859325,4.001045787105688,4.005947930027914,3.9979111687000075,3.9959720031765857
472,0.015731606285482484,0.0012171609377265977,0.00230620801448822,0.0015833817123871343,0.00010311353962807993,4.6167908065829355,3.5762757095581152,3.9052345601647596,3.932407202066751,3.9881688481732787,3.9898066278249367,4.007313104674572,4.001054028376326,4.005959678476267,3.9979164821784714,3.9959788198133
473,0.016587614396537245,0.0012171590978563654,0.0022624590201303363,0.0004570288943391944,9.621470083171694e-05,4.6167936009298645,3.5762424617377877,3.9052543109665,3.932419133949521,3.9881882883103517,3.989818191243736,4.007329121374479,4.001063169379425,4.005972181560337,3.997923732350927,3.995987646486589
474,0.01746065892444607,0.0012171558459781653,0.0023117499658837914,0.0010318500660806676,8.955488998192129e-05,4.6167985396529385,3.5762190324355796,3.905277956848513,3.9324366636916954,3.988212657797761,3.9898361737231136,4.007351043981726,4.00107938225359,4.005991267664085,3.997938385424753,3.996003594780078
475,0.01857486465030526,0.001217151278256962,0.002279750013258308,0.0013302032261424846,8.31344316684771e-05,4.616808392632579,3.5761967909638592,3.905301677362901,3.9324563969099096,3.98823968148023,3.9898586541858583,4.007377641987052,4.00110167952552,4.006016409228525,3.997960076848302,3.996026592543387
476,0.017495379457050746,0.0012171464148834734,0.002249707991722971,0.0006664436855712333,7.695363881546601e-05,4.616817263823943,3.576179755760986,3.9053259679947043,3.93247785355522,3.9882681539064526,3.989883788944465,4.007406734431519,4.001127451341312,4.00604480293459,3.99798570075311,3.99605339087632
477,0.01766842216013995,0.0012171418343519817,0.002216583990957588,0.001155617463134526,7.101281266601034e-05,4.616821323393868,3.5761686103841455,3.90535138423823,3.93250148791953,3.988298280699336,3.9899114513575276,4.007437975521419,4.001156056322243,4.006075697146333,3.998014313181007,3.996082992593828
478,0.018043027269678328,0.0012171372467464398,0.002287624985910952,0.000960130649227204,6.531224276759696e-05,4.616823194370333,3.5761610498672556,3.905377963598979,3.9325271873437853,3.9883298906454594,3.9899412055215797,4.007470845520826,4.001186762260435,4.006108320119844,3.998045003800979,3.996114466594833
479,0.017936129765882217,0.0012171325676270076,0.0023135420051403344,0.0007465916798694685,5.985220695795936e-05,4.61682628280173,3.5761557477237633,3.9054036381873685,3.9325521057036887,3.9883601587285886,3.9899700114386714,4.0075024717039485,4.001216684278865,4.006139987899125,3.9980751539500425,3.996145368053587
480,0.017222112991436528,0.0012171284757194715,0.002275792008731514,0.0011408432721229953,5.463297135153983e-05,4.616825816514612,3.5761518685303617,3.9054282764468584,3.9325766765364825,3.988389730251059,3.9899986108854573,4.00753359578124,4.001246469005006,4.006171264912728,3.998105174541975,3.9961759984530967
481,0.01795236667405904,0.0012171241960712985,0.0022705839946866035,0.001753851347863507,4.9654790326519536e-05,4.616830543468456,3.57614668556977,3.90544918330335,3.932597481578838,3.9884152186086457,3.9900233148073125,4.007560737629891,4.001272558071456,4.006198854997111,3.998131817920121,3.996203347254644
482,0.017994629987796672,0.0012171196712785026,0.0023090829490683973,0.0012886318137861964,4.491790651241681e-05,4.616837104445892,3.5761443953328538,3.9054693935387124,3.9326178985664475,3.9884397993786145,3.9900474483045794,4.00758703907564,4.001298108657902,4.006225726595628,3.998157967064782,3.9962301133908458
483,0.018183537869674325,0.0012171154992956126,0.002409417007584125,0.0013658945203308824,4.042255077826842e-05,4.61684560909631,3.5761409700201225,3.905486909091068,3.9326351325799473,3.988460514552125,3.9900672574835703,4.007608579269799,4.001318527745406,4.006247209560203,3.998178477734341,3.996251118342306
484,0.018752717325215197,0.0012171119728085125,0.0022603750112466514,0.002172605415404949,3.616894222136855e-05,4.616856463474271,3.576134249643495,3.905499560943602,3.9326462511890106,3.9884749053493955,3.9900801208456413,4.007623320495086,4.001332116668475,4.006262184595531,3.9981927976356717,3.9962663188624807
485,0.01816994294749447,0.001217109538286891,0.0022231669863685966,0.0013900387887815647,3.215728815659845e-05,4.616865869448547,3.576125140961226,3.9055074813149657,3.9326519290596207,3.9884837488399993,3.99008717074677,4.007632394043431,4.001339983945876,4.006271620059426,3.998201614272931,3.9962761562039124
486,0.01719430463377397,0.0012171073802808997,0.002306291018612683,0.0008699967423150147,2.8387784106317687e-05,4.616872416188127,3.5761183104795973,3.9055155826702252,3.932658540347377,3.9884931558760943,3.990095287980945,4.00764223340402,4.001348912108275,4.006281833025339,3.998211338072714,3.9962866906746326
487,0.017710048485223787,0.0012171052576247148,0.002310708980076015,0.0009728436097886972,2.4860613790834994e-05,4.616877727234864,3.5761141776543246,3.9055242038307205,3.9326659927119745,3.9885030391081635,3.990104142012083,4.007652582497065,4.001358541393006,4.006292565942724,3.9982216936668475,3.9962977353778726
488,0.017483829633672978,0.0012171038536149276,0.002191707957535982,0.0010134575247130763,2.157594911945631e-05,4.616881577190871,3.5761089044981906,3.9055303171519524,3.9326706064520365,3.9885098730450492,3.9901096869990553,4.007659570732697,4.001364617347079,4.006299776158047,3.9982284206501775,3.996305200744788
489,0.01748520161767413,0.0012171028126796758,0.002301833010278642,0.0006417222916113862,1.85339501821029e-05,4.616883915202088,3.5761043273886095,3.9055353825805508,3.9326743779054008,3.9885155126547454,3.990114299564425,4.007665448803933,4.0013698293461175,4.006306007680625,3.998234350468031,3.9963118146372354
490,0.017032400749651788,0.0012171018017261114,0.002317334001418203,0.0006647508071116833,1.5734765241512226e-05,4.616885848701314,3.576101080424808,3.905540240400449,3.932678327582494,3.988521052680048,3.990119115352245,4.0076713159575155,4.001375225336458,4.006312228501055,3.99824036140711,3.9963183704684244
491,0.017742669978966355,0.001217100850786057,0.0022920839837752283,0.0006498309346463432,1.317853072600837e-05,4.616887487665669,3.5760986774923595,3.905544655537549,3.9326821584078977,3.988526259658554,3.990123865355694,4.007676957852224,4.001380567480849,4.006318247765489,3.9982462524376414,3.996324699406297
492,0.017688088501259566,0.001217100017400852,0.0023750419495627284,0.0010837595288519274,1.0865371222856342e-05,4.616888353881342,3.5760973814768047,3.9055488586310974,3.932686021718929,3.9885312537785573,3.9901285710988454,4.007682373116851,4.0013857809874525,4.006323983378266,3.9982518981427475,3.996330675413598
493,0.01709500163115032,0.0012170992460021552,0.0023432090529240668,0.0009435532579973405,8.79539947218588e-06,4.616889215673161,3.576096791247714,3.9055526013818693,3.9326895728407814,3.988535692616586,3.990132832709311,4.007687182436187,4.001390458843613,4.0063290563117295,3.9982569108458477,3.9963359334447
494,0.01625298323275724,0.0012170987707447794,0.0023857909836806357,0.000985701272717869,6.9687163615008415e-06,4.616889945402326,3.5760957742748958,3.905555034135249,3.932691727586328,3.9885384519349496,3.990135297684823,4.007690003828826,4.001393039993002,4.00633190257614,3.9982596047459094,3.996338790450205
495,0.017349997282687636,0.0012170983276061384,0.0022164579713717103,0.0011258015737096888,5.385410920757513e-06,4.616890732762397,3.5760952308823404,3.9055571152591084,3.9326936402106387,3.988540830062031,3.990137472188681,4.007692441302874,4.001395298465409,4.006334348049203,3.9982619268319537,3.99634122093087
496,0.01668219986193822,0.0012170979909385334,0.0024067089543677866,0.000560336698494956,4.045560318030737e-06,4.616891388166663,3.576094866840613,3.905558651837098,3.932695047844905,3.9885425687000535,3.990139058255524,4.007694213038394,4.001396937889224,4.006336119671782,3.998263608716691,3.9963429799448478
497,0.01769651457483098,0.0012170977636533171,0.0022895419970154762,0.0015512591667535297,2.9492298557484155e-06,4.616891581876789,3.57609475704501,3.9055598929374615,3.9326962092241247,3.9885439723344294,3.990140365339589,4.007695655179847,4.001398293657057,4.006337569510351,3.998264999227979,3.9963444244808013
498,0.016138929458340095,0.0012170975999347812,0.002347624977119267,0.000590785953897281,2.096472967509925e-06,4.6168916804786075,3.576094697597346,3.905560804085705,3.932697082430142,3.9885450178098436,3.9901413553522698,4.007696737931024,4.001399323200963,4.006338661453264,3.9982660533166685,3.9963455133485186
499,0.017822194013486288,0.0012170974759511005,0.002316792029887438,0.0008588845672659715,1.4873312154834578e-06,4.616891804180941,3.5760945964973594,3.9055614360908635,3.9326976993539997,3.988545764578196,3.9901420713808324,4.007697522266427,4.001400075215537,4.006339456542441,3.998266823062302,3.9963463042560385
500,0.01830490103460472,0.0012170973744556784,0.0022647909936495125,0.0012614325810890738,1.121834288378963e-06,4.616891963763385,3.576094460379809,3.9055618987829406,3.932698148363517,3.988546320368154,3.9901426042983172,4.007698112561302,4.001400644495332,4.006340063285125,3.998267415632915,3.9963469171782275
