iteration,training_loss,validation_loss,iter_time,raw_grad_norm,lr,tau_0,sigma_0,theta_0,tau_1,sigma_1,theta_1,tau_2,sigma_2,theta_2,tau_3,sigma_3,theta_3,tau_4,sigma_4,theta_4,tau_5,sigma_5,theta_5
0,64.34851518002158,13.779547356903521,3.9864861650858074,,,0.10126272219280587,0.10126272219280587,1.0,0.10126272219280587,0.10126272219280587,1.0,0.10126272219280587,0.10126272219280587,1.0,0.10126272219280587,0.10126272219280587,1.0,0.10126272219280587,0.10126272219280587,1.0,0.10126272219280587,0.10126272219280587,1.0
1,56.896967508528896,13.778932497167672,4.829492951044813,139.82028637442932,9.999999999992654e-07,0.10126208560471468,0.10126335878290946,0.9999979995204749,0.10126208560472504,0.10126335878290468,0.9999979995204893,0.10126208560475368,0.10126335878289225,0.9999979995205353,0.10126208560490729,0.10126335878282752,0.9999979995206338,0.10126335878228572,0.10126208560487038,0.9999979995208552,0.10126335878089084,0.10126208560512973,0.9999979995232757
2,58.88625783240176,13.657201470200448,4.997322201030329,135.63617784509475,0.0002009799999999999,0.10113472048044111,0.10139137677219721,0.9995958665223106,0.10113513353602557,0.1013913690349599,0.9995958884905614,0.10113650360549596,0.10139136075918086,0.9995959101686749,0.10115273131346289,0.10139134832183046,0.999595930616987,0.10138577174941865,0.10113416174184552,0.9995959469440973,0.10139122641471289,0.10113415279885177,0.9995959375327732
3,59.74605204504278,13.424700496937442,0.5046386320609599,131.02222718877857,0.0004009599999999988,0.10088249665464755,0.10164718762197096,0.9987933289361927,0.10088518688700764,0.10164714602945625,0.9987934599922661,0.10089491161962907,0.10164710736287765,0.9987935871802596,0.10103645491019242,0.10164707744172516,0.9987937030887589,0.10162962082212447,0.10087908870881529,0.9987938080590959,0.10164650423452601,0.10087899042183324,0.9987937007113171
4,58.416684226384895,13.067819543689081,0.5051807111594826,139.79390631309468,0.0006009399999999995,0.10050330614114575,0.10203091622421724,0.9975921989007766,0.10050810298679409,0.10203088668825425,0.9975923673011262,0.10052597035574702,0.10203089609939804,0.9975925328711284,0.10080146397934218,0.10203106403324183,0.9975926201276569,0.10199275006125841,0.10049777696911141,0.9975928598975267,0.10202983170003023,0.1004974534088809,0.9975924696635413
5,59.07092893371933,12.598611229484252,0.5067345530260354,132.78323905016222,0.0008009199999999984,0.10000062822177265,0.10254371070824286,0.9959920940797307,0.10000918162330305,0.10254371500666735,0.9959923713649461,0.10004112146726808,0.10254386392671673,0.9959926377258703,0.10056541989492869,0.10254457335925818,0.9959926015413275,0.10248878797847971,0.09999067422031228,0.9959932540571541,0.10254126676166378,0.09998955445020102,0.9959919171723839
6,59.433324017696066,12.01516382676121,0.5096245009917766,135.53644169468458,0.001000899999999999,0.09937513656553323,0.10318646992979633,0.9939948041018728,0.09938876899298782,0.10318661441063287,0.9939951978908642,0.0994395933431791,0.10318716820649881,0.9939955635707687,0.10033020267630403,0.10318923173882663,0.9939950259320612,0.10312035450823155,0.09935931196720045,0.993996640495244,0.10318226438337379,0.09935652797093221,0.9939933262929391
7,57.60026535665718,11.290546320889513,0.5045974620152265,148.04662534738515,0.0012008799999999997,0.09862202588447071,0.10395904670343542,0.9916068395779609,0.09863873629264662,0.10395974981834696,0.9916067272642837,0.09870442152091967,0.10396142098046951,0.9916065863561222,0.09989370752918479,0.10396648529726096,0.9916041642449043,0.10385038616126085,0.09860641584521444,0.9916074385806681,0.1039542266388614,0.09860080640295173,0.9916007803581605
8,58.251108009794464,10.472532942711531,0.5121540920808911,128.3902808750944,0.0014008600000000003,0.09775640960145238,0.10486502914374476,0.9888236629758388,0.09778275051684823,0.10486651368051018,0.9888231999840368,0.09788641495051342,0.10486992684750253,0.9888226614118765,0.09965896663681584,0.10487974164527364,0.9888172716905176,0.104724188562018,0.0977316370219515,0.9888239750359936,0.10485450254007565,0.09772049183097345,0.9888108608678321
9,56.65701232154461,9.509045628516953,0.5160231080371886,146.0489030791726,0.0016008399999999992,0.09676606271708257,0.10590386467683532,0.9856562891538392,0.09679928675794428,0.10590695286416352,0.985654553008563,0.09693404922243253,0.10591362287775408,0.9856526970712509,0.09924296867477374,0.10593161088348706,0.9856413277709982,0.10571689159445274,0.09674051530239249,0.9856538225877798,0.10588955002218363,0.09672148360075936,0.9856315761255077
10,56.079041493670076,8.385016433692101,0.5221588658168912,159.66661598605725,0.0018008199999999981,0.09564823783394563,0.10707575390856337,0.9821143604522906,0.09568378746153228,0.10708178514246741,0.9821096188527344,0.09584071020197038,0.10709403662792408,0.9821047461283421,0.09857855340389277,0.10712514258414554,0.9820826292274683,0.10678399927211563,0.09563756138730078,0.9821041785419172,0.1070607377084266,0.09560738733710498,0.9820693844620745
11,54.487076338924865,7.095862911758586,0.5277883198577911,168.01330157661937,0.0020007999999999988,0.09440278304819055,0.10838141261333951,0.9782072317715285,0.09443549424298756,0.10839226462312428,0.9781970650993816,0.09460617921422015,0.10841330660591543,0.9781868083330038,0.09768682518769008,0.10846436181240748,0.9781476256673288,0.10788625651423278,0.09442771812310966,0.9781825057141935,0.10836907089592854,0.09438094688019555,0.9781295294460355
12,56.71209897745038,5.67826984144286,0.5217792349867523,146.41423577696747,0.0022007799999999994,0.09304991825300551,0.10982794711116979,0.9739254424663474,0.09308223404973505,0.10984525472912682,0.9739088747717375,0.09327389721451478,0.1098783507991984,0.9738921881353514,0.0967665240458366,0.10995689061956909,0.9738301982077373,0.10917595490915699,0.0931112165373955,0.9738851350787792,0.10981270442799332,0.09303818404692028,0.9738036251663073
13,54.887518308866724,4.214121183402482,0.5271068289875984,147.10899494771192,0.002400759999999999,0.09159022516222981,0.11141737355258732,0.9692771293770667,0.09162303849593513,0.1114432367894291,0.9692527837893055,0.0918389350226245,0.11149243405108525,0.9692283306035169,0.09578736804416019,0.11160757842032466,0.9691367653372667,0.11064925208347143,0.0916914172241516,0.9692171129502467,0.11138804289491444,0.09157923072767062,0.969093211814278
14,54.94122734363821,3.51228200598503,0.5237187161110342,124.46747094608969,0.00260074,0.09005918863934102,0.11315730008016237,0.9642542458974734,0.09011928313967761,0.11319168889754956,0.9642278908477299,0.0904449892612509,0.11325816342217643,0.9642042976141437,0.09536260025692289,0.1134143958534489,0.9640915238342431,0.11232665102646057,0.09016003286097625,0.9641427326071268,0.11311025746517742,0.08999467909127808,0.963961440825719
15,54.03717786388585,3.412130324090743,0.5238376189954579,90.84213090349984,0.0028007199999999996,0.08877190256755325,0.11503229769199487,0.9589196852635192,0.08914917191583363,0.11505532736516315,0.958956004285388,0.09014758031565172,0.11510487771326951,0.9590414501889712,0.09603975860296153,0.11522105803116107,0.9591230771746814,0.11420656236938743,0.08848979558113705,0.9585714107510342,0.11502196135924393,0.08826607386200191,0.9583275512036782
16,53.63227264048672,3.3508328357217985,0.5323455238249153,91.59479803609784,0.0030007000000000002,0.08770701859322085,0.11704803160126707,0.9532741673274789,0.08861393840176185,0.11703807261423746,0.9534412127440336,0.09043887347735971,0.11703065303894684,0.9537563443605116,0.09714868490360659,0.11700670180724826,0.9542914377286008,0.11629585500426592,0.08667989451189699,0.9525033659039001,0.11713483820861058,0.08640240140949845,0.9522043980359829
17,51.71524250331784,3.295595107212012,0.5220713631715626,89.81981684742216,0.00320068,0.08685430733756293,0.11920888876774212,0.947321167047941,0.08845830396913584,0.11914357102917905,0.9476849233133653,0.09116734242404596,0.11903547117910701,0.9483537402042646,0.09859990391437626,0.11876159393266689,0.949623807439684,0.11859731535933604,0.08473034290209136,0.9459535797378587,0.11944600741383954,0.0844199949099536,0.9456316736082877
18,52.721682642727934,3.2352296254656583,0.520714714191854,92.19529209773955,0.0034006600000000007,0.08624499991269813,0.1215117561049606,0.9410837612220692,0.08867967509722331,0.12136597435250465,0.9417102266312557,0.09227825567505889,0.12110631693549515,0.9428637763979666,0.10035803936325102,0.12048134418329305,0.9451293290485375,0.12112560390008273,0.08264320227610351,0.938947289849976,0.12195443828604992,0.08234786996962318,0.9386782518433697
19,52.89528221550793,3.1795417271697057,0.5257285030093044,96.77836050205237,0.0036006399999999996,0.08603477217063617,0.12390481690870521,0.9347109271122009,0.08936070050045611,0.12363261853154482,0.9357106673479093,0.09377013380304965,0.12313177317553273,0.9375664538832987,0.10240323296420667,0.1221607209838819,0.9408133174314188,0.12389126052010503,0.08042528507335062,0.9315368824745882,0.12463738668558175,0.08023015756388018,0.9314613340138772
20,50.037528730599526,3.130222559238373,0.5204453188925982,91.36804825944382,0.0038006199999999993,0.08617112685723073,0.12640064282976937,0.9281770365048805,0.09043161815708883,0.12594894247724978,0.929671228683483,0.09559912027485963,0.1251012574304842,0.932485882908516,0.10472196258275088,0.12379887116361721,0.936678203718122,0.12689167560357056,0.07806838761508113,0.9236930224532943,0.12751149864141859,0.07810546984656092,0.9240451858951776
21,48.53651894360527,3.081002319900253,0.5267338328994811,90.41141017432618,0.0040006,0.08662609018716176,0.1290049602955766,0.9214724085463846,0.09185369835958607,0.128316905341804,0.9235824194102006,0.09774113328701585,0.12700996691026914,0.9276298581845639,0.10730775527548522,0.12539452642682752,0.9327247191968513,0.13013305023516586,0.07557516615462119,0.9154256632477843,0.1305855349204361,0.07604481883851506,0.9165662887856084
22,50.05750309435101,3.0291103131876387,0.5272310099098831,98.91750597807282,0.004200579999999999,0.08740431188894612,0.13170389893815337,0.9146338437181575,0.09361163677785753,0.13072410787692645,0.9174672660426624,0.10018387258158624,0.12885413225205722,0.922998956133058,0.11016027247477155,0.12694335984689614,0.9289522527055724,0.13364466757115895,0.07295824476047244,0.9068253602783493,0.133822737321807,0.07412661299880553,0.9092360571129784
23,47.83182332483486,2.7443569836358552,0.5336112729273736,94.25343525617374,0.0044005599999999995,0.0884613493966647,0.13452199952374752,0.9075997616773485,0.09567743912459796,0.13318686958964882,0.9112737104074903,0.10291704434926209,0.13063354547358433,0.9185907692491093,0.1132761114218946,0.12844736134167958,0.9253558109408306,0.137418496758261,0.07021568448654482,0.8978390550948008,0.13725811402848706,0.0724726198494311,0.902257984836875
24,47.67410759639443,2.2949923202081344,0.531318873167038,83.73907362060703,0.004600539999999999,0.08978818021097706,0.1374817781792983,0.9003118217509751,0.09804140239707135,0.13571909361310575,0.9049508847012558,0.10593259845860799,0.13234768143018466,0.9144013369175819,0.11663214800384203,0.12990635735282172,0.9219030900752271,0.1411280772217393,0.06735598882353067,0.8884663497132443,0.14089983562678632,0.07113895247633278,0.895749463384177
25,46.73213252489261,1.9060265449705462,0.532277172897011,82.3225464847698,0.00480052,0.09140346204954726,0.1405742192166765,0.8927891197738954,0.10070879335021836,0.13831098959530455,0.8985068194857764,0.10923214676171907,0.13399423037686733,0.9104259521128558,0.1202250335980561,0.13131341894895107,0.918523772671678,0.1447568512331343,0.06441118164842961,0.8788482969702992,0.14469830358372146,0.07006490308029757,0.8896778495360224
26,46.776572102101824,1.940855088743794,0.5349244419485331,80.63441958684838,0.0050005,0.09328033873255014,0.14382588626559545,0.8849593732840088,0.10366896216160315,0.1409791184912765,0.8918754660239596,0.11281527250775693,0.13557406556564705,0.9066568558721708,0.12403433947256959,0.13265650230766995,0.9149323098482101,0.14830653569915248,0.061405390141885355,0.8690307006449881,0.14865976639003384,0.06924693870201311,0.8840338190692518
27,45.990761336054234,2.3159234191044917,0.5412081410177052,60.709409584445424,0.0052004799999999995,0.09537140523281921,0.147310258867199,0.8766370417976858,0.10689311807780842,0.1437761116324413,0.8848898066313957,0.11664950755811858,0.13709736134899045,0.9030732970456702,0.1275241181380806,0.1337802220746129,0.9090350375221241,0.1517849376800424,0.05833725162424109,0.8589607304493564,0.15280683036976467,0.0686960137467047,0.8788138218143072
28,43.36242198923259,2.7012340275733906,0.5298495038878173,56.268883730955274,0.00540046,0.09754819090899224,0.15106702425962618,0.8677291372157155,0.11029665601954922,0.14673636935522716,0.8774322235115687,0.12066811084656937,0.13858297091509056,0.8996057635882383,0.1302320190218129,0.1343456876982072,0.9011244825715766,0.15520024281546227,0.0552345045454959,0.8486917307286734,0.15719449915632483,0.06844852968309857,0.8740282565819187
29,42.21024849241699,3.0490259509183604,0.5367344380356371,58.4841978026697,0.00560044,0.09965653979465401,0.15511752642399096,0.8581923513671991,0.11376869118835752,0.1498880732841831,0.8693956932445731,0.12478765755308294,0.14006148676491073,0.8960684712223533,0.1320168944522963,0.13408605720207778,0.8916247755903551,0.15855669406496076,0.052150155393041506,0.8383574370239713,0.16187101608788826,0.06854084426252395,0.8696865002390665
30,44.61691199469666,3.3919757693113493,0.5316270021721721,58.943812904927526,0.00580042,0.10183292894408816,0.15945501586602298,0.8480517834625926,0.11741486433101594,0.15323072568532953,0.8607471019419066,0.12908743534389142,0.14154666516545322,0.892283203469059,0.13314529042133239,0.1329361534455477,0.8808535884995446,0.16184288211979952,0.04914328269804181,0.828125200003228,0.1668242735937939,0.06894442423072823,0.8657690138086506
31,43.95558198342301,3.727297670879618,0.5364798328373581,70.55482145440736,0.0060003999999999995,0.10370659101310067,0.1641210403276737,0.8372181288575437,0.12092009667775681,0.15685593614008925,0.8511801100663943,0.1333322323560715,0.1431413047415414,0.8873422467384691,0.13373944006758715,0.13101379396979398,0.8691181572276695,0.16504612038097127,0.046277507443758394,0.8181669857466826,0.17201247199145997,0.06961613006200762,0.8622423344325918
32,40.199751093883805,3.818365906068774,0.5308332180138677,110.5102648524179,0.00620038,0.10487854132189225,0.1690641364736988,0.8258381094214415,0.12383494936592016,0.16075067162245116,0.8407381187079552,0.13715641049069938,0.14485818119471452,0.8809445283278368,0.13390797918289576,0.1285719614045675,0.8568758078329872,0.16814472786864468,0.043607797780113394,0.8086477997905657,0.17732826860217862,0.0704717931197023,0.8590478802306416
33,42.27786289960181,3.7159817329681726,0.5359295739326626,100.072773012375,0.00640036,0.10545713542749353,0.1743148383756544,0.8138694703004545,0.1262621155311054,0.1649260289300792,0.8294175077175022,0.14065256222594955,0.14666524810323636,0.8731703649942119,0.13370096579935625,0.12557639548880717,0.8441110819861388,0.17114503137291717,0.04113949069459068,0.7995837380572425,0.18282281526105915,0.07154052099271754,0.8561919892497424
34,43.635001391520895,3.6270140939971265,0.5556794409640133,66.98956366955856,0.00660034,0.10592394383707493,0.1799140683076721,0.8012675577594688,0.1287628923495771,0.16934562812558132,0.8173656622992229,0.14430237356860046,0.14847738887607384,0.8647013265039949,0.13310171550689076,0.12189146708860235,0.8305633078745024,0.17407455919635975,0.03887341144759597,0.790947822764344,0.18865983360981992,0.07293145649928613,0.8537319347209852
35,41.17542823748191,3.5200766166935624,0.539982374990359,61.37942518800467,0.00680032,0.10645591655659704,0.18583521972088302,0.7881431219901699,0.1315343704778882,0.17393788322050577,0.804818015802808,0.1482679197011956,0.15024045731396424,0.8561673254950379,0.13208279794078473,0.11759347964635851,0.816263573549038,0.17694645074947882,0.03682429920307493,0.7827653592104744,0.19491091711585098,0.07469089372769946,0.8516908404101868
36,39.50896230674833,3.3702061551075624,0.5362483509816229,60.225661722607896,0.007000299999999999,0.10701478944130167,0.19208541903416768,0.7745243327415845,0.13456884819536818,0.17868156363517476,0.7918366526773855,0.15253704604600762,0.15194537481694625,0.8476344551934629,0.130623561931523,0.1127787886221181,0.8012812581547676,0.17977381233992215,0.03501208149272851,0.775072784897696,0.20164024514961315,0.076859026505156,0.8500934290705136
37,37.88606126936033,3.218069547686502,0.5312934089452028,54.121494130210785,0.00720028,0.10815487740148517,0.1984759587513892,0.7608647097642867,0.13829652238816983,0.18328974723280964,0.7794282480075438,0.1571897126795993,0.15358255319318906,0.8390446815612101,0.12878385146532145,0.10753006200908957,0.7856774724151748,0.18256810852944455,0.03345028173925123,0.7679034878949308,0.20890698955031217,0.07946258727402293,0.8489555457687437
38,37.457679629997344,3.1276517201325222,0.5360885460395366,53.65508440095258,0.0074002600000000005,0.1099528009962087,0.2049848417382104,0.7472179834150768,0.14278238567583107,0.1876968579869101,0.7678626903928336,0.16194346310021412,0.15511730168833407,0.828014067325595,0.12713584788051746,0.10194335947803891,0.7695625055943431,0.18532882440543555,0.03214894812741883,0.7612817544938582,0.21669853215100723,0.08250173625854938,0.8482759400095505
39,37.97523486103899,3.1655535382276647,0.5372626110911369,45.634184103554624,0.007600239999999999,0.11213157148454048,0.21167590660079857,0.7334605902117377,0.14774923016667676,0.19192192729479016,0.7571116932071117,0.1652914174600063,0.15636330736728374,0.8147964486166772,0.12567071571273114,0.09610790321496476,0.7529983997393167,0.18806374531006081,0.031094448166141687,0.7551774616311189,0.22502988271550672,0.08597762097696296,0.8480575914380605
40,36.38578474239858,3.1223311794179303,0.5289494758471847,45.98790806754521,0.00780022,0.11457744243570463,0.21851799509329153,0.7196585219847627,0.15304840604996553,0.1959712889363227,0.7471248946149115,0.16697543795817968,0.15713076328120876,0.7996856280415345,0.124364510755622,0.09018336342788014,0.7363047651444026,0.19076121709310687,0.030245137460328784,0.7495504153572344,0.23387912739590233,0.08985731286108448,0.8482790660488628
41,35.31057417418467,2.973485615172922,0.5427246289327741,50.438903647021185,0.0080002,0.11704629400154358,0.2255120609286438,0.7058033713734395,0.1584665544511089,0.19985604321082884,0.7378467717008161,0.1669989116733993,0.15729881635623374,0.7829939470309828,0.12320333652674852,0.08429389773998101,0.7197011268278998,0.19341874959958533,0.02957929718791249,0.7443673587940427,0.243242304736104,0.09413988565715753,0.8489302346721957
42,35.94400837910454,2.7496401692005463,0.5371944210492074,47.8626438165806,0.00820018,0.11967586574427919,0.2326709739092515,0.691849021654298,0.16412852415864954,0.20357961443676,0.729229048933477,0.1656507819804425,0.15679311102970703,0.7649987273562433,0.12217282881277443,0.07852315022638731,0.7033465059362571,0.19603944886214356,0.029078864245939723,0.7395992912577917,0.25315414938279895,0.09883234325474011,0.8500271173315319
43,34.7137342080785,2.4581266537054973,0.5554895799141377,49.957189451344455,0.00840016,0.1222851350162621,0.24000810995171648,0.6777567403977943,0.1698870967118573,0.20714926411144916,0.7212246779999248,0.16305036299991435,0.15560821542835335,0.7459387959030568,0.12126231950987641,0.07293954962157832,0.6873634098010355,0.19862556534865008,0.028732454560241073,0.7352198519693341,0.2636101342217649,0.10392487898395489,0.8515604037490888
44,35.41587604762366,2.155631733765263,0.5572295419406146,44.160802141161135,0.00860014,0.1252015089296635,0.24755835830946155,0.6634295441982965,0.17607077587079648,0.21056314275814156,0.7137940677611389,0.15952950994846707,0.15376356599069313,0.7260286355036171,0.12045806949289152,0.06758126176934773,0.6718407990597911,0.20117240300112352,0.028520155756050505,0.7312007895284466,0.2745846111521255,0.10938441213928829,0.8535067441671635
45,34.08483128375987,1.859958552615642,0.5547764690127224,42.663088433549575,0.00880012,0.12837681919104002,0.2553544223763407,0.6487923541147348,0.1826741037584995,0.2138263222620646,0.7068944083970555,0.15520841300345115,0.1513039275540905,0.7054441057443962,0.11975029939991122,0.062478139783441786,0.6568384316429782,0.2036796261152342,0.028431858520188244,0.7275177004582344,0.2860583601063659,0.1151933997112651,0.8558473596072789
46,31.13960499984001,1.5592377058226703,0.5590911258477718,45.0900853079876,0.0090001,0.13132789239374268,0.26343122191943735,0.6337754277532147,0.18930910549649407,0.21694789428508834,0.700454387088118,0.15008590710069641,0.14829599378383668,0.6843443599067079,0.11913119474876302,0.05765670084157606,0.6424065604911224,0.20614616319184703,0.028460712398743135,0.7241486350392061,0.29797095013762315,0.1213113247569683,0.8585379353369489
47,30.985143038408967,1.2842646914798153,0.552137185819447,42.0614141060752,0.009200080000000001,0.13414218775881978,0.27185335030751234,0.6182584001019452,0.19613557546008184,0.21993375707593948,0.6943955646581097,0.14434668330060862,0.14481933751545098,0.6628755015703561,0.11859323460009792,0.0531282567757919,0.6285745345474898,0.2085731555376172,0.028601553423183542,0.7210742451684254,0.3102767595236597,0.12769502634639723,0.861544943383028
48,33.632949094425946,1.087400480920227,0.5542629270348698,39.849193738866816,0.00940006,0.13744838716621138,0.28065005552065114,0.6021979535863693,0.20376989779052068,0.2227817465471785,0.6885733800385087,0.13840386702139915,0.14101777803059543,0.6413231448423126,0.11812527167367537,0.04891038708824077,0.6154117017794266,0.2109546825663649,0.02882929190592961,0.7182678922989516,0.3228619986550808,0.1342110447757096,0.8647565759039677
49,30.012468287107737,0.9349099293033319,0.5532701979391277,38.19875554256761,0.00960004,0.14055766649605025,0.28997561788196896,0.5853458241471866,0.2117705064407772,0.2255084397990784,0.6825126770857285,0.13216550468623606,0.13692111677420948,0.6197308499360058,0.11772052420655607,0.044998280474210506,0.6029114507373289,0.2132777113379116,0.029143040579269502,0.715713849197945,0.3355386228153166,0.14078568048641624,0.8681093332868743
50,31.341613239738276,0.8586396548891564,0.5546628010924906,38.14539379942117,0.00980002,0.14375965707423854,0.29988301884946433,0.5676857056506587,0.22045387539806766,0.22811358011221933,0.675674818116989,0.12591301092275284,0.13263072059357983,0.5983436690823554,0.11736968498283472,0.04140014574132789,0.5911143498238156,0.21553035883239283,0.02952768421449261,0.7133909304722326,0.3481138119868437,0.14730213414939078,0.8715028851810003
51,29.665255386611275,0.8338645029263625,0.555642302846536,41.006248332211364,0.01,0.14627208213961887,0.3105087821787743,0.5491117373733562,0.22925794401082703,0.2305985865331374,0.6668899026508679,0.11968858047599748,0.12821341293977156,0.5773445429749849,0.11706581455487988,0.03811828112043057,0.5800402533567932,0.21770716874010315,0.02997338001144751,0.7112802375481606,0.3604768137728506,0.15370084406324508,0.8748836577435917
52,29.109660462867335,0.9576555551984477,0.5589477249886841,61.52721589473434,0.009999878165711622,0.14724775799779963,0.3216068226739396,0.5301637649054253,0.2369454424559942,0.2328847139628817,0.6548764893640092,0.11388895860762006,0.12395257049339208,0.5576810917520603,0.11680154053288712,0.03521824140968469,0.5699519274618963,0.2197395286509692,0.03043373158257819,0.7093893002069332,0.37216776859485495,0.1597492506098834,0.8780835934398534
53,28.269499216532218,0.9258080924336313,0.5532529638148844,63.34624117169281,0.009999512668784518,0.1479167778932023,0.33189357295679683,0.5132392761575052,0.24090882719042886,0.2349096286409696,0.6390416938130936,0.10846560706065066,0.11986777024445344,0.5392884138728072,0.11657195550234994,0.03265461285498912,0.5607656053971551,0.22163766582501937,0.030904145145551506,0.7076961632281389,0.38325280541114826,0.16547587026278354,0.8811329998600393
54,28.33839304626098,0.7129901543193591,0.5556321928743273,65.21985512832441,0.00999890352703249,0.14833121984578798,0.34141353544801206,0.4981049884042167,0.24180018724900024,0.23666100721439623,0.6207612357583645,0.10349581004995172,0.11603088885460229,0.5221954920940134,0.1163714071641413,0.030382925592117492,0.5524042037766165,0.22340555944118198,0.03137380532079663,0.7061785537885464,0.3937460697319515,0.17088100924124658,0.8840361486965396
55,28.177340282091293,0.5204549975319005,0.5619290717877448,46.81330376724066,0.009998050770144252,0.1489525940942213,0.3502051801698962,0.4845571924487423,0.24022826482556794,0.23815924737662048,0.6007919644762326,0.09902825101233806,0.11245838045286125,0.5062265905917648,0.1161953925029708,0.028350489937379007,0.5447660281716836,0.22504236277327186,0.03183567723042968,0.7048181560158449,0.403453515887707,0.175861256717704,0.8867015685713272
56,27.177709433065026,0.48852580923499006,0.5571602948475629,24.92989449690686,0.00999695443968197,0.1519631623110323,0.35827539879416537,0.4724176307083973,0.23923712878125875,0.239462214615915,0.579842657095087,0.0953830069622025,0.1091713410586726,0.4912206846563304,0.11603957818004018,0.0264960449766735,0.5377223377871226,0.22652275762507076,0.032266822215696565,0.7035928891253828,0.4117191746745771,0.18007198330292187,0.8888409112042046
57,27.59490228192017,0.49676953417692576,0.5579050118103623,54.84102624415434,0.009995614589079242,0.15644781978098213,0.3656719491640013,0.461529997999384,0.2400606281758599,0.24063170483568272,0.5606857901015229,0.09248406516467843,0.10621283845194858,0.47766398062312376,0.11590073478515589,0.024840192363705882,0.5313089818620776,0.22787029035669168,0.03265787948334518,0.7024822983851385,0.41900462965811985,0.18371488949053702,0.8906051319071026
58,27.900058892726022,0.5265332799611357,0.5607865599449724,59.87433851077377,0.0099940312836385,0.16219947091610687,0.3724398524728247,0.4517569589447546,0.24246939392735123,0.24167853026360306,0.5431683076787831,0.09025758744666995,0.10354890897407347,0.4654490143555837,0.11577513686934938,0.023362377709795077,0.5254755591216635,0.22908337805149495,0.03301112586227472,0.7014755395521959,0.4252845476215839,0.18683980951246176,0.8920345367824296
59,27.962064216227187,0.6232056934239929,0.5543260420672596,37.21198901880946,0.009992204600527814,0.16931125554309223,0.3786226565323236,0.4429776084828284,0.24568271314989062,0.2425835781537099,0.5252548218936673,0.08871292509772814,0.101129508231869,0.4542562285659282,0.11566117083561182,0.02203139877312683,0.5201492672971118,0.23016665235683187,0.033327624202382576,0.70056374990179,0.43040563156503225,0.18936211689403656,0.8930565600224526
60,27.642303706885528,0.7097190796403873,0.5598119008354843,29.910331462115224,0.009990134628777144,0.17699363005996605,0.3842997027013916,0.43508530281670016,0.2467930133263488,0.24325624032761303,0.5058906027425972,0.0876079777565646,0.09887441907069205,0.4436696061865182,0.11556063980179046,0.02082641672462268,0.5152693149381568,0.23116080361516295,0.03364253869055282,0.6997532882107864,0.43466561700453565,0.19141996417037613,0.8937979810303625
61,25.97724216710932,0.7063002497604416,0.5545656369067729,46.51088457108348,0.00998782146927399,0.18418945113670734,0.3895209208106736,0.4279858007661219,0.24557775099792947,0.24372270741575064,0.4857852573115565,0.08666776618020776,0.09675463071019064,0.43374602431713727,0.11547346248372166,0.019748904378264237,0.5108204610083155,0.2320873323943576,0.033964748155904396,0.6990370646088467,0.43843092309898407,0.19320464581714134,0.8944173059826082
62,25.984659020473117,0.6432084140153628,0.5586925609968603,39.22278121518027,0.009985265234758489,0.19121348295298807,0.39432330771003504,0.42159567544955223,0.24247336116483767,0.24399462391654217,0.46515889544196837,0.08592554708550834,0.09471610782461878,0.4243650668118912,0.11539877278776912,0.018785344017872862,0.5067633195030161,0.23295497737846474,0.03429796835697869,0.6984086256643383,0.44173214664382604,0.1947300657168727,0.8949207826752256
63,26.40265162023231,0.5902583960306842,0.5654631298966706,26.796219013050738,0.009982466049817897,0.19902837998034775,0.39872652761530986,0.41584094539560434,0.23822780368085048,0.24410556463512761,0.4441566258120801,0.0854986191271733,0.09268352146806111,0.4153233953800799,0.11533432146159378,0.017919084240895482,0.5030540197988728,0.23374980337377763,0.03463447846700397,0.6978597394759214,0.44406777611479376,0.19573764801652488,0.8950741884565401
64,25.622053839991544,0.5909735123198473,0.5522478071507066,32.3085988127447,0.009979424050880543,0.20822365335843454,0.40273743231896236,0.41065589846002665,0.23520000116531695,0.24416057603848565,0.424174374980814,0.08533609816909465,0.09068998463851206,0.40672070304873004,0.11527800374784691,0.017143869670677114,0.49967266847449315,0.23446987793530946,0.03496531841164953,0.6973784365794773,0.4454826452537511,0.19626123821405722,0.8948904940928974
65,25.667324161927105,0.6302726999524091,0.5522479098290205,42.476311748804854,0.009976139386209164,0.21854598026824887,0.4063878933797038,0.4059820782945519,0.23364749871373425,0.24418352210909683,0.40583255417294706,0.08534956194498686,0.08873856118128702,0.39861180165256854,0.11522885378763607,0.0164550155290198,0.4966000049879841,0.23512258404420655,0.03529021625315998,0.6969569698585698,0.4461270902540301,0.1963941696008512,0.8944306546169792
66,24.38242551016532,0.7662512335464563,0.5587593230884522,28.962795354279187,0.009972612215893682,0.23002363923281005,0.4097200680580414,0.40176740637636943,0.23282036635936437,0.24415673684457773,0.38813814189553625,0.08550605671108381,0.08665319813283419,0.39072041214815095,0.11519009424372988,0.01585542256366069,0.4938129123800855,0.23573807527149243,0.03564638000600912,0.69660840889966,0.44600811101174204,0.1961159272740764,0.8936903267635024
67,23.948535575410105,0.9766094483280654,0.5543896581511945,134.43838585916626,0.009968842711843402,0.23839637388989948,0.41394233694758714,0.39448593797409554,0.2315134845466152,0.24411411273542283,0.3716528966204619,0.08565301058133043,0.08468722242309323,0.38349050676106594,0.11515705716456227,0.015327467626158555,0.4912944692307885,0.23630983024890242,0.035990444082657,0.6963024481509712,0.4458686043749442,0.19583392746331618,0.8930048354103467
68,24.04211686797358,0.9738132577996232,0.5671801660209894,199.48233533492547,0.009964831057778631,0.2438682754434683,0.4188410018413914,0.3850159401931729,0.22966534312606043,0.24407504359304144,0.3562894525359524,0.08579023941204504,0.08286025850945088,0.3768954992611666,0.11512934739775145,0.014861630104493425,0.48901831484030617,0.23684723631168933,0.03632634103920334,0.6960358358118388,0.4458297348760049,0.19561150082442816,0.8924240019556063
69,25.070250906026228,0.7790375481540259,0.5534216919913888,183.78153158379988,0.009960577449221733,0.2467588183695384,0.4243720983308605,0.3737631488325209,0.22736798071721293,0.24404834738709671,0.34193073412730973,0.08591843516894043,0.08116023086823465,0.370873147073225,0.11510642145211682,0.014450349309930586,0.4869609999999158,0.2373536081249418,0.03665503898316229,0.6958052431317312,0.44587821937757305,0.19543848081863507,0.8919362501474166
70,24.09114961620696,0.604377361860827,0.5585492600221187,156.71021053705158,0.009956082093487582,0.24738552628277463,0.4305211484028832,0.3610776191735084,0.22474210412344514,0.24404040552744916,0.32850271672219383,0.08603846915382853,0.07956851758043634,0.3653567918670601,0.11508726098046791,0.014087041682695053,0.48510142888125923,0.23782429768122032,0.03697165157087396,0.695605325700657,0.4458776105802179,0.1952475354758919,0.8914738381305789
71,24.587089330114093,0.6076548038868446,0.5580824359785765,36.83026712923282,0.009951345209673482,0.24764076481639025,0.43773396419202915,0.34669994621975486,0.22371617986054226,0.24401684474260588,0.31628407709803297,0.08616054854188146,0.0778974304984209,0.3600330999987131,0.11507290979931926,0.013776232963797215,0.4834234868783074,0.23825693166361456,0.03730145001971962,0.6954491433423495,0.44506246660035476,0.19463099129762432,0.8906792445610316
72,24.0341619703122,0.6051662930113118,0.5567364520393312,44.457631815334274,0.009946367028648461,0.2498733325904668,0.4443184621482512,0.33392540810479493,0.2239575921848363,0.24398257344064844,0.3052829340428397,0.08628234491854371,0.07620333472931003,0.3549496591661301,0.11506155924292993,0.013509343675077999,0.4819090426296021,0.23864324578165322,0.03763030151306978,0.6953260083695612,0.4434653422873437,0.19361603160752636,0.8895612580569449
73,24.485341923227118,0.5970510228753313,0.5607381348963827,47.46539868002188,0.009941147793042041,0.253824944778606,0.45032544455490897,0.3225595035522493,0.22533729819215845,0.2439429351474834,0.2953916155034144,0.08640184964878957,0.07452528102110625,0.35013498227670603,0.11505283349654966,0.013279547733579063,0.4805418185181538,0.2389914327863962,0.03795485022950012,0.6952301756868379,0.44138717976678127,0.1923539411975181,0.8882544903114894
74,23.606336956520494,0.5919154560707384,0.5579884920734912,44.53174485132967,0.009935687757232404,0.2593082853261059,0.4557981700457567,0.31243375591570915,0.22771623639468636,0.24389430287067193,0.28644713479358197,0.08651855364269684,0.07287358087034186,0.3455787900311186,0.11504607504518082,0.013081960190607436,0.47930753778768725,0.2393015624538985,0.03827149294568391,0.695157616395786,0.4388522373128558,0.19085263861136448,0.8867656719545336
75,22.59191120459326,0.6424289053247861,0.5610234688501805,38.83927685125451,0.00992998718733399,0.2662060119562984,0.4607749245696275,0.30340189436357534,0.23090770987389808,0.24382349618835242,0.2781900483748359,0.08663205386262954,0.071247323096905,0.341258748474551,0.11504050145865771,0.01291246309373328,0.4781933640429171,0.23957089535369408,0.0385758343073648,0.6951045260378761,0.43581664094477923,0.18908062762332414,0.8850696328203681
76,22.298325316148794,0.6971488144319253,0.5538371889851987,23.220214381248432,0.009924046361184534,0.273340141603905,0.46532987073365834,0.2953366416809518,0.2319135533814474,0.24360091269562678,0.26844871560745687,0.08674557046572218,0.06958948275519451,0.33706825269926466,0.11503775787368473,0.012771734355848713,0.4771887782723462,0.23982090232199735,0.03889314836332438,0.6950824836915087,0.4323098286994997,0.18702351840047982,0.8831755749791212
77,22.49628410168934,0.753983532138009,0.5564175441395491,34.57031929042983,0.009917865568331524,0.27984069561210173,0.4695147178505289,0.28812699684399606,0.2308186020512673,0.24319571404779333,0.25782961178888086,0.08685643726573364,0.06798860350010139,0.33311204926603744,0.11503875079290504,0.012655222718338795,0.47628268129529155,0.24007483449964337,0.039234701807776315,0.6950912665324077,0.42880012429979797,0.18494736435451378,0.8813004555526156
78,22.047568374846776,0.7199388797155621,0.5535882390104234,169.96755879903284,0.009911445110018081,0.2836767252495681,0.47441250650403727,0.2793521434512457,0.22934460027891687,0.24278146666373704,0.24792529191472068,0.08695898352983691,0.06653404438696504,0.32951302014580974,0.11504073899656615,0.012552969134373078,0.4754636992154337,0.24031433070293504,0.03956045048604771,0.6951070621747749,0.425590491452404,0.18304395625624728,0.8795838478586198
79,23.000508863473247,0.6387723752912919,0.5528741281013936,158.71663017551106,0.009904785299168283,0.28514873029375665,0.47998786770657365,0.26930303285196955,0.22757041951541304,0.24236058616278613,0.23866569040610433,0.08705379795799613,0.065210079454073,0.32623641482944554,0.11504340456468909,0.012463276689006129,0.4747235099167009,0.24053828848141337,0.03987012453480842,0.6951287969609486,0.42260806169860327,0.18127155817604293,0.8779907632745337
80,22.557699351645212,0.5877541704502754,0.5540358570870012,24.255180472373727,0.00989788646037192,0.2871766005446641,0.4850871439699232,0.26036476574764095,0.2242021136554791,0.24177180583542682,0.22848467043661302,0.08714613689150473,0.06389718800380408,0.3230993346027023,0.1150467588750735,0.012390362121821588,0.4740563933045556,0.24074039910697695,0.040188440266000616,0.6951730470925455,0.41906531854567264,0.17917056572751855,0.8761506159609205
81,22.303174405795826,0.5627584284231418,0.5506262788549066,20.407742268604412,0.00989074892986866,0.2911144718784706,0.48971039210020456,0.25240423315114974,0.22069670700817098,0.241119447525554,0.21803700792512795,0.08723412185510875,0.06257841813097963,0.32007746520659663,0.1150461992913588,0.012328549032910278,0.4734547590330602,0.24086731934130248,0.040466423154500594,0.6952184287998305,0.4144390192996812,0.17645610899433273,0.8738047753844097
82,21.5193593922474,0.5535839528947513,0.5492216560523957,30.10275167507297,0.009883373055531672,0.29675077934971167,0.4938874673659535,0.245305905835619,0.21822924307271116,0.24047896945432548,0.20836492303202644,0.08731581830140618,0.06130581908641327,0.3172329703872539,0.11504175404426767,0.012274224096845799,0.4729115729437423,0.2409256629338983,0.04069576118456292,0.6952562955359042,0.40914016413038484,0.17337082309882812,0.8711419790659549
83,22.67335025247203,0.5825311238831098,0.5541757699102163,40.13917302317506,0.009875759196850664,0.3038484418213234,0.4976664843324136,0.23896928071241164,0.21683560975174412,0.23987054622982437,0.19956633072875976,0.08739112625850061,0.060107041165033875,0.3145912589321028,0.11503533488891862,0.012226287458106307,0.4724209393173896,0.24094351872848221,0.04088984895690279,0.6952887093086842,0.4036853514985509,0.17020430960691535,0.8684077668935197
84,20.818301032616194,0.5878425679199929,0.5538911879993975,118.1216616951278,0.009867907724914365,0.30830790688392823,0.502290737468367,0.2310356505784547,0.21531803908046082,0.23931283021525193,0.19146943042141695,0.08746037005554817,0.059012542960587035,0.3121827483404919,0.11503011138534909,0.012183655169550143,0.47197745558327964,0.24096069359162198,0.04106586275476265,0.6953195644366892,0.39862714447374026,0.16723600133877586,0.8658341848377171
85,21.88334186999871,0.5375935355035083,0.5562995728105307,120.44201170577874,0.009859819022392443,0.31040330445251746,0.5076878492544541,0.22185365850562416,0.21369423196082968,0.2388021724706659,0.18398822611153517,0.08752366987341577,0.05801234169940661,0.3099861155812686,0.11502498532560576,0.012145945498396859,0.471576693681316,0.24096971535498368,0.04122678940288835,0.6953498431614145,0.3938672257279902,0.16444739381055726,0.8634097437518841
86,21.20841091588006,0.5264709424833036,0.5623973878100514,52.76570668703462,0.009851493483516844,0.3107168746274599,0.5141780174574551,0.21128811652011775,0.2126070086084641,0.23831153787753726,0.17714273254468843,0.08758067630798254,0.05707785694005815,0.30796162160984647,0.11501724222767193,0.012111024492575881,0.47121444241258753,0.24093799921342168,0.041351027050187165,0.6953715009503355,0.3889415173027424,0.1615681403547523,0.8609142295870499
87,21.665282159268294,0.5215016906408302,0.5561291438061744,43.39353076709215,0.00984293151406259,0.3129542952932873,0.5200671588367389,0.20195206937511656,0.2125379954915477,0.2378437172858973,0.1709744392683219,0.08763234585751466,0.05619865238755487,0.3060854105041287,0.11500712550631623,0.012079107398947865,0.4708871504447567,0.2408679322222015,0.04144146406585592,0.6953850160210902,0.38386388661744336,0.15860368743662953,0.8583524955634283
88,21.449706290577907,0.5222601245585657,0.5538707489613444,41.97809993065303,0.009834133531327996,0.31689965130680986,0.5254030159762947,0.19368868749585574,0.21336770078609724,0.23739312093309511,0.16539266007504475,0.08767863668835367,0.055369488796419335,0.304346141225592,0.11499431471365999,0.012049227513085448,0.4705913499874793,0.24075742776289893,0.041496680518752105,0.6953892629054803,0.3785987875783565,0.15553316559560793,0.8557057719717001
89,21.44391249118084,0.5466428415538808,0.5541227590292692,33.41970203278171,0.009825099964114322,0.3224691344125178,0.530231715046769,0.18636321721718202,0.21473559237221435,0.23694435531809838,0.1600794115160756,0.08771979797538976,0.05458231852474217,0.3027285922538196,0.1149787776607421,0.012020792383545371,0.470324009608145,0.24060732195923368,0.04151720248503429,0.6953846420514743,0.37314148168416716,0.1523434534655503,0.8529698917459514
90,21.711442735130767,0.5947302144175189,0.5600290279835463,20.27582222603677,0.009815831252704892,0.32943102566074856,0.5346082633812339,0.17985959587230482,0.2153354156921409,0.2363748184464868,0.15416384167491778,0.08775756884305441,0.0538109332023247,0.3011895144677306,0.11496048856058133,0.011995936743961638,0.4700832408775392,0.24041474828350293,0.04151693920819671,0.6953806942937223,0.36715833317869845,0.14882191385672888,0.8499793768927427
91,20.896635001933937,0.691965293307225,0.5536311778705567,21.403978622300407,0.009806327848843626,0.33635753449703515,0.5386157403905456,0.17407761702581237,0.21403712496074487,0.23555211073525645,0.14746677738529881,0.08779844163032834,0.05308393540025136,0.2997236963316914,0.11494541342487528,0.011983355908958816,0.46986837705004336,0.2402424562021186,0.04155604148228757,0.6954029201269765,0.36113390951045754,0.14523793454451844,0.846966570872989
92,21.704470478933814,0.725451672441153,0.5609485630411655,170.26222646123767,0.009796590215713018,0.34066714996983466,0.5433571356171114,0.16729915287142513,0.21255573273901593,0.23475889371293565,0.14131305219916784,0.08783715172082796,0.05243092416878798,0.29839203772443484,0.11493283771864997,0.011974591156075756,0.46967476812853165,0.24009610881126744,0.04160574065194822,0.6954304654292134,0.3557094101909299,0.14201251724121525,0.8442375222699692
93,21.35567618397057,0.6023381228146051,0.5525086170528084,188.16531669382738,0.00978661882791157,0.34261212439322647,0.5487298695938234,0.1597886665712241,0.2108952753001469,0.23399398481982633,0.13565165535803858,0.0878739954705952,0.05184582334058852,0.2971826922839575,0.11492264768135253,0.011969459050153284,0.46950041024330313,0.23997456565011388,0.04166628833308317,0.6954632373574446,0.35083300687376007,0.1391136555934884,0.8417704697221742
94,19.780238068484234,0.5481645360661084,0.5534314708784223,172.75452779378114,0.009776414171430657,0.3424519510698046,0.5546872147293813,0.15173678974504196,0.20909965014959173,0.2332556890070694,0.13044356592700823,0.08790838560738065,0.05131870946835372,0.2960842989623452,0.11491374483368161,0.01196644387257504,0.46934323982186,0.23986579601991578,0.04172741482211337,0.6954967821741953,0.34637166399370645,0.13646274978724887,0.839504877858827
95,20.633719111976013,0.5014635032432111,0.5488308861386031,17.90631195936505,0.009765976743630838,0.34337669743056715,0.5601176113681479,0.14463676533406788,0.20591961384625262,0.23228683262617733,0.12455134917003392,0.08794352447052756,0.050811040279973026,0.29502974180664565,0.11490375550582349,0.011969923018687264,0.46920333679406895,0.2397299602710432,0.04178706980207223,0.695538442961426,0.34143371449853205,0.13347739559588745,0.8370169255450933
96,20.183256899864688,0.47685384238096234,0.5566787701100111,19.38404858320455,0.00975530705321762,0.34623294377708846,0.5650301396870439,0.13836500931152035,0.20269830862259872,0.23126354671279375,0.11855998433018008,0.08797397842332334,0.05030911831125066,0.29402962259235144,0.11488884564699885,0.011971265257688594,0.4690772348386616,0.23953243421630904,0.04179940107303058,0.6955654292561911,0.33600675480798614,0.1301682369605362,0.8342951885591189
97,20.552632265727866,0.4674833737288111,0.5527165799867362,28.676889097904095,0.00974440562021666,0.3508361839790229,0.569469060110538,0.13281563966187593,0.20016100964101938,0.23028122014010355,0.11291810546698514,0.08799932321422514,0.04982854199937205,0.29310252717139723,0.11487067588029251,0.011969297639342855,0.4689629982358792,0.23929770398264313,0.0417725895383869,0.6955772254331569,0.3305138063894663,0.12681190066205159,0.8315410958556136
98,19.981996162978493,0.469696984753481,0.5597549008671194,26.25210174257439,0.009733272975948424,0.3570031115269451,0.5734713459205201,0.12789772042929545,0.19821860792988558,0.22932466749989516,0.10759676309744047,0.08802096984728866,0.04936129809143459,0.2922408765174533,0.11485289739417083,0.011962152443480329,0.468859075326925,0.23904713974958805,0.04168837608875854,0.6955663040660852,0.3249989232840896,0.12326273719259329,0.8286472739634982
99,20.2567686809576,0.5180855133085416,0.5589718508999795,24.63919783399863,0.009721909663002288,0.364597541397671,0.577079536803594,0.12353295825702514,0.1965708200667309,0.2283659719446283,0.10244982682337087,0.08803837823313608,0.04891026008388041,0.2914360717412573,0.11483135831897903,0.011952689384451935,0.4687650433787114,0.23875335828146055,0.04156763925952595,0.6955418566261566,0.31932753061267777,0.11962395429805285,0.8256889492574652
100,20.18387476286918,0.5997051991688878,0.5622014740947634,143.13475708409658,0.009710316235210091,0.369574416190802,0.5814956506588881,0.11832087351353279,0.1949043003271476,0.2274719952622447,0.09777995460888796,0.08805460840662964,0.04850239815073633,0.290704349915739,0.11481160904046499,0.011944925341519022,0.4686803509087597,0.23848248251642093,0.04145806465153836,0.6955205968809623,0.3141392500284439,0.11631042963513238,0.822970165674732
101,20.129285094957837,0.5428123668303734,0.5522678499110043,183.7620086937112,0.009698493257619149,0.37216358394261545,0.5865636905957171,0.11252630056682927,0.19316293378660418,0.2266408063148285,0.09353303180331386,0.08807061289795676,0.04813778618507982,0.29003980194384293,0.11479444152270649,0.011939976347604499,0.46860435880823054,0.23824267340514002,0.04136817990558126,0.6955063571023746,0.309453469717749,0.11332780851202497,0.8205012841841121
102,19.87424037102725,0.4542792773767332,0.5535900141112506,162.72458591533237,0.009686441306464712,0.3726241522179452,0.5922576122449751,0.10627704785459505,0.19138642610600762,0.225864310811074,0.08966091994027758,0.08808606421125521,0.04781063536818628,0.2894359753744419,0.11477926696398964,0.011937053942022125,0.4685361206095526,0.23802736230728358,0.04129242844225555,0.6954968086984243,0.3051975067882997,0.1106267974683322,0.8182491808756134
103,20.453050860553017,0.4425669843189624,0.5612666441593319,22.487603501940775,0.009674160969141874,0.37504755380141674,0.5974087951769491,0.1007844661457487,0.1896609823124932,0.22502503169760654,0.08576093393615004,0.08809828495300492,0.04749269721828009,0.288869592282471,0.11475978211365918,0.011931877355431384,0.4684745171237304,0.23775950249487823,0.04117421617605058,0.695471689540343,0.300650754340293,0.10772241052993548,0.8158728423482448
104,20.157586046680425,0.44443060093730724,0.5569955750834197,24.005566052992997,0.009661652844176954,0.37922377039690763,0.6020606112102995,0.09594766495004303,0.1881425173161962,0.22415128968528972,0.08193068909201022,0.08810670759271465,0.04718244985873993,0.2883400226443938,0.114735814459029,0.01192339122527423,0.4684185456030008,0.23743899496082949,0.04101065698702861,0.6954282969075035,0.2958584266661078,0.10465684898472954,0.8133902049272053
105,19.82859791083872,0.5014580813188857,0.5583202589768916,20.587975601546937,0.009648917541198314,0.3849457790299676,0.6062624443733993,0.09168057473928104,0.18652721727894273,0.22320354635355585,0.07807116990525569,0.08811262069333196,0.04688249445431315,0.2878426815164731,0.1147080439344101,0.011913248001485735,0.4683680420773709,0.23707108332440968,0.04080884528235209,0.6953704185422527,0.29082978506672486,0.10142758274003832,0.8108023796369976
106,19.387875358745994,0.5044246432747024,0.559844033094123,162.1035559905036,0.009635955680906654,0.38825435034892314,0.611167346896072,0.08691171462059491,0.18489360103699876,0.22232064312274724,0.07457676292344093,0.08811868909107634,0.046613982298990254,0.28739170868794345,0.11468301414151892,0.011905209761174169,0.4683227571421586,0.23673706215076237,0.040628568050379954,0.6953197408343899,0.28626688543236056,0.09851040684305243,0.8084413487091823
107,19.307689957624596,0.4349958023468524,0.5504125140141696,166.04090463880507,0.009622767895044761,0.3893911216424318,0.6167009220721423,0.0817830801024637,0.1832436836370164,0.22149591260669926,0.07140581866378652,0.08812497373154787,0.04637443769284141,0.2869830621139012,0.11466057267992366,0.01189920859789011,0.4682822114846269,0.23643484623466082,0.04046877978482308,0.6952759928481603,0.28212715374710867,0.09587431246964499,0.8062886510414307
108,19.432232463070864,0.42571470230267394,0.5478756071534008,18.899200524821005,0.009609354826366708,0.39231860608748664,0.6217123303593293,0.07728511473381296,0.18132101154057637,0.2205537983035575,0.06812290573174172,0.08813023601706778,0.04614872344760972,0.28660100582855785,0.11463504946994102,0.01189306542292528,0.4682460732774176,0.23609026680989822,0.04027571173945041,0.695220330547575,0.27776272269780183,0.09306472123720827,0.8040390104913393
109,18.77499455588878,0.4390468536868888,0.5514209908433259,17.087880640424586,0.009595717128606544,0.39681782901394363,0.6262386396914583,0.07333231091202604,0.17905710579886736,0.21948902319430216,0.06474336412773643,0.08813294583903017,0.04592938474408729,0.28624276378844415,0.11460441329408898,0.011884416390993907,0.4682134793037466,0.23568079057440405,0.04002903099625794,0.6951438336354943,0.27304983058309434,0.09000318363779508,0.8016296944012593
110,19.423157054422227,0.40813898364152906,0.5518045988865197,133.41215055199697,0.009581855466446418,0.39906179241340417,0.6315034762864539,0.06897960922554983,0.1769247500241069,0.21850078905611658,0.061696210131439076,0.08813619483469963,0.045732302406379426,0.28591814420222406,0.11457756015735793,0.01187698894580688,0.468184193957831,0.23531389141294862,0.03980278405537165,0.6950735273749922,0.2688014632850005,0.08722833942192941,0.7994217885294862
111,18.937676193144274,0.4248446431729569,0.5528048288542777,20.103851607334786,0.009567770515484183,0.4030053397277933,0.6362646838118262,0.06516360820733542,0.17477283099529042,0.21744600172909975,0.058659288288032324,0.08813771699606199,0.04554474732312122,0.2856166131632401,0.11454768523165935,0.011868026062985348,0.4681577861113155,0.23490926459207073,0.03954310734130079,0.6949894761078613,0.2644343167614096,0.08436116839129112,0.7971665042812963
112,19.549967975713727,0.3876280138068424,0.5481863101013005,129.1690390675546,0.009553462962200483,0.4047620297568683,0.6417546974136806,0.06101136277266807,0.17276362783743962,0.21646793000051318,0.05592127243692564,0.08813922518427668,0.04537585726611219,0.2853434426095102,0.11452011791628254,0.011860128915004488,0.46813407753242137,0.234535247441398,0.039303417319013004,0.6949117060075006,0.26044294073739105,0.08175554416731955,0.7950960064966761
113,18.47909979809837,0.3855171462106995,0.5519524700939655,21.88607947100854,0.009538933503925276,0.40827190325817714,0.6467138006166732,0.057379863673231626,0.17092893895019215,0.21545661608987393,0.05325168212509803,0.08813791447853418,0.04521021157089257,0.28509011399163925,0.11448884743525663,0.011848848195917748,0.46811219614321525,0.2341184022086622,0.03902241402665976,0.694815658147619,0.2563409369609471,0.07906508378826017,0.7929820382314953
114,18.74820434954184,0.511452240513529,0.5452143379952759,21.00680983158419,0.009524182848803865,0.4133475126420995,0.6512028261517694,0.05419702813571175,0.1691724122454637,0.21440324048058776,0.05063459303551613,0.08813824466112581,0.04505170061623361,0.28485622263781524,0.11446281374526705,0.011835243092167104,0.4680920461327241,0.23372905032375527,0.03870523210181703,0.6947030550537553,0.2524524023576746,0.0763084026167858,0.7908368774912434
115,18.612202704305588,0.5088417270121355,0.5533788679167628,197.68800253980348,0.009509211715762368,0.4161014729739123,0.6562931796374639,0.05078670659297276,0.16742664943056015,0.2134345904043857,0.048280299963461365,0.08813972237620779,0.04491415571565851,0.2846455775520073,0.11443998287806942,0.011824775046173588,0.4680743219248158,0.23338246780046745,0.03842690741422658,0.6946051473935926,0.24896077180395795,0.0738522569603816,0.7888996754478041
116,18.586165472500745,0.3783524989706081,0.5600659949705005,200.40425434691875,0.009494020834472686,0.4167692636122258,0.6619221325264325,0.047230756341643636,0.16569472869061871,0.21254208609309644,0.04615829484557343,0.08814214401209451,0.04479527618880049,0.28445608414697077,0.11441991197389051,0.011816984963053051,0.4680587595073378,0.23307290175719908,0.038181841075234056,0.6945198031763251,0.24581634407120234,0.0716555819602828,0.7871467770168644
117,18.150356661794596,0.34153376879569564,0.5573248281143606,125.17240252432937,0.009478610945316945,0.4156056239975421,0.668175400339489,0.04353788092180514,0.1640867967128361,0.2117130996619526,0.044242408942523896,0.08814416743996865,0.044687721230639,0.284284834727511,0.11440098751680768,0.011809664227043003,0.46804472562097876,0.23278278800150545,0.037952365991087034,0.6944393397491707,0.24292625113222938,0.06964947874086613,0.7855342168876319
118,19.748765392462843,0.3331674171596447,0.5625666179694235,36.99754530681463,0.009462982799351401,0.4164109884950225,0.6738281256437899,0.040333828435637605,0.16308367118590075,0.21091914396560302,0.04247119864370996,0.08814311464851382,0.04457835915916061,0.2841269060076577,0.11437928234916064,0.011798535970154882,0.46803124076301084,0.2324675982093339,0.03769706393817827,0.6943459884594747,0.2400569117254552,0.0676639360990145,0.7839521509298092
119,19.59854113909911,0.33842543951082504,0.5521775761153549,38.54302726957467,0.009447137158269843,0.4189541293492329,0.6789315282611618,0.03754722428704104,0.16267348990161493,0.210162582625746,0.040844155240232174,0.08813894735567404,0.04446601637538757,0.2839810438934518,0.11435485041056075,0.01178345401879417,0.46801813184044083,0.23212819671933102,0.03741615301282847,0.6942398830228177,0.23721325629633178,0.06569937836486439,0.78240092216326
120,18.48866877739421,0.35095529256271973,0.5577233079820871,28.906857895120886,0.009431074794366457,0.42308916162901544,0.6835329802313516,0.035118026656270084,0.1626122229351465,0.2094100533404753,0.03930059121494053,0.08813163299231147,0.04435023853840781,0.2838461000824276,0.11432689848647869,0.011764177562159939,0.4680053074392144,0.23175322300570433,0.0370996419148419,0.6941171478494904,0.2343247692717072,0.06370146105197266,0.7808458823571444
121,18.71218989743063,0.34239387230967894,0.5539339289534837,22.794535594888195,0.009414796490498206,0.4286767353167871,0.6876768432740453,0.032995615611489705,0.1625478208372504,0.20859855968831453,0.037771480159035156,0.08812118635584469,0.04423337049952343,0.2837236199626333,0.11429429207953322,0.011740530265833118,0.4679927307776589,0.2313263910352725,0.03673423903553203,0.693972544397298,0.23128542799492713,0.061593333440151866,0.7792354841951303
122,18.96901034405546,0.6135125610533549,0.5591792380437255,24.166387130049095,0.009398303040046649,0.4355783838848625,0.6914064813081938,0.031137217631873104,0.16248067706006958,0.20775349358093276,0.036282403463562846,0.08810823937717813,0.04411639246207795,0.28361242148167476,0.1142582382530023,0.011713414586110766,0.4679804471527657,0.2308620893163209,0.03633219383056118,0.6938111531509253,0.2281761490229315,0.05943370991281252,0.7776053017726922
123,19.538565336881813,0.8675793608898985,0.5526297260075808,212.8341748558948,0.009381595246879296,0.44003438517494603,0.6958741730963304,0.029083823775947003,0.1624300707448696,0.20698615356269806,0.034931499658769294,0.08809847787003365,0.0440194211913027,0.283513117775373,0.11422718382470562,0.011691939024364887,0.46797009807710127,0.23045614208151044,0.03598595825879243,0.6936728690545025,0.2254155469108215,0.05753140990563215,0.7761482479762815
124,19.111876288301712,0.8708318826365506,0.5580559449736029,263.0121878599368,0.009364673925310414,0.4422705586375946,0.7009647259404893,0.026907313607802196,0.1623977712523389,0.20629663282738925,0.033704325750792005,0.08809232582897,0.04394352404727458,0.2834248666967148,0.11420144224700843,0.01167672368579358,0.46796175443758836,0.23011096752484986,0.035698090457056894,0.6935593006097053,0.222996275036569,0.05587564120477366,0.7748610945892493
125,19.850296153642805,0.6371381571158232,0.5492093069478869,249.033995686106,0.009347539900061343,0.4425168378733448,0.7066247162688862,0.024658857370117564,0.16238157762944744,0.20567726669812064,0.03258682307099247,0.08808937484091162,0.043886257478999116,0.2833465561721545,0.11418047618733286,0.011667059661302326,0.4679552049778934,0.2298205125348211,0.03546230905927031,0.693467991963427,0.2208820742566701,0.054436604983567984,0.7737271001691042
126,19.167489816803318,0.3544865875297262,0.5442447741515934,225.19656740992335,0.009330194006220302,0.44099215440080086,0.7128110381840067,0.022387304693022712,0.162376859221259,0.20511682283738877,0.0315672099388506,0.08808859429450391,0.043842946248034115,0.2832769018235864,0.1141630257534415,0.011661268117347304,0.46795001181099105,0.2295711566791445,0.035264721751393,0.6933927558764899,0.21901115701237295,0.05316949283900732,0.7727175499602652
127,18.151942101549686,0.31388447008709336,0.5476537030190229,132.2027023465401,0.009312637089201685,0.4379140440033062,0.7195446825736016,0.02012161193025893,0.16237383841940317,0.20459632072942474,0.030636462898299046,0.08808785577521981,0.04380423812723533,0.28321421036658617,0.11414672983862219,0.011655892378996665,0.4679453581114514,0.22933851012486092,0.03507975385518989,0.69332213455981,0.2172906233663998,0.05200677636332446,0.7717891957945304
128,19.186714180926835,0.31127589218566243,0.5497591830790043,24.8576749023049,0.009294870004704857,0.4369874030544703,0.72563078290276,0.01818152886620458,0.1623589525527431,0.20404662818960148,0.029729892269374242,0.0880861171903702,0.04375284009989828,0.2831561356262429,0.11413299805534609,0.011643412201873577,0.46793964166851315,0.2291105504699436,0.03483434251361376,0.6932243095942369,0.21567292040959982,0.05072798049846404,0.7708093965601872
129,18.609321959960255,0.30771984176053097,0.5583253810182214,22.90431236998333,0.009276893618672453,0.43796482907681494,0.7311134562826584,0.01651593642579882,0.16232685990276047,0.20346204758185274,0.02884438909628407,0.08807942081096957,0.043687177432277575,0.28310213881767776,0.11411307606242911,0.011623501007269253,0.46793285759970144,0.22882040261995473,0.034527937438331394,0.6930995302048082,0.2138917923861182,0.0493327810654249,0.7697756089433804
130,17.944454695463488,0.3032989945338102,0.5539568939711899,22.010629514740813,0.009258708807248167,0.44063771174804456,0.7360434930707372,0.01508228801118075,0.16227641911605178,0.20284138511262198,0.027977798439691393,0.08806751948668139,0.04360573048034527,0.2830515375362559,0.1140866801177126,0.011595623475042225,0.4679248492848877,0.2284649065306646,0.0341566981896949,0.6929459153860001,0.21193944669818485,0.04781581833051014,0.768681587303996
131,17.744066309823303,0.29825198438198086,0.5578486339654773,21.986065169037424,0.009240316456734052,0.4448293611929537,0.7404742307143759,0.01384510969118943,0.1622112522072585,0.20219631112748793,0.027134650508404332,0.08805141218880473,0.0435116485605308,0.28300413097909904,0.11405527766377954,0.011561490546929759,0.46791592040080654,0.22805984841397436,0.03373639206309605,0.6927701351403004,0.20987534411682515,0.046223812833371306,0.7675523572924935
132,19.01149792554259,0.2927853894701286,0.5521916749421507,24.481855587477003,0.009221717463547325,0.45038894692333037,0.7444526647873051,0.012774769129709842,0.16213278615847623,0.2015396541221397,0.026326915553925093,0.08803177300790924,0.04340694729320166,0.28295964172951876,0.11401991798606755,0.011522089580476624,0.46790620847252395,0.22761736736693441,0.03327895366974674,0.6925771626999628,0.20774732133553567,0.04459341788268325,0.7664079985702658
133,18.300265920949176,0.5665753916623132,0.5520621109753847,24.357858262234725,0.009202912734176675,0.45718649379860987,0.748021750390221,0.011846465003533844,0.16204284434465044,0.20087766837081517,0.025556144610210503,0.0880089776185275,0.043292893430268875,0.2829177599743167,0.11398110444329049,0.011477916860914606,0.4678957466448663,0.22714305455820846,0.03279015492103613,0.6923690758919295,0.20557403941950744,0.042942093888018854,0.7652554713605602
134,18.97456036004298,0.9385361352531973,0.5524986269883811,218.65857294670388,0.009183903185138079,0.4615990826084333,0.7522767873231884,0.010869584970094723,0.16196988913912458,0.2002825607138693,0.02485228247326437,0.08798995566103744,0.04319697552207999,0.2828808139605357,0.11394723611055449,0.01144051621842715,0.46788690089018714,0.2267248224588103,0.03236295488932981,0.6921867278874396,0.20364119596569186,0.041488595966324246,0.7642247707641142
135,18.90064133676898,1.0562673914357157,0.5553156561218202,281.8022794917994,0.009164689742930143,0.4638492470807049,0.7571068769588284,0.00987269296538746,0.16191713065643487,0.19975678977260264,0.024208456577335825,0.08797546809326509,0.04312204186846382,0.2828488111938052,0.11391906239256333,0.011411085801951553,0.4678799321228707,0.2263695338246288,0.0320041662943053,0.6920337778982649,0.20196026418663796,0.04023485370117326,0.7633207404665049
136,19.22748706387168,0.8712653881023393,0.5578777419868857,293.3838901658852,0.009145273343988932,0.46415732036445995,0.7624462001383686,0.008877278278202791,0.1618836385709967,0.19929581057720938,0.02361844769212645,0.08796528789232179,0.04306699907517889,0.2828213628222644,0.11389624911826315,0.011389204026632837,0.46787473391366796,0.2260731008297797,0.031708859184871825,0.6919083881065501,0.20051079810958514,0.03916136979131271,0.7625335932538885
137,19.035432375771975,0.506899805986604,0.5556420760694891,281.78575359344404,0.009125654934642336,0.46273436794781764,0.7682499667224582,0.007901444831635657,0.16186579520876052,0.19889059651886246,0.023076550551644027,0.08795857537895141,0.04302817174994235,0.28279785221340215,0.11387777612176513,0.011373416721668219,0.4678709824967826,0.2258244821433999,0.03146469648112177,0.6918053287256026,0.1992518603566309,0.0382344337384703,0.7618440890632487
138,18.103118583513282,0.2747299721782916,0.5546421390026808,215.83092983999717,0.009105835471063953,0.4597816169499258,0.7745017697065646,0.006958696238366016,0.16185606245754777,0.19852563904733705,0.022577739633998662,0.08795367312795997,0.04299835821919577,0.282777299135048,0.11386186985118435,0.011360924681297777,0.4678680466659511,0.22560580096752164,0.03125172917882992,0.6917157728424579,0.1981271385707024,0.03741009795605452,0.7612258733267309
139,17.887459100001962,0.27309180880503164,0.5488880209159106,23.800093530965853,0.009085815919226475,0.45888849613563665,0.7801267297095923,0.006160122840291635,0.16182270785283848,0.19812945434660242,0.022096742767474583,0.08794327537474717,0.04294727053661681,0.2827565136922036,0.1138400753223235,0.011339292903413657,0.46786332570911315,0.22533018347031913,0.030974210426950168,0.6915980400739505,0.1968776912459248,0.036481210490986744,0.7605598511839012
140,17.63402640488139,0.27060852217066084,0.54229243285954,21.923508752767287,0.009065597254854615,0.45982145791162676,0.7851752815661658,0.005481947036029942,0.16176266365688818,0.1976948065267871,0.021629793351378355,0.08792670381131955,0.042871801806204174,0.28273502045389426,0.11381160976248816,0.011307357587661243,0.4678565796815951,0.22498941469505118,0.030623189806834195,0.6914481285115259,0.19548012795195852,0.03543053364192151,0.7598340803177166
141,17.54935041726232,0.2674861857683496,0.5490473390091211,22.439435402532283,0.00904518046337755,0.4623827522533842,0.7897046573545107,0.00490451935294016,0.16168161921935983,0.19723287693941066,0.021178153105952478,0.08790533499865526,0.042777304444705656,0.28271316684009323,0.11377814950829926,0.011267470715650844,0.4678482766277592,0.22460092892421277,0.030218045053717318,0.6912741875702466,0.19398758768342816,0.034302861708370866,0.7590717278926364
142,17.35622222312503,0.29065830715606183,0.5490303889382631,21.606881448550315,0.009024566539880893,0.46640329190032814,0.7937599529830269,0.004411579443281134,0.16157904546093665,0.19674271133709817,0.02074101872476567,0.08787902380841059,0.04266308380574407,0.28269071790370537,0.11373953696564838,0.011219355737815195,0.4678383325699694,0.22416327719323734,0.02975747945745201,0.6910753204390183,0.19239711887619385,0.03309841880767144,0.7582704816128891
143,17.817869946696486,0.32506806870582994,0.5495294178836048,112.1552375778765,0.009003756489058193,0.46837624348116247,0.7984991908919341,0.003919770219933898,0.1614835407734273,0.19628808610383416,0.02033924433058187,0.08785445944829169,0.04255682155703604,0.28267020485229877,0.11370353804363686,0.01117447787220614,0.4678290741447209,0.22375608793470503,0.029330738022779853,0.6908899562457586,0.1909305881491246,0.031998835841671444,0.7575310327077108
144,18.5175501216097,0.27497432562928953,0.5564064139034599,142.18148641743178,0.00898275132516197,0.4685067388385452,0.80381919756967,0.003441158555848968,0.16139792094689415,0.19587124503945372,0.019968451588008865,0.08783220826326033,0.04246086027357424,0.2826517659638714,0.11367064715466815,0.011133725489070967,0.4678206994296806,0.2233835984243947,0.028942238653751128,0.6907203900201357,0.18959434801173755,0.031006365155421736,0.7568560922747036
145,17.5210823535823,0.25684361100743874,0.5514231789857149,100.75524225900816,0.008961552071954277,0.4670003464533781,0.8097038724736233,0.002981684300053882,0.1613163673449615,0.19548145295749295,0.01962708166776543,0.0878110549442171,0.0423698790122574,0.28263474567620517,0.11363960072171257,0.011095036877226695,0.46781276332909844,0.22303332737853815,0.02857738024882783,0.6905604434650254,0.18835343448612907,0.030090907345788984,0.7562295320356052
146,17.83278305065487,0.25449447950101173,0.5532391469459981,23.200486512989734,0.008940159762656805,0.46734284478002586,0.8149897445275939,0.0025958121271090497,0.16121459216438142,0.1950643247044965,0.019295918296719262,0.08778545033637067,0.04226048840053818,0.28261677505550764,0.1136040505254631,0.011048666210324005,0.46780325731803446,0.22264116989219307,0.02816312288669146,0.69037864895624,0.18703632248909063,0.029110955530989784,0.7555728061323564
147,17.913929674444706,0.2516583182992584,0.5519244780298322,24.32402472956899,0.008918575439900538,0.46933186944085503,0.8197356253451005,0.0022709868504792556,0.16109729847075638,0.1946287469379796,0.018975963190344645,0.08775646071475261,0.04213708721229977,0.28259818276780097,0.1135652247632674,0.01099645430427523,0.4677925453618777,0.22221969103481656,0.02771411057691145,0.6901810891431396,0.18567654184748694,0.028095907866727644,0.7549005881039591
148,17.95768949873931,0.25937990622744567,0.5641489359550178,23.93204962161315,0.008896800155674905,0.4727945406382734,0.8240033059841957,0.0019968824758224693,0.16096991678966543,0.19417897204051404,0.018666492680330115,0.08772853161985607,0.04200105142207052,0.28257886195168824,0.1135326717122421,0.01093879706715123,0.46778062340270193,0.22184058681382862,0.027233266091052633,0.6899686417188953,0.18452313269852777,0.027053224666432146,0.7542162656053892
149,18.154494855247435,0.2733350363081698,0.5557512969244272,89.69103588252909,0.008874834971276547,0.47430480604034503,0.8289464161325583,0.0017315248057297391,0.1608487837430978,0.19375747380819686,0.01838136724767521,0.0877018890690098,0.041872329616315984,0.282560860914706,0.1135016260799097,0.0108843032084116,0.4677693475118184,0.2214818985575031,0.02678341032141661,0.6897686293326923,0.1834432066426664,0.026093919141418676,0.753580029967
150,17.43092202743556,0.24383807122366508,0.5604632629547268,118.91953366491312,0.008852680957257558,0.47405559793995034,0.8344237573336765,0.0014815376124652886,0.16073552711664352,0.19336514816931102,0.018117702389668703,0.0876768650398296,0.0417521673232414,0.28254425497565355,0.11347239679101458,0.010833413338118703,0.4677588184202029,0.22114594890301822,0.02636607339913564,0.6895820189499672,0.18243988862564156,0.0252163999652112,0.7529919995936251
151,17.69408978012248,0.2417776043146489,0.556162531953305,23.212836134513775,0.00883033919337333,0.47548995399354044,0.8393373487256645,0.0012729930835832573,0.16060331267778918,0.19294691050989343,0.01786146283578733,0.08764761136535705,0.04161508284291522,0.28252647863339136,0.11343872439303841,0.010775694747456113,0.46774687696992656,0.22077140646397997,0.025908450978224137,0.6893775757751357,0.1813657965582881,0.024295250460789494,0.7523839354166013
152,17.680484086986795,0.2392051250396243,0.5519309791270643,75.73274073886856,0.008807810768529916,0.47519747753849756,0.8448683760245046,0.0010768752634494612,0.16047360486827233,0.19254823285795467,0.017625942163849533,0.08761889213534907,0.04148155805518922,0.28250946164371477,0.11340582561255813,0.010719601901377652,0.4677352445119642,0.22040921499298938,0.025470214612654096,0.6891807272291046,0.18034177775022697,0.023431094586095363,0.7518094888214921
153,17.79516323926387,0.23667778000198042,0.5364401401020586,23.990017920694157,0.008785096780730956,0.47657769075020584,0.8498329914585988,0.0009142395726722558,0.16032879688616777,0.19212938734545726,0.017396552236757682,0.08758688619547522,0.041334649814186365,0.2824915256313733,0.11336959996903193,0.010658166063642411,0.4677225036370467,0.22001924910890366,0.025002879646901958,0.6889708846171892,0.17927452242183534,0.022542845429997356,0.7512252537477723
154,18.256068732789313,0.27288067015461975,0.5390701389405876,25.499288303446974,0.008762198337024175,0.4794526000304918,0.854286387046991,0.0007791272448051309,0.16017221998580825,0.19169666934137075,0.017174275425423668,0.08755231973739297,0.04117743249030094,0.28247291315004397,0.11333086109115122,0.010592642662257417,0.4677088958961945,0.21960940647945187,0.024515684299381512,0.6887517797682047,0.17818257853418137,0.02164627115022807,0.7506386063869351
155,17.9214347408987,0.27561302477655475,0.5419903460424393,122.72307667401945,0.00873911655344741,0.4804579511268051,0.8593017438435829,0.0006542460083911782,0.16002856184077874,0.19129717625356848,0.016967006084244573,0.08752050869246168,0.041033086228897155,0.2824558986607622,0.11329510716239855,0.010532433677353957,0.46769638392098456,0.21923167574419425,0.02407022009669261,0.6885499951712144,0.17718082152388578,0.020836001715836865,0.750100826272287
156,17.950756470524404,0.229778172559395,0.548487382940948,132.56522452783364,0.008715852554974233,0.47978908294998895,0.86480504413671,0.0005408622338746498,0.15989700840159224,0.19092855804497813,0.0167733605926788,0.0874912750014953,0.04090070552100501,0.2824403665302944,0.11326213936069389,0.010477140272889589,0.4676848932084077,0.21888377180676089,0.02366278320645482,0.6883642769630809,0.1762624182686233,0.020103117668936445,0.7496082013503019
157,17.484444218283365,0.2275669356622615,0.5435406258329749,23.969669319308693,0.008692407475459107,0.48080547680483865,0.8697416928663613,0.0004479678595753158,0.15974861229598578,0.19053469268121145,0.016582759338850103,0.0874584679529393,0.04075299514919995,0.2824235470557483,0.11322574548626341,0.010415707338231382,0.46767210157622946,0.21850748892378705,0.023222655294481878,0.6881642622817972,0.1753018038388587,0.019340857867751,0.7491031727017297
158,17.703233882963044,0.28565328127368445,0.5487892380915582,23.95902205009287,0.00866878245758213,0.4833263265235092,0.8741644117144137,0.000371789377245201,0.15958463261094827,0.19011764056535782,0.016395142912829692,0.08742239947731267,0.040591168413399874,0.28240553193929174,0.11318628831059407,0.010348660056350508,0.46765811462346707,0.21810635779470963,0.022754104968562807,0.687951587651881,0.17430731072297287,0.018556689389999034,0.7485887776013775
159,18.538634897020064,0.2765750285121477,0.5387367010116577,145.05342483712982,0.008644978652793346,0.48403361672959105,0.8791081117411997,0.00030346324203856727,0.15943552446705545,0.18973473798597773,0.016219394863434072,0.08738951230309612,0.04044385683735732,0.28238917871324604,0.11315016780656031,0.01028753337932104,0.46764535789482,0.21773917862913583,0.02232845756865888,0.6877569348563979,0.17339999909484077,0.017851764680801303,0.7481192782871653
160,18.09217617071119,0.22135067579820034,0.5448347800411284,141.29397893972677,0.00862099722125662,0.4831198859401918,0.8845143598377339,0.00024318380719558807,0.15929922953083678,0.1893818846498033,0.016054679204316892,0.08735939187391964,0.04030906290649842,0.28237426802922716,0.11311699595082875,0.010231544072826126,0.4676336734859223,0.21740222354084407,0.021940326853097623,0.6875783164998899,0.17257079103627268,0.017215882296031205,0.7476901852307465
161,17.19177018730319,0.2193417780842687,0.5393660061527044,23.45180847972941,0.008596839331793086,0.4838890111015896,0.8893607954738528,0.00019460700076663422,0.15914508803289262,0.18900056720727335,0.015890915168366954,0.08732563685760573,0.04015792934543933,0.2823578730776848,0.1130805268713695,0.010169071335009053,0.4676206161113151,0.21703868761553577,0.021519497355859018,0.6873856736647368,0.17170578956929758,0.016551733366842333,0.7472495257764958
162,17.31694095968762,0.257442813457557,0.5468235779553652,23.667648655325234,0.0085725061618242,0.48615960634948613,0.893701236334242,0.0001554914914662108,0.15897577521008605,0.18859570178113538,0.01572876491388474,0.08728882053188684,0.03999298327493271,0.28234021717944785,0.11304136266648174,0.010101159569962248,0.46760639267546944,0.21665422853572752,0.021073238292615627,0.6871818478879689,0.1708166668872987,0.015870272441835885,0.7468020704482071
163,17.90438915212238,0.24305564328005858,0.5531798200681806,128.08693285136692,0.008547998897314337,0.4866676079712654,0.8985607257163288,0.00012160278325824538,0.15882067102271985,0.1882224975903922,0.015576875067460597,0.08725506064834887,0.03984189235968954,0.28232407533759407,0.11300538734729418,0.010038916012584198,0.46759334147838616,0.21630142427717827,0.02066665086137064,0.6869947292602121,0.17000418741887233,0.015256648758154788,0.7463930099114853
164,17.361650097240634,0.21366722090435603,0.5500518910121173,120.49647375578029,0.008523318732712993,0.4856014867621988,0.9038838108024618,9.277729565745586e-05,0.15867672438324248,0.18787539616675564,0.015434670549896676,0.08722371650765987,0.03970167362791002,0.28230913018402737,0.11297200760774993,0.00998117815075437,0.46758122094713606,0.2159748127167882,0.020292324154934132,0.6868214043256828,0.16925662320579335,0.014699081801839282,0.7460167976261378
165,17.08403061469613,0.2118369834097898,0.556853307178244,22.060418458594377,0.008498466870896572,0.48620567556779193,0.9086668483432515,7.015541808460885e-05,0.15851943801563254,0.18750009701482898,0.015292093033648155,0.08719372006755452,0.039544929402443814,0.2822924574455071,0.11294640126872306,0.009916743699408351,0.4675676072872029,0.21570280021373145,0.01988583343810736,0.6866342572183379,0.1687392815303294,0.014115643135471164,0.7456302595463288
166,17.47594346673958,0.216087239826566,0.5487374619115144,23.63310455835149,0.008473444523109757,0.48829952332244136,0.9129501103350945,5.248883441379166e-05,0.15834778038465,0.18710279215946016,0.015150780998653903,0.08716060399270877,0.039375838848872254,0.28227463264838887,0.11291756016020968,0.009847554324721508,0.46755298089499037,0.2154072107052966,0.019459465405285373,0.6864384607233187,0.1681816919548627,0.013521996416628245,0.7452405356461248
167,17.053356218981197,0.20794641844022765,0.5445692630019039,93.74118406654881,0.008448252908906481,0.488676991066883,0.9177680447738941,3.795577370080621e-05,0.15818570618067568,0.18672971389541196,0.0150197190817299,0.08712924810751062,0.03921670786508566,0.28225787384281803,0.11289013319024424,0.009782560071208169,0.46753920981602753,0.21512847570460228,0.019063345655019312,0.6862553216939636,0.16765751774219284,0.01297879828462891,0.7448793856218328
168,17.17642996928799,0.25090337562815324,0.5384030390996486,22.81642480164366,0.00842289325609048,0.49055526421646206,0.9220798900090014,2.6883318268742314e-05,0.1580072202785823,0.18633057714362491,0.014889209774267996,0.08709445872912483,0.03904315790092811,0.28223972618675003,0.11285936627553018,0.009712034970149,0.4675242594598386,0.21482521383685055,0.018643726725987263,0.6860620410785943,0.16709418527669165,0.01242118317065825,0.7445127121834971
169,17.341224412433498,0.22404870137048435,0.5453439841512591,138.5654753194836,0.008397366800655453,0.49074497692276997,0.9268631521220122,1.815994901634104e-05,0.15784369515448476,0.18596286331906123,0.014766463831210795,0.08706251673377055,0.038884237281038285,0.2822231225179406,0.11283099999489324,0.009647443254916331,0.4675105450257383,0.21454625318780954,0.018261992155040475,0.6858847735712325,0.16657688037982446,0.011919981176935475,0.74417774475829
170,17.495285568683425,0.20299881394087152,0.5465776370838284,108.99025317525918,0.008371674786724825,0.4894318040335853,0.932103499094003,1.1503866187995782e-05,0.1576910009340138,0.18561943826357336,0.01465136315446013,0.0870326449701726,0.0387360948709913,0.28220765998694,0.11280440989777174,0.00958732745315475,0.46749776172690677,0.21428609209144378,0.017909849204869946,0.6857202274335048,0.166096064890716,0.011463918796819026,0.74386913644509
171,18.160321337334757,0.20144514602458444,0.5416440791450441,26.40643610020913,0.008345818466491113,0.4897734991765054,0.9368032738354893,6.8064463666016615e-06,0.1575265160122874,0.18525793047942926,0.014537521670483571,0.08700036797241117,0.038577649411839755,0.2821911882461115,0.11277561929138857,0.009523326108560902,0.46748413979755987,0.21401110157326136,0.017543368664523256,0.6855497127539452,0.16559548541120062,0.011003091809997164,0.7435605458335988
172,16.726801602115966,0.19950079929205133,0.5473656510002911,21.663680683297,0.008319799100154882,0.49158976048828845,0.941002324762984,3.626529388814899e-06,0.1573408246204978,0.18486046263080924,0.014421907068010258,0.08696390286350594,0.038400208935841534,0.28217283350483574,0.11274310019433983,0.00945204345428474,0.4674689706265532,0.2137085437736004,0.017145699094680437,0.6853659308896702,0.1650552969409166,0.010519743162384208,0.7432421040240719
173,17.757703565492854,0.318589325366078,0.5390178069937974,24.803872068354035,0.008293617955863345,0.49472596457518514,0.9447553342957699,1.613478309569449e-06,0.15714225904251966,0.18444273361729693,0.014307164212678906,0.08692485597872138,0.03821143747622628,0.2821533317412177,0.11270832037474453,0.00937649197081333,0.4674528578696591,0.21339073317008558,0.016732982429696557,0.6851753512418689,0.16449615804679135,0.010032007760574847,0.7429222955514011
174,17.624759928576335,0.4061793922880817,0.5380762491840869,195.02432907073606,0.008267276309648533,0.49607185354472255,0.9489721933820425,4.7456118304220287e-07,0.15696435696156208,0.18406466714935088,0.014198671975440289,0.08688981989193173,0.03804218791282171,0.2821358650952609,0.11267699660280348,0.00930872804640667,0.46743839021892764,0.213104138117289,0.016364507710171013,0.6850034911663914,0.16399202349120615,0.009600857834928261,0.742633753267882
175,17.240103853580063,0.3051240025701361,0.537703539012,243.9184991088744,0.008240775445365122,0.4958130790659427,0.9535789906568523,2.562553972677985e-08,0.1568076281961335,0.18372664980144776,0.014095793720022794,0.08685888349070843,0.03789273570057265,0.2821204777404582,0.11264917825192398,0.009248778079771244,0.4674255940017427,0.21284870491578717,0.016038984679358513,0.6848502085908479,0.16354206542052438,0.009222734506013295,0.7423755163656144
176,17.431980847347102,0.19340674654691697,0.5502900059800595,196.4092840298001,0.008214116654627854,0.4941270183049114,0.9585546155476075,1.0056568364280905e-07,0.1566672099497512,0.1834201848481749,0.013998229288426443,0.08683111749190853,0.037758618709027754,0.28210669787566356,0.11262410413979473,0.009194921666711658,0.4674140993230089,0.21261812833917693,0.015747423399168306,0.684711866378504,0.1631359907434644,0.008886973914097148,0.7421424086528596
177,17.452284402883773,0.19211471258020796,0.5490565991494805,23.68688457362475,0.008187301236748575,0.4940957393835091,0.9630049517256888,5.572987791601808e-07,0.1565053062856608,0.18307729560199157,0.013899411169708666,0.08679925482257052,0.03760513331790811,0.2820909461235246,0.11259567880305303,0.00913368434803952,0.46740102267165534,0.21236385013262576,0.015426002202693639,0.6845611908810488,0.1627007582752851,0.008530652616560237,0.7419010113477538
178,17.412145255905564,0.19056483437996619,0.5497597670182586,24.98664385954411,0.008160330498672923,0.49553811287778,0.9669883368502641,1.2834637763197433e-06,0.15633166065891052,0.18271531864804458,0.013800893425869331,0.08676519342329521,0.037441322851928735,0.28207413319212105,0.11256554419694587,0.00906862379690128,0.4673871088898958,0.21209902488294685,0.01509219992206829,0.6844053696924085,0.16225638353546776,0.00817120887937627,0.741659838072575
179,17.592304971470703,0.32592662010359064,0.5548406119924039,24.366903043721432,0.00813320575491662,0.4982978042277957,0.9705459207827485,2.192013387088695e-06,0.1561438926122231,0.1823297782644983,0.013701985872266969,0.08672853401270599,0.03726507796140011,0.28205605078818624,0.11253340020972054,0.008998955701663636,0.46737219700129207,0.21182134140141679,0.014742860549413912,0.6842429597808711,0.16180001526115767,0.007806008684319725,0.7414171630610167
180,17.113259180766885,0.389653484626529,0.547293113078922,216.932737810433,0.008105928327501413,0.4993411066306932,0.9745451921231574,3.1721728492208774e-06,0.15597641012733193,0.18198233752936607,0.01360837137040641,0.08669576160230055,0.03710762891701902,0.2820399133062952,0.11250456031492662,0.00893668275317963,0.46735885386709164,0.2115718114302706,0.014431934925649741,0.6840969795485436,0.16138986902306768,0.007484017724227887,0.741198816244292
181,18.06989679967592,0.27075346928237565,0.5428582821041346,233.836488083093,0.008078499545890629,0.49884970880601015,0.9789409541659695,4.147730375561992e-06,0.15582919490422473,0.18167172442833815,0.013519305884945957,0.08666728137033122,0.036968461753218225,0.28202566903880094,0.11248000686092839,0.008881556209499488,0.4673470375657181,0.2113569962702132,0.014157098615463113,0.6839667349695416,0.16104816948324663,0.007201481168083377,0.7410034204834685
182,17.348220395484883,0.18571701987612244,0.5415431309957057,179.23487550170978,0.008050920746924387,0.4969943493995961,0.9837100924124335,5.058772219374248e-06,0.15569655248459122,0.18138898790876828,0.013434731117648634,0.08664157971736682,0.03684290248483329,0.2820128376755807,0.1124577727899861,0.008831774106866575,0.4673363634629327,0.2111623474435553,0.013909885834555304,0.6838487571049973,0.16073883177427073,0.006949718221596751,0.7408266482848563
183,16.756228006946717,0.18469983769753356,0.5523330259602517,22.992946140919425,0.008023193274754443,0.4967707931464794,0.9879755956164514,5.955558218809795e-06,0.15554413377506526,0.1810721732381788,0.013348443442333704,0.08661225708967574,0.03669970667580278,0.28199820127885583,0.11243275095124192,0.00877539047185791,0.4673242793276527,0.21094920195989236,0.013638408094867436,0.6837209754778143,0.1604094788270787,0.006683381956740534,0.7406445372062711
184,17.92075260212334,0.18340181025929214,0.5422300328500569,25.292272052091192,0.007995318480778672,0.4979994803624362,0.991787945266902,6.8247508678668e-06,0.15537586247122817,0.1807285933061838,0.01326154710902444,0.08658003294309481,0.03654246530996628,0.2819821070371279,0.1124055397702381,0.008713790511583967,0.4673110617982021,0.21072213705267062,0.013349172535997387,0.6835858597287764,0.1600664975311833,0.006408465618098778,0.7404595823705136
185,17.296396531631437,0.23586034208106668,0.5429368640761822,24.419467865091487,0.007967297723575205,0.500525591936769,0.9951913722136809,7.65716026139757e-06,0.1551937246777459,0.18036162378950055,0.01317413795332502,0.08654529412718419,0.03637302809543387,0.28196473796161753,0.11237647402729921,0.008647705351063607,0.467296859493007,0.2104837459115728,0.013045812073603814,0.6834447676951061,0.15971367385533053,0.006128399714196258,0.7402731498748135
186,17.95888805706122,0.2677342875958843,0.5518692599143833,149.52984244633876,0.00793913236883622,0.5014012466139738,0.9990761851850133,8.305748247540912e-06,0.15502760937821214,0.18002496587534725,0.013091390055304778,0.0865136052067798,0.036218577881452343,0.28194890591300603,0.11234992682817277,0.008587488190316602,0.46728389572448087,0.21026621881982382,0.012771413437430447,0.6833160500677259,0.15939235750266034,0.005877973723248188,0.7401035470671752
187,17.25202232786445,0.19245209757450824,0.5371860470622778,188.72304489939788,0.007910823789301368,0.5007994109894657,1.003355848217465,8.766957993704823e-06,0.15487784636489837,0.17971893585886764,0.013012936217681022,0.08648500498014623,0.03607922546365351,0.2819346348995063,0.11232590725259074,0.008533141704449862,0.46727218491488337,0.2100693050297642,0.012525022062710691,0.6831995238570495,0.1591018387655218,0.005655396268368725,0.739950210954659
188,17.215220206895108,0.17923077077819088,0.5379619300365448,104.44034800876487,0.007882373364690881,0.49888880356435333,1.0080585932978636,9.028148228610368e-06,0.1547363599960612,0.1794301831552675,0.012939283224898457,0.08645803799408974,0.03594784937763633,0.2819211703331344,0.11230332468326121,0.008482009283080811,0.4672611488135598,0.20988510170272462,0.012295654481305597,0.6830905987709568,0.15883193555723263,0.005451279676105492,0.7398083394861314
189,17.37027331408121,0.17827947792583532,0.5337943430058658,23.742324598771987,0.007853782481638316,0.49857425877566963,1.0122594470882194,9.266323947705148e-06,0.15457220969707372,0.17910227331749207,0.012863869809639604,0.08642700410195159,0.03579632344860895,0.28190560556235505,0.11227777023755468,0.008423359750752216,0.46724848328699825,0.2096817533818167,0.012040161062073,0.682970862989202,0.15854342076839986,0.005232117316723012,0.7396600815660351
190,17.168940290726805,0.17707693837224456,0.5421592628117651,24.073883623487614,0.007825052533622976,0.4996798357264777,1.0160127415780906,9.483165768553934e-06,0.1543933974161421,0.1787491545882006,0.012787469936227097,0.08639343814273988,0.035632068594544965,0.28188871658224285,0.11225045781533063,0.008360080117862084,0.467234812432867,0.20946807710964277,0.01177069649017315,0.6828453324478958,0.15824731157696723,0.0050076197343571355,0.739510183091755
191,17.071244168833903,0.17566937042115358,0.5548975479323417,24.190332537167535,0.007796184920902,0.502053591052869,1.0193632383477933,9.680306468319942e-06,0.15420268519905928,0.17837573829645756,0.012710500340812761,0.08635784970385496,0.035457614697029245,0.2818707568903541,0.11222179410218801,0.008293147956560028,0.4672203382473913,0.2092470485125379,0.011491522027566122,0.6827156643269475,0.15794731989011776,0.00478121312664628,0.7393601315534051
192,16.81465505712549,0.44231609828668045,0.5508676739409566,22.199612468723014,0.007767181050442099,0.5055638143944919,1.0223638075688635,9.859312738615319e-06,0.1540054361145209,0.17798301291502244,0.012632338028487821,0.08632555244345724,0.035272712992567075,0.2818515605137797,0.11220350017585536,0.008222327570317383,0.4672049479918033,0.20910163190382913,0.011202026347198964,0.6825814014447705,0.15790736558708263,0.004552862741997662,0.7392097051532157
193,17.88066362651695,0.7133131445583658,0.5508295940235257,272.7619395206821,0.0077380423358510055,0.5073614391106721,1.0257950229740618,9.85910755440727e-06,0.1538317278812182,0.17763355675630615,0.012558104952129395,0.08629714786650744,0.035109662869105634,0.28183465144161834,0.11218745294924,0.008159857653306696,0.46719135588997374,0.20897333875480217,0.010947799522277991,0.6824621181249431,0.15787404941757818,0.0043541308344130355,0.7390756277365365
194,17.7337563057426,0.6769761211262222,0.5508585479110479,348.8443343538922,0.007708770197308559,0.5076232914731938,1.0295895999705886,9.700931539035546e-06,0.1536826361114164,0.17732889789342227,0.012487487165776964,0.08627286336280011,0.034969200594875294,0.28182012783802785,0.11217386987572393,0.008105962310989414,0.467179633878949,0.20886335019512775,0.010728522591520493,0.6823580146418254,0.1578498931820548,0.004183636570474564,0.7389576875251266
195,17.42587755056257,0.38524662037160484,0.5444302330724895,349.1892212984191,0.007679366061497494,0.5065158076736649,1.0337074681374958,9.405861613040032e-06,0.15355538987094128,0.17706405240832812,0.012420179766749747,0.08625223586543569,0.03484873701311858,0.2818077253674315,0.11216246628979919,0.008059643544249833,0.4671695755739702,0.2087695424282733,0.010539737531258407,0.6822674087784486,0.1578335622705398,0.004037337941113697,0.7388540748027932
196,17.876728384730832,0.17125394001032462,0.5476198489777744,252.10233762433128,0.007649831361533909,0.5041948451044318,1.0381404770196234,8.991887778440889e-06,0.1534432336904,0.17682726551140335,0.012355878008798652,0.08623409193365363,0.03474228213052873,0.28179680382247385,0.11215244776534639,0.008018650820679964,0.46716068499615254,0.20868651484956777,0.010372894418645329,0.6821867277334367,0.15782019117566135,0.003908845073700312,0.7387615151158891
197,17.008552622486057,0.1706603227814,0.5436620989348739,23.967191607314824,0.0076201675368974126,0.5034633486145486,1.0420996301335124,8.62766700084761e-06,0.15330831180989185,0.17655156485280135,0.012290095756079691,0.08621170915191959,0.03461608591235108,0.2817838147180192,0.11213903072205562,0.007970437745729706,0.4671502288556449,0.20858244938382767,0.010183444218800712,0.6820969099851278,0.15777693039415183,0.0037688197912343407,0.7386642720960883
198,17.079638488926218,0.16982047809540576,0.5446404470130801,23.842869604610573,0.007590376033360965,0.5041443510571603,1.0456346602101838,8.306664853843022e-06,0.15315657955623052,0.17624730628530075,0.012223381079689576,0.08618622008691323,0.03447557866241266,0.28176932845753405,0.11212310030433287,0.00791707502464164,0.46713865486331735,0.20846330353180004,0.009979174747768058,0.6820011001771626,0.1577112922629051,0.0036225935082467246,0.7385648390975524
199,17.322222666381435,0.17763281163161296,0.549337400123477,25.1848595640259,0.007560458302920422,0.5060850185499115,1.0487882171605616,8.023295321254517e-06,0.15299095811044383,0.17591979797222004,0.01215636392284143,0.0861581387170563,0.034323322246592215,0.2817535927539401,0.11210507589586573,0.0078595156336416,0.4671261523652247,0.20833192357423208,0.00976372798631372,0.6819006505143707,0.15762730022845417,0.003472677427062625,0.7384642295792938
200,17.03160938775151,0.17798182875921215,0.5435890420340002,102.18838359246307,0.007530415803723761,0.5065250242651129,1.0524250715282266,7.628424238660871e-06,0.15283481544464042,0.17561156950659082,0.012093740270753791,0.08613162535514554,0.03418018336060211,0.2817387781696809,0.11208797035379549,0.007805532037503859,0.46711439900193125,0.20820797702523144,0.009563847267917227,0.6818068880084472,0.15754587406991893,0.0033355903813806283,0.7383711266997205
201,17.029017431535216,0.16740478686718135,0.5444256451446563,102.28695019450072,0.00750025,0.5056263514638101,1.0564937153826013,7.145818466971714e-06,0.1526880916375053,0.1753222082457379,0.012035113125472256,0.08610669250271274,0.034046041244754466,0.28172488014399155,0.11207182054735244,0.00775506082427725,0.4671033896356249,0.208091609951666,0.009378924272898591,0.6817196630259338,0.15746776482267416,0.0032105190921316628,0.7382852275987771
202,16.6930484028053,0.16657006559351828,0.5303038889542222,22.86439816400087,0.007469962361987863,0.5061320494923615,1.060123027421968,6.725496660058431e-06,0.15252173422077758,0.1749986538041429,0.011974516654590034,0.08607826374028976,0.033894975472845756,0.2817092040606191,0.11205308666516628,0.007698500195308684,0.46709105231112835,0.20796014003670032,0.009176815256761409,0.6816253155598255,0.15737129392648097,0.0030781404075287924,0.7381962191024474
203,17.278391196563064,0.18193785973224907,0.5402630290482193,23.935424788968195,0.007439554365864094,0.507889442647428,1.0633572352429177,6.358588324861067e-06,0.15233900841576026,0.17464680882181807,0.011912566584806288,0.08604695655404258,0.033729978271771634,0.28169206171308636,0.11203224612555808,0.007636992542311367,0.4670776303503663,0.20781672240772317,0.008961777250967131,0.6815254993572144,0.15726035491622678,0.0029412492407666813,0.7381053286363195
204,17.28087582870146,0.17646578993738232,0.5432852779049426,117.14671651465899,0.007409027493671525,0.5081884446559445,1.0670347581301902,5.927178978560883e-06,0.1521700529270159,0.17431950244565816,0.011854465100885938,0.08601884861018583,0.03357674959995874,0.2816760963431992,0.1120150778779636,0.007579959896982425,0.4670651426727099,0.20769935631487804,0.008764324821747502,0.6814331056218922,0.15720723003338533,0.002817311268516647,0.7380217618321621
205,17.631034610544006,0.16413291477532965,0.5478911760728806,101.11081048176665,0.007378383233246842,0.5071891764921784,1.0711381473607338,5.44573346550268e-06,0.15201152003617838,0.17401239941114638,0.011799710307981656,0.08599242629166842,0.03343327144663916,0.28166112899779944,0.11199884786123387,0.007526656427142214,0.46705344570427904,0.20758895323225698,0.008581745967459904,0.6813471225198351,0.15715492437722045,0.0027043424543405584,0.7379446120647595
206,17.17344571024492,0.16334536150803203,0.5516990791074932,24.513443871117396,0.007347623078148061,0.5075788596811744,1.0748039528873756,5.030471187964861e-06,0.15184027060991442,0.17368320931193174,0.011743655786329528,0.08596376298124309,0.03327917568083921,0.2816450492313164,0.11198092202690739,0.007469652459714108,0.4670409433155342,0.2074693086379616,0.008390555657699838,0.6812576385900151,0.15708935159899923,0.0025892440448253944,0.7378669432665973
207,16.960036469306242,0.16726442291399551,0.5519030089490116,23.210592391334462,0.007316748527581749,0.5092057081420309,1.0780676586790496,4.671354270589042e-06,0.15165010258533929,0.17332102495869886,0.011685689131768057,0.08593178924370584,0.03310896423217084,0.28162726754093315,0.1119606168911734,0.007406948830397256,0.4670271882090202,0.20733638922688255,0.008184921436166366,0.6811620096236556,0.1570077262293816,0.0024690619401500817,0.737786953797412
208,16.981135392865937,0.16154520998956556,0.5524516070727259,91.20018710473612,0.007285761086329943,0.5094147813021129,1.0817907585818811,4.275728912346052e-06,0.1514712144442307,0.17298072551982419,0.011631558886232959,0.0859016903666365,0.03294925992456065,0.28161055265111706,0.11194145329168848,0.007348240291736104,0.46701427163418063,0.20721149182001805,0.007994559000502893,0.6810727902807054,0.15692959170958318,0.0023594887964665896,0.7377129227097426
209,17.380597195635527,0.22043881026152976,0.5429122669156641,25.221516886894854,0.007254662264676809,0.510868072002792,1.085109889584927,3.9351715936000185e-06,0.15127823276977592,0.17261600869620022,0.011576275055545647,0.08586915899154621,0.032777704648806284,0.28159257691725986,0.11192058762602981,0.007285415185687735,0.467000442424707,0.2070776884400665,0.007795021562879508,0.6809796461595001,0.1568408384899465,0.002247753630344315,0.7376380716002444
210,17.31202155836505,0.19390822903387603,0.5441573960706592,175.66285545073487,0.007223453578335045,0.5109281734891279,1.0887957831328698,3.577621321843729e-06,0.151102752627474,0.17228304296655308,0.011523841522044267,0.08583956195463387,0.03262183952083038,0.28157623115693114,0.11190157809399583,0.007228409629650389,0.46698786184333685,0.2069558767639102,0.007615474355845453,0.6808949844456638,0.15675975114260748,0.0021484710114798742,0.7375702086809028
211,17.286131466481187,0.1593181997332508,0.5531455099117011,139.848829253133,0.007192136548371993,0.5097489439079256,1.0928327162486162,3.211526590136527e-06,0.15094148133381402,0.17197609959227705,0.011474142457201755,0.08581236313686194,0.03247881541606242,0.28156121910649234,0.11188408590092908,0.007176164362614555,0.46697630528464856,0.20684403806381094,0.007452430321119635,0.6808174638693326,0.15668488431680586,0.0020594510866276967,0.737508327430938
212,16.901440334870912,0.158584013607328,0.5465935720130801,23.22768864230575,0.00716071270113551,0.5099388580566492,1.096433884637799,2.8994666362593357e-06,0.15076376438326558,0.1716401427182253,0.011422587505837365,0.08578243457252761,0.032321919616906516,0.2815447510937293,0.11186480695541351,0.007119114833006066,0.46696370415957955,0.20672316547793232,0.007278482448340322,0.6807354905787478,0.15660110381367812,0.0019673309214083136,0.7374453121249438
213,17.05546641733255,0.15830498253213465,0.548825500998646,24.280815483156683,0.007129183568179581,0.5113476422430457,1.099643023826474,2.6327155710817544e-06,0.15057219601671984,0.1712798817092056,0.011369668861191994,0.08575021148978594,0.03215344193448365,0.28152705312409865,0.11184404907387804,0.007058099814297959,0.4669502277837998,0.20659512679976222,0.0070963364226369055,0.6806500686708359,0.15651038138585333,0.0018735475008792382,0.7373817561615089
214,16.948748174509298,0.15695920070072164,0.5430194090586156,96.28963469127892,0.007097550686189664,0.5113973368118182,1.1032758338077697,2.35833972519255e-06,0.15039188442936652,0.1709413110253643,0.011320527069202533,0.08571988407177929,0.03199523767792339,0.28151039971285174,0.11182451665147736,0.007000932904540431,0.4669375619701313,0.20647517535096524,0.0069276325026845,0.680570328144232,0.15642503647508313,0.0017880542605532717,0.737322927518088
215,17.025379526601597,0.18470894866143725,0.5366797121241689,25.17861824047782,0.007065815596907797,0.5126684197828076,1.106517131482744,2.1247381999729875e-06,0.15020197092642165,0.17058596663628586,0.011270598721949628,0.0856879888212938,0.031829133646926376,0.28149289616090145,0.11180401518983196,0.006941123922436324,0.46692430459825285,0.20635109488768444,0.0067545715354719055,0.6804887726531218,0.15633590957179475,0.0017026496386835855,0.7372644814427539
216,17.43426878839976,0.16228160441801054,0.5344865599181503,137.13527043919493,0.007033979847057464,0.512604402913085,1.1101353399830565,1.8903042183075394e-06,0.15002698731617442,0.17025787061844375,0.011223433807445258,0.08565859941234064,0.031676284997226564,0.2814767689296749,0.11178512575550038,0.006886194334254455,0.46691209560244895,0.2062370209468215,0.006597147025752411,0.6804139085485243,0.15625389710861437,0.0016260541400105735,0.7372110972400385
217,17.717014319725703,0.15497833154645166,0.5310509831178933,93.01602602083747,0.007002044988268195,0.5113554553711237,1.1141473678714644,1.6579513457617673e-06,0.14986170544096175,0.16994814226063676,0.011179106932365642,0.08563085602859646,0.03153222569978229,0.2814615437452746,0.11176731120010366,0.006834527232140458,0.4669005830723418,0.20612998342250075,0.00645075655745575,0.680343865876,0.15617688186680548,0.0015559727531981728,0.7371616364392068
218,16.43827653396944,0.1542996590021872,0.5452961039263755,22.24077054125288,0.00697001257699996,0.5114434978007478,1.117724269016922,1.4622414852794129e-06,0.14967930452463804,0.16960780014164809,0.011132507981808648,0.08560035580533171,0.031373779120640315,0.28144479710026393,0.1117478446134774,0.006777944040015787,0.46688799461608654,0.20601535617299208,0.006294215823106559,0.6802696686793323,0.15609443512223137,0.0014833701966806662,0.7371112490686034
219,17.05998829294157,0.1534712394305558,0.5471918499097228,24.962941347561845,0.006937884174467288,0.5127213153036514,1.1209143479866592,1.2969412748247027e-06,0.14948713588117252,0.16925025011108266,0.011085018746511306,0.08556829307446308,0.03120730428818165,0.28142718034329,0.11172747753640486,0.006718695948215537,0.4668748053540147,0.2058972097240204,0.006133533757393119,0.6801937346661601,0.15600969577563933,0.0014108384236956406,0.7370611896326185
220,17.060992978931377,0.24231764421130964,0.5580040840432048,24.35183935474884,0.006905661346563195,0.5150608851948292,1.1237690678767736,1.1569341244409842e-06,0.14929040324221768,0.16887651211734683,0.011036471186109328,0.08553970318416132,0.031032612444484926,0.28140856574182244,0.11171726216778163,0.006656627544409481,0.46686093713846555,0.20585285440872292,0.005968511452676734,0.6801158744136379,0.15616937689897775,0.0013384017689403464,0.7370114041581112
221,17.515065242515238,0.32674823193868363,0.5516445110552013,210.16290358552217,0.006873345663782852,0.5159834899605761,1.1269801816315788,1.020227062118117e-06,0.14911267166376838,0.1685376246711345,0.010990463520042109,0.08551384025591337,0.030874937238847752,0.28139174856492244,0.11170795740070426,0.0066006826502118966,0.46684840050584037,0.20581229732616302,0.005821084320168356,0.6800455116114864,0.15631234458713017,0.0012745186840765615,0.73696646925878
222,17.544396706877983,0.23302486488803426,0.5468320811633021,261.41997797780647,0.006840938701147048,0.5156406627057307,1.1304944107457584,8.895116708793638e-07,0.14895457746437227,0.1682343299663598,0.01094664148485471,0.08549087019297541,0.030734712521769094,0.28137679396687215,0.11169973787131864,0.006550982484156225,0.46683724085486894,0.20577647491088324,0.005690956619316637,0.6799826947768408,0.15644118004021285,0.0012187364032207114,0.7369262944678527
223,16.663511202670147,0.15095815984170288,0.5462631420232356,210.56049360224162,0.006808442038125421,0.5141735767468185,1.13428623935999,7.664173277200665e-07,0.14881149811368144,0.16795864466048857,0.010905001387367276,0.08547006463650844,0.03060790934184007,0.2813632695268813,0.11169223521373439,0.006506088523416666,0.46682714289214133,0.20574363776133772,0.0055742890972261495,0.6799258769130108,0.15655648812406334,0.0011693166136462184,0.7368900275739576
224,16.59235810022027,0.15044725572441564,0.5417513209395111,23.430179710964797,0.006775857258559482,0.5140289425751275,1.1376684389898701,6.636948380581594e-07,0.14865370526628666,0.16765740269225873,0.010861925862821723,0.08544666234158142,0.030469247743796356,0.281348496273652,0.11168269034524603,0.006457238374071914,0.46681618521913004,0.2057002016184623,0.0054504450942949425,0.6798662767649492,0.1566511966906539,0.0011185329591361323,0.7368534852061887
225,16.77865499712115,0.14976307645077824,0.5438245278783143,23.53337369033196,0.006743185950585416,0.5150599587675507,1.140679055306703,5.777561671650246e-07,0.14848004766148065,0.16732859739458533,0.010817412554772402,0.08542050996237412,0.030317758435574712,0.28133236339094003,0.11167108070108879,0.006404114275245861,0.4668042890913398,0.20564626467337488,0.005318910182213402,0.6798035614447798,0.15672694604671916,0.0010662771517555754,0.7368164965172712
226,16.915850524638472,0.2649807025440673,0.5506158110219985,24.38861819092305,0.0067104297065566825,0.5171390876001865,1.1433551702083287,5.05670832443038e-07,0.14829229131786895,0.16697547502261428,0.01077188932681643,0.0853919013445903,0.030154930263894434,0.28131501076200144,0.11165764238523092,0.006347243140475362,0.46679155512034387,0.2055832034875369,0.005181131452290431,0.6797382242898228,0.1567860260684174,0.001013142986614734,0.73677927268407
227,17.55044853534851,0.33205260350461363,0.544331236043945,223.06151379245637,0.006677590122966401,0.5178652667553539,1.1463831959512343,4.374312781276771e-07,0.14812393468382845,0.1666573571202209,0.010728670236527628,0.08536625302470474,0.030009049245744004,0.2812994548376863,0.11164558705590519,0.006296363494408097,0.4667801327243415,0.20552659382123997,0.005058860521176907,0.6796795678426286,0.15683906462458955,0.0009665442702581117,0.7367458476093527
228,17.35468132956586,0.22110042232379,0.5480242529883981,272.57861008989124,0.006644668800369547,0.51738425825866,1.1497086484778063,3.739960042568105e-07,0.14797454332484256,0.1663733347144315,0.01068754987212352,0.0853435096969847,0.029879581542821238,0.2812856529126685,0.11163491195654304,0.006251246011117925,0.46676998537236436,0.205476405990213,0.0049511057673552305,0.6796273001107037,0.15688704835486655,0.0009258896313831849,0.7367160018085464
229,16.604301077253282,0.14762335158133907,0.5337582540232688,202.08984310163783,0.006611667343304942,0.5158318686511121,1.1533121160090687,3.157607627077364e-07,0.14783895473794545,0.16611450606828487,0.010648536654928622,0.08532286231403308,0.02976218538449322,0.2812731351753522,0.11162518787788027,0.006210390132619272,0.4667607805815565,0.2054306674180034,0.004854286294848455,0.6795799536442692,0.15692973645523253,0.0008897897930690751,0.736689032075469
230,17.19983455779389,0.14717838873311068,0.53257873095572,25.072199755227924,0.00657858736021704,0.5155720952999695,1.1565228288114944,2.6767931737362484e-07,0.1476867553887927,0.16582673903715367,0.010608403160892161,0.08529949308789496,0.02963125057901746,0.2812591765736237,0.1116136914286152,0.006165053054132031,0.46675059309978645,0.20537678380014723,0.0047496041296327994,0.6795295003603079,0.15696082853881166,0.0008521009677970248,0.7366615767992424
231,17.160248586752342,0.14658395029826324,0.5310700179543346,24.864308405680795,0.0065454304633775495,0.5164609207448017,1.1593816769310878,2.2789994729858932e-07,0.14752158147992142,0.16551634614087643,0.010567341103870139,0.08527402793979318,0.029489936250340614,0.28124411622185463,0.11160082213476405,0.006116347230931986,0.46673966706131986,0.20531673372753753,0.00463963163471703,0.6794769597213972,0.15698228415444798,0.0008136994007142968,0.736634035276142
232,16.52036699405303,0.2045929482245427,0.5497558009810746,22.909889921130617,0.006512198268806849,0.5183729861726298,1.1619221993128488,1.9491770749117566e-07,0.1473430855832423,0.16518258813372824,0.010525173290429464,0.0852464111867912,0.029337946909034966,0.2812279097059181,0.11158658092039261,0.006064181169319733,0.4667279707061329,0.20525065390831332,0.004524348049698247,0.6794222296848889,0.15699494193688307,0.000774624658653211,0.7366063521976224
233,16.94415194644492,0.2444358689269592,0.5533212400041521,188.07614772921406,0.006478892396195212,0.5189877832131987,1.1648145909652452,1.646274286519195e-07,0.14718204212860359,0.16487938445935124,0.01048539961706913,0.08522203502137518,0.02920040369084865,0.28121321599315596,0.11157507755774658,0.0060170437774240484,0.4667173681382945,0.20520057714589432,0.004421031207140806,0.6793726696601354,0.15703784642482943,0.0007400580206420211,0.7365813433204417
234,17.531172526737897,0.16520868406201644,0.5579947840888053,221.40557313303543,0.006445514468823885,0.5184461554957333,1.168011194359246,1.3722780580518258e-07,0.14703698953292518,0.1646050847363679,0.010447626261731405,0.08520007851039847,0.029076593101930753,0.28119998531666507,0.11156470317139351,0.005974680714669385,0.46670782002575084,0.20515536944332757,0.004328846950773216,0.6793280234845028,0.15707622411453268,0.0007095718436706307,0.7365588373554165
235,16.771941485070897,0.14469898134352804,0.552650734083727,140.26369501576926,0.006412066113485961,0.5168793537524089,1.171504492724173,1.1270389042831894e-07,0.14690232346180304,0.16435024566205925,0.010412185349704473,0.08517968454367082,0.028961909008963695,0.2811877197916058,0.11155501084019342,0.005935525351411015,0.4666989791429479,0.20511312815841612,0.004244472140716107,0.6792869133671399,0.15710981979039193,0.0006820565276121222,0.7365382572087971
236,17.143023780679584,0.14429731626763173,0.5534949679858983,25.470744475014097,0.006378548960407088,0.5165674832651993,1.1746167405215657,9.27490898935756e-08,0.1467525278617893,0.164068955560383,0.010375741910334932,0.08515685913523068,0.02883499165613144,0.28117414242515415,0.11154381252360379,0.00589237947972782,0.4666892559684143,0.2050644001225866,0.0041537214708224635,0.6792432682973294,0.15713455396646428,0.0006534399508829656,0.7365173571045069
237,16.369038241267727,0.14374636500532462,0.5431358490604907,23.212420007231408,0.006344964643166021,0.5173701813503736,1.1773853253175706,7.649579672354428e-08,0.14658846451817467,0.16376245631666983,0.010337981014108138,0.08513177720614364,0.028696645744957932,0.28115934150757854,0.11153124082220126,0.005845548261013029,0.46667871727019483,0.20500988872297285,0.0040573947278749285,0.6791973652414683,0.15715146031652025,0.0006239960542805996,0.7364962277983167
238,17.493561283808823,0.14685461540383146,0.5475436369888484,25.61234903831046,0.006311314798615003,0.519165307918615,1.1798458932813065,6.324278560987655e-08,0.14641290915163613,0.16343589849523346,0.01029951045730676,0.08510488566868381,0.028549223469911594,0.2811435612874028,0.11151756831320878,0.0057958369792030584,0.46666753352111207,0.20495087115531266,0.003957191965414038,0.6791498563630465,0.1571617744162991,0.0005942286212104083,0.7364750884011119
239,17.06325466695415,0.15973829271616538,0.5419874291401356,108.51691236992455,0.006277601066799985,0.5197157287525264,1.1826931733702892,5.144357410571703e-08,0.1462484832119922,0.16313030816334997,0.010263750638725954,0.08507968532711593,0.028411473254916466,0.2811287893232526,0.11150471888181153,0.005749491036326343,0.46665707638481974,0.20489549442600805,0.0038648016334232697,0.6791057088741463,0.15716988798137727,0.0005672150020633046,0.7364556080008914
240,16.672438803794652,0.14218220879501048,0.5443243798799813,137.07832207397547,0.006243825090880691,0.5191562760159183,1.1858559430850524,4.113932706805247e-08,0.14609607938215438,0.16284687448107013,0.010230226924843289,0.08505632208273209,0.02828404405127589,0.28111510494761793,0.11149278012110252,0.005706698758711049,0.46664739592703036,0.20484410696385638,0.003780324250332618,0.6790650293810219,0.1571763820589181,0.0005428728482472024,0.736437776525132
241,17.617398176962467,0.14166563120547765,0.5422271860297769,26.349753694655103,0.006209988517050537,0.5197133517458317,1.1886697291299904,3.2873287286409006e-08,0.14592989612159527,0.16253925013459822,0.01019581800695386,0.08503080938856127,0.028145565757455346,0.28110022246844013,0.11147962488737798,0.005660366674929969,0.4666369214983965,0.20478804684799448,0.0036908244933777173,0.6790222871765628,0.1571777103303299,0.0005178716270429305,0.7364197597578361
242,16.595112187135847,0.23260319067915491,0.5435289980378002,24.121246336098768,0.0061760929944563985,0.5212637863990115,1.1911712241087653,2.624533726630717e-08,0.14575316995829926,0.16221292240263582,0.010160454525586083,0.08500369819004729,0.02799883536394947,0.28108445031253926,0.11146557534816731,0.005611463760542094,0.46662587178634846,0.20472871963428252,0.0035982305428735183,0.6789782687545672,0.15717491193781247,0.0004927288740936899,0.7364018055843561
243,17.29651787939263,0.24698391881982928,0.5327627509832382,219.30379960446336,0.006142140175118224,0.5216163911573031,1.1939851049688335,2.0572742281167358e-08,0.14559424881764718,0.16191840336706917,0.010126906257500285,0.0849793282133429,0.0278670621108567,0.2810702740360655,0.11145293961961433,0.005567610444652472,0.46661593593849765,0.2046753699606672,0.00351590467287591,0.6789386965221235,0.15717234495376195,0.00047064426715816136,0.7363856731502799
244,17.210133135112827,0.15341380986684783,0.5264467201195657,235.71606110474036,0.006108131713848528,0.5209028955588703,1.197070024713461,1.5794616437711912e-08,0.14545143670917493,0.16165266634554534,0.010095017583841293,0.0849574360300065,0.027748748718559518,0.2810575410745304,0.1114415800057457,0.005528284693511966,0.4666070068241096,0.20462738624076138,0.003442608253598257,0.6789031159786094,0.15716998837715584,0.00045120527156567103,0.7363711769298176
245,16.877345107851877,0.14006264245888644,0.5369608160108328,119.29639613325138,0.006074069268171734,0.5192466641643071,1.2004491492304754,1.1817502728757874e-08,0.1453192920497198,0.16140488792698177,0.010065065320965419,0.08493803803541786,0.027638568558682367,0.28104565280978944,0.11143320144836447,0.005491721647304796,0.4665986833570457,0.20459821102665662,0.0033751533549867744,0.6788701888906226,0.15721716845159958,0.0004335823499732131,0.7363578785407803
246,16.58364374392777,0.13972939455917058,0.5449221830349416,24.245046205173864,0.0060399544982433885,0.5187909261306377,1.203460223977315,8.739953729754548e-09,0.14517484393582356,0.16113533082566894,0.010034000378269136,0.08491671635836139,0.027518724131456795,0.28103273024339775,0.11142364347294656,0.005452122738460817,0.46658969091472197,0.2045642108104326,0.0033037247310171397,0.6788357219211086,0.1572563091520717,0.0004155073647754454,0.7363445207718605
247,16.98080458395705,0.13925461224807095,0.5555827899370342,24.416232854659484,0.006005789066769251,0.5194003957623048,1.2061366034041845,6.373697302003641e-09,0.14501548773223802,0.16083931638050247,0.010001536373130308,0.08489310220667633,0.02738714711254337,0.28101855055380703,0.11141274437618043,0.005408833656951233,0.46657988060431976,0.20452489502989887,0.0032273655144374005,0.6787992476419692,0.1572879021020244,0.00039679364976042894,0.736330961013704
248,16.69836028531334,0.13866901815232,0.5523493690416217,24.116478100662977,0.00597157463892425,0.5209573291365264,1.208514814292718,4.568474329600683e-09,0.14484581753075323,0.16052502897249182,0.009968132194033386,0.08486790034445953,0.027247616420690093,0.2810035101578617,0.11140089642455292,0.005363099936097228,0.46656952101093524,0.20448187209493557,0.0031482534294358586,0.6787616373669446,0.1573132092472162,0.00037794440092237376,0.7363174391333934
249,16.67570715630016,0.2964683420553684,0.5514319830108434,22.988804626722214,0.005937312882271331,0.5233585734920719,1.2106215532761673,3.2045037761822163e-09,0.14466321064550003,0.1601877581307751,0.00993350819633715,0.08484074701409156,0.027098072560791202,0.2809873898390977,0.11138794185069299,0.0053142814412523755,0.46655846914826227,0.20443468266308243,0.0030655027423630065,0.6787224729347736,0.15733262130809456,0.0003587958485160821,0.7363038373457492
250,16.9066892828947,0.49661471053475453,0.5512349910568446,274.06287012372593,0.005903005466680175,0.5245167499432237,1.213043457472475,2.1474258733508837e-09,0.14450063991026887,0.15988631242535908,0.009900718379745582,0.08481657931710246,0.026965070409022993,0.28097304084301306,0.11137640900028044,0.00527092180494597,0.46654862418835175,0.20439264572768948,0.0029925706186890214,0.6786875266539995,0.15735013807403345,0.0003421180684178696,0.7362916867446537
251,17.090289486641908,0.455564401742538,0.5417380498256534,365.0911635537486,0.00586865406424582,0.5245658197024232,1.215730677279346,1.3540497362431752e-09,0.14435840663102892,0.15962107496455363,0.009869576769855065,0.08479545814593224,0.02684873628866641,0.28096049517978844,0.1113663402010199,0.00523304022252093,0.46654000648314153,0.20435590446236945,0.0029292168878511586,0.6786567912176755,0.15736619501183186,0.0003277582545818724,0.7362809461842252
252,17.677857517860698,0.23376775357002516,0.5413159430027008,355.9521489766026,0.005834260349207154,0.5236296170052174,1.2186542821691566,7.825735937727913e-10,0.1442337374276443,0.1593871652204069,0.00983997625344983,0.08477696513273913,0.026746763579691624,0.2809495069693397,0.11135752929992566,0.005199860846781124,0.46653244772435926,0.20432370818976822,0.0028739991941858717,0.6786297039058758,0.1573808620556882,0.00031534144432731487,0.7362714347405931
253,16.84738536833162,0.13676739532138102,0.5489798551425338,240.70571020052387,0.005799825997865329,0.5218220486066217,1.2218040709012588,3.9429561998468103e-10,0.14412172166271972,0.15917606246526114,0.009811876538836705,0.08476034624000574,0.026655130224398686,0.2809396337761947,0.11134960668440749,0.00517008184889736,0.46652565404247875,0.20429474784263085,0.0028247526343421815,0.6786053568995881,0.15739398386464432,0.00030437845514052846,0.7362628921819615
254,17.465060474697676,0.13653225728648763,0.5495361059438437,26.922531708101356,0.005765352688502049,0.521181238033609,1.2246098558691543,1.5821092915239575e-10,0.1439974616924633,0.15894339275852232,0.009783172320788758,0.08474190689639502,0.026553909725680995,0.2809287246405636,0.11134073443870296,0.0051373305959906464,0.46651820147059275,0.2042626173514223,0.0027718802932796887,0.6785796206995119,0.1574036212168733,0.00029300717234420073,0.7362542775821799
255,17.100020704857826,0.13616585876679607,0.5444253080058843,24.84022081695163,0.005730842101297777,0.5215748056554961,1.2271030962331906,3.662768250740602e-11,0.14385868632060758,0.158684956086552,0.009753432590122553,0.08472133020687109,0.02644133802740394,0.2809165909090804,0.1113307689250983,0.005101065289016404,0.46650996755731694,0.2042268744719734,0.0027146798094739733,0.6785521484985487,0.15740991048249542,0.0002811121964220375,0.7362454986926972
256,16.889987522602,0.13568911957133736,0.5483118570409715,24.881483432363,0.005696295918249847,0.5228874118304424,1.2293165583407832,4.0411083758284753e-14,0.14370813831169307,0.15840566996135746,0.00972293676145863,0.08469902275346676,0.026319646832580378,0.28090346459700194,0.11131992391390043,0.005062009241667638,0.46650110594408567,0.20418831641115634,0.0026543140538267235,0.6785233857089134,0.15741338260844634,0.00026892641420173173,0.7362366559741516
257,16.627320986443955,0.2877308599813006,0.5323822479695082,23.748133671060145,0.005661715823090485,0.5250180131695009,1.2312756833104832,2.544736501247271e-11,0.14354382612905411,0.1581020034792229,0.009691537581174879,0.08467469395250328,0.026187279925809968,0.28088917234308675,0.11130806643870736,0.005019681160543682,0.46649150279268065,0.204146553610569,0.002590195311115398,0.678493030955623,0.15741414963237751,0.0002563634963412824,0.7362276760646457
258,16.6719595932021,0.449277640954719,0.5332989189773798,295.6745143359685,0.00562710350120474,0.5259830346778844,1.2335315031889085,9.430799328784825e-11,0.14339720114591722,0.15783007689590695,0.009661906627726835,0.08465297812086937,0.026069209990790747,0.2808764151780721,0.11129747958573653,0.0049819878657346,0.4664829289098938,0.2041092357630168,0.0025335057395139624,0.6784658941408326,0.15741487626125583,0.0002453796368530712,0.7362196433887128
259,17.041264285593446,0.3869895262970559,0.535083242924884,370.25131226740695,0.005592460639548352,0.5259095013543122,1.2360421752456523,1.9117739359506253e-10,0.1432684860709694,0.1575901111118323,0.009633822049255654,0.08463392334065999,0.025965564655696154,0.28086522138862413,0.1112881861385913,0.004948937785355565,0.4664753983012517,0.20407641674180335,0.002484082286200292,0.678441969532507,0.15741572460259254,0.00023588380505307495,0.7362125310947534
260,17.20241124703656,0.18724064702662915,0.55029427097179,333.7491061762421,0.005557788926565523,0.5249144816820995,1.238784628401335,3.034007817548979e-10,0.14315527563131508,0.15737781554502073,0.009607110623257751,0.08461717532605197,0.025874389214917467,0.28085538370634494,0.11128001183885948,0.004919888807444085,0.46646877211515947,0.20404748650283264,0.002440847573295866,0.6784208333380127,0.15741663588507335,0.0002276415354285642,0.7362062234784894
261,16.493033341990046,0.1341340839831396,0.5507386359386146,195.91854746516705,0.005523090052106634,0.5231055125129442,1.2417561025876553,4.2068208834440555e-10,0.14305223270499498,0.15718396393772407,0.009581810668311702,0.08460193273592304,0.025791428547778317,0.28084643160890566,0.1112725690050449,0.004893483439537652,0.46646274164315477,0.2040211842654442,0.002401839141564848,0.6784016513261505,0.15741734122422793,0.00022028488533864195,0.7362005197687295
262,16.53062619982796,0.13391818103572675,0.5592891830019653,23.30539400057596,0.005488365707345868,0.5224125874108498,1.244396841748131,5.420503459334026e-10,0.14293189613969975,0.15695920472126387,0.00955514800296299,0.0845842203912784,0.025695038686129434,0.28083603642585087,0.11126395003680387,0.004862965938323117,0.4664558009536734,0.2039914015376955,0.0023579476608372994,0.6783805062022902,0.15741613353802592,0.00021232013518283517,0.7361945822932752
263,17.491554729533085,0.13359348865520532,0.5526369719300419,26.517259631265706,0.0054536175846988015,0.5227086369746587,1.2467445676889806,6.638790965648939e-10,0.1428006408113908,0.15671516474522673,0.009528011551085003,0.084564935868876,0.025590245306980546,0.2808247213552653,0.11125458800466315,0.004829904441488376,0.46644828621929285,0.20395954082142742,0.00231132863920187,0.6783582627789656,0.15741354506442934,0.00020410640417170816,0.7361885852940145
264,16.865005192701386,0.13316718389163426,0.552532902918756,24.964039273998303,0.0054188473777399115,0.5238826128994646,1.2488277610498864,7.835457741202299e-10,0.142658163647203,0.15645119800544327,0.009500211028832724,0.08454405691476008,0.025476878394120377,0.28081247133115766,0.11124448082028077,0.004794268335778717,0.4664401906825928,0.20392562952219906,0.002262027790446954,0.6783349133370262,0.15740969341753658,0.00019566221719702315,0.7361825236552882
265,16.77195619924004,0.18280402973429305,0.5412556119263172,24.13351841801786,0.005384056781120031,0.5258373201083159,1.2506863402188877,8.992048786021255e-10,0.14250996099734334,0.15616889417379948,0.009471595069259335,0.08452645330870266,0.025355145679685595,0.2807992277810761,0.11124418786171515,0.004756064830113705,0.46643148526353945,0.20396296802370353,0.002210135726555277,0.6783104499130198,0.15764260740501412,0.00018702043406834044,0.7361764007536612
266,17.093327242463186,0.2790402437214155,0.5425358349457383,184.11877232559132,0.005349247490483755,0.5266958806050759,1.252857084066861,9.957608272824834e-10,0.14237553948230008,0.1559123160698149,0.009444627671551653,0.08451044991601611,0.025244945589893642,0.28078722605162865,0.11124381500056141,0.00472153744152912,0.46642359650027954,0.20399609555969958,0.0021636290489836577,0.6782883152993008,0.15785137676222377,0.000179366459181006,0.7361708730607882
267,17.099472663139522,0.22950518463558042,0.5415481170639396,278.98208196016805,0.005314421202386803,0.5265780715162921,1.2552800704530525,1.0720838379054513e-09,0.1422557549087241,0.15568272515672169,0.009419085738837145,0.08449621602784839,0.025146791619502566,0.28077653510765777,0.11124352910080382,0.004690829449955474,0.46641656707108997,0.20402592055848745,0.0021225397823144486,0.678268570297108,0.15803860111506116,0.00017266873077455665,0.736165937213595
268,17.085425725834238,0.13186381743028194,0.5448581301607192,247.20232584186334,0.005279579614213322,0.5255946054434864,1.2579310950544567,1.1274942318434144e-09,0.14214813764928752,0.15547571255791942,0.009394892638687003,0.08448342039493367,0.02505863096842915,0.2807669321888997,0.1112432505697183,0.004663284612569589,0.4664102517905946,0.20405256645992165,0.0020859098067728898,0.6782508282473404,0.15820642927426,0.00016675546950687835,0.7361615055649613
269,17.027140286918236,0.1315849718352375,0.5464210237842053,24.854064846477108,0.005244724424093169,0.5255951900187772,1.2602839553712566,1.1783254310031045e-09,0.14202452985661543,0.15524083504888625,0.00936973116806222,0.0844680536520651,0.02495848262157577,0.2807560303801603,0.1112411758511291,0.004632130825486119,0.4664031275452216,0.20407105218975585,0.0020454028514618455,0.6782314901015897,0.1583554659756788,0.00016043003901832672,0.7361569041711207
270,16.72194244287362,0.1559726096548758,0.5402626199647784,24.133276625953833,0.005209857330819133,0.5264684714782474,1.2623705864605401,1.224817453688624e-09,0.14188828242580814,0.15498400006560067,0.009343843175773227,0.08445064857492735,0.02484903566005408,0.28074411917058634,0.11123762464768182,0.004598217272259038,0.46639538202818837,0.2040826725557382,0.0020021470657740734,0.6782110072192985,0.15848778258801366,0.00015386377804070694,0.7361522134444912
271,16.766755318052528,0.1397779153527104,0.5346767629962415,153.58436528908652,0.005174980033764154,0.5263903486086182,1.264736733753733,1.2492347856824585e-09,0.14176308110623495,0.15474780799806467,0.009319570060490043,0.0844346033921407,0.024748656448946468,0.2807331815545116,0.11123422989133176,0.004567157728453094,0.46638827087800466,0.20409246770338194,0.0019628678346531774,0.6781922642025204,0.15860621254063365,0.0001479741836588125,0.7361479418648584
272,16.412828209840978,0.13074459550824713,0.5345352028962225,121.9335090836519,0.005140094232798483,0.5254692136114599,1.2673655497589167,1.252636168776274e-09,0.1416464073067345,0.15452781957104775,0.00929691330059047,0.08441959049707935,0.024655380436429106,0.28072300565406844,0.11123089300642353,0.004538349235613667,0.46638166126865754,0.2041003968437341,0.0019267565604792038,0.6781749332644507,0.15871213245379515,0.00014262996077087954,0.7361440215724809
273,16.892947551879924,0.13046327734733795,0.5332276429980993,25.049752252463925,0.0051052016282068435,0.5254999085962239,1.2697140433891487,1.2556869398806859e-09,0.1415229965975334,0.1542884890554435,0.009273459506164518,0.08440730309732664,0.024553455114612977,0.2807118197462868,0.1112362605018934,0.0045069264979018045,0.4663744403594122,0.20417202398368112,0.0018881200997034164,0.6781565526249871,0.1590315220110233,0.00013707712564056042,0.7361400282995375
274,17.314922992594663,0.13009642105219896,0.5504864570684731,26.743202890596802,0.005070303920605558,0.5263744500734333,1.2717998740944572,1.2584227197875753e-09,0.1413908358025308,0.15403481813452985,0.009249723396849676,0.08439321802491398,0.024445555216126937,0.2806999800186689,0.1112396571844098,0.004473774937053376,0.4663668247985194,0.2042322485084554,0.0018480325220077915,0.67813756473145,0.15931693568044422,0.00013145629109276893,0.7361360288570382
275,16.58560385451538,0.22820922642472896,0.5509980979841202,24.45372347305427,0.0050354028108596585,0.5279981682916304,1.2736475646236878,1.2608755994104857e-09,0.14124821273319768,0.15376351914896383,0.00922540390350686,0.0843771631524255,0.024330341876152576,0.2806873405506683,0.11124113072791098,0.004438502214421182,0.4663587246977132,0.20428186433668807,0.0018061066711511082,0.6781177835388985,0.15957177332056907,0.00012572452203496643,0.7361319908728111
276,17.09698835435074,0.30846882818241783,0.5578648548107594,253.63995201095852,0.0050005,0.5286205424976742,1.2757549968400619,1.2462149665254125e-09,0.141120032987943,0.1535190866516066,0.009202446435921451,0.08436271715442777,0.024226886742971753,0.28067598134953525,0.11124241771810053,0.00440688104763074,0.4663514443505539,0.2043262037382508,0.0017687906539322871,0.6781000016306236,0.1598001604837091,0.00012067859199654007,0.7361283639416181
277,16.88846570691012,0.23058070678545237,0.5516803399659693,325.01910575885535,0.004965597189140341,0.5283528157250581,1.278080426423806,1.2170617570089212e-09,0.14100628657293954,0.1533013133348681,0.009180713572921852,0.0843499304245533,0.02413507155533816,0.2806658984616409,0.11124363734920674,0.004378860391408372,0.4663449803384891,0.20436608419578148,0.001735917381658699,0.678084184137483,0.16000487413803743,0.00011627385865200406,0.7361251329824499
278,17.045775130381173,0.12895580153884012,0.5460276720114052,249.21736490170053,0.004930696079394444,0.5272973490576253,1.2806121293219674,1.1752322376476488e-09,0.1409042481596571,0.15310525757509694,0.00916005880678121,0.08433845682954669,0.024052740027997364,0.28065685610401364,0.11124471814749749,0.004353771478282307,0.4663391833265571,0.20440175749961564,0.0017066531139439476,0.6780699913741857,0.16018830097819575,0.0001123888309130886,0.7361222352909813
279,16.61429740563246,0.12871962114532706,0.5433040959760547,24.262949696824915,0.004895798371793159,0.5271715925290458,1.282860129793915,1.1383959043506762e-09,0.14078940507416807,0.15288692191378078,0.009138584235528158,0.0843249015608525,0.02396114114732216,0.2806468121625569,0.11124421578302049,0.004325979632962693,0.4663327825624143,0.2044298195943639,0.0016749096348099364,0.6780547905917169,0.16035179488663223,0.00010829923246468521,0.7361192595787555
280,16.454684252107203,0.13436375641533688,0.5389109139796346,23.66717333172468,0.004860905767201518,0.5278694027597217,1.2848525119819723,1.1059096386989847e-09,0.14066198338954836,0.15264658196339134,0.009116199048603805,0.08430934313557915,0.023860472155384164,0.28063578745952633,0.11124224018566983,0.004295561218125822,0.4663257930764739,0.2044509604750842,0.001640834010574224,0.6780386208182189,0.16049740498372025,0.00010402959232886917,0.7361162106106133
281,16.211241793878013,0.12814322375888737,0.5464257788844407,121.44005776828651,0.0048260199662358465,0.5276961023547566,1.287111172752578,1.0618207569002555e-09,0.14054327578979392,0.15242292756165007,0.00909543180926467,0.08429476818195736,0.023766952980497896,0.2806255328686102,0.11124018493889704,0.004267358114653973,0.4663192982500735,0.20446915081559305,0.0016095231651281163,0.6780236684116578,0.16062768003242783,0.00010015709453043113,0.7361134106926952
282,16.80428374136333,0.14124038039124898,0.5426733400672674,24.927164439148914,0.004791142669180866,0.5283392247176311,1.289112973228959,1.023108059004112e-09,0.14041247472896723,0.1521781191966672,0.009073941204815658,0.0842782939090844,0.023664647658023587,0.2806143150845949,0.11123682539905218,0.0042366107571763815,0.4663122248575471,0.2044815514982312,0.0015760128576571592,0.6780077861068193,0.16074355713748167,9.612360139807656e-05,0.7361105422690161
283,17.32941390676087,0.12756002022138022,0.5466338940896094,129.61093604107307,0.004756275575906832,0.5281292037481718,1.2913776345980363,9.748618489622728e-10,0.14029136889751526,0.1519514735455772,0.00905385782844623,0.08426299046231739,0.02357015728631496,0.2806039416235572,0.11123357330595052,0.004208267185663086,0.46630568939195627,0.20449203687213502,0.0015453929607598222,0.6779931711148581,0.16084720824405077,9.248433236476408e-05,0.7361079179913133
284,16.506368358740954,0.14469426055117368,0.5421299138106406,24.290262853502128,0.004721420385786677,0.5287273297957248,1.293386409007811,9.326595218031852e-10,0.14016043975000525,0.15170750673166872,0.009033030794920216,0.08424617414918764,0.023468622548607262,0.28059279931890285,0.11122929277536747,0.004177917127199517,0.46629869973545995,0.20449800303043994,0.0015131794670733235,0.6779778896426456,0.16093934357313944,8.875259749603696e-05,0.7361052619596606
285,16.60751714831489,0.12698959486178865,0.5390545630361885,145.72375174382827,0.004686578797613198,0.5284887542919212,1.29563861838503,8.832327013168928e-10,0.14004010952219142,0.15148313079184803,0.00901349688266549,0.0842306873589301,0.02337549365967796,0.2805825664557076,0.1112252704685626,0.00415012864157809,0.4662922841419569,0.20450287106187426,0.0014839266617340833,0.6779639064957032,0.16102174954820864,8.54044836280232e-05,0.7361028427712055
286,17.71605378046639,0.14459841637347282,0.5275709871202707,28.252775380300534,0.0046517525095162455,0.529049219140091,1.2976402879068805,8.401314386922238e-10,0.13991464601690967,0.1512499462050845,0.008993850975595479,0.08421436495085788,0.02327882071263213,0.2805719398621463,0.11122059602495199,0.004121365251440107,0.46628564421565744,0.20450460464484982,0.001454112600241848,0.6779497029542352,0.16109502490113295,8.206896068814774e-05,0.7361004505076006
287,16.383057623105643,0.1264644813951101,0.5368800018914044,155.66809109333016,0.0046169432188799715,0.5287888089449628,1.2998717364452008,7.915964999034705e-10,0.13979944031397926,0.15103566368354765,0.008975443577234976,0.08419935648476,0.023190222366637262,0.28056218994785376,0.1112162386792323,0.004095051297523362,0.4662795559611666,0.20450573641034892,0.001427056716605096,0.6779367199704404,0.16116054559276347,7.907745686619496e-05,0.7360982736870231
288,16.462797737407293,0.14145026233056443,0.5498415608890355,24.545104912754486,0.00458215262226009,0.5293174566084885,1.3018507299266442,7.49381884299663e-10,0.1396742859224442,0.1508037069874815,0.008956323427043496,0.08418288728037121,0.023094425497194947,0.2805516507674596,0.11121102369841848,0.004066693166166428,0.4662730038799191,0.20450360751824664,0.0013984174996044686,0.6779230786920281,0.16121861506623011,7.599322926618884e-05,0.736096063463685
289,16.90484151698121,0.12594506280479792,0.5523417780641466,137.17910991822086,0.004547382415301199,0.5290410987412079,1.3040690327343494,7.027473099504812e-10,0.1395596477872082,0.15058975944350025,0.008938416602872036,0.08416845092417743,0.023006207869672616,0.280541922531317,0.11120784940582115,0.004040606453999132,0.46626695934009643,0.20451305900947817,0.001372292148611467,0.6779105484451959,0.16130981534494238,7.321444028882266e-05,0.7360940449520934
290,16.608617025821832,0.13638549262283775,0.5598888110835105,23.051058153502336,0.004512634292654133,0.5295432089360645,1.3060328887224548,6.622841196587949e-10,0.13943151159246084,0.15035174506701918,0.00891937229010593,0.08415204793424552,0.022908235215532105,0.28053113428426674,0.11120351387778638,0.004011751933686431,0.46626029145622777,0.204518026681743,0.0013439561054584043,0.6778970879125454,0.16139082752200515,7.028507556961295e-05,0.7360919579764529
291,16.291928900083224,0.12540419691243374,0.5532588618807495,139.35909992319554,0.0044779099478933675,0.5292549285388524,1.3082229271611905,6.186295997423438e-10,0.13931335103521453,0.15013223299168998,0.008901617111089286,0.08413689310608877,0.02281808176221862,0.28052119477709947,0.11119943065132644,0.003985250465024662,0.46625415293054606,0.204522002498191,0.0013181511380585976,0.677884740508776,0.16146325588414986,6.764996573509651e-05,0.7360900534360498
292,17.16085613598104,0.13057851475840396,0.5526433540508151,26.021701442651178,0.004443211073434475,0.529734310283194,1.310165975753238,5.808294021130135e-10,0.13918737581405077,0.14989889546754848,0.00888331953641874,0.08412056819757273,0.022722393681894496,0.2805106462265933,0.1111945984273502,0.003957211432083875,0.46624766393271067,0.2045228703344495,0.001291300618304293,0.6778719595054985,0.1615276138970376,6.497452138795068e-05,0.7360881408175842
293,16.44109621058788,0.12487919943398894,0.5368325251620263,129.16115515381617,0.004408539360451648,0.5294378686384066,1.3123350384471715,5.406147764384675e-10,0.13907049998416046,0.14968249408575088,0.008866327957258975,0.08410539518624886,0.022633807906986984,0.2805008681973385,0.11119003458136269,0.003931302511747129,0.4662416544365331,0.20452310519601458,0.0012667067541289028,0.6778601749177168,0.1615851167488368,6.255503904179931e-05,0.7360863883578176
294,17.23309801657343,0.12485876875397182,0.5415320398751646,25.772127387182806,0.0043738964987952616,0.5298977643340537,1.314257321377184,5.058580245013769e-10,0.1389437282757765,0.1494484744118808,0.008848645622394161,0.08408879557126551,0.022538116433813482,0.2804903074274633,0.11118467059545592,0.0039034052104472464,0.46623519113483874,0.20452045661998125,0.00124068584122056,0.6778477888613159,0.16163609684157124,6.006101635989296e-05,0.736084606925974
295,16.87856340161692,0.12435072074300423,0.541526050074026,102.96453804562123,0.004339284176909517,0.5295966320528465,1.3164250134220334,4.690191171096519e-10,0.13882534281844358,0.14923009712053378,0.00883225245551216,0.08407326662763438,0.022448947894324008,0.2804804521025324,0.1111795853681175,0.003877457275405736,0.46622916532038167,0.2045174552565084,0.00121670256153708,0.6778363006045169,0.16168160887180522,5.779293322952735e-05,0.7360829669063256
296,17.11703014548885,0.12404804728785096,0.5498374220915139,25.393660026124476,0.004304704081750153,0.5300402351815728,1.3183464276498793,4.3724406240568376e-10,0.13869788428777488,0.14899543557314185,0.008815091324730245,0.08405646125698432,0.022353315482784047,0.28046988760033253,0.11117381332485947,0.0038497222378482783,0.46622273325134483,0.2045121050926403,0.0011915083830411769,0.6778243046580751,0.16172190126748268,5.54702563217568e-05,0.7360813080585505
297,16.390932270772634,0.18684269885090857,0.5419276680331677,23.63421224654826,0.004270157898702224,0.5311431343524772,1.3200610718603827,4.097649791433708e-10,0.1385686857543091,0.14875011001639682,0.008797225212745754,0.08404310234048205,0.02225313594413434,0.2804587579353184,0.11117705913468806,0.0038207057191284406,0.46621598643631895,0.20457133761097582,0.0011655660974273976,0.677811980685202,0.1619785695314253,5.313601578999279e-05,0.7360796517941862
298,17.10038512522344,0.20755815116609996,0.5467007320839912,219.98680381211713,0.004235647311497952,0.5314319848971114,1.3219874259026787,3.8112479781754295e-10,0.1384523698375923,0.14852882805429188,0.008780342370561203,0.08403105526892121,0.02216309191284998,0.2804487437152151,0.11117992291578432,0.003794675421829052,0.46620991795908096,0.20462424270044174,0.0011424696596502202,0.6778009035928754,0.16220830939149955,5.1079989238615736e-05,0.7360781645874486
299,16.491219264822302,0.14376274107381876,0.5355322449468076,263.4830240549977,0.004201174002134672,0.5309995342240317,1.3240880272334514,3.520817827527766e-10,0.13834776420026737,0.1483294168092261,0.008764395490478907,0.0840202027489866,0.02208219157051473,0.28043974028416596,0.11118245280581608,0.003771328371077633,0.46620446333838245,0.20467150166397446,0.0011218996956088578,0.6777909539860558,0.16241391829410406,4.926704219334716e-05,0.7360768300137253
300,16.245522886914003,0.123121565378014,0.53002147981897,161.59354960776113,0.004166739650792848,0.5299308832784783,1.326362041820206,3.2293417009590793e-10,0.13825140374901163,0.1481457227519561,0.008749415746527078,0.08401012593481844,0.022007873151977934,0.2804314648758544,0.11118456280992614,0.003749920809344302,0.4661994541153776,0.2047134553137598,0.0011031865937264648,0.6777818509641749,0.16259786770240262,4.7636516023507984e-05,0.7360756152628101
301,17.141134838406636,0.12292818066009943,0.539109944133088,26.61794969382192,0.004132345935754183,0.529660165986471,1.3283809053309914,2.979342583792016e-10,0.1381467875831814,0.14794775513723318,0.0087338832162837,0.08399863829764008,0.0219279279983316,0.28042257469635445,0.11118542850318297,0.0037269709111017275,0.4661940971110939,0.20474887363546598,0.0010834777474749487,0.6777723515118411,0.16276215208056274,4.5963547180703756e-05,0.7360743903921804
302,16.727422639805962,0.1226606736293384,0.5461069489829242,24.56597253547154,0.004097994533319826,0.530094636144115,1.3301694169125224,2.764313907199106e-10,0.1380328760910059,0.14773349208630557,0.008717588018374411,0.08398564961914962,0.021841611651857513,0.2804129900426793,0.11118508713136073,0.0037022804259092155,0.4661883470153239,0.20477827432777382,0.0010626424509306823,0.6777623879252075,0.16290880340146408,4.423995475627652e-05,0.7360731478270284
303,16.694964394623323,0.12281450777846814,0.5574127179570496,25.53283254530827,0.0040636871177286695,0.5311529271427926,1.3317542564382534,2.5788600469945004e-10,0.13791369645001336,0.14751019888422778,0.008700928048137295,0.08397172324145849,0.021751861399583326,0.28040302706849257,0.11118383500274444,0.0036766844016635904,0.4661823894813689,0.20480265628897074,0.0010413653720056197,0.677752245293381,0.16303972120499122,4.251857331808193e-05,0.736071915297435
304,17.000439873567434,0.1289260818363502,0.55463732406497,110.85049629071231,0.00402942536107575,0.5314384884921116,1.3335811240543962,2.3866227292524267e-10,0.13780261037725688,0.14730234119599664,0.008685536254038815,0.08395866452420411,0.021668430569375667,0.28039375292937885,0.11118246746097912,0.003652933264052486,0.46617684870884474,0.20482396358234303,0.0010217939714218317,0.6777428572242561,0.16315675301203791,4.0955537354933164e-05,0.7360707823981998
305,16.588944400642966,0.12191476207563881,0.5549005770590156,125.0869475525563,0.0039952109332307495,0.5310397804226161,1.335610220426095,2.1926069936504744e-10,0.13769927496280368,0.1471091272331286,0.008671205535492024,0.08394645359766113,0.02159101123788116,0.2803851380338897,0.11118102691812873,0.0036309324350253577,0.46617170657761003,0.20484258534393898,0.0010038176546894359,0.677734186389463,0.16326136334457142,3.953766596328134e-05,0.736069743185975
306,16.86540137856037,0.12166309121046695,0.5525847640819848,24.88962426304108,0.003961045501756612,0.5313370538711102,1.337407462050315,2.0261193918064094e-10,0.13758654342253687,0.14689919118399167,0.00865607126871686,0.08393284607061854,0.021507088495973263,0.28037581320723637,0.1111786495677381,0.0036071688718803084,0.4661661662384826,0.20485710959491027,0.0009847413719147999,0.6777250613120331,0.16335462807441012,3.807158004596034e-05,0.7360686859255876
307,16.58125398853886,0.1595175719656055,0.5366327059455216,24.617701667559103,0.003926930731828268,0.5322495681139991,1.3389980525484964,1.8828535037026018e-10,0.1374665626230563,0.14667640633176326,0.008640345651842359,0.0839181374201872,0.021418215410202973,0.2803659417684692,0.11117549673837417,0.003582080853277834,0.46616032242223715,0.2048681120644317,0.0009649194372374314,0.6777156225549632,0.16343776223927822,3.6583693013198956e-05,0.7360676232858447
308,16.54082017088438,0.16493716831716868,0.5358891761861742,193.22044349122666,0.0038928682861514748,0.5324267007011503,1.340783127098234,1.7384656570029659e-10,0.1373576433647368,0.14647391867829954,0.008625581981627441,0.0839047664048004,0.021337654348511505,0.2803569831899009,0.11117258590458974,0.003559366897431944,0.4661550184189074,0.20487776975034042,0.0009471051332337586,0.6777070707146187,0.16351206916467562,3.5260912635877736e-05,0.7360666630956326
309,17.128284426562523,0.12257547672280751,0.5441066138446331,200.39624574111323,0.0038588598248817775,0.5319536059261101,1.342741461930524,1.5951691151482557e-10,0.13725902639551812,0.14629025635876974,0.00861162482762012,0.0838926488720017,0.02126479593923982,0.2803488750563508,0.11116991811878953,0.003538860041738752,0.4661502202017724,0.20488627767756779,0.0009311326767018135,0.677699346417312,0.16357848463424804,3.408668801351113e-05,0.736065797752891
310,16.931369341202647,0.12084909345113033,0.5405191278550774,116.35823140144002,0.0038249070055436027,0.5309080630635216,1.3448782100005272,1.453684193056323e-10,0.1371668639497358,0.14611875473029873,0.008598664137076193,0.08388128728997102,0.02119685221834224,0.28034130690837744,0.11116732103003826,0.003519767922344868,0.4661457464727861,0.20489348486573863,0.0009163848871823433,0.6776921859185329,0.1636378057367951,3.3015803805701566e-05,0.7360650020097856
311,16.590805905324693,0.12066059667974116,0.5418949062004685,23.331387569930016,0.003791011482949462,0.5305994567161627,1.3467703857768085,1.3327984327768577e-10,0.13706319283309146,0.1459265204972129,0.008584726566934748,0.08386833315329899,0.021120819388573634,0.2803328501952746,0.1111638837334141,0.0034984811145526854,0.46614077489855793,0.20489786210256714,0.0009002562485497176,0.6776844509151061,0.16369057546934682,3.187779377528013e-05,0.736064176493883
312,16.883447223210794,0.12041621778731298,0.548155440017581,25.751049794676298,0.003757174909119309,0.5309415391739936,1.3484573443241659,1.2292100889088524e-10,0.13695684354068516,0.14572319513802198,0.008570265443945357,0.08385811443871885,0.02104016443001921,0.2803238301082169,0.11116795303122634,0.003475923527762638,0.4661354957991214,0.2049564062143275,0.0008834268728566458,0.6776764190926241,0.16392670585636496,3.071868718473004e-05,0.7360633454556967
313,16.89877154641075,0.12011278528963061,0.536777111934498,25.496303050402485,0.0037233989332000153,0.5318583288518666,1.3499487887646844,1.1401912571125934e-10,0.13684275930170006,0.14550668823252463,0.008555265317880744,0.08384648121748517,0.020954482207758696,0.2803142559450594,0.11117059765711931,0.003452036676088145,0.4661299114697788,0.2050069317705558,0.0008658786225857786,0.6776680801164587,0.1641376355137367,2.9537493116795917e-05,0.7360625066773807
314,16.545083888513542,0.18038424533397476,0.5294645722024143,24.286594307680726,0.003689685201384996,0.533282961658453,1.3512663440591783,1.0634822697854184e-10,0.13672302199119207,0.14528060714173174,0.008539780432780057,0.08383376442317846,0.020865277287791802,0.28030429520518835,0.11117204468096464,0.0034272473113169137,0.46612411972254536,0.20505044373923706,0.0008479313297228004,0.6776595683315888,0.16432602610538954,2.8355036705621953e-05,0.7360616709907245
315,17.418693168900262,0.2762138669026101,0.5360206761397421,225.52796879620533,0.0036560353568339784,0.5339569998764783,1.3527837887491287,9.860522539135357e-11,0.1366151400928909,0.14507660404535952,0.008525214615661428,0.08382228693068111,0.020785030527292733,0.2802953254312791,0.11117329290984904,0.0034049885507196416,0.46611890603361833,0.20508924465094863,0.0008319330635839217,0.6776519126559475,0.16449442533075234,2.7311796777624046e-05,0.7360609203020428
316,16.963803415807266,0.2556483388213017,0.5503382778260857,319.6085611298518,0.0036224510395929128,0.5339661082207281,1.3544640620323611,9.094715454948219e-11,0.13651939130561364,0.14489501213852174,0.008511447126134214,0.08381212722939091,0.020713876253136428,0.280287369344629,0.11117444406398166,0.003385276723762803,0.46611427988188925,0.2051239756181901,0.000817852512969187,0.6776451145914536,0.16464495039453855,2.6401311277802752e-05,0.7360602529176486
317,16.669750927538967,0.15339917035612843,0.5528502301312983,314.74847891234435,0.0035889338865140396,0.5333881994684456,1.3562851337815094,8.347052682852765e-11,0.1364340504602314,0.144732708379577,0.008498443683022282,0.08380308365887464,0.020650502935295037,0.2802802819701313,0.11117548370763888,0.0033677388481427603,0.46611015723828103,0.20515502388912496,0.0008053964889600324,0.6776390547476356,0.1647794775653496,2.5602304731385677e-05,0.7360596577516085
318,16.10939955718889,0.11910000285010014,0.5606298020575196,194.29056002520872,0.003555485531176114,0.5322940530635845,1.3582430064158961,7.621507136591272e-11,0.13635612959112298,0.14458438641355315,0.00848622033908121,0.0837947859258756,0.020592721538297356,0.2802738178933044,0.111176327270825,0.0033517738245345463,0.46610639977730806,0.20518261429399168,0.0007941318065975222,0.6776335474977855,0.164899674828989,2.488657963780049e-05,0.7360591189578582
319,16.65311301285063,0.11895877357324808,0.5557892939541489,24.710381443137383,0.0035221076038047896,0.531897080376253,1.3599781419238504,7.001345786719229e-11,0.13626974709683526,0.1444211151726496,0.008473404804532084,0.08378520384816003,0.020529220322341588,0.28026672737640357,0.11117623718549442,0.0033342932306225552,0.46610230040147105,0.2052058251003018,0.0007820185031591934,0.6776276990529372,0.16500691551486849,2.4137286955610935e-05,0.7360585680157984
320,16.39232760152532,0.11875925697953847,0.5476593768689781,24.452596773784926,0.003488801731193153,0.5321149695592442,1.3615144114220084,6.46971170493168e-11,0.13617632475725636,0.14424543441706392,0.008460107852569088,0.0837745416348468,0.020461003875481262,0.2802591175310282,0.11117534086620878,0.0033155738965894494,0.4660979195335548,0.20522518153972244,0.0007692498186380801,0.6776215846255043,0.16510257743380582,2.336593031057413e-05,0.7360580101019788
321,16.936830371873153,0.11851116055678475,0.5402878448367119,25.955155256727107,0.003455569536622451,0.5328753442572843,1.362873518579285,6.012675718594075e-11,0.13607747658625668,0.1440602625294627,0.008446494425841333,0.08376302517618744,0.02038921031356793,0.2802511104138808,0.11117376893305436,0.0032959276759536873,0.46609332592395436,0.20524118138824027,0.0007560380907885946,0.6776152896103577,0.16518789709172696,2.2584723258482038e-05,0.7360574511214697
322,16.122502435976436,0.17530668994132698,0.533693027915433,22.955652806216992,0.003422412639782963,0.53411434285118,1.3640712844871592,5.618697095213433e-11,0.13597052308070612,0.14386063211691844,0.00843223939099716,0.08375033734173254,0.02031195825274804,0.2802424999818912,0.1111714390498046,0.003274853877866056,0.46608840506769045,0.2052539402418449,0.0007420811538506771,0.6776086766670493,0.16526394717930412,2.177804749792971e-05,0.7360568809606504
323,17.013279801686622,0.24920801187083869,0.54067731811665,238.74939280369335,0.0033893326566950604,0.5346669870108228,1.3654524675954338,5.2234856000846524e-11,0.13587408162051803,0.14368036235678233,0.008418897404084283,0.08373888829712485,0.020242382646088183,0.2802347384929369,0.11116931280291344,0.0032559045405933617,0.4660839706334689,0.20526525748080554,0.0007296123138714917,0.677602722766643,0.16533186087221297,2.1064092192815082e-05,0.7360563684008791
324,16.767184382000757,0.2208699773139145,0.5431104530580342,313.66565387817417,0.003356331199630453,0.5346125926191047,1.366986755543795,4.8336128260647046e-11,0.135788222088111,0.14351945355428958,0.00840633037809614,0.08372870348008384,0.020180485778286295,0.28022783165431586,0.11116742738561818,0.0032390636403570364,0.46608002288209777,0.2052753839711897,0.0007185934225069021,0.6775974208681905,0.16539251164103394,2.043803610538385e-05,0.7360559117467106
325,17.172852207811452,0.1356092280297439,0.5459927921183407,276.6308171096151,0.003323409877033601,0.5340232009887492,1.3686603281090155,4.4525050975152735e-11,0.13571159703899377,0.1433754446478578,0.008394449433478824,0.08371961896288256,0.02012526725912078,0.2802216702526266,0.11116574844117087,0.0032240634595281895,0.4660765022493766,0.20528443240139832,0.0007088307240080345,0.6775926922959258,0.16544666970022284,1.9887355023793117e-05,0.7360555043985331
326,16.660164935288986,0.11765389137970389,0.5437833960168064,161.04012544636748,0.0032905702934433196,0.5329640636232942,1.3704724148886251,4.081485469023264e-11,0.1356409983854585,0.14324268162259657,0.0083833098696916,0.08371122960765207,0.020074469872968338,0.28021599972726075,0.1111641432050906,0.0032102842499000606,0.4660732648619444,0.20529234100718086,0.0006999199351832549,0.6775883612838539,0.16549500830410435,1.938947309077416e-05,0.7360551333607668
327,16.507859402913166,0.11753642794817978,0.5382118099369109,25.436432580501723,0.0032578140494145848,0.5325538693408466,1.3720782185656537,3.763929923940932e-11,0.1355634702697844,0.1430974847577532,0.008371700287784351,0.08370188457613642,0.02001896030038621,0.28020980843135257,0.1111620039755782,0.0031952719728216153,0.4660697473804295,0.20529828657758195,0.0006903687277571344,0.6775837723895336,0.16553805640028096,1.8868793236772027e-05,0.7360547540640621
328,17.136730204961644,0.11737148011527197,0.5299354330636561,27.067358778750208,0.0032251427414405186,0.5327154459870077,1.373500829233892,3.4913499761176326e-11,0.13548121485970052,0.14294389108554023,0.008359864412647196,0.08369187234854884,0.01996028698901511,0.28020326502450166,0.11115945996947972,0.003179443680988658,0.466066043370485,0.20530260057707136,0.0006804348098086007,0.6775790321831227,0.1655763905553973,1.8338382595017018e-05,0.7360543732077242
329,16.405080810403284,0.11715577727596127,0.5361737499479204,23.900616290742896,0.003192557961874579,0.5333808279601284,1.3747573343514028,3.2567242164504395e-11,0.13539210235310845,0.14277796050093639,0.008347544607036014,0.08368093598902489,0.019896971051695217,0.28019620696232933,0.11115643225938787,0.003162410338885046,0.4660620634839544,0.20530527649536945,0.0006698969353993565,0.6775740394342792,0.1656104977551643,1.778779407077425e-05,0.7360539839313445
330,15.965562496373492,0.13407938520828042,0.5470982810948044,22.82143374317375,0.0031600612988529537,0.5344901374590868,1.3758702614265084,3.0542285133508055e-11,0.1352984849929898,0.14259859871977607,0.008334637229888928,0.0836716093871931,0.019828431604109235,0.28018854722002967,0.11115798993913167,0.0031440072660220576,0.4660577632946926,0.2053330819694299,0.0006586748377253263,0.6775687527945243,0.1656408210126568,1.7213854214511343e-05,0.7360535834958849
331,17.270549181404885,0.17318616588086827,0.5587775569874793,162.09284691943532,0.003127654336217149,0.5349710321524839,1.377167871361359,2.8496205793320105e-11,0.13521264075218314,0.14243417986974988,0.008322615252121765,0.08366299329834942,0.01976573029854841,0.2801815330992185,0.11115926939404151,0.0031271966721491047,0.46605382741953905,0.2053577275422857,0.0006484910901636535,0.677563925975065,0.16566786718876242,1.6697979671583134e-05,0.7360532193020032
332,16.953005361900466,0.15347251542304577,0.5557096831034869,236.26952028780843,0.003095338653436806,0.5348966865683792,1.3786127237258363,2.6471876494721076e-11,0.13513510891790811,0.14228548174913275,0.008311321987972617,0.08365518683764238,0.019709166894365627,0.28017520227012904,0.11116036671296191,0.0031120530700820353,0.4660502760113607,0.20537965215134527,0.0006393685058904885,0.677559575347391,0.1656919958186347,1.623958589787067e-05,0.7360528916314855
333,16.463673077615862,0.11645275525001253,0.5603282938245684,196.3063842922186,0.003063115825532712,0.5343336251451087,1.3801910156251531,2.448713415090809e-11,0.13506452295296104,0.1421499948793755,0.008300714494377682,0.0836480418767992,0.019657746845238924,0.28016944443329594,0.11116127639518354,0.0030982966415199252,0.4660470454730812,0.205399110616826,0.0006311283828198305,0.6775556263032233,0.16571351588238245,1.5828935458294426e-05,0.7360525951685368
334,16.203184498322123,0.11629744465758095,0.5541993400547653,23.312273404689808,0.00303098742300004,0.5343271076501475,1.3815852639573336,2.278175074465695e-11,0.13498494331416647,0.14199865015591626,0.00828951361422461,0.08363956160443199,0.019600346784185815,0.28016302336623056,0.11116130035507546,0.003082987259328891,0.4660434590478645,0.205415302783684,0.0006221006484364705,0.677551344745196,0.1657326141028369,1.538964321816146e-05,0.7360522849402935
335,16.823239962597178,0.12499527438687182,0.5485922910738736,24.80428778344121,0.0029989550117318032,0.534810582680535,1.3828168590757919,2.1312393560702905e-11,0.13489941521245094,0.14183692639761775,0.008277937876679376,0.08363015982078713,0.01953909447435241,0.2801561748040053,0.11116063685007255,0.0030666942719371725,0.46603964673377296,0.20542874080445478,0.0006126179502964559,0.6775468715248681,0.16574956524417622,1.493721975346936e-05,0.736051969303895
336,16.50145695716289,0.11833647836383605,0.5327916108071804,146.81534806613985,0.0029670201529425366,0.534760422242702,1.3842055981960961,1.9846807968742102e-11,0.13482083548929583,0.14168838900708788,0.008267218131899564,0.08362148764210417,0.01948294484607689,0.2801498913528195,0.11115993867525682,0.0030517795507071623,0.46603615097337175,0.2054405726884387,0.0006039913869428055,0.6775427808932409,0.16576467293553213,1.4529343343087848e-05,0.7360516818639067
337,16.518711181436494,0.11584167287136965,0.534720259020105,122.19622466991002,0.0029351844030922032,0.5342409232527178,1.385741203844772,1.839678670977368e-11,0.13474773258568817,0.14155035346307943,0.008257287710563659,0.08361337126769935,0.01943082816017193,0.28014405403305576,0.11115917414752355,0.003037954511302274,0.4660329059386464,0.2054509209865175,0.0005960467811214851,0.6775389993832036,0.1657781309875181,1.4157294606371213e-05,0.7360514177959693
338,16.654989159648164,0.11568603731480352,0.5344833210110664,25.164010878127975,0.0029034493138103373,0.5342517078548392,1.3870987590321349,1.7150017496519567e-11,0.1346680826414406,0.14140071159948023,0.00824692276381015,0.0836043075412919,0.01937437637776523,0.2801377336246835,0.1111578156998598,0.0030230170965048165,0.4660294047856837,0.2054591801066765,0.0005875780306124961,0.6775349968569558,0.16579005362551358,1.3768751490761378e-05,0.7360511462895066
339,16.822022139891658,0.11548749321235903,0.5453432300128043,25.54937285465995,0.0028718164318204194,0.5347290438394485,1.388297750459302,1.607511198155296e-11,0.13458316062099043,0.14124174314323557,0.008236204641197349,0.08359447409670079,0.019314477309977467,0.2801310279384895,0.11115595716093515,0.0030072054275528627,0.4660257014569653,0.20546562567249999,0.0005787234679460137,0.6775308301881618,0.1658006110848496,1.3369979272640346e-05,0.7360508704958648
340,16.719538877241387,0.15476654683495142,0.5425206539221108,24.329955024496527,0.0028402872988644886,0.5356167097409399,1.389354341128273,1.514599096180232e-11,0.13449264753363432,0.14107282029323606,0.008225075835430706,0.08358385030687464,0.019250923755598753,0.28012391486696564,0.11115361635468742,0.0029904715264786785,0.466021784855883,0.20547041059642368,0.0005694673234849466,0.6775264895779567,0.1658099478464006,1.2960686126660036e-05,0.7360505898251674
341,16.561978333558702,0.1879851635552605,0.5463061730843037,210.09373565092258,0.002808863451628009,0.5359521547780132,1.39056079670083,1.4212342606250036e-11,0.13441088220649686,0.14092003949479168,0.0082146745062081,0.08357424692206623,0.01919358978213229,0.28011749252208884,0.11115148078489404,0.0029753949568486608,0.4660182492514014,0.20547460832150521,0.0005611746082370677,0.6775225750532896,0.1658182671792155,1.2596944465460619e-05,0.7360503371458423
342,16.8062272911665,0.15697620367450754,0.5358067830093205,257.3450887782196,0.0027775464216649565,0.535800933024704,1.3918935383285211,1.3287667490697489e-11,0.13433763649892183,0.14078290253719628,0.008204890670144075,0.08356564428161141,0.019142269374334022,0.280111741752218,0.11114956174860265,0.0029619165655238697,0.46601508368183403,0.20547832834273053,0.0005537966512932611,0.677519070746689,0.16582568234458375,1.227559390771288e-05,0.736050111098455
343,16.710600484295078,0.11484929071870838,0.532905519939959,214.35217956867206,0.0027463377353231923,0.5352222530680977,1.3933402062647928,1.237939378075e-11,0.1342712316695369,0.14065838974736847,0.008195695205439833,0.0835578414850197,0.01909580294227838,0.28010653316311146,0.11114780238424406,0.0029497295402012218,0.46601221794774567,0.20548157781749324,0.0005471603026231184,0.6775159036056088,0.16583228740272518,1.1988651120032589e-05,0.7360499072857437
344,16.544527999012484,0.11470824045513624,0.5440051418263465,23.71537770587228,0.00271523891367006,0.5351493103674894,1.394616736287222,1.1596913187675137e-11,0.13419649538480127,0.14051885124152033,0.008185916591387994,0.08354894163522128,0.0190437396013304,0.28010070090059586,0.1111455236941411,0.0029361111942992116,0.4660090229706571,0.2054835068350323,0.000539854406738579,0.6775124518334611,0.1658381011654154,1.1679748568685546e-05,0.7360496924645316
345,16.50038022682597,0.11753617450294343,0.5476292090024799,24.460024456219486,0.002684251472418251,0.5355209454320466,1.3957488028905334,1.0921050068619465e-11,0.1341195602687284,0.14037103389818922,0.008175800330906724,0.0835415654072767,0.01898851479543673,0.28009450048741663,0.11114709862777676,0.002921689764828828,0.46600563963517255,0.2055064391158231,0.0005322131739787065,0.6775088587099937,0.16584322299940735,1.1362395914917723e-05,0.7360494741007394
346,16.42713541140482,0.11439721923130151,0.557466414058581,126.0623969896234,0.0026533769218519384,0.5354232325934494,1.397025592157644,1.0241509983990893e-11,0.13404843300491537,0.14023457445667942,0.00816646425041904,0.08353467195712726,0.018937601089542587,0.28008877894999384,0.11114838581986293,0.002908411300892525,0.46600251944255344,0.20552672103011616,0.0005252197743289117,0.677505555362784,0.16584777593605846,1.1074472112664732e-05,0.7360492742985879
347,16.62873699943457,0.12119247628398498,0.5548486288171262,25.02600146663688,0.0026226167667531583,0.5357625879587472,1.3981530535738877,9.654370571910584e-12,0.13397272368713148,0.14009027537020985,0.00815681102053207,0.0835269972965777,0.01888385185723345,0.28008274273233047,0.11114897744305852,0.002894427369707498,0.4659992372106042,0.20554405732453535,0.0005179406909656104,0.6775021323445316,0.16585177896757025,1.0779935986275103e-05,0.7360490719302399
348,16.318869503590857,0.1140979349610042,0.5573579431511462,132.99838229624183,0.0025919725063284762,0.5356461493345998,1.399416458667527,9.064944877414288e-12,0.13390277413713153,0.13995710221328167,0.008147888726695487,0.08351984740253557,0.018834305689164953,0.28007717345377686,0.11114939156881544,0.0028815527385145975,0.4659962105486582,0.2055593557592442,0.0005112785579514335,0.6774989856792175,0.16585533493650925,1.0512662927637009e-05,0.7360488867736207
349,16.762952557693104,0.12328456753217054,0.5404727109707892,25.585374180329765,0.0025614456341359064,0.5359586896649401,1.4005316719303538,8.55545485890151e-12,0.13382801242221032,0.13981557939701708,0.008138658055610235,0.08351193238123716,0.01878171968065601,0.28007126536768656,0.11114920237493921,0.002867919698925117,0.465993008979753,0.2055722562827979,0.0005043060553014879,0.6774957079216014,0.16585845084699402,1.0237768228903705e-05,0.7360486983436647
350,17.166881507876933,0.1138381502463659,0.5362670719623566,143.61657424133764,0.0025310376380121382,0.5358284063512125,1.4017784516080356,8.043697346812509e-12,0.13375936682715017,0.13968567612720187,0.008130094626439844,0.08350463066030558,0.01873354045179829,0.28006584851094396,0.11114894355764383,0.0028554452326055575,0.46599007519745334,0.2055836317792571,0.0004979620436833655,0.6774927119712573,0.16586121834403558,9.989655055283698e-06,0.736048526771276
351,16.633875503199597,0.11372069928764078,0.5287230659741908,126.21322326883671,0.0025007500000000012,0.5353096745578448,1.4031416565181296,7.535284789471853e-12,0.13369543693481664,0.13956487138820206,0.008122194865023,0.08349778119601861,0.018688773334410845,0.28006081166659913,0.11114858871978765,0.002843868629975963,0.46598734934319563,0.20559360472254906,0.000492109537408774,0.6774899394049829,0.16586367231216934,9.762735229845976e-06,0.7360483689264719
352,16.9850257234102,0.1135942876371054,0.5373734789900482,26.114080389230285,0.0024705841962762423,0.5352494314928921,1.404346431142328,7.096442802008395e-12,0.13362711434157445,0.13943632574756826,0.008113976427321236,0.0834902693179207,0.018641193296661,0.28005546047037333,0.11114776577302152,0.002831591186836889,0.46598446194281895,0.20560183981425748,0.0004859739692001022,0.6774870489424243,0.1658658132511895,9.528905071680964e-06,0.7360482082389626
353,16.025222905902762,0.11342530749349394,0.54007279407233,22.877625837050918,0.002440541697079578,0.5355915495496688,1.4054076981128791,6.71671293053126e-12,0.1335523910476659,0.13929629953996636,0.008105211772574285,0.08348186641699887,0.01858944395429522,0.2800496445739819,0.11114641946617629,0.0028182706974859873,0.46598133398134634,0.20560839641269454,0.00047939835036927886,0.6774839692394072,0.16586766685987975,9.282795555325945e-06,0.7360480412824675
354,17.293544896585843,0.12039780193392674,0.5482008750550449,26.90717412443246,0.0024106239666390364,0.536286620919607,1.4063439283227999,6.387366220343317e-12,0.1334753782223981,0.1391523079371289,0.008096278924535799,0.0834730938835118,0.018536317838625128,0.28004367451516066,0.1111447597386713,0.002804623944501153,0.46597813019148066,0.2056136555804836,0.0004727282634404189,0.6774808500595815,0.1658692783990442,9.036739055267034e-06,0.7360478750555396
355,16.9263655879958,0.13059871793116287,0.540654624812305,129.56487316688504,0.00238083246310259,0.5365211566084789,1.4074202488560486,6.0503122965480424e-12,0.13340462409363704,0.1390200524516869,0.008088023396842142,0.0834650134701654,0.018487587644901767,0.28003819345585945,0.11114318548991756,0.0027921205277514653,0.4659751899784268,0.20561821800476598,0.00046665146797795175,0.6774779946381649,0.16587070527041214,8.814360346937955e-06,0.736047723454862
356,16.36252266051184,0.11656370970421862,0.5399531440343708,174.48352386212838,0.0023511686384660928,0.5363507929815269,1.4086056735561838,5.712925551212682e-12,0.13334004685673095,0.1388992888697681,0.008080334509972038,0.08345762496056265,0.018443169766763308,0.2800331941946851,0.11114171475512791,0.0027807373321576513,0.46597250945136065,0.2056221942647511,0.000461147730236763,0.6774753968581322,0.16587196995540188,8.614418612696494e-06,0.7360475859584699
357,17.08688954865863,0.11289044315420044,0.5345265308860689,117.70817612585729,0.0023216339385025075,0.5358261613737193,1.4099034567525244,5.37542007550042e-12,0.13328016662286002,0.13878735995843153,0.008073197852419473,0.08345075315287398,0.018402050103567703,0.280028562977206,0.11114030077752138,0.002770211435168653,0.465970028002595,0.20562560524442666,0.0004560864750927415,0.6774730006885984,0.16587308738913742,8.432009390239156e-06,0.7360474598000112
358,16.38079258788526,0.11277544685335172,0.5460698739625514,24.570529818835105,0.0022922298026914426,0.5357313935924422,1.4110494949580121,5.08365616422631e-12,0.13321582685315608,0.13866738448111984,0.008065691589583575,0.08344327991275242,0.0183580299236944,0.2800236079425636,0.1111385611478017,0.0027589677346706596,0.465967381441282,0.2056280545786004,0.00045074194188343485,0.6774704861487345,0.1658740442339745,8.242624416838322e-06,0.7360473305226671
359,16.586834147453335,0.11262666390410346,0.5620604432187974,24.742232267730007,0.0022629576641489953,0.5360134814310837,1.4120601313791639,4.8308377351049635e-12,0.13314739343810453,0.13854001165373717,0.008057834507142765,0.08343526059431176,0.018311365005723283,0.28001835793055846,0.11113652882752993,0.002747074317638785,0.4659645851880033,0.2056296483159618,0.00044514943753327517,0.6774678668610632,0.16587485849355008,8.047558973718882e-06,0.7360471986830126
360,16.321501611970195,0.11614739929075313,0.5593060569372028,23.59958510553617,0.0022338189495579018,0.5366256559979814,1.4129493792859011,4.611280718846024e-12,0.13307452151182692,0.13840458899118882,0.008049583615107832,0.08342665909193885,0.01826182507506749,0.28001278613568026,0.11113420297737181,0.002734474992272318,0.46596162542604863,0.2056304449403683,0.00043928788232643046,0.6774651314949512,0.16587554396757928,7.846260485079584e-06,0.7360470637610717
361,16.885584768570364,0.12230815661622146,0.5555529240518808,128.21980983843554,0.002204815079098002,0.5368151004661096,1.4139668688583593,4.385897904386211e-12,0.13300791134315726,0.13828010119671574,0.008041977400601774,0.08341909002768612,0.018216319746907954,0.2800076611554475,0.11113272116846262,0.00272291380688196,0.4659589048160536,0.20563462397737126,0.00043393869297617414,0.6774626241363794,0.1658761468689425,7.663958703547373e-06,0.7360469405510683
362,16.532055426597648,0.11220163843258604,0.551600628066808,146.62280951223295,0.002175947466377023,0.5366335502875269,1.415089727905094,4.158624229339977e-12,0.1329468367211658,0.13816594627780024,0.008034909152569781,0.08341213406026216,0.018174650442076546,0.2800029650885816,0.11113132480838814,0.0027123393377755226,0.46595641315377,0.205638249742871,0.00042907091581356017,0.6774603333315915,0.165876677585303,7.49924939133801e-06,0.7360468283806996
363,15.98936082181519,0.11570438284308154,0.5379500898998231,22.92425447948006,0.002147217518361684,0.536819666857977,1.4160783782790873,3.961528088330888e-12,0.13288029575426974,0.13804189328971933,0.008027371533192863,0.08340445638713975,0.018129428935420553,0.2799978720177649,0.11112955963995634,0.002700888948101901,0.46595371920768275,0.20564086059133918,0.00042385999685432907,0.6774578954829088,0.1658771123051422,7.325850987905369e-06,0.736046711769328
364,16.708360740896158,0.11195412647656938,0.5325631950981915,122.48760066565185,0.0021186266353091193,0.5366447230263184,1.4171770431455553,3.761490334632518e-12,0.13281892485894967,0.13792751423694868,0.008020404669198572,0.08339736089288484,0.018087783071686216,0.2799931779848354,0.11112789617176548,0.00269035567144475,0.4659512377020845,0.20564307395013018,0.00041909141636063435,0.6774556561760742,0.16587749242120237,7.16834309047985e-06,0.7360466050967946
365,16.784788138851013,0.1118156748665939,0.5223010450135916,25.202381757596317,0.002090176210698632,0.5368273044965691,1.4181451657927326,3.587936884563265e-12,0.13275355879219009,0.13780593665224758,0.008013144527860944,0.08338973639673779,0.01804356189364321,0.27998819538506,0.11112595706008127,0.002679193397244071,0.4659486106529841,0.20564450992287225,0.0004140903724296725,0.6774533179746223,0.16587779875675476,7.005639744882612e-06,0.7360464959540961
366,16.78137176278098,0.13561895496286383,0.5377329168841243,25.89158285995867,0.002061867631163781,0.5373226829542466,1.4189978623060269,3.4370456153576066e-12,0.13268563617758963,0.13767977947362456,0.008005702991896594,0.08338176374203243,0.017997729104171984,0.27998303119090795,0.111123816238602,0.002667645300771681,0.4659458937379052,0.20564530791954302,0.0004089647126469792,0.6774509269183341,0.16587804294296207,6.841132503114774e-06,0.7360463862002229
367,16.70466376135631,0.14056715148533244,0.5465178480371833,177.28889466226886,0.002033702276424795,0.5374357509375243,1.4199553449424673,3.282788849109555e-12,0.13262405075870545,0.1375653035618877,0.007998775129817937,0.08337452787401656,0.017956202990701334,0.2799783490899608,0.1111218604958704,0.002657189527520342,0.4659434302001299,0.2056459578171339,0.00040434566512358524,0.6774487620762454,0.16587825658713934,6.693849683866677e-06,0.7360462870490153
368,16.630654990496037,0.11921505502774253,0.5440676948055625,195.24184268996845,0.002005681519221329,0.5372139680106592,1.4210005568913566,3.127419298295569e-12,0.13256822468687948,0.1374614252105383,0.00799230119604221,0.08336796679560855,0.017918598908467455,0.2799741075883618,0.11112007742165265,0.002647732121091569,0.46594119941977824,0.20564648541660857,0.0004001863272386411,0.677446804764653,0.16587844363296925,6.562033303922924e-06,0.7360461975977401
369,16.460358396826447,0.11137349542972218,0.5441079139709473,147.2271751957354,0.001977806725245557,0.5366999813319888,1.422127307540672,2.9719136019776177e-12,0.13251686727706904,0.1373658522701795,0.007986298717864524,0.08336192539864842,0.017884047487867285,0.27997020850542864,0.11111841957514738,0.0026390505825655357,0.4659391497288385,0.20564687226041875,0.00039638586072745336,0.6774450113591608,0.16587860521001113,6.442386614890958e-06,0.7360461159702218
370,16.036711976090626,0.11127414369887419,0.5418600998818874,23.309894331881974,0.0019500792530756125,0.5365588181463972,1.4231196667304753,2.8370255518918238e-12,0.1324602513705793,0.13726066962466976,0.007979847165440744,0.0833552272403933,0.017846062767661593,0.2799659253724469,0.11111648550033908,0.002629527776033694,0.4659369059828145,0.20564670041877517,0.0003922648999576566,0.6774430815922096,0.1658787196265186,6.314799679251481e-06,0.73604603028145
371,16.21995307730468,0.11114743384864739,0.5363208050839603,24.524415384429755,0.0019225004541093714,0.536743726312039,1.4239937853958595,2.7197787951783978e-12,0.13240059483150962,0.13714993901318842,0.007973131271034736,0.08334814463008246,0.017806126174726603,0.27996142338858604,0.11111437563204268,0.002619534516711946,0.4659345535216118,0.2056461126071985,0.0003879810511564407,0.6774410832985741,0.16587879690404395,6.183967841211717e-06,0.7360459431503347
372,16.63871706263496,0.11099569353633072,0.5481038191355765,24.407421740275662,0.0018950716724985875,0.5372134387621647,1.4247623836819954,2.617670497747875e-12,0.13233792712428843,0.13703371818928933,0.007966164173732896,0.08334068730307234,0.017764266783184702,0.2799567064474186,0.11111209894490927,0.0026090804937358957,0.46593209460915547,0.2056451461399529,0.0003835409704047824,0.6774390184294842,0.16587884090705524,6.05014408848038e-06,0.7360458546295882
373,16.46196653207273,0.15755635445613336,0.5500381791498512,24.600548537153806,0.0018677942450833797,0.5379315255542513,1.4254372740183423,2.5285889438091146e-12,0.13227281916334263,0.13691306501207995,0.007959015767611604,0.08333292356001938,0.017720859454602514,0.2799518146815546,0.1111096837132367,0.002598258898847894,0.46592954984646784,0.20564385677116692,0.0003789847956424228,0.677436903391742,0.16587885632105384,5.91453062575709e-06,0.7360457653298604
374,16.517196335113244,0.20110590641127005,0.5601690339390188,225.64516850647695,0.0018406695013270778,0.5382732190487437,1.4262124954822404,2.435779276902847e-12,0.13221424611056612,0.13680439692676752,0.007952365511325497,0.08332593723507724,0.017681830041200327,0.27994741390069655,0.11110750742254835,0.002588538904164138,0.4659272609914955,0.20564267795513988,0.00037491007016101697,0.677435002739196,0.16587886819833875,5.793947593074052e-06,0.7360456851832791
375,16.821371543395664,0.1943885679573917,0.5531152689363807,292.49287037839406,0.0018136987632514257,0.5382851740957009,1.427070730012377,2.3408716197581767e-12,0.13216214152181763,0.13670754066820148,0.007946142178996226,0.08331972496984454,0.01764712694576402,0.27994350078324765,0.11110557205709369,0.0025799047540936626,0.46592522586404844,0.20564162778119854,0.000371303019866029,0.6774333124915186,0.1658788785766594,5.687717222253306e-06,0.7360456139187911
376,17.17184156873274,0.14782664377469532,0.5498063580598682,268.0499562701467,0.0017868833453721464,0.538009223852554,1.4280026126531098,2.2447854837592695e-12,0.13211572304040473,0.1366210670351272,0.007940293706379121,0.08331419122959545,0.017616212494182614,0.2799400154436286,0.11110384672892155,0.002572216579015027,0.46592341245700997,0.2056406882173601,0.0003681024637801591,0.6774318068751405,0.16587888742754206,5.593882218173467e-06,0.7360455504632957
377,16.843778451497837,0.11047848972144791,0.5404609630350024,212.7676774641489,0.001760224554634879,0.5374827242162015,1.4290006222932559,2.1483110785396266e-12,0.1320740103133477,0.136542876759125,0.007934819744691365,0.08330936887963364,0.017588306104778757,0.27993686790106237,0.11110262459434336,0.0025652801578803118,0.46592177506580845,0.2056416031061348,0.00036522442979062544,0.6774304491838518,0.16587889360085298,5.509913577356445e-06,0.7360454933574035
378,16.766613999310692,0.11040399139590634,0.5231636520475149,24.549659090790193,0.0017337236903514676,0.537295532595771,1.4298790229128238,2.0644310027827278e-12,0.13202772813473546,0.13645639456428954,0.007929047575865366,0.08330397689177248,0.017557442915191044,0.2799333889931327,0.11110115954651696,0.0025576255056863457,0.46591997194646984,0.20564201073767935,0.0003620834329030594,0.6774289801768608,0.16587887780432886,5.419725994202533e-06,0.7360454330812962
379,16.79995529771058,0.11030129110892872,0.5246453520376235,25.172071899331467,0.001707382044136658,0.5374045526071759,1.4306511123626529,1.991367418475187e-12,0.13197746803054355,0.13636270621461702,0.007923032033518275,0.08329808841848217,0.017524013885257175,0.27992962149529405,0.11109948235594971,0.0025493498269581146,0.46591802485978506,0.20564197358962844,0.00035872005412431417,0.67742741619476,0.165878842957706,5.324485754115672e-06,0.7360453702050298
380,16.62051121778308,0.11439839121989409,0.5376123760361224,25.027638848111643,0.001681200899845118,0.5377717897918507,1.4313290176169773,1.9276186196066344e-12,0.1319240808579982,0.1362633596804245,0.007916829994032062,0.08329180644254498,0.017488578291377548,0.2799256268205524,0.11109763327061838,0.002540591155275277,0.46591596500308524,0.20564156088141242,0.00035519042255422855,0.6774257806507311,0.16587879238156283,5.225762461384945e-06,0.7360453055550644
381,16.56307304761836,0.11493403680635339,0.5436829109676182,134.90616335785873,0.00165518153350889,0.537832475462809,1.4321006846190067,1.860852630433123e-12,0.131875313486252,0.13617208691514576,0.007911132036279007,0.08328629006761812,0.01745603647760216,0.2799219542260954,0.11109643102420975,0.0025325540576795202,0.4659140723983789,0.20564379184276535,0.0003519653671453908,0.6774242816869097,0.1658787437587778,5.136083291040959e-06,0.7360452464984685
382,16.368401796067825,0.11000711947954755,0.5523481080308557,144.97351459116467,0.001629325213275175,0.5376256906790052,1.4329493658339951,1.7922827841478398e-12,0.13183071512958708,0.1360886351388557,0.00790590855316205,0.08328123787639082,0.017426314489458247,0.27991859832265764,0.11109531077810463,0.0025252200828289433,0.4659123438002706,0.205645715848697,0.0003490338922604064,0.6774229153667733,0.1658786977825029,5.055002524831591e-06,0.7360451928221932
383,16.89701439239772,0.10990983671269916,0.5450811570044607,25.38092174020628,0.0016036331993445477,0.5377005130051102,1.4336950356249125,1.732524992541238e-12,0.13178246098986082,0.13599857882034816,0.007900438394616608,0.08327571847799499,0.017394261086709776,0.27991498132278125,0.11109396460420698,0.002517325648854248,0.4659104856735705,0.20564705793776114,0.00034590678743707745,0.6774214654534637,0.165878638564492,4.9696156441730076e-06,0.7360451369105284
384,16.82048032987524,0.11705030084577217,0.5458057760260999,26.332088651556738,0.0015781067439095222,0.53802056809299,1.4343498902112917,1.6803639254173398e-12,0.13173181367753045,0.13590423073620503,0.007894830584449767,0.08326988180477746,0.017360694791868258,0.2799111925617969,0.1110924509660011,0.0025090700332377584,0.4659085429846193,0.20564791919712253,0.0003426615238635337,0.6774199647830195,0.1658785695380259,4.881981252879639e-06,0.7360450798918999
385,16.183571181980195,0.1165062456778223,0.5384804299101233,143.98677087581146,0.0015527470910935187,0.5380558287357025,1.4350877498087156,1.62579694035212e-12,0.13168550864815398,0.1358179753193695,0.007889676725198724,0.08326453920557506,0.017330036694051237,0.27990772982311024,0.11109105196800544,0.0025015349735059153,0.46590676786328766,0.20564862517475996,0.0003397108689605661,0.6774185960824789,0.16587850544017982,4.802724480161448e-06,0.7360450280265758
386,16.599573938685705,0.10963492779562288,0.5452639749273658,139.84842959260246,0.0015275554768902442,0.5378430604426785,1.435898301313979,1.569524227879247e-12,0.13164292833360922,0.13573867036061302,0.00788492535560348,0.08325961979281624,0.01730187098031403,0.279904546955909,0.1110897498308086,0.0024946181940463264,0.46590513697094743,0.20564918853927464,0.00033701272893323705,0.6774173415020178,0.1658784455082379,4.730635603817166e-06,0.7360449806428652
387,16.69693289234706,0.10954739525812869,0.5492793950252235,26.187128125133892,0.0015025331291034288,0.5378962139317988,1.4366111679020803,1.520459563137729e-12,0.13159822251324818,0.13565550170002563,0.007880003362018155,0.08325442970708195,0.01727236436631864,0.2799012136968957,0.11108831535860854,0.0024873835636847062,0.46590343271796253,0.20564940419157293,0.00033421229243644774,0.6774160442069479,0.1658783784742849,4.656626706488246e-06,0.736044932379337
388,16.324167654659718,0.11600078694298191,0.5586139329243451,24.845680786553864,0.0014776812672870094,0.5381806484805725,1.437236744576889,1.4776155820296858e-12,0.13155102195755905,0.13556779559485063,0.007874892695635296,0.08324892631215271,0.017241272831236647,0.27989770177713447,0.11108673906469661,0.0024797717625122755,0.4659016407928999,0.20564928801586405,0.0003312881342323968,0.67741469391329,0.16587830410072163,4.580177983268887e-06,0.7360448828744091
389,16.473621114393676,0.11485733091950295,0.5534151238389313,130.17113142415852,0.001453001102685663,0.5382004566800959,1.4379424384907837,1.4325287395584374e-12,0.131507854359653,0.13548758031465857,0.007870191627872626,0.08324388969746865,0.01721286177950362,0.27989449096491487,0.11108528843316236,0.0024728219420673365,0.46590000314620694,0.2056491313838812,0.00032862805455909474,0.6774134621263419,0.1658782355928807,4.510980237892747e-06,0.7360448378320201
390,17.119672180629152,0.10929781567298705,0.555867571150884,127.70696759004187,0.0014284938381758005,0.5379901413101504,1.4387186275893624,1.3857899398280795e-12,0.13146827486310853,0.13541402732081778,0.00786585451870443,0.08323926866475127,0.01718683284778,0.27989154819638606,0.11108394985936297,0.0024664600297272803,0.4658985028994094,0.20564893964022055,0.0003262016970419526,0.677412336033307,0.1658781723464188,4.448170152346691e-06,0.7360447967755854
391,16.471776553327363,0.10921605183022365,0.5389773799106479,24.78364546642846,0.0014041606682069132,0.5380295332890919,1.439400268744853,1.3450252472777059e-12,0.13142592504517236,0.13533540347862166,0.00786129001853008,0.08323431063600263,0.017159037272762304,0.279888407535584,0.11108247354628638,0.0024596774694988564,0.4658969055007379,0.2056484812326246,0.0003236352371660126,0.6774111502739697,0.16587810258163424,4.382464878137646e-06,0.7360447542243387
392,16.321924287518613,0.11282309125489363,0.5278308810666203,24.376047793370848,0.0013800027787433825,0.5382858307884898,1.4399978128010993,1.3094208734790792e-12,0.13138092082268793,0.13525192591438898,0.007856516912618731,0.08322902809434976,0.017129546327566216,0.2798850754568724,0.11108086658816761,0.002452491122455614,0.4658952140245892,0.20564777924262562,0.0003209357525914243,0.6774099070184672,0.16587802680085587,4.314066872570072e-06,0.7360447102408347
393,16.704115866779873,0.11137730873328096,0.5222393728327006,136.1320838505568,0.001356021347206654,0.5382962597166594,1.440667510921428,1.2719860897097137e-12,0.1313396946154508,0.13517545945227705,0.007852134520646405,0.0832241875440647,0.01710255535829221,0.27988202423644337,0.11107938903743204,0.002445919099444374,0.4658936657166165,0.205647104114456,0.00031847570587524,0.6774087710672069,0.1658779571773815,4.252033785528695e-06,0.7360446701579926
394,16.6961831016924,0.10897876373798782,0.5302007261198014,124.84674619383283,0.001332217542417869,0.5380932113076513,1.4414014638609451,1.2331564890245829e-12,0.13130187167833143,0.1351053032544686,0.007848099146605484,0.0832197448508713,0.017077812268493073,0.2798792257287532,0.11107802823303486,0.0024398986628523423,0.46589224619855546,0.205646454975641,0.00031622972828921015,0.6774077317011483,0.16587789313267326,4.195661466626178e-06,0.7360446335878001
395,16.367880161208802,0.10890160923215575,0.5497868049424142,25.210629895267974,0.001308592524540895,0.5381235957563565,1.4420457367043467,1.1992792611251015e-12,0.1312617284039773,0.13503089317783493,0.007843877490926736,0.08321502229085818,0.017051588044225238,0.2798762604908951,0.11107655931929009,0.0024335267029946765,0.46589074516455015,0.20564562271275483,0.0003138695745652642,0.6774066436305871,0.165877824508493,4.137017851866067e-06,0.7360445958458967
396,16.386303271016278,0.10898969635921532,0.5479709389619529,24.621511483653734,0.0012851474450257668,0.5383564700432126,1.4426104923310175,1.1696838605706908e-12,0.13121957099070378,0.13495278715387007,0.00783948914773187,0.08321005715815463,0.017024083566775438,0.27987315079676206,0.11107499670754017,0.0024268523754155287,0.465889173779911,0.205644631345783,0.0003114138260919353,0.6774055145002705,0.16587775205353042,4.076567275503439e-06,0.7360445571677441
397,16.80744746038719,0.10873428287133109,0.5539280860684812,122.8927478203879,0.0012618834465525906,0.5383613093073101,1.443244201781368,1.1384178878038908e-12,0.131180824536192,0.1348810175850734,0.007835469780589324,0.08320549293403204,0.01699882464674262,0.2798702935632498,0.1110735570208665,0.0024207275296036592,0.46588773055705984,0.2056436991659863,0.0003091679047065586,0.6774044794638295,0.16587768542546386,4.021537265028171e-06,0.7360445218100607
398,16.54277029512184,0.1146821306844629,0.5430268719792366,24.398310162789077,0.0012388016629758254,0.5385640962498908,1.4437990334513011,1.1111043027446055e-12,0.1311395047069221,0.13480452269109516,0.007831241315553357,0.08320062216865667,0.016971921990468982,0.27986725107801713,0.11107200559620424,0.002414212901319831,0.4658861966555714,0.2056426074180391,0.0003067954639399859,0.6774033896433244,0.16587761435413298,3.9639655462956355e-06,0.7360444850732981
399,16.5582872899879,0.11221318964967182,0.5413730600848794,139.1296611879328,0.0012159032192690445,0.5385496005633871,1.444415816750578,1.0823969542712355e-12,0.13110175388766038,0.1347346294270454,0.007827359508238468,0.08319617121665474,0.0169473581136454,0.279864471700313,0.11107058580327392,0.0024082687972070355,0.4658847958624757,0.2056415963281018,0.0003046377015060851,0.6774023960023398,0.1658775494386422,3.911829605103303e-06,0.7360444516548962
400,16.648864968958204,0.1085206263787434,0.5480530469212681,129.2493845185566,0.0011931892314700856,0.5383469346452205,1.4450872467915088,1.0526284655947457e-12,0.13106716749807054,0.13467058753737593,0.007823786077503158,0.08319209347466379,0.016924870010002892,0.27986192621388073,0.11106928312770135,0.0024028307638688648,0.4658835134493903,0.20564065736411732,0.0003026698039978744,0.6774014880117675,0.16587749001930036,3.864481970356685e-06,0.7360444211956789
401,16.541775929093784,0.10845009184282334,0.5457680409308523,24.52016733021549,0.0011706608066266702,0.5383554705636996,1.4456756853687438,1.0266486613492834e-12,0.1310302124402652,0.13460219105811363,0.007820021213378285,0.08318773295210559,0.016900863192234855,0.27985920873598497,0.11106788014672163,0.002397032068257879,0.46588214688118335,0.20563958870369764,0.00030058530573265243,0.6774005297202343,0.1658774268523379,3.814800705811932e-06,0.7360443894824011
402,16.215729051781576,0.10836452198349705,0.5517526739276946,23.83350962922595,0.0011483190427424423,0.5385468213613553,1.446191014806702,1.003948759445401e-12,0.1309916641457893,0.13453083235705082,0.007816079415652,0.08318318917438133,0.0168758577251204,0.27985638042166,0.11106641149546552,0.0023910013563231687,0.46588072718527185,0.20563842820717937,0.0002984309696518228,0.6773995418900678,0.1658773614516908,3.7638836447132365e-06,0.7360443571465588
403,17.009923555372954,0.12411060178605667,0.5580944179091603,26.660219943517884,0.0011261650287234543,0.5388959724094844,1.4466416483527826,9.840940425687007e-13,0.1309517900714751,0.1344570509047892,0.007812052130353328,0.0831784870408939,0.016850012954915033,0.27985345632446756,0.11106488570219236,0.0023847743861806284,0.4658792613230341,0.20563718817705048,0.00029621896732222265,0.6773985290687644,0.1658772942070297,3.712015108158535e-06,0.7360443243210605
404,16.981118548329363,0.13237231324849574,0.5476859940681607,169.28488693692114,0.0011041998443250959,0.5390283811434037,1.447152551391944,9.628749617112956e-13,0.13091578616559477,0.13439038220033792,0.007808338175423617,0.08317424287752546,0.01682669562234847,0.2798508172879362,0.11106350788751254,0.002379160121842934,0.46587793861199817,0.2056360647408993,0.0002942302488112604,0.6773976160172488,0.16587723357372253,3.6655568024327202e-06,0.7360442947690533
405,16.768948508258166,0.1250506852632853,0.5445863439235836,190.53862842927842,0.0010824245600994634,0.5389729542634859,1.4477127239773773,9.407029663059486e-13,0.13088350116705075,0.13433028069736674,0.007804897035465568,0.08317054596654355,0.01680569344977906,0.27984843906289436,0.11106251166415393,0.002374104555239484,0.46587674660558215,0.20563634149716342,0.0002924440732598454,0.6773967940475287,0.16587717898302626,3.6239750827926805e-06,0.7360442682008094
406,15.9403674395927,0.11049293192166232,0.5342313388828188,178.1257743315899,0.0010608402373431939,0.5387553602080043,1.4483140496329074,9.178675215107924e-13,0.1308543734924842,0.13427600961411765,0.007801710568849394,0.08316720959881677,0.01678675542888249,0.2798462944946728,0.11106160836647211,0.002369549061617132,0.46587567204271446,0.20563656437653519,0.00029083867578711,0.6773960538577728,0.16587712982451125,3.586724717079941e-06,0.7360442443107831
407,16.618763740479178,0.10806650866466327,0.522527480032295,129.4132433173407,0.0010394479280457247,0.5383984551586626,1.448955405871622,8.944322297026308e-13,0.13082759115470913,0.13422611385134203,0.007798776125281821,0.08316413842438312,0.016769354793278547,0.2798443233808279,0.1110607693917295,0.0023653656733907766,0.46587468479073635,0.2056367230390321,0.0002893684348885964,0.6773953752557702,0.1658770847658877,3.552738237271009e-06,0.7360442224723821
408,16.819097806457933,0.10802514143396139,0.5262901848182082,26.088728463004276,0.0010182486748380308,0.5382466810575455,1.4495197540578355,8.739916662312265e-13,0.1308001653462911,0.13417326519370443,0.0077957074611480085,0.08316174002002458,0.016750887911015234,0.2798422273400279,0.11106154561681378,0.0023609285201147347,0.46587363795498915,0.2056456435596842,0.0002878192837818216,0.6773946634023291,0.1658770375672003,3.517234535233153e-06,0.7360441998571123
409,16.38800072144367,0.10796760393263583,0.5435909661464393,24.41322031358417,0.0009972435109418076,0.5382722478026316,1.4500133939174062,8.561441124325331e-13,0.1307705528729766,0.13411662201375293,0.007792474503001736,0.08315898751462045,0.016731111151722725,0.27983998399910454,0.1110620212429348,0.002356182514085101,0.4658725193644885,0.20565332538565123,0.00028617203354885197,0.6773939092540929,0.16587698767190648,3.479796012907113e-06,0.736044176191473
410,16.98647399214779,0.10789507569547895,0.5496367639862001,25.204918133154298,0.0009764334601191078,0.5384507160540879,1.4504442459240183,8.405460275624529e-13,0.1307387350522596,0.134056143112895,0.007789101848764672,0.08315588885640239,0.016710001375376548,0.2798375899352638,0.11106222020441407,0.002351121930429376,0.46587132723566066,0.2056599023896915,0.00028442516450414846,0.6773931116417122,0.16587693503680517,3.4404025901667346e-06,0.7360441514376856
411,16.21763051203865,0.10781162369953777,0.5581770699936897,24.22976823243305,0.0009558195366224508,0.5387605913303003,1.4508201788944357,8.269027719332405e-13,0.1307056852564701,0.1339935719575733,0.007785633390572618,0.08315257105600683,0.01668818348046475,0.27983511634443287,0.11106220355975464,0.0023458973582906116,0.46587009698222503,0.2056655298040408,0.0002826305275992134,0.6773922934100925,0.16587688118308053,3.400205341828859e-06,0.7360441262613695
412,16.313127800195073,0.12517862230204954,0.5502389108296484,24.477396423373907,0.000935402745145387,0.5391829439236305,1.451147767465567,8.149609640588409e-13,0.13067180021927022,0.1339296151371048,0.007782096777913871,0.08314909068950392,0.01666590784532968,0.2798325916925168,0.11106200684572662,0.00234056911393788,0.465868842762962,0.20567032803372443,0.00028080889030455036,0.6773914636551358,0.16587682672351187,3.359663229057423e-06,0.736044100924087
413,16.504952605434962,0.14433401517473995,0.5458808958064765,180.95135760727115,0.0009151840807735252,0.5394095187214042,1.4515293278413046,8.018670293628104e-13,0.13064125951497643,0.1338719570614531,0.007778849422435854,0.08314594449481945,0.016645848169868974,0.2798303176235913,0.11106180809687625,0.002335773969756982,0.46586771325335374,0.20567453649380968,0.0002791735504441755,0.6773907170026036,0.16587677774157683,3.3233837041037234e-06,0.7360440781501101
414,16.57185328411873,0.14821108169881683,0.5483667538501322,222.40073328015066,0.0008951645289360467,0.5394667651815112,1.4519544761635395,7.879276456691553e-13,0.13061395857612884,0.1338203657548109,0.0077758486067197995,0.08314312747595423,0.016627926952724918,0.27982828599967413,0.111061618520005,0.002331491952793903,0.46586670413715164,0.20567823362026427,0.0002777161661827954,0.6773900501749317,0.16587673401213116,3.2911422361264057e-06,0.7360440578264926
415,16.536356740037256,0.13558065807939243,0.5431412300094962,233.00122473534745,0.0008753450653576639,0.5393781196871487,1.4524154704970242,7.73369445687169e-13,0.13058950745286582,0.13377411203484896,0.007773067963349186,0.083140600789111,0.016611888638720713,0.27982646822639934,0.11106143717570743,0.002327662525301999,0.46586580148502066,0.2056814793768289,0.00027641562660760046,0.6773894540993852,0.16587669494001203,3.262446520415168e-06,0.7360440396755095
416,16.397223673170654,0.11671187103958687,0.5477297939360142,210.9603200153675,0.0008557266560110695,0.5391643241290767,1.4529067861123177,7.583578350350087e-13,0.1305675259647956,0.13373249580982083,0.0077704942738439035,0.08313832478025084,0.016597481573169353,0.27982483577163747,0.111061261219006,0.0023242249168328962,0.46586499110998775,0.20568432481763363,0.0002752505894882215,0.6773889194332354,0.16587665991542588,3.2368065716477107e-06,0.7360440234137067
417,16.682374486716125,0.10750857578998918,0.5445029700640589,142.3900983093568,0.0008363102570698579,0.5388437827868537,1.453428249284886,7.429123193910226e-13,0.1305474836796167,0.13369455010747266,0.007768115929448322,0.08313624165134542,0.01658436219470729,0.2798233493281305,0.11106108063035426,0.0023210963123462404,0.46586425348592025,0.20568680838940456,0.00027419256500499205,0.6773884335236429,0.1658766281233026,3.213587395484947e-06,0.7360440086661194
418,16.4177947076415,0.10747689393240592,0.5490076269488782,24.587576535701288,0.0008170968148619213,0.5386923399742937,1.4538836148856824,7.294423911581922e-13,0.13052525157145056,0.13365265840812787,0.007765584590492417,0.08313387165009352,0.0165698749349369,0.2798217087421816,0.11106074627869623,0.0023176453765667597,0.4658634409447482,0.20568883880601455,0.00027303245247605655,0.6773879034849258,0.1658765937160105,3.1883392586317717e-06,0.7360439927956776
419,17.066273219462634,0.1074339618307576,0.5432352011557668,27.04729133082086,0.0007980872658233266,0.5386864741164741,1.454281325670381,7.176861625724327e-13,0.13050190444347798,0.13360879560554517,0.007762994374416727,0.08313134360902054,0.016554705299801444,0.27981999100222044,0.11106030740268631,0.0023140347996367353,0.4658625912513194,0.2056904974505093,0.0002718240872393507,0.6773873528643967,0.16587655817620875,3.1622065187862945e-06,0.7360439764614413
420,16.665348429995202,0.10738103211645651,0.5425166410859674,26.08612191959497,0.0007792825364526756,0.538805511945785,1.4546281018622926,7.074187844210716e-13,0.13047751579313277,0.1335630808524164,0.007760337961463188,0.08312867041619305,0.01653890004893894,0.27981820163134163,0.11105977460478193,0.0023102761762074666,0.4658617071781834,0.20569182693446297,0.00027057155780304713,0.6773867833470417,0.165876521609758,3.1352784104497496e-06,0.7360439597064277
421,16.660305110880635,0.10731906292062093,0.5269711690489203,25.857691120575375,0.0007606835432659496,0.5390312913398024,1.4549298446305348,6.98446710424829e-13,0.1304520999342714,0.13351553984697045,0.007757624455257692,0.08312585612913787,0.016522465111376738,0.27981634096639224,0.11105915475351194,0.002306370837380011,0.4658607888463599,0.20569286269433784,0.0002692754142303918,0.6773861949648864,0.16587648402015756,3.1075694011662094e-06,0.7360439425283094
422,16.8113582544956,0.11950098051516066,0.5285431810189039,25.589382300349904,0.0007422911927518332,0.5393478578435893,1.455191851957497,6.906029459107505e-13,0.1304257628361732,0.13346636080551688,0.007754860222260383,0.08312291719762947,0.01650546972048369,0.27981441727336215,0.1110584582786191,0.002302335881693118,0.46585984041530437,0.20569363997177087,0.00026794160975812756,0.6773855903013523,0.16587644557492368,3.079208732685667e-06,0.7360439249969473
423,16.26881251642634,0.13057308189160893,0.5342388139106333,154.94306646230447,0.0007241063813275485,0.5395110829427134,1.4554977610790567,6.819127611843975e-13,0.13040204374461464,0.13342205694120998,0.007752337298163139,0.08312026782135878,0.0164901715538024,0.27981268538962767,0.1110578246193305,0.002298705712844678,0.4658589867120156,0.20569430462018398,0.00026674396250029757,0.67738504643592,0.1658764110206036,3.053807086299469e-06,0.7360439092444441
424,16.84517181253279,0.13151010095652396,0.5506367259658873,182.5079137172605,0.0007061299952951432,0.5395424617649488,1.4558393980668702,6.725781760509972e-13,0.13038076075403984,0.1333822718790357,0.007750014715119556,0.08311788789314788,0.01647644566790738,0.27981113144480385,0.11105725064034123,0.0022954488467432717,0.46585822051434955,0.20569487382293788,0.0002656713916639362,0.6773845586512698,0.16587638005173658,3.0311105281987746e-06,0.7360438951298641
425,16.579060390139606,0.12296203258496163,0.5544880039524287,183.97008759741,0.0006883629107983164,0.53946097115094,1.456210566827524,6.627535075306317e-13,0.1303616672173496,0.13334654204979018,0.0077478658915176605,0.08311575094441005,0.0164641337422121,0.27980973771530665,0.11105673119069197,0.0022925280902679527,0.4658575332348756,0.2056953605373242,0.00026471094371424665,0.6773841213335178,0.1658763523076571,3.010830284047933e-06,0.7360438824883251
426,16.228132016640718,0.11122831655629356,0.5557939559221268,181.64564974444824,0.0006708059937796987,0.5392833148090941,1.45660503177131,6.525924894242202e-13,0.1303444761259182,0.1333143492463602,0.007745890711733906,0.08311382626313066,0.016453057151906758,0.279808483985232,0.11105625942106664,0.0022899016334816022,0.4658569151345148,0.20569577443925277,0.00026384869260125224,0.6773837283738967,0.16587632739980435,2.9926613664812816e-06,0.736043871142453
427,16.373071769866346,0.10709253182068892,0.5499325429555029,134.61243735929725,0.0006534600999386576,0.5390242657944639,1.4570212938357783,6.42135102805589e-13,0.13032874629961083,0.13328489879133254,0.007744082688772294,0.08311206275997642,0.016442929348137347,0.27980733758455856,0.11105582126179604,0.0022875011973898657,0.4658563501540211,0.20569611694579693,0.00026306204909804767,0.6773833697333055,0.16587630470369086,2.9761244999329693e-06,0.7360438608086579
428,16.32803558697305,0.10706909475866128,0.5499615829903632,24.40803464569673,0.0006363260746895873,0.5388985606912908,1.4573837158006535,6.330266453474627e-13,0.13031146746584246,0.13325261734972924,0.007742156070154943,0.08311011142336322,0.016431827054124708,0.2798060813924659,0.11105530548630609,0.002284872462407508,0.46585573213550147,0.2056963032434891,0.00026220463187104056,0.6773829804311104,0.16587628027012763,2.9582148963267084e-06,0.7360438497080535
429,16.763578760916626,0.1070345605640938,0.5372916799969971,25.474344411707275,0.0006194047531207041,0.5388869701790212,1.4576985586095736,6.250891484756123e-13,0.13029261041804438,0.13321746537710252,0.007740131371271007,0.08310796834280278,0.016419727945494716,0.2798047121804108,0.11105471275693005,0.0022820096681010235,0.46585505937653054,0.20569634475084272,0.00026127461552536595,0.6773825593750155,0.16587625402917974,2.938898863466349e-06,0.736043837808531
430,17.059468491918327,0.10699188065213079,0.533617370063439,26.59752828270476,0.0006026969599533516,0.5389726518763924,1.457971957723258,6.181693509429649e-13,0.13027286379585493,0.1331807059696979,0.007738060151287809,0.08310571413281814,0.01640707024188172,0.2798032791841295,0.11105407105915253,0.002279016196289172,0.46585435588609553,0.2056962753879865,0.00026030528961771643,0.6773821211512333,0.1658762268604754,2.9188587676459576e-06,0.7360438255042233
431,16.332771419507935,0.10694173626404294,0.541104624979198,24.432521836122202,0.0005862035095017946,0.539140837366952,1.4582087910425472,6.121349791195425e-13,0.13025220763951192,0.13314229291771304,0.007735929121384357,0.08310334849921722,0.016393843434837872,0.27980178159560626,0.11105338199650361,0.002275890120833092,0.4658536213513851,0.2056961050494516,0.00025929630551502274,0.6773816655685351,0.16587619875527243,2.8980911403889184e-06,0.7360438127888773
432,16.85082604853447,0.11049102573962132,0.5433961590752006,24.964394702476845,0.0005699252056335431,0.5393785917353215,1.4584135674963887,6.068716479387611e-13,0.13023086646849746,0.13310263773952757,0.007733755700602674,0.08310089852365608,0.016380190907958364,0.2798002356435242,0.11105265579767223,0.0022726654240024977,0.4658528637053225,0.2056958500798339,0.0002582586642213334,0.6773811974277432,0.16587617000445926,2.87682192762261e-06,0.7360437997911723
433,16.396482182208302,0.11582629383612969,0.5476257489062846,139.36693107982668,0.000553862841730158,0.5394990160594564,1.4586521846639529,6.010128724315906e-13,0.13021163634326155,0.13306690376992766,0.00773179043899836,0.08309869048337946,0.01636789509273764,0.27979884304074115,0.11105199958990754,0.0022697623341546343,0.46585218133168227,0.20569560941070256,0.0002573260008965834,0.6773807760804527,0.16587614414771812,2.8577435743165147e-06,0.7360437881032361
434,16.525823858210046,0.11608529509172315,0.541017155861482,152.32025149651815,0.0005380172006485993,0.5395192786953256,1.458918357218276,5.946976173858728e-13,0.13019445924489392,0.13303480024096045,0.007730001271762542,0.08309678992375681,0.016356854746905476,0.2797975920607982,0.11105156962541586,0.002267156420410552,0.4658515685374728,0.20569623028894554,0.00025649010639566144,0.6773803980236096,0.16587612096450421,2.840676884096597e-06,0.7360437776252113
435,16.52212217051689,0.11177081244379466,0.5341880221385509,151.6665591008945,0.0005223890546830563,0.5394544668097667,1.4592068665893265,5.880327987310586e-13,0.13017899516461098,0.13300588883303416,0.007728368019875488,0.08309507738435411,0.01634692260133902,0.2797964667277187,0.11105117740431732,0.002264813082279468,0.46585101741183355,0.20569675993707323,0.0002557395325440183,0.6773800582646601,0.16587610014799647,2.825379907937646e-06,0.736043768217935
436,16.47923046100868,0.10676544353178415,0.5287127699702978,126.99672509820465,0.0005069791655273144,0.5393178498064735,1.459514840443785,5.810805589979216e-13,0.1301649837019565,0.13297969419577269,0.007726880505955074,0.08309352347757648,0.016337929194561764,0.2797954477144143,0.11105081621824044,0.0022626919783008677,0.465850518468459,0.20569720770935487,0.00025506109763407574,0.6773797509697049,0.1658760813419383,2.811578214266995e-06,0.736043759720416
437,16.275501682121945,0.10673878171524508,0.5330211250111461,24.01414610873908,0.0004917882842376341,0.5392767043656274,1.4597814346934905,5.750363112220881e-13,0.1301495844116075,0.1329509734387025,0.007725295153395566,0.08309179894923563,0.016328063316063835,0.2797943299588904,0.11105038191986537,0.002260366576060698,0.4658499718056035,0.20569749784501254,0.00025431997235118696,0.6773794162266403,0.16587606099877367,2.7965758989905145e-06,0.7360437505366478
438,16.477332983230447,0.10670524881495994,0.5474055679515004,24.80874228754524,0.00047681715119613513,0.5393165072281372,1.4600121233662513,5.697805112732855e-13,0.1301334403985049,0.13292090174457138,0.007723654234606736,0.08308998039495122,0.016317735286404282,0.279793160067129,0.11104990159939182,0.0022579337806332583,0.46584940015397036,0.2056976653433208,0.00025354689768315096,0.6773790676119678,0.16587603991888036,2.7809883742754984e-06,0.7360437410254451
439,16.433406124762843,0.10773658824991444,0.5527891949750483,23.889362105020354,0.0004620664960747236,0.5394245601111538,1.4602114312366494,5.652099025216113e-13,0.13011677362042492,0.1328898769036396,0.0077219628430638615,0.08308809585081804,0.016307088335773115,0.27979195465357953,0.11104938638660408,0.0022554277907781027,0.46584881167380704,0.205697730135481,0.000252752822489758,0.6773787099877515,0.16587601838704413,2.765035042365897e-06,0.7360437313144236
440,16.47414921172742,0.10810195163245169,0.560094750020653,124.69963106625453,0.0004475370377995175,0.539448153327876,1.4604346651409037,5.602510878006457e-13,0.13010173399575467,0.1328618871122273,0.0077204397508510965,0.08308639369525479,0.016297484451690696,0.2797908670174656,0.11104891817099605,0.002253167878131691,0.4658482807533645,0.2056977709877254,0.0002520376305742656,0.6773783875651328,0.1658759989916351,2.7506908212852793e-06,0.7360437225674717
441,17.031722300625567,0.10661322058437861,0.5550455818884075,120.33086871494963,0.0004332294845158176,0.5394004097003723,1.4606779967037555,5.549798318173259e-13,0.13008810039397775,0.1328365197873806,0.007719061867741573,0.08308484915994492,0.016288781469847923,0.2797898812208577,0.1110484904511366,0.0022511205157379815,0.4658477996281646,0.20569779031581126,0.00025139052981328704,0.6773780956283083,0.16587598144874202,2.737734025910167e-06,0.7360437146565011
442,16.733174232515314,0.10658472309869893,0.5498123390134424,26.11388927053342,0.000419144533553583,0.5394253384583324,1.4608882549558688,5.504038397031418e-13,0.13007394157678231,0.1328102016491537,0.007717651726493494,0.08308323828258875,0.016279749819732566,0.2797888579006006,0.11104803211379777,0.002248996513365362,0.4658473004995682,0.2056977348129337,0.0002507208532953261,0.677377793883702,0.16587596339933225,2.724371696931139e-06,0.7360437065205016
443,16.680103966625918,0.10908717158159505,0.5337151889689267,26.411365337502566,0.00040528287139345574,0.5395113124129841,1.4610698685357932,5.464315221918842e-13,0.13005968984800342,0.13278372161117483,0.007716235588236158,0.08308161240138484,0.016270665051148225,0.2797878284297483,0.11104756095531436,0.002246860817423509,0.4658467986407244,0.20569762575007283,0.0002500489394804097,0.6773774913446108,0.16587594536726633,2.7110042492956586e-06,0.7360436983943112
444,16.938288156463237,0.10912014070481107,0.5301397209987044,134.8366159086803,0.00039164517363329224,0.5395243520684564,1.461271161684932,5.421520688071704e-13,0.1300469355605973,0.13275988125900817,0.007714956507613805,0.08308021646646724,0.016262484872538986,0.27978690086386315,0.11104726914513084,0.0022449379564476605,0.4658463465705625,0.2056982241215965,0.00024944470678964345,0.6773772190670573,0.1658759291520218,2.6990012560614016e-06,0.736043691087443
445,16.50984458767937,0.10671000398111588,0.5353196610230953,131.29325850539618,0.0003782321049552411,0.5394760884233076,1.4614879814923756,5.376416908341525e-13,0.13003543788784494,0.13273839257423048,0.007713798585975745,0.08307895562522292,0.016255114860218942,0.27978606509705495,0.11104700036298118,0.0022432059694158556,0.46584593929716134,0.20569873246361034,0.00024890105326516875,0.6773769739442255,0.16587591456732464,2.6882171077995443e-06,0.7360436845155971
446,16.202239706631055,0.10649663330734144,0.5375296529382467,138.77165497255027,0.0003650443190933469,0.539376660613097,1.4617159298060145,5.329844107220423e-13,0.13002504739717263,0.1327189804917323,0.007712754443750187,0.08307781388926262,0.016248458342970354,0.2797853102038456,0.11104675205419441,0.0022416420645994897,0.46584557150213346,0.2056991624131674,0.0002484106889336076,0.6773767527587975,0.16587590142032974,2.678503593699067e-06,0.7360436785918604
447,16.44494149426068,0.10647830932901528,0.5413086540065706,25.190368189606566,0.0003520824588016869,0.5393461672278248,1.46191248212776,5.289525327045526e-13,0.13001412749426236,0.13269861048147905,0.007711666815942566,0.08307660281350314,0.016241475003133582,0.27978451844459273,0.1110464657175409,0.0022400022066862545,0.4658451860455648,0.20569947685353493,0.0002478977744157617,0.6773765218237618,0.16587588776005296,2.668376924105346e-06,0.7360436724382903
448,16.62276112647144,0.10645495923540765,0.5415660499129444,24.311269217744975,0.00033934715582304695,0.5393734790038985,1.4620815537466452,5.254626702430831e-13,0.13000267395939247,0.13267727386617842,0.0077105371079115494,0.0830753231142897,0.016234161723766145,0.2797836894828253,0.11104614359796015,0.002238285711362784,0.4658447827593614,0.20569968834114377,0.0002473621303624153,0.6773762810148687,0.16587587357651737,2.657833895434833e-06,0.7360436660505086
449,16.61211097463035,0.10642798738551847,0.5372242890298367,25.108425615206357,0.0003268390308581253,0.5394489179154036,1.46222683458608,5.224427407789703e-13,0.12999098534739745,0.13265551715861007,0.007709387475339773,0.08307400999558424,0.016226706604611958,0.279782844461472,0.11104579879265909,0.002236536579274141,0.4658443718777004,0.20569981721979538,0.0002468173609369467,0.6773760363127544,0.16587585921328082,2.6471392070235853e-06,0.7360436595823349
450,16.654162427536306,0.10800886895843079,0.5266874879598618,24.85233719246752,0.0003145586935352887,0.539564068327716,1.4623513383313635,5.198303585755011e-13,0.12997906469883033,0.13263334544922145,0.007708219796721998,0.08307266498874967,0.016219111726789446,0.2797819837313404,0.11104543335738007,0.0022347554224543356,0.4658439535808771,0.20569987341593546,0.0002462636892350623,0.677375787807037,0.1658758446728373,2.6362971745493692e-06,0.7360436530353374
451,16.99669688632964,0.10991725924726198,0.5383114858996123,117.05768238005246,0.00030250674238085137,0.539616134807901,1.4624938125185678,5.16933037079014e-13,0.12996837747918472,0.13261347024484993,0.007707172294075857,0.08307145808142254,0.016212304727947574,0.27978121218663543,0.11104510337177809,0.0022331593782354336,0.4658435786678152,0.2056999110304986,0.00024576802765416,0.6773755651905972,0.16587583165577816,2.626602927152936e-06,0.7360436471744531
452,15.909471347506468,0.109439753896487,0.5432400370482355,147.75849582304832,0.0002906837647899102,0.5396153988406982,1.4626483571776439,5.138582789787644e-13,0.12995884123259752,0.13259573486300022,0.007706233664989342,0.08307038054810507,0.016206233041020056,0.2797805239609018,0.1110448071966401,0.0022317360653576557,0.4658432442810842,0.20569993491465727,0.00024532639738076575,0.677375366733187,0.16587582005857593,2.617975002591094e-06,0.7360436419529223
453,16.54670699762366,0.10719287766752927,0.5565710898954421,131.62099171531744,0.0002790903369977137,0.539570860435226,1.4628130756317963,5.106386275662421e-13,0.12995026906210483,0.13257979242893878,0.007705386865864443,0.0830694112073095,0.016200777155637922,0.27977990551903825,0.1110445390261046,0.0022304573768052584,0.4658429438417979,0.20569994565610278,0.00024492998964009726,0.6773751885361142,0.1658758096535563,2.6102392628933927e-06,0.7360436372683766
454,16.93162999611898,0.10633446392863988,0.5551940710283816,117.51291836015992,0.0002677270240515765,0.5394903282416058,1.4629860265466847,5.073083476959213e-13,0.12994252500487066,0.1325653939033907,0.00770462444286822,0.08306853460903639,0.016195849799268157,0.27977934693048195,0.11104429476773414,0.002229302748354593,0.4658426725156156,0.20569994458953444,0.0002445723413868946,0.6773750277251955,0.16587580027275498,2.603267686687623e-06,0.7360436330450473
455,16.370660187521505,0.10632142272260979,0.5560461659915745,24.741999604025494,0.0002565943797833396,0.5394614760658597,1.4631342614825746,5.044405619434501e-13,0.12993446926367935,0.13255042350934532,0.007703832376602998,0.08306761956236394,0.01619072868072184,0.27977876652196304,0.11104403301126932,0.002228103203898352,0.4658423907717471,0.20569990136606275,0.0002442014977279168,0.6773748612337686,0.16587579059782256,2.5960572331225023e-06,0.7360436286897232
456,16.547188808000936,0.1063052907158756,0.547052897978574,24.977431216172693,0.00024569294678238046,0.5394754800014084,1.4632615908618622,5.019723631042207e-13,0.12992644235215045,0.1325350231905654,0.007703017403319577,0.08306691213201152,0.0161854492529493,0.27977816686601054,0.11104422034535344,0.0022268661921592604,0.46584210006006005,0.2057022596132273,0.00024381985477906347,0.6773746900975011,0.1658757806852416,2.588653752736065e-06,0.7360436242279459
457,16.995200350613516,0.10628630707335773,0.5296221398748457,25.863199386098504,0.00023502325636916188,0.5395246990076741,1.4633702234481072,4.998494091399288e-13,0.12991817870803493,0.13251926099841746,0.007702190734532196,0.08306614692476919,0.016180047489786603,0.2797775535564088,0.11104433189801075,0.002225601012969689,0.46584180282632975,0.20570425111372284,0.00024343010627258298,0.6773745154728442,0.16587577060013245,2.5811087129664942e-06,0.7360436196886938
458,16.637048159506307,0.10688012572125061,0.5246592089533806,25.232885147705613,0.00022458582856934304,0.5396025319886104,1.4634627390675377,4.980247201670832e-13,0.12990983496520644,0.13250341371007676,0.007701361237989135,0.0830653462876279,0.01617461951610962,0.27977693751621824,0.11104438244931615,0.0022243302022614195,0.46584150436480304,0.20570592839236973,0.00024303916458982475,0.6773743404215758,0.165875760514813,2.573554588899288e-06,0.7360436151495009
459,16.69576113133551,0.10788738253632886,0.5327266938984394,125.56953288812322,0.0002143811720884298,0.539635709952304,1.463566459706253,4.960296949076033e-13,0.1299024153544381,0.1324893336545966,0.0077006251005433644,0.08306462957220385,0.016169797539559317,0.2797763902153022,0.11104441695352778,0.0022232014449297044,0.46584123922065807,0.20570736386215757,0.00024269215212311884,0.6773741849660068,0.16587575156298873,2.5668551483930392e-06,0.7360436111204965
460,16.197350189146935,0.10748791039046922,0.5379606578499079,126.17020369698136,0.00020440978428698246,0.5396320668528896,1.4636784884145477,4.939136119563982e-13,0.12989580048496652,0.13247679153302788,0.007699969228371598,0.0830639860101264,0.01616550285809919,0.2797759027423953,0.11104443770594105,0.002222196267904577,0.465841003076329,0.2057085899948014,0.00024238332877929335,0.6773740465709798,0.16587574359825694,2.5608980202727102e-06,0.7360436075357809
461,16.374174290756677,0.10622807418888983,0.5464811879210174,123.73416196250174,0.00019467215115637467,0.5395983740817902,1.4637966049214486,4.917144854872222e-13,0.12988991334883826,0.13246563788554022,0.007699385232538536,0.08306340939571291,0.016161684264646436,0.27977546930477154,0.11104444772561521,0.002221302651300019,0.46584079312313886,0.20570963591643504,0.0002421089444153551,0.6773739235770712,0.1658757365240357,2.555609379321071e-06,0.736043604351892
462,16.302829864582616,0.10621656465118151,0.5427937661297619,23.979096416106202,0.0001851687472951083,0.53959879204211,1.4638969645954116,4.898332493973783e-13,0.1298838105372339,0.1324541186771414,0.007698781407043281,0.08306279345823901,0.016157743516931635,0.2797750222883636,0.11104441726906362,0.0022203808921900854,0.4658405766978512,0.205710500182294,0.00024182634962658856,0.6773737970609155,0.16587572926795108,2.5501730495192754e-06,0.7360436010865281
463,16.778333624324908,0.10659670852431305,0.5365526350215077,24.681717501390672,0.00017590003588567962,0.5396269338735582,1.4639820224178082,4.882255777157843e-13,0.12987756847892545,0.13244237307149784,0.007698168061043186,0.08306214888773031,0.01615372691266937,0.27977456685163626,0.11104435355604586,0.0022194417329920945,0.46584035627824116,0.2057112089462384,0.00024153879646009863,0.6773736684391395,0.1658757219090853,2.5446507667190025e-06,0.7360435977751193
464,16.403952391398906,0.10630500228112681,0.5355303920805454,130.79835530836394,0.00016686646867200534,0.5396247634516991,1.4640733870717086,4.865284033966603e-13,0.12987203518710128,0.13243196760463805,0.0076976256987922,0.08306157508927467,0.016150168815554165,0.27977416337989214,0.11104429178492788,0.00221860987656495,0.46584016101889575,0.2057118088548108,0.00024128423088303096,0.677373554538997,0.16587571539557483,2.5397654064734617e-06,0.7360435948441707
465,16.57394027623343,0.10618511246235657,0.534964855061844,120.93154484203377,0.00015806848593740948,0.5395981132623398,1.4641694387335313,4.847681974843827e-13,0.12986711051121183,0.13242271310082573,0.0076971445103358,0.08306106199111747,0.016147004331419672,0.27977380451432154,0.11104423158403634,0.002217870111100501,0.4658399873555634,0.20571231482424196,0.0002410579599240131,0.6773734532780659,0.16587570960819017,2.5354260297237437e-06,0.7360435922399835
466,16.523584221972452,0.10617549162112994,0.5420198440551758,25.113361535026343,0.00014950651648315563,0.5395990336792792,1.4642505834417279,4.832703252770704e-13,0.1298620498983874,0.13241322777603173,0.007696654021150132,0.08306052511837646,0.016143761607886234,0.2797734368851436,0.11104414833852554,0.0022171122792733877,0.4658398095149015,0.20571271974334635,0.00024082643998528557,0.6773733497660086,0.16587570370679985,2.530993051264957e-06,0.7360435895844847
467,16.27109501238233,0.10616399616098136,0.5542709499131888,24.004595069818837,0.00014118097760755784,0.5396220974230787,1.4643188843175956,4.81997427686238e-13,0.12985685067896258,0.13240350391790554,0.007696153704570233,0.08305996485478147,0.016140437014219723,0.2797730598930602,0.11104404429484356,0.002216335340048472,0.46583962717174243,0.20571303692983345,0.00024058929788306103,0.6773732437975238,0.16587569767875482,2.5264589148355676e-06,0.7360435868720232
468,16.888872709346114,0.10702387653611822,0.5557715350296348,26.874866853459803,0.00013309227508563512,0.5396626657826464,1.4643763450118188,4.8091732696278e-13,0.12985176477868157,0.13239400451621933,0.007695665529419595,0.08305941147937157,0.016137189432614593,0.2797726915975117,0.11104393105533776,0.0022155764654317334,0.4658394490591994,0.20571328590327093,0.00024035784612989376,0.6773731403987343,0.16587569180538014,2.5220385036253053e-06,0.7360435842293718
469,16.4640791907274,0.10742954120595272,0.5600061030127108,124.43313219828715,0.00012524080314933647,0.5396773814152407,1.4644393733748577,4.797577690720532e-13,0.12984734532449152,0.13238570036737257,0.0076952381224490805,0.0830589514497937,0.01613434964033506,0.27977236940029343,0.11104387831432062,0.0022149128709057254,0.46583929327221574,0.20571374690078018,0.00024015555348660004,0.6773730500053571,0.1658756866723029,2.518177061344283e-06,0.7360435819198669
470,16.710926618369633,0.10705020696529247,0.5466248861048371,111.41294956563799,0.00011762694446832748,0.5396713859775618,1.4645065573713134,4.785401823276825e-13,0.12984346842016395,0.1323784188347482,0.007694862549572252,0.08305854634869533,0.016131859935631838,0.27977208693127,0.11104382862944016,0.0022143311490108388,0.46583915670202125,0.20571413294030044,0.00023997829121767472,0.677372970784448,0.16587568217538415,2.514795160908405e-06,0.7360435798966066
471,16.221581042846328,0.10613059699453231,0.5328786571044475,133.50693764330785,0.00011025107013133847,0.5396490446643755,1.4645756319516816,4.773020895431975e-13,0.1298400727724014,0.13237204439693454,0.0076945338369074166,0.0830581902636901,0.01612968072360307,0.27977183970835473,0.11104378220538148,0.002213822038361378,0.46583903718203146,0.20571445535522187,0.00023982321660826828,0.6773729014743021,0.16587567824268026,2.511838011960144e-06,0.7360435781271776
472,16.634328896864634,0.10612413501577152,0.5245861690491438,24.281114555028235,0.00010311353962807993,0.5396465020612039,1.4646333099950588,4.762598018463238e-13,0.12983656967992108,0.13236548518307045,0.007694197010016234,0.08305781613015494,0.01612743875052899,0.2797715854205794,0.11104371933935425,0.0022132983721141527,0.46583891427880497,0.20571470756285964,0.0002396638581456586,0.6773728303096953,0.1658756742138561,2.5088030756668007e-06,0.7360435763142439
473,16.130489113133887,0.10620415561316605,0.5296619350556284,24.011340576165,9.621470083171694e-05,0.5396595364730448,1.464681379135302,4.753842226595684e-13,0.12983311253082874,0.13235901963634067,0.007693861163880957,0.08305744286387479,0.016125231074069452,0.2797713351974522,0.11104364769160559,0.0022127829440152917,0.46583879338933304,0.20571490419360336,0.00023950715844341428,0.6773727603893179,0.16587567026125508,2.505821874134343e-06,0.7360435745356274
474,16.43265223404674,0.10611131019859173,0.5352029299829155,128.53198438549268,8.955488998192129e-05,0.5396564237590363,1.4647318685787838,4.744774927005609e-13,0.12983010845798967,0.13235340345217317,0.007693569702752728,0.08305711774302028,0.016123313497321365,0.27977111784896364,0.11104358373824115,0.0022123352749063925,0.46583868838638176,0.20571506596015823,0.00023937110006510745,0.6773726996712218,0.16587566682992408,2.503234414662389e-06,0.7360435729915852
475,16.970927667116502,0.106267906990756,0.5428509300108999,26.91900755058481,8.31344316684771e-05,0.5396669259695861,1.464773745921717,4.737196029008819e-13,0.12982716795578558,0.1323479137488423,0.00769328554134783,0.08305679634562879,0.016121439054271124,0.2797709053648656,0.1110435143862776,0.002211897684047877,0.4658385857418353,0.2057151882571506,0.00023923817872811045,0.6773726403738791,0.16587566348356525,2.5007087769184502e-06,0.7360435714856979
476,16.718530129205902,0.10610061740537163,0.551845618057996,123.91058507197424,7.695363881546601e-05,0.5396636244989069,1.4648175467497235,4.729375010976568e-13,0.12982462351104246,0.13234316491776155,0.007693039924288592,0.08305651768575041,0.01611981765701353,0.2797707215647956,0.1110434531501947,0.0022115191916973237,0.46583849695725843,0.20571528749497653,0.00023912324068866103,0.6773725890947166,0.16587566059056089,2.498525624318155e-06,0.7360435701838306
477,16.827120225907745,0.1062766241213943,0.5431125769391656,26.29904601660735,7.101281266601034e-05,0.5396720707559534,1.4648536581181517,4.722875845868842e-13,0.12982213592241273,0.13233852726035525,0.007692800002899346,0.0830562431481336,0.016118234651653213,0.27977054215867925,0.11104338851066257,0.002211149732837435,0.4658384103150335,0.20571535875429114,0.00023901111980466092,0.6773725391002001,0.1658756577735565,2.4963977302200316e-06,0.7360435689162004
478,16.75126326994671,0.106091729698597,0.5371192919556051,122.18571237694181,6.531224276759696e-05,0.5396688388320301,1.4648911610058781,4.716211930697974e-13,0.12981999669680186,0.13233454004483625,0.0076925938279307,0.08305600666863777,0.01611687371912442,0.27977038791781444,0.11104333207158162,0.0022108321189966097,0.46583833582850126,0.2057154154648018,0.00023891475480764324,0.6773724961282768,0.16587565535297705,2.4945694293805636e-06,0.7360435678269317
479,16.92375148643679,0.10625194111798564,0.5450934909749776,26.195708801129506,5.985220695795936e-05,0.5396755995801796,1.464921861111717,4.710712108922008e-13,0.12981790881503052,0.13233065229362606,0.0076923930181343105,0.08305577433496987,0.01611554690144221,0.27977023755816754,0.11104327359037836,0.0022105225002649665,0.4658382632277623,0.2057154525489804,0.0002388208669966068,0.6773724542805979,0.1658756529984383,2.4927894332168914e-06,0.7360435667674196
480,16.269171170542556,0.10608436222065763,0.5418331159744412,132.01715087264103,5.463297135153983e-05,0.539672602461533,1.4649533109372903,4.705144628453709e-13,0.12981612645305396,0.13232733418888498,0.00769222180914122,0.08305557574417893,0.016114414525413154,0.27977010923547146,0.11104322308916278,0.0022102582706333847,0.4658382012701511,0.20571548108807972,0.00023874076004993673,0.6773724185743063,0.16587565098994084,2.4912711185962826e-06,0.7360435658636238
481,16.658640247043873,0.10620965802345524,0.5472782670985907,25.57966383271686,4.9654790326519536e-05,0.5396779682719215,1.4649788429981627,4.700586955735139e-13,0.12981439757477395,0.1323241177870345,0.007692055389101091,0.08305538212620144,0.01611331724544757,0.279769984921953,0.11104317180750371,0.00221000227527493,0.46583814126053325,0.20571549632141445,0.0002386631919586205,0.6773723840178684,0.16587564904811447,2.489801904553102e-06,0.7360435649898762
482,16.71682832382734,0.10607832833248523,0.5515364638995379,117.0277684516273,4.491790651241681e-05,0.539675311945633,1.4650049381017403,4.695983459317973e-13,0.12981293414075093,0.13232139572211055,0.007691914664792273,0.08305521805141378,0.016112388607222777,0.2797698797113761,0.11104312800343394,0.002209785629546616,0.46583809047343455,0.20571550709913491,0.00023859755797918936,0.677372354777024,0.16587564740532504,2.4885590187716804e-06,0.7360435642506968
483,16.64920081155805,0.10615953997073149,0.5562125481665134,24.84770128818887,4.042255077826842e-05,0.5396795221956674,1.4650259914056798,4.692251737989561e-13,0.12981155323182547,0.13231874519900577,0.007691778025787675,0.0830550979879834,0.016111482001032924,0.27976977673777764,0.11104316307608686,0.002209573974793741,0.4658380408063583,0.20571592687571474,0.00023853347901115182,0.6773723262386508,0.16587564580333838,2.487346290249407e-06,0.7360435635300084
484,16.412723246023642,0.10607344857181432,0.5494178868830204,123.12333032662161,3.616894222136855e-05,0.5396772569486905,1.465047161011546,4.688538584031114e-13,0.12981039882661577,0.1323165321467755,0.007691663905243769,0.08305499645819395,0.016110725132936207,0.279769690778595,0.11104318984526897,0.0022093972877134088,0.4658379993459218,0.20571626412065583,0.00023847999374966786,0.6773723024178916,0.16587564446641806,2.486334244602736e-06,0.7360435629285652
485,15.770692804823922,0.10610901771177482,0.5417570639401674,22.445924776088212,3.215728815659845e-05,0.5396805029694844,1.4650639471462215,4.685564592071578e-13,0.12980926637492698,0.13231437438954313,0.00769155234264984,0.08305489116122373,0.016109987600648572,0.2797696070464649,0.1110432036182102,0.0022092251385528927,0.46583795895896596,0.20571652803135904,0.00023842789857942534,0.6773722792249595,0.165875643166223,2.4853490286596156e-06,0.7360435623435336
486,16.549499333690154,0.10606944032302792,0.5236109609249979,110.24152544487805,2.8387784106317687e-05,0.5396786463549997,1.465080699759839,4.682627950811452e-13,0.12980832930016786,0.13231259084351518,0.00769146017409616,0.08305480321953307,0.016109378022026583,0.2797695378445843,0.11104321323727616,0.0022090828609275075,0.46583792558032194,0.2057167368840817,0.00023838484762516424,0.6773722600582646,0.16587564209189784,2.4845349875425615e-06,0.7360435618601455
487,16.713264547370756,0.10606760111180834,0.5290106551256031,25.023394676092217,2.4860613790834994e-05,0.5396810926307144,1.4650937980149632,4.680311005860789e-13,0.12980744430788224,0.13231091377856602,0.007691373446858936,0.08305471708364616,0.016108805161285124,0.2797694728485195,0.11104321547053113,0.002208949188333132,0.4658378942337222,0.20571689731651083,0.00023834441590550685,0.6773722420658234,0.1658756410840899,2.4837708090150274e-06,0.7360435614066958
488,16.449745386783537,0.10623740690603256,0.5285856269765645,24.504911382266197,2.157594911945631e-05,0.5396863951881654,1.4651039324811785,4.678499318097792e-13,0.12980662233151916,0.13230936174938743,0.0076912933221195455,0.08305463475987651,0.01610827516296477,0.27976941273470124,0.11104321242582242,0.002208825533812564,0.4658378652425921,0.20571701886172872,0.00023830702415138794,0.6773722254308948,0.16587564015287634,2.483064342143388e-06,0.7360435609877172
489,16.36799879164405,0.10625945419623264,0.5476706679910421,132.69063210440905,1.85339501821029e-05,0.5396875980604101,1.4651139018979926,4.676740477619264e-13,0.12980596395816643,0.13230811945971227,0.007691229244112904,0.08305456848990016,0.016107850954651722,0.2797693646225285,0.11104320925453706,0.002208726565121764,0.4658378420397073,0.20571711228335132,0.00023827709972910793,0.6773722121180789,0.16587563940772876,2.4824990251746994e-06,0.7360435606524506
490,16.646401938328868,0.1061801156556541,0.5492467030417174,129.17971758409357,1.5734765241512226e-05,0.5396860591495612,1.4651233500114837,4.675089271941645e-13,0.1298054408718743,0.13230713318763346,0.0076911784764670706,0.08305451554384038,0.016107514143994285,0.2797693264204846,0.1110432061081598,0.002208647984770347,0.4658378236154979,0.20571718316593113,0.00023825334074433795,0.6773722015477088,0.16587563881615522,2.4820502257897325e-06,0.7360435603862827
491,16.441740111294042,0.10606291489161422,0.5553129618056118,125.69582031496171,1.317853072600837e-05,0.5396828412642765,1.4651320147746758,4.673585812254895e-13,0.1298050312214506,0.13230636126136486,0.007691138702090648,0.08305447387570036,0.016107250568611512,0.2797692965282091,0.11104320318705634,0.0022085864943300706,0.4658378091993609,0.20571723621746166,0.0002382347506662414,0.6773721932774678,0.16587563835336328,2.4816991009078258e-06,0.7360435601780587
492,16.52439669161911,0.10606225706936528,0.5457772300578654,24.713451703103857,1.0865371222856342e-05,0.5396821609947405,1.4651383959557984,4.672468922535116e-13,0.12980465982623748,0.13230566365146798,0.007691102866787648,0.08305443517263021,0.016107012369090526,0.2797692695134809,0.11104319853474402,0.0022085309223442793,0.46583779617031074,0.2057172735988022,0.00023821795184349884,0.6773721858053785,0.16587563793548327,2.48138190069163e-06,0.7360435599900433
493,16.15933029824194,0.10606158016401396,0.546398937003687,23.870539239673604,8.79539947218588e-06,0.5396830470826616,1.4651430063307858,4.671654260753356e-13,0.12980433614169623,0.1323050569968095,0.007691071628745995,0.08305440086654375,0.01610680531022617,0.2797692460386239,0.11104319319613933,0.0022084826228762735,0.4658377848494808,0.20571729927333132,0.00023820335491263418,0.6773721793147227,0.1658756375726781,2.48110634840431e-06,0.7360435598267991
494,16.608881409890795,0.10607922212500256,0.5421841379720718,24.761813209536115,6.9687163615008415e-06,0.5396847733730957,1.4651462821558425,4.671072636970698e-13,0.12980407480482037,0.13230455300989002,0.007691045437853536,0.0830543791165915,0.016106633005443627,0.27976922646786084,0.11104320192379286,0.0022084424113837245,0.46583777541874527,0.20571738986143684,0.00023819120850686538,0.6773721739153292,0.16587563727097066,2.480877102922756e-06,0.7360435596910451
495,16.87900282992183,0.10608597184544451,0.5482022280339152,120.35603933716835,5.385410920757513e-06,0.539685133594149,1.465149203577609,4.670560192673183e-13,0.1298038860870707,0.1323041895919396,0.007691026572997657,0.08305436319444573,0.016106508765886155,0.27976921235754765,0.11104320775341148,0.002208413417766171,0.46583776861907417,0.20571745274429706,0.00023818245075356775,0.6773721700222975,0.16587563705344657,2.4807118215241103e-06,0.7360435595931716
496,16.744584415392303,0.1060658248548755,0.5420897998847067,120.48564029618616,4.045560318030737e-06,0.5396847459818405,1.4651516617043843,4.670132683804021e-13,0.1298037535264071,0.1323039346650873,0.007691013336448154,0.0830543518628049,0.016106421627975567,0.27976920246234377,0.11104321152269596,0.002208393083602437,0.4658377638506229,0.20571749516785218,0.00023817630889822302,0.6773721672922192,0.16587563690091364,2.4805959148620066e-06,0.7360435595245408
497,16.82371971399461,0.10606022498866281,0.5452161568682641,107.76931518171783,2.9492298557484155e-06,0.5396840318839585,1.465153637378303,4.669791231732994e-13,0.12980366254962472,0.13230375999003044,0.0076910042789991966,0.08305434396801145,0.016106361921470594,0.2797691956821975,0.11104321385442897,0.002208379150465095,0.4658377605830926,0.20571752291923448,0.0002381721003390162,0.6773721654214462,0.1658756367963973,2.4805164955524773e-06,0.7360435594775158
498,16.499117930921674,0.10606010013381423,0.5503228700254112,24.831882516800917,2.096472967509925e-06,0.5396839041507676,1.465154892512458,4.669572508970915e-13,0.12980359188089843,0.1323036251577791,0.007690997310033105,0.08305433748074499,0.016106315846739445,0.27976919045165627,0.11104321488988964,0.0022083683991534785,0.4658377580619989,0.2057175403207179,0.0002381688528595871,0.677372163978021,0.16587563671578376,2.480455221607658e-06,0.7360435594412452
499,16.561678158505433,0.10605998600102425,0.5451567489653826,24.57059704657574,1.4873312154834578e-06,0.5396840559968661,1.4651556871293898,4.669432679152656e-13,0.12980353744825215,0.13230352182488697,0.007690991978309228,0.08305433226726555,0.016106280549014876,0.27976918644622,0.11104321521036524,0.002208360163646549,0.4658377561312697,0.20571755116575052,0.00023816636542970944,0.6773721628725948,0.1658756366540615,2.480408294593315e-06,0.7360435594134757
500,16.53894389698409,0.1060598826469068,0.5344673399813473,24.987305796939555,1.121834288378963e-06,0.5396843350619547,1.4651562213646194,4.669337638321059e-13,0.1298034935008622,0.13230343872981656,0.0076909877067006804,0.08305432792267257,0.016106252169381427,0.2797691832267262,0.11104321517159849,0.002208353542790923,0.4658377545793047,0.2057175583267626,0.00023816436578587603,0.6773721619840419,0.16587563660446078,2.480370573740757e-06,0.7360435593911592
