iteration,training_loss,validation_loss,iter_time,raw_grad_norm,lr,t0,t1,t2,t3,t4,t5,t6,t7,t8,t9
0,1.2609467398753165,0.01745986764080273,2.0080771120265126,,,1.8873483400825108,1.8873483400825108,1.8873483400825108,1.8873483400825108,1.8873483400825108,1.8873483400825108,1.8873483400825108,1.8873483400825108,1.8873483400825108,1.8873483400825108
1,1.2609467398753165,0.017459900455255042,1.9117570330854505,16.50458759069448,1.0000000000000006e-06,1.8873455924691578,1.88734559246917,1.8873455924691511,1.8873455924691451,1.8873455924691456,1.8873455924691456,1.887345592469148,1.8873455924691487,1.8873455924691431,1.8873510876978696
2,1.2609483593793491,0.01745993876847433,1.693566159112379,11.45361525153215,1.1800000000000006e-06,1.8873423764048285,1.8873423483973326,1.8873423488340801,1.8873423542100214,1.8873423792785549,1.8873425417571374,1.887342378140167,1.8873423621252434,1.8873423470802562,1.8873543276798321
3,1.2609502522851261,0.01745998294411741,0.03198716486804187,11.453574005670346,1.3600000000000005e-06,1.8873386471012934,1.8873386086834436,1.8873386026986037,1.887338623117558,1.8873386813245594,1.8873390669021237,1.8873386500150007,1.887338641749206,1.8873386050417804,1.8873580612088237
4,1.2609524350437942,0.017460033015430806,0.06107769091613591,11.453542484649498,1.5400000000000005e-06,1.8873344083565562,1.887334373595003,1.887334355562761,1.8873343987064428,1.887334495103417,1.8873351385315114,1.8873344120441875,1.887334429927372,1.8873343668411524,1.8873622885635355
5,1.2609549090555043,0.0174600889894127,0.03223890112712979,11.453500098934777,1.7200000000000005e-06,1.8873296630746357,1.887329643260752,1.887329608472848,1.8873296807758353,1.8873298194113945,1.8873307454267465,1.887329667235466,1.88732972612929,1.8873296327269664,1.8873670098636994
6,1.2609576745851536,0.017460150867860458,0.032734245993196964,11.453440153020612,1.9000000000000004e-06,1.8873244131165823,1.8873244177599624,1.8873243621167308,1.8873244692087379,1.8873246536499808,1.887325882080511,1.8873244175124089,1.8873245300690302,1.8873244028511948,1.887372225180968
7,1.260960731685068,0.017460218651129688,0.03261351096443832,11.453391450321314,2.0800000000000004e-06,1.8873186597588627,1.8873186971549123,1.8873186169898393,1.8873187639282407,1.8873189974431293,1.8873205452731463,1.8873186641916657,1.887318841560264,1.8873186773268376,1.8873779345603583
8,1.2609640803527469,0.017460292339220588,0.032037475844845176,11.453325200164526,2.2600000000000004e-06,1.8873124039373461,1.8873124814941955,1.8873123734715465,1.8873125648723847,1.8873128505066459,1.8873147328447355,1.8873124082374533,1.8873126604577142,1.8873124562410968,1.8873841380381533
9,1.260967720575169,0.017460371932033508,0.03189158299937844,11.453265013282884,2.440000000000001e-06,1.8873056463849787,1.8873057708187804,1.8873056318725034,1.8873058719901776,1.8873062126048157,1.887308443191815,1.8873056504039094,1.8873059866401865,1.887305739668591,1.8873908356443254
10,1.2609716523380243,0.017460457429516556,0.03244748408906162,11.45319831592343,2.6200000000000003e-06,1.8872983876986351,1.8872985651671357,1.8872983924571145,1.8872986852317173,1.887299083524238,1.8873016750239857,1.887298391304348,1.887298819998384,1.8872985276715746,1.8873980274074473
11,1.2609758756311331,0.017460548831625598,0.03276068205013871,11.45312512117018,2.8000000000000003e-06,1.887290628390324,1.8872908645743849,1.887290655460799,1.887291004555465,1.8872914630734194,1.887294427245372,1.8872906314641136,1.8872911604351685,1.8872908203102232,1.8874057133495394
12,1.2609803904458137,0.017460646138377427,0.03274544607847929,11.45303832777062,2.9800000000000003e-06,1.8872823689050717,1.887282669077523,1.887282421096625,1.887282829918627,1.8872833510690759,1.8872866988902226,1.8872823713391838,1.8872830078588185,1.8872826176385211,1.887413893493577
13,1.2609851967771766,0.017460749349820608,0.03214354510419071,11.452956226605714,3.1600000000000002e-06,1.8872736096432892,1.8872739787098527,1.8872736895613464,1.8872741612840436,1.8872747473406393,1.8872784890798373,1.8872736113424198,1.887274362184132,1.8872739197085238,1.887422567855559
14,1.2609902946222167,0.01746085846602694,0.03173195803537965,11.452866889472732,3.340000000000001e-06,1.887264350968708,1.887264793508096,1.8872644610406282,1.887264998615572,1.887265651725063,1.8872697970032524,1.887264351846853,1.8872652233331042,1.88726472657046,1.887431736452595
15,1.260995683979639,0.017460973487130296,0.03222875203937292,11.452765305220487,3.520000000000001e-06,1.8872545932124043,1.8872551135063524,1.8872547357069267,1.887255341875577,1.8872560640629632,1.8872606219048715,1.8872545931928666,1.8872555912287694,1.8872550382695759,1.8874413993000876
16,1.2610013648512386,0.017461094413281905,0.03215608303435147,11.452667167057914,3.700000000000001e-06,1.8872443366818181,1.8872449387412682,1.887244513724843,1.887245191028324,1.8872459842010965,1.8872509630716823,1.8872443356953927,1.887245465797251,1.8872448548494674,1.8874515564150254
17,1.261007337240146,0.01746122124463697,0.0324223879724741,11.452566718951632,3.880000000000001e-06,1.887233581665744,1.8872342692498545,1.8872337952525111,1.887234546039905,1.8872354119957233,1.8872408198301107,1.8872335796514894,1.8872348469716143,1.8872341763543803,1.8874622078060899
18,1.2610136011496147,0.01746135398138812,0.03280690987594426,11.452444988339954,4.060000000000002e-06,1.8872223284320808,1.8872231050691388,1.887222580439373,1.8872234068754816,1.8872243473053172,1.8872301915395657,1.887222325337101,1.8872237346854286,1.8872230028247312,1.8874733534864883
19,1.2610201565851313,0.017461492623721493,0.032952792942523956,11.45232986902677,4.240000000000001e-06,1.8872105772350494,1.8872114462349905,1.887210869431993,1.8872117735037257,1.8872127899972388,1.887219077592067,1.8872105730135609,1.8872121288788593,1.8872113343016352,1.8874849934629394
20,1.2610270035520141,0.017461637171834188,0.03248837310820818,11.452206689618254,4.420000000000001e-06,1.8871983283111295,1.8871992927885686,1.8871986623725674,1.8871996458905722,1.887200739941471,1.887207477413035,1.8871983229248075,1.8872000294951161,1.8871991708245628,1.8874971277436743
21,1.2610341420562212,0.017461787625949757,0.032966226106509566,11.45207854577797,4.600000000000001e-06,1.8871855818847156,1.8871866447616519,1.8871859593931695,1.8871870240049526,1.8871881970158393,1.887195390453729,1.8871855753026474,1.8871874364787087,1.8871865124309022,1.8875097563357939
22,1.2610415721054071,0.017461943986270288,0.0330333539750427,11.451947680845647,4.78e-06,1.8871723381678067,1.8871735022024596,1.887172760627098,1.8871739078159253,1.8871751611033571,1.8871828161890594,1.8871723303666135,1.8871743497802014,1.8871733591581472,1.8875228792401355
23,1.2610492937058564,0.017462106253062316,0.032683442113921046,11.451810930154625,4.96e-06,1.8871585973572658,1.8871598651413386,1.8871590661957007,1.887160297291627,1.8871616320894058,1.8871697541228905,1.8871585883205149,1.8871607693482733,1.8871597110382836,1.8875364964613466
24,1.2610573068674988,0.01746227442655631,0.032764938892796636,11.451667401311479,5.140000000000001e-06,1.887144359640752,1.887145733619796,1.887144876220473,1.8871461924017305,1.8871476098670672,1.8871562037822003,1.8871443493594529,1.8871466951388247,1.8871455681051013,1.8875506080013134
25,1.2610656115986494,0.017462448506973812,0.03263175208121538,11.451520700442863,5.320000000000001e-06,1.88712962519548,1.8871311076835688,1.8871301908202545,1.8871315931155135,1.887133094333869,1.8871421647219218,1.8871296136693876,1.8871321271111776,1.8871309303935009,1.8875652138573817
26,1.261074207907179,0.017462628494555914,0.032949500950053334,11.451365307655562,5.500000000000001e-06,1.887114394187199,1.887115987374479,1.8871150101086462,1.8871164994052618,1.8871180853922167,1.8871276365189154,1.8871143814232034,1.8871170652246736,1.8871157979356126,1.8875803140285687
27,1.2610830958021175,0.01746281438952561,0.03210822585970163,11.451209699535063,5.680000000000001e-06,1.8870986667723342,1.8871003727431555,1.8870993341989122,1.887100911240393,1.8871025829480674,1.8871126187771794,1.8870986527828881,1.8871015094465393,1.8871001707624593,1.887595908510723
28,1.2610922752917215,0.017463006192139686,0.03245731187053025,11.451039946839062,5.860000000000001e-06,1.8870824430954205,1.8870842638325935,1.8870831631983007,1.8870848285883504,1.8870865869111506,1.887097111120218,1.8870824279030252,1.8870854597427207,1.8870840489030853,1.8876119973002632
29,1.2611017463860872,0.017463203902647013,0.03265057899989188,11.450878915384488,6.0400000000000015e-06,1.8870657232971306,1.8870676606828842,1.8870664972098197,1.887068251423846,1.8870700972007182,1.8870811131860619,1.887065706931654,1.8870689160829914,1.8870674323872907,1.887628580387316
30,1.2611115090949723,0.017463407521289612,0.032978113973513246,11.4507011198546,6.22e-06,1.887048507508571,1.88705056333844,1.8870493363340486,1.8870511797184362,1.8870531137375177,1.8870646246410574,1.887048490006644,1.887051878440091,1.8870503212429335,1.88764565776468
31,1.2611215634280093,0.017463617048299154,0.0321574870031327,11.450513377872323,6.4000000000000006e-06,1.887030795848364,1.8870329718576606,1.8870316806733272,1.8870336134419057,1.8870356364435321,1.8870476451731888,1.887030777255217,1.8870343467901978,1.887032715498731,1.8876632294214726
32,1.261131909394215,0.01746383248394141,0.03234576992690563,11.450330856278145,6.5800000000000005e-06,1.8870125884327695,1.887014886276685,1.8870135303211724,1.8870155525670433,1.8870176652486186,1.8870301744817015,1.8870125688004906,1.8870163211106543,1.8870146151812577,1.8876812953476867
33,1.2611425470047852,0.017464053828456942,0.03206027904525399,11.450145940726665,6.760000000000001e-06,1.8869938853661063,1.8869963066489914,1.8869948853725167,1.8869969970648763,1.8869992000847433,1.88701221228982,1.8869938647570954,1.8869978013815987,1.8869960203170166,1.8876998555323652
34,1.2611534762696306,0.017464281082097247,0.03295522811822593,11.449946058040503,6.940000000000001e-06,1.8869746867461816,1.886977233026661,1.8869757459207495,1.8869779469038281,1.88698024088423,1.886993758344092,1.886974665229705,1.8869787875843276,1.8869769309310553,1.8877189099627192
35,1.2611646971992225,0.01746451424509885,0.032253915909677744,11.44974735289956,7.120000000000001e-06,1.8869549926685982,1.8869576654637394,1.8869561120571496,1.8869584020559926,1.8869607875895036,1.8869748123967984,1.8869549703221526,1.8869592797035637,1.8869573470492447,1.887738458621571
36,1.2611762098032675,0.017464753317705913,0.03269671299494803,11.44953513631148,7.3e-06,1.886934803216728,1.8869376040177355,1.88693598387275,1.8869383624923466,1.8869408401438073,1.886955374222933,1.8869347801267093,1.88693927772942,1.88693726869586,1.8877585014888951
37,1.2611880140918914,0.017464998300169208,0.03196600801311433,11.4493281338334,7.48e-06,1.8869141184700762,1.886917048745823,1.8869153614531442,1.886917828183211,1.8869203984895107,1.8869354436138837,1.8869140947312915,1.8869187816484183,1.8869166958938592,1.8877790385507809
38,1.2612001100758867,0.017465249192725487,0.03177765989676118,11.449110248290477,7.660000000000001e-06,1.8868929385035345,1.8868959997019774,1.8868942448855042,1.8868967990996506,1.8868994625773912,1.8869150203789629,1.886892914219167,1.8868977914531881,1.8868956286682972,1.8878000697854544
39,1.2612124977653636,0.017465505995617855,0.03358182520605624,11.448889491081115,7.840000000000001e-06,1.8868712633854048,1.8868744569439848,1.886872634251124,1.8868752752153017,1.8868780323605459,1.8868941043330176,1.886871238669311,1.8868763071351462,1.8868740670423174,1.8878215951793365
40,1.2612251771711562,0.01746576870907862,0.03255497198551893,11.448664141586494,8.020000000000001e-06,1.8868490931810424,1.8868524205327715,1.8868505296399556,1.886853256502129,1.8868561077939718,1.8868726953049402,1.8868490681567287,1.8868543286932111,1.8868520110412854,1.8878436147027318
41,1.2612381483029806,0.01746603733341084,0.032169103156775236,11.448421452889903,8.200000000000001e-06,1.8868264279460056,1.8868298905261158,1.886827931128789,1.8868307429248983,1.88683368882892,1.8868507931369576,1.8868264027435289,1.886831856119139,1.8868294606828693,1.8878661283365394
42,1.2612514111743045,0.017466311868872243,0.032132341992110014,11.448194774932102,8.380000000000001e-06,1.8868032677363396,1.8868068669762452,1.886804838795042,1.8868077344596093,1.8868107754318373,1.8868283976767006,1.8868032424982246,1.8868088894131017,1.886806415990597,1.8878891360509513
43,1.261264965796477,0.017466592315695726,0.031752198934555054,11.447948149059808,8.560000000000001e-06,1.8867796126006064,1.8867833499496085,1.886781252726803,1.8867842310753173,1.8867873675593143,1.8868055087992952,1.8867795874773623,1.8867854285754453,1.886782876987441,1.8879126378236004
44,1.261278812179851,0.017466878674184734,0.03223143215291202,11.447705606971248,8.740000000000001e-06,1.8867554625828022,1.8867593395041493,1.8867571729941564,1.8867602327418618,1.886763465177184,1.8867821263702975,1.8867554377377111,1.8867614736026854,1.8867588436913705,1.8879366336295893
45,1.2612929503381278,0.017467170944506415,0.03213353897444904,11.44744458407828,8.920000000000001e-06,1.8867308177281574,1.8867348357250533,1.8867325996904116,1.88673573943119,1.886739068246885,1.8867582502884297,1.8867307933337718,1.8867370245063095,1.8867343161304075,1.8879611234361813
46,1.2613073802782753,0.01746746912696709,0.032124894903972745,11.447184401284508,9.100000000000001e-06,1.886705678073238,1.8867098386704488,1.886707532891077,1.8867107511113765,1.8867141767326208,1.8867338804458234,1.886705654311242,1.8867120812885578,1.8867092943230814,1.887986107212174
47,1.2613221020140748,0.01746777322184773,0.03211641497910023,11.446921068895415,9.280000000000001e-06,1.8866800436496867,1.886684348412813,1.8866819726741813,1.8866852677452073,1.8866887906065053,1.8867090167433418,1.8866800207123813,1.886686643950902,1.8866837782885322,1.8880115849297423
48,1.261337115558155,0.017468083229385128,0.032063175924122334,11.446650503853016,9.460000000000001e-06,1.88665391450005,1.8866583650055484,1.886655919116569,1.8866592893078447,1.8866629098436603,1.886683659098362,1.8866538925839136,1.88666071250057,1.8866577680484349,1.888037556561266
49,1.2613524209215898,0.01746839914983886,0.03146538115106523,11.446372582353893,9.640000000000001e-06,1.8866272906474333,1.8866318885334836,1.8866293722997123,1.8866328157660894,1.8866365344117748,1.8866578074311873,1.8866272699655666,1.8866342869479664,1.8866312636246843,1.8880640220699976
50,1.2613680181158102,0.017468720983495445,0.03244283492676914,11.4461017260631,9.820000000000001e-06,1.8866001721152752,1.8866049190607603,1.8866023323054721,1.8866058470875653,1.8866096642846315,1.8866314616716142,1.8866001528932237,1.8866073673004549,1.8866042650384522,1.8880909814185263
51,1.2613839071538315,0.017469048730613765,0.03212090418674052,11.445821599447203,1e-05,1.8865725589258644,1.8865774566702156,1.886574799213018,1.8865783832385599,1.886582299436559,1.8866046217520365,1.886572541399735,1.8865799535704288,1.8865767723122144,1.8881184345730637
52,1.2614000880473768,0.017469376488168358,0.03254989697597921,11.44553033326092,9.999890338174275e-06,1.8865449484004055,1.8865499960148575,1.8865472689411693,1.8865509188535947,1.8865549327502493,1.88657777121593,1.886544932779018,1.886552539525384,1.8865492806182254,1.8881458870456171
53,1.2614162693641036,0.017469704248608296,0.03227680595591664,11.445233645355591,9.999561358041869e-06,1.8865173410797424,1.8865225377283092,1.8865197420856104,1.8865234545266476,1.8865275648719282,1.886550910985534,1.8865173275777145,1.886525125793256,1.8865217905538143,1.888173338212024
54,1.2614324507326293,0.01747003200445922,0.03187105688266456,11.44493830569092,9.999013075636806e-06,1.8864897374999088,1.88649508242913,1.8864922192317368,1.886495990855892,1.8865001964472778,1.886524041964979,1.8864897263362725,1.886497713005387,1.886494302713928,1.8882007874464943
55,1.2614486317854436,0.017470359748244124,0.0321414340287447,11.444658228315445,9.998245517681596e-06,1.8864621382047255,1.8864676307326624,1.8864647009608104,1.886468528443507,1.886472828126435,1.8864971650448217,1.8864621296016435,1.886470301791056,1.8864668176890393,1.8882282341276944
56,1.2614648121547838,0.017470687472543142,0.03170959907583892,11.444374731608946,9.997258721585931e-06,1.8864345437393655,1.8864401832360655,1.8864371878503963,1.8864410678944488,1.8864454605598906,1.8864702810949598,1.8864345379193717,1.8864428927762433,1.8864393360724394,1.8882556776350157
57,1.2614809914760141,0.017471015169899386,0.03197994013316929,11.444081779791404,9.996052735444863e-06,1.8864069546509703,1.8864127405523545,1.8864096804866262,1.8864136098104647,1.8864180943922413,1.8864433909907068,1.886406951834357,1.8864154865861662,1.8864118584574228,1.8882831173497527
58,1.2614971693822963,0.017471342832891555,0.032227034913375974,11.443784150903278,9.994627618036455e-06,1.8863793714847281,1.8863853032849052,1.8863821794441888,1.886386154796127,1.8863907302686618,1.8864164955927354,1.8863793718980741,1.886388083844857,1.8863843854375533,1.88831055265838
59,1.2615133455090963,0.01747167045405537,0.035853222012519836,11.443495067395222,9.992983438818916e-06,1.8863517947848165,1.886357872062187,1.8863546853119362,1.8863587034509681,1.8863633688260533,1.8863895957644927,1.8863517986551286,1.8863606851798176,1.8863569176093753,1.888337982947136
60,1.2615295194894949,0.01747199802602939,0.036025545094162226,11.443205022904074,9.991120277927224e-06,1.8863242250997159,1.8863304474747766,1.8863271986576824,1.886331256382421,1.8863360107119118,1.8863626923382546,1.8863242326579186,1.8863332912113568,1.886329455561662,1.8883654076070728
61,1.2615456909617624,0.01747232554141225,0.03145215194672346,11.442910915616464,9.98903822616921e-06,1.8862966629898659,1.886303030115244,1.8862997200679503,1.886303814197469,1.886308656565052,1.8863357861513845,1.8862966744550917,1.8863059025605062,1.8863019998876371,1.888392826022579
62,1.2615618595618412,0.017472652992807397,0.03131902404129505,11.44262104499935,9.986737385021142e-06,1.886269109004377,1.886275620591834,1.8862722501142757,1.8862763775018907,1.8862813070277298,1.886308878032144,1.8862691246034564,1.8862785198477237,1.8862745511819405,1.888420237585033
63,1.2615780249263564,0.01747298037287159,0.030943321995437145,11.44233083203386,9.984217866622771e-06,1.886241563693724,1.8862482194977541,1.8862447893721483,1.8862489468992327,1.8862539627377055,1.8862819687944823,1.8862415836564999,1.8862511436908846,1.8862471100370386,1.888447641687571
64,1.2615941866944829,0.017473307674201403,0.03087742906063795,11.442043394369945,9.981479793771866e-06,1.8862140276108024,1.8862208274427277,1.8862173384211154,1.8862215229952521,1.8862266243342376,1.8862550592563891,1.8862140521696542,1.8862237747140604,1.8862196770470168,1.8884750377222679
65,1.2616103445024234,0.01747363488945612,0.03064303006976843,11.44175775448871,9.97852329991824e-06,1.8861865013162127,1.886193445019821,1.886189897837046,1.8861941063951169,1.8861992924542959,1.886228150218768,1.8861865306993273,1.8861964135298255,1.8861922528029729,1.8885024250822824
66,1.2616264979891205,0.017473962011332753,0.030891367932781577,11.44147080428708,9.97534852915723e-06,1.8861589853663636,1.886166072819445,1.8861624681925147,1.8861666977027678,1.8861719677300501,1.886201242475023,1.8861590197977351,1.8861690607520516,1.8861648378945548,1.8885298031632942
67,1.2616426467954833,0.017474289032406762,0.030621466925367713,11.441177579042835,9.971955636222685e-06,1.8861314803134033,1.886138711467409,1.8861350500743883,1.8861392975244764,1.8861446507917756,1.8861743368279953,1.8861315200252944,1.8861417169966834,1.8861374329180025,1.8885571713712803
68,1.261658790556834,0.01747461594545105,0.030957648996263742,11.440882947560738,9.968344786479417e-06,1.886103986716437,1.886111361531661,1.8861076440488516,1.886111906464658,1.8861173422729403,1.8861474340426199,1.886104031939298,1.8861143828794273,1.8861100384632978,1.8885845290948178
69,1.2616749289177336,0.017474942743107673,0.031122093088924885,11.440596663024794,9.964516155915152e-06,1.8860765051382293,1.8860840236185206,1.8860802506946797,1.8860845251260316,1.8860900428051177,1.8861205349096355,1.886076556097541,1.8860870590164234,1.8860826551223326,1.8886118757293235
70,1.2616910615162649,0.01747526941811214,0.0311181650031358,11.440307608400506,9.960469931131939e-06,1.88604903613717,1.8860566983224882,1.8860528705864483,1.8860571541101083,1.8860627530122998,1.886093640190831,1.886049093056321,1.8860597460163344,1.88605528348274,1.8886392106778647
71,1.261707187995075,0.017475595963161717,0.030861217062920332,11.440017978293957,9.956206309337067e-06,1.8860215802732234,1.8860293862386768,1.8860255042988228,1.8860297940241673,1.8860354735245468,1.8860667506432,1.8860216433802266,1.8860324444931995,1.8860279241377251,1.8886665333408938
72,1.2617233079952497,0.017475922370960704,0.030898590106517076,11.439725577022053,9.951725498333449e-06,1.8859941381096426,1.8860020879655293,1.885998152405274,1.88600244547383,1.886008204969263,1.8860398670325607,1.8859942076276472,1.8860051550558627,1.8860005776768227,1.8886938431172737
73,1.261739421157691,0.017476248634274598,0.03088567522354424,11.439429768196746,9.947027716509489e-06,1.8859667102140307,1.8859748040734636,1.885970815477325,1.8859751090609695,1.8859809479710261,1.8860129901069664,1.8859667863583252,1.8859778783114893,1.8859732446879447,1.8887211394162202
74,1.2617555271271403,0.017476574745880043,0.03114392003044486,11.43914969904374,9.942113192828446e-06,1.8859392971474433,1.8859475351400812,1.8859434940853739,1.8859477853898474,1.8859537031556972,1.885986120603348,1.885939380140098,1.8859506148659693,1.885945925762253,1.8887484216373616
75,1.2617716255484293,0.017476900698533377,0.03074084408581257,11.438855242412,9.936982166817273e-06,1.885911899469236,1.8859202817719243,1.8859161888032427,1.8859204750605025,1.8859264711444588,1.8859592592558065,1.88591198953839,1.8859233653269472,1.885918621486305,1.8887756891778287
76,1.2617877160645765,0.017477226485048465,0.031085249036550522,11.438568593430105,9.931634888554937e-06,1.8858845177480508,1.8858930445329058,1.8858889001973738,1.885893178674371,1.8858992525600986,1.8859324068003067,1.885884615109861,1.8858961302952628,1.8858913324462276,1.888802941447899
77,1.2618037983224573,0.017477552098163925,0.030832629883661866,11.438275353129962,9.926071618660238e-06,1.8858571525444183,1.8858658240314254,1.8858616288469583,1.8858658968297068,1.8858720480160507,1.885905563973604,1.8858572574149224,1.885868910377625,1.8858640592335738,1.888830177855295
78,1.2618198719648872,0.017477877530704757,0.03492047800682485,11.437986527130002,9.9202926282791e-06,1.8858298044197535,1.8858386208465818,1.8858343753237317,1.8858386301303953,1.8858448581282736,1.885878731491142,1.8858299170171675,1.8858417061774475,1.8858368024327052,1.8888573978054475
79,1.2618359366386738,0.0174782027754703,0.030159321846440434,11.437700525440338,9.914298199071363e-06,1.8858024739445742,1.8858114355580802,1.8858071401946814,1.8858113791756042,1.885817683519191,1.8858519100717515,1.8858025944808854,1.8858145182957948,1.885809562628398,1.8888846007104805
80,1.261851991989802,0.017478527825286697,0.030977863119915128,11.43741171024059,9.908088623197049e-06,1.8857751616799923,1.8857842687547604,1.8857799240304223,1.8857841445608456,1.8857905247990936,1.8858251004291835,1.8857752903667646,1.885787347333145,1.8857823404060186,1.8889117859859084
81,1.261868037665495,0.01747885267299076,0.031032192055135965,11.437120654674679,9.901664203302126e-06,1.8857478681929398,1.8857571210133486,1.8857527273993775,1.8857569268863612,1.8857633825861895,1.8857983032691876,1.8857480052412878,1.8857601938872897,1.8857551363515923,1.8889389530387497
82,1.2618840733132521,0.01747917731142254,0.03139521088451147,11.436837767790689,9.895025252503757e-06,1.8857205940453605,1.8857299929248985,1.8857255508772193,1.8857297267429936,1.885736257488995,1.8857715193037061,1.885720739665549,1.8857330585542558,1.8857279510514406,1.8889661012762013
83,1.2619000985803681,0.017479501733482075,0.03122715395875275,11.436547281365106,9.888172094375035e-06,1.8856933397981024,1.8857028850644633,1.8856983950308743,1.885702544725034,1.8857091501177043,1.8857447492187616,1.88569349420183,1.8857059419363378,1.8857007850867717,1.888993230109348
84,1.261916113117472,0.017479825932043818,0.031240830896422267,11.436259497454014,9.881105062929221e-06,1.8856661060158029,1.8856757980082128,1.885671260427368,1.8856753814296063,1.8856820610821752,1.8857179937131163,1.8856662694142434,1.8856788446266,1.885673639036845,1.8890203389547033
85,1.2619321165739141,0.01748014989999411,0.031016759108752012,11.435974232113805,9.87382450260346e-06,1.8856388932591972,1.8856487323445188,1.8856441476343153,1.8856482374477648,1.8856549909897202,1.885691253478889,1.8856390658635962,1.8856517672218236,1.8856465134852138,1.8890474272215172
86,1.2619481085993351,0.017480473630234285,0.030438325135037303,11.435685635541574,9.866330768241984e-06,1.8856117021012553,1.8856216886353259,1.8856170572151303,1.8856211133779568,1.8856279404461935,1.8856645292006442,1.8856118841156777,1.8856247103121206,1.8856194090135634,1.8890744943312328
87,1.2619640888447048,0.017480797115693662,0.030977056128904223,11.435392115771506,9.858624225078841e-06,1.8855845330988514,1.8855946674729205,1.8855899897421728,1.8855940098040138,1.8856009100496258,1.8856378215623075,1.885584724727077,1.8855976744894403,1.8855923261999719,1.889101539696798
88,1.2619800569614774,0.017481120349303193,0.030473768012598157,11.435108723300631,9.850705248720069e-06,1.8855573868156177,1.8855676694278611,1.8855629457779315,1.8855669273177604,1.8855739004048717,1.8856111312431512,1.8855575882598616,1.8855706603445397,1.8855652656251394,1.8891285627382306
89,1.2619960126019072,0.017481443323988686,0.03122915606945753,11.434822590989238,9.842574225125401e-06,1.8855302638192528,1.885540695077662,1.885535925886921,1.885539866510764,1.885546912113621,1.8855844589187207,1.8855304752704227,1.8855436684684947,1.8855382278659418,1.8891555628801326
90,1.2620119554178169,0.017481766032761158,0.030775445979088545,11.434542997522232,9.834231550589462e-06,1.8855031646692906,1.885513744981044,1.8855089306299646,1.8855128279736793,1.8855199457797434,1.8855578052448332,1.8855033863295323,1.8855166994453736,1.8855112134963252,1.889182539535195
91,1.2620278850648334,0.017482088468556735,0.031043135095387697,11.434244706737807,9.825677631722436e-06,1.8854760899256788,1.8854868197301908,1.8854819605760111,1.8854858122867109,1.8854930019941842,1.8855311709019136,1.8854763219928354,1.8854897538620559,1.8854842230940736,1.8892094921304803
92,1.262043801195188,0.017482410624393815,0.031221356010064483,11.43395830073715,9.816912885430259e-06,1.8854490401505672,1.8854599198823607,1.8854550162846162,1.8854588200393512,1.8854660813556607,1.885504556547762,1.8854492828203597,1.885462832304981,1.8854572572329713,1.889236420085245
93,1.2620597034651593,0.01748273249330093,0.03087784512899816,11.433671837594142,9.807937738894303e-06,1.8854220159007322,1.885433046011228,1.8854280983147735,1.885431851812844,1.8854391844577203,1.8854779628392366,1.8854222693710576,1.8854359353553878,1.8854303164866089,1.889263322821526
94,1.2620755915311792,0.0174830540682755,0.031712039140984416,11.433388519585643,9.798752629550547e-06,1.88539501774056,1.8854061986819697,1.8854012072323365,1.8854049081934512,1.8854123118930926,1.8854513904334111,1.8853952822053561,1.8854090635985918,1.8854034014306305,1.8892901997633782
95,1.262091465048592,0.017483375342403754,0.031236167065799236,11.433106969931778,9.789358005068262e-06,1.8853680462247882,1.8853793784565598,1.885374343584678,1.885377989761998,1.8853854642549701,1.8854248399782265,1.8853683218809727,1.8853822176102184,1.8853765126308388,1.8893170503432994
96,1.262107323677022,0.01748369630871308,0.031816519098356366,11.432822871498896,9.779754323328192e-06,1.885341101905864,1.8853525859157916,1.8853475079400503,1.8853510970974843,1.885358642130659,1.8853983121230704,1.8853413889499135,1.8853553979737778,1.8853496506595544,1.8893438739928579
97,1.2621231670731001,0.01748401696028174,0.03156113880686462,11.432534177830217,9.769942052400236e-06,1.8853141853550535,1.8853258216113011,1.88532070084945,1.8853242307849079,1.8853318461102284,1.8853718075098924,1.885314483971324,1.8853286052662175,1.8853228160850815,1.8893706701354525
98,1.2621389948956887,0.01748433729021752,0.031501981895416975,11.432250598730802,9.759921670520634e-06,1.8852872971247967,1.8852990861034653,1.8852939228683214,1.8852973913992312,1.8853050767838673,1.8853453267782414,1.8852876075021268,1.8853018400645205,1.8852960094756115,1.889397438197652
99,1.2621548068052302,0.017484657291618605,0.03081277199089527,11.43196024359605,9.749693666068666e-06,1.8852604377641922,1.8852723799707032,1.885267174558616,1.8852705795105378,1.8852783347243995,1.8853188705741368,1.8852607600907194,1.8852751029398747,1.8852692313965047,1.8894241776232497
100,1.2621706024620136,0.017484976957603378,0.031278805108740926,11.431682755354752,9.739258537542836e-06,1.8852336078348892,1.8852457037601964,1.8852404564697476,1.8852437956999086,1.8852516205228382,1.885292439529945,1.8852339422966091,1.8852483944699936,1.885242482412958,1.8894508878394527
101,1.2621863815270025,0.01748529628134225,0.03135230508632958,11.431396724586353,9.728616793536588e-06,1.8852068078883597,1.8852190580284844,1.8852137691547748,1.8852170405390234,1.8852249347596002,1.885266034272133,1.8852071546705478,1.8852217152237087,1.885215763089814,1.8894775682792415
102,1.2622021436636666,0.01748561525598352,0.03193119587376714,11.431111574439106,9.717768952713514e-06,1.8851800384738855,1.8851924433384704,1.8851871131645153,1.8851903145991766,1.8851982780107663,1.885239655436426,1.885180397762691,1.88519506576861,1.8851890739876436,1.8895042183907267
103,1.2622178885349176,0.017485933874742548,0.03208411205559969,11.430834761499343,9.706715543782065e-06,1.8851533001502343,1.8851658602324513,1.8851604890415705,1.8851636184548581,1.8851716508545477,1.88521330363487,1.885153672128247,1.885168446676637,1.885162415663676,1.8895308376055315
104,1.262233615806245,0.017486252130793332,0.030925237806513906,11.430545460803295,9.695457105469805e-06,1.8851265934688197,1.8851393092726463,1.885133897335686,1.885136952673594,1.8851450538697188,1.8851869794988725,1.8851269783126936,1.8851418585108044,1.8851357886817974,1.8895574253631628
105,1.2622493251413687,0.01748657001731701,0.03150278888642788,11.430257714848718,9.683994186497132e-06,1.8850999189758966,1.8851127910273804,1.8851073386046895,1.8851103178214104,1.8851184876266673,1.8851606836511206,1.885100316862756,1.8851153018379432,1.8851091936006696,1.8895839811079183
106,1.2622650162042368,0.01748688752757339,0.031303487019613385,11.42998435657866,9.672327345550544e-06,1.8850732772159298,1.8850863060449374,1.8850808133905017,1.8850837144626003,1.8850919526985501,1.8851344167070638,1.8850736883249057,1.88508877722176,1.8850826309766398,1.889610504281059
107,1.2622806886627733,0.017487204654851946,0.030967269092798233,11.429704421168795,9.66045715125541e-06,1.88504666873773,1.885059854863342,1.8850543222379648,1.8850571431612084,1.8850654496517052,1.8851081792722408,1.8850470932455072,1.8850622852180314,1.8850561013633595,1.8896369943330844
108,1.262296342186575,0.017487521392418715,0.03119801008142531,11.42941528104264,9.648384182148252e-06,1.8850200940908692,1.8850334380272455,1.8850278656817359,1.8850306044840772,1.8850389790565132,1.8850819719577536,1.8850205321682463,1.8850358263877918,1.885029605314205,1.8896634507183565
109,1.2623119764443818,0.01748783773354589,0.03167121298611164,11.429131659352914,9.636109026648556e-06,1.884993553818565,1.8850070560938303,1.8850014442687357,1.885004098987612,1.8850125414831331,1.885055795375064,1.8849940056379173,1.8850094012960268,1.8850031433817647,1.8896898728737825
110,1.2623275911041976,0.017488153671624665,0.03133903699927032,11.428857714836127,9.623632283030079e-06,1.884967048463764,1.8849807095855502,1.884975058532562,1.884977627237445,1.884986137493995,1.8850296501156538,1.8849675141935607,1.8849830104937888,1.8849767161143336,1.8897162602468205
111,1.2623431858402483,0.01748846919994686,0.03074681805446744,11.428572140828974,9.610954559391704e-06,1.8849405785687523,1.884954399062324,1.8849487090142927,1.8849511897906863,1.8849597676544956,1.8850035367850668,1.8849410583783905,1.8849566545399306,1.8849503240628938,1.8897426122834313
112,1.2623587603217281,0.01748878431189401,0.031519240932539105,11.42828980311983,9.598076473627798e-06,1.8849141446700672,1.884928125062912,1.8849223962492163,1.8849247872001555,1.8849334325240201,1.8849774559806183,1.884914638729624,1.884930333984337,1.8849239677694318,1.8897689284452845
113,1.262374314222702,0.0174890990008364,0.03149316203780472,11.428008918612056,9.58499865339809e-06,1.8848877473037935,1.8849018881313642,1.884896120775098,1.8848984200235104,1.8849071326639921,1.8849514082989773,1.8848882557858675,1.8849040493819758,1.8848976477835195,1.8897952081730363
114,1.2623898472159802,0.01748941326017536,0.030427210964262486,11.427728594496902,9.571721736097089e-06,1.8848613870141708,1.884875688800578,1.884869883125556,1.884872088811139,1.8848808686244776,1.8849253943411846,1.8848619100791086,1.884877801277063,1.8848713646463047,1.8898214509319524
115,1.2624053589765767,0.01748972708333167,0.03170028515160084,11.427452214388692,9.558246368823013e-06,1.8848350643385852,1.884849527605014,1.8848436838337066,1.8848457941130952,1.8848546409634206,1.8848994146886684,1.8848356021455674,1.8848515902144123,1.8848451188981372,1.889847656188692
116,1.2624208491805526,0.017490040463759328,0.03161031217314303,11.427166477454124,9.544573208346252e-06,1.8848087798119975,1.8848234050744963,1.8848175234229896,1.8848195364801938,1.8848284502357808,1.88487346992956,1.8848093325187472,1.8848254167437535,1.8848189110803837,1.8898738233965313
117,1.2624363175052689,0.017490353394953743,0.03177606896497309,11.42689484049145,9.530702921077358e-06,1.8847825339700301,1.884797321729366,1.8847914024193706,1.884793316460129,1.884802296988136,1.8848475606410564,1.8847831017289856,1.8847992814047978,1.8847927417295545,1.8898999520269326
118,1.2624517636305512,0.017490665870386352,0.032049554865807295,11.42661558823302,9.516636183034565e-06,1.8847563273370584,1.884771278114325,1.8847653213523525,1.884767134602266,1.88477618177211,1.884821687401225,1.8847569103084814,1.8847731847412459,1.8847666113840251,1.8899260415358798
119,1.262467187234179,0.017490977883563852,0.031641158973798156,11.426339648263331,9.50237367981084e-06,1.8847301604443818,1.8847452747622226,1.8847392807439147,1.8847409914475597,1.8847501051366091,1.8847958507902365,1.8847307587829745,1.8847471272918177,1.8847405205778538,1.8899520913914554
120,1.2624825879961215,0.01749128942803924,0.030695439083501697,11.426066711222681,9.487916106540466e-06,1.8847040338129426,1.8847193122000683,1.884713281121461,1.884714887532716,1.8847240676249262,1.8847700513831267,1.8847046476742981,1.8847211095966858,1.884714469843674,1.8899781010615457
121,1.2624979655986743,0.017491600497368427,0.03154029999859631,11.425780549485184,9.473264167865172e-06,1.8846779479725226,1.884693390945694,1.88468732300485,1.8846888233990895,1.8846980697801987,1.8847442897482851,1.8846785775132957,1.8846951321878882,1.8846884597114821,1.8900040700223637
122,1.2625133197245473,0.017491911085115747,0.03192034806124866,11.425504538654957,9.458418577899773e-06,1.884651903450826,1.8846675115299714,1.8846614069162706,1.8846627995819052,1.8846721121394236,1.8847185664640265,1.8846525488195571,1.8846691955996528,1.884662490710645,1.8900299977416575
123,1.2625286500562136,0.017492221184921004,0.032008713111281395,11.425229834390544,9.443380060197387e-06,1.8846259007659918,1.8846416744694612,1.8846355333663303,1.8846368166204952,1.8846461952422608,1.884692882088187,1.884626562115127,1.8846433003611858,1.8846365633673028,1.89005588369301
124,1.2625439562801717,0.01749253079043141,0.0312981391325593,11.424952665417159,9.428149347714144e-06,1.8845999404373064,1.8846158802823336,1.8846097028716904,1.8846108750462025,1.8846203196236457,1.8846672371843327,1.88460061791821,1.8846174469994996,1.8846106782051208,1.8900817273504995
125,1.2625592380830373,0.01749283989527281,0.031144386157393456,11.424680972388291,9.412727182773487e-06,1.8845740229828996,1.8845901294905956,1.884583915951659,1.8845849753900819,1.8845944858166683,1.8846416323160469,1.884574716746735,1.884591636045448,1.8845848357482642,1.89010752819566
126,1.262574495150927,0.01749314849312649,0.031165813095867634,11.424394971114634,9.397114317029975e-06,1.8845481489277784,1.884564422599712,1.8845581731127208,1.884559118184068,1.8845686943562705,1.884616068036428,1.884548859118822,1.8845658680234814,1.884559036517089,1.8901332857112008
127,1.2625897271725053,0.01749345657776556,0.03224773588590324,11.424132513549331,9.381311511432659e-06,1.884522318783985,1.8845387601089119,1.8845324748562275,1.8845333039539358,1.8845429457731648,1.8845905448930305,1.8845230455486521,1.8845401434535394,1.8845332810263915,1.8901589993732382
128,1.2626049338405616,0.017493764142905786,0.030632271897047758,11.423857838138225,9.365319536187992e-06,1.8844965330620171,1.8845131425333923,1.8845068216936125,1.8845075332249228,1.8845172405927206,1.8845650634431474,1.884497276543533,1.8845144628532473,1.8845075697948366,1.8901846686735715
129,1.2626201148455827,0.017494071182285277,0.03037937800399959,11.423577475881116,9.34913917072228e-06,1.8844707922797679,1.884487570377779,1.884481214127498,1.884481806522575,1.8844915793434605,1.8845396242399612,1.88447155261602,1.8844888267447542,1.8844819033371685,1.8902102930940414
130,1.2626352698788483,0.017494377689694543,0.03100098599679768,11.42330658389554,9.332771203643714e-06,1.8844450969455597,1.8844620441469508,1.8844556526624223,1.884456124369061,1.8844659625457536,1.8845142278255216,1.8844458742717582,1.8844632356450977,1.8844562821647057,1.8902358721273496
131,1.2626503986343123,0.017494683658981804,0.03129682713188231,11.423036157947895,9.316216432703918e-06,1.8844194475623581,1.8844365643435392,1.884430137796877,1.8844304872790991,1.8844403907194593,1.884488874740831,1.8844202420162246,1.8844376900617772,1.8844307067877868,1.8902614052604005
132,1.2626655008084178,0.017494989083979947,0.031753282994031906,11.422766481354287,9.29947566475907e-06,1.8843938446384598,1.8844111314709995,1.8844046700290118,1.8844048957644473,1.8844148643840488,1.8844635655283888,1.8843946563517633,1.8844121905095164,1.884405177711062,1.8902868919869544
133,1.2626805760971462,0.017495293958510013,0.031128094997256994,11.422491365489895,9.28254971573058e-06,1.8843682886719777,1.8843857460330902,1.88437924986291,1.8843793503440973,1.8843893840549275,1.8844383007306638,1.884369117781656,1.8843867375023868,1.8843796954448877,1.8903123318060098
134,1.2626956241962592,0.017495598276493295,0.03142362320795655,11.42221355010827,9.265439410565327e-06,1.8843427801635353,1.8843604085251997,1.8843538777884934,1.8843538515271911,1.8843639502447291,1.8844130808809696,1.8843436268016318,1.8843613315447538,1.8843542604913028,1.8903377242137682
135,1.262710644805886,0.017495902031856126,0.03175598802044988,11.42194480950587,9.248145583195449e-06,1.8843173196125746,1.8843351194469822,1.884328554295343,1.8843283998220517,1.884338563458832,1.8843879065087277,1.8843181839059637,1.8843359731369942,1.8843288733507393,1.8903630687189938
136,1.2627256376268028,0.01749620521855097,0.030624445993453264,11.421673496891955,9.230669076497688e-06,1.884291907518809,1.88430987927448,1.884303279869472,1.8843029957437196,1.8843132242138407,1.8843627781403882,1.884292789596561,1.8843106627840864,1.8843035345204406,1.8903883648166098
137,1.2627406023607557,0.017496507830517604,0.031718596117570996,11.421402430658555,9.213010742252328e-06,1.8842665443742432,1.884284688519917,1.8842780550027591,1.884277639793231,1.8842879330137976,1.884337696306227,1.8842674443638008,1.8842854009864354,1.8842782444985413,1.89041361201238
138,1.2627555387087728,0.017496809861803138,0.030823861015960574,11.421144129043087,9.195171441101669e-06,1.8842412306690468,1.8842595476592916,1.8842528801757814,1.8842523324713265,1.8842626903618118,1.8843126615216756,1.8842421486955212,1.884260188239481,1.8842530037769432,1.8904388098200946
139,1.2627704463776657,0.017497111306451568,0.03061050409451127,11.420864629699407,9.177152042508079e-06,1.8842159668957852,1.8842344571677836,1.884227755876011,1.8842270742823597,1.8842374967579438,1.8842876743014754,1.8842169030819735,1.8842350250397706,1.884227812849639,1.8904639577402564
140,1.2627853250735055,0.017497412158524336,0.030827649869024754,11.4205967659185,9.158953424711625e-06,1.8841907535391718,1.884209417532748,1.8842026825800373,1.8842018657225554,1.8842123526992463,1.8842627351654033,1.884191708008289,1.884209911878203,1.8842026722011826,1.890489055295465
141,1.262800174503823,0.017497712412124694,0.02993867197073996,11.420335737299533,9.140576474687263e-06,1.884165591090325,1.8841844292212881,1.8841776607628862,1.884176707289068,1.884187258687216,1.8842378446269408,1.884166563959569,1.8841848492438524,1.8841775823209663,1.8905141019920164
142,1.2628149943776688,0.01749801206134032,0.030369867803528905,11.42007198213714,9.122022088101615e-06,1.88414048002674,1.8841594927291991,1.8841526909034738,1.8841515994722562,1.884162215211093,1.8842130032033655,1.8841414714162756,1.8841598376234034,1.8841525436946245,1.8905390973549854
143,1.2628297844037888,0.017498311100346598,0.03142323694191873,11.419794988333628,9.1032911692693e-06,1.8841154208329418,1.8841346085157908,1.8841277734719004,1.8841265427620917,1.8841372227643745,1.884188211403734,1.8841164308529215,1.8841348775004778,1.8841275568048708,1.8905640409039373
144,1.2628445442951926,0.017498609523377978,0.030705878045409918,11.419524144515927,9.084384631108884e-06,1.8840904139829282,1.884109777051791,1.884102908934891,1.8841015376450658,1.8841122818309117,1.88416346972636,1.8840914427459654,1.8841099693532988,1.8841026221265087,1.8905889321559906
145,1.2628592737670497,0.01749890732458134,0.030509104020893574,11.419257158070325,9.06530339509836e-06,1.8840654599477766,1.8840849988261346,1.884078097771384,1.884076584605283,1.8840873928986654,1.884138778676481,1.884066507575166,1.8840851136711538,1.8840777401423325,1.8906137706298105
146,1.2628739725307174,0.01749920449825376,0.03037428599782288,11.418994753187725,9.046048391230248e-06,1.8840405592079625,1.8840602742771262,1.8840533404327908,1.8840516841298,1.8840625564529307,1.8841141387498543,1.8840416258131882,1.8840603109235774,1.8840529113205462,1.8906385558612004
147,1.2628886403054824,0.01749950103863879,0.030336937867105007,11.418729849002673,9.02662055796628e-06,1.8840157122313246,1.884035603885055,1.8840286373864132,1.884026836696482,1.8840377729707756,1.8840895504482804,1.88401679792354,1.8840355615864375,1.884028136135535,1.8906632873848028
148,1.262903276807672,0.017499796940038063,0.030715402215719223,11.418461731403989,9.007020842191636e-06,1.8839909194869247,1.8840109881129359,1.884003989096092,1.8840020427816826,1.8840130429292543,1.8840650142644144,1.8839920243700474,1.8840108661357438,1.8840034150562601,1.8906879647307084
149,1.2629178817560978,0.017500092196807784,0.029683504020795226,11.418209986691553,8.98725019916881e-06,1.8839661814429025,1.8839864274150242,1.8839793960122047,1.8839773028633355,1.8839883668078334,1.8840405306795631,1.883967305619744,1.8839862250342456,1.8839787485487371,1.8907125874354591
150,1.2629324548724905,0.017500386803300707,0.03079369617626071,11.417940907535167,8.967309592491052e-06,1.8839414985507976,1.8839619222666257,1.8839548585955872,1.8839526174099808,1.8839637450774005,1.8840161001850164,1.8839426421327223,1.8839616387554898,1.8839541370773345,1.8907371550306238
151,1.262946995878082,0.01750068075395322,0.030943408142775297,11.417678101644746,8.947199994035402e-06,1.8839168712800018,1.8839374730932,1.8839303772939375,1.8839279868956913,1.8839391782095105,1.8839917232600785,1.8839180343710165,1.8839371077574436,1.883929581102284,1.8907616670581422
152,1.262961504498764,0.01750097404317936,0.0304180639795959,11.417412040262956,8.926922383915316e-06,1.883892300090677,1.883913080355821,1.8839059525561783,1.883903411784244,1.8839146666667543,1.8839674003896592,1.8838934827865073,1.883912632502377,1.8839050810807874,1.8907861230695893
153,1.2629759804593497,0.01750126666547086,0.029907271033152938,11.417155179250859,8.906477750432904e-06,1.8838677854359305,1.8838887444942123,1.8838815848303394,1.8838788925387733,1.8838902109166944,1.883943132047345,1.88386898783383,1.8838882134471642,1.8838806374699468,1.89081052260431
154,1.2629904234880263,0.017501558615328334,0.030844541965052485,11.416897613227226,8.885867090030761e-06,1.883843327769681,1.883864465951129,1.8838572745590452,1.8838544296248152,1.8838658114199924,1.8839189187088792,1.8838445499655685,1.883863851046129,1.8838562507230943,1.8908348652072013
155,1.2630048333134407,0.017501849887262708,0.02988921501673758,11.416627358821009,8.865091407243393e-06,1.8838189275370592,1.8838402451833887,1.8838330221871924,1.8838300234968905,1.8838414686356422,1.8838947608416854,1.883820169630638,1.8838395457528696,1.8838319212891181,1.890859150439217
156,1.263019209665213,0.01750214047584772,0.02988636400550604,11.416369133427864,8.844151714648274e-06,1.8837945851823439,1.8838160826288801,1.8838088281532104,1.8838056746088474,1.883817183014902,1.8838706589195802,1.88379584727226,1.883815298018384,1.8838076496157539,1.8908833778569232
157,1.26303355227601,0.017502430375673554,0.031064911046996713,11.41611883788483,8.823049032816478e-06,1.883770301150661,1.883791978728946,1.883784692893916,1.8837813834142907,1.8837929550127783,1.88384661340918,1.8837715833347275,1.8837911082884027,1.8837834361503045,1.890907547009963
158,1.2630478608786806,0.01750271958137861,0.030165433883666992,11.4158590190881,8.801784390262945e-06,1.8837460758884934,1.8837679339096265,1.8837606168360963,1.8837571503675725,1.8837687850792648,1.8838226247753587,1.8837473782564356,1.88376697700617,1.8837592813335675,1.8909316574604778
159,1.2630621352090192,0.017503008087662694,0.030810248106718063,11.41559862465209,8.780358823396352e-06,1.8837219098328617,1.883743948597609,1.8837366004125777,1.8837329759128303,1.8837446736584773,1.8837986934632924,1.883723232473533,1.8837429046095027,1.88373518560291,1.8909557087792572
160,1.2630763750058247,0.017503295889162475,0.031324069015681744,11.415338393013482,8.758773376468606e-06,1.8836978034250254,1.883720023230701,1.8837126440495708,1.8837088604978247,1.883720621199031,1.8837748199449444,1.8836991464234794,1.8837188915388698,1.883711149395866,1.8909797005314268
161,1.2630905800047552,0.017503582980660477,0.030514828860759735,11.415081192767923,8.737029101523931e-06,1.8836737570955162,1.8836961582281084,1.8836887481709044,1.8836848045582841,1.8836966281423562,1.8837510046596233,1.8836751205367592,1.8836949382315373,1.8836871731451938,1.8910036322827748
162,1.2631047499484302,0.01750386935695464,0.031073593068867922,11.414820449430302,8.715127058347615e-06,1.8836497712725269,1.8836723540073697,1.8836649131922256,1.8836608085384705,1.8836726949246114,1.883727248060485,1.8836511552408055,1.8836710451134067,1.8836632572782992,1.8910275036037214
163,1.263118884580096,0.01750415501279485,0.030929870903491974,11.414569048202189,8.693068314414345e-06,1.8836258463814026,1.8836486110047508,1.8836411395418016,1.883636872870136,1.8836488219783079,1.8837035506041069,1.883627250960442,1.8836472126199115,1.88363940222634,1.8910513140707255
164,1.2631329836410192,0.017504439943041208,0.030402511823922396,11.41431355973736,8.670853944836177e-06,1.8836019828514443,1.883624929625953,1.8836174276293707,1.8836129979918383,1.883625009738846,1.8836799127268258,1.8836034081166189,1.8836234411748134,1.88361560841262,1.891075063264069
165,1.2631470468778139,0.017504724142583243,0.030572487972676754,11.414063971427874,8.648485032310147e-06,1.8835781811029026,1.8836013102804938,1.8835937778664,1.8835891843317862,1.8836012586374704,1.8836563348645758,1.883579627135599,1.883599731203463,1.8835918762562143,1.8910987507609918
166,1.2631610740385009,0.017505007606328112,0.030379213159903884,11.41380173186947,8.625962667065488e-06,1.8835544415556906,1.8835777533775444,1.883570190662594,1.8835654323163884,1.8835775691005743,1.8836328174525303,1.8835559084320732,1.8835760831268378,1.8835682061790675,1.8911223761494713
167,1.2631750648722249,0.017505290329238248,0.029909312957897782,11.413548952731992,8.603287946810515e-06,1.8835307646229023,1.8835542593236443,1.8835466664263198,1.8835417423690075,1.8835539415483304,1.8836093609243163,1.8835322524202076,1.8835524973617372,1.8835445985935777,1.8911459390162715
168,1.2631890191305237,0.017505572306305037,0.030496705090627074,11.41329535284245,8.5804619766791e-06,1.8835071507141687,1.8835308285285173,1.8835232055592805,1.8835181149093267,1.8835303764012503,1.8835859657137748,1.8835086595084845,1.8835289743234174,1.8835210539108471,1.8911694389470226
169,1.263202936566087,0.017505853532532516,0.030750154983252287,11.41304694156214,8.557485869176826e-06,1.8834836002425626,1.8835074613907727,1.883499808466003,1.8834945503554101,1.8835068740777636,1.8835626322479253,1.8834851301087119,1.8835055144214814,1.8834975725434677,1.891192875534765
170,1.2632168169326867,0.017506134003000558,0.031189379980787635,11.412792461209825,8.534360744126755e-06,1.8834601136200406,1.8834841583053241,1.883476475539628,1.8834710491217919,1.8834834349884522,1.8835393609447566,1.8834616646206872,1.883482118061991,1.8834741548965357,1.8912162483799189
171,1.2632306599877603,0.017506413712795856,0.029948661802336574,11.412545400602726,8.511087728614863e-06,1.8834366912452563,1.8834609196745575,1.883453207177444,1.8834476116168903,1.8834600595449513,1.8835161522277082,1.8834382634492777,1.8834587856516805,1.8834508013742182,1.8912395570769627
172,1.2632444654888728,0.01750669265706803,0.03116707317531109,11.412294111030986,8.487667956935089e-06,1.8834133335254217,1.8834377458768252,1.8834300037648792,1.8834242382550181,1.8834367481538818,1.8834930065102116,1.8834149269927993,1.88343551758893,1.8834275123740811,1.8912628012346027
173,1.2632582331971276,0.01750697083097306,0.03136882092803717,11.412046874271695,8.464102570534063e-06,1.8833900408540039,1.883414637307017,1.883406865692899,1.8834009294416814,1.8834135012243036,1.8834699242045896,1.8833916556504249,1.883412314275297,1.8834042882951412,1.891285980452269
174,1.2632719628734976,0.01750724822976661,0.030311116948723793,11.411808424258176,8.440392717955476e-06,1.883366813627657,1.8833915943319335,1.8833837933429538,1.8833776855782993,1.8833903191554777,1.883446905716158,1.883368449812518,1.8833891761033825,1.883381129529056,1.8913090943421618
175,1.2632856542842448,0.01750752484865508,0.031076186103746295,11.411545276655998,8.41653955478409e-06,1.883343652234305,1.8833686173554973,1.8833607871020972,1.8833545070621507,1.8833672023443924,1.883423951456545,1.883345309869729,1.8833661034676865,1.8833580364674143,1.8913321425132708
176,1.2632993071927094,0.017507800682938068,0.030614418908953667,11.411305353305542,8.392544243589428e-06,1.883320557064425,1.8833457067433306,1.883337847348113,1.8833313942898975,1.8833441511872002,1.883401061829503,1.8833222362078164,1.8833430967567077,1.8833350094954247,1.8913551245841482
177,1.2633129213673815,0.0175080757279365,0.030585367931053042,11.411057059135256,8.368407953869105e-06,1.8832975284973885,1.883322862884054,1.8833149744586557,1.883308347651025,1.8833211660718343,1.8833782372344807,1.8832992292072757,1.8833201563560535,1.8833120490006872,1.8913780401726612
178,1.263326496577405,0.01750834997901055,0.03151874081231654,11.410810615292778,8.34413186199183e-06,1.8832745669218423,1.8833000861470839,1.8832921688019473,1.8832853675379453,1.883298247389682,1.8833554780622357,1.8832762892541897,1.8832972826434042,1.8832891553624773,1.8914008889009954
179,1.2633400325939337,0.017508623431559088,0.03068598289974034,11.410565442293253,8.319717151140072e-06,1.88325167271373,1.883277376906061,1.8832694307451643,1.88326245433509,1.8832753955228616,1.883332784718664,1.883253416721689,1.8832744760012665,1.8832663289566751,1.8914236703902587
180,1.263353529189913,0.017508896080988434,0.03258412005379796,11.410317575135037,8.295165011252398e-06,1.8832288462519846,1.8832547355340723,1.8832467606561771,1.8832396084277283,1.883252610855381,1.8833101575845688,1.8832306119839488,1.8832517368095234,1.8832435701620613,1.8914463842735267
181,1.2633669861391825,0.017509167922827654,0.0308136441744864,11.41007779757352,8.270476638965463e-06,1.883206087899201,1.8832321623916943,1.8832241588959937,1.8832168301921446,1.8832298937675374,1.8832875970459846,1.8832078754099222,1.8832290654359476,1.883220879346737,1.8914690301741428
182,1.2633804032207112,0.017509438952631105,0.03104950115084648,11.409837566452627,8.245653237555705e-06,1.8831833980286221,1.883209657825152,1.8832016258205744,1.8831941200047322,1.8832072446298993,1.883265103475312,1.8831852073663526,1.8832064622508677,1.8831982568779826,1.891491607729291
183,1.2633937802155009,0.0175097091659231,0.03016123198904097,11.409592813304377,8.220696016880687e-06,1.8831607770083933,1.8831872221927783,1.8831791617909874,1.8831714782421916,1.8831846638120255,1.8832426772569155,1.883162608218405,1.883183927621596,1.8831757031226706,1.8915141165786165
184,1.2634071169030232,0.017509978558285358,0.03143596602603793,11.409352600260412,8.195606193320137e-06,1.8831382252006457,1.8831648558574654,1.8831567671597385,1.8831489052721873,1.883162151683168,1.8832203187696535,1.8831400783258527,1.8831614619113264,1.8831532184432636,1.891536556361625
185,1.2634204130653004,0.01751024712539349,0.032418630085885525,11.40911561264643,8.170384989716657e-06,1.8831157429652006,1.883142559149016,1.8831344422696172,1.8831264014622326,1.8831397086120354,1.8831980283803833,1.88311761804714,1.8831390654783713,1.8831308031947407,1.8915589267276192
186,1.2634336684894525,0.01751051486292949,0.030978675931692123,11.4088775004528,8.14503363531613e-06,1.883093330658547,1.883120332415329,1.883112187469357,1.8831039671715342,1.8831173349594708,1.8831758064567432,1.8830952277365471,1.8831167386779153,1.8831084577313622,1.8915812273228265
187,1.2634468829624705,0.017510781766610087,0.030779035994783044,11.408636180439922,8.119553365707802e-06,1.8830709886292278,1.8830981760086225,1.8830900031025704,1.8830816027598112,1.8830950310832006,1.8831536533625342,1.8830729077443071,1.8830944818652626,1.883086182404888,1.8916034577923688
188,1.2634600562727305,0.017511047832211152,0.030978447990491986,11.408391356211663,8.09394542276407e-06,1.8830487172250778,1.8830760902672208,1.8830678895076631,1.8830593085830867,1.8830727973344212,1.883131569456257,1.883050658418074,1.8830722953879528,1.8830639775617015,1.8916256177927349
189,1.2634731882119634,0.01751131305551758,0.031178161036223173,11.408158304995148,8.068211054579944e-06,1.8830265167873015,1.8830540755383869,1.8830458470214984,1.8830370849922846,1.8830506340618716,1.8831095551040185,1.883028480098344,1.8830501795900856,1.8830418435483052,1.8916477069846536
190,1.263486278572364,0.01751157743238286,0.03127760486677289,11.407920418848763,8.042351515412222e-06,1.8830043876650044,1.8830321321351202,1.883023875974885,1.8830149323396088,1.8830285416178132,1.8830876106558752,1.883006373127727,1.8830281348150317,1.8830197807045401,1.8916697250310375
191,1.2634993271498016,0.01751184095867807,0.03087711101397872,11.407678341387475,8.016368065618363e-06,1.8829823301919075,1.8830102604045493,1.883001976701652,1.8829928509645233,1.8830065203417412,1.8830657364631918,1.8829843378407323,1.8830061614023845,1.8829977893698835,1.8916916715977576
192,1.2635123337404943,0.017512103630323878,0.03126310696825385,11.407441622590019,7.99026197159505e-06,1.8829603447064338,1.8829884606696066,1.882980149525894,1.8829708412105282,1.8829845705758779,1.8830439328718702,1.882962374573208,1.8829842596864779,1.8829758698772974,1.8917135463556047
193,1.26352529814345,0.017512365443282846,0.03179529891349375,11.407209943602995,7.964034505716478e-06,1.8829384315416942,1.8829667332543514,1.8829583947642348,1.8829489034171245,1.8829626926540497,1.8830222002293018,1.8829404836532735,1.8829624300013705,1.8829540225556787,1.8917353489822777
194,1.2635382201598553,0.01751262639358314,0.03092352394014597,11.406981636886005,7.93768694627233e-06,1.8829165910225167,1.8829450784750137,1.882936712741407,1.8829270379209426,1.8829408869132105,1.8830005388644202,1.8829186654125762,1.882940672673971,1.8829322477338564,1.8917570791413425
195,1.2635510995932544,0.017512886477296617,0.03054879093542695,11.40674573163536,7.911220577405485e-06,1.882894823476022,1.8829234966390465,1.8829151037662186,1.8829052450538089,1.8829191536836671,1.8829789491135425,1.8828969201712682,1.8829189880263568,1.8829105457335529,1.8917787365169036
196,1.2635639362502051,0.017513145690522196,0.030561070190742612,11.406511659281128,7.884636689049425e-06,1.8828731292183234,1.8829019880625337,1.8828935681548384,1.8828835251381781,1.8828974932900433,1.8829574313139392,1.882875248245503,1.8828973763805879,1.8828889168758733,1.8918003207895082
197,1.2635767299382432,0.017513404029410182,0.03128240304067731,11.406282339130572,7.857936576865356e-06,1.882851508574623,1.8828805530419719,1.8828721062086868,1.8828618785019393,1.882875906057312,1.8829359857945842,1.8828536499525985,1.882875838053376,1.8828673614758946,1.8918218316415099
198,1.2635894804674326,0.017513661490109265,0.031105505069717765,11.406057744968889,7.831121542179087e-06,1.882829961862202,1.8828591918856155,1.8828507182370855,1.8828403054671377,1.882854392308932,1.8829146128758147,1.8828321256086842,1.8828543733610994,1.8828458798462284,1.8918432687653706
199,1.2636021876479566,0.017513918068869063,0.03030735207721591,11.405813163792036,7.804192891917572e-06,1.8828084893865689,1.882837904893231,1.882829404537621,1.8828188063517304,1.8828329523534657,1.8828933128787706,1.8828106755191085,1.8828329826107904,1.8828244722950518,1.891864631861907
200,1.263614851295205,0.0175141737619604,0.031544113997370005,11.405586000710171,7.777151938545238e-06,1.8827870914546494,1.882816692360397,1.882808165409565,1.8827973814677146,1.8828115865058164,1.8828720861137827,1.8827892999923723,1.8828116661104362,1.8828031391297126,1.8918859206251457
201,1.263627471225235,0.017514428565682073,0.031753772869706154,11.405356770724405,7.75e-06,1.882765768366779,1.8827955545864745,1.8827870011485472,1.8827760311221156,1.882790295072801,1.8828509329066732,1.882767999326921,1.8827904241632043,1.8827818806531658,1.8919071347542495
202,1.2636400472554967,0.017514682476403913,0.030461184913292527,11.405128565181286,7.72273839962904e-06,1.8827445204240738,1.8827744918653113,1.882765912042367,1.882754755620891,1.8827690783560889,1.8828298535591617,1.8827467738215509,1.8827692570653223,1.8827606971617545,1.8919282739552006
203,1.2636525792068123,0.01751493549050834,0.031386729096993804,11.404902050201079,7.695368466124298e-06,1.8827233479230576,1.8827535044812191,1.8827448983785655,1.882733555269082,1.8827479366608917,1.8828088483817034,1.8827256237719583,1.8827481651151294,1.8827395889518865,1.8919493379311665
204,1.2636650669007723,0.017515187604461448,0.03176581999287009,11.404673836443955,7.667891533457718e-06,1.8827022511537574,1.8827325927165202,1.8827239604364585,1.8827124303662166,1.8827268702821878,1.88278791767165,1.8827045494669676,1.8827271486060446,1.8827185563123423,1.891970326393835
205,1.263677510163028,0.01751543881474437,0.03189762798137963,11.404446739124745,7.64030894081624e-06,1.8826812304020726,1.882711756852793,1.8827030984979847,1.882691381202668,1.8827058795109095,1.882767061732451,1.882683551193931,1.8827062078233103,1.8826975995320923,1.8919912390645128
206,1.2636899088204911,0.017515689117864,0.0315734229516238,11.40422201216488,7.612622032536508e-06,1.882660285956997,1.8826909971714383,1.882682312841264,1.8826704080713175,1.8826849646404429,1.8827462808588682,1.882662629236244,1.8826853430551322,1.8826767188963565,1.8920120756547114
207,1.2637022627004209,0.017515938510393944,0.03077089716680348,11.403998674773426,7.584832158039379e-06,1.882639418105262,1.8826703139418013,1.8826616037332284,1.882649511263935,1.8826641259554449,1.8827255753389343,1.8826417838748135,1.8826645545790008,1.882655914683523,1.892032835893688
208,1.2637145716341462,0.01751618698899229,0.030770174926146865,11.403775316883333,7.556940671764125e-06,1.8826186271210081,1.8826497074199318,1.882640971446142,1.882628691061578,1.88264336373962,1.8827049454546438,1.882621015385259,1.882643842671473,1.8826351871691889,1.8920535195029373
209,1.2637268354566673,0.017516434550299723,0.03073827689513564,11.403559050371706,7.528948933102439e-06,1.88259791327498,1.8826291778820992,1.8826204162472604,1.8826079477416324,1.882622678269128,1.8826843914956135,1.8826003240385947,1.8826232076089582,1.8826145366253086,1.8920741262157188
210,1.2637390540024966,0.017516681191024043,0.03145400295034051,11.40333552305968,7.500858306332174e-06,1.882577276841529,1.8826087255818698,1.8825999383947225,1.8825872815825906,1.8826020698178865,1.8826639137396588,1.8825797101044206,1.8826026496604207,1.882593963322532,1.8920946557711862
211,1.2637512271096853,0.017516926907929758,0.030230586882680655,11.403110648999617,7.472670160550849e-06,1.8825567180903209,1.8825883507751704,1.8825795381449992,1.882566692860364,1.882581538657628,1.8826435124582392,1.8825591738483922,1.8825821690903044,1.8825734675253671,1.8921151078990524
212,1.2637633546182068,0.01751717169781763,0.03070466290228069,11.402893037701432,7.444385869608921e-06,1.8825362372837169,1.8825680537219482,1.8825592157473399,1.8825461818418794,1.882561085057528,1.8826231879222075,1.8825387155286604,1.8825617661615603,1.882553049492449,1.8921354823433052
213,1.2637754363702605,0.017517415557538947,0.030845142900943756,11.402674334469706,7.416006812042827e-06,1.8825158346805748,1.8825478346622355,1.8825389714529968,1.882525748793664,1.8825407092835147,1.8826029403986533,1.8825183354072617,1.88254144113528,1.8825327094821656,1.8921557788421712
214,1.2637874722105416,0.01751765848399546,0.030249825911596417,11.402452547828691,7.387534371007798e-06,1.882495510533496,1.882527693843922,1.8825188055065591,1.8825053939748897,1.8825204115901066,1.8825827701523965,1.8824980337367538,1.882521194262383,1.8825124477476816,1.8921759971508931
215,1.2637994619864852,0.017517900474128673,0.030967659084126353,11.402233018482242,7.358969934210439e-06,1.8824752650917609,1.8825076315092941,1.8824987181529036,1.8824851176422455,1.8825001922363263,1.8825626774394817,1.8824778107686604,1.882501025793657,1.8824922645394768,1.8921961370172116
216,1.2638114055470602,0.01751814152490705,0.030739950016140938,11.402021790245332,7.330314893841102e-06,1.8824550986046722,1.8824876479026897,1.8824787096284596,1.8824649200470744,1.882480051471142,1.882542662524172,1.8824576667449326,1.8824809359779262,1.8824721601051995,1.8922161981983248
217,1.2638233027428885,0.01751838163337278,0.0306695899926126,11.401805459456567,7.301570646506028e-06,1.882435011309327,1.8824677432543095,1.8824587801704311,1.8824448014380961,1.882459989541224,1.8825227256562893,1.8824376019105942,1.8824609250607987,1.8824521346861645,1.8922361804556356
218,1.2638351534282974,0.017518620796572557,0.030833438970148563,11.401591038153741,7.272738593159281e-06,1.8824150034547862,1.8824479178005282,1.8824389300067956,1.8824247620639283,1.8824400066936708,1.8825028670822104,1.882417616504603,1.8824409932796782,1.882432188521628,1.8922560835544944
219,1.263846957457604,0.01751885901167218,0.031020567985251546,11.401376770216464,7.243820139034464e-06,1.8823950752700855,1.8824281717630018,1.882419159365013,1.882404802164999,1.8824201031654895,1.8824830870417228,1.882397710761583,1.882421140866712,1.882412321845337,1.8922759072585795
220,1.2638587146908382,0.017519096275826828,0.031305297976359725,11.401165189990587,7.214816693576234e-06,1.8823752269906433,1.88240850536134,1.882399468468938,1.882384921977812,1.8824002791950334,1.8824633857779023,1.8823778849095985,1.882401368054539,1.8823925348892045,1.892295651344506
221,1.263870424988011,0.01751933258623607,0.031117510050535202,11.400945978686167,7.185729670371604e-06,1.8823554588505182,1.8823889188174463,1.8823798575381843,1.882365121740464,1.8823805350127796,1.8824437635241162,1.8823581391747044,1.8823816750762965,1.8823728278782252,1.8923153155855996
222,1.263882088210903,0.017519567940170854,0.0297068499494344,11.400744716633112,7.156560487081052e-06,1.8823357710705328,1.8823694123469732,1.8823603267861417,1.8823454016828203,1.882360870849397,1.8824242205136639,1.882338473779693,1.8823620621533064,1.882353201036931,1.8923348997588598
223,1.2638937042248513,0.017519802334934706,0.02997104008682072,11.400523270833185,7.127310565369416e-06,1.8823161638721182,1.8823499861605049,1.8823408764251341,1.8823257620287315,1.8823412869272629,1.8824047569763411,1.882318888944735,1.8823425295042857,1.882333654583852,1.892354403653725
224,1.2639052728972107,0.017520035767869722,0.030717683024704456,11.400312594431186,7.097981330836617e-06,1.88229663747038,1.882330640471671,1.882321506663472,1.8823062030012527,1.8823217834681532,1.8823853731377578,1.8822993848859182,1.882323077346434,1.8823141887344614,1.8923738270554518
225,1.2639167940968485,0.017520268236410196,0.03089687693864107,11.40010280093982,7.068574212948169e-06,1.8822771920771266,1.88231137547576,1.8823022177068485,1.882286724819167,1.8823023606867753,1.8823660692095052,1.882279961814877,1.8823037058922591,1.882294803699478,1.8923931697508896
226,1.2639282676969803,0.017520499738008496,0.03022996406070888,11.399904309716568,7.0390906449655104e-06,1.8822578278999749,1.8822921913718427,1.8822830097518797,1.8822673276951258,1.8822830187979434,1.8823468454109582,1.8822606199399243,1.8822844153445122,1.882275499687189,1.8924124315388489
227,1.263939693572313,0.017520730270145005,0.03163363109342754,11.399687600417911,7.009532063876149e-06,1.8822385451413424,1.8822730883688044,1.8822638829988902,1.8822480118376,1.8822637580091364,1.8823277019587326,1.882241359462386,1.8822652059133953,1.8822562768999207,1.8924316122100238
228,1.2639510715980573,0.01752095983037068,0.030186362098902464,11.399482100907976,6.979899910323626e-06,1.8822193440081083,1.882254066642902,1.8822448376365764,1.882228777457248,1.8822445785269308,1.8823086390589452,1.882222180582393,1.8822460777978383,1.8822371355365957,1.892450711573264
229,1.2639624016538737,0.01752118841627644,0.030859183985739946,11.399278956457042,6.950195628537301e-06,1.8822002246923148,1.8822351263924009,1.8822258738561197,1.88220962475283,1.882225480548935,1.8822896569109235,1.8822030834947898,1.8822270311953946,1.882218075793659,1.8924697294383577
230,1.2639736836210897,0.01752141602549494,0.030851323856040835,11.39907107740151,6.920420666261962e-06,1.8821811873928984,1.8822162677973158,1.8822069918359827,1.8821905539272383,1.8822064642738798,1.8822707557223766,1.8821840683919153,1.8822080662943677,1.882199097861821,1.8924886656139899
231,1.2639849173828501,0.017521642655728906,0.030675120884552598,11.398876004069088,6.890576474687264e-06,1.8821622322982625,1.8821974910342412,1.8821881917576446,1.8821715651718265,1.8821875298956323,1.8822519356856224,1.8821651354623146,1.8821891832806428,1.8821802019289815,1.8925075199147123
232,1.2639961028258762,0.017521868304699338,0.031081868102774024,11.398668351432717,6.8606645083770015e-06,1.8821433595939128,1.8821787962832721,1.8821694737977854,1.8821526586807944,1.882168677602021,1.882233196992269,1.8821462848861914,1.8821703823436298,1.882161388177955,1.8925262921609272
233,1.264007239837848,0.01752209297021016,0.031175801996141672,11.398474260487795,6.830686225198211e-06,1.8821245694584068,1.8821601837151403,1.8821508381287644,1.8821338346364749,1.882149907578251,1.8822145398285177,1.8821275168466658,1.8821516636629672,1.882142656788615,1.8925449821681803
234,1.2640183283102437,0.017522316650065293,0.030337286880239844,11.39826266156243,6.8006430862501224e-06,1.8821058620676596,1.882141653506129,1.882132284923622,1.8821150932181194,1.882131220003838,1.8821959643813826,1.8821088315209185,1.882133027413519,1.8821240079384596,1.8925635897699693
235,1.2640293681351105,0.01752253934216727,0.030723042087629437,11.398065437130978,6.770536555792945e-06,1.8820872375998623,1.8821232058129547,1.8821138143467462,1.8820964346048523,1.8821126150544492,1.882177470820865,1.8820902290795507,1.8821144737713766,1.8821054417973988,1.8925821147919561
236,1.2640403592087566,0.017522761044432594,0.030768647091463208,11.397854923102246,6.740368101176498e-06,1.8820686962172477,1.8821048408061076,1.882095426558552,1.8820778589695093,1.882094092902291,1.8821590593283508,1.8820717096920687,1.882096002903456,1.8820869585324969,1.8926005570708921
237,1.2640513014285686,0.017522981754822354,0.03201423003338277,11.397662980986,6.710139192768696e-06,1.8820502380883295,1.8820865586431947,1.8820771217171945,1.8820593664817697,1.8820756537151195,1.882140730081059,1.8820532735178495,1.8820776149739535,1.8820685583087065,1.8926189164477134
238,1.2640621946940886,0.017523201471366746,0.03090966516174376,11.39746537865217,6.679851303883892e-06,1.882031863375163,1.8820683594729242,1.8820588999710348,1.8820409573112487,1.8820572976589773,1.8821224832431955,1.8820349207179545,1.8820593101408702,1.8820502412856823,1.8926371927675967
239,1.2640730389083548,0.01752342019214641,0.03236161801032722,11.397267854695938,6.649505910711058e-06,1.8820135722317215,1.8820502434496083,1.8820407614711934,1.8820226316157,1.8820390248935075,1.8821043189781128,1.8820166514469199,1.8820410885627126,1.8820320076183232,1.892655385871528
240,1.2640838339763893,0.01752363791527523,0.030837394995614886,11.397071545584474,6.619104492241847e-06,1.8819953648124024,1.8820322107169702,1.882022706359702,1.8820043895547298,1.8820208355749815,1.8820862374480511,1.8819984658559055,1.8820229503921428,1.8820138574570013,1.8926734956143327
241,1.2640945798054446,0.01752385463894228,0.031170868081972003,11.396881189909148,6.588648530198505e-06,1.881977241263856,1.8820142614059931,1.882004734779775,1.881986231282385,1.8820027298555921,1.8820682388089238,1.8819803640960282,1.882004895773523,1.8819957909508975,1.8926915218461031
242,1.2641052763062444,0.017524070361364052,0.03492512903176248,11.396677673370004,6.558139508961655e-06,1.8819592017328672,1.8819963956579657,1.8819868468698733,1.8819681569484814,1.8819847078816532,1.8820503232053192,1.8819623463086164,1.881986924851489,1.881977808242448,1.8927094644290992
243,1.2641159233907513,0.01752428508081216,0.031095830956473947,11.396481525125598,6.527578915497952e-06,1.8819412463561729,1.8819786136102685,1.8819690427616982,1.881950166697401,1.881966769796385,1.8820324907890889,1.881944412631837,1.8819690377661829,1.8819599094702193,1.8927273232238178
244,1.2641265209736612,0.01752449879560541,0.030913279158994555,11.396295847961719,6.496968239287604e-06,1.8819233752780182,1.8819609153764507,1.8819513225809719,1.8819322606744462,1.881948915741983,1.8820147417013735,1.8819265632037463,1.8819512346526621,1.881942094769356,1.8927450981001692
245,1.264137068972375,0.01752471150414421,0.03173598204739392,11.396107947429474,6.466308972251786e-06,1.881905588626901,1.8819433010816637,1.8819336864520415,1.8819144390126334,1.881931145853452,1.8819970760727813,1.8819087981543616,1.881933515644555,1.8819243642707857,1.8927627889232017
246,1.264147567307828,0.017524923204822192,0.031539340037852526,11.395911135889088,6.4356026086799176e-06,1.8818878865333881,1.8819257708471444,1.8819161344953228,1.8818967018470298,1.8819134602640197,1.8819794940408567,1.881891117611112,1.8819158808691387,1.8819067181016804,1.8927803955742544
247,1.2641580159010923,0.01752513389611428,0.03132539498619735,11.395722867117335,6.4048506451568416e-06,1.8818702691212172,1.8819083247922566,1.8818986668278586,1.881879049305322,1.8818958591008035,1.8819619957303169,1.8818735216946296,1.8818983304512296,1.8818891563857885,1.8927979179308683
248,1.2641684146769039,0.01752534357653377,0.03133380296640098,11.395538560047573,6.374054580489874e-06,1.881852736506882,1.8818909630324125,1.8818812835650374,1.8818614815112236,1.881878342487613,1.8819445812715092,1.8818560105259583,1.8818808645118672,1.8818716792429182,1.8928153558678569
249,1.2641787635616437,0.017525552244633927,0.03125781589187682,11.395348514269934,6.343215915635761e-06,1.881835288806885,1.8818736856834135,1.881863984816329,1.8818439985865416,1.881860910540279,1.881927250788339,1.8818385842173486,1.8818634831649037,1.881854286786846,1.89283270927639
250,1.2641890624839482,0.017525759899058996,0.031311810947954655,11.395159662015473,6.31233615362752e-06,1.8818179261361103,1.8818564928323152,1.8818467706806987,1.8818266006491349,1.8818435633765447,1.8819100043952561,1.8818212428813794,1.8818461865184768,1.881836979126659,1.8928499780500556
251,1.2641993113772934,0.017525966538453522,0.03096062899567187,11.394968837574748,6.281416799501188e-06,1.88180064860101,1.8818393845922223,1.881829641261119,1.8818092878081445,1.8818263011044054,1.8818928422099732,1.8818039866244365,1.8818289746813626,1.8818197563692014,1.8928671620833553
252,1.2642095101746962,0.017526172161535992,0.031451569171622396,11.39478167947065,6.25045936022246e-06,1.8817834563058153,1.8818223610510887,1.8818125966536376,1.8817920601747191,1.8818091238339818,1.8818757643386677,1.8817868155512951,1.8818118477578687,1.8818026186179488,1.8928842612733983
253,1.2642196588130596,0.017526376767079414,0.0314692051615566,11.39459713648782,6.219465344613258e-06,1.881766349347914,1.881805422308254,1.8817956369515552,1.881774917849119,1.881792031664603,1.881858770883063,1.8817697297577929,1.8817948058464589,1.8817855659700065,1.8929012755256787
254,1.2642297572318355,0.017526580353898046,0.03203548397868872,11.394416508452093,6.188436263278172e-06,1.881749327824922,1.8817885684454378,1.8817787622417699,1.8817578609308245,1.881775024695636,1.8818418619483066,1.8817527293394543,1.8817778490412567,1.8817685985212766,1.8929182047457747
255,1.2642398053726394,0.01752678292085434,0.03169153421185911,11.394230371114352,6.157373628530853e-06,1.881732391827371,1.8817717995483063,1.8817619726062136,1.881740889518656,1.8817581030201678,1.8818250376302088,1.881735814384036,1.8817609774321766,1.8817517163600812,1.8929350488512169
256,1.2642498031795946,0.017526984466845818,0.03178305388428271,11.394049932824,6.126278954320295e-06,1.8817155414385862,1.8817551157088241,1.881745268131775,1.8817240036983824,1.881741266727644,1.8818082980232127,1.8817189849788212,1.8817441911077941,1.8817349195736972,1.8929518077530991
257,1.2642597505980668,0.017527184990862987,0.030946706188842654,11.39386791496775,6.095153756157053e-06,1.881698776744178,1.881738516990199,1.8817286488908842,1.8817072035617655,1.8817245159036404,1.8817916432100799,1.8817022412067475,1.8817274901487635,1.8817182082421364,1.892968481370132
258,1.2642696475782846,0.017527384491918745,0.0312456670217216,11.393690348865412,6.06399955103937e-06,1.8816820978206545,1.8817220034633617,1.8817121149550688,1.8816904891899728,1.881707850630468,1.8817750732796972,1.881685583144887,1.8817108746329738,1.88170158244435,1.8929850696270851
259,1.2642794940717772,0.01752758296906543,0.030404926044866443,11.393511899729152,6.032817857379255e-06,1.8816655047453366,1.8817055752014125,1.8816956663931008,1.881673860658351,1.8816912709853542,1.8817585883157357,1.881669010865092,1.8816943446364571,1.8816850422525908,1.8930015724506093
260,1.264289290031629,0.01752778042141166,0.03183218277990818,11.393335077629743,6.001610194928465e-06,1.8816489975862696,1.8816892322723786,1.881679303269481,1.8816573180450595,1.8816747770428366,1.8817421883872099,1.8816525244378524,1.8816779002292807,1.8816685877375043,1.893017989773106
261,1.2642990354139059,0.017527976848121685,0.03202281310223043,11.3931569907238,5.970378084704441e-06,1.8816325764112112,1.8816729747313987,1.8816630256450457,1.881640861417962,1.8816583688688422,1.8817258735735838,1.881636123926809,1.8816615414752362,1.8816522189632985,1.8930343215347092
262,1.2643087301776448,0.01752817224842361,0.031869112979620695,11.392979146549413,5.939123048916173e-06,1.8816162412821378,1.8816568026357123,1.8816468335717662,1.8816244908438549,1.8816420465284407,1.8817096439357972,1.8816198093927372,1.8816452684349665,1.8816359359904091,1.8930505676752736
263,1.2643183742846564,0.01752836662156214,0.031067876145243645,11.392807213925455,5.907846610890011e-06,1.8815999922582867,1.8816407160394817,1.88163072710325,1.8816082063863087,1.8816258100845367,1.8816934995368237,1.8816035808942986,1.881629081167436,1.88161973887559,1.8930667281391456
264,1.2643279676976846,0.017528559966870423,0.02984528010711074,11.392640523627483,5.87655029499542e-06,1.8815838293925335,1.8816247149843748,1.8816147062850117,1.881592008100393,1.8816096595937986,1.881677440434167,1.8815874384836577,1.8816129797248249,1.8816036276710546,1.8930828028772269
265,1.264337510384072,0.01752875228371596,0.030369695043191314,11.39245196006845,5.845235626570686e-06,1.881567752734486,1.8816087995115942,1.8815987711623596,1.881575896039305,1.8815935951058618,1.8816614666848608,1.8815713822106908,1.8815969641561512,1.8815876024263858,1.89309879183867
266,1.2643470023125354,0.017528943571518775,0.03102039103396237,11.392281457758358,5.813904131848565e-06,1.8815517623304363,1.8815929696564473,1.8815829217735445,1.88155987025376,1.8815776166702451,1.8816455783354464,1.8815554121207294,1.881581034507558,1.881571663184473,1.8931146949812372
267,1.2643564434545704,0.017529133829749615,0.03066108818165958,11.39211391612085,5.782557337881911e-06,1.881535858220007,1.8815772254623924,1.8815671581522977,1.8815439307883908,1.8815617243289275,1.8816297754317999,1.8815395282501128,1.881565190817448,1.8815558099857999,1.8931305122648616
268,1.2643658337838308,0.017529323057918,0.029946973780170083,11.391944285733963,5.7511967724692374e-06,1.8815200404439498,1.8815615669501806,1.8815514803271214,1.8815280776849652,1.8815459181256533,1.8816140580166036,1.8815237306379005,1.8815494331215052,1.8815400428664408,1.8931462436603583
269,1.2643751732766186,0.017529511255603335,0.03092259308323264,11.391775042236134,5.719823964080261e-06,1.8815043090283496,1.8815459941584622,1.8815358883250912,1.881512310978684,1.8815301980923684,1.881598426126513,1.881508019313118,1.8815337614517904,1.8815243618575,1.8931618891328605
270,1.2643844619118079,0.01752969842242861,0.030621907906606793,11.391598324626255,5.688440441781399e-06,1.8814886640046766,1.8815305070984192,1.8815203821700093,1.8814966307010423,1.8815145642615778,1.8815828797944711,1.8814923943062927,1.8815181758370951,1.8815087669860935,1.8931774486567243
271,1.264393699671029,0.017529884558061853,0.029423526022583246,11.39143536530567,5.657047735161255e-06,1.8814731053936775,1.8815151057954183,1.881504961881204,1.8814810368795072,1.8814990166599794,1.881567419049772,1.881476855639162,1.8815026763027825,1.8814932582753185,1.8931929222071344
272,1.2644028865377364,0.017530069662200914,0.03126964904367924,11.391262031948559,5.6256473742560615e-06,1.8814576332172162,1.8814997902654873,1.881489627476319,1.8814655295376608,1.8814835553101776,1.8815520439212232,1.8814614033312647,1.8814872628705595,1.881477835746593,1.8932083097653056
273,1.264412022497139,0.017530253734652057,0.0298871248960495,11.391104251989196,5.594240889475107e-06,1.881442247491822,1.881484560508457,1.881474378961562,1.8814501086941597,1.8814681802289142,1.8815367544248829,1.881446037395912,1.8814719355526184,1.8814624994134037,1.8932236113202707
274,1.2644211075398537,0.017530436775204824,0.029904579045251012,11.390934241161608,5.562829811526155e-06,1.8814269482305743,1.881469416538851,1.8814592163473356,1.8814347743641282,1.88145289142936,1.8815215505789444,1.8814307578451641,1.8814566943621502,1.8814472492878274,1.8932388268635143
275,1.2644301416555246,0.017530618783750507,0.0310479449108243,11.390768305556708,5.531415671340827e-06,1.8814117354411652,1.8814543583534553,1.8814441396296269,1.881419526560794,1.8814376889234052,1.881506432393452,1.8814155646856408,1.8814415393040849,1.8814320853740418,1.8932539563894497
276,1.2644391248388378,0.017530799760185213,0.030288635985925794,11.390608909618646,5.500000000000001e-06,1.8813966091267023,1.8814393859546177,1.881429148808586,1.8814043652876482,1.8814225727157807,1.8814913998863751,1.8814004579199994,1.8814264703821701,1.881417007676628,1.8932689998986811
277,1.2644480570848555,0.017530979704492796,0.031315086875110865,11.390445901403831,5.468584328659173e-06,1.8813815692831828,1.8814244993368656,1.8814142438798847,1.881389290545732,1.881407542807754,1.8814764530570975,1.881385437545182,1.8814114875965224,1.88140201619502,1.893283957391521
278,1.2644569383927897,0.0175311586167047,0.029904412105679512,11.390285699101243,5.437170188473847e-06,1.8813666159092068,1.881409698486102,1.8813994248306145,1.8813743023360858,1.8813925991970135,1.881461591901418,1.8813705035557333,1.881396590937018,1.8813871109208968,1.893298828877741
279,1.2644657687641312,0.017531336496869467,0.030117208836600184,11.390120143327305,5.405759110524895e-06,1.8813517489942164,1.8813949833980204,1.8813846916481118,1.881359400652946,1.8813777418761257,1.8814468164182583,1.8813556559412685,1.881381780399058,1.8813722918447913,1.8933136143653546
280,1.2644745482011488,0.017531513345119494,0.03179837390780449,11.38996058895933,5.3743526257439416e-06,1.881336968521188,1.8813803540512883,1.8813700443164707,1.8813445854836863,1.8813629708336579,1.8814321265972949,1.8813408946889651,1.8813670559683253,1.88135755895329,1.8933283138703194
281,1.2644832767105667,0.01753168916161946,0.03155642212368548,11.389805072361183,5.342952264838746e-06,1.8813222744772045,1.8813658104242137,1.881355482813951,1.8813298568141947,1.881348286053972,1.881417522426793,1.8813262197769436,1.8813524176282443,1.8813429122261605,1.8933429274126303
282,1.2644919543004716,0.017531863946618577,0.030305623076856136,11.389645838750004,5.3115595582186016e-06,1.8813076668421143,1.8813513524767036,1.8813410071099352,1.8813152146262415,1.881333687517688,1.8814030038864697,1.8813116311854579,1.8813378653536932,1.8813283516401247,1.8933574550177654
283,1.2645005809833583,0.017532037700377503,0.02989273890852928,11.389484378865006,5.280176035919741e-06,1.8812931455868585,1.8813369801881044,1.8813266171747434,1.8813006588947427,1.8813191751996472,1.881388570957197,1.8812971288877367,1.8813233991187204,1.8813138771697022,1.8933718967138895
284,1.2645091567721485,0.01753221042322511,0.03093119105324149,11.38933144895192,5.248803227530763e-06,1.8812787106811781,1.8813226935226457,1.8813123129715312,1.8812861895961699,1.8813047490736197,1.8813742236084257,1.881282712853795,1.8813090188921826,1.8812994887840149,1.8933862525317213
285,1.264517681683045,0.01753238211554637,0.030398719012737274,11.389180729567746,5.217442662118091e-06,1.8812643620916563,1.8813084924402255,1.8812980944621622,1.881271806696454,1.8812904091062108,1.8813599618085641,1.8812683830459223,1.8812947246382312,1.8812851864466966,1.8934005225097976
286,1.2645261557350111,0.01753255277775314,0.031048994045704603,11.389020125243603,5.186095868151436e-06,1.8812500997765207,1.8812943769033694,1.8812839616060846,1.8812575101607671,1.881276155260522,1.8813457855282414,1.88125413942421,1.8812805163214628,1.8812709701207728,1.8934147066824965
287,1.2645345789482811,0.01753272241034234,0.030910393921658397,11.388870604666316,5.154764373429317e-06,1.8812359236943426,1.8812803468568493,1.8812699143498886,1.8812432999484507,1.88126198749628,1.8813316947283802,1.8812399819457808,1.8812663938953333,1.8812568397598592,1.8934288050998656
288,1.2645429513476656,0.017532891013841558,0.030170121928676963,11.388711524383227,5.123449705004582e-06,1.8812218337990614,1.8812664022441363,1.8812559526455166,1.88122917601608,1.881247905769593,1.8813176893652683,1.8812259105632945,1.8812523573147701,1.88124279531749,1.8934428178063234
289,1.2645512729591513,0.017533058588830024,0.030241764849051833,11.388559799111254,5.092153389109991e-06,1.8812078300371549,1.8812525430149682,1.8812420764383366,1.8812151383134474,1.8812339100289885,1.8813037693922952,1.8812119252239852,1.8812384065284584,1.881228836741011,1.8934567448549051
290,1.2645595438112818,0.01753322513591416,0.03152373293414712,11.388417678825494,5.060876951083828e-06,1.8811939123549708,1.881238769117571,1.8812282856681157,1.8812011867886158,1.881220000222626,1.881289934760617,1.8811980258714334,1.8812245414817412,1.8812149639753517,1.8934705863012
291,1.2645677639338921,0.01753339065579532,0.03217970090918243,11.388262251498162,5.02962191529556e-06,1.8811800806907715,1.8812250804836992,1.8812145802696913,1.8811873213843167,1.8812061762908636,1.881276185410545,1.881184212444083,1.8812107621145533,1.8812011769595058,1.8934843422084482
292,1.2645759333617204,0.017533555149189087,0.031858779955655336,11.388118477557,4.998389805071535e-06,1.8811663349858663,1.8812114770388202,1.8812009601768298,1.8811735420406601,1.8811924381751466,1.8812625212838427,1.8811704848809814,1.8811970683618322,1.8811874756300957,1.893498012641096
293,1.264584052130207,0.017533718616880366,0.03152024303562939,11.387968640995027,4.967182142620746e-06,1.8811526751697343,1.881197958715135,1.881187425318788,1.8811598486880223,1.8811787858058349,1.8812489423195802,1.8811568431105579,1.881183460154821,1.8811738599182222,1.8935115976709964
294,1.2645921202781811,0.017533881059698088,0.030352172907441854,11.387819161874939,4.936000448960632e-06,1.8811391011686058,1.8811845254385902,1.8811739756186434,1.8811462412604005,1.8811652191148165,1.881235448448117,1.8811432870613756,1.8811699374214805,1.881160329748855,1.893525097369312
295,1.264600137846313,0.017534042478532703,0.03174586710520089,11.387679395668231,4.90484624384295e-06,1.8811256129056857,1.8811711771264699,1.8811606109959365,1.8811327196824639,1.8811517380287504,1.8812220395944101,1.881129816656868,1.881156500086065,1.8811468850468822,1.8935385118104133
296,1.2646081048785802,0.017534202874304582,0.03132493607699871,11.387526172585638,4.8737210456797054e-06,1.8811122103036861,1.8811579136943901,1.8811473313655835,1.881119283876812,1.8811383424668378,1.8812087156847224,1.8811164318152391,1.8811431480654788,1.8811335257316035,1.8935518410817136
297,1.2646160214206033,0.01753436224798644,0.031202859012410045,11.387381674026818,4.842626371469149e-06,1.8810988932734714,1.8811447350640111,1.881134136642483,1.8811059337590375,1.8811250323453101,1.8811954766404109,1.8811031324505192,1.8811298812777772,1.8811202517182355,1.8935650852643504
298,1.264623887520177,0.017534520600620433,0.031908333068713546,11.387234520177042,4.811563736721829e-06,1.881085661727858,1.881131641137229,1.8811210267336178,1.881092669241481,1.8811118075779867,1.8811823223744917,1.8810899184722194,1.8811166996328599,1.8811070629169626,1.893578244450334
299,1.2646317032288557,0.017534677933278325,0.0313827870413661,11.387101526944354,4.780534655386744e-06,1.8810725155736598,1.8811186318152167,1.8811080015436574,1.8810794902336783,1.8810986680755961,1.8811692527983117,1.881076789788994,1.8811036030398463,1.8810939592349794,1.8935913187341407
300,1.264639468599712,0.01753483424707699,0.031450446927919984,11.386949466500171,4.74954063977754e-06,1.8810594547106185,1.8811057070095352,1.8810950609735002,1.881066396641312,1.881085613739815,1.8811562678228464,1.8810637463019304,1.8810905914034206,1.881080940574843,1.8936043082101386
301,1.2646471836876043,0.017534989543219304,0.031789321918040514,11.386816849325646,4.718583200498814e-06,1.8810464790398493,1.8810928666077498,1.8810822049142342,1.8810533883638596,1.8810726444736696,1.881143367346969,1.8810507879089426,1.881077664619385,1.8810680068345007,1.8936172129811804
302,1.264654848551966,0.017535143822946887,0.031928460812196136,11.386674311051388,4.687663846372481e-06,1.8810335884535745,1.8810801104976904,1.8810694332576643,1.8810404653002082,1.8810597601712318,1.8811305512682013,1.8810379145044525,1.8810648225806834,1.881055157907504,1.8936300331550444
303,1.264662463254164,0.01753529708751931,0.030593873001635075,11.386532006809919,4.65678408436424e-06,1.8810207828466043,1.881067438565619,1.881056745892373,1.881027627342287,1.881046960726613,1.8811178194854279,1.881025125979973,1.881052065180131,1.8810423936847913,1.8936427688402373
304,1.2646700278563676,0.017535449338279448,0.03169456706382334,11.386391131204267,4.625945419510126e-06,1.881008062099557,1.8810548507010445,1.8810441427019444,1.8810148743776094,1.8810342460232872,1.8811051718860772,1.8810124222176219,1.8810393923037443,1.8810297140511159,1.8936554201556302
305,1.2646775424249577,0.01753560057659174,0.031621271977201104,11.386256302679394,4.595149354843159e-06,1.8809954260977249,1.8810423467827035,1.8810316235658182,1.8810022062933323,1.8810216159491782,1.8810926083560622,1.8809998031016495,1.8810268038363953,1.8810171188892288,1.8936679872136917
306,1.264685007027074,0.0175357508039076,0.03091561794281006,11.386124322969744,4.564397391320083e-06,1.8809828747184645,1.881029926680685,1.8810191883591776,1.8809896229677896,1.8810090703819766,1.8810801287757934,1.8809872685089253,1.8810142996522103,1.881004608075974,1.8936804701388967
307,1.2646924217343203,0.017535900021703958,0.0312798130325973,11.385994151798924,4.533691027748216e-06,1.8809704078336205,1.8810175902691018,1.8810068369528163,1.88097712427639,1.8809966091987904,1.8810677330239889,1.8809748183130617,1.8810018796262762,1.8809921814853836,1.8936928690554666
308,1.264699786619576,0.017536048231490957,0.030946474988013506,11.385850734912434,4.503031760712399e-06,1.880958025315342,1.8810053374210605,1.880994569215821,1.880964710089171,1.880984232268747,1.8810554209770032,1.8809624523821433,1.8809895436279198,1.880979838986892,1.893705184098871
309,1.2647071017574891,0.017536195434852863,0.03230238915421069,11.38572407077129,4.4724210845020495e-06,1.8809457270279932,1.8809931679979426,1.8809823850110559,1.8809523802762877,1.8809719394612119,1.8810431924998983,1.8809501705825877,1.8809772915237832,1.8809675804470456,1.893717415399991
310,1.2647143672260477,0.01753634163342258,0.031584070064127445,11.385588119772333,4.441860491038346e-06,1.8809335128309235,1.8809810818590706,1.8809702841984435,1.8809401346982206,1.8809597306377304,1.8810310474621046,1.880937972774235,1.8809651231745745,1.8809554057264457,1.8937295630993216
311,1.2647215831059506,0.017536486828864984,0.030554933939129114,11.385461507471026,4.4113514698014955e-06,1.880921382586386,1.8809690788544446,1.880958266632292,1.880927973218033,1.8809476056613599,1.8810189857214479,1.8809258588181734,1.8809530384393585,1.8809433146826156,1.8937416273384642
312,1.2647287494794406,0.017536631022922963,0.03001551702618599,11.385329319927745,4.380895507758154e-06,1.8809093361439708,1.880957158836186,1.8809463321633435,1.8809158956875094,1.8809355643835142,1.8810070071366078,1.8809138285648843,1.8809410371710769,1.8809313071683071,1.8937536082657318
313,1.2647358664325603,0.017536774217353685,0.030328370165079832,11.385194838883901,4.350494089288943e-06,1.8808973733546037,1.8809453216585943,1.8809344806385253,1.8809039019581133,1.8809236066545147,1.88099511156497,1.8809018818628047,1.8809291192182451,1.880919383032169,1.8937655060327137
314,1.2647429340518939,0.017536916413958787,0.030829728115350008,11.385065404121544,4.320148696116109e-06,1.8808854940652409,1.8809335671668208,1.8809227119027523,1.8808919918771485,1.880911732322882,1.8809832988565756,1.8808900185578326,1.8809172844287707,1.8809075421216255,1.8937773207950694
315,1.2647499524265748,0.017537057614652546,0.034974806010723114,11.384938118287087,4.2898608072313035e-06,1.8808736981121306,1.8809218951974709,1.8809110257945307,1.88088016528557,1.8808999412290945,1.8809715688503974,1.8808782384894258,1.8809055326431845,1.8808957842753786,1.8937890527071153
316,1.2647569216507,0.017537197821343876,0.030954918125644326,11.384811414257356,4.259631898823504e-06,1.880861985334616,1.8809103055798908,1.8808994221507653,1.8808684220227807,1.8808882332130858,1.8809599213898032,1.8808665414943122,1.8808938636997294,1.880884109332069,1.8938007019359648
317,1.2647638418188751,0.017537337035983647,0.029747932916507125,11.384687353105617,4.229463444207056e-06,1.8808503555685216,1.8808987981510996,1.8808879008005939,1.8808567619266225,1.8808766081116886,1.8809483563123568,1.8808549274068627,1.880882277433027,1.8808725171247402,1.8938122686455099
318,1.2647707130271102,0.01753747526060596,0.03116269293241203,11.384561512839857,4.199356913749878e-06,1.880838808638351,1.880887372742172,1.8808764615739988,1.8808451848222556,1.8808650657517192,1.8809368734517806,1.8808433960520372,1.8808707736711652,1.8808610074813283,1.8938237530093311
319,1.264777535375853,0.017537612497268155,0.03021449688822031,11.384439177083703,4.169313774801791e-06,1.8808273443714274,1.880876029173108,1.8808651042932432,1.8808336905383332,1.8808536059620211,1.880925472637369,1.8808319472573696,1.8808593522407187,1.8808495802286118,1.8938351552005037
320,1.2647843089667128,0.01753774874809538,0.03084800112992525,11.384315276294933,4.139335491623001e-06,1.8808159625890875,1.8808647672605927,1.88085382877868,1.8808222788982976,1.8808422285637079,1.8809141536924443,1.8808205808423788,1.880848012962539,1.8808382351867692,1.8938464753972404
321,1.2647910339044504,0.017537884015249087,0.029937268001958728,11.384190902889072,4.109423525312737e-06,1.8808046631070277,1.880853586822889,1.8808426348464413,1.8808109497186192,1.8808309333743987,1.8809029164372635,1.8808092966246661,1.880836755654086,1.8808269721731048,1.8938577137842463
322,1.2647977102958536,0.017538018300932927,0.029798736097291112,11.38406246373022,4.07957933373804e-06,1.8807934457394182,1.8808424876739227,1.8808315223089214,1.8807997028140977,1.8808197202087533,1.880891760690853,1.8807980944153115,1.8808255801284461,1.880815791000775,1.8938688705482605
323,1.2648043382495744,0.0175381516074103,0.030404584016650915,11.383948980990017,4.0498043714627015e-06,1.8807823102964496,1.8808314696188437,1.88082049097307,1.8807885379960187,1.880808588877926,1.8808806862664191,1.880786974024164,1.8808144861925666,1.8808046914788608,1.893879945879003
324,1.2648109178772555,0.01753828393700094,0.030188780976459384,11.383827186776035,4.020100089676376e-06,1.880771256579424,1.8808205324654517,1.8808095406417804,1.8807774550692633,1.8807975391875804,1.8808696929665871,1.88077593525726,1.8808034736547585,1.8807936734112392,1.8938909399697397
325,1.2648174492932804,0.017538415292047953,0.030885562999174,11.383704387165418,3.990467936123853e-06,1.8807602843918863,1.8808096760110624,1.8807986711156752,1.8807664538363476,1.880786570941226,1.8808587806027581,1.8807649779154,1.8807925423156564,1.880782736599896,1.893901853019209
326,1.2648239326133954,0.01753854567495308,0.05883491109125316,11.383589883562884,3.960909355034491e-06,1.880749393530138,1.8807989000519545,1.8807878821920478,1.880755534094808,1.8807756839362406,1.8808479489759427,1.8807541017931633,1.8807816919750844,1.880771880842664,1.8939126852318346
327,1.2648303679562054,0.017538675088175155,0.030561090912669897,11.383471551662854,3.931425787051832e-06,1.8807385837874384,1.8807882043788966,1.8807771736608763,1.8807446956402933,1.8807648779680468,1.8808371978783502,1.8807433066852377,1.8807709224263967,1.8807611059319809,1.8939234368140831
328,1.264836755443115,0.017538803534210293,0.029763820813968778,11.383352212568512,3.902018669163383e-06,1.8807278549533202,1.8807775887821874,1.8807665453117057,1.8807339382626558,1.8807541528267875,1.8808265271040268,1.8807325923802443,1.880760233458306,1.8807504116576175,1.8939341079748577
329,1.264843095197101,0.017538931015592462,0.03142394800670445,11.383241294406746,3.8726894346305845e-06,1.880717206812755,1.88076705305114,1.880755996930797,1.8807232617459477,1.8807435082989277,1.8808159364445147,1.880721958662585,1.8807496248601676,1.8807397978057547,1.8939446989262763
330,1.2648493873432245,0.017539057534935468,0.03016492398455739,11.383120886458322,3.843439512918951e-06,1.880706639146194,1.8807565969604314,1.8807455282963155,1.8807126658736655,1.880732944166488,1.8808054256808175,1.880711405313177,1.8807390964110924,1.8807292641575388,1.8939552098892867
331,1.2648556320105606,0.017539183094861563,0.030506802024319768,11.383018978316752,3.8142703296283967e-06,1.8806961517305305,1.8807462202920022,1.8807351391890945,1.8807021504247572,1.8807224602061359,1.8807949945967137,1.8807009321095307,1.880728647891188,1.8807188104912156,1.893965641085314
332,1.264861829328505,0.017539307698053893,0.03107183799147606,11.382895738909639,3.785183306423768e-06,1.8806857443382583,1.8807359228249576,1.8807248293819363,1.8806917151719038,1.8807120561933321,1.880784642970723,1.8806905388240749,1.8807182790730146,1.880708436580499,1.893975992740322
333,1.2648679794293451,0.017539431347265023,0.030395451933145523,11.382792335109519,3.7561798609655374e-06,1.8806754167378685,1.8807257043229582,1.8807145986425209,1.880681359885299,1.88070173189998,1.8807743705738995,1.8806802252277408,1.8807079897267,1.880698142194198,1.8939862650815222
334,1.2648740824488767,0.01753955404527022,0.03116306709125638,11.382670631547503,3.7272614068407203e-06,1.8806651686949476,1.880715564553085,1.8807044467368703,1.8806710843333079,1.8806914870926503,1.8807641771748858,1.8806699910869653,1.8806977796187774,1.88068792709863,1.8939964583422966
335,1.2648801385239912,0.01753967579489426,0.031351082026958466,11.382568734310366,3.6984293534939723e-06,1.8806549999714075,1.8807055032767483,1.880694373425479,1.8806608882790399,1.8806813215357858,1.8807540625403179,1.8806598361621678,1.8806876485115342,1.8806777910563677,1.8940065727616893
336,1.2648861477942024,0.017539796599011045,0.03139831684529781,11.382452828242847,3.669685106158899e-06,1.8806449103257696,1.8806955202539106,1.8806843784681715,1.880650771478281,1.8806712349867478,1.8807440264329083,1.880649760210346,1.880677596163576,1.8806677338258444,1.8940166085807422
337,1.2648921104012865,0.01753991646054524,0.03176207607612014,11.382346918612154,3.641030065789562e-06,1.8806348995138629,1.8806856152322189,1.88067446161631,1.8806407336889397,1.8806612272015084,1.8807340686108667,1.8806397629862717,1.8806676223291343,1.8806577551610355,1.8940265660456919
338,1.264898026489659,0.01754003538245205,0.030708845937624574,11.382234834136225,3.612465628992203e-06,1.880624967286581,1.8806757879660287,1.8806646226221646,1.8806307746610564,1.8806512979308438,1.8807241888278707,1.8806298442404688,1.8806577267599716,1.8806478548134906,1.8940364454063705
339,1.264903896205245,0.017540153367745975,0.03135114489123225,11.382125525642257,3.5839931879571733e-06,1.8806151133909983,1.8806660382019762,1.8806548612316765,1.8806208941406937,1.8806414469231643,1.880714386833275,1.88062000371892,1.8806479092041926,1.8806380325298218,1.8940462469149737
340,1.264909719696762,0.01754027041948187,0.03130147699266672,11.382023527459818,3.555614130391079e-06,1.8806053375679443,1.8806563656850264,1.8806451771902915,1.8806110918713856,1.88063167392189,1.8807046623766113,1.88061024116435,1.880638169405107,1.8806282880533292,1.8940559708245193
341,1.2649154971148082,0.017540386540778264,0.03138934797607362,11.381921130471067,3.527329839449153e-06,1.8805956395538326,1.8806467701548362,1.8806355702342847,1.880601367593215,1.8806219786667795,1.8806950151960085,1.8806005563153363,1.880628507101364,1.8806186211227882,1.8940656173965562
342,1.2649212286132383,0.017540501734780712,0.03169406810775399,11.381812461384945,3.499141693667828e-06,1.8805860190838968,1.8806372513468168,1.8806260401028925,1.8805917210397995,1.880612360893492,1.880685445031061,1.8805909489062638,1.8806189220306955,1.880609031475301,1.8940751868929517
343,1.2649269143472892,0.017540616004690833,0.03182512312196195,11.381712065209875,3.471051066897563e-06,1.8805764758909702,1.8806278089883237,1.880616586524813,1.8805821519443056,1.8806028203352076,1.8806759516171059,1.8805814186703798,1.8806094139239056,1.8805995188414304,1.8940846795811404
344,1.2649325544749441,0.017540729353745305,0.03149122395552695,11.381606784745042,3.4430593282358775e-06,1.8805670097027354,1.8806184428088597,1.8806072092275687,1.8805726600344677,1.8805933567214674,1.8806665346854319,1.8805719653346038,1.8805999825107853,1.8805900829491555,1.8940940957326922
345,1.264938149156016,0.01754084178523251,0.031600364949554205,11.381505087954883,3.4151678419606222e-06,1.8805576202396703,1.880609152537415,1.8805979079392114,1.8805632450335632,1.8805839697747195,1.8806571939624788,1.880562588622244,1.8805906275161353,1.8805807235234544,1.8941034356202797
346,1.2649436985525493,0.017540953302466376,0.03159265499562025,11.381403100674744,3.387377967463491e-06,1.8805483072215963,1.8805999379017186,1.8805886823828115,1.8805539066604995,1.8805746592153498,1.8806479291746905,1.8805532882524985,1.8805813486607075,1.8805714402854947,1.894112699524818
347,1.264949202828106,0.017541063908829365,0.031606435077264905,11.38130449844567,3.3596910591837613e-06,1.8805390703673517,1.8805907986119264,1.8805795322717147,1.8805446446331477,1.8805654247622048,1.8806387400414515,1.880544063943082,1.8805721456615234,1.8805622329512848,1.8941218877301265
348,1.2649546621497552,0.017541173607733742,0.0315678680781275,11.381203163483583,3.3321084665422826e-06,1.8805299093890664,1.8805817343842626,1.8805704573219937,1.8805354586647234,1.8805562661283366,1.8806296262806041,1.8805349154059126,1.880563018232243,1.8805531012351533,1.8941310005211274
349,1.264960076685848,0.017541282402637828,0.031176819000393152,11.381101062991847,3.304631533875704e-06,1.8805208239953648,1.8805727449335436,1.8805614572428984,1.8805263484635237,1.880547183024444,1.880620587603434,1.8805258423499236,1.8805539660857604,1.8805440448460378,1.894140038186821
350,1.2649654466069677,0.017541390297057775,0.031404801178723574,11.381002036823066,3.277261600370962e-06,1.8805118138921837,1.8805638299595073,1.880552531739529,1.8805173137358704,1.8805381751556698,1.8806116237233597,1.880516844480308,1.8805449889242931,1.8805350634898952,1.8941490010230102
351,1.2649707720868022,0.017541497294552524,0.03158549894578755,11.380907900937922,3.2500000000000015e-06,1.8805028787804248,1.880554989165771,1.8805436805155757,1.8805083541826304,1.8805292422248754,1.880602734340533,1.8805079214990015,1.8805360864532388,1.8805261568697327,1.8941578893233404
352,1.264976053300795,0.017541603398725094,0.030965401092544198,11.380808775711762,3.222848061454764e-06,1.8804940183574126,1.8805462222510143,1.880534903269228,1.8804994695027382,1.8805203839315159,1.880593919154351,1.8804990731043114,1.8805272583699784,1.880517324683263,1.8941667033895189
353,1.2649812904268223,0.017541708613205895,0.031040999107062817,11.380720246387305,3.195807108082429e-06,1.8804852323182442,1.8805375289129556,1.8805261996974372,1.8804906593898416,1.8805115999714352,1.880585177865197,1.880490298990853,1.8805185043706933,1.8805085666266694,1.8941754435238243
354,1.2649864836439637,0.0175418129416828,0.030998402973636985,11.380616359921214,3.1688784578209146e-06,1.880476520353857,1.8805289088447892,1.8805175694915124,1.8804819235360244,1.8805028900339822,1.8805765101657148,1.8804815988488572,1.8805098241456568,1.8804998823906014,1.8941841100362533
355,1.2649916331341338,0.017541916387873335,0.030430598882958293,11.38052852482709,3.1420634231346447e-06,1.8804678821526482,1.8805203617359303,1.8805090123414547,1.8804732616278856,1.880494253808052,1.8805679157484638,1.8804729723647668,1.8805012173848659,1.8804912716635145,1.894192703237287
356,1.2649967390808747,0.017542018955563187,0.030460220063105226,11.380427343693418,3.115363310950579e-06,1.8804593173943176,1.8805118872729842,1.880500527931045,1.8804646733493278,1.8804856909773888,1.8805593942975887,1.8804644192225497,1.8804926837727103,1.8804827341293655,1.894201223439222
357,1.2650018016707587,0.017542120648551304,0.03132224688306451,11.380343126914992,3.088779422594516e-06,1.880450825759483,1.880503485140478,1.8804921159448351,1.8804561583780173,1.8804772012226312,1.8805509454980767,1.880455939101818,1.8804842229914804,1.880474269469677,1.894209670963191
358,1.2650068210914942,0.017542221470686924,0.03017514292150736,11.38024824670962,3.0623130537276713e-06,1.880442406926026,1.8804951550172677,1.8804837760588655,1.8804477163928004,1.8804687842219232,1.8805425690322723,1.8804475316799325,1.880475834717484,1.8804658773615457,1.894218046130337
359,1.2650117975328952,0.01754232142587796,0.031096440041437745,11.380157615780917,3.035965494283524e-06,1.880434060566426,1.8804868965760508,1.8804755079483115,1.8804393470659033,1.88046043964656,1.8805342645750556,1.8804391966304772,1.8804675186246969,1.880457557478598,1.8942263492660254
360,1.2650167311878804,0.017542420518078274,0.030685017816722393,11.38006929972628,3.009738028404952e-06,1.880425786347686,1.880478709486414,1.8804673112844381,1.880431050064876,1.880452167168578,1.8805260317964627,1.8804309336239091,1.8804592743845536,1.8804493094895351,1.8942345806973946
361,1.2650216222514554,0.01754251875125886,0.030712791020050645,11.379973698126262,2.98363193438164e-06,1.8804175839360902,1.8804705934223513,1.8804591857355446,1.8804228250556447,1.880443966454618,1.8805178703678824,1.8804227423249826,1.8804511016642382,1.880441133062281,1.8942427407553746
362,1.2650264709194523,0.01754261612945116,0.030909672845155,11.379885571253665,2.9576484845877794e-06,1.8804094529951958,1.8804625480462402,1.8804511309642502,1.8804146716997077,1.8804358371677077,1.8805097799525103,1.880414622395791,1.880443000127523,1.8804330278602175,1.8942508297778842
363,1.2650312773909185,0.017542712656709845,0.030831757001578808,11.37980749853423,2.931788945420058e-06,1.8804013931827877,1.8804545730219353,1.880443146633817,1.8804065896567292,1.8804277789677402,1.8805017602173386,1.880406573495248,1.88043496943476,1.8804249935432846,1.8942588481028397
364,1.2650360418659268,0.017542808337157184,0.03095212485641241,11.379717380658665,2.906054577235931e-06,1.8803934041545414,1.8804466680011438,1.8804352324003613,1.880398578581842,1.8804197915111394,1.8804938108193772,1.8803985952803137,1.8804270092417696,1.8804170297669758,1.894266796073513
365,1.265040764547956,0.01754290317493953,0.03169600898399949,11.379632546146524,2.8804466342921984e-06,1.880385485561674,1.880438832642973,1.8804273879191158,1.8803906381258069,1.8804118744497738,1.8804859314107258,1.8803906874020713,1.8804191192031976,1.8804091361854696,1.894274674037213
366,1.2650454456416251,0.017542997174247142,0.030805313028395176,11.379542497651016,2.8549663646838717e-06,1.8803776370510628,1.8804310665994781,1.8804196128411539,1.8803827679361538,1.8804040274315794,1.880478121649191,1.8803828495086068,1.880411298967597,1.880401312448032,1.894282482343683
367,1.2650500853537598,0.017543090339307222,0.02964958199299872,11.379456194741367,2.8296150102833444e-06,1.880369858269129,1.8804233695190369,1.8804119068149339,1.8803749676585149,1.8803962501031493,1.8804703811815906,1.880375081247746,1.8804035481812167,1.8803935582004736,1.8942902213445594
368,1.265054683892824,0.017543182674395304,0.031180374091491103,11.379370119395219,2.804393806679864e-06,1.8803621488572184,1.8804157410473747,1.8804042694843233,1.8803672369336197,1.880388542107068,1.8804627096550666,1.8803673822585945,1.8803958664880263,1.8803858730855767,1.8942978913945738
369,1.2650592414697286,0.017543274183822285,0.03043483500368893,11.379286353273587,2.7793039831193134e-06,1.8803545084539734,1.88040818082627,1.8803967004907478,1.8803595753994382,1.8803809030814236,1.8804551067113984,1.8803597521798472,1.8803882535274545,1.8803782567426885,1.894305492855317
370,1.2650637582973023,0.017543364871941296,0.030606642132624984,11.379204925878463,2.754346762444296e-06,1.880346936694055,1.8804006884934623,1.880389199471017,1.8803519826908932,1.8803733326617529,1.8804475719904357,1.8803521906468563,1.880380708936526,1.8803707088079478,1.8943130260897196
371,1.2650682345904127,0.01754345474316014,0.030518294079229236,11.37912792521053,2.729523361034538e-06,1.8803394332082852,1.8803932636801748,1.8803817660593196,1.8803444584391111,1.880365830480685,1.8804401051238442,1.8803446972920725,1.8803732323471456,1.8803632289137036,1.89432049146406
372,1.2650726705665436,0.017543543801906772,0.029889021068811417,11.37904500818306,2.7048349887476038e-06,1.880331997625903,1.8803859060184933,1.880374399886365,1.880337002272437,1.880358396167853,1.8804327057450168,1.8803372717446878,1.8803658233894214,1.880355816689845,1.8943278893469837
373,1.2650770664442164,0.017543632052668734,0.030956811970099807,11.378965830740718,2.680282848859928e-06,1.8803246295721714,1.8803786151335409,1.880367100578693,1.8803296138154162,1.8803510293490473,1.8804253734792538,1.8803299136298566,1.8803584816896706,1.8803484717615977,1.894335220110833
374,1.2650814224447935,0.017543719499954,0.030990126077085733,11.378885762239346,2.6558681380081714e-06,1.8803173286684673,1.8803713906520338,1.8803598677623494,1.8803222926895884,1.8803437296463688,1.88041810795283,1.8803226225689609,1.8803512068717345,1.8803411937522767,1.8943424841314345
375,1.2650857387907584,0.01754380614830991,0.030541938031092286,11.378800063852431,2.6315920461308963e-06,1.8803100945346307,1.88036423219555,1.880352701057458,1.8803150385138927,1.8803364966796565,1.8804109087888436,1.8803153981814602,1.880343998554843,1.8803339822818501,1.8943496817889787
376,1.2650900157065765,0.0175438920023405,0.03119363496080041,11.378727755866207,2.607455756410573e-06,1.8803029267831028,1.8803571393852552,1.8803456000827399,1.8803078509010716,1.880329330063053,1.8804037756045833,1.8803082400823004,1.8803368563553768,1.8803268369663777,1.8943568134643138
377,1.2650942534192906,0.017543977066673773,0.03206167998723686,11.378655639990832,2.583460445215913e-06,1.8802958250262287,1.8803501118347195,1.8803385644528108,1.8803007294630625,1.880322229410065,1.8803967080166903,1.8803011478842249,1.8803297798882184,1.8803197574198274,1.8943638795424333
378,1.2650984521573723,0.017544061345982995,0.03138298401609063,11.378576227116618,2.5596072820445255e-06,1.8802887888737825,1.8803431491561051,1.880331593780141,1.8802936738069265,1.8803151943292358,1.8803897056377676,1.8802941211961508,1.8803227687622694,1.8803127432513773,1.8943708804122825
379,1.2651026121513553,0.017544144844970817,0.03138294513337314,11.378499800454735,2.535897429465939e-06,1.880281817929717,1.880336250962275,1.8803246876744482,1.8802866835377232,1.8803082244270068,1.8803827680767229,1.880287159622838,1.8803158225865573,1.8803057940683687,1.8943778164655796
380,1.2651067336332724,0.017544227568383496,0.03148925513960421,11.378417285359134,2.5123320430649127e-06,1.8802749117977127,1.8803294168581721,1.880317845740201,1.8802797582576538,1.8803013193069005,1.880375894937989,1.8802802627693955,1.8803089409635045,1.880298909474255,1.894384688098648
381,1.2651108168374336,0.017544309521008324,0.03141596005298197,11.378342393298219,2.4889122713851393e-06,1.8802680700762722,1.8803226464447516,1.8803110675806969,1.880272897564916,1.8802944785680082,1.8803690858269801,1.8802734302342297,1.8803021234938877,1.8802920890691668,1.894391495710516
382,1.2651148620000952,0.01754439070766205,0.03154108393937349,11.378268977102094,2.465639255873245e-06,1.88026129236061,1.8803159393271163,1.880304352796356,1.8802661010547717,1.880287701806615,1.8803623403424898,1.8802666616131574,1.8802953697773348,1.8802853324511337,1.8943982397005739
383,1.2651188693588624,0.017544471133214484,0.031108271097764373,11.37819698537248,2.4425141308231755e-06,1.8802545782444768,1.8803092950978675,1.8802977009818913,1.8802593683196722,1.880280988616926,1.880355658078615,1.8802599565003826,1.8802886794065212,1.880278639213875,1.8944049204752718
384,1.265122839154127,0.017544550802555837,0.03084689611569047,11.378127925236095,2.4195380233209025e-06,1.8802479273160022,1.8803027133549335,1.8802911117328163,1.880252698947396,1.88027433858885,1.8803490386321176,1.8802533144848408,1.8802820519742034,1.8802720089496032,1.8944115384403877
385,1.2651267716271242,0.017544629720618213,0.03140421095304191,11.378051093668306,2.396712053189486e-06,1.880241339164195,1.8802961936871314,1.88028458463831,1.880246092525499,1.8802677513098855,1.880342481591776,1.8802467351553562,1.880275487068107,1.8802654412460587,1.894418094008289
386,1.2651306670213844,0.01754470789238205,0.03136160410940647,11.377982271436833,2.3740373329345136e-06,1.880234813371433,1.880289735682455,1.8802781192856755,1.880239548635203,1.8802612263642358,1.8803359865434948,1.8802402180958053,1.8802689842733733,1.8802589356881132,1.8944245875918413
387,1.2651345255825601,0.017544785322845445,0.031181075843051076,11.377908900951414,2.351514967689855e-06,1.8802283495191048,1.8802833389267901,1.880271715260902,1.8802330668575122,1.8802547633332203,1.8803295530726751,1.8802337628880896,1.8802625431731352,1.880252491858142,1.8944310196067005
388,1.2651383475572944,0.017544862017055678,0.03107019397430122,11.377837024572683,2.3291460551638252e-06,1.8802219471843626,1.8802770030025884,1.880265372145503,1.8802266467684956,1.8802483617945716,1.8803231807611849,1.880227369108913,1.880256163346518,1.8802461093344978,1.8944373904734038
389,1.2651421331946402,0.017544937980097663,0.030958169139921665,11.377773938611579,2.3069316855856555e-06,1.880215605940779,1.880270727488248,1.8802590895171118,1.8802202879423158,1.88024202132419,1.8803168691852343,1.880221036334344,1.8802498443705091,1.8802397876940815,1.8944437006129355
390,1.2651458827455477,0.017545013217085157,0.03129576821811497,11.377706627562958,2.2848729416523864e-06,1.8802093253610526,1.8802645119591814,1.8802528669513676,1.8802139899495964,1.8802357414949005,1.8803106179209277,1.8802147641369227,1.8802435858186064,1.8802335265103163,1.8944499504499748
391,1.2651495964623083,0.017545087733170962,0.03181589697487652,11.37763648453191,2.2629708984760696e-06,1.8802031050135168,1.880258355990842,1.88024670402054,1.8802077523576524,1.8802295218747325,1.8803044265402526,1.8802085520855292,1.8802373872612292,1.8802273253529087,1.8944561404137137
392,1.2651532745992196,0.01754516153354576,0.030848867958411574,11.377577140264329,2.2412266235313975e-06,1.8801969444644944,1.8802522591507005,1.8802406002934549,1.880201574732562,1.8802233620306352,1.8802982946124887,1.8802023997461683,1.8802312482653794,1.8802211837887743,1.8944622709359833
393,1.265156917412432,0.017545234623419156,0.03170849499292672,11.377502094202224,2.2196411766036492e-06,1.880190843276674,1.8802462210097848,1.8802345553385673,1.8801954566357528,1.880217261525535,1.880292221705083,1.8801963066826526,1.8802251683960893,1.8802151013832085,1.894468342452996
394,1.2651605251591815,0.017545307008056652,0.030849183909595013,11.377442576226581,2.198215609737056e-06,1.8801848010093953,1.8802402411302757,1.8802285687189713,1.8801893976270243,1.8802112199208225,1.8802862073805153,1.8801902724557102,1.880219147215618,1.8802090776975198,1.894474355399374
395,1.2651640980991787,0.017545378692755107,0.031194926938042045,11.377375875323919,2.176950967183524e-06,1.8801788172184215,1.8802343190761681,1.8802226399964845,1.880183397260964,1.8802052367727908,1.8802802511988774,1.880184296621727,1.8802131842829242,1.8802031122899465,1.894480310215345
396,1.2651676364938127,0.017545449682826945,0.030407190090045333,11.377300890283667,2.1558482853517252e-06,1.8801728914610987,1.880228454406658,1.880216768729628,1.8801774550922221,1.8801993116367526,1.8802743527188863,1.8801783787369548,1.8802072791540414,1.8801972047169386,1.8944862073442403
397,1.265171140605237,0.017545519983636487,0.030543216969817877,11.377239904572342,2.134908592756607e-06,1.880167023287565,1.880222646676426,1.8802109544749415,1.8801715706708333,1.880193444064081,1.880268511495644,1.8801725183533442,1.880201431383123,1.8801913545314877,1.8944920472311597
398,1.2651746106982293,0.01754558960058141,0.030584535095840693,11.377176107148882,2.11413290996924e-06,1.8801612122465823,1.880216895438433,1.88020519678472,1.8801657435440384,1.8801876336038916,1.8802627270810426,1.8801667150198722,1.8801956405198867,1.88018556128331,1.894497830325024
399,1.2651780470391936,0.01754565853908712,0.029364036163315177,11.377119533717238,2.0935222495670967e-06,1.8801554578845106,1.8802112002416493,1.8801994952088408,1.880159973257761,1.8801818798034786,1.8802569990242546,1.880160968283366,1.8801899061124117,1.8801798245204526,1.8945035570767665
400,1.265181449895826,0.017545726804613755,0.030669732950627804,11.37705821750732,2.0730776160846853e-06,1.8801497597436032,1.8802055606379304,1.8801938492953902,1.8801542593527165,1.8801761822055383,1.88025132687233,1.8801552776867054,1.8801842277053065,1.8801741437873614,1.8945092279400124
401,1.2651848195375666,0.01754579440265296,0.02981802518479526,11.376992247963337,2.0528000059646e-06,1.8801441173657072,1.8801999761709631,1.880188258589147,1.8801486013688748,1.8801705403512197,1.880245710168509,1.8801496427715574,1.8801786048409523,1.8801685186263506,1.894514843371095
402,1.2651881562353884,0.017545861338730144,0.03142168908379972,11.376926604823705,2.032690407508949e-06,1.8801385302880822,1.8801944463830187,1.8801827226321801,1.8801429988430463,1.8801649537793683,1.8802401484528006,1.880144063076656,1.8801730370597078,1.8801629485763116,1.8945204038301555
403,1.2651914602620702,0.017545927618410156,0.029873037012293935,11.376869210211797,2.012749800831192e-06,1.8801329980450276,1.880188970813494,1.880177240963042,1.8801374513095392,1.8801594220252948,1.880234641262904,1.8801385381388889,1.8801675238989022,1.8801574331735484,1.8945259097761775
404,1.2651947318920524,0.017545993247274426,0.03024833300150931,11.376806935243803,1.992979157808367e-06,1.8801275201695582,1.8801835490028787,1.8801718131197913,1.8801319582988958,1.880153944621286,1.8802291881365152,1.8801330674879664,1.8801620648925896,1.880151971952908,1.8945313616764623
405,1.2651979714009116,0.017546058230956153,0.030573764815926552,11.3767538093185,1.9733794420337206e-06,1.88012209619117,1.8801781804814792,1.8801664386348331,1.880126519340074,1.8801485210978077,1.8802237886050857,1.8801276506562037,1.880156659572043,1.8801465644447757,1.894536759997967
406,1.2652011790666362,0.017546122575099913,0.03049032692797482,11.376694199665398,1.9539516087697514e-06,1.880116725636329,1.8801728647864422,1.880161117041454,1.880121133959017,1.8801431509820827,1.8802184422001915,1.8801222871713457,1.8801513074663563,1.8801412101789976,1.8945421052086502
407,1.2652043551677357,0.01754618628539192,0.03088025003671646,11.376633497647505,1.9346966049016423e-06,1.8801114080295722,1.8801676014464614,1.8801558478683766,1.8801158016785684,1.880137833798138,1.8802131484503812,1.8801169765572592,1.8801460081019548,1.8801359086815244,1.8945473977838385
408,1.2652074999849119,0.017546249367546125,0.029616452986374497,11.376580354791784,1.915615368891117e-06,1.880106142893231,1.8801623899874003,1.8801506306422802,1.8801105220202365,1.8801325690697497,1.8802079068796977,1.8801117183394402,1.8801407610028436,1.880130659475931,1.8945526381967457
409,1.265210613800101,0.017546311827317796,0.03015873907133937,11.376513408605055,1.8967088307307e-06,1.8801009297467104,1.8801572299330191,1.8801454648869755,1.8801052945015173,1.8801273563155252,1.880202717009507,1.88010651203636,1.8801355656906913,1.8801254620826933,1.8945578269251953
410,1.265213696897358,0.017546373670477747,0.030715278815478086,11.376461214184298,1.8779779118983872e-06,1.8800957681069252,1.8801521208069374,1.8801403501245257,1.880100118638498,1.880122195052356,1.8801975783636677,1.880101357165045,1.8801304216833608,1.8801203160207094,1.8945629644488373
411,1.265216749561415,0.01754643490284029,0.030527692986652255,11.376414699587816,1.859423525312737e-06,1.880090657487855,1.8801470621277472,1.8801352858732239,1.8800949939443832,1.8801170847961073,1.8801924904568137,1.8800962532408312,1.8801253284975998,1.8801152208057175,1.894568051249259
412,1.2652197720791554,0.017546495530235733,0.03011832502670586,11.376344546375613,1.8410465752883771e-06,1.880085597401078,1.880142053415886,1.880130271650496,1.8800899199293803,1.8801120250580612,1.8801874528055538,1.8800911997758287,1.880120285647476,1.8801101759514292,1.8945730878125382
413,1.2652227647383805,0.017546555558527504,0.030063037993386388,11.376294419352899,1.822847957491922e-06,1.8800805873565012,1.8801370941856828,1.8801253069709531,1.8800848961012089,1.880107015348434,1.8801824649230268,1.8800861962800453,1.8801152926455302,1.8801051809692972,1.89457807462636
414,1.265225727828475,0.01754661499361477,0.03147530695423484,11.376239619506338,1.804828558898332e-06,1.8800756268612517,1.8801321839485672,1.8801203913460198,1.8800799219657085,1.8801020551741066,1.8801775263195704,1.8800812422612532,1.8801103489991366,1.880100235367973,1.8945830121817704
415,1.2652286616405841,0.01754667384142917,0.03071643691509962,11.376184427175195,1.7869892577476723e-06,1.8800707154185847,1.8801273222136303,1.8801155242856997,1.880074997026189,1.8800971440399212,1.880172636502526,1.8800763372248632,1.8801054542156634,1.8800953386535435,1.894587900968584
416,1.265231566467405,0.01754673210791919,0.031094497069716454,11.376137936599253,1.7693309235023125e-06,1.8800658525320708,1.8801225084886335,1.8801107052961563,1.8800701207839403,1.880092281448995,1.8801677949792455,1.8800714806741,1.8801006077987479,1.8800904903300657,1.894592741481789
417,1.265234442602493,0.017546789799070622,0.03077739500440657,11.37608712843596,1.7518544168045527e-06,1.8800610376998612,1.8801177422815571,1.88010593388282,1.8800652927365582,1.8800874669008538,1.8801630012508148,1.8800666721094839,1.8800958092506375,1.8800856898992246,1.894597534217786
418,1.2652372903412201,0.017546846920893346,0.0310403760522604,11.37603291424701,1.734560589434673e-06,1.880056270419778,1.8801130230949266,1.8801012095483185,1.8800605123798688,1.8800826998934634,1.880158254818264,1.8800619110288406,1.880091058071056,1.880080936860357,1.8946022796765356
419,1.2652401099801955,0.017546903479425943,0.030463238013908267,11.375981757858973,1.717450284269421e-06,1.8800515501881017,1.8801083504273954,1.880096531792563,1.880055779208481,1.8800779799225669,1.8801535551802269,1.8800571969284943,1.8800863537568746,1.8800762307100596,1.8946069783600028
420,1.2652429018174802,0.017546959480733385,0.03016819478943944,11.375925665744193,1.7005243352409323e-06,1.8800468764972016,1.880103723779423,1.8800919001137384,1.8800510927133842,1.8800733064814616,1.8801489018320938,1.8800525293020607,1.8800816958035578,1.88007157094281,1.894611630772117
421,1.265245666152371,0.017547014930910706,0.031053559854626656,11.375882624443603,1.6837835672960843e-06,1.880042248836405,1.8800991426485456,1.8800873140075012,1.8800464523836133,1.880068679061204,1.8801442942676727,1.8800479076403982,1.8800770837041911,1.880066957051201,1.8946162374183824
422,1.2652484032856512,0.01754706983607969,0.030951207038015127,11.375828112855444,1.6672287963562855e-06,1.8800376666940086,1.8800946065284545,1.8800827729680638,1.8800418577058113,1.8800640971497562,1.8801397319790258,1.880043331432511,1.8800725169492591,1.8800623885256145,1.894620798806636
423,1.2652511135193938,0.017547124202381473,0.03166855499148369,11.375779642818301,1.6508608292777214e-06,1.880033129557669,1.8800901149107,1.8800782764861936,1.8800373081657593,1.8800595602353123,1.8801352144554067,1.8800388001655863,1.8800679950266874,1.8800578648540947,1.8946253154482005
424,1.2652537971567308,0.017547178035991238,0.03096081200055778,11.375733234514202,1.63468046381201e-06,1.8800286369112942,1.8800856672854942,1.8800738240510946,1.8800328032452958,1.880055067800517,1.880130741184188,1.8800343133239454,1.880063517422544,1.8800533855226953,1.8946297878566807
425,1.265256454502502,0.017547231343111796,0.03169522015377879,11.375681537093659,1.6186884885673414e-06,1.8800241882356452,1.8800812631404453,1.8800694151495172,1.8800283424248554,1.88005061932694,1.8801263116516553,1.880029870390102,1.8800590836205284,1.880048950014406,1.8946342165466068
426,1.2652590858627362,0.01754728412996826,0.03071131114847958,11.375636815195534,1.602885682970026e-06,1.8800197830115162,1.8800769019588297,1.8800650492659001,1.8800239251838635,1.8800462142953076,1.8801219253387116,1.8800254708452961,1.8800546931026747,1.880044557810769,1.8946386020357813
427,1.265261691544783,0.017547336402807846,0.03075174684636295,11.375580899210314,1.5872728172265144e-06,1.880015420716712,1.8800725832249034,1.8800607258836415,1.8800195509981315,1.8800418521831028,1.8801175817283355,1.8800211141675638,1.8800503453487218,1.8800402083916834,1.894642944842382
428,1.2652642718569065,0.01754738816791186,0.03138699010014534,11.375542242265192,1.5718506522858574e-06,1.880011100825635,1.8800683064216661,1.8800564444829482,1.880015219340549,1.8800375324658865,1.8801132802984557,1.8800167998330457,1.8800460398355634,1.8800359012340158,1.8946472454875072
429,1.265266827109034,0.017547439431578507,0.03096800809726119,11.37549767938251,1.5566199398026138e-06,1.8800068228122668,1.8800640710267944,1.8800522045424721,1.8800109296842566,1.8800332546180722,1.8801090205253475,1.880012527315886,1.880041776039121,1.8800316358133449,1.8946515044953625
430,1.2652693576121115,0.017547490200135307,0.030666914070025086,11.375446118096,1.5415814221002266e-06,1.880002586148372,1.8800598765181258,1.8800480055386801,1.8800066814990812,1.8800290181109416,1.8801048018825892,1.8800082960891327,1.8800375534322395,1.88002741160237,1.894655722390841
431,1.2652718636783358,0.017547540479925496,0.0310781579464674,11.37539767776173,1.5267358321348285e-06,1.8799983903031354,1.880055722372154,1.8800438469470113,1.8800024742528687,1.8800248224144327,1.880100623843974,1.8800041056222312,1.8800333714874637,1.880023228073099,1.8946598997015025
432,1.2652743456208326,0.017547590277325015,0.03170615015551448,11.37535482989398,1.5120838934595347e-06,1.8799942347443142,1.880051608061589,1.880039728240405,1.8799983074104212,1.8800206669957735,1.8800964858804181,1.8799999553827718,1.8800292296742278,1.8800190846941882,1.8946640369576482
433,1.2652768037542927,0.017547639598729067,0.031359481858089566,11.375305568687226,1.4976263201891611e-06,1.8799901189376866,1.880047533056833,1.8800356488896977,1.8799941804371338,1.8800165513205385,1.8800923874610156,1.8799958448375491,1.880025127460547,1.880014980933296,1.8946681346894747
434,1.2652792383943599,0.01754768845055955,0.030839339131489396,11.375263659269491,1.4833638169654358e-06,1.879986042345482,1.8800434968300388,1.880031608363723,1.8799900927939979,1.8800124748525076,1.880088328051393,1.8799917734503295,1.8800210643117425,1.8800109162558145,1.8946721934309672
435,1.2652816498579298,0.017547736839267858,0.030640708981081843,11.3752191606292,1.469297078922643e-06,1.879982004429294,1.8800394988462723,1.8800276061289174,1.87998604394143,1.8800084370537973,1.8800843071146105,1.8799877406844334,1.8800170396917426,1.8800068901246785,1.8946762137156943
436,1.265284038463402,0.017547784771313028,0.031222998863086104,11.375174856615532,1.4554267916537485e-06,1.8799780046487775,1.880035538572922,1.8800236416515117,1.879982033337558,1.8800044373842526,1.8800803241156034,1.8799837459998288,1.880013053062397,1.8800029020022748,1.8946801960808268
437,1.2652864045295376,0.017547832253182398,0.03087306907400489,11.375129531773375,1.4417536311769883e-06,1.8799740424626032,1.8800316154742571,1.880019714393948,1.8799780604385896,1.8800004753014936,1.8800763785159738,1.8799797888548886,1.8800091038832514,1.8799989513479822,1.8946841410668582
438,1.265288748376582,0.017547879291388572,0.02980621508322656,11.375090984155957,1.428278263902912e-06,1.8799701173277557,1.8800277290103595,1.880015823816809,1.8799741246998796,1.8799965502625802,1.8800724697737259,1.8799758687073584,1.8800051916132552,1.8799950376194339,1.8946880492132985
439,1.2652910703259197,0.017547925892462714,0.030732739018276334,11.375046784229738,1.4150013466019114e-06,1.8799662286979224,1.8800238786428178,1.8800119693808455,1.8799702255738377,1.8799926617213019,1.8800685973470834,1.8799719850113035,1.8800013157085376,1.879991160272988,1.8946919210628947
440,1.2652933706999216,0.017547972062961974,0.030397590016946197,11.37499835590195,1.401923526372203e-06,1.8799623760243562,1.8800200638308573,1.88000815054347,1.8799663625109184,1.879988809130187,1.880064760691374,1.8799681372197878,1.8799974756239142,1.8799873187629572,1.894695757159959
441,1.26529564982219,0.01754801780945873,0.030706095974892378,11.374955387595557,1.3890454406082965e-06,1.8799585587586691,1.880016284031193,1.880004366761125,1.8799625349610185,1.87998499194075,1.8800609592599022,1.8799643247848574,1.879993670812301,1.8799835125418727,1.8946995580498043
442,1.2652979080171003,0.01754806313854955,0.029889484867453575,11.374919443269228,1.3763677169699216e-06,1.879954776350176,1.8800125386965059,1.8800006174877482,1.8799587423719502,1.8799812096027742,1.8800571925045164,1.8799605471568142,1.879989900724076,1.8799797410609453,1.8947033242818185
443,1.2653001456102866,0.017548108056855076,0.029901572037488222,11.374879933859683,1.3638909733514451e-06,1.8799510282447602,1.8800088272818898,1.8799969021764196,1.8799549841886252,1.8799774615629592,1.8800534598750935,1.879956803783657,1.8799861648088325,1.879976003769019,1.8947070564045414
444,1.2653023629285043,0.01754815257100642,0.031188528053462505,11.374839896465508,1.3516158178517484e-06,1.879947313888746,1.880005149240188,1.8799932202786593,1.8799512598555388,1.8799737472674962,1.880049760821127,1.8799530941116442,1.8799824625148611,1.8799723001141053,1.894710754968061
445,1.2653045602989552,0.01754819668765802,0.030124017037451267,11.37480539086644,1.3395428487445914e-06,1.879943632726556,1.8800015040224516,1.8799895712435915,1.8799475688147573,1.8799700661600307,1.8800460947912903,1.8799494175842117,1.879978793287843,1.8799686295417934,1.8947144205267608
446,1.2653067380501237,0.017548240413486405,0.029620104003697634,11.374757097165446,1.3276726544494572e-06,1.879939984200758,1.879997891075199,1.8799859545194453,1.8799439105079387,1.8799664176834319,1.880042461229261,1.8799457736462781,1.8799751565727556,1.8799649914966525,1.894718053634317
447,1.2653088965115318,0.01754828375518928,0.029732649214565754,11.374721729399024,1.3160058135028686e-06,1.8799363677519298,1.8799943098452625,1.879982369551928,1.8799402843738433,1.8799628012789853,1.8800388595786568,1.8799421617393133,1.8799715518124223,1.8799613854207164,1.8947216548471515
448,1.265311036013774,0.017548326719478223,0.029635641956701875,11.374676519066885,1.3045428945301953e-06,1.8799327828197336,1.8799907597783259,1.8799788157858002,1.8799366898504455,1.879959216385888,1.8800352892826304,1.8799385813035416,1.879967978448175,1.8799578107554813,1.8947252247221071
449,1.265313156888139,0.017548369313077333,0.0296732010319829,11.374642703195342,1.2932844562179345e-06,1.8799292288424587,1.8799872403194133,1.8799752926647988,1.8799331263741537,1.8799556624426603,1.8800317497826775,1.8799350317769694,1.87996443592023,1.8799542669409905,1.8947287638195767
450,1.2653152594665074,0.017548411542749522,0.030669118044897914,11.374607213328567,1.2822310472864884e-06,1.879925705256348,1.8799837509078112,1.8799717996290148,1.8799295933795666,1.8799521388856009,1.8800282405158744,1.8799315125971086,1.879960923666103,1.8799507534145794,1.894732272699884
451,1.2653173440826668,0.01754845341525892,0.030522648943588138,11.374570471115632,1.2713832064634127e-06,1.8799222114959597,1.8799802909840457,1.8799683361197763,1.8799260902999297,1.879948645149517,1.880024760920602,1.8799280231997428,1.8799574411232722,1.87994726961363,1.8947357519253831
452,1.2653194110705355,0.01754849493738757,0.03050505113787949,11.374531677367752,1.2607414624571648e-06,1.8799187469943481,1.87997685999027,1.8799649015764015,1.879922616566533,1.8799451806676093,1.880021310434488,1.8799245630186232,1.8799539877274603,1.8799438149732457,1.894739202058507
453,1.2653214607647947,0.017548536115935598,0.031147695146501064,11.374489351999864,1.2503063339313353e-06,1.8799153111836722,1.8799734573660813,1.8799614954363115,1.879919171609577,1.8799417448719438,1.8800178884913312,1.8799211314860464,1.879950562912991,1.8799403889271034,1.8947426236654281
454,1.265323493501081,0.017548576957725843,0.03089556796476245,11.37445257521252,1.240078329479367e-06,1.8799119034944327,1.8799700825457626,1.8799581171351685,1.8799157548585177,1.8799383371937342,1.880014494524566,1.8799177280343813,1.8799471661121077,1.8799369909076213,1.89474601731144
455,1.265325509616148,0.017548617469591708,0.03129088715650141,11.374419018897438,1.2300579475997657e-06,1.8799085233559618,1.8799667349660216,1.8799547661074694,1.8799123657402421,1.87993495706178,1.8800111279672187,1.8799143520932862,1.8799437967562374,1.8799336203457022,1.8947493835650548
456,1.2653275094473306,0.01754865765838625,0.02979613607749343,11.374379148518011,1.2202456766718096e-06,1.8799051701957825,1.8799634140608155,1.8799514417870966,1.8799090036814459,1.87993160390413,1.8800077882499986,1.879911003091227,1.8799404542753213,1.879930276671208,1.8947527229939494
457,1.2653294933327637,0.017548697530980362,0.030780592001974583,11.374343399464241,1.2106419949317388e-06,1.8799018434402313,1.8799601192615656,1.8799481436055807,1.8799056681070492,1.8799282771471952,1.8800044748017335,1.8799076804554642,1.8799371380976189,1.8799269593120154,1.894756036170401
458,1.2653314616116962,0.0175487370942557,0.03016395610757172,11.374306561570698,1.2012473704494538e-06,1.8798985425147803,1.879956849999783,1.8799448709935955,1.879902358441237,1.879924976216546,1.8800011870502895,1.8799043836121812,1.8799338476506364,1.8799236676956592,1.8947593236657665
459,1.2653334146237876,0.017548776355111713,0.03099355800077319,11.374268800253496,1.1920622611056974e-06,1.8798952668433584,1.8799536057062127,1.8799416233803141,1.879899074105788,1.8799217005363182,1.879997924422797,1.8799011119861377,1.879930582360377,1.8799204012481907,1.8947625860524004
460,1.2653353527095417,0.017548815320460962,0.03044301806949079,11.374235975967673,1.1830871145697413e-06,1.879892015849327,1.8799503858081603,1.8799384001943,1.8798958145224556,1.8799184495299668,1.879994686344149,1.8798978650017688,1.8799273416512892,1.8799171593943111,1.8947658239048597
461,1.265337276210216,0.017548853997232248,0.03189746383577585,11.3741984665151,1.174322368277565e-06,1.879888788953781,1.8799471897352955,1.8799352008621955,1.8798925791110526,1.8799152226184228,1.8799914722390136,1.879894642080438,1.8799241249474894,1.879913941557042,1.8947690377984403
462,1.265339185467738,0.01754889239236689,0.030469550052657723,11.374166976017682,1.1657684494105386e-06,1.87988558557671,1.8799440169139316,1.879932024810265,1.8798893672901433,1.8799120192225498,1.8799882815308169,1.8798914426436706,1.8799209316719143,1.8799107471588044,1.8947722283094082
463,1.2653410808247325,0.017548930512817622,0.030443655094131827,11.374133611828166,1.1574257748745992e-06,1.8798824051382534,1.879940866769397,1.8799288714628557,1.879886178477631,1.879908838762047,1.8799851136420236,1.8798882661115566,1.8799177612455964,1.8799075756207495,1.8947753960164533
464,1.2653429626244699,0.017548968365556746,0.03172420314513147,11.374094026237753,1.1492947512799328e-06,1.8798792470571777,1.8799377387241665,1.8799257402439031,1.8798830120896637,1.8799056806547683,1.8799819679936507,1.879885111903014,1.8799146130887359,1.879904426362824,1.8947785414981533
465,1.2653448312110456,0.01754900595755962,0.031009923899546266,11.374060742280522,1.1413757749211606e-06,1.8798761107499942,1.8799346322044217,1.8799226305767383,1.8798798675422015,1.87990254431783,1.8799788440060248,1.8798819794361101,1.8799114866212092,1.8799012988043864,1.8947816653338012
466,1.265346686928741,0.017549043295824747,0.03190535493195057,11.374026685659004,1.1336692317580158e-06,1.8798729956318745,1.8799315466327262,1.879919541882658,1.8798767442489208,1.8798994291671556,1.8799757410981761,1.879878868127135,1.8799083812608663,1.8798981923628737,1.894784768104869
467,1.2653485301229894,0.017549080387360826,0.030597785022109747,11.373991525547389,1.1261754973965417e-06,1.8798699011175621,1.8799284814290993,1.8799164735820355,1.8798736416237312,1.8798963346182513,1.8799726586869407,1.8798757773929025,1.8799052964246385,1.879895106455322,1.89478785039323
468,1.2653503611397683,0.017549117239189685,0.03146200207993388,11.373958100405503,1.1188949370707787e-06,1.8798668266226002,1.8799254360127853,1.879913425093769,1.8798705590789926,1.879893260085086,1.8799695961887015,1.8798727066472962,1.8799022315283247,1.879892040497308,1.8947909127820568
469,1.2653521803256755,0.017549153858344962,0.030455976957455277,11.37393135558491,1.1118279056249653e-06,1.8798637715592332,1.879922409802141,1.8799103958362728,1.879867496026109,1.8798902049809556,1.8799665530190006,1.879869655304571,1.8798991859872642,1.8798889939037873,1.8947939558551858
470,1.2653539880278515,0.01754919025186635,0.030771143035963178,11.373896296659654,1.1049747474962444e-06,1.879860735339563,1.8799194022158798,1.8799073852270531,1.8798644518756726,1.879887168717984,1.879963528593347,1.8798666227775755,1.8798961592159704,1.8798859660888532,1.8947969801981346
471,1.265355784593861,0.01754922642680315,0.030462893890216947,11.373858184530123,1.0983357966978744e-06,1.8798577173760067,1.8799164126712753,1.8799043926826897,1.879861426037714,1.879884150707405,1.8799605223261677,1.879863608478316,1.8798931506276053,1.8798829564654345,1.8947999863977967
472,1.265357570371718,0.01754926239022353,0.03039223304949701,11.37382458933981,1.0919113768029524e-06,1.879854717077933,1.8799134405851532,1.8799014176191644,1.8798584179209379,1.8798811503600117,1.8799575336298864,1.8798606118177839,1.87989015963453,1.8798799644455866,1.894802975039304
473,1.2653593457101469,0.017549298149203644,0.029630939941853285,11.373797347046064,1.085701800928638e-06,1.8798517338547285,1.8799104853721167,1.8798984594510855,1.879855426932867,1.8798781670850842,1.8799545619167206,1.8798576322071552,1.879887185647983,1.879876989440362,1.8948059467110214
474,1.2653611109585716,0.017549333710824865,0.030343591002747416,11.373768095160175,1.0797073717209012e-06,1.879848767115683,1.8799075464477533,1.8798955175927619,1.8798524524808053,1.8798752002913501,1.8799516065986344,1.8798546690549465,1.8798842280787675,1.8798740308606785,1.8948089020013044
475,1.2653628664664454,0.017549369082180806,0.03039387008175254,11.373731798502988,1.0739283813397635e-06,1.8798458162682512,1.8799046232269596,1.8798925914577367,1.8798494939703474,1.879872249386336,1.8799486670862278,1.879851721769842,1.8798812863364776,1.879871088115812,1.8948118415008741
476,1.2653646125839753,0.017549404270378044,0.030779778957366943,11.37369811407119,1.068365111445064e-06,1.879842880718921,1.879901715122159,1.8798896804584118,1.8798465508071251,1.879869313777097,1.8799457427891284,1.8798487897596106,1.8798783598305315,1.8798681606150718,1.89481476579899
477,1.2653663496619636,0.017549439282527408,0.030456149950623512,11.373666105926109,1.0630178331827277e-06,1.8798399598743794,1.8798988215464745,1.8798867840063958,1.8798436223962478,1.87986639287003,1.8799428331160395,1.8798458724313172,1.8798754479692825,1.879865247766412,1.89481767548705
478,1.2653680780514092,0.017549474125752453,0.031124192057177424,11.373633523235306,1.0578868071715544e-06,1.8798370531403765,1.8798959419098364,1.8798839015130908,1.879840708141408,1.8798634860711512,1.879939937475184,1.879842969191582,1.8798725501604503,1.879862348977281,1.8948205711563875
479,1.2653697981039393,0.017549508807180623,0.02991664200089872,11.373604766096785,1.0529722834905124e-06,1.8798341599222115,1.879893075624084,1.8798810323880082,1.8798378074463324,1.879860592785883,1.8799370552740193,1.879840079446356,1.87986966581111,1.8798594636544785,1.8948234533993749
480,1.2653715101713743,0.017549543333952203,0.031177496071904898,11.373565635798606,1.0482745016665526e-06,1.8798312796241532,1.8798902220991023,1.8798781760410799,1.8798349197137019,1.8798577124181113,1.8799341859186873,1.8798372026005914,1.8798667943273868,1.8798565912039207,1.8948263228092104
481,1.265373214606213,0.017549577713210442,0.030543897999450564,11.373545440555286,1.0437936906629338e-06,1.8798284116490154,1.8798873807456382,1.8798753318814816,1.8798320443453385,1.8798548443720011,1.8799313288166644,1.8798343380589262,1.8798639351153545,1.8798537310311827,1.8948291799787131
482,1.2653749117610091,0.017549611952109103,0.03079737303778529,11.373511075350022,1.039530068868062e-06,1.8798255554009418,1.8798845509724753,1.879872499317307,1.8798291807425993,1.8798519880504405,1.8799284833730032,1.8798314852251816,1.8798610875794637,1.8798508825409004,1.8948320255025508
483,1.265376601988858,0.017549646057807913,0.03119527897797525,11.373484773925776,1.0354838440848502e-06,1.879822710282693,1.8798817321868317,1.8798696777561044,1.8798263283069658,1.8798491428561492,1.879925648992744,1.8798286435025917,1.8798582511244992,1.8798480451374033,1.8948348599759273
484,1.2653782856432523,0.01754968003747718,0.030030054971575737,11.373448087567334,1.0316552135205838e-06,1.8798198756958011,1.879878923795804,1.879866866605349,1.879823486438718,1.8798463081907544,1.879922825080221,1.8798258122939786,1.8798554251542943,1.879845218224541,1.8948376839932763
485,1.2653799630780915,0.017549713898287942,0.02995123411528766,11.373424903564356,1.0280443637773162e-06,1.8798170510417516,1.8798761252076908,1.8798640652719445,1.879820654537343,1.879843483455933,1.879920011039044,1.8798229910011075,1.8798526090727792,1.8798424012055661,1.8948404981509859
486,1.265381634647413,0.01754974764741825,0.030415424844250083,11.373388675583021,1.02465147084277e-06,1.8798142357217829,1.879873335828691,1.8798612731615332,1.8798178320028187,1.8798406680528634,1.879917206273271,1.8798201790262241,1.8798498022823837,1.8798395934830623,1.8948433030457403
487,1.2653833007055237,0.017549781292049454,0.03082012082450092,11.373359785612786,1.0214767000817597e-06,1.8798114291359163,1.8798705550656813,1.8798584896809256,1.8798150182340785,1.8798378613821283,1.8799144101865561,1.8798173757706347,1.879847004186092,1.879836794459615,1.8948460992739748
488,1.2653849616069033,0.017549814839367225,0.03170680394396186,11.373324396757804,1.0185202062281336e-06,1.879808630684831,1.8798677823259564,1.8798557142355468,1.8798122126292398,1.879835062843836,1.8799116221811374,1.8798145806353432,1.8798442141860952,1.8798340035372731,1.8948488874336866
489,1.2653866177063302,0.01754984829657094,0.03014159807935357,11.373296831040255,1.0157821333772303e-06,1.8798058397681583,1.8798650170135025,1.8798529462293994,1.8798094145868702,1.879832271837874,1.879908841658962,1.8798117930207414,1.879841431683562,1.8798312201170557,1.8948516681224312
490,1.2653882693591492,0.01754988167085615,0.0313395771663636,11.373267809948647,1.013262614978859e-06,1.8798030557855105,1.8798622585339901,1.8798501850675542,1.8798066235046877,1.8798294877635124,1.8799060680221287,1.8798090123271358,1.8798386560800124,1.8798284436003132,1.894854441938325
491,1.2653899169205893,0.017549914969425064,0.03127081994898617,11.373232813301613,1.0109617738307905e-06,1.8798002781360421,1.8798595062919914,1.879847430154082,1.8798038387801481,1.879826710019806,1.879903300672621,1.8798062379542138,1.8798358867764298,1.8798256733875185,1.8948572094803338
492,1.2653915607461734,0.017549948199481403,0.030720795039087534,11.373208276503457,1.0088797220727778e-06,1.8797975062184438,1.8798567596933626,1.8798446808934701,1.879801059810513,1.879823938005549,1.8799005390118069,1.8798034693014056,1.8798331231737324,1.879822908879336,1.8948599713462975
493,1.2653932011914688,0.017549981368236593,0.03141662199050188,11.373172238452401,1.0070165611810854e-06,1.8797947394313197,1.879854018141371,1.8798419366887271,1.8797982859931346,1.8798211711197166,1.879897782439587,1.8798007057682278,1.8798303646725647,1.8798201494760738,1.8948627281350023
494,1.2653948386124578,0.017550014482906027,0.03149960399605334,11.373146842831632,1.005372381963547e-06,1.879791977172682,1.8798512810394894,1.8798391969426225,1.8797955167244103,1.879818408760218,1.8798950303568664,1.8797979467534134,1.8798276106724898,1.8798173945776349,1.8948654804465657
495,1.2653964733654146,0.017550047550703576,0.0313847700599581,11.373117518771314,1.0039472645551373e-06,1.8797892188406464,1.8798485477917102,1.8798364610591332,1.8797927514006654,1.8798156503249113,1.8798922821641983,1.8797951916555067,1.8798248605737466,1.8798146435836576,1.8948682288805074
496,1.2653981058063495,0.017550080578843674,0.031281422823667526,11.37308456624122,1.002741278414069e-06,1.8797864638331043,1.8798458178022865,1.8798337284410696,1.8797899894182417,1.879812895211998,1.8798895372619315,1.8797924398736237,1.879822113775835,1.8798118958938945,1.8948709740371203
497,1.2653997362914975,0.017550113574548356,0.03129079891368747,11.373064221104256,1.0017544823184053e-06,1.879783711548524,1.8798430904731003,1.879830998490972,1.8797872301736795,1.87981014281929,1.8798867950497662,1.8797896908060767,1.8798193696783945,1.879809150907558,1.8948737165156018
498,1.2654013651773373,0.017550146545032737,0.03161483001895249,11.373029098978787,1.0009869243631953e-06,1.8797809613838277,1.8798403652096571,1.879828270612359,1.8797844730626814,1.8798073925443803,1.879884054928355,1.8797869438513881,1.8798166276814583,1.8798064080240695,1.8948764569163263
499,1.2654029928200938,0.017550179497521638,0.030874632066115737,11.372996642765655,1.000438641958131e-06,1.879778212736633,1.8798376414141977,1.8798255442074332,1.8797817174810698,1.8798046437845743,1.8798813162976966,1.8797841984075887,1.879813887183874,1.8798036666427167,1.8948791958396103
500,1.2654046195763093,0.017550212439242402,0.0323333281558007,11.372961562909806,1.0001096618257237e-06,1.8797754650037548,1.8798349184894765,1.8798228186781243,1.8797789628245958,1.8798018959372356,1.8798785785565384,1.879781453872643,1.879811147585023,1.8798009261621746,1.8948819338862117
