C,rho,gamma,eta
925.0838451570555,0.9594635181294513,1.1506852924751254,-6.12396943593053e-20
