C,rho,gamma,eta
925.0838451570525,0.9594635181294503,1.150685292475119,-6.121419147552849e-20
