C,rho,gamma,eta
3603.777259472576,0.9300819962967848,2.4887433467247018,1.094861063248886
