C,rho,gamma,eta
3603.777259472567,0.9300819962967848,2.4887433467246995,1.0948610632488829
