iteration,training_loss,validation_loss,iter_time,raw_grad_norm,lr,t0,t1,t2,t3,t4,t5,t6,t7,t8,t9,t10,t11,t12
0,3.2248448618849768,0.008823653685642587,0.2218346670269966,,,1.2500000000000002,1.2500000000000002,1.2500000000000002,1.2500000000000002,1.2500000000000002,1.2500000000000002,1.2500000000000002,1.2500000000000002,1.2500000000000002,1.2500000000000002,1.2500000000000002,1.2500000000000002,1.2500000000000002
1,3.2248448618849768,0.008823663874128328,0.49918650003382936,42.72708740722894,9.999999999999972e-07,1.2500022360695275,1.2499977639322875,1.2499977639322994,1.2500022360696943,1.2499977639322681,1.2500022360697098,1.2499977639322906,1.2499977639323838,1.249997763932293,1.2500022360696925,1.2499977639323159,1.2499977639323456,1.2499977639322821
2,3.224846305727169,0.0088236942357056,0.34121762501308694,42.72682786843131,2.980000000000002e-06,1.2500088995637937,1.2499911004649544,1.2499911004662214,1.250008899564609,1.2499911004659072,1.250008899567527,1.249991100466476,1.2499911004679116,1.2499911004661644,1.2500088995659153,1.2499911004644177,1.249991100466068,1.249991100464848
3,3.2248506083531865,0.008823744770164996,0.017924333980772644,42.72608219676946,4.960000000000007e-06,1.2500199905240177,1.2499800096121574,1.249980009626256,1.2500199905271119,1.2499800096202653,1.2500199905572933,1.2499800096264513,1.2499800096363847,1.249980009622951,1.2500199905416318,1.2499800096052873,1.2499800096261668,1.249980009609229
4,3.224857769709214,0.008823815476886042,0.01767833303892985,42.72485546568955,6.939999999999998e-06,1.2500355089378914,1.2499644914513064,1.249964491517684,1.2500355089576918,1.2499644914874068,1.2500355090974908,1.249964491512266,1.2499644915637869,1.2499644914982426,1.25003550903206,1.2499644914275136,1.2499644915219479,1.249964491437529
5,3.224867789669544,0.008823906355294214,0.017647249973379076,42.72312649517654,8.919999999999989e-06,1.2500554548417104,1.2499445460230592,1.249944546235897,1.2500554549049478,1.249944546134586,1.250055455347166,1.249944546211467,1.2499445463801777,1.2499445461686565,1.2500554551467287,1.2499445459489402,1.2499445462388492,1.2499445459786018
6,3.224880668097438,0.008824017404621829,0.017708875006064773,42.72089932848748,1.0899999999999994e-05,1.2500798282608625,1.249920173372182,1.2499201739111048,1.2500798284121448,1.249920173653404,1.250079829529298,1.249920173845278,1.2499201742732824,1.2499201737382186,1.250079829027632,1.2499201731887262,1.2499201739153145,1.249920173260353
7,3.2248964048147064,0.008824148623780653,0.017973166948650032,42.718174145153206,1.2879999999999999e-05,1.250108629164957,1.2498913735791912,1.2498913747529743,1.2501086294718469,1.249891374192353,1.2501086319053307,1.2498913746089662,1.2498913755349508,1.2498913743754523,1.2501086308155713,1.2498913731813655,1.2498913747583555,1.24989137333776
8,3.22491499958292,0.008824300011584808,0.017603375017642975,42.71496764708124,1.4860000000000003e-05,1.250141857481781,1.2498581467099423,1.2498581490052958,1.2501418580751251,1.2498581479081916,1.2501418628328977,1.2498581487230322,1.2498581505278807,1.2498581482660922,1.25014186070471,1.249858145930675,1.2498581490024212,1.249858146238018
9,3.224936452135526,0.00882447156666322,0.017704666999634355,42.7112626583404,1.6840000000000008e-05,1.2501795131058822,1.2498204928224577,1.2498204969628302,1.2501795141794745,1.2498204949824876,1.2501795227623678,1.2498204964525779,1.249820499700133,1.2498204956276608,1.2501795189255294,1.2498204914163231,1.2498204969412143,1.2498204919711693
10,3.224960762166188,0.008824663287447623,0.017598124977666885,42.70707139557442,1.8819999999999986e-05,1.2502215958951068,1.2497784119644015,1.2497784189777443,1.2502215977024163,1.2497784156217122,1.2502216122408465,1.2497784181092058,1.2497784235999005,1.24977841671153,1.2502216057476523,1.249778409591785,1.2497784189287875,1.2497784105246341
11,3.2249879293254367,0.008824875172201409,0.01777941599721089,42.70238050429867,2.079999999999999e-05,1.2502681056459144,1.2497319041754564,1.2497319154635573,1.2502681085231806,1.2497319100572821,1.250268131920496,1.2497319140621423,1.2497319228851382,1.249731911810913,1.2502681214731055,1.2497319003524803,1.2497319153743183,1.249731901857392
12,3.225017953222229,0.008825107219124597,0.017749416001606733,42.697196164873375,2.2779999999999995e-05,1.2503190420681938,1.2496809694622413,1.249680986874412,1.2503190464880862,1.2496809785297074,1.2503190825886588,1.2496809847127444,1.24968099831168,1.249680981235505,1.2503190664679649,1.249680963549528,1.2496809867231518,1.2496809658795072
13,3.225050833449236,0.008825359426075482,0.017819874978158623,42.69151511640596,2.476e-05,1.25037440479618,1.249625607831177,1.249625633758099,1.250374411350286,1.2496256213376342,1.2503744651258222,1.2496256305465325,1.2496256507858785,1.2496256253616016,1.2503744411136475,1.249625599030594,1.249625633519732,1.2496256024966979
14,3.2250865695353514,0.008825631790716148,0.01752608298556879,42.6853541737127,2.6740000000000005e-05,1.2504341933613996,1.2495658192754913,1.2495658567509265,1.25043420279743,1.2495658388048427,1.2504342805395914,1.249565852117136,1.249565881361309,1.2495658446132845,1.2504342458287125,1.2495658065730983,1.2495658563906273,1.249565811572034
15,3.2251251609666003,0.008825924310733198,0.017782957991585135,42.678699812104014,2.8719999999999996e-05,1.250498407205134,1.2495016037351512,1.2495016565244579,1.2504984204816845,1.2495016312481984,1.250498530008521,1.2495016500071852,1.249501691183135,1.24950163942543,1.250498481105891,1.2495015858512786,1.2495016560114194,1.2495015928884137
16,3.2251666072245335,0.008826236983598785,0.01751116698142141,42.67154525420453,3.07e-05,1.2505670457266063,1.2494329611033845,1.2494330338194997,1.2505670639792186,1.2494329990106894,1.2505672148574458,1.2494330248556158,1.2494330815505441,1.2494330102668059,1.2505671474971416,1.2494329364978705,1.2494330331124663,1.249432946179004
17,3.225210907741576,0.008826569806492192,0.017463833035435528,42.66391179016832,3.2680000000000006e-05,1.2506401081508887,1.2493598912933574,1.2493599894937635,1.2506401327507333,1.2493599424933224,1.2506403365245575,1.2493599774040764,1.2493600539466236,1.2493599576889003,1.2506402455594736,1.249359858090625,1.2493599885482103,1.2493598711552614
18,3.225258061898667,0.008826922776499466,0.01759012503316626,42.65578328110119,3.466000000000001e-05,1.250717593602504,1.2492823941621345,1.2492825244721182,1.2507176261874609,1.2492824621069227,1.2507178966275523,1.249282508449067,1.2492826099977565,1.2492824822718533,1.2507177759170123,1.2492823501337595,1.2492825232178062,1.2492823674526803
19,3.2253080690503313,0.008827295890587186,0.017777999979443848,42.647169602115866,3.664e-05,1.2507995010696988,1.2492004695244991,1.2492006397659043,1.250799543588822,1.2492005582884862,1.2507998969428775,1.2492006188544813,1.2492007514914685,1.2492005846347423,1.2507997392445025,1.249200412036043,1.2492006381076042,1.2492004346473278
20,3.225360928525964,0.008827689145487948,0.017515167011879385,42.63805717634374,3.8620000000000006e-05,1.2508858294459113,1.2491141171518891,1.2491143364629187,1.250885884167959,1.2491142315013628,1.2508863394179464,1.2491143095486748,1.2491144803918353,1.2491142654434397,1.2508861362733346,1.2491140431480734,1.2491143343032107,1.2491140722510865
21,3.2254166396069404,0.008828102537784861,0.01744783401954919,42.62846758184492,4.0600000000000004e-05,1.2509765774823352,1.249023336780611,1.2490236157468262,1.2509766470296535,1.2490234822349755,1.2509772261692738,1.2490235815415869,1.249023798826352,1.2490235254119468,1.2509769677728855,1.249023242721017,1.2490236130074486,1.2490232797053493
22,3.2254752015450494,0.008828536063944466,0.017544041969813406,42.61837547158196,4.2579999999999996e-05,1.2510717438550973,1.2489281280956064,1.2489284788832535,1.2510718311789752,1.248928311005211,1.2510725594867058,1.2489284359202668,1.2489287090970191,1.248928365302686,1.2510722345654839,1.2489280099107825,1.2489284754140162,1.2489280563867216
23,3.225536613551128,0.008828989720319817,0.01736708398675546,42.60781474288907,4.4559999999999993e-05,1.2511713269543765,1.2488284907581757,1.2488289272352122,1.2511714355185974,1.248828718345774,1.251172341849414,1.2488288738398516,1.2488292136949308,1.2488287859208547,1.251171937541729,1.2488283437913226,1.248828922882408,1.248828401589842
24,3.2256008748309015,0.008829463503024064,0.017559500003699213,42.59675082676484,4.654e-05,1.2512753251923727,1.2487244243445677,1.2487249622429313,1.251275458848266,1.2487247048176129,1.2512765759193554,1.248724896525578,1.248725315282428,1.248724788106385,1.251276077653608,1.2487242433525767,1.248724956834107,1.2487243145360991
25,3.2256679845273974,0.00882995740794077,0.01716916699660942,42.585212895947265,4.8519999999999996e-05,1.2513837367271468,1.248615928426163,1.248616585485482,1.2513838998115672,1.2486162710404263,1.2513852645105512,1.2486165053067257,1.2486170167590078,1.2486163727885469,1.2513846558629493,1.2486157075237445,1.248616578796918,1.2486157944078802
26,3.2257379417484286,0.008830471430892899,0.017216041975189,42.573180011929395,5.05e-05,1.2514965596508139,1.2485030024914792,1.248503798600162,1.2514967569748228,1.2485034176279601,1.2514984106554525,1.248503701576816,1.2485043211691051,1.2485035409193281,1.251497673201732,1.2485027350801503,1.2485037904013028,1.2485028402715994
27,3.22581074557654,0.008831005567552437,0.017611749994102865,42.56067184830806,5.2480000000000006e-05,1.25161379180179,1.248385646005345,1.2483866033367128,1.251614028776669,1.2483861452285525,1.251616017571585,1.2483864868100036,1.248387231754417,1.2483862934970062,1.2516151307732746,1.2483853247541938,1.2483865933600788,1.2483854511291574
28,3.2258863950744505,0.00883155981345054,0.01745495799696073,42.547678404886824,5.4460000000000004e-05,1.2517354309112956,1.2482638583616474,1.2482650015337242,1.2517357135340137,1.2482644545090966,1.2517380886689602,1.2482648625572432,1.2482657519552487,1.2482646315681103,1.2517370297352433,1.2482634751526132,1.2482649894930604,1.248263625893809
29,3.2259648892715456,0.008832134163875929,0.01726041699294001,42.53419496936829,5.644000000000001e-05,1.2518614745914813,1.2481376389094097,1.248138995113542,1.251861809448892,1.24813834617994,1.251864627540401,1.248138830456811,1.2481398854229302,1.2481385562414828,1.251863371278497,1.2481371847933338,1.2481389807254994,1.248137363417501
30,3.226046227148657,0.008832728614004475,0.017557249986566603,42.520235034750236,5.842e-05,1.2519919202504373,1.2480069869448343,1.2480085861109358,1.2519923145908698,1.248007820969606,1.2519956379760036,1.2480083922301874,1.248009635999508,1.2480080686721755,1.2519941566594608,1.2480064521097711,1.248008569082069,1.2480066624636907
31,3.2261304076677804,0.008833343159048929,0.017421416996512562,42.505785032037714,6.04e-05,1.2521267650949326,1.2478719017137399,1.2478737766537034,1.2521272269287336,1.2478728796252272,1.2521311239709974,1.2478735496854036,1.247875007682627,1.247873170055182,1.252129387181933,1.2478712753882983,1.2478737566159237,1.2478715217066136
32,3.2262174297865664,0.008833977793805372,0.01728733303025365,42.49086343319323,6.238000000000001e-05,1.2522660062777426,1.2477323824027806,1.2477345689757267,1.2522665442580887,1.2477335229372817,1.252271089692561,1.247734304697575,1.2477360047221882,1.2477338616431601,1.2522690642206729,1.2477316529025264,1.2477345455323814,1.2477319397611841
33,3.226307292391716,0.008834632512940222,0.01752929197391495,42.47546023736821,6.436e-05,1.2524096407455387,1.247588428167492,1.2475909654145556,1.2524102642503434,1.2475897517307302,1.252415539498456,1.247590659267037,1.247592631567358,1.2475901447605537,1.2524131891501809,1.2475875827806704,1.2475909381598607,1.2475879151671532
34,3.2263999943405226,0.008835307311304972,0.01741274999221787,42.45957976783482,6.634e-05,1.2525576652525758,1.2474400380602324,1.2474429683822246,1.252558384498725,1.247441566808623,1.252564477985442,1.247442615420087,1.2474448928345097,1.247442020730969,1.2525617634628055,1.2474390630036725,1.2474429368022908,1.2474394463352874
35,3.2264955345146786,0.008836002183242283,0.017316124984063208,42.44321168907308,6.832000000000001e-05,1.2527100764273695,1.2472872111435043,1.2472905804090924,1.2527109024244163,1.2472889690496067,1.2527179098967207,1.2472901753145897,1.2472927933472657,1.2472894909699501,1.2527147886706371,1.247286091535495,1.247290543975088,1.2472865316443567
36,3.22659391170959,0.008836717123103037,0.017398790980223566,42.426377412926605,7.03e-05,1.2528668707503496,1.2471299463749628,1.2471338041253996,1.2528678153012927,1.2471319593428463,1.2528758401810094,1.2471333411772765,1.2471363381834568,1.2471325569366483,1.2528722663293694,1.247128666210102,1.2471337622012373,1.2471291693831807
37,3.2266951247138675,0.008837452124953842,0.017477583955042064,42.409057916839394,7.228e-05,1.2530280446875741,1.2469682426639894,1.2469726422413592,1.2530291202968233,1.2469705385879017,1.2530382739991321,1.2469721153167872,1.2469755325190106,1.2469712201247785,1.2530341980523898,1.2469667847379982,1.246972594238317,1.246967357733852
38,3.226799172256914,0.008838207182808007,0.017189459002111107,42.391270009424304,7.426e-05,1.2531935941903554,1.24680209891982,1.2468070976107042,1.253194814421023,1.2468047077600357,1.253205216662411,1.246806500164173,1.246810381807017,1.2468054821133239,1.2532005854758703,1.2468004448442707,1.2468070428678288,1.2468010948550485
39,3.2269060530873723,0.008838982290673057,0.017130332998931408,42.372998194257775,7.624e-05,1.2533635153448857,1.2466315139098068,1.2466371730892754,1.2533648946205624,1.246634467796806,1.2533766737357872,1.246636498170394,1.2466408916297322,1.2466353444738776,1.253371430345499,1.2466296440082836,1.2466371109559522,1.2466303787625377
40,3.2270157659210823,0.008839777442165886,0.017261625034734607,42.35426541519152,7.822e-05,1.2535378039774654,1.246456486432641,1.2464628717579076,1.2535393575893559,1.2464598197264587,1.2535526508924553,1.2464621119482449,1.2464670678569199,1.246460808899792,1.2535467343843472,1.2464543797197245,1.2464628014240058,1.2464552074636004
41,3.227128309407028,0.008840592630982674,0.017430541978683323,42.335061277394864,8.020000000000001e-05,1.2537164556502653,1.246277015175056,1.246284196709006,1.2537181999572045,1.2462807645393383,1.2537331540786094,1.2462833441068109,1.2462889165115945,1.2462818770581643,1.2537264994677664,1.2462746494037718,1.2462841173748014,1.2462755788215567
42,3.2272436822341857,0.008841427850572221,0.017316624987870455,42.315376786356346,8.218e-05,1.253899465930238,1.2460930987847074,1.2461011511580955,1.2539014181854218,1.2460973033018372,1.2539181893686648,1.2461001974119108,1.24610644380511,1.2460985507087847,1.2539107274139825,1.2460904503148582,1.2461010619662036,1.2460914906725171
43,3.2273618830194972,0.00884228309434075,0.017215208034031093,42.29522583587732,8.416000000000001e-05,1.254086830077925,1.2459047358762905,1.2459137384335404,1.254089008609068,1.2459094370900539,1.2541077630444897,1.2459126747006677,1.2459196561486354,1.245910831671533,1.2540994201187843,1.2459017796409118,1.2459136384229763,1.2459029407610676
44,3.22748291038092,0.008843158355444155,0.017384540988132358,42.27460352093366,8.614e-05,1.2542785432882178,1.2457119249868482,1.245721961901629,1.25428096744698,1.2457171670078557,1.2543018815776903,1.2457207788695377,1.245728560142036,1.2457187217852987,1.2542925795520026,1.2457086345304655,1.245721850127042,1.2457099267591947
45,3.2276067628983682,0.008844053626983926,0.017438124981708825,42.253517918415945,8.812e-05,1.2544746005247267,1.2455146645989652,1.2455258250684096,1.2544772907203403,1.245520494185002,1.2545005516120882,1.2455245129212629,1.2455331626359518,1.2455222229523017,1.2544902077094782,1.2455110120468371,1.2455257005018927,1.2455124462676714
46,3.2277334391450427,0.008844968901898995,0.017139125033281744,42.23196897207269,9.010000000000001e-05,1.2546749967337611,1.2453129531576506,1.2453253315310326,1.2546779743480858,1.2453194197780622,1.2547037799816376,1.2453238799527258,1.2453334705769643,1.2453213371261291,1.2546923066136868,1.245308909127646,1.245325193022283,1.2453104968144353
47,3.227862937639962,0.008845904172990238,0.0172898750170134,42.20994485370885,9.208000000000001e-05,1.2548797266932261,1.2451067890387608,1.2451204849757287,1.2548830140798497,1.2451139449540003,1.254911573704822,1.2451188831219575,1.2451294911405146,1.2451160662836123,1.2548988783770905,1.2451023226150946,1.2451203313422918,1.2451040758347574
48,3.2279952568917607,0.008846859432972655,0.01714220899157226,42.187458105837145,9.406e-05,1.2550887849004846,1.2448961705932202,1.2449112891907106,1.2550924055475392,1.244904070939115,1.2551239399610148,1.244909525725668,1.2449212317044487,1.2449064125027116,1.255109925071259,1.2448912492577107,1.2449111191688922,1.2448931807264982
49,3.228130395395394,0.008847834674211448,0.017447707999963313,42.16451475230979,9.604e-05,1.255302165754559,1.2446810961121477,1.2446977480702308,1.2553061442142472,1.2446897989865275,1.255340886103037,1.244695811109679,1.244708699867038,1.2446923778833723,1.2553254488819343,1.2446756858643935,1.2446975603142765,1.2446778088268007
50,3.2282683515947057,0.008848829889480773,0.017247750016395003,42.14110139541063,9.802e-05,1.2555198634310782,1.2444615638041543,1.2444798655260407,1.2555242254716235,1.244471130327311,1.255562419715635,1.2444777426893248,1.2444919033286226,1.2444739645327445,1.2555454520379228,1.2444556289797428,1.2444796585863993,1.2444579573527845
51,3.2284091239957626,0.008849845070863756,0.01750429201638326,42.11723312053472,0.0001,1.2557418720905114,1.2442375718709597,1.2442576456507284,1.2557466444670666,1.244248066267356,1.2557885484966749,1.244255324007191,1.2442708500414361,1.2442511746672138,1.255769936766747,1.2442310751788275,1.24425741803705,1.2442336235003473
52,3.2285527109863326,0.008850860102147818,0.017128292005509138,42.09290267096781,9.999879371991704e-05,1.2559637888592032,1.2440135564794228,1.2440354937195257,1.2559689908459695,1.2440250268308712,1.2560147976304492,1.2440329639250154,1.244049924947388,1.2440284235244998,1.2559944568803099,1.244006470639037,1.2440352443030016,1.2440092495289599
53,3.228696267167805,0.00885187495955575,0.017470374994445592,42.068596781514636,9.999517493846056e-05,1.2561856057230039,1.2437895219541493,1.243813416142449,1.2561912568967137,1.2438020174668962,1.2562411639498834,1.2438106687249129,1.2438291358656743,1.2438057168594236,1.2562190072925419,1.2437818192569514,1.243813143741904,1.2437848394768218
54,3.228839789330423,0.008852889619412151,0.017485499964095652,42.04432157482637,9.998914383200487e-05,1.2564073149840955,1.2435654727342138,1.2435914191884256,1.2564134351546252,1.2435790435833844,1.256467643974781,1.2435884445379137,1.2436084902728992,1.2435830603456157,1.2564435828696063,1.2435571251534197,1.243591122599809,1.2435603975484457
55,3.2289832742836033,0.008853904057999469,0.017210334015544504,42.020059814129354,9.998070069449754e-05,1.2566289093252976,1.2433414133768588,1.243369508941885,1.2566355184341542,1.2433561105819004,1.2566942339495135,1.2433662973976234,1.243387995307329,1.2433604596064025,1.2566681784298839,1.2433323926338964,1.2433691869739696,1.2433359281189693
56,3.2291267188148707,0.008854918251519989,0.017122499994002283,41.99582260514692,9.996984593744525e-05,1.2568503818095793,1.2431173485543465,1.24314769140703,1.2568574996925692,1.2431332238729704,1.2569209298213204,1.2431442332751275,1.2431676578950308,1.2431379202474955,1.256892788676805,1.2431076261736014,1.2431473427731827,1.2431114357439552
57,3.229270119675275,0.008855932176285854,0.017270167008973658,41.97161192744227,9.99565800898935e-05,1.257071725620768,1.2428932830414983,1.2429259724712818,1.2570793721583728,1.2429103888446509,1.2571477273224747,1.2429222580647583,1.2429474846172512,1.2429154478268345,1.2571174082592733,1.2428828303300299,1.2429255959459113,1.242886925093244
58,3.229413473643894,0.00885694580838521,0.017343042010907084,41.94742884346132,9.994090379840098e-05,1.2572929341202923,1.242669221737633,1.2427043579668455,1.2573011291831764,1.2426876108949942,1.2573746219560626,1.242700377590188,1.242727481922959,1.2426930478797027,1.257342031842182,1.2426580099301148,1.2427039522827745,1.2426624009897274
59,3.22955677746128,0.008857959123890665,0.017278125043958426,41.92327389260843,9.992281782700807e-05,1.2575140010180617,1.242445169554303,1.2424828535756403,1.2575227642736817,1.2424648953849373,1.2576016090667343,1.2424785975464279,1.2425076560690167,1.242470725857111,1.257566654090775,1.2424331699679254,1.242482417531151,1.242437868335572
60,3.2297000278648555,0.008858972099014756,0.017324584012385458,41.89914316397321,9.990232305719945e-05,1.2577349200171688,1.2422211315796061,1.2422614649579578,1.2577442711044524,1.242242247701791,1.2578286837917976,1.242256923636233,1.2422880130866427,1.2422484872373918,1.2577912695628275,1.2422083154496375,1.2422609972773235,1.2422133321718294
61,3.2298432215999138,0.008859984710026742,0.017172374995425344,41.87503760972817,9.98794204878613e-05,1.257955684970069,1.2419971128624676,1.2420401977047626,1.2579656434417053,1.2420196732126865,1.2580558411311726,1.242035361492046,1.242068558916606,1.2420263374490743,1.2580158728077073,1.241983451508391,1.2420396970705483,1.2419887976118542
62,3.229986355436459,0.00886099693303354,0.0173152910429053,41.85095750249562,9.985411123523256e-05,1.2581762901000966,1.241773118523297,1.2418190572919527,1.258186875198687,1.2417971772643914,1.258283075966156,1.2418139166607225,1.2418492992793975,1.2418042818711854,1.258240458395698,1.2417585834143774,1.2418185223775546,1.241764269829758
63,3.2301294260915383,0.008862008744080462,0.017304166976828128,41.8269087761448,9.982639653285048e-05,1.258396729537511,1.241549153778595,1.2415980491823093,1.2584079603490346,1.2415747652314315,1.2585103830177606,1.2415925946830288,1.2416302398499084,1.2415823259036831,1.2584650208226125,1.2415337165272922,1.241597478722224,1.2415397541076199
64,3.230272430296269,0.008863020119391631,0.017402667028363794,41.802885849719985,9.979627773149053e-05,1.2586169977482915,1.2413252238334316,1.2413771787580536,1.2586288929964333,1.241352442435828,1.258737756947477,1.2413714010266548,1.2414113861225473,1.241360474874552,1.2586895546086108,1.2413088562202457,1.241376571392041,1.2413152557438687
65,3.2304153647733376,0.00886403103508077,0.017354541982058436,41.778894168344216,9.976375629910064e-05,1.2588370891606895,1.2411013339774033,1.2411564513628441,1.258849667301163,1.2411302142283673,1.258965192273137,1.2411503411333602,1.2411927435107502,1.2411387341240747,1.2589140542109027,1.2410840079694303,1.2411558058080414,1.2410907801229216
66,3.2305582262532972,0.00886504146741219,0.017199166992213577,41.754933992601785,9.972883382072952e-05,1.2590569983680846,1.2408774894730548,1.2409358722778494,1.2590702775166567,1.2409080859241253,1.259192683462143,1.2409294203817458,1.240974317302176,1.2409171089430773,1.2591385141016647,1.2408591772993256,1.240935187270891,1.2408663326523186
67,3.2307010114837147,0.008866051392436373,0.017342542007099837,41.730998406510004,9.969151199844953e-05,1.259276719956347,1.24065369568742,1.2407154468005452,1.2592907179392137,1.2406860628666196,1.2594202248692268,1.2407086441691133,1.2407561127784303,1.2406956046462223,1.259362928749582,1.2406343698288391,1.2407147210160434,1.2406419188217552
68,3.2308437171718682,0.008867060786365686,0.0174590420210734,41.7070948187307,9.965179265127358e-05,1.259496248724641,1.2404299579677798,1.2404951801335862,1.259510982947133,1.2404641503641882,1.2596478108072808,1.2404880178213173,1.2405381350671312,1.2404742264955064,1.259587292605411,1.2404095911629427,1.2404944122736574,1.2404175441254368
69,3.2309863400451686,0.008868069625436814,0.017078791977837682,41.683219661665106,9.960967771506666e-05,1.259715579370003,1.2402062817206032,1.2402750774560363,1.2597310670028055,1.2402423537218692,1.2598754355380368,1.2402675466388762,1.240320389250591,1.2402529797436421,1.259811600148641,1.2401848469943124,1.240274266210711,1.2401932140966734
70,3.2311288768447293,0.008869077885818161,0.017344749998301268,41.659381594560045,9.956516924245131e-05,1.2599347067101205,1.2399826723608236,1.2400551439522385,1.2599509645863696,1.240020678241266,1.2601030932483868,1.240047235912373,1.2401028803572904,1.240031869644585,1.2600358458133554,1.2399601430228064,1.240054288039232,1.2399689343005493
71,3.2312713242970976,0.008870085543744665,0.0172912499983795,41.635563944724275,9.951826940270775e-05,1.2601536257771782,1.2397591353040422,1.239835384721764,1.2601706702398752,1.2397991292221884,1.260330778081883,1.2398270908991433,1.2398856133060787,1.2398109014199463,1.2602600240285151,1.239735484976298,1.2398344828390102,1.2397447103324302
72,3.231413679120653,0.008871092575649485,0.0173426250112243,41.61178613065175,9.946898048166793e-05,1.2603723314075475,1.23953567596806,1.23961580485992,1.2603901785319598,1.2395777119450528,1.2605584841408872,1.2396071168153875,1.2396685930266167,1.2395900802700472,1.260484129232343,1.2395108786444249,1.2396148557024065,1.2395205477940567
73,3.2315559380972894,0.008872098957592646,0.017319083970505744,41.5880434928787,9.941730488160438e-05,1.260590818716141,1.2393122998003554,1.239396409463458,1.2606094840553408,1.2393564317039083,1.2607862054705337,1.2393873188747975,1.2394518244032457,1.239369411399887,1.2607081558536684,1.2392863298443226,1.2393954117694312,1.2392964523295158
74,3.2316980979232595,0.008873104666116753,0.0174650420085527,41.56432663561346,9.936324512111292e-05,1.260809082674512,1.2390890122547007,1.2391772035757835,1.2608285814780702,1.2391352937576132,1.2610139361091752,1.2391677022527106,1.239235312212602,1.23914889997722,1.2609320983314267,1.2390618443449521,1.2391761560635441,1.2390724295683753
75,3.231840155384696,0.00887410967751529,0.01742691599065438,41.540643223564004,9.930680383499e-05,1.261027118541671,1.2388658188079762,1.2389581922128543,1.2610474655120267,1.2389143033624472,1.2612416700704911,1.2389482721179896,1.2390190611425833,1.238928551180055,1.261155951075152,1.238837427938012,1.2389570936059504,1.2388484851545585
76,3.2319821071959747,0.008875113968125098,0.01708825002424419,41.517000661404595,9.92479837741043e-05,1.26124492148843,1.238642724899767,1.2387393803860238,1.2612661308652826,1.2386934657723514,1.2614694013175851,1.2387290336247878,1.2388030759793973,1.2387083701664392,1.2613797085014158,1.2386130864452318,1.2387382294416016,1.2386246247567165
77,3.2321239501015757,0.008876117514347064,0.017444416997022927,41.49338462028708,9.918678780526262e-05,1.2614624866317696,1.238419736051036,1.238520773087586,1.2614845722947363,1.2384727862385232,1.261697123812901,1.2385099919198437,1.2385873613821023,1.2384883620994194,1.2616033650358718,1.2383888256920395,1.2385195685942798,1.2384008540517495
78,3.232265680854834,0.008877120292653072,0.01740058301948011,41.469806739525495,9.91232189110701e-05,1.2616798091275183,1.2381968577330675,1.238302375276161,1.2617027845819302,1.2382522699942244,1.2619248314946627,1.23829115209515,1.2383719220436016,1.238268532100988,1.2618269151352723,1.2381646515477325,1.2383011160537547,1.238177178715488
79,3.2324072962282693,0.008878122279667406,0.017452624975703657,41.4462612410001,9.905728018978499e-05,1.2618968843378957,1.2379740954219136,1.238084191886201,1.2619207625363356,1.2380319222537601,1.2621525182889213,1.2380725192512574,1.2381567625405172,1.238048885286797,1.262050353216886,1.2379405698048298,1.2380828766595713,1.2379536044183557
80,3.2325487929840326,0.008879123451947215,0.017359958961606026,41.422755410793506,9.898897485516753e-05,1.2621137074440547,1.2377514545622166,1.237866227859328,1.2621385009871,1.2378117482463693,1.262380178083997,1.2378540984451651,1.237941887484729,1.2378294267601282,1.2622736737012423,1.2377165863734751,1.2378648554285407,1.237730136856398
81,3.2326901679192357,0.008880123786028924,0.017510042001958936,41.399279960762165,9.891830623632339e-05,1.2623302738127975,1.2375289406265209,1.237648488098856,1.2623559947842438,1.2375917531825393,1.2626078047655367,1.2376358947328965,1.2377273014622943,1.2376101616017956,1.262496871060771,1.2374927071378174,1.2376470572188714,1.2375067817197942
82,3.232831417794922,0.00888112325853516,0.017535207967739552,41.375844872762976,9.884527777754132e-05,1.2625465788431127,1.2373065590814174,1.2374309774756962,1.2625732388436963,1.237371942237919,1.2628353922499065,1.2374179131321201,1.237513008980628,1.2373910948828224,1.2627199397570965,1.2372689379251782,1.2374294869533715,1.237283544668058
83,3.232972539384381,0.00888212184598854,0.017219167028088123,41.352439520071236,9.876989303812539e-05,1.2627626179617295,1.2370843154008662,1.237213700878021,1.2627902280609198,1.2371523206187376,1.26306293439823,1.2372001586955823,1.2372990145337512,1.2371722316824603,1.2629428742234672,1.2370452846113182,1.2372121495512882,1.2370604314035945
84,3.233113529445507,0.008883119525203069,0.017217084008734673,41.32907601027356,9.869215569222144e-05,1.26297838645354,1.2368622151203108,1.2369966631793239,1.263006957354837,1.2369328934952721,1.2632904250932322,1.2369826364353678,1.2370853226084655,1.2369535770732163,1.2631656689194275,1.2368217530481094,1.2369950497838522,1.2368374476076618
85,3.233254384783667,0.008884116272854925,0.017451624968089163,41.30575591583414,9.861206952863805e-05,1.2631938798090814,1.2366402636389582,1.2367798692217813,1.2632234216357778,1.2367136660378513,1.2635178581730382,1.2367653513136063,1.2368719377054909,1.236735136069582,1.2633883183233925,1.2365983491091053,1.2367781926175692,1.2366145989620023
86,3.2333951021985703,0.008885112065603017,0.0172915420262143,41.28246676581663,9.852963845066182e-05,1.263409093449686,1.2364184664483062,1.2365633238482958,1.2634396158547725,1.2364946434136352,1.2637452274974892,1.236548308321016,1.236658864274424,1.2365169137188976,1.2636108169052787,1.2363750786804288,1.236561582931832,1.2363918911496052
87,3.2335356784734834,0.008886106880365901,0.017216000007465482,41.25921787336768,9.844486647586725e-05,1.2636240228300955,1.2361968290440457,1.2363470318792638,1.2636555350355887,1.2362758307547879,1.2639725269495943,1.2363315124353504,1.236446106711713,1.2362989150486732,1.2638331591469703,1.2361519475642941,1.236345225415426,1.2361693298303646
88,3.2336761104073104,0.008887100694135728,0.017007375019602478,41.23600627413098,9.835775773592076e-05,1.2638386634451158,1.2359753568118461,1.2361309980925212,1.2638711741503288,1.2360572331932402,1.2641997503821887,1.2361149685705664,1.2362336694001763,1.2360811450456004,1.264055339513644,1.2359289615914453,1.2361291249861444,1.2359469206592142
89,3.2338163948542853,0.0088880934836747,0.01736529200570658,41.21283744795817,9.826831647637942e-05,1.2640530108625831,1.2357540552272455,1.2359152272699894,1.2640865282623281,1.235838855841398,1.2644268916726047,1.235898681643926,1.2360215566936394,1.2358636086941515,1.264277352552723,1.2357061266456284,1.2359132864126896,1.2357246692888426
90,3.2339565285941783,0.008889085225985742,0.017469084006734192,41.18970771098295,9.817654705648409e-05,1.264267060459524,1.235532929737869,1.235699724198547,1.2643015923874221,1.2356207038264,1.2646539446666667,1.2356826565730834,1.235809772997094,1.2356463109882483,1.2644991927538498,1.2354834485842385,1.2356977145154007,1.2355025813859766
91,3.234096508479064,0.008890075897948624,0.017397999996319413,41.166612059422405,9.808245394894679e-05,1.2644808081477261,1.23531198577167,1.235484493619698,1.2645163615743524,1.2354027822405518,1.2648809032334938,1.2354668982899895,1.2355983225492826,1.2354292569207481,1.264720854558397,1.2352609331166777,1.2354824140600913,1.2352806625809896
92,3.234236331271828,0.008891065476721943,0.01726875000167638,41.14356529676473,9.798604173973285e-05,1.264694249283171,1.2350912287481595,1.2352695402846914,1.264730830888537,1.235185096174972,1.265107761234745,1.2352514116532427,1.2353872097325076,1.235212451427204,1.264942332532445,1.235038586117326,1.2352673898178606,1.235058918515463
93,3.2343759938563537,0.008892053939584518,0.017493124993052334,41.120556933595154,9.788731512783734e-05,1.2649073793165766,1.2348706640957676,1.235054868910219,1.264944995435185,1.234967650702325,1.2653345125455076,1.235036201525413,1.2351764388584592,1.2349958994459755,1.265163621216674,1.2348164133753141,1.235052646494958,1.234837354815203
94,3.234515493115468,0.008893041263824187,0.01750337495468557,41.097585677067045,9.778627892505601e-05,1.2651201938446066,1.2346502971881996,1.2348404841857965,1.2651588503499072,1.2347504508777742,1.2655611510422966,1.2348212727387577,1.2349660141941463,1.2347796058893863,1.2653847151422597,1.2345944206811628,1.2348381888160727,1.2346159770859297
95,3.2346548259261034,0.008894027426420944,0.01743345899740234,41.07465381903892,9.768293805575088e-05,1.2653326887472598,1.2344301334316068,1.2346263908032002,1.2653723907607255,1.2345335017540087,1.2657876706043787,1.2346066301486363,1.234755939947252,1.2345635756885847,1.265605608835806,1.2343726137993234,1.234624021526848,1.2343947909315955
96,3.2347939890789688,0.00889501240486811,0.01776004198472947,41.05177088139508,9.757729755661012e-05,1.2655448595061982,1.2342101781919523,1.234412593434193,1.2655856118253515,1.2343168083662293,1.2660140651151564,1.2343922785533534,1.2345462203860755,1.2343478137270814,1.2658262968860747,1.2341509985262484,1.2344101492686332,1.2341738019524235
97,3.2349329794965445,0.008895996176568279,0.017326667031738907,41.02893419069907,9.746936257640257e-05,1.2657567016251792,1.2339904368809773,1.2341990967713803,1.2657985086782637,1.234100375747135,1.266240328453284,1.2341782227425901,1.2343368597318394,1.2341323248910492,1.2660467738683532,1.2339295806374715,1.2341965768034437,1.2339530157426108
98,3.235071794087496,0.00889697871904397,0.01740991702536121,41.00613321561108,9.735913837572697e-05,1.265968210810233,1.2337709148626357,1.233985905468436,1.266011076508779,1.2338842088952635,1.266466454520109,1.233964467492726,1.2341278621708038,1.2339171140425538,1.2662670343768032,1.2337083658751087,1.2339833086880467,1.2337324378666508
99,3.2352104297449915,0.008897960009691019,0.017167374957352877,40.98337705416219,9.724663032675533e-05,1.2661793828487626,1.233551617472957,1.2337730241189393,1.2662233105490759,1.233668312808339,1.2666924372215522,1.2337510175607735,1.2339192318821433,1.233702186029304,1.2664870730282252,1.233487359993188,1.2337703495683021,1.2335120738885168
100,3.2353488833453365,0.00889894002618967,0.017408209037967026,40.9606618417602,9.713184391297119e-05,1.2663902133697926,1.2333325500366406,1.2335604573373242,1.2664352060188995,1.2334526924655627,1.2669182704567725,1.233537877678157,1.2337109730495175,1.2334875456785923,1.266706884423269,1.2332665687313367,1.233557704076903,1.233291929354482
101,3.2354871518300676,0.008899918745948292,0.01744958304334432,40.937991868961426,9.701478472890248e-05,1.2666006982878057,1.2331137178972051,1.2333482097120485,1.266646758170384,1.2332373528444793,1.2671439481414775,1.2333250525830295,1.2335030897740116,1.2332731978168958,1.2669264631769872,1.233045997810008,1.2333453768422586,1.233072009814444
102,3.2356252320608236,0.008900896146854829,0.017416541988495737,40.915368544359275,9.689545847984864e-05,1.2668108331764385,1.2328951263712393,1.2331362858161157,1.2668579622767406,1.2330222988881776,1.26736946421352,1.2331125469805762,1.2332955862071664,1.2330591472522352,1.2671458039268972,1.2328256528727175,1.2331333724864064,1.2328523207824407
103,3.235763121014525,0.008901872206699383,0.017279166961088777,40.89279264128388,9.677387098160271e-05,1.2670206138211586,1.2326767807528187,1.232924690221721,1.2670688136159438,1.2328075355218007,1.2675948126150183,1.2329003655414397,1.2330884664340451,1.2328453987555856,1.2673649013580612,1.232605539641883,1.2329216955448339,1.2326328677614868
104,3.235900815631136,0.008902846903325025,0.017519666987936944,40.87025762146805,9.665002816016786e-05,1.267230035857811,1.2324586863643614,1.232713427493198,1.26727930748436,1.232593067685092,1.2678199872881297,1.2326885129568603,1.2328817345436487,1.232631957121415,1.2675837501246796,1.2323856638035653,1.2327103506113417,1.2324136562672372
105,3.2360383128738786,0.008903820214506593,0.0173353340360336,40.84777087556761,9.652393605146844e-05,1.2674390952608114,1.2322408484941088,1.23250250216045,1.2674894391895326,1.2323789002831993,1.2680449821649673,1.232476993894399,1.2326753945934863,1.2324188271056356,1.2678023448743465,1.2321660309754596,1.2324993422664412,1.2321946917831461
106,3.236175609660079,0.008904792118175778,0.017241958004888147,40.82532208392133,9.639560080105599e-05,1.2676477878573609,1.2320232723970843,1.2322919187397405,1.2676992040740853,1.2321650382205687,1.2682697912058305,1.2322658129963129,1.2324694506414247,1.232206013468485,1.268020680283505,1.2319466468175009,1.2322886750211033,1.2319759797906333
107,3.2363127029480885,0.008905762592430859,0.017223958973772824,40.80292494003656,9.626502866380951e-05,1.2678561094591456,1.2318059633118592,1.2320816816871847,1.2679085975457423,1.2319514863510796,1.2684944084139753,1.2320549748576097,1.2322639067126697,1.2319935209123745,1.2682387510869575,1.231727516945016,1.232078353412014,1.2317575257226963
108,3.236449589727937,0.008906731615348587,0.017684041988104582,40.780574523516925,9.613222600363077e-05,1.2680640559637184,1.231588926491274,1.23187179550922,1.2681176149610789,1.231738249542822,1.2687188277568082,1.231844484073596,1.2320587667710914,1.231781354159591,1.2684565519871467,1.2315086469590497,1.231868381976055,1.2315393350258248
109,3.2365862669768064,0.008907699165065003,0.017095500021241605,40.758272959571194,9.599719929313412e-05,1.2682716232448163,1.231372167161121,1.2316622646692423,1.268326251721785,1.231525332646055,1.2689430432152373,1.2316343452411442,1.2318540348527647,1.231569517904745,1.2686740777169738,1.231290042477021,1.2316587651537043,1.2313214131381864
110,3.236722731680716,0.008908665219819803,0.01707549998536706,40.73601395891149,9.585995511333086e-05,1.2684788072477506,1.2311556905263474,1.2314530936045398,1.2685345032500466,1.2313127404935824,1.269167048788508,1.2314245629201894,1.2316497148979753,1.231358016834817,1.2688913229947376,1.231071709056783,1.2314495074550815,1.231103765471501
111,3.2368589808406134,0.008909629757923485,0.01724595803534612,40.71380883949827,9.572050015330874e-05,1.268685603862199,1.230939501824576,1.2312442867442686,1.2687423649987386,1.2311004778995722,1.26939083848953,1.2312151416602355,1.2314458108625403,1.2311468556061913,1.269108282592737,1.2308536523004319,1.2312406132485283,1.2308863974338624
112,3.236995011462369,0.00891059275775355,0.01726483303355053,40.691646409997155,9.557884120990577e-05,1.2688920090496427,1.2307236062125964,1.2310358484866017,1.268949832462726,1.2308885496450532,1.2696144063649304,1.231006085966362,1.2312423266633652,1.2309360388434292,1.2693249513109968,1.2306358777472357,1.2310320870105833,1.230669314391019
113,3.23713082056946,0.008911554197812869,0.017407957988325506,40.66953370699831,9.543498518737899e-05,1.2690980187231937,1.230508008874762,1.2308277832241201,1.269156901113284,1.2306769605253653,1.2698377464284347,1.2307974003570334,1.2310392662303706,1.2307255711858718,1.2695413239285016,1.2304183909426962,1.230823933106283,1.230452521727411
114,3.2372664052035205,0.00891251405671627,0.017429250001441687,40.64747317443896,9.528893909706797e-05,1.269303628841617,1.2302927149682443,1.2306200953201198,1.2693635664761553,1.2304657152853338,1.2700608527440318,1.2305890893005402,1.2308366334329257,1.2305154572340873,1.2697573952589871,1.2302011973667049,1.2306161559580509,1.230236024775953
115,3.2374017624219134,0.008913472313105563,0.01727554202079773,40.625456893215,9.514071005705314e-05,1.2695088354286173,1.2300777296200878,1.2304127891171752,1.2695698241009226,1.230254818668735,1.2702837193742893,1.2303811572632828,1.2306344321452325,1.2303057015718333,1.2699731601278212,1.229984302518041,1.2304087598896265,1.2300198288736608
116,3.237536889277219,0.008914428945629866,0.017456083034630865,40.603498109210214,9.499030529180877e-05,1.2697136344128048,1.2298630579761607,1.2302058689762432,1.2697756695178501,1.230044275417302,1.2705063403806633,1.2301736086987782,1.2304326662414165,1.2300963087923378,1.2701886133564149,1.2297677118916257,1.2302017493182384,1.2298039393552949
117,3.2376717828388957,0.008915383933066404,0.017683291982393712,40.58158223912917,9.483773213185094e-05,1.2699180219260713,1.2296487051257365,1.2299993391928055,1.2699810983193098,1.2298340902228817,1.2707287098646443,1.2299664480397972,1.2302313395069255,1.2298872834161503,1.2704037498170486,1.2295514309399167,1.229995128585148,1.2295883615032743
118,3.237806440174922,0.008916337254275292,0.01756312500219792,40.55971859908595,9.468299801338022e-05,1.2701219939509931,1.2294346762005097,1.2297932040679214,1.2701861061088504,1.2296242677919673,1.270950821914391,1.229759679669641,1.2300304557457336,1.2296786299964908,1.2706185643717873,1.2293354651424189,1.2297889020033843,1.2293731006221875
119,3.237940858379419,0.008917288888277317,0.017363415972795337,40.53790323364254,9.452611047791923e-05,1.2703255465907939,1.2292209762494726,1.2295874678579282,1.2703906885428249,1.2294148127812108,1.271172670663846,1.229553307963154,1.2298300187197013,1.2294703530391276,1.270833051915517,1.2291198198874906,1.2295830738650897,1.2291581619617116
120,3.2380750345608917,0.008918238813973765,0.017274040961638093,40.51613919921333,9.436707717194513e-05,1.2705286759559011,1.2290076103510241,1.2293821348203624,1.2705948412730619,1.2292057298618857,1.27139425023015,1.229347337294605,1.229630032182828,1.229262457058369,1.2710472073306704,1.2289045006035488,1.229377648509222,1.2289435507862865
121,3.2382089658106823,0.008919187010514074,0.017277291044592857,40.49443155638475,9.420590584651689e-05,1.2707313782167868,1.228794583543654,1.2291772091866333,1.270798559961749,1.228997023654719,1.271615554760398,1.2291417719907545,1.2294304999089658,1.2290549465245537,1.27126102555687,1.2286895126528712,1.229172630137126,1.2287292723168795
122,3.238342649246919,0.008920133457064668,0.017333041003439575,40.47276976295154,9.404260435689751e-05,1.2709336494963286,1.2285819008590075,1.2289726951674178,1.2710018403230332,1.228788698779282,1.2718365784114996,1.228936616382323,1.229231425598954,1.2288478259008526,1.2714745015290567,1.2284748614078156,1.2289680230224125,1.2285153317710262
123,3.2384760820014513,0.008921078132888081,0.017599666956812143,40.45116026973811,9.387718066217125e-05,1.2711354859436177,1.2283695673131798,1.2287685969581648,1.2712046780912964,1.228580759837703,1.27205731535991,1.228731874766046,1.2290328129442583,1.2286410996255317,1.2716876302078068,1.2282605522284713,1.2287638313795373,1.2283017343509977
124,3.2386092612165798,0.008922021017387042,0.01767770800506696,40.42961517188159,9.370964282485558e-05,1.2713368837537482,1.228157587883802,1.2285649187466097,1.271407068985837,1.2283732113979617,1.2722777597781403,1.2285275513768839,1.2288346656503768,1.2284347720907798,1.2719004065841217,1.228046590490323,1.2285600593991153,1.228088485226391
125,3.238742184060314,0.008922962090131424,0.01761875004740432,40.40810663354512,9.353999901050835e-05,1.2715378390582752,1.2279459675559756,1.2283616646642381,1.2716090088118077,1.2281660580104294,1.2724979058980506,1.2283236504905914,1.2286369873278717,1.228228847710917,1.2721128256554586,1.2278329814576454,1.2283567112347402,1.2278755895471605
126,3.2388748477206084,0.008923901330656903,0.01752062502782792,40.38665765781397,9.336825748732972e-05,1.271738348036464,1.2277347113072008,1.2281588388595834,1.2718104933725725,1.227959304224124,1.2727177479287257,1.2281201763461642,1.2284397815931423,1.2280233308678408,1.2723248824307865,1.2276197304276057,1.228153791049094,1.2276630524672734
127,3.239007249379652,0.008924838718498546,0.017410125001333654,40.36526976465274,9.319442662575925e-05,1.2719384069177715,1.2275238240848532,1.2279564454705252,1.2720115184738583,1.227752954569979,1.2729372800786813,1.2279171331816954,1.2282430521125676,1.2278182259414825,1.2725365719055424,1.227406842674902,1.227951303006405,1.2274508791258283
128,3.239139386215503,0.008925774233597033,0.01720679202117026,40.34392331184098,9.30185148980679e-05,1.2721380118345602,1.227313310802322,1.2277544885492666,1.2722120800223162,1.2275470135303166,1.2731564966359943,1.2277145251362385,1.2280468024265754,1.2276135372442518,1.2727478891874218,1.2271943234714957,1.2277492511704382,1.227239074606552
129,3.2392712554837417,0.008926707855633069,0.017199499998241663,40.322633782089774,9.284053087794509e-05,1.2723371592958153,1.2271031763711164,1.2275529721600396,1.2724121738811993,1.2273414855848963,1.2733753918527166,1.2275123563996313,1.2278510360599815,1.2274092691096699,1.2729588292978895,1.2269821779963677,1.2275476396449192,1.2270276439912262
130,3.2394028543533055,0.008927639564520178,0.01715120900189504,40.30140081781508,9.266048324008087e-05,1.272535845640734,1.2268934256609423,1.2273519003555917,1.2726117959654395,1.2271363751801345,1.2735939600144721,1.2273106311030844,1.227655756581991,1.2272054258265281,1.2731693873397365,1.2267704114382894,1.2273464724754193,1.2268165923304997
131,3.2395341800494335,0.008928569340319705,0.017412165994755924,40.28022489110018,9.247838075974309e-05,1.272734067109152,1.2266840635757272,1.2271512771793618,1.2728109421680487,1.2269316867605773,1.2738121954166632,1.2271093533699555,1.227460967496289,1.2270020116810707,1.2733795584095915,1.2265590289995445,1.2271457537103891,1.2266059246796446
132,3.239665229834491,0.008929497163151263,0.017453584005124867,40.25909899736196,9.229423231234974e-05,1.2729318200485962,1.226475094941781,1.226951106616138,1.273009608497423,1.2267274247380704,1.2740300923890375,1.2269085273013647,1.2272666722523486,1.2267990309218582,1.2735893376372285,1.2263480358554102,1.2269454873768477,1.2263956460555716
133,3.2397960009689486,0.008930423013151249,0.01754641701700166,40.23803001780847,9.210804687303638e-05,1.273129100915321,1.2262665245755329,1.2267513926609557,1.2732077909167523,1.2265235935068848,1.2742476452532598,1.2267081569468288,1.2270728743561667,1.2265964877653908,1.2737987201897414,1.2261374371342875,1.2267456774827705,1.2261857614560703
134,3.2399264907070653,0.008931346870700142,0.017299874976743013,40.21702623917967,9.19198335162186e-05,1.2733259059869593,1.2260583573100274,1.2265521392746863,1.2734054854206383,1.226320197443006,1.2744648483648986,1.2265082463638854,1.2268795772728704,1.2263943864333022,1.2740077012089637,1.225927237948825,1.2265463280224687,1.2259762758694523
135,3.24005669635778,0.008932268716057606,0.017371791996993124,40.196064824200384,9.172960141514993e-05,1.2735222317446526,1.2258505979382783,1.2263533503953963,1.2736026880792783,1.226117240905542,1.2746816961008598,1.2263087995981825,1.2266867843605234,1.226192731134248,1.2742162758870117,1.225717443406312,1.2263474429707353,1.22576719426571
136,3.2401866151881515,0.008933188529603035,0.01724508299957961,40.17516448038728,9.153735984147457e-05,1.2737180748965862,1.2256432512084203,1.226155029910048,1.273799394962009,1.225914728203835,1.2748981828572359,1.2261098206309686,1.226494499018794,1.2259915260106684,1.274424439434358,1.2255080585453848,1.226149026239804,1.2255585215559333
137,3.2403162444600193,0.008934106292087648,0.01725358300609514,40.15432034356527,9.134311816477561e-05,1.2739134316874843,1.2254363218882687,1.2259571817045214,1.2739956021779053,1.2257126636459168,1.2751143030487033,1.225911313428358,1.2263027246385145,1.2257907752033157,1.2746321871018604,1.225299088430382,1.2259510817460524,1.2253502626575388
138,3.2404455815473696,0.00893502198416948,0.017472875013481826,40.133532531840395,9.114688585211836e-05,1.2741082986144217,1.2252298147248788,1.225759809671978,1.2741913058516126,1.2255110515217291,1.2753300511040224,1.2257132819746512,1.2261114645136746,1.2255904828645492,1.2748395141281401,1.2250905380823494,1.2257536133469713,1.2251424224771943
139,3.2405746237732878,0.008935935586602486,0.01738504198146984,40.11281043352833,9.094867246758885e-05,1.2743026721155806,1.2250237344326411,1.2255629176660499,1.274386502120219,1.2253098961044644,1.275545421455895,1.2255157301897646,1.225920721984837,1.2253906530913106,1.275046415799214,1.2248824125735798,1.2255566249288903,1.224935005905225
140,3.2407033684979987,0.008936847080382383,0.01763195899548009,40.09213904665046,9.074848767182787e-05,1.2744965487568016,1.22481808568351,1.2253665094854187,1.2745811871726833,1.2251092016177492,1.2757604085785021,1.2253186619577658,1.225730500364095,1.225191289951863,1.2752528873777775,1.224674716806248,1.2253601203789628,1.2247280177642943
141,3.240831813100661,0.008937756446560668,0.017299666011240333,40.071520425452526,9.05463412215599e-05,1.2746899250222494,1.224612873173098,1.2251705889370954,1.274775357242994,1.2249089722834656,1.275975006973101,1.225122081196751,1.2255408028448374,1.2249923975214547,1.2754589241826568,1.2244674557258657,1.2251641034693332,1.2245214628930994
142,3.2409599549665176,0.008938663666208492,0.01709350000601262,40.05096796483708,9.034224296911775e-05,1.2748827975426664,1.2244081015227883,1.2249751597897391,1.2749690085557035,1.224709212290743,1.2761892111491187,1.22492599173468,1.2253516327104386,1.2247939798245024,1.2756645215603797,1.2242606342755666,1.2249685779983854,1.224315346091272
143,3.241087791483805,0.008939568720574732,0.023283792019356042,40.030472934798276,9.01362028619623e-05,1.2750751629024792,1.2242037753551385,1.2247802258082718,1.2751621373689337,1.2245099258108947,1.2764030156328043,1.2247303974104502,1.2251629931603059,1.2245960408646042,1.2758696748540614,1.224054257358047,1.2247735477442938,1.2241096721438498
144,3.2412153200694367,0.008940471590888252,0.01738966698758304,40.010039344014146,8.992823094219772e-05,1.2752670177517016,1.2239998992704626,1.2245857906970197,1.2753547399796443,1.224311116981915,1.2766164149803414,1.2245353020146932,1.2249748874348871,1.2243985846261511,1.2760743794623641,1.2238483298349725,1.2245790165273804,1.2239044457980732
145,3.2413425381344516,0.008941372258498536,0.01704537495970726,39.98965920471258,8.971833734608195e-05,1.2754583588345534,1.2237964778697787,1.224391858182856,1.2755468127142204,1.224112789940365,1.276829403748078,1.2243407093575254,1.2247873186375475,1.2242016150916961,1.276278630773332,1.2236428565820485,1.224384987982144,1.2236996718071682
146,3.2414694430843802,0.008942270705038802,0.017422333010472357,39.96933886851827,8.950653230353273e-05,1.2756491827442833,1.223593515706506,1.2241984319146486,1.2757383519650638,1.223914948773743,1.2770419765496548,1.2241466231859404,1.2246002899147677,1.2240051361889381,1.2764824242401733,1.2234378424040868,1.2241914657983735,1.2234953548714287
147,3.2415960323941166,0.008943166912246222,0.0176052080350928,39.94908161225815,8.929282613762908e-05,1.2758394860471445,1.2233910173131015,1.2240055155716851,1.275929354120195,1.223717597552067,1.277254128013644,1.223953047219413,1.2244138043438393,1.2238091518305194,1.2766857553401891,1.2232332921309512,1.2239984536612971,1.2232914996726887
148,3.241722303561741,0.008944060861701717,0.017441958945710212,39.92888323186664,8.907722926410797e-05,1.2760292655742744,1.2231889872155834,1.2238131127917227,1.2761198155624889,1.2235207403445587,1.2774658527475835,1.2237599851773409,1.224227865070478,1.2236136659012988,1.2768886195475346,1.22302921052509,1.2238059552223637,1.2230881108927134
149,3.241848254029392,0.008944952535178097,0.017328000045381486,39.90873972223777,8.88597521908569e-05,1.27621851817796,1.2229874298682695,1.2236212271737699,1.2763097327589032,1.2233243811707648,1.2776771454244162,1.223567440743945,1.2240424751650374,1.2234186822933233,1.2770910123306933,1.2228256023477084,1.2236139740759364,1.2228851931611409
150,3.241973881264698,0.008945841914905588,0.017523999966215342,39.88866427789975,8.864040551740156e-05,1.2764072405056641,1.2227863497328721,1.2234298622849078,1.2764991022111825,1.223128524016646,1.277888000749284,1.2233754175685176,1.2238576375922638,1.2232242048392754,1.2772929291997759,1.2226224722529018,1.223422513842964,1.2226827510799478
151,3.242099182834149,0.008946728982822142,0.017389458022080362,39.86864862748418,8.84191999343894e-05,1.2765954293164306,1.2225857512968226,1.2232390216914117,1.2766879203971448,1.2229331728833497,1.278098413396279,1.2231839192813356,1.2236733554380417,1.2230302373749522,1.2774943657005537,1.222419824997356,1.2232315780841811,1.2224807892628735
152,3.2422241562435103,0.008947613721146773,0.017218749970197678,39.84869254198668,8.819614622306848e-05,1.2767830815103505,1.2223856389533816,1.2230487089206612,1.2768761838740512,1.2227383317066767,1.278308378125363,1.2229929494855665,1.2234896315905264,1.222836783678964,1.2776953174259673,1.2222176652137604,1.2230411703532396,1.2222793122612905
153,3.2423487990306303,0.00894849611217702,0.017170207982417196,39.82879521663318,8.797125525476194e-05,1.2769701938569227,1.222186017117265,1.222858927485103,1.2770638891904829,1.2225440044211482,1.278517889674517,1.2228025117575487,1.2233064690578732,1.2226438475304977,1.277895779955721,1.2220159975594478,1.2228512941967222,1.222078324616621
154,3.2424731087588268,0.008949376138371847,0.017487332981545478,39.80896690842414,8.774453799033836e-05,1.2771567631718983,1.2219868901755202,1.2226696808599884,1.2772510329459208,1.2223501949278144,1.2787269428123547,1.2226126096410161,1.2231238707777086,1.2224514326793394,1.2780957489183806,1.2218148266722284,1.2226619530758427,1.2218778308480038
155,3.242597083011759,0.008950253782216947,0.01755545800551772,39.78919656920979,8.751600547967732e-05,1.2773427864114124,1.221788262459122,1.222480972484887,1.2774376117744315,1.222156907095235,1.2789355323615395,1.222423246651912,1.2229418395971965,1.2222595428312193,1.2782952199808584,1.2216141571420078,1.222473150511663,1.2216778354332425
156,3.242720719369544,0.008951129026449284,0.017354333016555756,39.76949271240577,8.728566886113102e-05,1.2775282603699905,1.2215901382832668,1.2222928058087208,1.2776236223329618,1.2219641447746983,1.2791436531430975,1.2222344262650422,1.2227603784406214,1.2220681816690386,1.2784941888245942,1.221413993560209,1.222284889926418,1.221478342835902
157,3.2428440154629548,0.008952001853698896,0.01752679201308638,39.749850398105664,8.705353936098125e-05,1.2777131821227963,1.221392521965096,1.2221051842481596,1.2778090613140163,1.2217719117997925,1.2793512999943903,1.2220461519780186,1.2225794901248732,1.2218773528866274,1.278692651102255,1.2212143404341775,1.222097174728092,1.221279357504262
158,3.2429669688684255,0.008952872246934692,0.017522709036711603,39.73026698514851,8.681962829289239e-05,1.2778975485288593,1.2211954177560596,1.2219181111581416,1.2779939254600172,1.2215802119557782,1.2795584678147736,1.221858427206462,1.2223991774971519,1.2216870601074679,1.2788906025806914,1.2210152022825027,1.2219100083308139,1.2210808838299836
159,3.243089577252325,0.008953740189116176,0.017260749998968095,39.71074137422957,8.658394705735987e-05,1.2780813567127394,1.220998829907982,1.2217315899008832,1.2781782115236393,1.2213890490263546,1.2797651514874862,1.2216712554116225,1.2222194433020455,1.2214973069807797,1.2790880389318744,1.2208165835110625,1.221723394092473,1.2208829261998093
160,3.2432118382367956,0.008954605663303888,0.017472374951466918,39.69129309687685,8.634650714115465e-05,1.2782646036986045,1.2208027626397293,1.2215456238013818,1.2783619162750788,1.2211984267463396,1.2799713459541688,1.2214846399526704,1.2220402903729208,1.2213080970571621,1.2792849560280928,1.220618488592807,1.221537335300355,1.2206854889664278
161,3.2433337494794277,0.00895546865273946,0.017270582960918546,39.67190153709522,8.610732011676324e-05,1.2784472864299925,1.2206072201621114,1.2213602161549748,1.278545036522466,1.2210083488495864,1.2801770461555957,1.2212985841919406,1.2218617214529628,1.2211194339186342,1.279481349628419,1.220420921983464,1.2213518353419122,1.220488576468226
162,3.2434553086824143,0.008956329140734614,0.017305416986346245,39.652571461810794,8.586639764182377e-05,1.2786294020458067,1.2204122066365477,1.2211753702369719,1.2787275691321016,1.2208188190204163,1.2803822470864552,1.221113091464565,1.2216837392338111,1.2209313211227188,1.279677215537513,1.2202238880472454,1.2211668975037722,1.220292192998767
163,3.2435765135270316,0.008957187110952227,0.017347584012895823,39.633313464728914,8.562375145855779e-05,1.2788109474725342,1.2202177262072853,1.220991089303679,1.278909510963413,1.2206298409264873,1.2805869437466186,1.2209281650658756,1.2215063464103026,1.2207437621742694,1.279872549606842,1.220027391146577,1.2209825250595245,1.2200963428331373
164,3.243697361781945,0.008958042546868456,0.017577291990164667,39.61410971925911,8.537939339319794e-05,1.2789919198936452,1.2200237829800564,1.2208073765816776,1.279090858920675,1.220441418218805,1.2807911311622109,1.2207438082907325,1.2213295456661346,1.220556760578852,1.280067347700686,1.21983143561936,1.2207987212402533,1.2199010302278548
165,3.2438178511527225,0.008958895432354478,0.017363417020533234,39.594980336447755,8.51333353554116e-05,1.2791723164240445,1.2198303810525468,1.220624235231737,1.2792716099715669,1.2202535544824933,1.280994804422128,1.2205600243645567,1.2211533396039935,1.2203703197815694,1.2802616057477605,1.2196360257201841,1.2206154892425614,1.2197062593726076
166,3.243937979414282,0.00895974575110915,0.01745954097714275,39.5759137707582,8.488558933772037e-05,1.2793521342693326,1.2196375245027082,1.2204416684516464,1.2794517610769713,1.2200662533180915,1.2811979585897335,1.2203768165378555,1.220977730854787,1.2201844432256,1.2804553196643853,1.2194411657420046,1.2204328322429112,1.2195120344767607
167,3.244057744302484,0.008960593487146205,0.017497790977358818,39.55690761023036,8.463616741491565e-05,1.2795313706618847,1.2194452173688108,1.220259679382035,1.2796313092460048,1.2198795182935527,1.2814005887725533,1.2201941880298897,1.2208027219626039,1.2199991343411416,1.2806484853719942,1.2192468598889608,1.2202507533414275,1.219318359711062
168,3.244177143596618,0.008961438624462711,0.01739791705040261,39.537971960078146,8.438508174347009e-05,1.2797100228085112,1.2192534636639603,1.2200782711306333,1.2798102515151881,1.219693352927548,1.2816026901323903,1.2200121419827674,1.2206283155070188,1.2198143964969557,1.280841098905291,1.2190531123958739,1.2200692557180626,1.2191252391988985
169,3.2442961750894477,0.008962281147408274,0.017345957981888205,39.51910040761531,8.413234456094507e-05,1.2798880878559118,1.219062267364347,1.219897446785593,1.2799885849571673,1.2195077607220013,1.281804257841838,1.2198306815414277,1.2204545139769905,1.2196302330524498,1.2810331562662156,1.2188599274281784,1.2198883424908908,1.2189326770437299
170,3.2444148366325707,0.008963121040285507,0.017242125002667308,39.50029956361006,8.387796818539431e-05,1.2800655631116984,1.218871632411198,1.2197172094027409,1.280166306687118,1.2193227451461908,1.2820052871071779,1.2196498097998756,1.2202813198562652,1.219446647323161,1.2812246535112584,1.2186673091789533,1.219708016720382,1.2187406773128107
171,3.244533126052517,0.008963958287568019,0.017531750025227666,39.4815566305199,8.362196501476348e-05,1.2802424458046786,1.2186815627593857,1.2195375619985795,1.2803434138341054,1.2191383096524127,1.2822057731490888,1.2194695298327125,1.2201087356966394,1.2192636426080958,1.2814155867048664,1.2184752617204027,1.2195282814846362,1.2185492440568
172,3.244651041207953,0.008964792873959189,0.017441042000427842,39.462885601855064,8.336434752628597e-05,1.2804187332805617,1.2184920622851056,1.2193585075707003,1.2805199035790134,1.2189544576438498,1.282405711242499,1.2192898446920992,1.2199367638748522,1.2190812221735963,1.2816059519357728,1.218283789119749,1.2193491397850815,1.2183583812769043
173,3.244768579983335,0.008965624783985753,0.017475000000558794,39.44427905660581,8.310512827587469e-05,1.2805944229253166,1.218303134861362,1.219180049100656,1.2806957731413333,1.2187711925234974,1.2826050966728078,1.2191107574114177,1.219765406756618,1.2188993892710585,1.2817957453530413,1.2180928955127026,1.2191705946500815,1.2181680929734386
174,3.24488574023477,0.00896645400253491,0.017451916995923966,39.425739734783235,8.284431989751024e-05,1.2807695121815883,1.2181147843194282,1.2190021895182048,1.2808710197695865,1.2185885176452487,1.2828039247640468,1.2189322709826391,1.2195946667496977,1.218718147115669,1.281984963108308,1.217902584859871,1.2189926489923728,1.2179783830961888
175,3.2450025198585335,0.008967280514761191,0.01738879201002419,39.40726734125087,8.258193510262499e-05,1.2809439983007997,1.2179270144817196,1.2188249317643534,1.2810456407324584,1.2184064363459726,1.2830021908622788,1.218754388387064,1.2194245462103621,1.2185374989084075,1.2821736013807679,1.2177128611463683,1.2188153056719773,1.217789255577085
176,3.245118916812136,0.008968104305659195,0.017246667004656047,39.388867164658095,8.23179866794837e-05,1.2811178787276707,1.2177398291428874,1.2186482787353923,1.2812196333024397,1.2182249519297041,1.2831998903417972,1.218577112555101,1.2192550474990123,1.2183574478018517,1.2823616564037006,1.2175237283814035,1.218638567623835,1.2176007143140262
177,3.245234929020325,0.008968925360555319,0.017513707978650928,39.370540547889625,8.205248749256015e-05,1.281291150941404,1.2175532320499782,1.2184722333024793,1.2813929948165441,1.2180440676676074,1.283397018599115,1.2184004464028326,1.2190861729045548,1.2181779969314779,1.282549124401534,1.217335190428808,1.2184624376917883,1.2174127631778195
178,3.2453505544469015,0.008969743664886452,0.01785887498408556,39.35226777530827,8.178545048191012e-05,1.2814638122850126,1.2173672269397513,1.218296798289658,1.2815657226431478,1.2178637867984665,1.2835935710899515,1.2182243927963068,1.2189179247389728,1.2179991493877511,1.2827360016804428,1.2171472512221697,1.2182869187240934,1.217225405993479
179,3.2454657910937943,0.008970559204052967,0.017505291965790093,39.33407332553292,8.151688866254081e-05,1.2816358602766997,1.2171818175377118,1.2181219765333318,1.2817378141106317,1.2176841125437707,1.2837895432781048,1.2180489545822721,1.2187503052915305,1.2178209082621463,1.2829222845249326,1.216959914612007,1.2181120136141326,1.2170386465722434
180,3.245580636940752,0.008971371963559138,0.017513333004899323,39.31593671581775,8.124681512377638e-05,1.2818072926827833,1.2169970074775642,1.2179477707935138,1.2819092667310688,1.2175050480938094,1.2839849306657218,1.217874134602856,1.218583316665617,1.2176432765997491,1.283107969264721,1.2167731844148812,1.2179377250983925,1.2168524886881888
181,3.245695089945869,0.008972181929484513,0.017290040967054665,39.29787973742469,8.09752430286201e-05,1.2819781067909268,1.2168128003688268,1.2177741838217704,1.282080077985831,1.2173265965890043,1.2841797288119383,1.2176999356365446,1.2184169610426288,1.2174662574260788,1.2832930522571984,1.2165870644422978,1.2177640559394354,1.2166669360690785
182,3.2458091482227553,0.008972989087628239,0.017290291958488524,39.27988847451807,8.070218561311274e-05,1.282148300225826,1.216629199848116,1.2176012183479146,1.2822502453589049,1.2171487611693774,1.2843739332675959,1.2175263604560431,1.21825124054921,1.2172898537396468,1.2834775298853016,1.2164015584699615,1.2175910089110078,1.2164819924378814
183,3.245922809799471,0.008973793424012402,0.01721604203339666,39.26196339885608,8.042765618568757e-05,1.2823178707040668,1.2164462094778046,1.2174288770488888,1.2824197663894237,1.2169715449265128,1.2845675396338108,1.217353411795668,1.218086157352285,1.21711406849939,1.2836613985622398,1.216216670190287,1.217418586657094,1.216297661467156
184,3.246036072722924,0.008974594924831329,0.017545290989801288,39.244114392801265,8.01516681265215e-05,1.282486815656772,1.21626383281764,1.2172571626225723,1.2825886386293717,1.2167949509352933,1.2847605435426215,1.2171810923602566,1.2179217135682012,1.2169389046380654,1.2838446547862208,1.2160324033366143,1.2172467919163317,1.216113946813684
185,3.246148935108891,0.00897539357638274,0.01738033298170194,39.22632370027984,7.987423488688322e-05,1.2826551328646965,1.2160820733620086,1.217086077680367,1.2827568597029482,1.2166189822219835,1.2849529406739262,1.2170094048350641,1.2177579112473398,1.2167643650742996,1.2840272950062994,1.2158487615479854,1.2170756273001977,1.2159308520747063
186,3.2462613950420924,0.008976189365236793,0.017269124975427985,39.20860877961492,7.959536998847742e-05,1.2828228199376794,1.2159009346083487,1.2169156248239366,1.2829244272335465,1.2164436417965103,1.285144726718822,1.2168383518418948,1.217594752417549,1.2165904526667317,1.2842093157351413,1.215665748438553,1.2169050954561087,1.2157483808382483
187,3.246373450678405,0.008976982277909017,0.017403958016075194,39.19097277751554,7.931508702278582e-05,1.282989874631147,1.2157204199941452,1.2167458066146137,1.2830913389033878,1.2162689326197216,1.2853358974230589,1.216667935985591,1.217432239140457,1.2164171702557944,1.2843907135351007,1.2154833676160535,1.216735198964951,1.215566536644604
188,3.2464851001445187,0.00897777230117538,0.01716829201905057,39.173393954743766,7.903339965040477e-05,1.2831562946945705,1.2155405329484092,1.2165766256273296,1.283257592407374,1.2160948576525383,1.2855264485352382,1.2164981598751516,1.2172703733437211,1.216244520670806,1.2845714849516758,1.215301622610957,1.2165659403597096,1.2153853230239973
189,3.246596341603521,0.008978559421861506,0.017449332983233035,39.15589031870204,7.875032160037937e-05,1.2833220778768675,1.2153612768605817,1.2164080843757816,1.2834231854909943,1.2159214198074406,1.2857163758685508,1.2163290260566588,1.2171091569948083,1.2160725066812015,1.284751626645608,1.215120516976279,1.216397322147293,1.2152047434616666
190,3.246707173231323,0.008979343626936333,0.01736770902061835,39.13845772101867,7.846586666953443e-05,1.2834872220496025,1.215182655096533,1.2162401853346647,1.2835881159206086,1.2157486219636549,1.2859056752571987,1.2161605370631312,1.2169485920236058,1.2159011310689432,1.2849311352064423,1.2149400541642372,1.216229346847405,1.215024801401737
191,3.246817593211407,0.008980124903414153,0.017445875040721148,39.12109346254079,7.818004872180198e-05,1.283651725082811,1.2150046709852869,1.2160729309799407,1.2837523814854317,1.21557646698461,1.286094342553833,1.21599269539664,1.2167886803613859,1.2157303965661033,1.2851100073052992,1.2147602376630695,1.2160620169237817,1.2148455002701446
192,3.2469275997357365,0.008980903238704326,0.017340624995995313,39.10380656804681,7.789288168754554e-05,1.283815584701648,1.2148273278134474,1.215906323730393,1.283915980026871,1.2154049576853314,1.2862823736823148,1.2158255035041765,1.2166294238658595,1.215560305855671,1.2852882396604604,1.2145810708804095,1.2158953348699542,1.2146668434479138
193,3.2470371910824207,0.008981678620298809,0.017754542001057416,39.08658286906942,7.760437956288123e-05,1.2839787988726354,1.2146506288357324,1.2157403659807604,1.2840789094262848,1.2152340968483195,1.2864697645807484,1.215658963798687,1.2164708243649403,1.2153908616065066,1.2854658290113665,1.2144025571673756,1.2157293030000147,1.214488834276487
194,3.247146365501776,0.00898245103570202,0.017547208000905812,39.06943598943737,7.731455640899563e-05,1.284141365449642,1.214474577293806,1.2155750601127282,1.2842411675844916,1.2150638872393684,1.286656511213102,1.2154930787209595,1.2163128836901531,1.2152220664530984,1.2856427721303612,1.214224699900521,1.2155639237059268,1.2143114760784701
195,3.2472551212637475,0.008983220472678983,0.017788292025215924,39.05236025889606,7.702342635146033e-05,1.284303282315134,1.2142991763970163,1.215410408478367,1.2844027524186736,1.2148943315919614,1.2868426095776067,1.2153278506381555,1.2161556036485515,1.2150539230092916,1.2858190657959014,1.214047502374892,1.2153991993381332,1.2141347721476963
196,3.247363456678443,0.008983986919144885,0.017472125007770956,39.035359014595386,7.673100357954367e-05,1.2844645473282252,1.2141244293072242,1.2152464133684406,1.2845636619052887,1.2147254325915642,1.2870280557492573,1.2151632818602027,1.215998985997989,1.2148864338358074,1.285994706863297,1.2138709678753297,1.2152351322835786,1.2139587257252515
197,3.247471370091276,0.008984750363079923,0.01756537496112287,39.01842347716696,7.643730234551894e-05,1.2846251586244095,1.213950339122257,1.2150830770819352,1.284723894065965,1.214557192907408,1.2872128457902323,1.2149993747270387,1.2158430324076637,1.2147196014941775,1.2861696921644554,1.2136950995805638,1.215071724791628,1.213783340029506
198,3.247578859812491,0.008985510792560228,0.017384374979883432,39.00156484045105,7.614233696396995e-05,1.284785114163183,1.2137769089763393,1.214920401876518,1.284883446906309,1.2143896151755889,1.287396975815182,1.2148361315213392,1.2156877445972674,1.2145534285086816,1.286344018612668,1.2135199007914779,1.214908979090264,1.2136086182429815
199,3.247685924193255,0.008986268195975193,0.017513084050733596,38.9847753358434,7.58461218110933e-05,1.2849444119440283,1.2136041419066539,1.2147583899702508,1.2850423185396658,1.214222701984958,1.2875804419966608,1.214673554483431,1.2155331242157694,1.214387917346991,1.286517683175615,1.2133453746353418,1.2147468973888744,1.2134345634972825
200,3.247792561626541,0.008987022561692997,0.01741883304202929,38.96805762929048,7.554867132399762e-05,1.2851030499749172,1.2134320409832813,1.2145970435608053,1.2852005070429224,1.2140564559236209,1.2877632405026,1.2145116458336895,1.2153791729231356,1.2142230704659078,1.2866906828111802,1.2131715242712824,1.214585481935087,1.2132611789263863
201,3.2478987705087685,0.008987773878350598,0.017410165979526937,38.9514159739709,7.525e-05,1.2852610264031883,1.2132606091807905,1.2144363647976775,1.2853580105694469,1.2138908795151468,1.2879453675681933,1.2143504077725726,1.2152258923236927,1.2140588903022675,1.2868630144771884,1.2129983527441544,1.2144247348833874,1.2130884675890579
202,3.2480045492555436,0.008988522134633603,0.01748816599138081,38.93484720333742,7.495012239591944e-05,1.2854183393443606,1.213089849461186,1.2142763558318501,1.2855148272979178,1.2137259752672298,1.2881268194593454,1.2141898424490651,1.2150732839848482,1.213895379260282,1.2870346751910169,1.2128258630736104,1.214264658441892,1.2129164325329258
203,3.248109896299496,0.008989267319408292,0.017168499995023012,38.918353446350345,7.464905312736727e-05,1.2855749870200843,1.2129197647607621,1.214117018732181,1.2856709554314083,1.2135617456388847,1.2883075924814362,1.2140299519781694,1.2149213494714475,1.2137325396861987,1.2872056620274632,1.2126540583146301,1.2141052546558946,1.2127450767515757
204,3.2482148100872887,0.008990009421566301,0.017422708042431623,38.90192239056037,7.43468068680349e-05,1.2857309676654354,1.2127503579671777,1.2139583555868945,1.2858263932219738,1.2133981930898858,1.2884876829566734,1.2138707384834597,1.2147700902882685,1.2135703739413164,1.287375972057013,1.212482941442954,1.213946525619048,1.2125744032306378
205,3.248319289065846,0.008990748430379298,0.017534499987959862,38.885575941874585,7.404339834897864e-05,1.2858862793901793,1.2125816319391363,1.2138003684287033,1.2859811389363318,1.213235320015119,1.288667087281939,1.2137122040044137,1.2146195079396376,1.2134088843039461,1.287545602437189,1.212312515424432,1.2137884733761142,1.212404414899385
206,3.2484233317639326,0.008991484335216904,0.017343042010907084,38.86930579313032,7.373884235790159e-05,1.2860409203387264,1.2124135895262131,1.213643059271151,1.2861351908626373,1.2130731287933911,1.288845801870155,1.2135543505744377,1.21446960391915,1.2132480730328457,1.2877145503535063,1.2121427831751113,1.2136310999146358,1.2122351146652777
207,3.248526936714504,0.00899221712556961,0.017194417014252394,38.85309744480049,7.343315373843317e-05,1.2861948888171835,1.2122462334955721,1.2134864300920611,1.286288547388865,1.2129116217555933,1.2890238231839282,1.213397180192347,1.2143203796160724,1.2130879423700995,1.2878828129944222,1.2119737475517989,1.2134744071990764,1.2120665053750246
208,3.24863010245107,0.008992946791011413,0.01716912497067824,38.83696698698037,7.312634738940537e-05,1.2863481830600054,1.2120795666149666,1.2133304828372717,1.286441206862715,1.2127508012165147,1.289201147721142,1.2132406948288417,1.2141718364707146,1.2129284945299215,1.288050387606016,1.2118054114582602,1.213318397162296,1.211898589856705
209,3.248732827532896,0.008993673321316984,0.0172594579635188,38.82091691486433,7.281843826412683e-05,1.2865008013526098,1.2119135916314594,1.21317521943974,1.286593167660011,1.2125906694581947,1.2893777719945576,1.2130848964204506,1.214023975877336,1.2127697316850206,1.288217271430888,1.2116377776420455,1.2131630717895314,1.2117313709201583
210,3.248835110548128,0.008994396706390788,0.017482124967500567,38.80493414535932,7.250944136965391e-05,1.2866527420667013,1.2117483112139316,1.2130206417671299,1.2867444282488811,1.2124312287156034,1.2895536925950928,1.212929786863759,1.2138767991628532,1.2126116559694209,1.2883834617958425,1.2114708488590993,1.2130084329709827,1.2115648513094366
211,3.2489369500928587,0.008995116936351999,0.017368834000080824,38.789022988467146,7.219937176605933e-05,1.2868040034939172,1.2115837280301092,1.2128667516932963,1.2868949871130038,1.2122724812074412,1.2897289061284127,1.2127753680371876,1.2137303076514805,1.2124542694953173,1.288548956024012,1.2113046278338029,1.2128544825413436,1.211399033746652
212,3.2490383447987803,0.008995834001373862,0.01725508301751688,38.77319834106363,7.188824456569812e-05,1.2869545840068228,1.2114198446929318,1.212713551044346,1.2870448427559036,1.2121144291035677,1.289903409238676,1.2126216417797258,1.2135845026703413,1.2122975743608218,1.2887137514879585,1.2111391172772594,1.2127012223413134,1.2112339209100818
213,3.2491392933066434,0.008996547891738298,0.01719541597412899,38.7574440442869,7.157607493247111e-05,1.2871044821960234,1.211256663770179,1.2125610416034904,1.2871939937369532,1.2119570745425023,1.2900771986173094,1.212468609912781,1.2134393854611263,1.2121415726048033,1.2888778455916519,1.2109743198036054,1.212548654125279,1.2110695154427629
214,3.249239794242403,0.008997258598065183,0.01720745797501877,38.741756564605744,7.126287808108578e-05,1.2872536964263281,1.2110941878206603,1.212409225136458,1.2873424386346528,1.2118004196472738,1.2902502709928356,1.2123162742227664,1.2132949572248866,1.2119862662326915,1.2890412357941126,1.2108102380021035,1.2123967796344257,1.2109058199684826
215,3.249339846313725,0.008997966110870692,0.017297125014010817,38.72615100811028,7.094866927631483e-05,1.2874022253240742,1.2109324193468618,1.2122581033890172,1.2874901760508097,1.2116444664753776,1.290422623123429,1.2121646364486947,1.2131512192252327,1.2118316572369445,1.289203919551029,1.2106468743925851,1.2122456006539408,1.2107428370388968
216,3.249439448183168,0.008998670421205052,0.017541666980832815,38.71061673780517,7.063346383225212e-05,1.2875500670505853,1.2107713608366857,1.2121076780581355,1.2876372046443014,1.2114892170857912,1.2905942518310665,1.212013698310986,1.2130081725757473,1.2116777475794247,1.2893658943711144,1.2104842315799216,1.2120951189424254,1.2105805692064588
217,3.249538598659569,0.008999371519874013,0.017493165971245617,38.69516004777733,7.031727711156629e-05,1.28769722037156,1.2106110147143996,1.2119579508013174,1.2877835230898163,1.2113346734730215,1.290765153972761,1.2118634614793429,1.2128658184240735,1.2115245391607137,1.2895271578163554,1.2103223120342637,1.2119453361707457,1.210419018952935
218,3.2496372964386957,0.009000069398055416,0.017422333010472357,38.67977327028919,7.000012452475209e-05,1.2878436838336533,1.2104513833804842,1.2118089232594282,1.2879291301112354,1.2111808376157722,1.2909353264370624,1.2117139276145779,1.2127241578800183,1.2113720338744394,1.2896877074629045,1.210161118254178,1.2117962538729399,1.2102581887420307
219,3.2497355402904606,0.00900076404690174,0.01757291698595509,38.66446878357764,6.96820215293791e-05,1.2879894561124803,1.2102924692012726,1.211660597045278,1.2880740244490345,1.2110277114609942,1.2911047661430286,1.2115650983434458,1.2125831920386816,1.211220233578345,1.2898475409339287,1.2100006526336682,1.21164787369336,1.2100980809978619
220,3.2498333289750256,0.009001455458057799,0.017185457982122898,38.64924239961879,6.936298362933857e-05,1.2881345356057365,1.2101342745104475,1.2115129737249128,1.2882182048921196,1.2108752969075862,1.2912734700777726,1.2114169752268267,1.2124429219639996,1.2110691400697402,1.290006655924502,1.2098409175500395,1.2115001972311,1.2099386981047267
221,3.249930661366408,0.009002143623048927,0.01750266697490588,38.63407842144932,6.904302637408764e-05,1.288278921003392,1.2099768016094457,1.211366054850758,1.2883616702518643,1.2107235958385891,1.2914414352475758,1.2112695598475558,1.212303348667398,1.2109187551581038,1.2901650500874295,1.2096819153550387,1.2113532260181377,1.2097800424111083
222,3.2500275362763507,0.009002828533531664,0.01774275000207126,38.61899928540163,6.872216535789157e-05,1.2884226111168384,1.2098200527270875,1.2112198419374898,1.288504419386856,1.2105726100894123,1.291608658707782,1.2111228537241197,1.2121644731470538,1.2107690805984288,1.2903227211493358,1.2095236483177463,1.211206961553304,1.2096221162265943
223,3.250123952528449,0.009003510181522848,0.017491124977823347,38.60400150567437,6.840041621906358e-05,1.2885656046295557,1.2096640301115518,1.211074336421528,1.288646451174297,1.2104223414466824,1.2917751375680808,1.210976858339464,1.2120262963947532,1.210620118103068,1.2904796668861704,1.2093661186572906,1.2110614052747697,1.2094649218085578
224,3.250219909015185,0.009004188559027453,0.017316750017926097,38.589066780775646,6.807779463920278e-05,1.2887079002265789,1.2095087359454744,1.2109295397868982,1.2887877645079877,1.210272791698165,1.291940868946756,1.2108315751675771,1.21188881934537,1.210471869377778,1.2906358850865391,1.2092093286261008,1.210916558663107,1.2093084614042577
225,3.250315404632434,0.009004863658167323,0.017553457990288734,38.57421965310445,6.775431634242986e-05,1.2888494966790573,1.209354172362299,1.2107854534689257,1.28892835834372,1.2101239625838387,1.292105850029611,1.21068700564123,1.2117520429221984,1.2103243360867788,1.2907913735831642,1.2090532803956615,1.210772423172219,1.2091527372142312
226,3.2504104382824783,0.009005535471361157,0.01757233403623104,38.55944378359768,6.742999709462061e-05,1.2889903927974091,1.2092003414937484,1.2106420788245154,1.2890682316763264,1.2099758557952698,1.2922700780486547,1.2105431511481095,1.211615968000466,1.2101775198507065,1.290946130250578,1.2088979760926033,1.2106290001315896,1.2089977513883334
227,3.2505050089052494,0.009006203991192287,0.017560667009092867,38.54474475418308,6.710485270263764e-05,1.2891305873884717,1.2090472454011356,1.2104994172159373,1.2892073835016162,1.209828472992934,1.2924335502716247,1.2104000130400374,1.2114805954123156,1.210031422228497,1.2911001530514525,1.2087434178362513,1.2104862908655059,1.2088435060360614
228,3.250599115475256,0.009006869210296245,0.017398583004251122,38.53012679385304,6.677889901355988e-05,1.2892700792679075,1.2088948861209237,1.210357469972019,1.2893458128475463,1.209681815821043,1.2925962639898176,1.2102575926601773,1.2113459260210655,1.209886044813954,1.291253439864373,1.2085896076790528,1.210344296763367,1.2086900032521228
229,3.2506927569756128,0.009007531121486901,0.017167707963380963,38.51557766181062,6.64521519139103e-05,1.2894088673092063,1.208743265657328,1.2102162383789161,1.2894835188048932,1.209535885876816,1.2927582165649019,1.210115891304306,1.2112119605930587,1.2097413891075175,1.291405988727412,1.2084365476601284,1.2102030190969824,1.2085372450740002
230,3.250785932406919,0.009008189717829868,0.01723904098616913,38.501105124907475,6.612462732888158e-05,1.2895469504424901,1.208592385944307,1.2100757236937194,1.2896205004967203,1.2093906847092042,1.2929194054011814,1.2099749102299888,1.2110786998908476,1.2095974566033278,1.2915577976408612,1.2082842397297653,1.2100624591093725,1.208385233488972
231,3.250878645478357,0.009008844992795851,0.017600165971089154,38.48672151083913,6.57963412215599e-05,1.28968432707581,1.2084422493430573,1.209935927329571,1.289756757247943,1.2092462138684072,1.2930798277179179,1.2098346506537585,1.210946144961843,1.209454248590816,1.2917088647846926,1.2081326853898067,1.2099226180287248,1.2082339702559721
232,3.2509708908112436,0.00900949694015614,0.017418375005945563,38.47242876308513,6.5467309592147e-05,1.2898209958053908,1.2082928581329033,1.2097968506203185,1.289892288375421,1.2091024748244035,1.2932394808331222,1.2096951137142578,1.21081429675474,1.2093117662794766,1.2918591884270676,1.207981886103004,1.209783496982641,1.2080834570663934
233,3.2510626672024605,0.009010145553752695,0.017571875010617077,38.458193848097736,6.513754847718032e-05,1.2899569551467727,1.2081442145650356,1.2096584948312308,1.2900270932352627,1.2089594690641936,1.293398362088678,1.209556300575866,1.2106831561492286,1.2091700109177925,1.292008766785308,1.2078318433651933,1.2096450971322459,1.2079336956408129
234,3.2511539737576287,0.009010790827626881,0.017368624976370484,38.44405018225344,6.480707394875136e-05,1.2900922037014901,1.2079963207404194,1.2095208611968775,1.2901611712129173,1.208817197994444,1.2935564689337156,1.2094182123343593,1.210552723998626,1.2090289837139285,1.2921575981449576,1.2076825586611193,1.2095074195905307,1.2077846876514327
235,3.251244809619423,0.009011432755848736,0.017497749999165535,38.429970540128316,6.44759021137224e-05,1.2902267403679157,1.2078491786500876,1.2093839508913258,1.2902945217331085,1.2086756629913018,1.2937137988814997,1.2092808500564858,1.2104230010181365,1.2088886858454573,1.292305680829109,1.2075340334677747,1.2093704653933162,1.207636434748656
236,3.251335173911888,0.00901207133244417,0.017381625017151237,38.41598533602877,6.414404911294147e-05,1.290360563908525,1.207702790277404,1.2092477651108784,1.2904271441495228,1.2085348654294985,1.2938703494474868,1.2091442148154439,1.2102939880406893,1.2087491185543247,1.2924530130800618,1.2073862692860156,1.2092342356853647,1.2074889386078478
237,3.251425065779181,0.009012706551920066,0.017583917011506855,38.402069046709464,6.381153112045566e-05,1.2904936731586552,1.207557157502922,1.2091123049421,1.2905590379045127,1.2083948066215047,1.294026118250216,1.2090083076260143,1.2101656857124068,1.2086102829788505,1.292599593268983,1.2072392675605819,1.209098731440354,1.2073422008487076
238,3.2515144844395767,0.009013338408486235,0.017454916960559785,38.38823202530586,6.347836434272281e-05,1.290626067180827,1.2074122821396267,1.2089775714661006,1.2906902024326619,1.2082554878474627,1.2941811029609787,1.2088731294813593,1.210038094723906,1.2084721802754668,1.292745419790435,1.207093029827257,1.2089639536150323,1.2071962230710738
239,3.2516034290455096,0.009013966896723936,0.01713962503708899,38.37447109264669,6.314456501782164e-05,1.29075774498257,1.2072681659607083,1.2088435656746552,1.2908206371913835,1.2081169103564566,1.2943353013040142,1.2087386813378231,1.2099112156412168,1.208334811553459,1.2928904910645647,1.2069475575903181,1.208829903174877,1.2070510068429
240,3.251691898829283,0.009014592011296283,0.01705108303576708,38.36079331722057,6.281014941466031e-05,1.2908887056110114,1.207124810645043,1.208710288586554,1.2909503416510528,1.2079790753655646,1.2944887110543661,1.2086049641332124,1.2097850490316742,1.208198177921795,1.2930348055171643,1.2068028523011476,1.2086965810641055,1.2069065537272559
241,3.2517798930350987,0.009015213747173845,0.017238292028196156,38.34718506736263,6.247513383218355e-05,1.2910189480882575,1.2069822178232297,1.2085777411225387,1.2910793153538171,1.2078419840447263,1.2946413300566424,1.2084719787542118,1.2096595953891462,1.2080622804475083,1.2931783616184174,1.2066589154141814,1.2085639881632106,1.2067628652313145
242,3.2518674109631975,0.00901583209933003,0.017275167047046125,38.33365408315385,6.213953459857821e-05,1.2911484716898125,1.206840389066239,1.2084459241595307,1.2912075578595377,1.2077056375324737,1.294793156198531,1.208339726070697,1.2095348551800809,1.207927120176245,1.293321157862718,1.206515748308799,1.2084321252773405,1.206619942837647
243,3.251954451885421,0.009016447062804005,0.017613250005524606,38.32020116226523,6.180336807047746e-05,1.2912772756209192,1.206699325935015,1.2083148385668774,1.2913350687062966,1.2075700369516746,1.294944187403318,1.2082082069262419,1.2094108288327288,1.207792698133198,1.2934631927822393,1.2063733523808293,1.2083009932920123,1.20647778801475
244,3.2520410151038313,0.009017058632974693,0.017396500043105334,38.306835619263715,6.146665063216365e-05,1.2914053590363044,1.2065590298691382,1.2081844851880488,1.2914618474876312,1.2074351833613808,1.2950944216702949,1.2080774221182682,1.209287516768749,1.2076590153103766,1.2936044649537681,1.2062317289934863,1.2081705930020414,1.2063364021822702
245,3.2521270999836913,0.009017666805241695,0.01731795899104327,38.29354160805868,6.112939869476964e-05,1.291532721305716,1.206419502274355,1.208054864795597,1.2915878938380894,1.2073010777895787,1.29524385705311,1.2079473724031806,1.2091649193119467,1.207526072671304,1.293744972970414,1.206090879487701,1.2080409251866813,1.2061957867234503
246,3.2522127058742756,0.009018271575069967,0.017674500006251037,38.28032162872451,6.0791628695479094e-05,1.2916593618334975,1.2062807445145136,1.207925978162766,1.291713207396336,1.2071677212487641,1.2953924916259867,1.2078180585400744,1.2090430367851819,1.2073938711623144,1.2938847154490156,1.205950805142761,1.20791199061461,1.2060559430123694
247,3.2522978321317684,0.009018872938170162,0.017623958992771804,38.26718585472447,6.045335709672526e-05,1.291785279957423,1.2061427579142852,1.2077978259932685,1.2918377878498322,1.207035114703889,1.2955403235302445,1.207689481238512,1.2089218694648662,1.2072624116949988,1.2940236910842546,1.205811507290502,1.2077837899689454,1.20591687237133
248,3.2523824781629593,0.009019470890547733,0.0176007499685511,38.25412131014537,6.011460038538862e-05,1.2919104750949353,1.2060055436986041,1.2076704089634582,1.2919616349031988,1.2069032590731656,1.2956873509783862,1.207561641153479,1.2088014175796362,1.2071316951288003,1.2941618985838774,1.2056729871601395,1.2076563239139304,1.2057785760753281
249,3.2524666434185163,0.009020065428041119,0.017371333960909396,38.24114327027404,5.9775375071993364e-05,1.292034946765084,1.2058691031271385,1.2075437277237984,1.2920847482542246,1.2067721552582524,1.2958335721876588,1.2074345389408903,1.2086816813712329,1.2070017223196023,1.2942993367039541,1.205535246005043,1.2075295931185206,1.205641055381649
250,3.2525503273111487,0.009020656546858939,0.017607916030101478,38.22824069238855,5.9435697689902714e-05,1.2921586944669514,1.2057334373481035,1.2074177828924215,1.2922071276648637,1.2066418041141054,1.2959789854568708,1.207308175216514,1.2085626610157834,1.2068724940842475,1.2944360042138021,1.2053982850065825,1.2074035981798272,1.2055043115063364
251,3.2526335293151027,0.009021244243460475,0.017450915998779237,38.21541680444157,5.909558479451306e-05,1.2922817176230994,1.2055985474709032,1.2072925750567796,1.2923287729230166,1.2065122064560874,1.296123589130379,1.2071825505531035,1.208444356689073,1.2067440112020131,1.294571899934742,1.205262105295117,1.207278339677734,1.2053683456282243
252,3.2527162489569266,0.009021828514254813,0.017551291035488248,38.20266594384993,5.8755052962447066e-05,1.2924040158784287,1.2054644345958827,1.207168104728782,1.2924496838744166,1.2063833630765521,1.2962673815851005,1.207057665502292,1.2083267684978616,1.2066162744334845,1.2947070227176494,1.2051267080048276,1.207153818122487,1.2052331588868033
253,3.252798485725717,0.009022409355895137,0.017559458035975695,38.18998819382803,5.841411879074583e-05,1.2925255888477827,1.205331099728549,1.2070443723907842,1.292569860416828,1.2062552747208464,1.2964103612746918,1.206933520575725,1.2082098964920973,1.2064892845004767,1.2948413714386449,1.2049920942043888,1.2070300340692135,1.205098752379055
254,3.2528802391626104,0.009022986765154463,0.017494792002253234,38.17740608369094,5.807279889605989e-05,1.29264643617111,1.2051985438812498,1.20692137854752,1.2926893023666222,1.2061279421101299,1.2965525266722033,1.206810116258462,1.2080937407402637,1.2063630420924654,1.2949749450251486,1.2048582649507165,1.2069069880049923,1.2049651271757036
255,3.252961508824172,0.009023560739059104,0.01758329098811373,38.16489350114873,5.773110991383939e-05,1.2927665574857126,1.2050667679898734,1.206799123637224,1.2928080096327237,1.2060013659102855,1.2966938763015001,1.2066874529842893,1.2079783012890235,1.2062375478598195,1.2951077424780142,1.2047252212610842,1.2067846803471227,1.2048322842913834
256,3.253042294307997,0.009024131274599384,0.01756895799189806,38.15244802260762,5.738906849752325e-05,1.2928859526015015,1.2049357729349297,1.2066776080352053,1.292925982230547,1.20587554677302,1.296834408748655,1.2065655311892645,1.2078635781184883,1.2061128024391632,1.2952397627569747,1.204592964086482,1.2066631115219622,1.2047002247220213
257,3.2531225951831373,0.009024698369092478,0.01758208399405703,38.140097168712174,5.704669131772759e-05,1.2930046212708277,1.2048055596163425,1.206556832150634,1.2930432200507866,1.2057504853012806,1.2969741226270974,1.2064443512532386,1.207749571203246,1.205988806410703,1.2953710049229212,1.2044614943290943,1.2065422818991358,1.2045689494043386
258,3.2532024110786226,0.009025262019963674,0.017328083980828524,38.12782098826953,5.670399506143308e-05,1.2931225632093275,1.2046761288427874,1.2064367963315397,1.2931597230863958,1.2056261820673873,1.2971130166109381,1.206323913520367,1.2076362804956717,1.2058655603366988,1.295501468056596,1.2043308128997987,1.2064221918702578,1.204438459255514
259,3.25328174165446,0.009025822224971286,0.017463958996813744,38.115612735240674,5.636099643117181e-05,1.2932397782076892,1.2045474813783075,1.2063175008543192,1.2932754913741713,1.20550263759672,1.2972510894390556,1.206204218305514,1.207523705834151,1.2057430647287715,1.295631151286101,1.2042009206495294,1.2063028417137165,1.2043087551331684
260,3.2533605866119517,0.0090263789817059,0.017285125039052218,38.10349161123823,5.601771214421311e-05,1.2933562661575244,1.2044196179789235,1.2061989459890963,1.2933905249723807,1.2053798523992367,1.2973883398596406,1.2060852659106627,1.207411847146481,1.205621320085684,1.2957600537588982,1.2040718183930499,1.2061842317490965,1.2041798378681166
261,3.2534389456118147,0.00902693228811198,0.017356834025122225,38.091447998339945,5.5674158931748854e-05,1.2934720269579019,1.2042925393162691,1.2060811319696154,1.2935048239887612,1.2052578269297527,1.2975247666985006,1.2059670565727125,1.2073007042539827,1.2055003268572426,1.2958881746810156,1.2039435069041868,1.2060663622158962,1.2040517082469824
262,3.253516818373474,0.009027482142278965,0.01744470896665007,38.079479602524984,5.53303535380779e-05,1.2935870605108295,1.2041662460207088,1.2059640590116456,1.2936183885544914,1.2051365616118943,1.2976603688256538,1.2058495905152191,1.2071902769664806,1.2053800854628651,1.296015513285739,1.203815986920168,1.205949233328843,1.2039243670161135
263,3.2535942046391297,0.009028028542473105,0.017412208020687103,38.067590821398205,5.4986312719790125e-05,1.2937013667477635,1.2040407387353849,1.2058477272787482,1.293731218808134,1.2050160568381434,1.2977951451453138,1.2057328679218686,1.2070805650655496,1.2052605962757783,1.296142068873412,1.2036892591130122,1.2058328452752012,1.203797814872488
264,3.2536711041724757,0.009028571487087345,0.017104583035688847,38.055777382543084,5.464205324494962e-05,1.2938149455960566,1.2039160180329547,1.2057321369082077,1.2938433149354178,1.2048963129696209,1.2979290946090611,1.2056168889556282,1.2069715683198716,1.2051418596666108,1.2962678407404078,1.2035633241434052,1.2057171982283093,1.2036720524891884
265,3.2537475167622834,0.00902911097467806,0.017236582993064076,38.044049962209186,5.429759189227753e-05,1.2939277970488325,1.2037920844355177,1.2056172880084992,1.2939546771482484,1.2047773303201983,1.2980622162230664,1.2055016537304786,1.2068632864659097,1.2050238759501104,1.296392828254118,1.2034381826282925,1.205602292321547,1.2035470804911732
266,3.253823442217799,0.00902964700397317,0.017197457957081497,38.032387764332704,5.3952945450334214e-05,1.2940399212071685,1.2036689384124786,1.2055031806639211,1.29406530568845,1.2046591091644425,1.2981945090412095,1.205387162337408,1.2067557191947007,1.2049066454168564,1.2965170307895437,1.2033138351130002,1.2054881276263982,1.2034228994589202
267,3.2538988803592024,0.00903017957404569,0.017370000015944242,38.02081643566593,5.360813071670102e-05,1.2941513179691777,1.203546580402371,1.2053898149117983,1.294175200839184,1.2045416497542734,1.298325972161436,1.2052734148312856,1.2066488661631927,1.2047901683168878,1.2966404477628328,1.2031902821449505,1.20537470419965,1.2032995099457728
268,3.2539738310902835,0.009030708683931615,0.017290959018282592,38.009303342079825,5.326316449716161e-05,1.294261987501886,1.203425010821278,1.2052771907261224,1.2942843629176768,1.2044249523029102,1.2984566047402244,1.2051604112329357,1.2065427269565667,1.20467444484781,1.2967630786687163,1.2030675242055502,1.2052620220592232,1.2031769124526326
269,3.2540482942764366,0.00903123433271511,0.01742545800516382,37.99789672748361,5.291806360488286e-05,1.294371929986416,1.203304230022982,1.2051653081203537,1.294392792216892,1.2043090169750859,1.2985864059666599,1.2050481515295,1.206437301252514,1.2045594751992585,1.2968849230235173,1.20294556175732,1.2051500812168183,1.203055107434776
270,3.2541222697904266,0.009031756519975313,0.017337707977276295,37.986538735949686,5.257284485959538e-05,1.29448114546694,1.2031842383300917,1.2050541670015704,1.2945004891549987,1.2041938439139135,1.2987153750858578,1.2049366356746234,1.2063325885787384,1.2044452595115913,1.297005980363921,1.2028243951974253,1.2050388816137876,1.202934095312638
271,3.2541957575966225,0.00903227524516059,0.01774666697019711,37.975273829322106,5.22275250867738e-05,1.294589634140677,1.2030650360468638,1.2049437673023244,1.2946074540974775,1.2040794332221096,1.2988435113773606,1.2048258635985478,1.2062285885424304,1.2043317979125743,1.2971262502739582,1.2027040248815766,1.2049284232015436,1.2028138764637306
272,3.2542687576196587,0.009032790507957342,0.017397458956111223,37.96408902264063,5.188212111681667e-05,1.2946973962517077,1.2029466234069213,1.2048341089055992,1.2947136874619907,1.2039657849638654,1.2989708141734349,1.2047158351944949,1.206125300682729,1.2042190904728096,1.2972457324067812,1.2025844511162915,1.2048187058639483,1.2026944512298594
273,3.2543412698209404,0.009033302308350841,0.017376707983203232,37.95296642274595,5.153664978422618e-05,1.2948044319729144,1.2028290006260254,1.2047251916382167,1.2948191897254544,1.203852899172745,1.299097282860689,1.2046065503137624,1.2060227244657757,1.2041071372247891,1.2973644264321058,1.2024656741837871,1.2047097294538232,1.2025758199059131
274,3.2544132942150137,0.009033810646264587,0.017324334010481834,37.94194282936812,5.11911279267877e-05,1.294910741680672,1.2027121678652872,1.2046170153003775,1.29492396136699,1.203740775834559,1.2992229168675846,1.2044980087824992,1.2059208593929074,1.203995938174776,1.297482332060418,1.2023476943170601,1.204601493819512,1.2024579827367836
275,3.254484830787004,0.009034315522052918,0.017467540979851037,37.93098931805949,5.0845572384749094e-05,1.2950163255455276,1.2025961252349806,1.2045095796772458,1.2950280029049335,1.2036294149044338,1.29934771567975,1.2043902103854638,1.2058197048923338,1.203885493284916,1.2975994490566367,1.2022305117368546,1.2044939987423335,1.2023409399394183
276,3.254555879615574,0.009034816936048377,0.017377624986693263,37.92010599744219,5.05e-05,1.2951211839060197,1.202480872821106,1.2044028845196593,1.2951313148834462,1.2035188163144097,1.299471678810172,1.2042831549068582,1.2057192604123994,1.2037758025127556,1.2977157771796202,1.2021141265506088,1.2043872440037477,1.2022246916954307
277,3.254626440749303,0.009035314888806548,0.01730041700648144,37.90929971669241,5.015442761525091e-05,1.2952253170909536,1.2023664106697376,1.2042969295306416,1.2952338978978843,1.2034089799416954,1.2995948058369773,1.2041768420487955,1.205619525337493,1.2036668657334062,1.2978313163139368,1.2019985389027188,1.2042812293198455,1.2021092381242686
278,3.2546965142797797,0.009035809381021219,0.01740583300124854,37.89857322996374,4.980887207321232e-05,1.2953287255643777,1.2022527387765107,1.204191714384945,1.2953357525492928,1.2032999056322704,1.2997170963861326,1.204071271507473,1.2055204990023796,1.2035586828153877,1.2979460663092075,1.2018837488421001,1.204175954394319,1.201994579310453
279,3.254766100304686,0.009036300413564676,0.017320165992714465,37.887931231082646,4.9463350215773845e-05,1.2954314096591026,1.2021398571446844,1.2040872387550412,1.2954368794443436,1.203191593208502,1.2998385501072236,1.2039664429501407,1.2054221807636096,1.203451253599665,1.2980600270694558,1.201769756402176,1.2040714189076662,1.201880715312202
280,3.2548351989613327,0.009036787987436233,0.01724229200044647,37.87736016051665,4.911787888318336e-05,1.2955333698747722,1.2020277656613783,1.2039835022541863,1.295537279251041,1.2030840424385554,1.2999591667234793,1.2038623560007184,1.2053245699330388,1.2033445778739842,1.2981731985661034,1.2016565615884736,1.2039676224782396,1.201767646127839
281,3.2549038103953074,0.009037272103893079,0.017434875015169382,37.86686855240855,4.877247491322621e-05,1.2956346066298907,1.201916464210365,1.2038805044573793,1.2956369526837679,1.202977253067518,1.3000789459913487,1.2037590102588123,1.2052276658229095,1.2032386554065095,1.298285580775531,1.2015441643215776,1.2038645646858737,1.2016553717267473
282,3.254971934794021,0.009037752764269448,0.017111500026658177,37.856452421874536,4.8427155140404615e-05,1.2957351203959966,1.2018059526467342,1.2037782449242538,1.295735900460201,1.2028712248012345,1.3001978877145828,1.203656405284854,1.205131467679427,1.2031334859195204,1.2983971737413187,1.201432564524553,1.203762245135624,1.20154389202953
283,3.255039572358635,0.009038229970090506,0.01735058397753164,37.84611383868415,4.808193639511714e-05,1.2958349117889725,1.2016962307734775,1.203676723179123,1.295834123323318,1.2027659573065634,1.3003159917428502,1.2035545406054313,1.2050359746876629,1.2030290690949923,1.2985079775315793,1.2013217620417667,1.2036606633519897,1.2014332069187859
284,3.255106723302423,0.00903870372303131,0.01733129203785211,37.83583887517226,4.773683550283839e-05,1.2959339813650348,1.2015872983568894,1.203575938698319,1.2959316220698447,1.2026614502197757,1.3004332579822302,1.2034534157176007,1.2049411860489938,1.2029254045968492,1.298617992251057,1.2012117566827856,1.2035598188521859,1.2013233162341839
285,3.255173387868401,0.009039174024998736,0.01746408303733915,37.82566281938266,4.739186928329899e-05,1.2960323296809582,1.2014791551265758,1.2034758909369083,1.296028397496086,1.202557703129457,1.3005496863853678,1.2033530300877429,1.2048471009419512,1.2028224920406316,1.2987272180639007,1.201102548220533,1.2034597110987482,1.2012142197690796
286,3.2552395663369693,0.00903964087798097,0.01745604199822992,37.81554247127976,4.7047054549665795e-05,1.2961299573615863,1.2013718007555536,1.2033765793144924,1.296124450472892,1.2024547156023098,1.3006652769488156,1.2032533831422414,1.2047537185120605,1.2027203310078334,1.2988356551668432,1.2009941363953651,1.203360339529373,1.201105917283623
287,3.255305258993287,0.009040104284179552,0.017289499985054135,37.805515066209864,4.670240810772249e-05,1.2962268650135358,1.2012652348859862,1.2032780032175308,1.296219781875274,1.2023524871654596,1.3007800297133945,1.2031544742855282,1.2046610378924445,1.2026189210515654,1.2989433037885214,1.2008865209053177,1.2032617035516402,1.200998408498232
288,3.2553704661599463,0.009040564245927894,0.017136334034148604,37.7955614191397,4.63579467550504e-05,1.2963230533113415,1.201159457128781,1.2031801620183855,1.2963143925934182,1.2022510173067986,1.300893944763092,1.203056302888803,1.2045690581851494,1.2025182616855126,1.2990501642069887,1.2007797014130863,1.2031638025217866,1.200891693086745
289,3.2554351881702708,0.009041020765812223,0.0175254589994438,37.785676020706696,4.601368728020989e-05,1.2964185229201723,1.2010544670413197,1.2030830550453195,1.2964082835401898,1.2021503054756577,1.3010070222446728,1.2029588682729686,1.2044777784566747,1.2024183523842145,1.2991562367424627,1.2006736775166833,1.2030666357862645,1.2007857706819667
290,3.255499425403811,0.00904147384649109,0.017510958947241306,37.775871126265756,4.566964646192211e-05,1.2965132745801518,1.2009502641581153,1.202986681591662,1.2965014556906247,1.2020503510903469,1.301119262339001,1.2028621697458988,1.2043871977364922,1.2023191926000656,1.2992615217343924,1.200568448756966,1.2029702026784328,1.2006806408718285
291,3.255563178238249,0.00904192349075292,0.01738575001945719,37.76614886629372,4.532584106825116e-05,1.2966073090373114,1.2008468479727095,1.2028910409289328,1.2965939100063995,1.2019511535379788,1.3012306652674204,1.2027662065854188,1.2042973150637954,1.2022207817490136,1.2993660195822483,1.2004640146790755,1.2028745024793444,1.2005763032187402
292,3.2556264470757745,0.009042369701652701,0.017651791975367814,37.75648723484216,4.4982287855786886e-05,1.2967006271119088,1.2007442179180172,1.2027961322682448,1.2966856475427662,1.2018527121594904,1.301341231313562,1.2026709780146634,1.2042081293822688,1.2021231191929287,1.29946973072162,1.2003603747653981,1.2027795344096788,1.2004727572249947
293,3.2556892323498845,0.009042812482335067,0.017292624979745597,37.74691676601675,4.46390035688282e-05,1.2967932296328841,1.2006423734021916,1.2027019548097675,1.296776669334134,1.2017550262644447,1.3014509608059666,1.2025764832408368,1.2041196396769536,1.20202620427531,1.299572655630546,1.2002575284441332,1.2026852976721358,1.2003700023589687
294,3.255751534506951,0.009043251836146661,0.017466249992139637,37.737420827579115,4.429600493856695e-05,1.2968851173930012,1.2005413137968632,1.2026085077283488,1.2968669764502987,1.201658095131538,1.3015598541105882,1.2024827214376923,1.204031844881159,1.2019300362947534,1.2996747948282552,1.2001554751390378,1.2025917914519306,1.2002680380536928
295,3.255813354032174,0.009043687766568826,0.01760675001423806,37.72798411898392,4.395330868227245e-05,1.2969762913043246,1.200441038442497,1.2025157901631418,1.2969565699805938,1.2015619180007693,1.3016679116494485,1.2023896917430283,1.2039447438780022,1.2018346145149548,1.2997761488861548,1.200054214187442,1.2024990148945403,1.2001668636910194
296,3.255874691416597,0.009044120277212638,0.01749058300629258,37.71865114360923,4.361093150247677e-05,1.2970667522968695,1.2003415466113005,1.202423801215883,1.2970454510511384,1.201466494064703,1.3017751338942598,1.202297393260826,1.203858335601685,1.2017399381697167,1.2998767184090658,1.1999537449028843,1.2024069671029685,1.200066478614262
297,3.255935547171383,0.009044549371958185,0.01740133302519098,37.709368334632906,4.326889008616063e-05,1.297156501235992,1.2002428375620344,1.2023325399422058,1.297133620844258,1.201371822501792,1.3018815213512953,1.202205825072588,1.2037726188636135,1.2016460064634074,1.2999765040080293,1.1998540665751578,1.202315647185747,1.1999668821313174
298,3.2559959218592596,0.009044975054617873,0.01727683300850913,37.700177821247586,4.2927201103940125e-05,1.297245539195649,1.200144910515841,1.2022420053880605,1.2972210805267483,1.2012779024429239,1.301987074567081,1.202114986209996,1.2036875925432167,1.20155281856905,1.3000755063645502,1.199755178415926,1.2022250542241508,1.1998680735028653
299,3.2560558160077804,0.009045397329550356,0.017376292031258345,37.69104141997807,4.258588120925418e-05,1.2973338670771215,1.2000477646411694,1.2021521965260076,1.2973078313446769,1.2011847329809464,1.3020917941675727,1.202024875690942,1.2036032553466331,1.2014603735908016,1.3001737262037731,1.1996570796222452,1.202135187208478,1.1997700519427503
300,3.256115230252177,0.009045816200938856,0.017555249971337616,37.682008855442625,4.224494703755294e-05,1.2974214859327484,1.1999513990823905,1.2020631123840688,1.297393874498515,1.201092313176519,1.3021956807845363,1.2019354925007923,1.203519606127691,1.2013686706317719,1.3002711642950082,1.1995597693455442,1.20204604510174,1.199672816633204
301,3.256174165174494,0.009046231673340897,0.01736895804060623,37.67303259229816,4.190441520548696e-05,1.2975083966692031,1.1998558129238535,1.2019747518953658,1.297479211279157,1.201000642060702,1.302298735129496,1.2018468355685823,1.203436643629987,1.2012777087441189,1.3003678214445398,1.1994632467394353,1.2019576268704788,1.199576366727241
302,3.2562326214456854,0.009046643751280177,0.017304916982538998,37.664130831202584,4.156430231009729e-05,1.2975946004976495,1.1997610052154253,1.2018871139820322,1.2975638429668543,1.2009097186249813,1.3024009579372027,1.2017589038241152,1.203354366575718,1.201187486963587,1.3004636984621694,1.1993675108541597,1.2018699314321444,1.1994807013235531
303,3.2562905996894553,0.009047052439557118,0.01749341597314924,37.65530255813264,4.122462492800663e-05,1.2976800985586492,1.1996669749742186,1.2018001975031591,1.2976477709106464,1.200819541814318,1.3025023500102944,1.2016716961378218,1.2032727736456679,1.201098004273048,1.3005587962340441,1.199272560696052,1.2017829576805894,1.1993858194656168
304,3.256348100583162,0.009047457743119715,0.017335625016130507,37.64655690466897,4.0885399614611386e-05,1.2977648919560363,1.199573721187051,1.201714001302626,1.2977309964692836,1.2007301105588641,1.3026029121800897,1.2015852113720424,1.2031918634967385,1.2010092596310067,1.3006531156670988,1.1991783952631383,1.201696704482243,1.1992917201823199
305,3.25640512483253,0.009047859667124679,0.017698207986541092,37.637881480927966,4.054664290327475e-05,1.297848981798807,1.1994812427731412,1.2016285242092486,1.2978135210235384,1.2006414237416796,1.3027026453285384,1.2014994483411827,1.2031116348150088,1.2009212519722787,1.3007466576919673,1.1990850134921305,1.2016111706714732,1.1991984024524664
306,3.2564616731766693,0.009048258216855162,0.017491958977188915,37.62926641639383,4.0208371304520915e-05,1.2979323693673923,1.1993895386151439,1.2015437649964062,1.2978953459995246,1.2005534802074729,1.3028015503975778,1.2014144058256344,1.2030320861653914,1.200833980170647,1.3008394233073766,1.1989924142774346,1.2015263550167334,1.1991058652084186
307,3.2565177463551778,0.009048653397678281,0.017330375034362078,37.62074943104706,3.987060130523037e-05,1.2980150558300574,1.199298607581587,1.2014597224374852,1.2979764728184253,1.2004662787774625,1.302899628350842,1.2013300825811513,1.2029532161881844,1.2007474430773841,1.3009314135655408,1.1989005965337016,1.2014422562736535,1.1990141073601912
308,3.2565733451345587,0.009049045215146897,0.017413416993804276,37.61228660490036,3.953334936783639e-05,1.2980970424892884,1.1992084484972154,1.201376395228544,1.2980569029705296,1.2003798182266168,1.302996880215435,1.201246477323328,1.202875023423508,1.2006616395014094,1.3010226295623188,1.1988095590927124,1.201358873174783,1.1989231277510737
309,3.2566284702956927,0.009049433675108147,0.017091832996811718,37.60391450133504,3.9196631929522553e-05,1.2981783305546735,1.1991190601260733,1.2012937820638347,1.2981366379476291,1.2002940972988412,1.3030933070676902,1.201163588741601,1.2027975064101977,1.200576568225621,1.301113072389161,1.1987193007294152,1.2012762044363736,1.1988329252029413
310,3.2566831226801973,0.00904981878345509,0.017425082973204553,37.595615035261524,3.886046540142181e-05,1.2982589213492184,1.199030441236251,1.201211881615439,1.298215679240376,1.2002091147070295,1.3031889100132894,1.2010814155001728,1.2027206636611962,1.2004922279854222,1.3012027432285924,1.1986298201887868,1.2011942487022476,1.1987434984909697
311,3.2567373031181566,0.009050200546234377,0.017201874987222254,37.587374652857235,3.852486616781646e-05,1.2983388162558265,1.19894259051568,1.2011306924900602,1.2982940284282851,1.2001248691175048,1.303283690223506,1.2009999562164562,1.2026444936658898,1.2004086174994935,1.3012916432564123,1.1985411161543862,1.201113004633366,1.198654846341538
312,3.256791012461527,0.009050578969692073,0.017285457986872643,37.57921341557796,3.81898505853397e-05,1.2984180165785089,1.1988555066551139,1.2010502132920167,1.2983716870773023,1.2000413591816352,1.3033776488903352,1.2009192095017218,1.2025689948916423,1.2003257354536423,1.3013797736946053,1.1984531872887243,1.2010324708452913,1.1985669674543828
313,3.2568442515992704,0.009050954060222174,0.017015625024214387,37.57111239109103,3.7855434982178365e-05,1.2984965237801733,1.1987691882555065,1.2009704425786407,1.29844865680871,1.1999585834961561,1.3034707872829556,1.2008391738990876,1.2024941657456463,1.2002435804829157,1.3014671358146128,1.1983660322182257,1.2009526458870485,1.1984798604874625
314,3.2568970214314703,0.009051325824389226,0.017428291961550713,37.56311566664957,3.75216356572772e-05,1.2985743391879019,1.198683633921755,1.2008913789036542,1.2985249392221017,1.199876540634136,1.3035631066874072,1.200759847949928,1.202420004695734,1.2001621512092986,1.3015537309182217,1.1982796495308847,1.2008735283141814,1.1983935240646202
315,3.2569493228980506,0.00905169426878777,0.017260166991036385,37.55517038688405,3.718846887954434e-05,1.2986514642967226,1.1985988422005933,1.2008130207801249,1.2986005359744437,1.1997952291387943,1.3036546084432374,1.200681230152138,1.2023465101359638,1.2000814462048712,1.3016395603715398,1.1981940378008695,1.2007951166339927,1.1983079567706536
316,3.2570011569263677,0.009052059400291775,0.017326041008345783,37.54730577026881,3.685595088705855e-05,1.2987279006476748,1.1985148116001707,1.2007353666654512,1.2986754487580237,1.1997146474981357,1.303745293944173,1.2006033189751473,1.2022736804181762,1.2000014640041683,1.3017246255705968,1.1981091954935874,1.2007174093272959,1.1982231571216284
317,3.257052524481029,0.00905242122593588,0.01743108400842175,37.539496943391015,3.652409788627762e-05,1.2988036497209812,1.1984315405943862,1.200658415001265,1.2987496792821107,1.1996347941856231,1.303835164629572,1.2005261128572995,1.2022015138745492,1.199922203120239,1.3018089279320257,1.1980251210801371,1.200640404837311,1.1981391236253869
318,3.2571034265611454,0.009052779752806462,0.01755408401368186,37.531782549597004,3.619292605124866e-05,1.298878713106401,1.1983490276303428,1.2005821642214514,1.298823229259663,1.1995556676352617,1.3039242219600835,1.2004496102094004,1.2021300088275544,1.1998436620289428,1.301892468920277,1.1979418129927537,1.2005641015940285,1.198055854740471
319,3.2571538641618583,0.009053134988281171,0.017479125002864748,37.52413628429749,3.58624515228197e-05,1.298953092334031,1.1982672711143927,1.2005066127119732,1.2988961004415913,1.1994772662425963,1.3040124674622884,1.2003738094016825,1.2020591635501392,1.1997658391603374,1.301975250054859,1.1978592696279924,1.2004884979787798,1.19797334888155
320,3.2572038383318205,0.009053486939879774,0.017729541985318065,37.5165369847621,3.5532690407853004e-05,1.2990267889900382,1.1981862693943166,1.2004317587918647,1.2989682946591374,1.1993995883730295,1.3040999027143048,1.2002987087803687,1.2019889762820428,1.1996887329181074,1.3020572728671846,1.1977774893254451,1.2004135923531554,1.1978916044261558
321,3.2572533501374203,0.009053835615268761,0.017410124943125993,37.509026152327685,3.5203658778440106e-05,1.2990998046731705,1.1981060207950938,1.2003576007885808,1.2990398137295518,1.1993226323604769,1.3041865293262158,1.2002243066589489,1.201919445256849,1.1996123416806947,1.3021385389260833,1.197696470397546,1.2003393830246858,1.1978106197228093
322,3.2573024006635096,0.009054181022130599,0.01742645795457065,37.50160514272458,3.487537267111845e-05,1.2991721410692252,1.1980265236098715,1.2002841370125967,1.299110659461743,1.1992463964996942,1.3042723489412285,1.2001506013227372,1.2018505687378156,1.1995366637855258,1.3022190498774295,1.1976162111141266,1.2002658683049108,1.1977303930718912
323,3.257350990991502,0.009054523168513968,0.01733125001192093,37.49421339220143,3.4547848086089704e-05,1.2992437998537023,1.1979477760752701,1.2002113656982178,1.299180833760152,1.1991708790475994,1.3043573632828855,1.200077591006382,1.201782344846045,1.1994616975263315,1.3022988073820243,1.1975367097059924,1.2001930464358856,1.1976509227297238
324,3.257399122261954,0.00905486206244318,0.017218958993908018,37.486919923200006,3.422110098644013e-05,1.2993147828234213,1.1978697763999122,1.2001392850598696,1.2992503385210026,1.199096078229745,1.3044415740945694,1.2000052739336913,1.2017147717486198,1.1993874411729466,1.3023778131402546,1.1974579643635266,1.2001209156451669,1.1975722069145387
325,3.2574467955978417,0.009055197712117912,0.01745454198680818,37.47970761307494,3.3895147297362384e-05,1.2993850916929486,1.1977925227761668,1.2000678933122766,1.299319175638911,1.199021992248628,1.3045249831527415,1.1999336483079577,1.2016478475835173,1.1993138929693556,1.3024560688962763,1.1973799732803558,1.200049474141393,1.1974942438143803
326,3.257494012160171,0.00905553012603222,0.017166291014291346,37.47255433939801,3.357000290537941e-05,1.2994547281370712,1.1977160133267777,1.1999971886269245,1.2993873470690185,1.1989486192600758,1.3046075923003366,1.1998627122779313,1.2015815704991122,1.1992410511201328,1.30253357641656,1.1973027345411729,1.1999787201151586,1.197417031580356
327,3.2575407731622588,0.009055859312749989,0.01722633303143084,37.46546889312433,3.324568365757015e-05,1.2995236939990829,1.1976402461561124,1.1999271691271258,1.2994548547876288,1.1988759573893795,1.3046894034159002,1.1997924639722426,1.2015159385590348,1.199168913783931,1.3026103375289508,1.1972262462196999,1.1999086516827615,1.1973405683134184
328,3.2575870798062803,0.009056185280969117,0.017418709001503885,37.458445364893144,3.2922205360797216e-05,1.2995919911091458,1.1975652193176043,1.1998578329201464,1.2995217007961197,1.1988040047307509,1.3047704184263669,1.1997229014880184,1.2014509498343162,1.199097479103741,1.3026863540651166,1.197150506352464,1.1998392669610767,1.1972648520915863
329,3.2576329333224208,0.009056508039494118,0.017437417001929134,37.45150943063752,3.259958378093643e-05,1.2996596213485954,1.1974909308409898,1.1997891780901837,1.2995878871068296,1.1987327593475257,1.3048506392857497,1.1996540228975905,1.2013866023686006,1.199026745188739,1.3027616279173222,1.197075512949025,1.1997705640370513,1.1971898809475603
330,3.2576783349498695,0.00905682759746678,0.017426999984309077,37.44462648259225,3.2277834642108455e-05,1.299726586567082,1.1974173787158697,1.19972120266406,1.2996534157869868,1.1986622192566037,1.3049300680176372,1.1995858262306793,1.2013228941377807,1.1989567100954803,1.3028361610286774,1.1970012639552314,1.199702540937026,1.1971156528561926
331,3.257723285983839,0.009057143963931327,0.01742862502578646,37.43780812010149,3.1956973625912366e-05,1.2997928887344399,1.1973445608889797,1.1996539046571841,1.2997182889292052,1.198592382459953,1.305008706669983,1.1995183094919415,1.201259823132329,1.198887371871086,1.3029099553476216,1.1969277573106891,1.1996351957002578,1.1970421657878754
332,3.257767787694544,0.009057457148321478,0.017202208982780576,37.43106715559263,3.163701637066145e-05,1.2998585297198213,1.1972724752591297,1.1995872820511257,1.2997825086333246,1.1985232469127205,1.3050865573510866,1.1994514706529622,1.201197387308149,1.198818728513826,1.3029830128822948,1.196854990910595,1.199568526297477,1.196969417657135
333,3.257811841425889,0.009057767160089122,0.017368042026646435,37.42440647468267,3.131797847062091e-05,1.2999235114711392,1.1972011197165287,1.1995213328132788,1.2998460770106806,1.1984548105467816,1.305163622191917,1.1993853076644228,1.201135584613488,1.1987507779962294,1.3030553356656236,1.1967829626148214,1.1995025306937601,1.196897406353506
334,3.2578554485142885,0.009058074008887612,0.01750191696919501,37.41780847090375,3.0999875475247926e-05,1.2999878359893429,1.1971304921043189,1.199456054856527,1.2999089962272372,1.198387071247448,1.3052399033777766,1.1993198184392841,1.2010744129618034,1.198683518256242,1.3031269257776161,1.1967116702065617,1.1994372068244734,1.1968261297033276
335,3.2578986103217256,0.009058377704414528,0.017305708024650812,37.41128696372295,3.06827228884337e-05,1.3000515053410182,1.197060590226992,1.1993914460830961,1.2999712684506024,1.1983200268771899,1.3053154031294405,1.1992550008665916,1.2010138702597157,1.198616947196102,1.3031977853457124,1.1966411114652034,1.199372552582759,1.19675558551537
336,3.257941328210973,0.009058678256609241,0.017367166990879923,37.40481321162208,3.036653616774789e-05,1.300114521596309,1.196991411864021,1.1993275043542688,1.3000328958849672,1.1982536752679138,1.3053901237124585,1.1991908527993078,1.2009539543341046,1.1985510626780893,1.3032679165328023,1.1965712841396647,1.199308565813785,1.1966857715578896
337,3.2579836035832046,0.00905897567555519,0.017667750013060868,37.39841261685802,3.0051330723685177e-05,1.300176886822151,1.1969229547297613,1.1992642274990546,1.3000938807709856,1.1981880142123487,1.3054640674466276,1.1991273720695483,1.2008946630283726,1.1984858625525876,1.3033373214977642,1.1965021859293195,1.199245244370053,1.196616685566177
338,3.258025437865882,0.0090592699713852,0.017333999974653125,37.392094323784704,2.9737121918914234e-05,1.3002386031667816,1.19685521653832,1.199201613338573,1.3001542253440133,1.1981230414722805,1.3055372366767664,1.1990645564643012,1.2008359941849598,1.1984213446313159,1.3034060024872511,1.1964338144888507,1.1991825860685263,1.196548325228127
339,3.258066832481497,0.009059561154494546,0.01748145796591416,37.38582172646992,2.9423925067528905e-05,1.300299672773381,1.1967881949459294,1.1991396596319774,1.3002139319084265,1.1980587547794073,1.3056096338018761,1.1990024037450917,1.2007779455510157,1.1983575066810934,1.3034739617694324,1.196366167450904,1.1991205886906897,1.1964806881955168
340,3.2581077888984704,0.009059849235459721,0.017434082983527333,37.37963903069845,2.9111755434301868e-05,1.3003600977225356,1.1967218875787478,1.199078364130413,1.3002730027627682,1.1979951518296323,1.3056812612640907,1.1989409116496328,1.2007205149274964,1.1982943464507716,1.3035412016336612,1.196299242413322,1.1990592499660424,1.1964137720972372
341,3.258148308619755,0.009060134224902011,0.017215416010003537,37.37349927401062,2.880062823394068e-05,1.3004198802971585,1.1966562920264558,1.1990177245549407,1.3003314402329116,1.197932230288731,1.3057521215367465,1.1988800778865751,1.2006637000303144,1.1982318616461138,1.3036077244257436,1.196233036907906,1.198998567607049,1.196347574506169
342,3.2581883931319786,0.009060416133617655,0.017394208000041544,37.36744073967745,2.8490558630346103e-05,1.3004790226718408,1.196591405841635,1.198957738592304,1.3003892466757576,1.1978699877913035,1.3058222171409177,1.1988199001292277,1.2006074985938098,1.1981700499449683,1.303673532521786,1.1961675484766974,1.1989385393227299,1.1962820929739688
343,3.2582280439664757,0.009060694972563465,0.017497125023510307,37.36145657687485,2.818156173587319e-05,1.3005375270869868,1.1965272265484828,1.1988984039070043,1.3004464244630223,1.1978084219370202,1.3058915506338458,1.198760376025412,1.2005519083264373,1.1981089089904102,1.3037386283423076,1.1961027746007207,1.198879162763399,1.1962173250068706
344,3.2582672626700524,0.009060970752933899,0.01751099998364225,37.35552768371272,2.7873652610594653e-05,1.3005953957519454,1.1964637516144119,1.1988397181102932,1.3005029760140312,1.1977475302909097,1.3059601246354795,1.1987015031856731,1.200496926894634,1.1980484363960917,1.3038030143214194,1.1960387127338796,1.1988204355564829,1.1961532680829545
345,3.2583060508343995,0.009061243485856725,0.017560457985382527,37.349669306158056,2.756684626156684e-05,1.3006526310385391,1.1964009784993317,1.1987816788167884,1.3005589037470329,1.1976873103948318,1.3060279417772391,1.198643279210273,1.2004425519454998,1.197988629752239,1.303866692940202,1.1959753602766654,1.1987623553282536,1.1960899196416754
346,3.258344410019903,0.00906151318273173,0.017289582989178598,37.343870228770456,2.72611576420984e-05,1.3007092353017926,1.1963389046199544,1.1987242836024798,1.3006142101125286,1.1976277597519371,1.306095004743926,1.1985857016554977,1.2003887810997953,1.1979294866055392,1.3039296667185207,1.195912714590305,1.1987049196335156,1.1960272770814764
347,3.2583823418304414,0.009061779855127364,0.0176023340318352,37.33813735513058,2.6956601651021373e-05,1.3007652108826404,1.1962775273582908,1.1986675300021523,1.3006688975916942,1.1975688758384828,1.306161316260926,1.1985287680697398,1.200335611938124,1.1978710044749614,1.3039919382017613,1.1958507730278778,1.1986481259908808,1.1959653377708932
348,3.2584198479001616,0.009062043514687108,0.017505166004411876,37.33246256300069,2.665319313196511e-05,1.3008205601811864,1.1962168440524141,1.1986114155204346,1.3007229686963013,1.197510656092089,1.3062268791038503,1.1984724759330174,1.200283042035064,1.1978131808518662,1.3040535099803725,1.1957895328859085,1.1985919719664218,1.195904099033996
349,3.2584569298749377,0.009062304173256075,0.017459916998632252,37.32685943895631,2.6350946872632744e-05,1.3008752855845565,1.1961568520158246,1.1985559376474269,1.3007764259537864,1.1974530979272482,1.306291696076753,1.1984168227180723,1.2002310689481626,1.1977560131954055,1.304114384673132,1.1957289914446136,1.1985364550166968,1.1958435581733478
350,3.2584935894275837,0.009062561842785574,0.01727700000628829,37.32133178522605,2.604987760408058e-05,1.3009293895582534,1.1960975485262517,1.1985010938370924,1.3008292719159866,1.1973961987196262,1.3063557700271227,1.1983618058689864,1.200179690192362,1.1976994989202254,1.3041745649607106,1.1956691459353959,1.1984815725942082,1.1957837124430994
351,3.2585298282417114,0.009062816535374463,0.01744183403206989,37.315852486881965,2.5750000000000013e-05,1.3009828745240133,1.1960389308210793,1.1984468815140534,1.3008815091545889,1.1973399558219417,1.3064191038471764,1.198307422806016,1.2001289033006215,1.1976436354340658,1.304234053517068,1.1956099935640265,1.1984273221447193,1.1957245590784678
352,3.2585656480322402,0.00906306826331335,0.01755341701209545,37.310464209615354,2.54513286760024e-05,1.3010357429551687,1.195980996110918,1.1983932980913052,1.3009331402607842,1.1972843665479775,1.3064817004587712,1.1982536709112606,1.2000787057496334,1.1975884200839073,1.3042928531020754,1.1955515314977752,1.1983737010400026,1.1956660952661031
353,3.2586010505348613,0.009063317038909748,0.01749104098416865,37.30510389448276,2.5153878188906714e-05,1.3010879974416565,1.1959237415715025,1.1983403409355695,1.300984167872229,1.1972294281847398,1.3065435628286548,1.1982005475413167,1.2000290949843297,1.1975338502080783,1.304350966475847,1.1954937568634807,1.1983207066568438,1.1956083181612271
354,3.2586360374771597,0.009063562874661845,0.017160791030619293,37.29982577646448,2.4857663036030064e-05,1.3011396405660198,1.1958671643463,1.198288007387334,1.3010345946349087,1.197175137988224,1.3066046939570046,1.1981480500299382,1.1999800684316568,1.1974799231078646,1.3044083964366582,1.1954366667575407,1.1982683363390951,1.1955512248830755
355,3.2586706106185086,0.009063805783269114,0.0172823749599047,37.29460805028697,2.4562697654481094e-05,1.3011906748693467,1.1958112615426144,1.1982362947598078,1.3010844232117729,1.1971214931835588,1.3066650968926412,1.198096175676599,1.1999316235160535,1.197426636058451,1.304465145811446,1.1953802582399857,1.1982165874036286,1.1954948125184832
356,3.2587047717560034,0.009064045777555407,0.017418499977793545,37.28944371476913,2.4268996420456364e-05,1.3012411029246032,1.1957560302311359,1.1981852003395752,1.3011336563016027,1.1970684909650748,1.30672477472257,1.1980449217472997,1.1998837576275092,1.1973739862953072,1.3045212174796224,1.1953245283410594,1.1981654571404199,1.1954390781222828
357,3.258738522704347,0.009064282870413328,0.017226667026989162,37.28435408577573,2.397657364853968e-05,1.3012909274264022,1.195701467453128,1.1981347213912907,1.3011822966273934,1.1970161284961003,1.306783730568426,1.1979942854949224,1.199836468108819,1.1973219710224134,1.3045766143469704,1.1952694740497367,1.1981149428002893,1.195384018708366
358,3.258771865273198,0.009064517074871619,0.017486625001765788,37.27932992088395,2.3685443591004384e-05,1.3013401510661142,1.1956475702252916,1.1980848551500896,1.3012303469232351,1.196964402912718,1.3068419675796334,1.197944264145441,1.1997897522962897,1.1972705874299914,1.304631339336881,1.1952150923267977,1.1980650416302092,1.1953296312602404
359,3.258804801295792,0.009064748404245274,0.017542499990668148,37.27435273509621,2.339562043711877e-05,1.3013887764203598,1.1955943355135512,1.1980355988116762,1.3012778099580007,1.1969133113165533,1.3068994889744068,1.1978948548796178,1.1997436075171752,1.1972198326606571,1.3046853954372584,1.1951613801148322,1.198015750819068,1.1952759127335582
360,3.258837332666855,0.009064976871755356,0.017354250012431294,37.26947259697114,2.3107118312454473e-05,1.3014368063354171,1.1955417602726448,1.1979869495616906,1.301324688510418,1.1968628507776697,1.3069562979697114,1.1978460548679501,1.1996980310696208,1.197169703832676,1.3047387856622885,1.1951083342902054,1.1979670675407597,1.195222860034737
361,3.258869461231384,0.009065202490934593,0.017359166988171637,37.26460911708054,2.281995127819804e-05,1.3014842434834988,1.1954898413983328,1.1979389045404691,1.301370985404255,1.196813018343928,1.3070123978549368,1.197797861239572,1.199653020221015,1.197120198036594,1.3047915130442107,1.195055951726989,1.1979189889536368,1.1951704700595398
362,3.2589011889107087,0.009065425275361264,0.017371749971061945,37.25982376667794,2.2534133330465576e-05,1.3015310906762274,1.1954385757770416,1.1978914608780376,1.3014167034677346,1.1967638110277214,1.3070677919345828,1.1977502711009325,1.1996085722180785,1.1970713123304448,1.304843580665517,1.1950042292483056,1.197871512171899,1.195118739652553
363,3.258932517612596,0.009065645238819956,0.01737495796987787,37.25510400316114,2.224967839962064e-05,1.3015773506624413,1.1953879602539699,1.1978446156633562,1.301461845575938,1.1967152258147267,1.3071224835594353,1.1977032815336746,1.199564684273794,1.1970230437455889,1.3048949916281551,1.1949531636538864,1.1978246343025347,1.1950676656312897
364,3.258963449287925,0.009065862395184603,0.017560499953106046,37.250423272480965,2.196660034959524e-05,1.3016230262714028,1.1953379916313622,1.1977983659590037,1.3015064146116513,1.1966672596596093,1.307176476123071,1.1976568895834072,1.1995213536100144,1.196975389283192,1.3049457490752825,1.1949027517230322,1.1977783523815655,1.195017244788238
365,3.258993985892936,0.009066076758522805,0.017568750015925616,37.24584065282187,2.1684912977214182e-05,1.3016681203171876,1.195288666708421,1.1977527088045052,1.3015504134766256,1.1966199094856211,1.3072297730474016,1.1976110922769205,1.199478577400146,1.1969283459143512,1.304995856172556,1.1948529901643272,1.1977326634585692,1.1949674738747689
366,3.2590241294151805,0.009066288342937951,0.017426125006750226,37.241279744656715,2.1404630011522586e-05,1.3017126357171707,1.1952399822197715,1.197707641213627,1.3015938451060685,1.1965731721897215,1.307282377791497,1.197565886616049,1.1994363527977772,1.1968819105775514,1.3050453161360556,1.1948038756840715,1.1976875645412643,1.194918349606945
367,3.259053881839164,0.00906649716274155,0.017415042035281658,37.236797155469596,2.1125765113116786e-05,1.3017565753263913,1.1951919348895543,1.1976631601762275,1.3016367124487649,1.196527044641421,1.307334293855537,1.1975212695640127,1.1993946769327872,1.1968360801905797,1.3050941321937395,1.1947554049595404,1.197643052622669,1.1948698686800299
368,3.2590832451896055,0.009066703232305821,0.017260249995160848,37.232377304337376,2.08483318734785e-05,1.3017999421328046,1.1951445214069636,1.1976192626437772,1.3016790184858005,1.1964815236754702,1.3073855247700155,1.1974772380695702,1.1993535469095389,1.1967908516314671,1.3051423076309872,1.194707574607465,1.1975991246609867,1.1948220277376524
369,3.2591122214858963,0.009066906566171038,0.017344457970466465,37.228011437142406,2.0572343814312448e-05,1.3018427390622713,1.1950977384296704,1.1975759455559918,1.3017207662099015,1.1964366061033305,1.3074360741031967,1.1974337890492543,1.1993129598242906,1.1967462217584306,1.3051898457485005,1.1946603812459966,1.1975557775880619,1.194774823410306
370,3.259140812781198,0.009067107178961756,0.017335582990199327,37.22370814136375,2.0297814386887254e-05,1.3018849691053564,1.1950515825836237,1.1975332058196617,1.3017619586358438,1.1963922887095537,1.307485945457835,1.1973909194000891,1.1992729127657762,1.1967021874025772,1.3052367498781914,1.1946138214492705,1.1975130083098071,1.1947282522965612
371,3.2591690211365147,0.009067305085502547,0.017331000010017306,37.219456637169884,2.0024756971379916e-05,1.301926635282623,1.195006050458274,1.1974910403051955,1.301802598816739,1.196348568239779,1.307535142481203,1.1973486259797788,1.1992334027665064,1.1966587453563562,1.3052830234002546,1.1945678917487383,1.1974708136943082,1.1946823109490576
372,3.2591968486407588,0.009067500300673737,0.017414791975170374,37.21526653091953,1.975318487622364e-05,1.3019677406604993,1.1949611386302217,1.1974494458775125,1.3018426898089532,1.1963054414244747,1.307583668836739,1.1973069056334695,1.1991944268378496,1.19661589239466,1.3053286697049342,1.1945225886540214,1.1974291905995298,1.1946369958987395
373,3.259224297386744,0.00906769283963649,0.017199666006490588,37.211126382966555,1.9483111337459207e-05,1.3020082881974095,1.1949168436233073,1.1974084193513699,1.3018822347176608,1.1962629049553002,1.3076315282474074,1.1972657551640131,1.1991559819809554,1.196573625253335,1.305373692234633,1.1944779086565906,1.1973881358436804,1.1945923036428654
374,3.259251369526849,0.00906788271753126,0.01748012501047924,37.207053047655556,1.9214549518089882e-05,1.3020482809986003,1.1948731619434463,1.1973679575372247,1.3019212366393622,1.1962209555045724,1.3076787244539605,1.1972251713579465,1.1991180651842879,1.1965319406463815,1.3054180944473976,1.1944338482127863,1.1973476462217472,1.1945482306590407
375,3.259278067193022,0.009068069949602388,0.017305916000623256,37.203023138092036,1.894751250743986e-05,1.302087722252846,1.1948300900599846,1.1973280572078335,1.3019596987135946,1.1961795897098038,1.3077252612358785,1.1971851509809037,1.1990806733932695,1.1964908352601327,1.305461879837899,1.1943904037187112,1.1973077185187646,1.194504773374497
376,3.2593043925245335,0.0090682545512963,0.017276750004384667,37.19908206754796,1.8682013320516302e-05,1.302126615034545,1.1947876244218267,1.197288715115727,1.3019976240890572,1.1961388041851266,1.3077711424069713,1.1971456907656544,1.1990438035596584,1.1964503057527904,1.3055050519384659,1.1943475715822012,1.19726834948356,1.1944619282030557
377,3.2593303477071283,0.009068436538152466,0.017462207993958145,37.19517303952107,1.841806489737504e-05,1.3021649625219667,1.1947457614429782,1.197249927987674,1.3020350159416336,1.1960985955137025,1.307816371815604,1.1971067874163486,1.1990074525971928,1.196410348751962,1.3055476143071385,1.1943053481655168,1.1972295358347893,1.1944196915207086
378,3.2593559349302565,0.009068615925865886,0.017388791020493954,37.19131410253439,1.8155680102489782e-05,1.3022027678913597,1.1947044975041032,1.197211692515305,1.3020718774804865,1.1960589602518505,1.3078609533511336,1.1970684376110539,1.1989716173828193,1.196370960857975,1.3055895705347247,1.1942637297981578,1.1971912742754074,1.1943780596730744
379,3.2593811564088093,0.009068792730255487,0.017270042037125677,37.187510037796386,1.789487172412533e-05,1.302240034333103,1.1946638289643055,1.1971740053745528,1.3021082119278469,1.1960198949326415,1.307904890926735,1.197030638008158,1.1989362947876745,1.1963321386478496,1.3056309242365112,1.1942227127828535,1.1971535614656412,1.194337028979651
380,3.259406014375174,0.009068966967218877,0.017410832981113344,37.18377204386961,1.763565247371404e-05,1.3022767651162486,1.1946237521533796,1.1971368632120885,1.3021440225264507,1.1959813960621037,1.30794818848785,1.1969933852458254,1.198901481645577,1.1962938786718156,1.3056716790560983,1.194182293382368,1.1971163940568628,1.1942965957272256
381,3.2594305110656947,0.009069138652827935,0.017412624962162226,37.18009127840906,1.7378034985236535e-05,1.3023129634636483,1.1945842633597124,1.1971002626506742,1.3021793125414496,1.1959434601109584,1.3079908500219453,1.196956675922852,1.1988671748046151,1.1962561774464944,1.3057118386817648,1.1941424678496602,1.1970797686645052,1.1942567561735524
382,3.259454648753586,0.009069307803244747,0.017508834018372,37.176451399676125,1.7122031814605688e-05,1.3023486326714224,1.1945453588551656,1.1970642002851049,1.3022140852642774,1.1959060835310238,1.308032879544496,1.1969205066182775,1.19883337106116,1.1962190314649042,1.3057514068205438,1.194103232403652,1.1970436818720345,1.1942175065502747
383,3.259478429715227,0.009069474434770408,0.017628833011258394,37.17286974945642,1.686765543905493e-05,1.3023837760022499,1.1945070348828242,1.1970286726916677,1.3022483440023838,1.1958692627467589,1.308074281104845,1.1968848738847848,1.1988000672135373,1.1961824371969432,1.3057903872091718,1.1940645832326968,1.1970081302560118,1.1941788430656954
384,3.2595018562557145,0.009069638563790497,0.017535583989229053,37.16934923892736,1.6614918256529927e-05,1.3024183968152299,1.194469287655482,1.1969936764145577,1.302282092090349,1.1958329941557448,1.3081150587804775,1.1968497742596467,1.198767260010957,1.1961463910836152,1.3058287836184128,1.1940265164962753,1.196973110358758,1.1941407618870328
385,3.2595249306811915,0.009069800206818666,0.01758204196812585,37.16587641282446,1.6363832585084347e-05,1.3024524984772756,1.1944321133568978,1.1969592079753608,1.30231533288164,1.195797274128272,1.3081552166815429,1.1968152042500206,1.1987349461966554,1.1961108895413777,1.3058665998446783,1.19398902832326,1.196938618699827,1.1941032591571856
386,3.2595476553197,0.009069959380527608,0.01766891696024686,37.162448135374994,1.611441066227965e-05,1.3024860843571888,1.1943955081398117,1.1969252638662862,1.3023480697589396,1.1957620990075768,1.3081947589563678,1.1967811603309892,1.1987031224873637,1.196075928955835,1.305903839711558,1.1939521148142676,1.1969046517693527,1.1940663309932398
387,3.2595700325243158,0.009070116101675846,0.017308207985479385,37.15907391351103,1.5866664644588407e-05,1.3025191578510191,1.194359468136752,1.1968918405643558,1.3023803061203005,1.1957274651136642,1.3082336897783342,1.196747638961124,1.1986717855819233,1.1960415056902174,1.3059405070750207,1.1939157720448217,1.1968712060356856,1.1940299734825488
388,3.259592064658299,0.00907027038712492,0.017541374952998012,37.15577490178594,1.5620606606802075e-05,1.3025517224008487,1.1943239894501454,1.1968589345270773,1.3024120453702484,1.1956933687392501,1.3082720133483585,1.1967146365788714,1.1986409321611915,1.1960076160797894,1.3059766058210616,1.193879996054555,1.1968382779537556,1.1939941826829388
389,3.2596137540980314,0.009070422253879582,0.017422166012693197,37.15250805394486,1.5376248541442208e-05,1.3025837814478716,1.1942890681535938,1.1968265421799633,1.3024432909516188,1.195659806149961,1.308309733906889,1.1966821495875641,1.1986105588828262,1.1959742564344786,1.3060121398627673,1.1938447828662608,1.1968058639416377,1.1939589546260436
390,3.259635103242783,0.009070571719018419,0.017289915995206684,37.14929537119535,1.5133602358176246e-05,1.3026153385099957,1.1942547002946424,1.1967946599148305,1.3024740463315128,1.195626773588418,1.3083468557222013,1.1966501743771916,1.1985806623650799,1.1959414230400423,1.3060471131417883,1.1938101284694782,1.1967739603971472,1.1939242853124525
391,3.2596561144955225,0.009070718799753366,0.017301500018220395,37.146134516591175,1.4892679883236763e-05,1.3026463970719833,1.1942208818957536,1.196763284114069,1.3025043149878088,1.1955942672718733,1.3083833830924543,1.1966187072987509,1.1985512392383815,1.1959091121573953,1.3060815296301813,1.1937760288341919,1.1967425637013769,1.1938901707211613
392,3.259676790285457,0.009070863513416535,0.017323124979157,37.14302593820437,1.4653492858845367e-05,1.302676960662932,1.1941876089530583,1.196732411127078,1.3025341004233766,1.1955622833922848,1.3084193203445864,1.1965877447026925,1.1985222860944464,1.1958773200209296,1.306115393321063,1.1937424798932357,1.1967116702022913,1.1938566068023617
393,3.2596971330552957,0.0090710058774612,0.017381332989316434,37.139961026494,1.441605294264014e-05,1.3027070328332473,1.1941548774327417,1.1967020372863082,1.3025634061661375,1.195530818116551,1.3084546718376373,1.1965572829008675,1.1984937994949627,1.195846042839206,1.3061487082394279,1.1937094775588428,1.1966812762237986,1.1938235894791442
394,3.259717145265375,0.009071145909427184,0.01747845800127834,37.13695891129644,1.4180371707107615e-05,1.3027366171634351,1.1941226832774698,1.1966721589065896,1.302592235753427,1.1954998675862163,1.308489441957812,1.196527318186426,1.198465775998015,1.1958152767969887,1.3061814784413477,1.193677017706263,1.1966513780770003,1.1937911146465126
395,3.2597368293869318,0.009071283626941016,0.017519582994282246,37.133999722033444,1.3946460639018757e-05,1.3027657172683338,1.1940910224068002,1.19664277227273,1.3026205927497798,1.1954694279196074,1.308523635118734,1.1964978468264886,1.1984382121395813,1.1957850180551868,1.3062137080129865,1.1936450962048655,1.196621972039355,1.1937591781744485
396,3.2597561879024703,0.009071419047772561,0.01726429199334234,37.13109140401595,1.371433113886898e-05,1.3027943367823094,1.1940598907121855,1.1966138736479934,1.3026484807391143,1.1954394952098188,1.3085572557636354,1.1964688650665123,1.1984111044245374,1.1957552627493107,1.306245401062557,1.193613708884015,1.1965930543676155,1.1937277759055651
397,3.2597752233141852,0.009071552189815445,0.017389582993928343,37.12823115672576,1.3483994520322678e-05,1.3028224793123715,1.1940292840565674,1.196585459273579,1.3026759033216309,1.1954100655265558,1.308590308369355,1.1964403691257302,1.1983844493640015,1.1957260069924869,1.3062765617198508,1.193582851561714,1.1965646212968921,1.1936969036656018
398,3.259793938150343,0.009071683071098333,0.017432207998353988,37.12539303293732,1.3255462009661637e-05,1.3028501485128001,1.1939991982765616,1.1965575253494425,1.3027028641424931,1.195381134914614,1.3086227974463027,1.1964123552034416,1.1983582434007036,1.1956972468673428,1.306307194142002,1.1935525200236898,1.196536669038931,1.1936665572470615
399,3.259812334955417,0.00907181170971555,0.017274417041335255,37.12263650657233,1.3028744745238064e-05,1.3028773480683884,1.1939696291891648,1.1965300680756998,1.3027293668384639,1.195352699397224,1.3086547275199236,1.1963848194739035,1.1983324829986395,1.195668978440749,1.3063373025139287,1.193522710021287,1.1965091937872703,1.1936367324196946
400,3.259830416280642,0.00907193812382246,0.017399375035893172,37.11992997710085,1.2803853776931541e-05,1.3029040817208455,1.1939405725828502,1.1965030836219963,1.3027554150761027,1.1953247549703283,1.3086861031491126,1.1963577580903095,1.1983071646015613,1.1956411977538213,1.3063668910547321,1.1934934172940994,1.196482191704475,1.1936074249242667
401,3.2598481846805876,0.009072062331715132,0.017565875023137778,37.117261008902354,1.2580800065610596e-05,1.3029303532154395,1.193912024222786,1.1964765681451313,1.3027810125338453,1.1952972976085625,1.3087169289186402,1.1963311671878833,1.1982822846207444,1.195613900818778,1.3063959640063907,1.1934646375484887,1.1964556589349329,1.193578630480035
402,3.259865642732542,0.009072184351810984,0.017382833000738174,37.1146309223468,1.2359594482598438e-05,1.302956166302642,1.1938839798541805,1.1964505177640221,1.3028061629231504,1.1952703232632866,1.3087472094427623,1.196305042870946,1.198257839449328,1.1955870836305302,1.3064245256304508,1.1934363664753953,1.1964295915976284,1.193550344781592
403,3.259882793034132,0.009072304202602095,0.017449416976887733,37.112052431528895,1.2140247809143113e-05,1.302981524780756,1.193856435192961,1.1964249285838602,1.302830869973723,1.195243827862674,1.3087769493590184,1.1962793812263195,1.198233825461247,1.195560742159807,1.3064525802228415,1.1934085997287696,1.1964039857979722,1.1935225634938984
404,3.259899638188861,0.009072421902690284,0.01737287500873208,37.109528971402405,1.1922770735892038e-05,1.3030064324571817,1.1938293859342834,1.1963997966902302,1.3028551374263153,1.195217807313374,1.308806153333379,1.1962541783205125,1.1982102390113303,1.1955348723543209,1.3064801320966695,1.193381332951065,1.19637883761426,1.1934952822652478
405,3.259916180817456,0.009072537470814773,0.017532166035380214,37.10703717720127,1.1707173862370923e-05,1.3030308931337384,1.1938028277451003,1.1963751181349214,1.3028789690591385,1.1951922574969374,1.3088348260657126,1.1962294301921044,1.1981870764330176,1.195509470135684,1.3065071856014068,1.1933545617571348,1.1963541430991333,1.193468496716685
406,3.2599324235647598,0.009072650925785446,0.017675957991741598,37.1046033530876,1.1493467696467265e-05,1.3030549106682539,1.193776756274075,1.1963508889605463,1.302902368650964,1.1951671742753536,1.3088629722681648,1.1962051328709205,1.1981643340380481,1.195484531406872,1.3065337450944903,1.19332828173586,1.1963298982959703,1.1934422024433333
407,3.259948369080583,0.009072762286512005,0.01733604201581329,37.10221274726313,1.1281662653918065e-05,1.3030784889473623,1.1937511671406043,1.1963271051856168,1.302925340009942,1.195142553485336,1.308890596686341,1.1961812823576938,1.198142008120223,1.1954600520459553,1.3065598149659394,1.1933024884493872,1.1963060992170158,1.1934163950173804
408,3.2599640200272693,0.009072871572052596,0.017749874969013035,37.09984499695478,1.107176905780229e-05,1.3031016318160629,1.1937260559439864,1.1963037627983546,1.3029478869687088,1.1951183909422074,1.3089177040975994,1.1961578746252906,1.1981200949609114,1.195436027907091,1.306585399630075,1.1932771774535087,1.196282741848073,1.1933910699945027
409,3.259979379097467,0.009072978801482246,0.017570124997291714,37.09754676504843,1.0863797138037698e-05,1.303124343220002,1.1937014182660726,1.1962808577834954,1.3029700133638247,1.1950946824418434,1.3089442992916047,1.1961349056426267,1.1980985908094863,1.1954124548267802,1.3066105035260591,1.1932523442620184,1.1962598221671052,1.1933662229002515
410,3.25999444897402,0.009073083994027084,0.017412459012120962,37.0952865358092,1.0657757030882256e-05,1.3031466270849947,1.1936772496600339,1.19625838609188,1.302991723059667,1.1950714237548317,1.3089703870934937,1.1961123713374544,1.1980774919126542,1.1953893286179036,1.3066351311167634,1.193227984374235,1.1962373361231147,1.1933418492394088
411,3.2600092323673775,0.009073187169008193,0.01744675001828,37.09305272256862,1.0453658778440107e-05,1.303168487347293,1.193653545656439,1.1962363436559034,1.303013019941442,1.1950486106343974,1.3089959723500268,1.19609026762569,1.1980567944938367,1.195366645071971,1.3066592868865516,1.1932040932735246,1.1962152796395518,1.1933179444996802
412,3.260023732003491,0.009073288345797322,0.017494625004474074,37.09088528092168,1.0251512328172147e-05,1.303189928020076,1.193630301767713,1.1962147263892042,1.3030339079112747,1.195026238808277,1.3090210599295937,1.1960685904054256,1.1980364947476778,1.195344399957194,1.3066829753486047,1.1931806664072087,1.1961936486331326,1.1932945041357839
413,3.260037950606886,0.009073387543903555,0.017297875019721687,37.08874692983226,1.005132753241114e-05,1.30321095307865,1.1936075134847608,1.1961935301850943,1.3030543908891905,1.195004303986764,1.309045654725144,1.1960473355522356,1.1980165888615462,1.1953225890231678,1.3067062010347574,1.1931576992138193,1.1961724389909103,1.1932715235899045
414,3.260051890928841,0.009073484782918624,0.017604040971491486,37.086650443013795,9.85311414788165e-06,1.3032315665624123,1.1935851762723912,1.1961727509089803,1.3030744728213248,1.1949828018548165,1.3090697616571507,1.19602649892013,1.1979970729885534,1.1953012079956151,1.3067289685027987,1.1931351871003266,1.1961516465815887,1.1932489982746377
415,3.260065555728771,0.009073580082509103,0.017457667039707303,37.08460518627987,9.656881835224388e-06,1.3032517724949189,1.1935632855793243,1.1961523844232809,1.3030941576557653,1.1949617280817244,1.3090933856648013,1.1960060763441551,1.1979779432932274,1.1952802525823716,1.306751282331218,1.193113125466311,1.1961312672517022,1.193226923592929
416,3.260078947778079,0.009073673462474527,0.017425291996914893,37.08258020004528,9.462640158525439e-06,1.3032715749212058,1.1935418368306525,1.1961324265564917,1.3031134493739047,1.1949410783135501,1.3091165317161417,1.1959860636374962,1.197959195899723,1.1952597184676865,1.3067731471210808,1.1930915096814496,1.1961112968255312,1.1932052949193577
417,3.260092069869222,0.00907376494264428,0.017362416023388505,37.080630229175995,9.270398584850078e-06,1.3032909779623032,1.193520825431377,1.1961128731207171,1.30313235197395,1.1949208481769669,1.3091392047924462,1.1959664566028245,1.197940826899023,1.1952396013173967,1.3067945675001265,1.1930703350868528,1.196091731128648,1.1931841075994
418,3.2601049247908085,0.009073854542980351,0.017414208967238665,37.07869645173868,9.0801664837814e-06,1.3033099857010595,1.1935002467627556,1.1960937199115351,1.3031508694654148,1.1949010332768721,1.3091614099084188,1.1959472510101579,1.1979228324070863,1.195219896776411,1.3068155481103594,1.1930495970193813,1.196072565935442,1.193163356973316
419,3.260117515356951,0.009073942283546209,0.017349915986415,37.07679580654372,8.89195312696363e-06,1.3033286022441248,1.193480096189504,1.1960749627005198,1.3031690058831862,1.194881629200963,1.3091831520979433,1.1959284426161985,1.1979052084900865,1.1952006004689162,1.3068360936191818,1.1930292907896023,1.196053797013058,1.193143038354058
420,3.260129844396501,0.009074028184469857,0.01718354201875627,37.074945427938324,8.705767687650254e-06,1.3033468317367602,1.193460369053768,1.1960565972418353,1.303186765279484,1.1948626315153459,1.30920443641469,1.1959100271582694,1.1978879512014355,1.195181708001524,1.3068562087146562,1.1930094116853358,1.1960354201164887,1.193123147032567
421,3.260141914744563,0.009074112265965452,0.017647959000896662,37.07313545120309,8.521619240256925e-06,1.3033646783395665,1.1934410606837793,1.196038619272413,1.303204151720005,1.1948440357685868,1.3092252679313148,1.195892000359118,1.1978710565817674,1.195163214960054,1.3068758981063355,1.1929899549735936,1.1960174309764076,1.1931036782812159
422,3.260153729247842,0.009074194548360554,0.017399333999492228,37.07135463643912,8.33951675991914e-06,1.303382146232043,1.193422166377487,1.1960210245007206,1.3032211693000488,1.194825837485894,1.3092456517507516,1.1958743579149218,1.1978545206458329,1.195145116906589,1.3068951665279545,1.192970915902176,1.1959998252999047,1.1930846273508986
423,3.2601652907711336,0.009074275052031597,0.024334500019904226,37.06960481126665,8.159469122054934e-06,1.303399239614519,1.1934036814214672,1.1960038086240963,1.3032378221254333,1.1948080321788999,1.3092655929909476,1.1958570955064056,1.197838339392496,1.1951274093902389,1.3069140187269952,1.1929522897071658,1.1959825987878334,1.1930659894775881
424,3.260176602184697,0.009074353797449204,0.017592541000340134,37.067919432938126,7.98148510193211e-06,1.3034159626980855,1.1933856010807198,1.195986967326864,1.3032541143151415,1.1947906153355528,1.3092850967912868,1.1958402087932931,1.197822508817557,1.1951100879362369,1.3069324594834493,1.1929340716048875,1.1959657471130356,1.1930477598747808
425,3.2601876663728815,0.009074430805166862,0.017262124980334193,37.066259020845706,7.805573374240755e-06,1.3034323197296904,1.1933679206010581,1.195970496270782,1.3032700500099463,1.1947735824283847,1.309304168309009,1.1958236934250888,1.197807024891026,1.195093148056502,1.3069504935838914,1.1929162567806118,1.1959492659318414,1.1930299337369237
426,3.2601984862292634,0.009074506095794549,0.017498667002655566,37.06465559913239,7.631742512670284e-06,1.3034483149964118,1.193350635211643,1.1959543911019297,1.303285633362956,1.1947569289103586,1.3093228127194165,1.1958075450328312,1.1977918835601087,1.1950765852427465,1.306968125844935,1.192898840404064,1.1959331508874338,1.1930125062359453
427,3.260209064651762,0.009074579690047822,0.017375374969560653,37.0630556815873,7.460000989491658e-06,1.3034639527726832,1.1933337401211601,1.1959386474446332,1.303300868548472,1.19474065021683,1.3093410352252537,1.1957917592224476,1.1977770807657806,1.1950603949678023,1.3069853610934832,1.1928818176334965,1.195917397600315,1.1929954725349556
428,3.2602194045591033,0.009074651608746808,0.017491750011686236,37.06149355795633,7.290357175144428e-06,1.3034792373386386,1.1933172305220148,1.1959232609011377,1.3033157597642788,1.1947247417647202,1.309358841047313,1.1957763315830718,1.1977626124204357,1.1950445726839694,1.3070022041844813,1.1928651836123312,1.1959020016683084,1.1929788277728302
429,3.2602295088851583,0.009074721872756802,0.01721108303172514,37.05998509085761,7.122819337828752e-06,1.3034941730070182,1.1933011015890227,1.1959082270641954,1.303330311216272,1.1947091989532281,1.3093762354236507,1.1957612576888044,1.1977484744305298,1.195029113828849,1.3070186599908271,1.1928489334585963,1.1958869586844743,1.192962567072234
430,3.2602393805690024,0.009074790503047265,0.01741620898246765,37.05849424397028,6.95739564310249e-06,1.3035087641010026,1.1932853484755064,1.1958935415037295,1.303344527132911,1.1946940171630605,1.309393223614839,1.1957465330927106,1.197734662682543,1.1950140138188279,1.3070347334028127,1.1928330622819925,1.1958722642112243,1.192946685537793
431,3.260249022564572,0.00907485752066072,0.01775829104008153,37.05704219228002,6.794094153483115e-06,1.3035230149739754,1.1932699663213393,1.195879199774051,1.3033584117569221,1.194679191759299,1.3094098108971792,1.1957321533338947,1.19772117303786,1.1949992680567219,1.3070504293239782,1.1928175651634112,1.1958579138002028,1.192931178257425
432,3.2602584378351627,0.009074922946712024,0.017473499989137053,37.05563133008876,6.632922828054882e-06,1.3035369299806918,1.1932549502476646,1.195865197412135,1.3033719693501915,1.194664718088426,1.3094260025657136,1.195718113933863,1.1977080013541261,1.1949848719233989,1.3070657526861431,1.1928024371738375,1.195843902987601,1.1929160403003187
433,3.2602676293558353,0.009074986802354327,0.01751041697571054,37.054263801247586,6.473889522080773e-06,1.3035505135354424,1.19324029536021,1.1958515299447194,1.303385204183434,1.1946505914812804,1.3094418039289324,1.1957044103998484,1.1976951434670984,1.1949708207855647,1.3070807084380884,1.1927876733631935,1.195830227292863,1.1929012667179077
434,3.2602766001009544,0.009075049108852052,0.017498416011221707,37.052916248816786,6.317001986619794e-06,1.303563770033748,1.1932259967469847,1.1958381928722004,1.3033981205531242,1.1946368072521283,1.3094572203178285,1.1956910382211652,1.1976825951968566,1.1949571099937304,1.3070953015425875,1.1927732687691464,1.1958168822167428,1.1928868525474785
435,3.2602853530656937,0.00907510988753603,0.017343000043183565,37.05160666817531,6.162267868149073e-06,1.3035767038880084,1.1932120494789327,1.1958251816875893,1.3034107227624232,1.1946233606974617,1.309472257081821,1.195677992867441,1.1976703523582704,1.194943734881006,1.3071095369807213,1.1927592184122549,1.1958038632449361,1.1928727928118608
436,3.260293891255028,0.009075169159811979,0.017386124993208796,37.05031839131615,6.009694708191231e-06,1.303589319550405,1.193198448609789,1.1958124918597124,1.3034230151397237,1.1946102470983577,1.3094869195849128,1.1956652697962482,1.1976584107309916,1.1949306907628903,1.3071234197525041,1.1927455172945685,1.195791165843177,1.192859082511857
437,3.2603022176806395,0.00907522694715952,0.01732991699827835,37.04906046969143,5.859289942946873e-06,1.3036016214678183,1.1931851891800924,1.1958001188440444,1.3034350020261072,1.1945974617190347,1.3095012132119865,1.1956528644463544,1.1976467660921044,1.194917972941233,1.3071369548705591,1.1927321604024141,1.195778785465735,1.1928457166377038
438,3.260310335368201,0.009075283271118376,0.017314333003014326,37.047842872412076,5.71106090293203e-06,1.3036136141097345,1.193172266215609,1.1957880580822766,1.3034466877770552,1.194584999809149,1.3095151433603542,1.1956407722407871,1.1976354142022545,1.194905576698074,1.3071501473753373,1.1927191427133739,1.1957667175452242,1.1928326901624005
439,3.260318247349982,0.009075338153296907,0.01734637498157099,37.046661685839,5.565014812621025e-06,1.3036253019741117,1.1931596747253919,1.1957763049987382,1.3034580767649622,1.1945728566026732,1.3095287154435942,1.1956289885902034,1.1976243508011872,1.194893497303799,1.3071630023127025,1.1927064591837975,1.1957549575048887,1.1928199980420329
440,3.2603259566665708,0.009075391615380447,0.016995917016174644,37.04550450908967,5.421158790094231e-06,1.3036366895569464,1.1931474097030101,1.1957648550010331,1.3034691733796802,1.1945610273178704,1.3095419348923873,1.1956175088861651,1.1976135716200103,1.1948817300118788,1.3071755247500143,1.1926941047591115,1.1957435007503558,1.192807635220626
441,3.260333466372055,0.009075443679103257,0.017494000028818846,37.044396728262726,5.279499846691263e-06,1.3036477813985279,1.1931354661270865,1.1957537034855303,1.3034799820245053,1.1945495071573304,1.309554807149983,1.1956063285105722,1.1976030723678677,1.194870270062038,1.3071877197700634,1.1926820743620774,1.1957323426744872,1.192795596621713
442,3.2603407795236232,0.009075494366283934,0.0172852500109002,37.04327715490671,5.1400448866691386e-06,1.3036585820303552,1.1931238389596344,1.1957428458287624,1.3034905071205847,1.1945382913100175,1.309567337680619,1.1955954428237334,1.1975928487451992,1.1948591126746477,1.3071995924730062,1.1926703629110715,1.1957214786482266,1.1927838771618895
443,3.260347899192616,0.009075543698791927,0.01737795799272135,37.04222369828367,5.0028007068658985e-06,1.3036690960123318,1.1931125231529802,1.195732277396945,1.3035007530986533,1.1945273749490408,1.3095795319593864,1.19558484717402,1.1975828964393234,1.1948482530582314,1.3072111479744304,1.1926589653060862,1.195710904030705,1.192772471739454
444,3.2603548284573023,0.009075591698580616,0.017276917002163827,37.04116674603437,4.86777399636923e-06,1.3036793279017087,1.1931015136428667,1.195721993536836,1.303510724410149,1.1945167532338907,1.3095913954805107,1.1955745368951303,1.1975732111150876,1.1948376864047492,1.3072223914033734,1.1926478764371988,1.195700614168655,1.1927613752414599
445,3.2603615704085858,0.009075638387667603,0.017457125009968877,37.0401511645031,4.734971336190505e-06,1.3036892822743433,1.1930908053504181,1.195711989581,1.3035204255201835,1.1945064213093477,1.3096029337508939,1.1955645073037497,1.1975637884289843,1.194827407893519,1.3072333279031678,1.192637091177863,1.195690604394456,1.1927505825391365
446,3.2603681281480235,0.009075683788098362,0.017767583020031452,37.03917718312115,4.604399198944028e-06,1.3036989637477687,1.1930803931851044,1.1957022608548844,1.303529860904227,1.1944963743063814,1.3096141522872295,1.195554753705316,1.1975546240274142,1.1948174126892797,1.3072439626381522,1.1926266043841691,1.1956808700218196,1.1927400884901334
447,3.260374504774018,0.00907572792200644,0.017367124964948744,37.03820807612541,4.476063948531553e-06,1.3037083769419777,1.1930702720420565,1.1956928026612796,1.3035390350584244,1.1944866073423066,1.3096250566239307,1.1955452713915264,1.1975457135287022,1.1948076959437435,1.307254300779149,1.192616410901522,1.195671406355776,1.1927298879381762
448,3.2603807034022747,0.009075770811580017,0.01720462494995445,37.037278994135896,4.349971839832148e-06,1.3037175264779397,1.1930604368047566,1.195683610294887,1.3035479524887488,1.194477115521616,1.3096356523072374,1.1955360556406143,1.1975370525505322,1.1947982527941945,1.3072643475160346,1.19260650556558,1.1956622086845325,1.1927199757165043
449,3.2603867271552804,0.00907581247905565,0.01747625001007691,37.03639932615415,4.2261290183972806e-06,1.303726417013071,1.1930508823413317,1.195674679036825,1.3035566177144533,1.1944678939340652,1.3096459448957585,1.1955271017174338,1.1975286366942486,1.194789078364398,1.307274108053719,1.192596883191643,1.1956532722867013,1.1927103466425484
450,3.2603925791615334,0.009075852946736098,0.01727041695266962,37.03549344776403,4.1045415201513725e-06,1.3037350531999434,1.1930416035096296,1.195666004152471,1.3035650352711687,1.194458937657648,1.309655939964059,1.1955184048685845,1.1975204615494532,1.1947801677650913,1.3072835876092637,1.1925875385965092,1.1956445924212233,1.1927009955253685
451,3.260398262559765,0.00907589223698384,0.01745420799124986,37.034651397151976,3.985215271097538e-06,1.303743439719669,1.1930325951532548,1.195657580893357,1.3035732097110986,1.1944502417566325,1.3096656430973947,1.1955099603346293,1.1975125226815153,1.1947715160932357,1.3072927914131507,1.1925784665701757,1.195636164340713,1.1926919171574373
452,3.2604037804959596,0.00907593037220341,0.01725429098587483,37.03382587993075,3.868156087028814e-06,1.3037515812671385,1.1930238521053382,1.1956494044985873,1.303581145597125,1.1944418012834448,1.3096750598929208,1.1955017633409004,1.1975048156526709,1.1947631184344878,1.3073017247094785,1.1925696619001038,1.1956279832785466,1.1926831063220593
453,3.260409136121545,0.009075967374863419,0.017204541014507413,37.03303059066602,3.7533696732446904e-06,1.303759482538995,1.193015369187521,1.1956414701985631,1.3035888475016417,1.1944336112776677,1.309684195960521,1.195493809097568,1.1974973360149028,1.1947549698608735,1.3073103927557819,1.192561119361405,1.1956200444591292,1.1926745577920126
454,3.2604143325983097,0.009076003267485208,0.017569624993484467,37.03224414402895,3.640861624273034e-06,1.3037671482563373,1.1930071412089835,1.1956337732046878,1.3035963200179308,1.1944256667666708,1.3096930569218037,1.195486092804428,1.1974900792992151,1.1947470654323433,1.3073188008216399,1.1925528337168045,1.1956123430923058,1.1926662663265233
455,3.2604193730940807,0.00907603807262929,0.017268249997869134,37.031494261289744,3.5306374235974217e-06,1.3037745831609546,1.1929991629683172,1.1956263087198162,1.303603567749998,1.1944179627665235,1.3097016484087622,1.1954786096500711,1.1974830410246906,1.1947394001970963,1.3073269541906076,1.192544799716311,1.195604874377788,1.1926582266735246
456,3.2604242607813956,0.009076071812939242,0.017296375008299947,37.03074760879375,3.4227024433899053e-06,1.303781791981471,1.1929914292521804,1.1956190719316053,1.3036105953156392,1.1944104942814757,1.309709976066802,1.1954713548083047,1.197476216699887,1.1947319691908396,1.3073348581558017,1.1925370121018115,1.1955976335012364,1.1926504335723453
457,3.2604289988474746,0.009076104511084732,0.017673458030913025,37.03003426283356,3.317061944249127e-06,1.303788779480957,1.192983934837679,1.1956120580186649,1.3036174073437654,1.1944032563044318,1.30971804554977,1.1954643234422002,1.197469601819882,1.1947247674382235,1.307342518023822,1.1925294656039631,1.195590615636739,1.1926428817505483
458,3.260433590480551,0.009076136189784088,0.017464749980717897,37.029348021813945,3.21372107494399e-06,1.3037955504333274,1.1929766744910346,1.1956052621480115,1.3036240084756048,1.194396243816961,1.3097258625224781,1.1954575107034424,1.1974631918697307,1.1947177899522223,1.307349939113464,1.1925221549427916,1.195583815947556,1.1926355659257415
459,3.2604380388753067,0.009076166871802288,0.017431500018574297,37.02868443059906,3.1126848721626714e-06,1.303802109626364,1.1929696429681962,1.195598679474321,1.3036304033658332,1.1943894517898077,1.3097334326596115,1.1954509117324326,1.1974569823215602,1.1947110317353375,1.3073571267546784,1.1925150748283158,1.195577229586623,1.1926284808052083
460,3.260442347233547,0.00907619657995216,0.017415624985005707,37.02805140698081,3.013958260267153e-06,1.3038084618627113,1.1929628350160335,1.1955923051433015,1.3036365966800216,1.1943828751828591,1.3097407616444892,1.1954445216592924,1.1974509686351016,1.1947044877790634,1.3073640862900147,1.1925082199590433,1.1955708516929036,1.1926216210853153
461,3.260446518762305,0.00907622533709808,0.017784708994440734,37.027402325744475,2.9175460510532147e-06,1.3038146119406029,1.1929562453711753,1.1955861342862963,1.3036425930973468,1.1943765089461502,1.3097478551739699,1.1954383356003793,1.1974451462640643,1.1946981530641754,1.3073708230699794,1.1925015850291627,1.1955646773965727,1.1926149814573421
462,3.2604505566785074,0.009076253166148383,0.017235125007573515,37.026796978869555,2.8234529435159238e-06,1.3038205646793233,1.1929498687607276,1.1955801620260933,1.303648397308033,1.1943703480188557,1.3097547189514334,1.1954323486625948,1.1974395106451212,1.1946920225607052,1.307377342457979,1.1924951647221094,1.1955587018166132,1.192608556600258
463,3.2604544642041624,0.00907628009004969,0.017284209025092423,37.02622517858203,2.7316835236205906e-06,1.303826324913034,1.1929436999026368,1.195574383475579,1.303654014013332,1.1943643873302714,1.3097613586890071,1.1954265559431505,1.1974340572068525,1.1946860912286756,1.3073836498265685,1.1924889537116468,1.195552920061412,1.1926023411843023
464,3.2604582445660397,0.009076306131796842,0.017313959018792957,37.02563329987687,2.642242264079261e-06,1.3038318974886354,1.1929377335061888,1.1955687937324844,1.3036594479318544,1.1943586218004107,1.309767780108626,1.1954209525277795,1.1974287813604194,1.194680354018323,1.3073897505584304,1.1924829466617548,1.195547327227706,1.1925963298707694
465,3.260461900996512,0.009076331314419213,0.01721120800357312,37.02510252511389,2.5551335241327673e-06,1.303837287265631,1.192931964271937,1.1955633878899024,1.3036647037868125,1.1943530463393062,1.3097739889388882,1.195415533493928,1.1974236785109538,1.1946748058703602,1.3073956500467057,1.1924771382286037,1.1955419184035612,1.1925905173127438
466,3.2604654367334476,0.009076355660993156,0.01755258400226012,37.0245579431919,2.4703615493381744e-06,1.3038424991114288,1.1929263868920983,1.1955581610270225,1.303669786316993,1.1943476558481776,1.3097799909181418,1.1954102939085567,1.197418744050358,1.1946694417160773,1.307401353693045,1.1924715230594634,1.1955366886664052,1.1925848981552436
467,3.2604688550214167,0.009076379194628894,0.01831029198365286,37.024044573535384,2.387930471361959e-06,1.303847537903871,1.1929209960510327,1.1955531082159547,1.3036747002696032,1.1943424452193225,1.3097857917913005,1.1954052288290355,1.1974139733622258,1.1946642564774126,1.3074068669104364,1.1924660957961717,1.1955316330844268,1.1925794670356897
468,3.2604721591096926,0.009076401938472574,0.01733737497124821,37.02356890939571,2.3078443077785656e-06,1.303852408536287,1.1929157864254334,1.19554822451938,1.3036794504027018,1.194337409335607,1.3097913973103836,1.1954003333035301,1.1974093618209976,1.1946592450673383,1.3074121951203712,1.1924608510700931,1.195526746716671,1.192574218583313
469,3.260475352251263,0.009076423915703477,0.017385167011525482,37.02308922172335,2.2301069618746185e-06,1.303857115912258,1.1929107526843514,1.1955435049899417,1.3036840414851847,1.1943325430725262,1.3097968132348696,1.1953956023713441,1.1974049047903117,1.1946544023910315,1.3074173437517427,1.1924557835084688,1.195522024612984,1.1925691474213704
470,3.2604784377040223,0.009076445149547755,0.01741291704820469,37.022618147055596,2.154722222458688e-06,1.3038616649372892,1.1929058894894509,1.19553894467108,1.303688478297573,1.194327841296156,1.3098020453327088,1.1953910310612694,1.1974005976250852,1.1946497233442988,1.3074223182436058,1.1924508877298514,1.1955174618131437,1.1925642481652288
471,3.260481418733619,0.009076465663259009,0.017288582981564105,37.022183042026036,2.0816937636766182e-06,1.3038660605347114,1.192901191496559,1.1955345385988179,1.3036927656292376,1.1943232988656456,1.3098070993757167,1.1953866143953982,1.1973964356666071,1.1946452028153935,1.3074271240409625,1.192446158346708,1.1955130533500322,1.1925595154235908
472,3.26048429860819,0.009076485480127875,0.017296040954533964,37.0217368300057,2.011025144832475e-06,1.303870307633309,1.1928966533524663,1.1955302817987532,1.303696908280534,1.194318910631756,1.3098119811447069,1.1953823473851797,1.197392414249684,1.1946408356837066,1.3074317665986461,1.1924415899672134,1.1955087942461093,1.1925549437992746
473,3.260487080601545,0.00907650462347689,0.017492499959189445,37.0213271103525,1.942719810215019e-06,1.3038744111722647,1.1928922696989994,1.1955261692896864,1.3037009110616062,1.1943146714377904,1.309816696424962,1.1953782250352276,1.197388528699649,1.1946366168213545,1.3074362513786237,1.1924371771907263,1.1955046795157516,1.1925505278881652
474,3.260489767991713,0.009076523116656916,0.017491542035713792,37.02092166764745,1.8767810889299138e-06,1.3038783761032406,1.192888035171164,1.1955221960813507,1.303704778792448,1.19431057611989,1.3098212510078089,1.1953742423422773,1.1973847743320611,1.1946325410934018,1.307440583850273,1.1924329146101007,1.1955007041664898,1.1925462622801324
475,3.2604923640597425,0.00907654098304911,0.0174289169954136,37.02052537448891,1.8132121947373969e-06,1.3038822073900103,1.1928839443980073,1.1955183571750032,1.303708516303728,1.1943066195072773,1.3098256506894739,1.1953703942951779,1.197381146450063,1.194628603357104,1.3074447694901834,1.1924287968124323,1.1954968631988634,1.192542141559005
476,3.260494872091441,0.00907655824606013,0.01714633300434798,37.020164883477335,1.7520162258957028e-06,1.3038859100034832,1.1928799920034379,1.195514647566751,1.303712128432122,1.1943027964221704,1.3098299012709846,1.1953666758752906,1.1973776403539567,1.1946247984633966,1.3074488137822644,1.1924248183809365,1.1954931516034044,1.1925381603036294
477,3.260497295374929,0.00907657492912937,0.017550375021528453,37.01979546308158,1.6931961650100031e-06,1.3038894889208366,1.192876172605456,1.195511062243301,1.3037156200260938,1.194299101680642,1.3098340085587272,1.1953630820565437,1.1973742513331977,1.1946211212566422,1.3074527222161856,1.192420973891884,1.1954895643649452,1.1925343130875774
478,3.260499637204049,0.009076591055719688,0.017498415953014046,37.01944934421648,1.6367548788870986e-06,1.30389294912674,1.1928724808173583,1.1955075961860404,1.3037189959408044,1.1942955300922538,1.30983797836375,1.1953596078059625,1.1973709746706065,1.1946175665742889,1.3074565002880598,1.1924172579193868,1.1954860964607477,1.192530594480379
479,3.260501900875249,0.009076606649323679,0.017690166016109288,37.01909107921239,1.582695118395637e-06,1.3038962956160196,1.1928689112469613,1.195504244367365,1.3037222610424994,1.1942920764606721,1.3098418165017656,1.1953562480834572,1.1973678056373733,1.1946141292471628,1.3074601535008852,1.1924136650315664,1.1954827428598245,1.192526999046129
480,3.2605040896890802,0.009076621733456929,0.0173893750179559,37.01877506141401,1.5310195183320775e-06,1.3038995333920502,1.1928654584977372,1.195501001753889,1.3037254202040383,1.1942887355835532,1.3098455287916315,1.195352997842751,1.1973647394985794,1.1946108041008867,1.307463687361573,1.1924101897913228,1.1954794985271662,1.192523521344448
481,3.260506206949445,0.009076636331661368,0.01759775000391528,37.018450631765496,1.4817305972922726e-06,1.3039026674614584,1.1928621171689617,1.1954978633063564,1.3037284783068321,1.194285502253347,1.3098491210556757,1.1953498520314079,1.197361771512225,1.194607585955171,1.3074671073835946,1.1924068267580035,1.1954763584199068,1.1925201559310066
482,3.260508255963827,0.009076650467492162,0.01778416702290997,37.018141353360136,1.4348307575486811e-06,1.3039057028469425,1.1928588818551984,1.1954948239788294,1.3037314402398754,1.1942823712570356,1.3098525991203016,1.1953468055901737,1.1973588969289306,1.194604469624147,1.3074704190860114,1.1924035704879012,1.1954733174890118,1.1925168973577933
483,3.2605102400404,0.009076664164526797,0.017517791013233364,37.017854477012314,1.3903222849333505e-06,1.3039086445765582,1.192855747148147,1.195491878720077,1.3037343109003543,1.1942793373768634,1.3098559688134914,1.1953438534555005,1.1973561109910635,1.194601449917349,1.307473627992893,1.1924004155319228,1.1954703706807475,1.1925137401726271
484,3.260512162490397,0.009076677446368897,0.017481249989941716,37.017553470070276,1.3482073487264212e-06,1.303911497678584,1.1928527076351303,1.1954890224720507,1.3037370951931073,1.1942763953900946,1.3098592359679644,1.1953409905566366,1.197353408935319,1.1945985216388613,1.3074767396321167,1.192397356440243,1.1954675129353791,1.1925106789210407
485,3.260514026629712,0.009076690336634519,0.01724704197840765,37.01729443643807,1.3084880015504796e-06,1.303914267194263,1.1928497579006216,1.1954862501738044,1.303739798028742,1.194273540069486,1.3098624064171656,1.1953382118182512,1.1973507859924537,1.1945956795881716,1.3074797595370955,1.1923943877580123,1.1954647391872042,1.1925077081448383
486,3.260515835775188,0.009076702858959777,0.01718424999853596,37.01699863829522,1.271166179270472e-06,1.3039169581705057,1.192846892525812,1.1954835567564208,1.303742424327004,1.19427076618359,1.309865485998346,1.195335512159211,1.1973482373854045,1.1945929185603372,1.307482693245041,1.192391504028288,1.1954620443645323,1.1925048223832835
487,3.2605175932456647,0.00907671503700152,0.017398416996002197,37.01674468899228,1.2362437008993561e-06,1.3039195756555382,1.1928441060888657,1.195480937147087,1.3037449790132618,1.1942680684969413,1.309868480550028,1.1953328864940995,1.1973457583313398,1.1945902333460905,1.3074855462964792,1.1923886997923685,1.195459423391854,1.1925020161732527
488,3.2605193023639365,0.009076726894423874,0.01765533402794972,37.01648327262457,1.2037222685094684e-06,1.3039221247118165,1.1928413931658022,1.195478386268471,1.3037474670201734,1.194265441770591,1.3098713959115942,1.195330329733375,1.1973433440399912,1.19458761873265,1.3074883242356443,1.1923859695878287,1.1954568711894247,1.192499284048836
489,3.2605209664529804,0.009076738454906674,0.01738708303309977,37.01625049061299,1.1736034671495336e-06,1.303924610403724,1.192838748330293,1.1954758990397905,1.3037498932849727,1.1942628807618159,1.3098742379242474,1.1953278367822875,1.1973409897176892,1.1945850695031044,1.307491032611454,1.1923833079516275,1.1954543826722983,1.192496620542603
490,3.260522588836699,0.009076749742145923,0.017298374965321273,37.015989563551145,1.1458887647674477e-06,1.3039270378035952,1.1928361661533238,1.195473470373132,1.3037522627539357,1.1942603802246716,1.3098770124309969,1.1953254025423454,1.1973386905612433,1.1945825804370727,1.3074936769737207,1.1923807094183545,1.195451952751948,1.1924940201850815
491,3.2605241728436565,0.009076760779847252,0.017902166990097612,37.01575062405253,1.1205795121386967e-06,1.3039294119869267,1.192833641204745,1.1954710951790595,1.3037545803770956,1.1942579349101778,1.309879725275222,1.1953230219110274,1.1973364417661005,1.194580146311363,1.3074962628765114,1.1923781685204689,1.1954495763351174,1.1924914775054314
492,3.260525721800876,0.009076771591728068,0.018196333025116473,37.01551959996221,1.0976769428005576e-06,1.3039317380335038,1.192831168052963,1.1954687683638494,1.3037568511111484,1.194255539567101,1.3098823823001144,1.1953206897826627,1.1973342385201258,1.1945777619000542,1.3074987958752748,1.1923756797903342,1.195447248325865,1.1924889870319375
493,3.2605272390381295,0.009076782201513907,0.017462291987612844,37.015303427606,1.0771821729919393e-06,1.3039340210301842,1.1928287412649032,1.195466484830834,1.3037590799167984,1.1942531889409236,1.3098849893499376,1.1953184010473146,1.1973320760083088,1.1945754219737856,1.3075012815294393,1.1923732377590617,1.1954449636234759,1.1924865432914777
494,3.260528727886821,0.00907679263293906,0.01758800004608929,37.01506406635723,1.0590962015990181e-06,1.3039362660695573,1.1928263554066876,1.1954642394791906,1.3037612717617075,1.1942508777756429,1.3098875522683784,1.1953161505929144,1.197329949407954,1.194573121301624,1.307503725398729,1.1923708369560608,1.1954427171249808,1.1924841408102376
495,3.2605301916772804,0.00907680290974528,0.017475042026489973,37.01484613159081,1.04341991010651e-06,1.3039384782467809,1.1928240050434946,1.1954620272053267,1.3037634316178324,1.1942486008129674,1.309890076898971,1.1953139333041922,1.197327853893715,1.1945708546500766,1.3075061330450852,1.1923684719112988,1.1954405037244649,1.1924817741141123
496,3.2605316337428913,0.009076813055677507,0.017406208033207804,37.01462911808873,1.0301540625547597e-06,1.3039406626617538,1.1928216847401538,1.1954598429037406,1.3037655644609984,1.1942463527930776,1.3098925690847065,1.1953117440632666,1.1973257846368448,1.1945686167839191,1.3075085100321897,1.1923661371549703,1.1954383183132025,1.1924794377292152
497,3.260533057415803,0.009076823094487275,0.017579207953531295,37.01443089862987,1.0192993055024594e-06,1.3039428244188853,1.192819389061389,1.1954576814660793,1.3037676752718514,1.1942441284543701,1.30989503466751,1.1953095777496248,1.1973237368050864,1.1945664024663791,1.3075108619247313,1.1923638272158055,1.1954361557798872,1.1924771261812495
498,3.260534466029447,0.009076833049929697,0.017336374963633716,37.01421753890423,1.0108561679951475e-06,1.303944968624669,1.1928171125719012,1.1954555377815996,1.3037697690356638,1.1942419225344854,1.309897479488375,1.195307429241032,1.1973217055606762,1.1945642064592688,1.3075131942881795,1.1923615366244986,1.1954340110117703,1.1924748339965356
499,3.260535862917892,0.009076842945765667,0.01724087499314919,37.01399888011671,1.00482506153944e-06,1.3039471003884697,1.1928148498366598,1.1954534067378109,1.3037718507417178,1.194239729769769,1.3098999093869175,1.195305293412941,1.19731968606276,1.1945620235229737,1.3075155126883826,1.192359259911045,1.195431878893536,1.1924725557018971
500,3.2605372514151885,0.009076852805756982,0.01731033402029425,37.01379399185121,1.00120628008296e-06,1.3039492248228044,1.1928125954214146,1.195451283220441,1.303773925382633,1.1942375448960445,1.3099023302010464,1.195303165139519,1.1973176734666562,1.1945598484171642,1.3075178226920567,1.1923569916068506,1.1954297543080106,1.1924702858248037
