gamma,C
0.9118490139589253,13.834949366589315
