gamma,C
0.9709674125355107,2.9204291180294706
