gamma,C
0.9137668135170698,11.414518241931681
