gamma,C
0.9782006911266626,1.9804927112618524
