gamma,C
0.9247200473787398,3.3172973314167655
