gamma,C
0.9306324631879166,2.677216051074165
