gamma,C
0.7869660791250229,19.82623254115216
