gamma,C
0.7826567182289862,27.42388172166652
